# Blender 5.2.0 LTS
# www.blender.org
o right_lower_face
v -1.351500 20.353500 24.058500
v -1.127317 21.572918 25.363400
v 0.000000 39.511951 1.712933
v 0.000000 40.064999 0.000000
v 0.175000 64.890411 23.798746
v 0.925000 65.467361 24.615522
v 4.675000 64.890411 23.798746
v 3.925000 65.467361 24.615522
v -0.326696 1.711704 48.013561
v 0.189000 0.000000 47.803501
v 0.337538 3.096850 54.022083
v 0.704487 1.799373 54.432850
v 2.555344 1.790928 54.443375
v 0.337538 15.095939 53.874241
v 1.084148 15.705789 54.669968
v 3.904406 0.457093 54.869778
v 4.084121 0.457103 54.870537
v 4.082444 0.461987 55.266975
v 4.132378 0.626206 54.817410
v 4.293904 3.097057 54.038818
v 4.837498 3.468952 54.036537
v 4.832425 3.111860 55.240257
v 4.836477 3.397080 54.278809
v 4.084121 15.705945 54.682655
v 4.837498 15.096173 53.893276
v 0.645086 1.976938 66.741798
v 0.312747 10.381330 59.793678
v 0.314277 10.932849 59.425171
v 0.314791 11.583411 59.295765
v 0.314209 12.233974 59.425171
v 0.310434 10.012815 60.345196
v 0.307689 9.883410 60.995750
v 0.304931 10.012815 61.646305
v 0.302579 10.381329 62.197823
v 0.312622 12.785493 59.793678
v 0.310270 13.154006 60.345196
v 0.307512 13.283411 60.995750
v 0.304767 13.154006 61.646305
v 0.302454 12.785492 62.197823
v 0.300992 10.932849 62.566334
v 0.300410 11.583410 62.695736
v 0.300924 12.233973 62.566334
v 4.446968 1.842926 58.663574
v 4.062972 15.767547 59.682228
v 4.812707 10.381565 59.812714
v 4.814237 10.933084 59.444202
v 4.814750 11.583647 59.314800
v 4.814169 12.234208 59.444202
v 4.810393 10.013051 60.364231
v 4.807649 9.883646 61.014786
v 4.804891 10.013051 61.665340
v 4.802538 10.381564 62.216858
v 4.812582 12.785728 59.812714
v 4.810230 13.154242 60.364231
v 4.807472 13.283647 61.014786
v 4.804727 13.154242 61.665340
v 4.802413 12.785728 62.216858
v 4.800951 10.933084 62.585365
v 4.800370 11.583646 62.714771
v 4.800883 12.234208 62.585365
v 6.556342 11.565503 64.232941
v 4.933773 10.899465 65.871124
v 4.393060 2.056700 73.488312
v 7.421622 4.359385 65.676254
v 9.044190 5.025423 64.038071
v 10.062453 9.382609 66.818123
v 9.894733 9.705449 66.783257
v 9.787261 10.053020 66.818123
v 9.747356 10.401632 66.920334
v 9.755796 10.492160 66.965500
v 10.015865 9.472288 66.808441
v 10.278987 9.106500 66.920334
v 10.529581 8.895938 67.082932
v 9.777741 10.727532 67.082932
v 9.876345 11.008508 67.294830
v 10.797156 8.765272 67.294830
v 8.907016 8.229900 68.721115
v 9.174591 8.099236 68.933014
v 9.248569 8.087606 69.001556
v 9.440910 8.057370 69.179771
v 9.687830 8.107161 69.444580
v 9.898520 8.245212 69.709389
v 8.164696 9.386982 68.456306
v 8.272170 9.039413 68.421448
v 8.194549 9.290435 68.446625
v 8.318759 8.949736 68.431129
v 8.439888 8.716572 68.456306
v 8.135876 9.638758 68.530128
v 8.124791 9.735595 68.558517
v 8.146736 9.970967 68.675949
v 8.155176 10.061495 68.721115
v 8.656422 8.440463 68.558517
v 8.253779 10.342471 68.933014
v 8.413878 10.559374 69.179771
v 8.566044 10.659078 69.371025
v 8.624569 10.697426 69.444580
v 9.920816 11.068759 67.363373
v 10.036444 11.225411 67.541588
v 10.247134 11.363462 67.806396
v 10.494053 11.413253 68.071205
v 9.586368 10.422612 70.285477
v 9.655977 10.364122 70.330643
v 8.871488 10.747215 69.709389
v 9.137808 10.705350 69.956146
v 9.405383 10.574685 70.168045
v 10.058619 8.462115 69.956146
v 10.086009 8.540164 70.015007
v 10.157223 8.743091 70.168045
v 10.147703 9.417603 70.432854
v 9.872511 10.088013 70.432854
v 9.812363 10.164710 70.404465
v 9.946261 9.946054 70.448189
v 10.040231 9.765173 70.467720
v 9.993643 9.854852 70.458038
v 10.117849 9.514151 70.442543
v 10.187608 9.068990 70.330643
v 10.176523 9.165827 70.359039
v 13.876194 6.597104 72.979065
v 11.063476 8.723408 67.541588
v 11.310395 8.773197 67.806396
v 11.521086 8.911248 68.071205
v 11.636713 9.067901 68.249420
v 11.662794 10.431210 68.829529
v 10.760373 11.371387 68.317963
v 11.027948 11.240722 68.529861
v 11.278543 11.030160 68.692459
v 11.338691 10.953463 68.720848
v 11.495076 10.754050 68.794670
v 11.541665 10.664372 68.804352
v 11.568828 10.612088 68.809998
v 11.681185 9.128152 68.317963
v 11.779787 9.409128 68.529861
v 11.810173 9.735027 68.692459
v 11.770268 10.083640 68.794670
v 11.692648 10.334661 68.819847
v 13.010914 13.803222 71.535751
v 11.388346 13.137183 73.173935
v 15.498762 7.263143 71.340881
v 0.523190 69.308830 11.322545
v 0.175000 68.577393 12.379194
v 0.523190 71.517815 12.035752
v 4.305793 69.352982 11.258765
v 4.305793 71.695305 12.015021
v 4.675000 68.577393 12.379194
v 0.523190 92.930779 18.949274
v 4.305793 91.988243 18.566925
v 0.175000 74.789558 21.511862
v 0.175000 73.587479 22.009779
v 0.175000 73.218964 22.561298
v 0.175000 73.089561 23.211861
v 0.175000 73.218964 23.862423
v 0.175000 74.139000 21.641266
v 0.175000 75.440117 21.641266
v 0.175000 73.587479 24.413942
v 0.175000 74.139000 24.782455
v 0.175000 74.789558 24.911861
v 0.175000 75.440117 24.782455
v 0.925000 70.225510 26.151766
v 0.175000 75.991638 22.009779
v 0.175000 76.360153 22.561298
v 0.175000 76.489555 23.211861
v 0.175000 76.360153 23.862423
v 0.175000 75.991638 24.413942
v 4.675000 74.789558 21.511860
v 4.675000 73.587479 22.009779
v 4.675000 73.218964 22.561298
v 4.675000 73.089561 23.211861
v 4.675000 73.218964 23.862423
v 4.675000 74.139000 21.641266
v 4.675000 75.440117 21.641266
v 3.925000 70.225510 26.151766
v 4.675000 73.587479 24.413942
v 4.675000 74.139000 24.782455
v 4.675000 74.789558 24.911860
v 4.675000 75.440117 24.782455
v 4.675000 75.991638 22.009779
v 4.675000 76.360153 22.561298
v 4.675000 76.489555 23.211861
v 4.675000 76.360153 23.862423
v 4.675000 75.991638 24.413942
v 0.175000 97.171883 28.738356
v 4.675000 97.171883 28.738354
v 0.175000 95.601288 29.787792
v 0.175000 95.969803 29.236273
v 0.175000 96.521324 28.867760
v 0.175000 95.471886 30.438354
v 0.175000 95.601288 31.088917
v 0.175000 95.969803 31.640436
v 0.175000 96.521324 32.008949
v 0.175000 97.822441 28.867760
v 0.175000 98.373962 29.236273
v 0.175000 98.742477 29.787792
v 0.175000 98.871880 30.438354
v 0.175000 98.742477 31.088917
v 0.175000 97.171883 32.138355
v 0.175000 97.822441 32.008949
v 0.175000 98.373962 31.640436
v 0.925000 99.155029 35.492134
v 4.675000 95.601288 29.787792
v 4.675000 95.969803 29.236273
v 4.675000 96.521324 28.867760
v 4.675000 95.471886 30.438354
v 4.675000 95.601288 31.088917
v 4.675000 95.969803 31.640436
v 4.675000 96.521324 32.008949
v 4.675000 97.822441 28.867760
v 4.675000 98.373962 29.236273
v 4.675000 98.742477 29.787792
v 4.675000 98.871880 30.438354
v 4.675000 98.742477 31.088917
v 4.675000 97.171883 32.138355
v 4.675000 97.822441 32.008949
v 4.675000 98.373962 31.640436
v 3.925000 99.155029 35.492134
v 0.523190 108.570381 23.998774
v 0.175000 108.545822 25.283648
v 4.305793 108.571861 23.921217
v 4.675000 108.545822 25.283648
v 0.175000 104.858841 36.703197
v 0.925000 103.913177 37.028378
v 3.925000 103.913177 37.028378
v 4.675000 104.858841 36.703197
v 0.522829 118.732559 27.281139
v 0.175000 118.001884 28.336695
v 4.326503 118.733963 27.279112
v 4.675000 118.001884 28.336695
v 0.175000 123.011971 37.967278
v 0.175000 123.563492 37.598763
v 0.175000 124.214050 37.469357
v 0.175000 124.864609 37.598763
v 0.175000 125.416130 37.967278
v 4.675000 123.011971 37.967274
v 4.675000 123.563492 37.598763
v 4.675000 124.214050 37.469357
v 4.675000 124.864609 37.598763
v 4.675000 125.416130 37.967274
v 0.175000 114.314903 39.756245
v 0.925000 114.891846 40.573017
v 3.925000 114.891846 40.573017
v 4.675000 114.314903 39.756245
v 0.175000 122.643456 38.518795
v 0.175000 122.514053 39.169357
v 0.175000 122.643456 39.819920
v 0.175000 123.011971 40.371441
v 0.175000 123.563492 40.739952
v 0.175000 125.784645 38.518795
v 0.175000 125.914047 39.169357
v 0.175000 124.864609 40.739952
v 0.175000 125.784645 39.819920
v 0.175000 125.416130 40.371441
v 0.175000 124.214050 40.869358
v 0.925000 119.649994 42.109264
v 3.925000 119.649994 42.109264
v 4.675000 122.643456 38.518795
v 4.675000 122.514053 39.169357
v 4.675000 122.643456 39.819920
v 4.675000 123.011971 40.371437
v 4.675000 123.563492 40.739952
v 4.675000 125.784645 38.518795
v 4.675000 125.914047 39.169357
v 4.675000 124.864609 40.739952
v 4.675000 125.784645 39.819920
v 4.675000 125.416130 40.371437
v 4.675000 124.214050 40.869358
v 40.504501 16.551001 20.421000
v 39.628422 17.492376 21.680483
v 31.466999 40.064999 0.000000
v 31.600342 40.990150 1.538282
v 62.421608 24.493746 72.310959
v 58.491447 117.200005 22.418732
v 59.614498 116.390999 23.569500
v 0.564256 2.218558 83.491188
v 0.552948 2.252362 85.834473
v 0.201458 3.493211 86.190971
v 0.234229 10.234777 78.359764
v 0.231484 10.105372 79.010323
v 0.238072 11.154811 77.439743
v 0.236543 10.603292 77.808250
v 0.238586 11.805373 77.310341
v 0.238005 12.455935 77.439743
v 0.228726 10.234777 79.660881
v 0.226374 10.603291 80.212395
v 0.224787 11.154811 80.580902
v 0.224206 11.805372 80.710304
v 0.224719 12.455935 80.580902
v 0.236417 13.007455 77.808250
v 0.234066 13.375968 78.359764
v 0.231307 13.505373 79.010323
v 0.228562 13.375968 79.660881
v 0.226249 13.007454 80.212395
v 0.975984 16.020836 80.239403
v 0.201458 15.492299 86.043129
v 0.954835 16.082436 85.238976
v 4.356768 2.200620 83.468796
v 4.348126 2.234891 85.845428
v 4.701418 3.493445 86.209999
v 4.734189 10.235013 78.378792
v 4.731444 10.105608 79.029350
v 4.738032 11.155046 77.458771
v 4.736502 10.603527 77.827278
v 4.738545 11.805609 77.329369
v 4.737964 12.456170 77.458771
v 4.728686 10.235013 79.679909
v 4.726334 10.603526 80.231422
v 4.724747 11.155046 80.599930
v 4.724165 11.805608 80.729332
v 4.724679 12.456170 80.599930
v 4.736377 13.007690 77.827278
v 4.734025 13.376204 78.378792
v 4.731267 13.505609 79.029350
v 4.728522 13.376204 79.679909
v 4.726209 13.007689 80.231422
v 3.954808 16.082592 85.251671
v 4.701418 15.492534 86.062157
v 0.000000 0.550500 92.482498
v 0.000000 2.350363 92.460320
v 20.215500 0.550500 92.482498
v 19.699804 2.262204 92.692558
v 29.985817 11.829962 81.358902
v 29.799259 12.055448 82.834053
v 30.778500 10.605000 82.413002
v 30.778500 10.605000 82.413002
v 41.475246 19.931635 80.180511
v 42.028019 19.386318 81.317055
v 41.788368 20.016321 81.335823
v 41.788368 20.016321 81.335823
v 41.048756 21.052790 80.213913
v 41.361877 21.137478 81.369232
v 41.361877 21.137476 81.369232
v 41.379517 21.091105 81.367851
v 41.724327 20.667536 81.968391
v 42.004745 20.074844 82.134193
v 42.004745 20.074842 82.134193
v 41.995991 20.333820 82.441544
v 42.723003 19.375011 83.622322
v 41.935940 21.292738 83.487335
v 41.966270 21.213011 83.484962
v 41.966270 21.213011 83.484962
v 41.963326 21.300146 83.588371
v 42.801277 17.353573 81.256485
v 42.789978 17.383274 81.257370
v 43.427528 17.522949 83.567139
v 50.024265 24.547194 77.525162
v 50.450756 23.426039 77.491760
v 50.763874 23.510725 78.647072
v 50.763874 23.510725 78.647072
v 50.337387 24.631882 78.680481
v 50.360237 24.571815 78.678688
v 50.337387 24.631880 78.680481
v 47.257118 23.358212 82.101479
v 51.765488 20.877678 78.568619
v 51.776787 20.847977 78.567734
v 52.403038 21.017353 80.878387
v 51.050323 22.757706 78.624634
v 51.698513 22.869415 80.933571
v 51.022507 23.580675 79.601326
v 51.022507 23.580675 79.601334
v 51.020657 23.635342 79.666206
v 50.988575 24.584396 80.792542
v 50.988575 24.584396 80.792542
v 50.911449 24.787142 80.798584
v 50.911449 24.787142 80.798584
v 50.963638 24.801258 80.991135
v 50.982964 24.750458 80.989624
v 33.346500 50.113499 126.394501
v 32.636982 51.546982 125.568840
v 62.790787 58.731396 120.153442
v 59.880829 66.008987 118.550705
v 59.970184 66.558838 120.885162
v 0.175000 145.945816 44.825256
v 0.175000 145.394287 45.193771
v 0.175000 146.596375 44.695850
v 0.175000 147.246933 44.825256
v 0.175000 145.025772 45.745289
v 0.175000 144.896378 46.395851
v 0.175000 145.025772 47.046413
v 0.175000 145.394287 47.597935
v 0.175000 145.945816 47.966446
v 0.175000 147.246933 47.966446
v 0.175000 147.798462 45.193771
v 0.175000 148.166962 45.745289
v 0.175000 148.296371 46.395851
v 0.175000 148.166962 47.046413
v 0.175000 147.798462 47.597935
v 4.675000 145.945816 44.825256
v 4.675000 145.394287 45.193768
v 4.675000 146.596375 44.695850
v 4.675000 147.246933 44.825256
v 4.675000 145.025787 45.745289
v 4.675000 144.896378 46.395851
v 4.675000 145.025787 47.046413
v 4.675000 145.394287 47.597931
v 4.675000 145.945816 47.966446
v 4.675000 147.246933 47.966446
v 4.675000 147.798462 45.193768
v 4.675000 148.166977 45.745289
v 4.675000 148.296371 46.395851
v 4.675000 148.166977 47.046413
v 4.675000 147.798462 47.597931
v 0.175000 146.596375 48.095852
v 4.675000 146.596375 48.095852
v 0.521433 157.994751 39.962753
v 0.175000 157.970306 41.241146
v 4.327899 157.994797 39.960289
v 4.675000 157.970306 41.241146
v 0.175000 154.283325 52.660694
v 0.925000 153.337677 52.985874
v 4.675000 154.283325 52.660694
v 3.925000 153.337677 52.985874
v 0.000000 188.338501 47.872501
v 0.000000 188.338501 47.872501
v 0.000000 187.698990 49.555069
v 0.000000 187.785446 49.585434
v 0.175000 193.556519 53.086533
v 0.520351 194.334381 52.076778
v 4.675000 193.556519 53.086533
v 4.329144 194.335526 52.075298
v 0.175000 189.293152 64.303642
v 0.925000 189.827789 65.148727
v 0.175000 196.487854 62.441746
v 0.175000 197.039383 62.073231
v 0.175000 197.689941 61.943825
v 0.175000 198.340500 62.073231
v 0.175000 198.892029 62.441746
v 0.175000 196.119339 62.993263
v 0.175000 195.989944 63.643826
v 0.175000 196.119339 64.294388
v 0.175000 196.487854 64.845909
v 0.175000 197.039383 65.214424
v 0.175000 197.689941 65.343826
v 0.175000 199.260529 62.993263
v 0.175000 199.389938 63.643826
v 0.175000 199.260529 64.294388
v 0.175000 198.892029 64.845909
v 0.175000 198.340500 65.214424
v 0.925000 194.501587 66.925133
v 3.925000 189.827789 65.148727
v 4.675000 189.293152 64.303642
v 4.675000 196.487854 62.441742
v 4.675000 197.039383 62.073231
v 4.675000 197.689941 61.943825
v 4.675000 198.340500 62.073231
v 4.675000 198.892029 62.441742
v 3.925000 194.501587 66.925133
v 4.675000 196.119354 62.993263
v 4.675000 195.989944 63.643826
v 4.675000 196.119354 64.294388
v 4.675000 196.487854 64.845909
v 4.675000 197.039383 65.214417
v 4.675000 197.689941 65.343826
v 4.675000 199.260544 62.993263
v 4.675000 199.389938 63.643826
v 4.675000 199.260544 64.294388
v 4.675000 198.892029 64.845909
v 4.675000 198.340500 65.214417
v 0.175000 214.605835 69.327995
v 0.175000 214.237320 69.879517
v 0.175000 214.107925 70.530075
v 0.175000 214.237320 71.180634
v 0.175000 214.605835 71.732155
v 0.175000 215.157364 68.959480
v 0.175000 215.807922 68.830078
v 0.175000 216.458481 68.959480
v 0.175000 217.010010 69.327995
v 0.175000 215.157364 72.100670
v 0.175000 216.458481 72.100670
v 0.175000 217.378510 69.879517
v 0.175000 217.507919 70.530075
v 0.175000 217.378510 71.180634
v 0.175000 217.010010 71.732155
v 0.175000 215.807922 72.230072
v 4.675000 214.605835 69.327995
v 4.675000 214.237335 69.879517
v 4.675000 214.107925 70.530075
v 4.675000 214.237335 71.180634
v 4.675000 214.605835 71.732155
v 4.675000 215.157364 68.959480
v 4.675000 215.807922 68.830078
v 4.675000 216.458481 68.959480
v 4.675000 217.010010 69.327995
v 4.675000 215.157364 72.100670
v 4.675000 216.458481 72.100670
v 4.675000 217.378525 69.879517
v 4.675000 217.507919 70.530075
v 4.675000 217.378525 71.180634
v 4.675000 217.010010 71.732155
v 4.675000 215.807922 72.230072
v 0.520353 225.999252 64.111893
v 0.175000 225.910065 65.383408
v 0.000000 231.687424 65.801659
v 0.000000 233.274002 64.951500
v 0.000000 233.274002 64.951500
v 0.000000 232.634491 66.634064
v 4.329142 225.999390 64.110039
v 4.675000 225.910065 65.383408
v 0.175000 221.646698 76.600525
v 0.925000 220.685730 76.877159
v 3.925000 220.685730 76.877159
v 4.675000 221.646698 76.600525
v 30.000000 233.274002 64.951500
v 29.863813 232.060425 66.273880
v 0.175000 228.151642 87.193245
v 0.925000 228.000626 88.181778
v 0.175000 234.486877 92.435295
v 0.175000 235.038406 92.066780
v 0.175000 234.118362 92.986816
v 0.175000 233.988968 93.637375
v 0.175000 234.118362 94.287933
v 0.175000 234.486877 94.839455
v 0.175000 235.038406 95.207970
v 0.925000 230.362167 92.588943
v 3.925000 228.000626 88.181778
v 4.675000 228.151642 87.193245
v 3.925000 230.362167 92.588943
v 4.675000 234.486877 92.435295
v 4.675000 235.038406 92.066780
v 4.675000 234.118378 92.986816
v 4.675000 233.988968 93.637375
v 4.675000 234.118378 94.287933
v 4.675000 234.486877 94.839455
v 4.675000 235.038406 95.207970
v 0.175000 238.728851 81.525536
v 0.520802 239.980026 81.273575
v 0.520803 241.068863 83.305588
v 4.325385 239.993820 81.270798
v 4.675000 238.728851 81.525536
v 4.325385 241.094666 83.325211
v 0.175000 235.688965 91.937378
v 0.175000 236.339523 92.066780
v 0.175000 236.891052 92.435295
v 0.175000 237.259552 92.986816
v 0.175000 237.388962 93.637375
v 0.175000 237.259552 94.287933
v 0.175000 236.891052 94.839455
v 0.175000 235.688965 95.337372
v 0.175000 236.339523 95.207970
v 4.675000 235.688965 91.937378
v 4.675000 236.339523 92.066780
v 4.675000 236.891052 92.435295
v 4.675000 237.259567 92.986816
v 4.675000 237.388962 93.637375
v 4.675000 237.259567 94.287933
v 4.675000 236.891052 94.839455
v 4.675000 235.688965 95.337372
v 4.675000 236.339523 95.207970
v 0.520801 251.759644 103.256943
v 4.325387 251.684601 103.088371
v 0.175000 246.147110 112.798088
v 0.175000 246.797668 112.668686
v 0.175000 247.448227 112.798088
v 0.175000 245.595581 113.166603
v 0.175000 245.227066 113.718124
v 0.175000 245.097672 114.368683
v 0.175000 245.227066 115.019241
v 0.175000 247.999756 113.166603
v 0.175000 248.368256 113.718124
v 0.175000 248.497665 114.368683
v 0.175000 248.368256 115.019241
v 4.675000 246.147110 112.798088
v 4.675000 246.797668 112.668686
v 4.675000 247.448227 112.798088
v 4.675000 245.595581 113.166603
v 4.675000 245.227081 113.718124
v 4.675000 245.097672 114.368683
v 4.675000 245.227081 115.019241
v 4.675000 247.999756 113.166603
v 4.675000 248.368271 113.718124
v 4.675000 248.497665 114.368683
v 4.675000 248.368271 115.019241
v 0.175000 245.595581 115.570763
v 0.175000 246.147110 115.939278
v 0.175000 246.797668 116.068680
v 0.175000 247.448227 115.939278
v 0.175000 247.999756 115.570763
v 0.175000 247.988647 124.213432
v 0.925000 247.081924 123.791672
v 4.675000 245.595581 115.570763
v 4.675000 246.147110 115.939278
v 4.675000 246.797668 116.068680
v 4.675000 247.448227 115.939278
v 4.675000 247.999756 115.570763
v 3.925000 247.081924 123.791672
v 4.675000 247.988647 124.213432
v 0.520802 259.468597 117.643517
v 0.175000 258.565857 118.545723
v 4.325386 259.478546 117.633568
v 4.675000 258.565857 118.545723
v 1.799999 260.842010 130.966873
v 1.799999 261.270477 127.795692
v 1.799999 265.196625 128.326157
v 1.799999 267.391754 128.622742
v 1.799999 269.198456 128.866837
v 0.000000 267.757935 133.117157
v 0.000000 269.344513 132.266998
v 1.799999 267.058960 131.806839
v 1.799999 268.860962 131.364609
v 28.429405 263.004181 128.029938
v 28.299999 263.648895 128.117035
v 28.429405 264.293610 128.204147
v 28.797918 262.457642 127.956093
v 29.349438 262.092438 127.906746
v 28.797918 264.840149 128.277985
v 30.000000 261.964203 127.889420
v 30.650562 262.092438 127.906746
v 29.349438 265.205353 128.327332
v 29.482824 265.231659 128.330887
v 30.000000 265.314636 128.484863
v 30.510580 265.232941 128.331055
v 30.650562 265.205353 128.327332
v 28.429405 262.575714 131.201111
v 28.299999 263.220428 131.288223
v 28.429405 263.865143 131.375320
v 28.797918 262.029175 131.127274
v 29.349438 261.663971 131.077927
v 28.797918 264.411682 131.449173
v 29.349438 264.776886 131.498505
v 30.000000 261.535736 131.060608
v 30.650562 261.663971 131.077927
v 30.000000 264.905121 131.515839
v 30.650562 264.776886 131.498505
v 31.202082 262.457642 127.956093
v 31.570595 263.004181 128.029938
v 31.202082 264.840149 128.277985
v 31.700001 263.648895 128.117035
v 31.570595 264.293610 128.204147
v 31.202082 262.029175 131.127274
v 31.570595 262.575714 131.201111
v 31.202082 264.411682 131.449173
v 31.700001 263.220428 131.288223
v 31.570595 263.865143 131.375320
v 55.312630 251.523987 132.103516
v 55.710117 250.810837 133.050018
v 60.284332 251.257446 132.049728
v 60.215744 251.897110 131.888153
v 60.600101 250.690430 132.186691
v 60.003296 248.304260 133.584534
v 61.114983 250.282394 132.278214
v 61.750587 250.095444 132.310349
v 62.410152 250.158035 132.278214
v 58.200001 260.842010 130.966873
v 58.200001 261.270477 127.795692
v 58.200001 264.638428 128.250732
v 57.391293 265.269470 128.335999
v 58.200001 267.391754 128.622742
v 58.200001 269.198456 128.866837
v 58.200001 266.245087 130.159256
v 58.200001 267.130920 131.816559
v 58.200001 268.860962 131.364609
v 60.404781 252.512039 131.726593
v 60.822662 253.008621 131.589630
v 61.405773 253.311249 131.498108
v 62.065338 253.373840 131.465973
v 62.700943 253.186905 131.498108
v 61.457069 261.474365 129.413574
v 62.576302 262.633057 129.463547
v 59.565765 267.892731 133.238449
v 60.000000 269.344513 132.266998
v 61.563873 262.586792 133.772583
v 55.781315 251.552475 135.956024
v 60.391136 252.369888 136.408737
v 60.706905 251.802872 136.545700
v 61.221786 251.394836 136.637222
v 61.857391 251.207886 136.669357
v 62.516956 251.270477 136.637222
v 55.419434 252.636414 136.462524
v 60.322548 253.009552 136.247162
v 60.511585 253.624481 136.085602
v 60.929466 254.121048 135.948639
v 61.512577 254.423691 135.857117
v 62.172142 254.486282 135.824982
v 63.916500 23.506500 72.486000
v 63.275898 83.725777 40.722878
v 64.738503 83.321999 39.754501
v 81.229652 54.422813 84.851303
v 82.567497 53.224499 84.970497
v 65.238022 65.045090 118.572678
v 65.749237 64.124298 118.769989
v 65.323387 64.698479 118.651054
v 65.497757 64.384415 118.718346
v 65.449318 64.471657 118.699654
v 65.679382 64.196548 118.755646
v 65.247467 65.400635 118.488579
v 65.541824 66.042610 118.326103
v 65.615395 66.110023 118.307404
v 65.351089 65.740868 118.404472
v 66.060692 63.935852 118.802452
v 66.313622 63.860802 118.810448
v 66.410904 63.831932 118.813522
v 66.776001 63.819611 118.802452
v 65.806664 66.285301 118.258804
v 66.127579 66.452400 118.207161
v 66.482681 66.532516 118.174698
v 62.880142 59.281239 122.487900
v 65.587112 64.934265 121.052811
v 65.412743 65.248329 120.985512
v 65.327377 65.594933 120.907135
v 65.336823 65.950485 120.823036
v 65.440445 66.290718 120.738930
v 65.631180 66.592461 120.660561
v 65.838593 64.674141 121.104446
v 66.150047 64.485695 121.136909
v 66.500259 64.381783 121.147980
v 65.896027 66.835152 120.593262
v 66.216934 67.002251 120.541618
v 66.572037 67.082367 120.509155
v 67.032463 63.877472 118.779007
v 67.131104 63.899727 118.769989
v 67.452011 64.066826 118.718353
v 67.716858 64.309517 118.651047
v 66.847778 66.520195 118.163628
v 66.945061 66.491333 118.166702
v 67.197990 66.416275 118.174698
v 67.509445 66.227837 118.207161
v 67.760925 65.967712 118.258804
v 67.907593 64.611259 118.572678
v 68.011215 64.951492 118.488579
v 68.018036 65.208275 118.427834
v 67.935295 65.653648 118.326103
v 68.020660 65.307037 118.404472
v 66.865356 64.369453 121.136909
v 67.220459 64.449570 121.104446
v 67.541374 64.616676 121.052811
v 66.937134 67.070045 120.498085
v 67.287346 66.966125 120.509155
v 67.512283 66.830025 120.532600
v 67.598801 66.777679 120.541618
v 67.806213 64.859367 120.985512
v 67.859192 64.943184 120.963737
v 67.996948 65.161102 120.907135
v 68.024651 66.203499 120.660561
v 68.110016 65.856888 120.738930
v 68.100571 65.501343 120.823036
v 67.850281 66.517563 120.593262
v 73.959839 62.887627 118.746994
v 74.049194 63.437469 121.081451
v 92.249062 84.557426 114.914627
v 71.049881 70.165215 117.144257
v 71.139236 70.715065 119.478714
v 92.146698 85.529816 115.693382
v 92.335907 85.466354 118.686729
v 92.532875 84.462242 119.404663
v 102.799187 78.893883 114.127686
v 96.775330 88.438683 114.710800
v 96.859772 89.096542 114.719406
v 97.353142 87.274506 114.649597
v 96.948578 87.798874 114.686287
v 97.927429 86.945419 114.606316
v 98.584007 86.861710 114.563042
v 97.189041 89.672279 114.710800
v 97.713020 90.078262 114.686279
v 98.351936 90.252678 114.649597
v 99.222916 87.036118 114.526352
v 99.746902 87.442101 114.501839
v 100.076172 88.017845 114.493225
v 99.008514 90.168968 114.606316
v 99.582802 89.839874 114.563042
v 99.987366 89.315514 114.526352
v 100.160614 88.675697 114.501839
v 104.336700 78.543877 114.412544
v 105.536690 80.810692 114.381424
v 110.756294 90.670670 114.246025
v 104.548828 102.944817 114.526947
v 104.722076 102.305008 114.502434
v 104.633270 103.602676 114.535553
v 105.126640 101.780640 114.465744
v 105.700928 101.451553 114.422462
v 104.962540 104.178413 114.526947
v 105.486519 104.584396 114.502434
v 106.357506 101.367844 114.379189
v 106.125435 104.758812 114.465744
v 106.782013 104.675102 114.422462
v 106.130302 110.461220 114.586319
v 106.996414 101.542252 114.342499
v 107.520401 101.948235 114.317986
v 107.849670 102.523979 114.309372
v 107.356300 104.346008 114.379189
v 107.760864 103.821648 114.342499
v 107.934113 103.181831 114.317986
v 116.172028 100.901138 114.105545
v 116.680428 104.797676 113.799377
v 117.245064 104.265213 113.944298
v 97.059143 88.343498 119.200836
v 97.232391 87.703682 119.176315
v 97.636955 87.179321 119.139633
v 98.211243 86.850227 119.096352
v 98.867821 86.766518 119.053078
v 97.143585 89.001350 119.209442
v 97.472855 89.577095 119.200836
v 97.996841 89.983078 119.176315
v 98.635750 90.157486 119.139633
v 99.506737 86.940933 119.016388
v 99.972099 86.843178 117.782234
v 100.030716 87.346916 118.991875
v 100.359985 87.922653 118.983261
v 99.266090 88.712532 117.866493
v 99.292328 90.073776 119.096352
v 99.866615 89.744690 119.053078
v 100.271179 89.220322 119.016388
v 100.444427 88.580513 118.991875
v 102.899109 73.160667 118.569649
v 104.064003 71.788498 118.582497
v 103.083000 78.798698 118.617722
v 105.388382 78.282066 117.857841
v 107.251663 81.795624 117.819115
v 103.706078 88.262688 117.576302
v 103.000069 90.132042 117.660561
v 100.678528 87.155937 140.500076
v 100.769814 88.208229 141.655640
v 101.050476 87.297813 140.468979
v 101.021790 87.541054 141.625565
v 101.419228 86.357857 140.675995
v 101.871178 85.158478 145.652740
v 101.612900 85.835587 145.652740
v 101.502739 86.154945 145.792175
v 101.738571 85.495705 145.605179
v 101.357391 86.647957 146.303055
v 101.339134 86.749100 146.546173
v 101.415588 86.432030 146.013992
v 102.001694 84.846878 145.792175
v 102.034889 84.773346 145.853790
v 102.121216 84.582146 146.013992
v 102.221603 84.382309 146.303055
v 101.679161 86.222244 148.209686
v 101.809677 85.910645 148.349121
v 101.332115 86.788002 146.639679
v 101.341476 86.842628 147.000931
v 101.459251 86.686813 147.698807
v 101.384842 86.808113 147.362183
v 101.559639 86.486977 147.987869
v 101.531754 86.542488 147.907578
v 101.645966 86.295776 148.148071
v 102.296013 84.261009 146.639679
v 102.308060 84.251419 146.740021
v 102.339378 84.226494 147.000931
v 102.348740 84.281120 147.362183
v 102.323463 84.421165 147.698807
v 102.265259 84.637093 147.987869
v 102.241058 84.714058 148.049484
v 102.178116 84.914177 148.209686
v 102.147514 85.002884 148.248413
v 101.942284 85.573418 148.396683
v 102.033043 85.327942 148.362335
v 102.067955 85.233536 148.349121
v 100.674362 89.735252 152.219589
v 103.588486 79.878349 142.102829
v 105.824081 80.731102 141.915939
v 103.584320 82.457664 153.822342
v 105.819916 83.310417 153.635452
v 103.289032 87.071075 140.519684
v 103.372467 87.059906 141.466782
v 102.913696 88.274628 141.521530
v 104.503792 89.627739 141.449707
v 105.209801 87.758385 141.365448
v 103.848495 86.688339 145.465851
v 103.738335 87.007698 145.605286
v 103.714127 87.084663 145.666901
v 103.651192 87.284782 145.827103
v 103.635025 87.344757 145.907394
v 103.592987 87.500710 146.116165
v 103.585968 87.539604 146.209671
v 103.567711 87.640755 146.452789
v 104.106773 86.011230 145.465851
v 104.237289 85.699631 145.605286
v 104.356812 85.434898 145.827103
v 104.531609 85.113762 146.452789
v 104.457199 85.235062 146.116165
v 103.974167 86.348457 145.418289
v 103.577072 87.695381 146.814041
v 103.620438 87.660866 147.175293
v 103.694847 87.539558 147.511917
v 103.795235 87.339722 147.800980
v 104.574974 85.079239 146.814041
v 104.584335 85.133873 147.175293
v 104.559059 85.273918 147.511917
v 104.500862 85.489845 147.800980
v 104.517029 85.429863 147.720688
v 104.303551 86.086281 148.162231
v 104.413712 85.766922 148.022797
v 104.045273 86.763390 148.162231
v 104.082108 86.669716 148.175446
v 103.914757 87.074997 148.022797
v 104.177879 86.426163 148.209793
v 102.909958 90.588005 152.032700
v 104.832642 102.849632 119.016983
v 102.910736 105.616608 115.438789
v 105.410454 101.685455 118.955780
v 105.005890 102.209816 118.992462
v 104.917084 103.507484 119.025589
v 105.246353 104.083229 119.016983
v 105.770340 104.489212 118.992462
v 105.984741 101.356361 118.912498
v 106.641319 101.272652 118.869225
v 106.409248 104.663620 118.955780
v 105.272247 110.023438 115.382942
v 105.461456 109.959976 118.376289
v 106.414116 110.366035 119.076355
v 107.280235 101.447067 118.832535
v 107.804214 101.853050 118.808022
v 107.065826 104.579910 118.912498
v 107.640114 104.250824 118.869225
v 108.133484 102.428787 118.799408
v 108.217926 103.086647 118.808022
v 108.044678 103.726456 118.832535
v 115.399033 97.159058 117.649773
v 118.124046 103.497604 115.739807
v 118.572136 103.142548 117.583824
v 116.964241 104.702492 118.289413
v 121.843613 108.445160 118.853882
v 123.343498 107.765999 118.126503
v 92.575500 152.524506 59.146500
v 91.083153 152.733597 60.130966
v 88.945503 188.338501 47.872501
v 88.630424 187.507858 49.437988
v 62.993263 250.460678 132.186691
v 63.411144 250.957245 132.049728
v 63.531593 252.211838 131.726593
v 63.600182 251.572174 131.888153
v 63.215824 252.778854 131.589630
v 63.669281 264.459015 132.530457
v 70.152435 258.188782 130.407806
v 72.696098 243.628189 133.692642
v 73.210983 243.220139 133.784164
v 73.846588 243.033203 133.816299
v 74.506149 243.095795 133.784164
v 72.500778 245.449799 133.232544
v 72.311737 244.834854 133.394119
v 72.380325 244.195190 133.555679
v 72.918663 245.946365 133.095581
v 73.501770 246.248993 133.004059
v 74.796936 246.124649 133.004059
v 74.161331 246.311584 132.971924
v 75.089256 243.398422 133.692657
v 75.507141 243.894989 133.555679
v 75.311821 245.716599 133.095581
v 75.627594 245.149597 133.232559
v 75.696182 244.509918 133.394119
v 72.164001 257.008789 130.658539
v 63.100067 251.573120 136.545700
v 63.517948 252.069687 136.408737
v 62.807747 254.299347 135.857117
v 63.706985 252.684616 136.247162
v 63.638397 253.324280 136.085602
v 63.322628 253.891296 135.948639
v 71.643120 241.508316 135.033691
v 72.802895 244.740616 138.051666
v 72.487122 245.307632 137.914688
v 72.418533 245.947296 137.753128
v 72.607574 246.562225 137.591553
v 73.317780 244.332581 138.143173
v 73.025459 247.058807 137.454590
v 73.608566 247.361435 137.363068
v 73.953384 244.145630 138.175308
v 74.612946 244.208221 138.143173
v 74.268127 247.424026 137.330933
v 75.936302 239.001755 135.568207
v 76.007500 239.743393 138.474213
v 76.912636 238.912827 134.792725
v 77.019432 240.025253 139.151733
v 75.196053 244.510864 138.051651
v 75.613937 245.007431 137.914688
v 75.802979 245.622360 137.753128
v 74.903732 247.237091 137.363068
v 75.418617 246.829041 137.454590
v 75.734390 246.262024 137.591553
v 82.589874 231.061142 129.772949
v 82.351791 232.194977 129.303619
v 85.295395 227.312790 127.867668
v 83.644257 230.430984 132.509949
v 83.933365 231.249725 133.409119
v 89.805672 225.874695 124.976974
v 90.426636 225.932877 124.751152
v 90.998169 226.233810 124.600266
v 91.433258 226.731674 124.547279
v 91.665665 227.350662 124.600266
v 91.660011 227.996567 124.751152
v 91.417152 228.571014 124.976974
v 88.786728 226.483673 125.509712
v 88.543869 227.058121 125.735527
v 89.229813 226.068100 125.243340
v 90.811394 225.122849 129.348846
v 90.368309 225.538422 129.615219
v 90.125450 226.112869 129.841034
v 90.119789 226.758774 129.991913
v 88.538216 227.704025 125.886421
v 88.770622 228.323013 125.939400
v 89.205711 228.820877 125.886421
v 89.777245 229.121811 125.735535
v 90.398209 229.179993 125.509712
v 90.352203 227.377762 130.044907
v 90.787292 227.875626 129.991913
v 91.387253 224.929443 129.082474
v 92.008217 224.987625 128.856659
v 92.579750 225.288559 128.705765
v 93.014839 225.786423 128.652786
v 93.247246 226.405411 128.705765
v 93.241592 227.051315 128.856659
v 90.974068 228.986588 125.243340
v 91.979790 228.234741 129.615219
v 92.555649 228.041336 129.348846
v 92.998734 227.625763 129.082474
v 91.358826 228.176559 129.841034
v 83.057076 248.863205 132.102783
v 83.499718 250.359116 132.071381
v 83.880890 252.051910 134.395355
v 91.519684 239.726074 127.505791
v 93.003693 240.311905 127.460564
v 93.101257 238.780823 131.611298
v 83.163872 249.975632 136.461792
v 83.993340 252.551300 135.080948
v 89.067451 250.617310 136.951828
v 90.000000 251.828995 136.001999
v 101.704453 175.929932 82.964127
v 101.704453 175.929932 82.964127
v 102.734726 175.836777 82.355972
v 102.019020 174.990280 83.640976
v 101.075317 177.809204 81.610428
v 101.307358 177.636353 81.617210
v 102.158012 177.559433 81.115082
v 102.158012 177.559433 81.115082
v 101.127739 177.652603 81.723236
v 101.127762 177.652634 81.723267
v 101.158569 177.560516 81.789566
v 105.181625 175.615509 80.911591
v 103.049294 174.897110 83.032822
v 104.552490 177.494781 79.557892
v 108.958771 183.665955 86.077194
v 105.481598 183.980377 88.129730
v 105.534027 183.823776 88.242538
v 105.564850 183.731689 88.308868
v 105.534019 183.823776 88.242538
v 105.713638 183.807526 88.136513
v 106.564293 183.730606 87.634384
v 106.564293 183.730606 87.634384
v 106.110733 182.101105 89.483429
v 106.110733 182.101105 89.483421
v 106.110733 182.101105 89.483429
v 106.425301 181.161453 90.160278
v 107.140999 182.007935 88.875267
v 107.455574 181.068283 89.552124
v 109.587906 181.786682 87.430893
v 104.450470 200.774460 114.378372
v 105.078140 200.708832 113.299393
v 126.939003 200.651993 109.988998
v 125.536842 200.077454 110.960518
v 105.504852 200.144302 117.115372
v 106.659714 199.763580 117.404892
v 114.246033 208.239929 111.501556
v 114.015205 211.368942 112.727272
v 115.389984 209.475189 111.763275
v 117.453972 209.885818 114.800964
v 101.513496 208.851440 116.547340
v 101.270638 209.425888 116.773155
v 101.264984 210.071793 116.924049
v 102.532440 208.242462 116.014603
v 101.956581 208.435867 116.280968
v 102.852219 208.480652 120.878662
v 102.846558 209.126541 121.029549
v 101.497398 210.690781 116.977028
v 101.932487 211.188644 116.924042
v 102.504021 211.489578 116.773155
v 103.153404 208.300644 115.788780
v 103.724937 208.601578 115.637894
v 104.160027 209.099442 115.584908
v 104.386780 210.364319 115.788780
v 104.392441 209.718430 115.637894
v 104.114014 207.297211 120.120102
v 104.734978 207.355392 119.894279
v 105.306511 207.656326 119.743393
v 105.741600 208.154190 119.690414
v 105.725502 209.993530 120.120094
v 105.974014 208.773178 119.743393
v 105.968361 209.419083 119.894279
v 103.095070 207.906189 120.652840
v 103.538155 207.490616 120.386475
v 103.078972 209.745529 121.082527
v 103.514061 210.243393 121.029549
v 105.282417 210.409103 120.386467
v 103.124985 211.547760 116.547340
v 103.700844 211.354355 116.280968
v 104.143929 210.938782 116.014595
v 104.085594 210.544327 120.878654
v 104.706558 210.602509 120.652840
v 104.578911 224.367264 119.344017
v 95.477531 240.199234 130.267731
v 115.827606 207.294678 115.607056
v 20.093767 0.129408 91.230354
v 30.179934 9.730028 81.615410
v 26.970789 11.528494 80.044777
v 16.884623 1.927873 89.659721
v 20.231085 3.026980 94.267662
v 30.317251 12.627600 84.652718
v 27.108107 14.426065 83.082085
v 17.021940 4.825445 92.697029
v 31.287823 11.724536 81.915779
v 33.821110 50.698929 125.302696
v 30.820992 52.751762 123.633812
v 28.287708 13.777371 80.246895
v 28.515907 9.459338 84.112450
v 31.049192 48.433731 127.499367
v 28.049076 50.486565 125.830482
v 25.515793 11.512174 82.443565
v 19.617001 42.842999 142.132507
v 20.215500 0.550500 92.482498
v 30.778500 10.605000 82.413002
v 33.346500 50.113499 126.394501
v 43.960499 63.055500 165.889496
v 18.346378 44.023026 141.649750
v 18.771383 1.359809 91.775711
v 29.380125 11.472342 81.683434
v 32.129272 51.344376 125.901245
v 42.943111 64.525711 165.681137
v 74.478683 47.166058 84.629387
v 77.181290 46.692654 81.718758
v 71.340935 50.593449 81.158440
v 76.524094 63.541248 82.841621
v 75.662773 53.906284 90.810875
v 77.925774 55.620735 93.628586
v 76.129578 60.853474 91.887283
v 79.203697 58.653942 78.531868
v 81.207039 61.847916 79.867958
v 81.187149 62.751648 92.374420
v 82.983345 57.518909 94.115723
v 86.246384 57.878452 91.830269
v 86.265297 178.588287 47.875172
v 81.721313 179.243484 51.419594
v 79.126801 190.040344 49.589134
v 81.654823 192.937973 50.690456
v 79.126801 187.979721 55.010738
v 84.516167 194.371582 54.671986
v 88.721153 179.760117 50.806992
v 88.168808 193.028305 55.596008
v 90.138535 192.473129 57.022991
v 92.682678 189.544724 56.047375
v 82.152756 190.087494 57.786613
v 86.802803 188.642380 59.822666
v 61.016953 75.196861 38.211098
v 56.927746 75.020508 43.945843
v 60.194458 80.257454 43.058220
v 62.151539 73.755798 41.765823
v 58.178349 85.073265 43.593441
v 60.690258 94.338600 42.874794
v 62.990467 91.701988 36.759460
v 60.336170 86.063980 41.163166
v 66.988335 79.274956 47.552559
v 64.308731 84.162254 51.862324
v 63.118423 82.459534 39.353241
v 65.278473 87.778198 46.198673
v 62.900669 83.156410 38.781715
v 62.049072 83.828796 37.451912
v 62.342213 86.280441 37.236290
v 65.082420 93.233887 39.227139
v 63.261063 82.842140 39.465263
v 62.301888 93.992188 41.656776
v 62.328796 94.011902 41.688545
v 60.821625 90.296806 40.616074
v 60.905476 88.829903 39.720482
v 60.324947 88.030220 40.544926
v 59.725540 83.912209 40.833504
v 60.166531 83.931969 40.106785
v 61.466908 87.509941 38.565395
v 60.337303 83.928650 39.866436
v 64.938660 88.778236 45.389633
v 64.929398 88.755234 45.383221
v 63.130363 91.944283 43.353973
v 64.316673 89.009377 45.789391
v 63.684521 82.471893 40.268738
v 67.486404 81.096283 46.873211
v 63.156075 79.066780 40.475155
v 63.156395 79.146004 40.450901
v 63.186352 80.821770 39.975616
v 65.588570 82.498245 50.250046
v 68.469620 81.636604 48.540482
v 66.139732 83.500175 50.699638
v 68.221634 81.488029 48.086792
v 65.837257 84.406731 49.922367
v 65.299118 87.757080 46.235500
v 65.288116 87.752510 46.220798
v 65.634918 84.930367 49.432438
v 64.927582 87.809319 46.614101
v 64.631714 87.855423 46.884132
v 64.838737 87.820396 46.698650
v 64.373192 87.372368 44.997520
v 61.924839 82.859505 40.576771
v 63.176899 82.737656 39.471928
v 63.219265 82.849518 39.504135
v 63.667564 87.383186 45.333492
v 63.710773 87.380386 45.311920
v 60.366882 86.060669 41.136150
v 60.366772 85.988914 41.155437
v 60.401505 83.355431 41.916542
v 63.176174 82.884407 39.433346
v 61.850704 83.142433 40.568470
v 61.503922 83.199501 40.868244
v 63.131866 82.465675 39.373158
v 63.562374 82.579063 40.036858
v 63.094723 82.367859 39.343410
v 63.039314 82.552994 39.646290
v 63.551025 82.580605 40.049259
v 63.178440 82.425377 39.554024
v 62.909393 82.449074 39.792103
v 28.697491 227.926193 70.478203
v 29.102182 237.126129 74.257683
v 34.130653 224.341934 62.626415
v 36.658676 227.239563 63.727737
v 34.130653 222.281311 68.048019
v 34.919250 234.713440 72.433403
v 32.445343 237.553131 73.780952
v 29.102182 232.013824 76.997070
v 29.742577 233.629135 77.088120
v 0.800000 39.986084 8.381157
v 0.800000 183.501434 54.717415
v 6.800000 183.501434 54.717415
v 6.800000 39.986084 8.381157
v 0.800000 42.136826 1.719753
v 0.800000 185.652191 48.056007
v 6.800000 185.652191 48.056007
v 6.800000 42.136826 1.719753
v 0.800000 227.403320 70.933556
v 0.800000 261.112274 133.841888
v 6.800000 261.112274 133.841888
v 6.800000 227.403320 70.933556
v 0.800000 233.573364 67.627388
v 0.800000 267.282318 130.535736
v 6.800000 267.282318 130.535736
v 6.800000 233.573364 67.627388
v 0.800000 187.833145 56.238785
v 0.800000 228.094833 71.541374
v 6.800000 228.094833 71.541374
v 6.800000 187.833145 56.238785
v 0.800000 190.320114 49.695465
v 0.800000 230.581802 64.998055
v 6.800000 230.581802 64.998055
v 6.800000 190.320114 49.695465
v 0.978418 8.030235 50.208107
v 0.810567 8.519135 89.887535
v 6.810514 8.519447 89.912910
v 6.978365 8.030548 50.233482
v 6.978365 1.031079 50.319725
v 0.825234 1.476946 86.506645
v 6.825294 1.476928 86.505157
v 0.810567 4.660316 89.935081
v 0.826056 1.759473 86.308754
v 6.810514 4.646435 89.960632
v 6.826060 1.740203 86.320747
v 6.110252 8.198989 63.904270
v 6.923435 8.190543 63.218830
v 6.918739 8.204222 64.328941
v 6.920966 6.013885 63.829361
v 6.978365 6.768473 50.249031
v 6.973573 6.728503 51.382553
v 4.039291 5.651486 50.250362
v 1.865493 1.104041 56.241371
v 0.957246 1.092434 55.299408
v 0.978418 5.285694 50.241924
v 0.952193 5.253602 56.442871
v 6.923536 7.355086 63.205070
v 6.963358 6.641783 53.798649
v 6.961647 7.409054 54.193794
v 6.928956 2.906554 61.978420
v 3.488885 6.183568 50.241478
v 3.829415 5.571672 50.250458
v 6.102286 1.031033 50.316021
v 6.886304 1.110790 56.789112
v 6.950682 1.133613 56.863602
v 6.978365 1.388191 50.315323
v 6.949848 2.110652 57.048679
v 6.948820 3.124986 57.279430
v 6.977138 1.366919 50.605812
v 6.213542 1.075063 50.315948
v 2.519646 1.052637 52.069408
v 1.448344 1.066189 53.169338
v 2.534864 1.549618 52.190166
v 120.494392 197.208740 114.172424
v 86.260918 244.637390 138.280151
v 82.579659 244.385162 133.548920
v 116.813133 196.956512 109.441177
v 90.286797 249.260712 134.901245
v 86.605537 249.008484 130.170013
v 121.690819 201.700470 110.480118
v 120.839012 201.579834 106.062256
v 123.572617 203.144989 111.460854
v 121.521942 203.798599 109.911865
v 122.443314 204.063400 111.371979
v 121.330505 201.613510 106.693939
v 122.806747 203.050278 112.061806
v 119.586159 201.096588 107.062836
v 120.369591 201.040756 106.456238
v 119.566284 200.118225 107.130455
v 122.585587 199.610275 112.417282
v 122.671402 201.821732 112.232613
v 122.781944 201.829376 112.146194
v 121.620041 199.815842 110.641754
v 121.692711 199.897110 110.585060
v 121.683586 199.886642 110.592697
v 121.766594 201.707809 110.519791
v 121.725182 201.701019 110.453644
v 98.296516 77.734756 120.088547
v 115.214500 109.305435 119.688400
v 113.663536 110.063736 113.942139
v 96.745552 78.493057 114.342285
v 104.195290 74.548233 118.075928
v 102.644325 75.306534 112.329666
v 115.551880 109.043655 113.297852
v 117.201454 102.471619 111.985359
v 116.604416 101.357491 111.999481
v 119.572517 103.243706 117.712227
v 117.960342 107.822136 118.751541
v 116.800888 103.772591 118.530098
v 115.870255 108.879608 113.815620
v 115.519707 109.078140 114.658722
v 114.648415 108.714775 113.498299
v 112.754715 102.091751 113.135437
v 115.467033 108.710983 113.276848
v 120.029663 105.679825 115.195038
v 118.354462 104.623245 111.958084
v 117.735886 104.752129 112.142052
v 58.247807 262.247314 136.444214
v 83.954628 247.238373 139.644714
v 82.673470 244.001923 134.757599
v 56.966648 259.010864 131.557098
v 61.509769 266.983154 132.452820
v 87.216591 251.974213 135.653320
v 85.935432 248.737762 130.766205
v 60.228611 263.746704 127.565697
v 33.835613 23.198174 16.734406
v 37.644695 23.692596 15.617969
v 34.557980 27.127411 20.939081
v 36.761734 20.869574 25.729635
v 38.619183 24.575642 29.339561
v 42.708389 24.751987 23.604816
v 43.842976 23.310930 27.159542
v 59.696766 28.115753 67.818169
v 59.346260 34.241966 75.855377
v 61.704712 35.239353 74.708199
v 59.650288 27.999857 79.108627
v 62.484013 30.814573 79.326324
v 67.545067 31.338554 75.268517
v 64.842461 31.811958 78.179146
v 53.437767 117.453819 28.212605
v 60.347679 108.757866 28.411779
v 58.047470 111.394478 34.527111
v 62.685421 110.469749 31.169388
v 62.392048 125.453598 27.091484
v 57.848064 126.108795 30.635904
v 63.586662 122.277962 29.210022
v 80.999176 151.488220 55.624443
v 85.543159 150.833023 52.080021
v 87.019913 155.699081 59.034855
v 86.737778 147.657379 54.198559
v 86.895447 155.466156 58.949707
v 83.619148 160.519211 57.313866
v 88.163132 159.864014 53.769447
v 90.618988 161.035843 56.701267
v 86.464622 153.405624 63.913132
v 88.481201 157.109421 60.412403
v 88.504372 155.271744 57.592319
v 88.186325 156.567825 60.924305
v 87.978851 156.978394 60.544224
v 84.955208 150.544678 57.583256
v 86.717232 148.089691 54.929173
v 86.582054 150.934341 59.736637
v 88.567917 155.685684 57.921467
v 88.502533 155.417343 57.815758
v 88.499908 155.625916 58.135826
v 87.602356 154.333969 60.221119
v 88.448364 155.194992 57.728165
v 86.942978 155.507019 58.980766
v 87.072090 155.653915 59.119904
v 86.915085 155.437378 58.961151
v 87.004196 155.169495 59.158710
v 28.421093 37.285809 4.499839
v 29.143461 41.215042 8.704514
v 35.951431 23.501886 24.087709
v 32.230175 37.780231 3.383401
v 38.238045 20.957401 20.145868
v 35.281704 19.858973 20.189428
v 35.127430 19.837082 19.653383
v 38.967262 20.251497 18.606428
v 38.073132 21.035728 18.027184
v 38.454151 21.135742 18.652935
v 30.472479 38.267403 7.898232
v 38.860710 21.464855 17.278629
v 39.822914 22.810663 18.402445
v 36.165688 23.454662 20.762526
v 33.167500 36.277592 4.414337
v 34.129704 37.623402 5.538153
v 37.257774 23.781460 22.365667
v 40.915001 23.137459 20.005587
v 41.811127 22.347736 21.609735
v 61.198708 79.024376 36.187611
v 62.094833 78.234650 37.791759
v 57.541481 79.668373 38.547691
v 36.973228 20.040606 28.026443
v 58.573704 79.555542 45.258957
v 62.662907 79.731895 39.524212
v 63.797497 78.290833 43.078938
v 38.741932 19.612392 27.288319
v 39.199730 19.831104 25.959126
v 38.849926 20.121538 25.394545
v 41.798935 22.246201 22.879267
v 43.650459 22.780495 27.005953
v 39.726250 19.991861 27.127981
v 39.647205 21.100466 27.602631
v 39.692501 20.617294 27.392298
v 38.900700 20.884935 25.940859
v 38.881027 20.513016 25.667421
v 56.951828 27.442160 74.100464
v 31.821077 49.315044 118.417152
v 33.758743 46.320690 120.993835
v 35.308727 47.555573 121.263298
v 58.544518 26.638670 75.400200
v 57.689381 26.302393 75.081245
v 60.120560 25.960268 77.509010
v 58.068520 25.162354 78.124893
v 57.285141 26.140265 78.149445
v 58.864365 26.762903 77.674683
v 61.612617 32.269417 71.858788
v 34.972801 49.478233 122.626007
v 34.668777 55.720337 119.372757
v 37.806526 52.292946 122.843704
v 64.750366 28.842024 75.329735
v 63.513672 28.600113 74.747833
v 63.979736 28.076563 75.270531
v 61.823700 27.935545 74.117508
v 63.852444 28.729937 76.030777
v 63.176384 28.462997 76.378349
v 60.741089 27.050465 77.185059
v 60.647385 27.465893 77.138649
v 59.200607 31.249382 73.032013
v 65.040962 27.348583 73.592331
v 73.845039 54.583420 82.834625
v 76.982788 51.156029 86.305573
v 79.685394 50.682625 83.394943
v 64.089081 27.515322 74.617485
v 63.214474 28.485456 73.614777
v 62.129715 28.049889 76.272163
v 63.852444 28.729937 76.030777
v 62.491264 28.065628 76.605316
v 63.176365 28.462990 76.378357
v 62.491009 28.192776 76.584396
v 62.188747 31.144438 74.783676
v 66.364922 28.806673 74.109550
v 65.742401 29.861559 72.528511
v 78.383553 50.003624 80.990166
v 74.829895 51.286503 83.245331
v 79.006073 48.948738 82.571205
v 58.442261 88.122688 37.776318
v 62.086105 87.517181 35.385551
v 54.972401 110.516273 26.816200
v 58.616245 109.910767 24.425432
v 59.702839 110.781731 25.860960
v 63.172699 88.388145 36.821079
v 59.658451 113.205956 26.234747
v 57.358242 115.842567 32.350079
v 61.996193 114.917839 28.992355
v 61.379482 89.890511 45.051826
v 62.197380 88.952995 42.877365
v 63.028152 89.561790 43.858242
v 63.400719 89.054337 38.055302
v 65.280022 93.724876 39.364857
v 62.323437 94.045982 41.671928
v 61.661201 92.392754 41.206341
v 55.123096 123.121552 27.694666
v 59.667080 122.466354 24.150246
v 60.861698 119.290718 26.268784
v 88.268127 153.820267 55.021259
v 83.724144 154.475464 58.565681
v 86.243004 152.793976 57.939812
v 88.782158 152.453827 55.932835
v 87.139465 148.097717 54.632122
v 62.753666 119.450043 27.754036
v 59.739395 118.579773 31.430553
v 63.257839 117.878250 28.883316
v 89.174744 148.414169 56.272060
v 88.841820 148.318054 56.678127
v 81.951241 142.929520 55.405273
v 84.924477 141.959869 52.728237
v 86.328926 145.478088 53.723240
v 89.302383 148.016235 56.557957
v 88.943893 147.942413 56.965080
v 88.218399 145.241287 55.824909
v 88.006180 145.530457 56.322136
v 61.356785 79.366425 46.040989
v 64.910439 78.083542 43.785824
v 65.911324 79.680817 44.454372
v 75.443359 55.586586 81.765854
v 78.997017 54.303707 79.510689
v 79.997902 55.900978 80.179237
v 62.749393 86.794609 47.907684
v 78.083435 60.908886 86.796257
v 80.763039 56.021584 82.486504
v 82.766380 59.215553 83.822594
v 64.274643 86.243088 46.939152
v 63.663540 85.127304 46.437405
v 69.283730 81.975906 49.629322
v 66.159668 80.673851 45.450970
v 66.548157 82.896873 51.529446
v 65.282608 82.371147 49.842117
v 29.924910 56.119118 122.779915
v 37.239155 47.505684 118.629417
v 36.935127 53.747787 115.376167
v 40.072880 50.320396 118.847115
v 40.664391 58.611904 121.734505
v 42.460590 53.379166 123.475807
v 36.749702 48.425171 120.982460
v 37.452007 50.035721 121.937912
v 34.369339 51.025265 118.349319
v 74.419792 53.556644 84.643166
v 76.800156 50.956551 87.276306
v 77.502464 52.567101 88.231758
v 36.376534 51.423206 123.873871
v 36.843334 58.370396 124.950279
v 38.639534 53.137657 126.691582
v 79.483833 54.147793 87.595100
v 81.746834 55.862244 90.412811
v 79.950638 61.094982 88.671509
v 30.255835 227.295792 63.749111
v 30.255835 225.235168 69.170715
v 32.783855 230.193420 64.850433
v 83.001625 185.025864 53.888039
v 83.001625 187.086487 48.466434
v 85.529648 189.984116 49.567757
v 26.578976 232.650787 73.341866
v 29.281744 236.574783 70.034698
v 31.755651 233.735092 68.687149
v 86.693878 250.724747 133.743637
v 81.517204 249.640442 138.398346
v 84.219971 253.564438 135.091187
v 27.274063 234.928101 70.155655
v 27.274063 229.815796 72.895042
v 30.997114 234.237350 68.866562
v 54.349075 262.369446 133.647308
v 54.349075 267.481750 130.907913
v 58.072124 266.790985 129.618820
v 34.849113 229.677414 64.428925
v 35.815315 230.326736 66.055222
v 34.022381 227.076752 68.418037
v 84.495049 191.831177 50.044403
v 85.461250 192.480499 51.670696
v 83.668312 189.230515 54.033520
v 32.611626 235.197952 70.070129
v 34.223045 234.016388 69.985115
v 32.172668 231.039566 72.493996
v 58.224144 265.993164 127.540764
v 57.785187 261.834778 129.964630
v 59.835564 264.811584 127.455750
v 33.651264 229.128601 70.958687
v 34.127201 233.668747 69.371109
v 35.444199 232.378586 68.595871
v 86.058617 245.335571 133.018158
v 86.534554 249.875717 131.430573
v 87.851555 248.585556 130.655334
v 78.744667 60.642368 88.555359
v 80.540863 55.409630 90.296661
v 83.803902 55.769173 88.011208
v 98.129410 70.598785 117.798157
v 96.333214 75.831520 116.056854
v 101.392448 70.958328 115.512703
v 82.076225 60.096954 89.344345
v 85.784019 58.094002 88.079262
v 85.331200 56.525799 89.234985
v 97.710793 73.598686 113.790588
v 100.965767 70.027519 113.681229
v 101.418587 71.595726 112.525505
v 88.644287 155.116867 55.263813
v 84.100304 155.772064 58.808235
v 85.784142 183.335434 46.380806
v 81.240158 183.990631 49.925224
v 88.239998 184.507263 49.312626
v 89.439407 156.166122 58.340977
v 90.422318 155.965271 57.386436
v 91.059639 156.688293 58.069839
v 89.274902 159.413635 62.018490
v 92.034683 158.479431 58.162220
v 93.046539 159.089920 59.775742
v 86.799675 183.834503 54.330971
v 89.559456 182.900299 50.474701
v 90.571312 183.510788 52.088223
v 82.104218 187.164978 53.729942
v 84.467628 191.449066 50.615314
v 88.120270 190.105789 51.539341
v 85.444458 250.263535 132.254150
v 89.097099 248.920258 133.178162
v 83.081047 245.979446 135.368774
v 84.230400 187.808685 55.616989
v 87.566132 191.639435 52.817314
v 90.110275 188.711029 51.841698
v 118.108070 198.788254 111.004410
v 120.715630 201.782776 108.815887
v 120.827171 199.205536 109.258553
v 121.079681 198.748047 102.474319
v 121.417862 202.610596 108.162323
v 119.870186 201.493042 107.480858
v 117.458984 198.127441 103.932137
v 87.981400 186.988144 55.863091
v 91.753036 186.664429 53.620342
v 91.706825 188.630936 53.258785
v 123.526573 198.943542 105.281654
v 119.801147 197.300751 107.885963
v 119.840530 197.318115 107.858437
v 123.282494 198.835907 105.452286
v 119.841431 197.297287 107.862007
v 118.145332 196.764114 105.178825
v 116.044121 196.083115 101.743515
v 119.204330 195.649567 98.981476
v 120.955116 198.086639 101.546951
v 123.555115 197.729126 105.504936
v 123.283730 197.563477 105.703766
v 122.824120 196.734390 104.419205
v 122.735573 196.820282 104.897659
v 88.492668 187.379135 55.964291
v 89.387207 191.227844 53.180897
v 91.023224 190.285233 53.840397
v 89.430664 243.855591 134.357788
v 90.325203 247.704300 131.574402
v 91.961220 246.761688 132.233902
v 78.353600 248.662094 134.652084
v 83.032509 243.056931 131.312103
v 85.395920 247.341019 128.197479
v 81.056366 252.586090 131.344925
v 89.048561 245.997742 129.121490
v 86.589859 246.303986 140.324631
vn 0.5440 -0.8058 -0.2339
vn -0.0000 -0.9999 0.0123
vn 0.8312 -0.1464 -0.5364
vn 0.8281 -0.1376 -0.5434
vn 0.9007 -0.2181 -0.3759
vn 0.8076 -0.2916 -0.5125
vn 0.8427 -0.4552 -0.2875
vn 0.8074 -0.2920 -0.5127
vn -0.1245 -0.6775 -0.7249
vn 0.4404 -0.6805 0.5856
vn -0.4404 0.6805 -0.5856
vn 0.5410 -0.5909 0.5984
vn 0.3097 -0.9022 0.3002
vn 0.8572 -0.0736 -0.5097
vn 0.5751 0.6605 -0.4827
vn 0.7996 -0.1594 -0.5789
vn 0.7834 -0.1130 -0.6111
vn 0.4075 0.7386 -0.5370
vn 0.4660 0.6766 -0.5702
vn -0.0000 0.3072 -0.9516
vn -0.0000 0.8814 -0.4723
vn -0.0000 0.3553 -0.9348
vn -0.5974 -0.0272 0.8015
vn -0.5481 0.8025 0.2358
vn 0.0046 0.9999 -0.0144
vn -0.8435 0.1531 0.5148
vn -0.8452 0.1584 0.5105
vn -0.9015 0.2137 0.3763
vn -0.8048 0.2883 0.5189
vn -0.8437 0.4506 0.2918
vn -0.8083 0.2826 0.5165
vn 0.1331 0.6708 0.7296
vn -0.4312 0.6839 -0.5885
vn 0.4312 -0.6839 0.5886
vn 0.4312 -0.6839 0.5885
vn -0.5386 0.5904 -0.6011
vn -0.3076 0.9018 -0.3034
vn -0.8621 0.0924 0.4983
vn -0.5752 -0.6621 0.4803
vn -0.5752 -0.6621 0.4804
vn -0.8215 0.1787 0.5415
vn -0.8049 0.1218 0.5808
vn -0.4074 -0.7398 0.5355
vn -0.4676 -0.6762 0.5693
vn 0.0196 -0.3072 0.9514
vn 0.0005 -0.3074 0.9516
vn 0.0006 -0.3074 0.9516
vn 0.0036 -0.8814 0.4723
vn 0.0010 -0.8817 0.4718
vn 0.0005 -0.3553 0.9348
vn 0.0035 -0.3494 0.9370
vn 0.8167 -0.1344 -0.5613
vn 0.6363 0.0978 0.7652
vn 0.5433 0.5507 -0.6337
vn -0.0000 -0.1218 0.9926
vn -1.0000 0.0001 0.0073
vn -0.5444 -0.7621 0.3505
vn 0.3539 -0.1974 0.9142
vn 0.1958 0.8850 -0.4225
vn -0.0223 -0.8082 0.5885
vn -0.6564 0.6703 -0.3462
vn -0.9119 -0.2767 0.3032
vn 0.0350 -0.6388 -0.7686
vn 0.0848 0.0813 0.9931
vn 0.5510 -0.7593 0.3463
vn 0.5709 -0.0052 0.8210
vn 0.4626 -0.4068 0.7877
vn 0.1926 0.5093 0.8388
vn -1.0000 -0.0000 -0.0000
vn -0.0000 0.8834 0.4687
vn 0.0430 -0.8578 0.5122
vn -0.0000 0.5561 0.8311
vn -0.0000 -0.7368 -0.6762
vn -0.0000 0.7368 0.6762
vn -0.0000 -0.8834 -0.4687
vn 0.6247 -0.2399 0.7431
vn -0.0000 -0.8168 0.5770
vn -0.6247 -0.2399 0.7431
vn -0.0000 -0.3072 0.9516
vn -0.0000 0.9998 0.0191
vn 1.0000 -0.0000 -0.0000
vn -0.0000 -0.8222 -0.5692
vn 0.9622 0.0837 -0.2591
vn 0.9622 0.0837 -0.2592
vn -0.9622 0.0837 -0.2592
vn -0.0000 0.3252 0.9457
vn -0.0000 -0.9516 -0.3072
vn -0.0000 0.9516 0.3072
vn -0.9622 0.0837 -0.2591
vn -0.0000 0.1951 -0.9808
vn -0.0000 0.5556 -0.8315
vn -0.0000 0.8315 -0.5556
vn -0.0000 0.9808 -0.1951
vn -0.0000 0.9808 0.1951
vn -0.0000 0.8315 0.5556
vn -0.0000 0.5556 0.8315
vn -0.0000 0.1951 0.9808
vn -0.0000 -0.1951 0.9808
vn -0.0000 -0.5556 0.8315
vn -0.0000 -0.8315 0.5556
vn -0.0000 -0.9808 0.1951
vn -0.0000 -0.9808 -0.1951
vn -0.0000 -0.8315 -0.5556
vn -0.0000 -0.5556 -0.8315
vn -0.0000 -0.1951 -0.9808
vn -0.0000 -0.8168 0.5769
vn -0.0000 0.8315 -0.5555
vn -0.0000 0.8315 0.5555
vn -0.0000 -0.8315 0.5555
vn -0.0000 -0.8315 -0.5555
vn -0.6247 -0.6883 0.3688
vn -0.0000 0.4723 0.8814
vn 0.6247 -0.6883 0.3688
vn -0.0000 -0.4723 -0.8814
vn -0.9622 0.2400 -0.1286
vn -0.0000 0.7069 0.7073
vn -0.0000 -0.1974 -0.9803
vn -0.0000 -0.9885 -0.1510
vn -0.0000 -0.8814 0.4723
vn 0.9622 0.2400 -0.1286
vn -0.0000 -0.4217 0.9067
vn -0.0000 0.9808 -0.1952
vn -0.0000 0.9808 0.1952
vn -0.0000 -0.9808 -0.1952
vn -0.0000 0.8314 -0.5556
vn -0.0000 0.8314 0.5556
vn -0.0000 -0.9808 0.1952
vn -0.0000 -0.5555 -0.8315
vn -0.0000 -0.9348 -0.3553
vn 0.6247 -0.2774 0.7299
vn -0.0000 -0.3553 0.9348
vn -0.0000 -0.7922 -0.6103
vn -0.6247 -0.2774 0.7299
vn -0.0000 0.2766 0.9610
vn -0.0000 0.9348 0.3553
vn -0.9622 0.0968 -0.2546
vn -0.0000 -0.8451 0.5347
vn -0.0000 0.9975 0.0700
vn 0.9622 0.0968 -0.2546
vn -0.0000 0.5555 -0.8315
vn -0.0042 0.0123 0.9999
vn -0.0040 -0.2772 0.9608
vn -0.9622 -0.2724 -0.0007
vn 1.0000 0.0001 0.0042
vn 0.0040 -0.3008 -0.9537
vn -1.0000 -0.0001 -0.0042
vn 0.9622 -0.2723 0.0074
vn 0.9622 -0.2722 0.0074
vn -0.0025 0.8073 0.5901
vn -0.6247 0.7808 -0.0123
vn 0.0025 0.7926 -0.6098
vn 0.0042 -0.0123 -0.9999
vn 0.6247 0.7808 -0.0070
vn -0.0000 0.9999 -0.0123
vn 0.0041 0.1951 -0.9808
vn 0.0035 0.5556 -0.8315
vn 0.0023 0.8315 -0.5556
vn 0.0008 0.9808 -0.1951
vn -0.0009 0.9808 0.1951
vn -0.0024 0.8315 0.5556
vn -0.0035 0.5556 0.8315
vn -0.0042 0.1951 0.9808
vn -0.0041 -0.1951 0.9808
vn -0.0035 -0.5556 0.8315
vn -0.0023 -0.8315 0.5556
vn -0.0008 -0.9808 0.1951
vn 0.0009 -0.9808 -0.1951
vn 0.0024 -0.8315 -0.5556
vn 0.0035 -0.5556 -0.8315
vn 0.0042 -0.1951 -0.9808
vn 0.3515 -0.2101 0.9123
vn 0.3514 -0.2101 0.9123
vn -0.8161 -0.3589 -0.4529
vn -0.2865 -0.9519 -0.1087
vn 0.5411 -0.7497 -0.3811
vn -0.5411 0.7497 0.3811
vn -0.8161 -0.3588 -0.4530
vn -0.7640 -0.6276 0.1498
vn -0.3515 0.2101 -0.9123
vn -0.3514 0.2100 -0.9123
vn 0.5181 -0.0597 0.8532
vn -0.9359 -0.0523 0.3485
vn -0.1659 0.3491 -0.9223
vn -0.3375 0.8806 0.3327
vn 0.7118 -0.5731 -0.4061
vn -0.1659 0.3490 -0.9223
vn -0.3770 -0.6213 0.6869
vn 0.8682 -0.2916 -0.4016
vn 0.9362 0.0878 -0.3404
vn 0.8616 0.4537 -0.2275
vn 0.6559 0.7506 -0.0799
vn 0.3504 0.9332 0.0799
vn -0.0085 0.9737 0.2275
vn -0.3661 0.8661 0.3404
vn -0.6680 0.6265 0.4016
vn -0.8682 0.2916 0.4016
vn -0.9362 -0.0877 0.3404
vn -0.8616 -0.4537 0.2275
vn -0.6559 -0.7506 0.0799
vn -0.3504 -0.9332 -0.0799
vn 0.0085 -0.9737 -0.2275
vn 0.3661 -0.8661 -0.3404
vn 0.6680 -0.6265 -0.4016
vn 0.9362 0.0877 -0.3404
vn -0.3661 0.8661 0.3405
vn 0.0631 -0.0211 0.9978
vn 0.0631 -0.0212 0.9978
vn -0.6471 0.3553 0.6745
vn -0.8792 0.4720 0.0656
vn -0.7259 0.3818 -0.5721
vn 0.4723 0.8814 -0.0112
vn -0.0631 0.0212 -0.9978
vn -0.0631 0.0211 -0.9978
vn -0.9867 -0.1512 0.0592
vn -0.4723 -0.8814 0.0112
vn 0.1597 -0.0980 -0.9823
vn 0.6896 0.7236 -0.0282
vn -0.4200 0.9064 0.0458
vn 0.2818 -0.1390 0.9494
vn -0.2208 -0.9753 -0.0067
vn 0.9899 -0.1262 -0.0652
vn 0.9632 0.2629 -0.0553
vn 0.7899 0.6121 -0.0370
vn 0.4964 0.8680 -0.0130
vn 0.1273 0.9918 0.0130
vn -0.2612 0.9646 0.0370
vn -0.6099 0.7905 0.0553
vn -0.8658 0.4961 0.0652
vn -0.9899 0.1262 0.0652
vn -0.9632 -0.2629 0.0553
vn -0.7900 -0.6120 0.0370
vn -0.4964 -0.8680 0.0130
vn -0.1273 -0.9918 -0.0130
vn 0.2612 -0.9646 -0.0370
vn 0.6099 -0.7905 -0.0553
vn 0.8658 -0.4961 -0.0652
vn -0.7900 -0.6121 0.0370
vn 0.0237 0.2472 0.9687
vn 0.0238 0.2472 0.9687
vn 0.1413 0.4320 0.8907
vn 0.1055 -0.9641 0.2435
vn -0.8586 0.5013 -0.1069
vn 0.0952 -0.0490 -0.9943
vn 0.8586 -0.5013 0.1069
vn 0.0951 -0.0491 -0.9943
vn -0.0237 -0.2472 -0.9687
vn -0.0237 -0.2471 -0.9687
vn -0.0238 -0.2473 -0.9686
vn 0.9580 -0.2825 0.0486
vn -0.7067 0.6895 -0.1586
vn -0.3850 -0.4931 0.7802
vn -0.4146 -0.8019 -0.4301
vn -0.4147 -0.8019 -0.4301
vn -0.9248 -0.3626 0.1152
vn -0.5120 -0.8292 0.2242
vn -0.1034 0.9644 -0.2436
vn -0.4761 0.8548 -0.2065
vn -0.7762 0.6152 -0.1380
vn -0.9582 0.2818 -0.0485
vn -0.9944 -0.0944 0.0485
vn -0.8791 -0.4562 0.1380
vn -0.6300 -0.7486 0.2065
vn -0.2850 -0.9271 0.2436
vn 0.1034 -0.9644 0.2436
vn 0.4761 -0.8548 0.2065
vn 0.7762 -0.6152 0.1380
vn 0.9582 -0.2819 0.0484
vn 0.9944 0.0944 -0.0485
vn 0.8791 0.4562 -0.1380
vn 0.6300 0.7487 -0.2065
vn 0.2850 0.9271 -0.2436
vn -0.8791 -0.4563 0.1380
vn 0.9582 -0.2819 0.0485
vn 0.6300 0.7486 -0.2065
vn -0.0000 0.9910 0.1339
vn -0.0000 -0.9910 -0.1339
vn -0.0000 0.1339 -0.9910
vn -0.0000 -0.1339 0.9910
vn -0.1951 -0.9720 -0.1313
vn -0.5556 -0.8240 -0.1113
vn -0.8315 -0.5506 -0.0744
vn -0.9808 -0.1933 -0.0261
vn -0.9808 0.1933 0.0261
vn -0.8315 0.5506 0.0744
vn -0.5556 0.8240 0.1113
vn -0.1951 0.9720 0.1313
vn 0.1951 0.9720 0.1313
vn 0.5556 0.8240 0.1113
vn 0.8315 0.5506 0.0744
vn 0.9808 0.1933 0.0261
vn 0.9808 -0.1933 -0.0261
vn 0.8315 -0.5506 -0.0744
vn 0.5556 -0.8240 -0.1113
vn 0.1951 -0.9720 -0.1313
vn 0.9315 0.3553 -0.0779
vn -0.9315 -0.3554 0.0779
vn -0.9315 -0.3553 0.0779
vn 0.3637 -0.9097 0.2003
vn 0.0003 -0.2149 -0.9766
vn -0.3638 0.9097 -0.2004
vn -0.0003 0.2149 0.9766
vn -0.1186 0.0944 -0.9884
vn -0.2036 0.3319 -0.9211
vn -0.2747 0.5468 -0.7909
vn -0.3271 0.7243 -0.6069
vn -0.3571 0.8526 -0.3815
vn -0.3628 0.9227 -0.1302
vn -0.3439 0.9300 0.1301
vn -0.3014 0.8738 0.3815
vn -0.2385 0.7581 0.6069
vn -0.1593 0.5908 0.7909
vn -0.0692 0.3832 0.9211
vn 0.0256 0.1495 0.9884
vn 0.1187 -0.0944 0.9884
vn 0.2036 -0.3319 0.9211
vn 0.3251 -0.6856 0.6514
vn 0.9316 0.3551 -0.0778
vn -0.9315 -0.3553 0.0778
vn 0.3571 -0.8526 0.3816
vn 0.9315 0.3552 -0.0779
vn 0.3629 -0.9227 0.1301
vn 0.3439 -0.9300 -0.1301
vn -0.9314 -0.3557 0.0779
vn 0.2928 -0.8262 -0.4813
vn 0.1224 -0.6043 -0.7873
vn 0.1593 -0.5908 -0.7909
vn 0.0692 -0.3832 -0.9211
vn -0.0256 -0.1495 -0.9884
vn 0.3530 -0.9347 -0.0421
vn -0.3530 0.9347 0.0421
vn 0.9335 0.3549 -0.0515
vn -0.9335 -0.3549 0.0515
vn -0.0372 -0.2291 -0.9727
vn 0.0373 0.2291 0.9727
vn 0.0372 0.2291 0.9727
vn -0.9308 -0.3464 0.1172
vn -0.3637 0.9097 -0.2003
vn 0.9308 0.3464 -0.1172
vn 0.2835 0.9309 -0.2301
vn 0.5693 0.7951 -0.2091
vn 0.7725 0.6101 -0.1764
vn 0.8781 0.4572 -0.1413
vn 0.9716 0.2192 -0.0888
vn 0.9990 -0.0337 -0.0303
vn 0.9582 -0.2844 0.0303
vn 0.8522 -0.5156 0.0888
vn 0.6881 -0.7117 0.1413
vn 0.6861 -0.7202 0.1029
vn 0.2336 -0.9484 0.2145
vn -0.0259 -0.9728 0.2301
vn -0.2835 -0.9309 0.2301
vn -0.5219 -0.8256 0.2144
vn -0.7247 -0.6640 0.1841
vn -0.8781 -0.4572 0.1413
vn -0.9716 -0.2192 0.0888
vn -0.9990 0.0337 0.0303
vn -0.9582 0.2844 -0.0303
vn -0.8522 0.5156 -0.0888
vn -0.6881 0.7117 -0.1413
vn -0.2336 0.9484 -0.2144
vn 0.0259 0.9728 -0.2301
vn 0.2609 0.0706 0.9628
vn 0.2611 0.0706 0.9627
vn -0.2609 -0.0706 -0.9628
vn -0.2608 -0.0706 -0.9628
vn 0.3554 -0.9343 -0.0278
vn 0.8975 0.3494 -0.2689
vn 0.8976 0.3494 -0.2689
vn -0.3554 0.9343 0.0278
vn -0.8976 -0.3494 0.2689
vn -0.8976 -0.3494 0.2688
vn 0.2610 0.0706 0.9628
vn -0.8975 -0.3495 0.2689
vn -0.8975 -0.3494 0.2689
vn -0.6761 -0.2775 0.6826
vn -0.6760 -0.2775 0.6826
vn 0.6760 0.2775 -0.6826
vn 0.6761 0.2775 -0.6826
vn 0.6455 0.2238 0.7303
vn -0.6455 -0.2238 -0.7303
vn -0.4657 -0.5314 -0.7076
vn -0.5344 -0.4680 -0.7038
vn -0.4644 -0.6040 -0.6478
vn -0.2962 -0.7791 -0.5525
vn 0.1092 -0.9539 -0.2797
vn 0.2941 -0.9510 -0.0954
vn 0.4589 -0.8833 0.0954
vn 0.5925 -0.7555 0.2797
vn 0.6782 -0.6150 0.4023
vn 0.7321 -0.3575 0.5798
vn 0.7287 -0.1145 0.6752
vn 0.6756 0.1362 0.7246
vn 0.5765 0.3777 0.7246
vn 0.4709 0.5498 0.6899
vn 0.0831 0.8917 0.4449
vn -0.1092 0.9539 0.2797
vn -0.2941 0.9510 0.0954
vn -0.4589 0.8833 -0.0954
vn -0.5925 0.7555 -0.2797
vn -0.6857 0.5761 -0.4449
vn -0.7118 0.5648 -0.4177
vn -0.7287 0.1145 -0.6752
vn -0.6756 -0.1362 -0.7246
vn 0.6759 0.2776 -0.6827
vn -0.2621 0.7830 -0.5640
vn 0.2621 -0.7830 0.5640
vn 0.8586 -0.0776 -0.5068
vn -0.4406 -0.6171 -0.6519
vn -0.8586 0.0776 0.5068
vn -0.8585 0.0776 0.5069
vn 0.4407 0.6171 0.6519
vn 0.4406 0.6171 0.6519
vn -0.2621 0.7830 -0.5641
vn -0.0327 -0.6899 -0.7232
vn 0.0327 0.6899 0.7232
vn 0.8023 -0.4496 0.3927
vn 0.5960 0.5674 -0.5682
vn -0.8023 0.4496 -0.3927
vn -0.5960 -0.5674 0.5682
vn 0.6600 0.5393 -0.5230
vn -0.6600 -0.5393 0.5230
vn 0.7500 -0.5132 0.4172
vn 0.0434 0.6676 0.7432
vn -0.7500 0.5132 -0.4172
vn -0.0434 -0.6676 -0.7432
vn 0.5652 -0.8168 0.1158
vn -0.8022 0.4503 -0.3920
vn -0.7495 0.5141 -0.4170
vn -0.5664 0.8159 -0.1164
vn -0.5969 -0.6143 0.5161
vn -0.0430 -0.6828 -0.7293
vn 0.7085 0.5017 -0.4964
vn -0.5496 -0.2681 0.7912
vn 0.7870 0.4918 -0.3726
vn 0.2223 -0.7516 0.6210
vn 0.6900 0.7220 -0.0511
vn 0.4885 0.4219 0.7638
vn 0.4196 -0.7719 0.4777
vn -0.4432 -0.5624 0.6981
vn -0.7642 -0.0483 0.6432
vn -0.8341 -0.2860 0.4716
vn -0.5008 -0.7980 -0.3352
vn -0.0712 -0.2455 -0.9668
vn 0.7985 -0.2774 -0.5343
vn 0.8479 -0.2802 -0.4502
vn -0.9973 0.0705 -0.0225
vn -0.3612 0.8980 0.2511
vn -0.5862 0.3308 -0.7396
vn -0.3119 0.5265 -0.7909
vn -0.1861 0.2521 0.9496
vn -0.4460 -0.4504 0.7735
vn -0.4676 -0.3799 0.7982
vn 0.5075 -0.5574 0.6571
vn -0.7750 0.5908 0.2245
vn -0.9643 -0.2477 -0.0941
vn 0.4916 0.3171 -0.8111
vn -0.6158 -0.2733 -0.7390
vn 0.0962 -0.9494 0.2989
vn 0.5145 0.1667 0.8411
vn -0.7265 0.6185 0.2994
vn 0.4072 0.7261 -0.5541
vn 0.3771 0.9112 -0.1660
vn 0.4954 0.5553 -0.6680
vn 0.7576 0.0422 -0.6514
vn 0.5560 0.6540 -0.5130
vn -0.1006 0.6427 0.7595
vn 0.7976 -0.1468 -0.5850
vn 0.8399 -0.1618 -0.5181
vn -0.7636 0.2531 0.5940
vn -0.7912 0.1195 0.5998
vn 0.3119 -0.5265 0.7909
vn 0.0088 -0.6587 0.7524
vn -0.1378 0.8896 -0.4354
vn -0.8831 0.2067 -0.4213
vn -0.8527 0.0880 -0.5150
vn -0.8526 0.0880 -0.5150
vn -0.3292 -0.9070 -0.2626
vn -0.8140 0.0464 -0.5790
vn 0.8545 -0.3946 -0.3378
vn 0.8500 -0.3346 -0.4069
vn 0.5688 0.6425 0.5135
vn 0.5679 0.6429 0.5139
vn 0.3910 -0.3901 0.8336
vn 0.1454 0.9893 -0.0091
vn 0.8138 -0.1725 -0.5550
vn 0.0107 0.9535 -0.3013
vn 0.5768 -0.4205 0.7003
vn 0.5296 -0.4197 0.7371
vn -0.3909 0.3898 -0.8338
vn 0.7995 -0.1570 -0.5797
vn 0.3632 0.9048 0.2224
vn 0.3672 0.9027 0.2243
vn 0.0737 0.9351 -0.3465
vn -0.1741 -0.6963 0.6963
vn 0.0753 -0.9660 0.2474
vn -0.8119 0.1447 0.5655
vn 0.6892 0.2096 0.6936
vn 0.8126 -0.1987 -0.5479
vn -0.1102 0.9691 -0.2208
vn 0.8043 -0.4301 0.4101
vn 0.6327 0.1957 0.7493
vn 0.0297 0.6321 0.7743
vn -0.7963 0.2857 0.5331
vn 0.6555 -0.2990 0.6935
vn 0.5291 0.6932 -0.4894
vn 0.9245 -0.1776 0.3372
vn -0.7196 0.2907 -0.6306
vn -0.9986 0.0249 0.0464
vn -0.5222 -0.7076 0.4761
vn 0.7750 -0.5908 -0.2245
vn -0.7489 -0.6195 -0.2354
vn -0.1880 0.6451 -0.7406
vn -0.0000 0.9516 0.3073
vn 0.0002 0.5737 0.8191
vn -0.0038 -0.7815 0.6239
vn 0.4548 0.1985 -0.8682
vn 0.6316 0.2087 0.7467
vn 0.3553 -0.9342 -0.0320
vn 0.3551 -0.9343 -0.0314
vn 0.7063 0.1886 -0.6823
vn -0.6471 -0.3502 0.6772
vn -0.3757 0.9259 0.0403
vn 0.3365 -0.9417 -0.0035
vn -0.3678 0.9293 0.0331
vn -0.3780 0.9234 0.0660
vn 0.7264 0.1291 -0.6750
vn -0.7024 0.1883 -0.6864
vn -0.5751 -0.6605 0.4827
vn 0.6135 0.0420 0.7885
vn -0.6136 -0.0420 -0.7885
vn 0.5410 -0.7496 -0.3812
vn 0.5411 -0.7497 -0.3810
vn 0.3418 -0.7868 0.5139
vn 0.8488 -0.0536 -0.5259
vn -0.4423 -0.6078 -0.6595
vn 0.5800 0.0488 0.8132
vn 0.0854 -0.9961 0.0212
vn 0.8725 -0.0742 -0.4830
vn -0.8427 0.4552 0.2875
vn 0.2585 -0.1264 0.9577
vn 0.4725 0.8813 -0.0112
vn -0.2585 0.1264 -0.9577
vn 0.8137 -0.1725 -0.5551
vn 0.0757 0.9345 -0.3479
vn 0.0642 -0.9651 0.2540
vn -0.8118 0.1515 0.5639
vn 0.8125 -0.2026 -0.5466
vn 0.0899 0.9321 -0.3508
vn -0.4660 -0.6766 0.5702
vn 0.2135 0.5394 0.8145
vn -0.2135 -0.5394 -0.8145
vn -0.8976 0.0210 0.4403
vn 0.7780 -0.4553 -0.4329
vn 0.3292 0.9070 0.2626
vn 0.1107 -0.7214 0.6836
vn 0.2186 0.9581 0.1853
vn -0.2787 0.7251 -0.6297
vn 0.0474 -0.9631 -0.2648
vn 0.4398 0.5573 -0.7043
vn 0.5008 0.7980 0.3352
vn 0.3862 -0.9224 -0.0079
vn -0.9987 -0.0511 -0.0046
vn -0.5354 0.6603 -0.5266
vn -0.4533 0.3945 0.7993
vn 0.0289 0.7242 0.6890
vn -0.5035 0.4611 -0.7307
vn -0.0610 -0.0713 -0.9956
vn -0.7824 -0.6223 -0.0260
vn -0.7105 0.1709 0.6827
vn 0.5450 0.5974 0.5882
vn 0.7549 -0.1431 -0.6401
vn 0.7993 -0.1572 -0.5800
vn 0.1378 -0.8896 0.4354
vn 0.3825 0.2411 0.8919
vn -0.4134 -0.7887 0.4551
vn 0.9282 -0.3083 0.2085
vn 0.0135 0.6829 0.7304
vn -0.8411 0.1466 0.5207
vn -0.5450 -0.5975 -0.5882
vn -0.0962 0.9494 -0.2989
vn -0.5577 0.3061 -0.7715
vn 0.3398 -0.7868 0.5152
vn 0.5545 0.6053 0.5711
vn 0.8496 -0.0561 -0.5244
vn 0.5277 -0.4194 0.7387
vn -0.2467 -0.9104 -0.3320
vn 0.8017 -0.1588 -0.5762
vn 0.8015 -0.1586 -0.5765
vn 0.2787 -0.7251 0.6297
vn -0.9523 -0.1236 0.2791
vn 0.8546 0.4864 0.1818
vn -0.7289 -0.4501 0.5158
vn 0.3468 -0.9359 -0.0616
vn 0.4811 0.6729 0.5619
vn -0.7819 -0.5520 -0.2896
vn -0.4481 0.3949 -0.8021
vn 0.0640 -0.2989 0.9521
vn 0.2836 -0.3603 0.8887
vn -0.7448 0.4204 -0.5182
vn 0.8728 0.2434 -0.4230
vn 0.7448 -0.4205 0.5181
vn 0.3800 -0.9236 -0.0509
vn 0.4533 -0.3945 -0.7993
vn -0.7750 -0.6174 -0.1347
vn 0.5233 0.8437 -0.1197
vn -0.2273 -0.1573 -0.9610
vn 0.3663 -0.9305 -0.0009
vn 0.4532 -0.3945 -0.7993
vn 0.7084 0.7037 0.0544
vn -0.8903 -0.2438 -0.3846
vn -0.2264 -0.1584 -0.9611
vn -0.8370 -0.4763 0.2692
vn 0.3663 -0.9305 -0.0021
vn -0.6757 0.1184 0.7277
vn 0.2491 0.2381 -0.9388
vn -0.2264 -0.1586 -0.9610
vn 0.3671 -0.9302 -0.0002
vn -0.3113 0.5274 -0.7905
vn -0.0508 -0.3595 0.9318
vn -0.5433 -0.4355 -0.7178
vn 0.1519 0.4534 0.8783
vn 0.5844 0.4280 0.6894
vn -0.9351 -0.2618 -0.2389
vn 0.5296 -0.4198 0.7371
vn -0.5450 -0.5974 -0.5882
vn 0.5450 0.5974 0.5883
vn -0.2987 0.7939 -0.5296
vn -0.1989 -0.5894 0.7829
vn 0.5276 -0.4195 0.7386
vn 0.2521 -0.7859 0.5646
vn -0.5604 0.7814 -0.2745
vn 0.5280 -0.4196 0.7384
vn -0.8281 0.1805 0.5308
vn 0.7160 -0.4258 0.5532
vn -0.5004 -0.7986 -0.3343
vn 0.1214 0.8477 0.5164
vn 0.5008 0.7985 0.3340
vn -0.8707 -0.4916 0.0161
vn 0.0739 0.9351 -0.3467
vn 0.8128 -0.1989 -0.5475
vn -0.2419 0.8339 -0.4961
vn 0.0176 0.3211 0.9469
vn -0.1634 -0.5374 0.8273
vn 0.6962 -0.7094 0.1096
vn -0.7347 -0.3413 -0.5863
vn 0.8481 0.1193 -0.5163
vn 0.7642 0.0483 -0.6432
vn -0.3512 -0.8053 -0.4777
vn 0.0958 0.9776 0.1873
vn 0.5658 0.4286 0.7044
vn -0.6416 0.1594 -0.7503
vn -0.6320 -0.7244 -0.2753
vn 0.5203 0.3946 0.7573
vn -0.6327 -0.1957 -0.7493
vn -0.6185 0.7099 0.3369
vn 0.2446 -0.9685 0.0464
vn 0.3656 0.4396 0.8204
vn -0.3656 -0.4396 -0.8204
vn -0.9308 0.1727 0.3223
vn 0.7662 -0.6426 0.0028
vn 0.4831 0.3247 0.8131
vn -0.6084 -0.6012 -0.5180
vn 0.4660 0.6765 -0.5702
vn 0.8057 -0.5908 -0.0425
vn -0.9263 0.2579 0.2746
vn 0.6327 0.1957 0.7492
vn -0.6327 -0.1957 -0.7492
vn 0.6585 -0.6451 -0.3876
vn -0.7681 0.2816 0.5751
vn -0.4885 -0.4219 -0.7638
vn -0.8158 -0.0899 0.5714
vn 0.4957 0.5862 -0.6408
vn 0.2264 0.7841 -0.5779
vn -0.5548 -0.5254 0.6450
vn -0.6140 -0.2930 -0.7330
vn 0.0606 0.3053 0.9503
vn 0.3398 -0.7867 0.5154
vn 0.5059 0.3052 0.8068
vn -0.8153 -0.2474 -0.5235
vn -0.0097 -0.5845 -0.8113
vn 0.0097 0.5845 0.8113
vn -0.9132 0.3358 -0.2310
vn 0.5204 -0.6958 0.4950
vn -0.5145 -0.1667 -0.8411
vn -0.6360 0.7321 0.2439
vn 0.1971 -0.9776 0.0733
vn 0.3418 -0.7868 0.5140
vn 0.5139 0.1663 0.8416
vn 0.0229 -0.9832 0.1811
vn 0.0231 -0.9833 0.1808
vn -0.3757 0.9256 0.0464
vn -0.3756 0.9256 0.0460
vn 0.3415 -0.7867 0.5142
vn -0.8628 0.0987 0.4958
vn 0.8487 -0.0538 -0.5261
vn 0.6308 -0.7350 0.2486
vn 0.8180 -0.4713 0.3298
vn -0.9827 0.1558 -0.1005
vn 0.4056 0.6931 -0.5958
vn 0.6514 0.7488 0.1225
vn 0.4727 -0.8719 0.1276
vn -0.5241 -0.7141 0.4641
vn -0.2438 0.7177 0.6523
vn -0.6831 -0.1344 -0.7178
vn 0.5439 -0.8059 -0.2339
vn -0.0000 0.8814 -0.4724
vn 0.4472 -0.8944 0.0044
vn -0.0000 -1.0000 -0.0000
vn -0.5996 -0.0344 -0.7995
vn -0.9855 0.1694 -0.0000
vn 0.8944 -0.4472 0.0105
vn 0.8944 0.4472 -0.0000
vn 0.5547 -0.8321 -0.0000
vn -0.4676 -0.6762 0.5692
vn 0.0576 -0.3819 0.9224
vn -0.4677 -0.6762 0.5693
vn 0.0051 -0.3125 0.9499
vn 0.0064 -0.3138 0.9495
vn 0.0006 -0.3137 0.9495
vn 0.0196 -0.3073 0.9514
vn 0.0035 -0.8814 0.4723
vn -0.9473 -0.3079 0.0888
vn -0.0000 -0.9012 0.4333
vn 0.0034 -0.8814 0.4723
vn 0.0012 -0.8819 0.4714
vn 0.0010 -0.8818 0.4716
vn 0.0011 -0.8818 0.4716
vn 0.0010 -0.8819 0.4715
vn 0.0011 -0.8817 0.4718
vn 0.0045 -0.3530 0.9356
vn 0.5958 0.1747 0.7839
vn 0.6727 0.2864 -0.6823
vn -0.0117 0.0123 0.9999
vn -0.9575 -0.2884 -0.0005
vn -0.4486 -0.8369 0.3135
vn 0.0024 0.0114 0.9999
vn 0.0420 0.9431 -0.3298
vn -0.0113 -0.7296 0.6838
vn -0.6730 0.5945 -0.4400
vn -0.8968 -0.3019 0.3235
vn -0.1336 -0.3656 -0.9211
vn -0.0591 0.4761 0.8774
vn 0.2583 -0.7880 0.5589
vn 0.6542 0.0856 0.7515
vn 0.4266 -0.4000 0.8112
vn 0.1906 0.5059 0.8413
vn 0.0035 0.9516 0.3072
vn -0.0029 0.4723 0.8814
vn 0.0198 -0.4722 -0.8813
vn 0.0222 0.9345 0.3552
vn -0.0025 -0.9348 -0.3553
vn -0.0000 -0.4218 0.9067
vn -0.0000 -0.5555 0.8315
vn -0.0000 -0.8451 0.5346
vn -0.0041 -0.2772 0.9608
vn 1.0000 -0.0000 0.0042
vn 0.0041 -0.3008 -0.9537
vn 0.3514 -0.2100 0.9123
vn 0.3515 -0.2100 0.9123
vn 0.3514 -0.2100 0.9124
vn 0.3520 -0.2103 0.9121
vn 0.3516 -0.2100 0.9123
vn 0.3513 -0.2100 0.9124
vn -0.2865 -0.9519 -0.1088
vn -0.3514 0.2101 -0.9123
vn -0.3514 0.2100 -0.9124
vn -0.3515 0.2100 -0.9123
vn -0.3514 0.2101 -0.9124
vn -0.3514 0.2098 -0.9124
vn -0.3513 0.2101 -0.9124
vn 0.9362 0.0877 -0.3405
vn -0.9362 -0.0878 0.3404
vn -0.6560 -0.7506 0.0799
vn 0.3661 -0.8660 -0.3405
vn 0.6560 0.7506 -0.0799
vn -0.3661 0.8660 0.3405
vn 0.0629 -0.0212 0.9978
vn 0.0630 -0.0212 0.9978
vn 0.0630 -0.0211 0.9978
vn 0.0631 -0.0213 0.9978
vn -0.0630 0.0212 -0.9978
vn -0.0630 0.0211 -0.9978
vn -0.0634 0.0211 -0.9978
vn -0.9867 -0.1513 0.0592
vn 0.6896 0.7236 -0.0283
vn 0.7900 0.6121 -0.0370
vn -0.9632 -0.2630 0.0553
vn -0.7899 -0.6121 0.0370
vn 0.9632 0.2630 -0.0553
vn 0.0237 0.2471 0.9687
vn 0.0236 0.2471 0.9687
vn 0.1056 -0.9641 0.2435
vn -0.0238 -0.2472 -0.9687
vn -0.0236 -0.2472 -0.9687
vn -0.0239 -0.2472 -0.9687
vn -0.0238 -0.2473 -0.9687
vn 0.5494 -0.8242 -0.1374
vn -0.9582 0.2818 -0.0484
vn 0.9582 -0.2818 0.0484
vn -0.9582 0.2819 -0.0485
vn -0.9944 -0.0944 0.0484
vn 0.9944 0.0944 -0.0484
vn 0.8791 0.4563 -0.1380
vn -0.0000 0.1340 -0.9910
vn -0.0000 0.1337 -0.9910
vn -0.0000 -0.1338 0.9910
vn -0.0000 -0.1340 0.9910
vn -0.1950 -0.9720 -0.1313
vn 0.1952 -0.9719 -0.1313
vn 0.1950 -0.9720 -0.1313
vn 0.9315 0.3554 -0.0779
vn 0.9330 0.3513 -0.0781
vn 0.9312 0.3560 -0.0779
vn 0.4472 -0.8944 -0.0000
vn 0.9317 0.3548 -0.0779
vn -0.0000 1.0000 -0.0000
vn 0.9701 -0.0000 0.2425
vn 0.8729 0.4364 0.2182
vn -0.8018 0.5345 -0.2673
vn -0.9315 -0.3552 0.0779
vn -0.9316 -0.3550 0.0779
vn -0.8242 -0.5494 0.1374
vn 0.0004 -0.2150 -0.9766
vn 0.0001 -0.2148 -0.9767
vn -0.9981 -0.0000 -0.0624
vn -0.1187 0.0944 -0.9884
vn -0.3270 0.7244 -0.6069
vn -0.2746 0.5468 -0.7910
vn -0.3270 0.7243 -0.6069
vn -0.3629 0.9227 -0.1302
vn -0.3438 0.9300 0.1302
vn -0.3438 0.9300 0.1303
vn -0.1592 0.5908 0.7909
vn -0.2384 0.7581 0.6069
vn 0.2179 -0.5672 0.7942
vn 0.2747 -0.5468 0.7909
vn 0.9315 0.3554 -0.0778
vn 0.3520 -0.7810 0.5159
vn 0.3628 -0.9227 0.1301
vn 0.3572 -0.8526 0.3814
vn 0.3438 -0.9300 -0.1301
vn 0.3014 -0.8738 -0.3815
vn 0.2384 -0.7582 -0.6069
vn 0.1593 -0.5909 -0.7909
vn 0.2649 -0.7477 -0.6089
vn 0.0691 -0.3832 -0.9211
vn -0.0373 -0.2291 -0.9727
vn 0.5345 0.2673 -0.8018
vn -0.0371 -0.2291 -0.9727
vn -0.0374 -0.2291 -0.9727
vn 0.9545 0.2983 -0.0000
vn -0.0378 -0.2291 -0.9727
vn 0.8296 0.2074 -0.5185
vn 0.0374 0.2291 0.9727
vn 0.0371 0.2291 0.9727
vn 0.0394 0.2292 0.9726
vn -0.3637 0.9097 -0.2004
vn -0.0372 -0.2292 -0.9727
vn 0.5223 0.8281 -0.2038
vn -0.0382 -0.2289 -0.9727
vn 0.7250 0.6665 -0.1735
vn 0.8780 0.4572 -0.1413
vn 0.9716 0.2193 -0.0888
vn 0.9582 -0.2843 0.0303
vn 0.4771 -0.8594 0.1841
vn 0.4779 -0.8525 0.2117
vn 0.2336 -0.9484 0.2144
vn -0.0258 -0.9728 0.2301
vn -0.5219 -0.8256 0.2145
vn 0.4470 -0.0279 -0.8941
vn -0.8780 -0.4572 0.1413
vn -0.6861 0.7202 -0.1029
vn -0.8523 0.5155 -0.0888
vn -0.4782 0.8496 -0.2223
vn -0.4771 0.8593 -0.1841
vn -0.9970 -0.0779 -0.0000
vn -0.2611 -0.0706 -0.9627
vn 0.8975 0.3495 -0.2689
vn -0.3555 0.9343 0.0278
vn 0.7044 -0.7044 0.0880
vn -0.9222 -0.1729 0.3458
vn -0.6760 -0.2775 0.6827
vn -0.6761 -0.2775 0.6825
vn 0.9999 -0.0000 -0.0134
vn -0.6760 -0.2776 0.6826
vn -0.6172 0.7715 0.1543
vn -0.0000 -0.0000 1.0000
vn -0.6765 -0.2775 0.6822
vn 0.6396 0.6396 0.4264
vn -0.6760 -0.2776 0.6827
vn 0.9918 -0.1240 -0.0310
vn 0.8240 0.5665 -0.0000
vn 0.6761 0.2776 -0.6826
vn -0.0000 0.9884 -0.1521
vn 0.6761 0.2775 -0.6825
vn 0.6765 0.2775 -0.6822
vn 0.6758 0.2776 -0.6828
vn 0.6764 0.2773 -0.6823
vn 0.6761 0.2776 -0.6825
vn -0.6136 -0.3150 -0.7241
vn -0.5955 -0.3855 -0.7048
vn -0.6755 -0.2776 0.6831
vn -0.4381 -0.5935 -0.6752
vn -0.2698 -0.7688 -0.5798
vn -0.2504 -0.7606 -0.5990
vn -0.0831 -0.8917 -0.4449
vn -0.0639 -0.8835 -0.4641
vn 0.4589 -0.8834 0.0954
vn 0.6782 -0.5791 0.4523
vn 0.6899 -0.3736 0.6200
vn 0.6830 0.1393 0.7170
vn 0.7287 -0.1146 0.6752
vn 0.6505 0.2039 0.7317
vn 0.6760 0.2776 -0.6826
vn 0.4306 0.5904 0.6826
vn 0.2698 0.7688 0.5798
vn -0.4589 0.8834 -0.0954
vn -0.7287 0.1146 -0.6752
vn -0.7126 0.3653 -0.5990
vn -0.7321 0.3575 -0.5798
vn 0.6756 0.2777 -0.6830
vn -0.4405 -0.6170 -0.6521
vn -0.8586 0.0777 0.5067
vn -0.4410 -0.6167 -0.6521
vn -0.4532 0.8702 -0.1934
vn 0.4406 0.6171 0.6520
vn -0.6905 -0.5526 0.4668
vn 0.6288 0.5599 -0.5396
vn -0.5495 -0.2682 0.7913
vn 0.7286 0.5660 -0.3856
vn 0.3006 0.9513 -0.0683
vn 0.3947 -0.7756 0.4926
vn -0.9003 0.3224 0.2925
vn 0.1134 -0.6956 0.7094
vn 0.1479 0.2360 -0.9604
vn -0.7160 0.6290 0.3029
vn -0.1381 0.6311 0.7633
vn 0.8403 -0.1618 -0.5174
vn 0.8403 -0.1616 -0.5175
vn 0.8403 -0.1618 -0.5175
vn 0.0874 -0.7564 0.6483
vn -0.1378 0.8897 -0.4353
vn 0.5927 0.6419 0.4866
vn 0.5934 0.6301 0.5009
vn 0.8201 -0.1308 -0.5571
vn 0.5219 0.6614 0.5387
vn 0.5638 0.6379 0.5246
vn 0.8128 -0.1985 -0.5477
vn 0.5983 0.6314 0.4934
vn 0.5610 0.6466 0.5168
vn 0.5543 0.6508 0.5188
vn -0.0968 0.9686 -0.2289
vn 0.8137 -0.1727 -0.5551
vn 0.0108 0.9535 -0.3012
vn 0.5770 -0.4202 0.7003
vn 0.5771 -0.4201 0.7003
vn -0.3910 0.3898 -0.8338
vn -0.3913 0.3899 -0.8336
vn 0.7996 -0.1569 -0.5797
vn 0.8001 -0.1570 -0.5790
vn 0.7996 -0.1571 -0.5796
vn 0.7998 -0.1572 -0.5794
vn 0.3663 0.9035 0.2224
vn 0.3662 0.9036 0.2224
vn 0.8144 -0.0467 0.5784
vn 0.3570 0.9025 0.2411
vn 0.3570 0.9025 0.2412
vn 0.3663 0.9036 0.2223
vn 0.0738 0.9352 -0.3464
vn 0.0739 0.9350 -0.3468
vn 0.3906 -0.3896 0.8340
vn 0.0968 -0.9687 0.2286
vn 0.0978 -0.9683 0.2297
vn 0.0944 -0.9687 0.2295
vn 0.0618 -0.9648 0.2554
vn -0.8120 0.1447 0.5655
vn 0.6596 0.1942 0.7261
vn 0.6593 0.1945 0.7263
vn 0.7987 -0.1565 -0.5810
vn 0.4856 0.7800 0.3947
vn 0.6596 0.1941 0.7261
vn 0.6720 0.0731 0.7370
vn 0.6579 0.2165 0.7213
vn 0.6892 0.2095 0.6937
vn 0.6598 0.1940 0.7260
vn 0.6567 0.5057 0.5595
vn 0.6739 0.1927 0.7133
vn 0.8127 -0.1985 -0.5479
vn 0.8127 -0.2018 -0.5467
vn -0.1099 0.9691 -0.2207
vn -0.1101 0.9691 -0.2209
vn 0.8042 -0.4302 0.4100
vn 0.6733 -0.2836 0.6828
vn -0.3181 0.5665 -0.7602
vn -0.0045 -0.7809 0.6246
vn 0.7060 0.1891 -0.6825
vn 0.7058 0.1885 -0.6829
vn -0.3745 0.9264 0.0394
vn -0.3778 0.9249 0.0414
vn 0.3368 -0.9416 -0.0039
vn 0.3362 -0.9418 -0.0042
vn 0.7307 0.1277 -0.6707
vn 0.7258 0.1414 -0.6732
vn 0.7223 0.1541 -0.6742
vn 0.6134 0.0420 0.7886
vn 0.6136 0.0420 0.7885
vn -0.6135 -0.0420 -0.7885
vn 0.5518 -0.7421 -0.3806
vn 0.3419 -0.7868 0.5139
vn 0.8488 -0.0536 -0.5260
vn 0.8489 -0.0534 -0.5258
vn 0.6092 0.0450 0.7917
vn 0.0638 -0.9960 0.0626
vn 0.8724 -0.0742 -0.4830
vn 0.0756 0.9345 -0.3479
vn 0.0642 -0.9651 0.2539
vn 0.8124 -0.2027 -0.5467
vn 0.8127 -0.2024 -0.5465
vn -0.9527 -0.1225 0.2782
vn 0.3651 0.8643 -0.3461
vn 0.3576 -0.9071 -0.2220
vn 0.5955 0.0871 0.7986
vn -0.4134 -0.7887 0.4550
vn 0.9281 -0.3084 0.2085
vn 0.9282 -0.3083 0.2084
vn 0.0135 0.6830 0.7303
vn 0.0135 0.6829 0.7303
vn 0.3396 -0.7866 0.5156
vn 0.3403 -0.7868 0.5150
vn 0.3398 -0.7880 0.5134
vn 0.5548 0.6055 0.5706
vn 0.5543 0.6056 0.5709
vn 0.8500 -0.0574 -0.5237
vn 0.8501 -0.0571 -0.5235
vn 0.5279 -0.4195 0.7385
vn -0.2468 -0.9104 -0.3321
vn 0.8018 -0.1585 -0.5761
vn 0.8014 -0.1586 -0.5767
vn 0.2840 -0.3599 0.8887
vn 0.8758 0.2272 -0.4258
vn 0.8721 0.2451 -0.4235
vn -0.2268 -0.1576 -0.9611
vn 0.3666 -0.9304 -0.0007
vn -0.8903 -0.2438 -0.3845
vn 0.3663 -0.9305 -0.0020
vn 0.3668 -0.9303 -0.0027
vn -0.6757 0.1183 0.7276
vn 0.3671 -0.9302 0.0010
vn 0.5450 0.5975 0.5882
vn 0.7997 -0.1594 -0.5789
vn 0.2521 -0.7859 0.5647
vn -0.8281 0.1804 0.5308
vn 0.8127 -0.1990 -0.5476
vn 0.8010 0.1451 -0.5808
vn 0.5657 0.4286 0.7044
vn 0.5203 0.3946 0.7574
vn 0.7834 -0.1129 -0.6111
vn 0.1971 -0.9776 0.0732
vn 0.0231 -0.9832 0.1808
vn -0.3757 0.9256 0.0463
vn -0.3757 0.9256 0.0462
vn -0.8630 0.0971 0.4957
vn -0.8630 0.0982 0.4957
vn 0.6308 -0.7350 0.2487
vn -0.6832 -0.1436 -0.7160
s 0
f 10//1 16//1 317//1
f 18//1 321//1 317//1
f 10//2 317//2 315//2
f 265//3 267//3 673//3
f 267//4 271//4 673//4
f 265//5 673//5 671//5
f 671//6 673//6 675//6
f 675//7 909//7 801//7
f 673//8 909//8 675//8
f 1//9 267//9 265//9
f 322//10 671//10 365//10
f 351//11 335//11 355//11
f 365//12 671//12 675//12
f 365//13 675//13 801//13
f 910//14 912//14 1043//14
f 912//15 1011//15 1043//15
f 271//16 910//16 673//16
f 271//17 912//17 910//17
f 500//18 1011//18 912//18
f 500//19 657//19 1011//19
f 267//20 410//20 912//20
f 591//21 594//21 596//21
f 657//21 644//21 648//21
f 411//22 500//22 912//22
f 267//23 912//23 271//23
f 21//24 23//24 320//24
f 273//25 9//25 316//25
f 266//26 672//26 268//26
f 268//27 672//27 270//27
f 266//28 269//28 672//28
f 269//29 674//29 672//29
f 803//30 674//30 800//30
f 672//31 781//31 908//31
f 2//32 266//32 268//32
f 269//33 319//33 366//33
f 357//34 358//34 338//34
f 354//35 360//35 337//35
f 356//35 350//35 334//35
f 269//36 366//36 674//36
f 366//37 800//37 674//37
f 911//38 1044//38 913//38
f 913//39 1049//39 1006//39
f 1010//40 1050//40 1044//40
f 270//41 672//41 911//41
f 270//42 911//42 913//42
f 501//43 913//43 1010//43
f 1010//44 1009//44 1004//44
f 1003//44 642//44 501//44
f 3//45 139//45 141//45
f 215//46 223//46 413//46
f 404//47 913//47 413//47
f 490//48 523//48 546//48
f 593//49 590//49 595//49
f 412//50 488//50 493//50
f 494//51 913//51 501//51
f 268//52 270//52 913//52
f 321//53 318//53 317//53
f 321//54 9//54 320//54
f 318//55 315//55 317//55
f 9//56 315//56 316//56
f 266//57 671//57 269//57
f 800//58 909//58 908//58
f 673//59 908//59 909//59
f 266//60 1//60 265//60
f 1//61 268//61 267//61
f 319//62 365//62 366//62
f 269//63 322//63 319//63
f 800//64 365//64 801//64
f 1044//65 910//65 1043//65
f 1011//66 1044//66 1043//66
f 911//67 673//67 910//67
f 1011//68 656//68 1010//68
f 410//69 3//69 413//69
f 410//70 913//70 912//70
f 3//71 267//71 268//71
f 594//69 490//69 593//69
f 594//72 656//72 657//72
f 501//73 491//73 500//73
f 411//69 493//69 492//69
f 492//74 501//74 500//74
f 913//75 411//75 912//75
f 194//69 219//69 216//69
f 189//69 5//69 219//69
f 149//69 148//69 140//69
f 214//76 222//76 221//76
f 6//77 7//77 8//77
f 198//78 220//78 219//78
f 7//76 214//76 171//76
f 7//76 222//76 214//76
f 6//79 171//79 158//79
f 215//80 218//80 217//80
f 5//78 198//78 219//78
f 5//78 158//78 198//78
f 144//81 165//81 166//81
f 209//81 218//81 222//81
f 170//81 144//81 218//81
f 158//79 214//79 198//79
f 7//76 171//76 8//76
f 198//79 221//79 220//79
f 144//82 139//82 142//82
f 144//83 146//83 218//83
f 146//84 217//84 218//84
f 5//78 6//78 158//78
f 145//85 216//85 215//85
f 145//85 140//85 216//85
f 219//86 221//86 222//86
f 142//84 143//84 144//84
f 7//87 140//87 144//87
f 216//88 222//88 218//88
f 139//89 140//89 141//89
f 155//90 174//90 173//90
f 154//91 173//91 172//91
f 151//92 172//92 168//92
f 150//93 168//93 167//93
f 149//94 167//94 166//94
f 148//95 166//95 165//95
f 148//96 169//96 152//96
f 147//97 169//97 164//97
f 147//98 170//98 153//98
f 153//99 176//99 159//99
f 159//100 177//100 160//100
f 160//101 178//101 161//101
f 161//102 179//102 162//102
f 162//103 180//103 163//103
f 157//104 180//104 175//104
f 156//105 175//105 174//105
f 189//90 211//90 205//90
f 188//91 205//91 204//91
f 187//92 204//92 203//92
f 186//93 203//93 202//93
f 183//94 202//94 199//94
f 184//95 199//95 200//95
f 184//96 201//96 185//96
f 181//97 201//97 182//97
f 181//98 206//98 190//98
f 190//99 207//99 191//99
f 191//100 208//100 192//100
f 192//101 209//101 193//101
f 193//102 210//102 194//102
f 194//103 213//103 197//103
f 196//104 213//104 212//104
f 195//105 212//105 211//105
f 238//106 240//106 239//106
f 383//69 406//69 403//69
f 378//69 237//69 406//69
f 224//69 242//69 241//69
f 240//76 409//76 253//76
f 240//76 408//76 409//76
f 224//87 240//87 237//87
f 402//80 405//80 404//80
f 237//78 407//78 406//78
f 237//78 252//78 407//78
f 252//79 409//79 407//79
f 239//76 240//76 253//76
f 238//79 253//79 252//79
f 226//82 223//82 225//82
f 224//85 402//85 223//85
f 232//81 254//81 240//81
f 398//81 405//81 399//81
f 235//81 226//81 405//81
f 237//78 238//78 252//78
f 226//83 404//83 405//83
f 403//88 408//88 405//88
f 406//86 409//86 408//86
f 245//90 264//90 258//90
f 244//91 258//91 257//91
f 243//92 257//92 256//92
f 242//93 256//93 255//93
f 241//94 255//94 254//94
f 227//95 254//95 232//95
f 227//96 233//96 228//96
f 228//97 234//97 229//97
f 229//98 235//98 230//98
f 230//99 236//99 231//99
f 231//100 259//100 246//100
f 246//101 260//101 247//101
f 247//102 262//102 249//102
f 249//103 263//103 250//103
f 248//104 263//104 261//104
f 251//105 261//105 264//105
f 378//90 401//90 393//90
f 392//91 378//91 393//91
f 376//107 392//107 391//107
f 375//93 391//93 390//93
f 374//94 390//94 389//94
f 371//108 389//108 386//108
f 371//96 385//96 370//96
f 370//97 387//97 372//97
f 372//98 388//98 373//98
f 373//99 395//99 380//99
f 380//109 396//109 381//109
f 382//101 396//101 397//101
f 382//102 398//102 383//102
f 383//110 399//110 384//110
f 379//104 399//104 394//104
f 400//105 394//105 401//105
f 554//69 502//69 575//69
f 573//69 575//69 585//69
f 502//69 505//69 528//69
f 502//111 503//111 511//111
f 575//112 587//112 585//112
f 502//111 511//111 576//111
f 502//111 576//111 575//111
f 513//81 538//81 537//81
f 581//81 587//81 583//81
f 540//81 526//81 587//81
f 512//113 513//113 514//113
f 502//114 526//114 513//114
f 522//115 524//115 523//115
f 584//116 587//116 586//116
f 546//115 522//115 585//115
f 526//117 523//117 525//117
f 513//113 583//113 582//113
f 513//113 582//113 514//113
f 512//118 502//118 513//118
f 503//119 514//119 511//119
f 511//119 582//119 576//119
f 546//115 585//115 584//115
f 525//120 527//120 526//120
f 526//120 547//120 587//120
f 576//121 583//121 575//121
f 547//120 586//120 587//120
f 510//90 544//90 521//90
f 509//91 521//91 520//91
f 519//107 509//107 520//107
f 518//122 508//122 519//122
f 506//123 518//123 517//123
f 504//108 517//108 515//108
f 504//96 516//96 505//96
f 505//97 537//97 528//97
f 528//98 538//98 529//98
f 529//99 539//99 530//99
f 531//109 539//109 540//109
f 532//101 540//101 541//101
f 532//124 542//124 533//124
f 533//110 543//110 534//110
f 536//104 543//104 545//104
f 535//105 545//105 544//105
f 571//90 579//90 578//90
f 570//91 578//91 577//91
f 565//125 570//125 577//125
f 564//93 554//93 565//93
f 552//94 564//94 563//94
f 551//126 563//126 562//126
f 551//96 559//96 548//96
f 548//97 560//97 549//97
f 549//98 561//98 550//98
f 550//99 566//99 555//99
f 556//109 566//109 567//109
f 556//127 568//127 557//127
f 557//124 569//124 558//124
f 558//110 581//110 574//110
f 573//128 581//128 580//128
f 572//105 580//105 579//105
f 414//129 438//129 418//129
f 438//130 498//130 444//130
f 438//130 499//130 498//130
f 419//131 444//131 436//131
f 416//132 415//132 417//132
f 418//133 497//133 496//133
f 418//133 436//133 497//133
f 436//131 498//131 497//131
f 437//130 438//130 444//130
f 496//134 498//134 499//134
f 489//135 499//135 495//135
f 415//136 489//136 488//136
f 419//137 438//137 437//137
f 439//81 445//81 438//81
f 485//81 495//81 486//81
f 442//81 416//81 495//81
f 418//133 419//133 436//133
f 488//138 495//138 494//138
f 469//69 496//69 489//69
f 465//69 418//69 496//69
f 418//69 425//69 420//69
f 417//139 495//139 416//139
f 449//90 430//90 450//90
f 448//140 429//140 449//140
f 447//107 428//107 448//107
f 446//93 427//93 447//93
f 425//94 446//94 445//94
f 420//108 445//108 439//108
f 421//96 439//96 440//96
f 421//97 441//97 422//97
f 422//98 442//98 423//98
f 423//99 443//99 424//99
f 431//109 443//109 451//109
f 432//101 451//101 452//101
f 432//102 453//102 433//102
f 433//110 454//110 434//110
f 435//128 454//128 455//128
f 430//105 455//105 450//105
f 465//90 487//90 481//90
f 460//91 481//91 476//91
f 475//107 460//107 476//107
f 474//93 459//93 475//93
f 457//94 474//94 473//94
f 456//108 473//108 472//108
f 456//96 477//96 461//96
f 461//97 478//97 462//97
f 462//98 479//98 463//98
f 463//99 480//99 464//99
f 467//100 480//100 483//100
f 468//101 483//101 484//101
f 468//102 485//102 469//102
f 469//110 486//110 470//110
f 466//104 486//104 482//104
f 471//105 482//105 487//105
f 292//141 296//141 314//141
f 273//142 296//142 274//142
f 16//2 17//2 18//2
f 11//143 12//143 26//143
f 21//144 47//144 46//144
f 296//144 23//144 50//144
f 305//144 306//144 314//144
f 274//143 26//143 272//143
f 13//145 11//145 20//145
f 16//145 19//145 17//145
f 284//146 274//146 285//146
f 11//146 274//146 276//146
f 11//146 28//146 29//146
f 63//147 22//147 296//147
f 17//148 19//148 18//148
f 63//147 296//147 294//147
f 272//143 273//143 274//143
f 313//149 292//149 314//149
f 14//150 292//150 15//150
f 15//151 25//151 14//151
f 14//152 21//152 20//152
f 24//153 44//153 25//153
f 25//153 44//153 314//153
f 294//147 296//147 295//147
f 15//154 44//154 24//154
f 15//150 292//150 291//150
f 15//154 291//154 44//154
f 291//150 292//150 293//150
f 44//154 291//154 313//154
f 44//153 313//153 314//153
f 291//154 293//154 313//154
f 58//155 41//155 59//155
f 52//156 40//156 58//156
f 33//157 52//157 51//157
f 50//158 33//158 51//158
f 49//159 32//159 50//159
f 45//160 31//160 49//160
f 27//161 46//161 28//161
f 28//162 47//162 29//162
f 30//163 47//163 48//163
f 35//164 48//164 53//164
f 36//165 53//165 54//165
f 37//166 54//166 55//166
f 38//167 55//167 56//167
f 39//168 56//168 57//168
f 42//169 57//169 60//169
f 59//170 42//170 60//170
f 283//155 306//155 305//155
f 282//156 305//156 304//156
f 281//157 304//157 303//157
f 276//158 303//158 298//158
f 275//159 298//159 297//159
f 300//160 275//160 297//160
f 277//161 300//161 299//161
f 277//162 301//162 279//162
f 280//163 301//163 302//163
f 286//164 302//164 308//164
f 309//165 286//165 308//165
f 310//166 287//166 309//166
f 311//167 288//167 310//167
f 312//168 289//168 311//168
f 285//169 312//169 307//169
f 306//170 285//170 307//170
f 969//171 1046//171 1073//171
f 990//172 1001//172 1007//172
f 1085//171 1069//171 1068//171
f 965//173 966//173 967//173
f 1041//174 1046//174 1045//174
f 1042//175 1085//175 1046//175
f 966//176 1007//176 1005//176
f 966//177 1042//177 1041//177
f 966//173 1041//173 967//173
f 965//178 967//178 968//178
f 967//178 1041//178 968//178
f 968//178 1041//178 1045//178
f 1042//179 1062//179 1063//179
f 1005//179 1047//179 1080//179
f 987//180 966//180 988//180
f 1084//181 1085//181 1050//181
f 965//182 969//182 966//182
f 1005//183 1083//183 1047//183
f 1047//183 1048//183 1049//183
f 1006//184 1007//184 1084//184
f 1049//185 1085//185 1047//185
f 1047//186 1083//186 1048//186
f 968//187 1046//187 969//187
f 1053//188 1075//188 1057//188
f 1052//189 1057//189 1056//189
f 1051//190 1056//190 1073//190
f 1055//191 1073//191 1074//191
f 1054//192 1074//192 1066//192
f 1067//193 1054//193 1066//193
f 1062//194 1067//194 1068//194
f 1069//195 1062//195 1068//195
f 1065//196 1069//196 1071//196
f 1072//197 1065//197 1071//197
f 1072//198 1080//198 1064//198
f 1079//199 1070//199 1077//199
f 1078//200 1077//200 1082//200
f 1081//201 1078//201 1082//201
f 1059//202 1081//202 1076//202
f 1076//203 1058//203 1059//203
f 983//188 985//188 989//188
f 978//204 983//204 982//204
f 978//190 981//190 977//190
f 979//191 981//191 980//191
f 970//192 980//192 991//192
f 992//193 970//193 991//193
f 972//205 992//205 993//205
f 973//195 993//195 994//195
f 995//196 973//196 994//196
f 995//197 975//197 974//197
f 976//198 996//198 1000//198
f 999//199 976//199 1000//199
f 988//200 999//200 998//200
f 1001//201 988//201 998//201
f 990//202 987//202 1001//202
f 989//203 986//203 990//203
f 786//206 785//206 741//206
f 901//207 802//207 907//207
f 900//207 903//207 907//207
f 741//208 895//208 740//208
f 739//209 740//209 885//209
f 739//210 885//210 772//210
f 736//210 739//210 772//210
f 772//211 907//211 780//211
f 764//212 736//212 772//212
f 772//212 777//212 776//212
f 736//213 747//213 748//213
f 740//209 895//209 885//209
f 885//209 895//209 894//209
f 772//210 885//210 894//210
f 736//214 740//214 739//214
f 736//215 802//215 741//215
f 742//216 760//216 759//216
f 780//217 906//217 905//217
f 780//216 779//216 761//216
f 742//216 761//216 760//216
f 772//218 895//218 896//218
f 802//219 803//219 804//219
f 802//219 804//219 904//219
f 907//219 904//219 906//219
f 802//220 759//220 803//220
f 782//221 744//221 787//221
f 783//222 743//222 782//222
f 784//223 746//223 783//223
f 745//224 785//224 747//224
f 748//225 785//225 786//225
f 752//226 786//226 791//226
f 753//227 791//227 793//227
f 753//228 794//228 754//228
f 758//229 794//229 799//229
f 758//230 798//230 757//230
f 756//231 798//231 797//231
f 796//232 756//232 797//232
f 751//233 796//233 790//233
f 789//234 751//234 790//234
f 749//235 789//235 788//235
f 787//236 749//236 788//236
f 762//221 888//221 884//221
f 763//222 884//222 887//222
f 765//223 887//223 886//223
f 765//224 891//224 766//224
f 769//225 891//225 892//225
f 769//226 897//226 773//226
f 774//227 897//227 898//227
f 774//228 901//228 775//228
f 778//229 901//229 902//229
f 778//230 903//230 777//230
f 777//237 900//237 776//237
f 899//232 776//232 900//232
f 770//233 899//233 893//233
f 768//234 893//234 890//234
f 767//235 890//235 889//235
f 888//236 767//236 889//236
f 662//238 665//238 958//238
f 958//238 961//238 960//238
f 658//239 668//239 669//239
f 658//240 1009//240 919//240
f 956//241 957//241 958//241
f 631//242 658//242 654//242
f 654//243 655//243 920//243
f 957//244 1008//244 958//244
f 654//245 920//245 937//245
f 1002//243 937//243 1003//243
f 650//246 631//246 654//246
f 936//247 935//247 957//247
f 653//248 652//248 1002//248
f 1003//249 1009//249 1008//249
f 655//250 658//250 919//250
f 665//251 956//251 958//251
f 631//252 957//252 944//252
f 636//253 631//253 944//253
f 631//254 659//254 665//254
f 944//253 957//253 955//253
f 632//255 636//255 659//255
f 636//255 944//255 659//255
f 659//255 944//255 956//255
f 944//255 955//255 956//255
f 638//256 664//256 639//256
f 639//257 938//257 914//257
f 915//258 938//258 939//258
f 941//259 915//259 939//259
f 916//260 941//260 942//260
f 918//261 942//261 943//261
f 653//262 943//262 940//262
f 652//263 940//263 670//263
f 651//264 670//264 669//264
f 650//265 669//265 668//265
f 667//266 650//266 668//266
f 666//267 649//267 667//267
f 633//268 666//268 660//268
f 661//269 633//269 660//269
f 635//270 662//270 637//270
f 637//271 663//271 638//271
f 923//256 953//256 924//256
f 924//257 959//257 932//257
f 960//258 932//258 959//258
f 936//259 960//259 961//259
f 964//260 936//260 961//260
f 963//272 935//272 964//272
f 930//262 963//262 962//262
f 954//263 930//263 962//263
f 929//264 954//264 951//264
f 950//265 929//265 951//265
f 948//266 928//266 950//266
f 926//273 948//273 947//273
f 946//268 926//268 947//268
f 921//269 946//269 945//269
f 921//274 949//274 922//274
f 923//271 949//271 952//271
f 592//275 648//275 645//275
f 588//276 641//276 640//276
f 590//277 602//277 599//277
f 623//277 609//277 642//277
f 592//277 644//277 591//277
f 603//277 604//277 641//277
f 641//81 646//81 647//81
f 644//81 645//81 648//81
f 617//278 588//278 640//278
f 595//278 619//278 647//278
f 590//69 588//69 595//69
f 591//69 596//69 592//69
f 608//279 620//279 619//279
f 609//280 628//280 620//280
f 623//281 630//281 628//281
f 630//282 624//282 629//282
f 629//283 622//283 627//283
f 627//284 621//284 626//284
f 621//285 618//285 626//285
f 603//286 618//286 604//286
f 603//287 614//287 617//287
f 601//288 613//288 614//288
f 600//289 610//289 613//289
f 597//290 611//290 610//290
f 598//291 612//291 611//291
f 602//292 612//292 599//292
f 615//293 605//293 616//293
f 606//294 619//294 616//294
f 850//295 867//295 862//295
f 877//295 882//295 883//295
f 812//296 815//296 807//296
f 841//297 842//297 844//297
f 845//298 848//298 847//298
f 811//299 846//299 845//299
f 810//300 807//300 883//300
f 844//301 848//301 883//301
f 841//302 877//302 843//302
f 840//303 877//303 878//303
f 839//304 878//304 875//304
f 837//305 875//305 876//305
f 836//306 874//306 873//306
f 834//307 873//307 872//307
f 833//308 872//308 865//308
f 832//309 865//309 866//309
f 822//310 866//310 864//310
f 821//311 864//311 863//311
f 819//312 863//312 862//312
f 815//313 862//313 867//313
f 815//314 854//314 813//314
f 814//315 854//315 855//315
f 814//316 856//316 860//316
f 856//317 858//317 859//317
f 816//318 818//318 817//318
f 817//319 860//319 861//319
f 856//320 859//320 860//320
f 825//321 861//321 868//321
f 826//322 869//322 828//322
f 827//323 828//323 830//323
f 828//324 870//324 830//324
f 829//325 870//325 831//325
f 831//326 871//326 881//326
f 824//327 881//327 879//327
f 824//328 880//328 882//328
f 849//329 792//329 853//329
f 806//330 808//330 852//330
f 805//331 852//331 853//331
f 792//212 806//212 805//212
f 795//332 811//332 809//332
f 851//207 853//207 852//207
f 679//333 681//333 367//333
f 737//333 718//333 714//333
f 693//334 694//334 695//334
f 735//335 726//335 733//335
f 734//298 693//298 367//298
f 367//336 369//336 368//336
f 737//337 369//337 738//337
f 738//338 734//338 737//338
f 702//339 687//339 701//339
f 681//340 701//340 686//340
f 680//341 700//341 681//341
f 695//342 680//342 678//342
f 696//343 678//343 676//343
f 696//344 682//344 697//344
f 698//345 682//345 685//345
f 698//346 683//346 699//346
f 684//347 699//347 683//347
f 704//348 684//348 690//348
f 704//349 692//349 705//349
f 705//350 710//350 723//350
f 724//351 710//351 712//351
f 713//352 725//352 724//352
f 726//353 714//353 733//353
f 730//354 714//354 718//354
f 731//355 718//355 719//355
f 732//356 719//356 717//356
f 729//357 716//357 715//357
f 728//358 715//358 709//358
f 727//359 709//359 708//359
f 721//360 707//360 706//360
f 720//360 706//360 689//360
f 702//361 689//361 688//361
f 353//362 335//362 342//362
f 350//363 364//363 363//363
f 347//364 325//364 330//364
f 349//364 354//364 324//364
f 351//365 340//365 341//365
f 352//366 342//366 340//366
f 347//367 364//367 356//367
f 348//368 358//368 354//368
f 353//367 351//367 355//367
f 339//369 363//369 347//369
f 337//370 329//370 324//370
f 334//371 328//371 330//371
f 342//370 341//370 340//370
f 337//372 361//372 336//372
f 362//372 338//372 359//372
f 344//364 327//364 343//364
f 346//366 333//366 326//366
f 344//366 326//366 323//366
f 345//366 332//366 325//366
f 362//367 358//367 348//367
f 361//367 358//367 346//367
f 343//369 336//369 361//369
f 336//369 349//369 329//369
f 332//373 331//373 325//373
f 338//374 327//374 326//374
f 64//375 87//375 86//375
f 118//376 102//376 110//376
f 65//377 68//377 67//377
f 136//378 123//378 130//378
f 118//366 65//366 138//366
f 137//379 138//379 136//379
f 137//369 61//369 62//369
f 62//380 65//380 64//380
f 129//381 113//381 127//381
f 111//382 127//382 112//382
f 125//383 111//383 102//383
f 124//384 101//384 105//384
f 100//385 104//385 103//385
f 99//386 103//386 96//386
f 94//387 99//387 95//387
f 98//388 94//388 93//388
f 97//389 90//389 74//389
f 70//390 90//390 89//390
f 89//391 68//391 69//391
f 68//392 83//392 85//392
f 84//376 86//376 85//376
f 71//393 86//393 87//393
f 71//394 92//394 72//394
f 73//395 77//395 78//395
f 76//396 78//396 79//396
f 119//396 79//396 80//396
f 120//397 80//397 81//397
f 82//398 121//398 120//398
f 106//399 131//399 122//399
f 106//400 107//400 132//400
f 133//401 107//401 108//401
f 134//402 117//402 109//402
f 135//403 115//403 113//403
f 135//404 130//404 123//404
f 1016//405 1026//405 1025//405
f 1012//406 1040//406 1034//406
f 1014//406 1035//406 1013//406
f 1040//407 1025//407 1026//407
f 1016//408 1023//408 1012//408
f 1022//408 1019//408 1014//408
f 1034//409 1016//409 1012//409
f 1029//410 1021//410 1022//410
f 1028//411 1029//411 1031//411
f 1034//412 1026//412 1027//412
f 1021//413 1031//413 1019//413
f 1020//405 1032//405 1018//405
f 1039//406 1015//406 1024//406
f 1014//407 1033//407 1038//407
f 1018//407 1039//407 1024//407
f 1018//408 1015//408 1020//408
f 1037//409 1020//409 1015//409
f 1030//412 1039//412 1032//412
f 1035//412 1033//412 1029//412
f 1086//414 1088//414 1087//414
f 1091//415 1093//415 1090//415
f 1086//416 1091//416 1090//416
f 1088//417 1091//417 1087//417
f 1089//418 1092//418 1088//418
f 1086//419 1093//419 1089//419
f 1097//420 1095//420 1094//420
f 1099//421 1101//421 1098//421
f 1095//422 1098//422 1094//422
f 1096//423 1099//423 1095//423
f 1097//424 1100//424 1096//424
f 1094//425 1101//425 1097//425
f 1102//416 1103//416 1104//416
f 1102//422 1104//422 1105//422
f 1102//426 1105//426 1106//426
f 1107//427 1109//427 1108//427
f 1107//428 1110//428 1109//428
f 1107//429 1111//429 1110//429
f 1102//430 1108//430 1103//430
f 1104//431 1108//431 1109//431
f 1105//432 1109//432 1110//432
f 1102//433 1111//433 1107//433
f 1105//434 1111//434 1106//434
f 1112//435 1122//435 1117//435
f 1120//436 1121//436 1123//436
f 1121//437 1122//437 1123//437
f 1122//438 1113//438 1123//438
f 1112//439 1117//439 1116//439
f 1116//440 1117//440 1118//440
f 1112//441 1116//441 1114//441
f 1112//442 1114//442 1113//442
f 1113//443 1114//443 1119//443
f 1113//444 1119//444 1120//444
f 1113//445 1120//445 1123//445
f 1115//446 1116//446 1118//446
f 1115//447 1118//447 1121//447
f 1114//448 1115//448 1119//448
f 1115//449 1120//449 1119//449
f 1118//450 1122//450 1121//450
f 1125//451 1135//451 1128//451
f 1128//452 1135//452 1134//452
f 1135//453 1130//453 1133//453
f 1126//454 1128//454 1127//454
f 1125//455 1128//455 1126//455
f 1124//456 1127//456 1133//456
f 1124//457 1125//457 1126//457
f 1124//458 1130//458 1125//458
f 1132//459 1135//459 1133//459
f 1127//460 1134//460 1129//460
f 1127//461 1129//461 1131//461
f 1129//462 1132//462 1131//462
f 1127//463 1131//463 1133//463
f 1124//464 1133//464 1130//464
f 1132//465 1133//465 1131//465
f 1129//466 1135//466 1132//466
f 1150//467 1142//467 1151//467
f 1136//468 1146//468 1196//468
f 1145//469 1141//469 1140//469
f 1145//470 1140//470 1137//470
f 1145//471 1144//471 1171//471
f 1137//472 1144//472 1145//472
f 1153//473 1142//473 1141//473
f 1141//474 1156//474 1155//474
f 1158//475 1137//475 1157//475
f 1156//476 1142//476 1160//476
f 1136//477 1139//477 1137//477
f 1136//478 1159//478 1161//478
f 1160//478 1142//478 1150//478
f 1174//479 1144//479 1139//479
f 1167//480 1139//480 1136//480
f 1165//481 1145//481 1180//481
f 1181//482 1179//482 1180//482
f 1165//483 1163//483 1162//483
f 1179//484 1177//484 1180//484
f 1147//485 1182//485 1163//485
f 1146//486 1197//486 1194//486
f 1146//487 1185//487 1184//487
f 1160//488 1151//488 1155//488
f 1163//489 1187//489 1186//489
f 1155//490 1164//490 1188//490
f 1149//491 1159//491 1192//491
f 1198//492 1166//492 1195//492
f 1167//493 1138//493 1172//493
f 1177//494 1176//494 1182//494
f 1186//495 1179//495 1180//495
f 1166//496 1199//496 1170//496
f 1185//496 1191//496 1184//496
f 1190//497 1138//497 1169//497
f 1138//498 1180//498 1178//498
f 1196//499 1199//499 1198//499
f 1196//500 1197//500 1200//500
f 1206//501 1207//501 1209//501
f 1202//502 1209//502 1207//502
f 1202//503 1208//503 1209//503
f 1205//504 1209//504 1208//504
f 1204//505 1207//505 1206//505
f 1206//506 1205//506 1204//506
f 1201//507 1202//507 1203//507
f 1201//508 1208//508 1202//508
f 1201//509 1205//509 1208//509
f 1203//510 1204//510 1205//510
f 1201//511 1203//511 1205//511
f 1204//512 1202//512 1207//512
f 1213//79 1211//79 1210//79
f 1215//20 1217//20 1214//20
f 1210//69 1215//69 1214//69
f 1212//513 1215//513 1211//513
f 1213//81 1216//81 1212//81
f 1210//87 1217//87 1213//87
f 1221//119 1219//119 1218//119
f 1223//21 1225//21 1222//21
f 1219//69 1222//69 1218//69
f 1220//112 1223//112 1219//112
f 1220//81 1225//81 1224//81
f 1218//114 1225//114 1221//114
f 1229//131 1227//131 1226//131
f 1231//22 1233//22 1230//22
f 1226//69 1231//69 1230//69
f 1228//135 1231//135 1227//135
f 1229//81 1232//81 1228//81
f 1226//129 1233//129 1229//129
f 1245//154 1235//154 1247//154
f 1263//2 1240//2 1252//2
f 1242//146 1235//146 1255//146
f 1236//141 1241//141 1243//141
f 1248//144 1259//144 1256//144
f 1238//152 1269//152 1265//152
f 1237//152 1251//152 1260//152
f 1240//514 1242//514 1239//514
f 1243//515 1242//515 1244//515
f 1247//516 1248//516 1245//516
f 1245//517 1248//517 1246//517
f 1251//518 1257//518 1261//518
f 1250//519 1251//519 1249//519
f 1252//520 1255//520 1256//520
f 1257//521 1260//521 1261//521
f 1259//522 1272//522 1271//522
f 1258//523 1255//523 1254//523
f 1269//524 1263//524 1264//524
f 1269//525 1268//525 1265//525
f 1266//526 1263//526 1272//526
f 1271//527 1272//527 1270//527
f 1275//528 1273//528 1274//528
f 1278//15 1283//15 1282//15
f 1290//529 1277//529 1273//529
f 1274//176 1278//176 1275//176
f 1275//530 1280//530 1286//530
f 1276//531 1293//531 1292//531
f 1287//532 1280//532 1284//532
f 1286//533 1284//533 1282//533
f 1282//534 1285//534 1296//534
f 1283//535 1281//535 1285//535
f 1292//536 1293//536 1296//536
f 1279//537 1295//537 1291//537
f 1292//538 1290//538 1289//538
f 1298//539 1300//539 1297//539
f 1304//7 1315//7 1314//7
f 1301//7 1305//7 1306//7
f 1297//540 1306//540 1308//540
f 1310//541 1303//541 1298//541
f 1316//542 1315//542 1304//542
f 1302//542 1299//542 1311//542
f 1302//215 1297//215 1300//215
f 1309//543 1313//543 1303//543
f 1305//544 1308//544 1306//544
f 1309//545 1311//545 1313//545
f 1304//546 1314//546 1316//546
f 1308//547 1311//547 1310//547
f 1316//548 1314//548 1315//548
f 1317//549 1319//549 1318//549
f 1322//19 1324//19 1321//19
f 1318//550 1321//550 1317//550
f 1318//244 1323//244 1322//244
f 1319//551 1324//551 1323//551
f 1317//242 1324//242 1320//242
f 1327//552 1328//552 1329//552
f 1331//553 1326//553 1330//553
f 1329//554 1331//554 1330//554
f 1329//555 1328//555 1331//555
f 1330//556 1327//556 1329//556
f 1327//557 1326//557 1325//557
f 1326//558 1328//558 1325//558
f 1332//559 1334//559 1337//559
f 1334//560 1338//560 1337//560
f 1336//12 1337//12 1338//12
f 1335//12 1337//12 1336//12
f 1332//561 1337//561 1335//561
f 1332//562 1335//562 1333//562
f 1332//563 1333//563 1334//563
f 1333//564 1335//564 1336//564
f 1333//565 1338//565 1334//565
f 1339//566 1344//566 1343//566
f 1339//567 1343//567 1340//567
f 1339//568 1340//568 1341//568
f 1339//569 1341//569 1344//569
f 1343//570 1344//570 1345//570
f 1340//571 1343//571 1345//571
f 1340//572 1345//572 1342//572
f 1340//573 1342//573 1341//573
f 1341//574 1345//574 1344//574
f 1346//575 1360//575 1359//575
f 1362//576 1356//576 1353//576
f 1365//576 1354//576 1361//576
f 1358//577 1351//577 1357//577
f 1354//578 1351//578 1346//578
f 1349//17 1352//17 1353//17
f 1346//579 1347//579 1349//579
f 1351//580 1353//580 1352//580
f 1346//581 1352//581 1347//581
f 1368//582 1358//582 1350//582
f 1356//583 1350//583 1369//583
f 1370//584 1358//584 1357//584
f 1359//585 1366//585 1369//585
f 1363//585 1348//585 1367//585
f 1348//586 1364//586 1368//586
f 1367//587 1348//587 1368//587
f 1361//588 1369//588 1370//588
f 1371//557 1372//557 1374//557
f 1373//589 1376//589 1375//589
f 1374//9 1379//9 1377//9
f 1372//590 1377//590 1376//590
f 1374//591 1373//591 1380//591
f 1378//592 1380//592 1379//592
f 1376//593 1379//593 1380//593
f 1381//557 1386//557 1385//557
f 1384//589 1382//589 1383//589
f 1382//3 1386//3 1383//3
f 1384//594 1386//594 1381//594
f 1381//595 1382//595 1384//595
f 1387//477 1388//477 1389//477
f 1390//554 1392//554 1391//554
f 1389//3 1390//3 1391//3
f 1390//596 1387//596 1392//596
f 1387//597 1391//597 1392//597
f 1399//477 1397//477 1393//477
f 1394//554 1396//554 1395//554
f 1395//5 1401//5 1400//5
f 1403//598 1393//598 1402//598
f 1393//599 1405//599 1399//599
f 1397//519 1398//519 1402//519
f 1402//600 1399//600 1403//600
f 1399//601 1406//601 1405//601
f 1401//602 1405//602 1400//602
f 1407//603 1411//603 1412//603
f 1408//564 1409//564 1410//564
f 1410//10 1414//10 1413//10
f 1409//604 1407//604 1415//604
f 1407//605 1410//605 1416//605
f 1414//606 1416//606 1413//606
f 1411//607 1415//607 1412//607
f 1417//608 1423//608 1422//608
f 1418//564 1420//564 1419//564
f 1425//12 1418//12 1426//12
f 1421//609 1419//609 1420//609
f 1428//610 1418//610 1417//610
f 1427//611 1428//611 1426//611
f 1422//612 1423//612 1425//612
f 1424//613 1425//613 1426//613
f 1429//442 1430//442 1435//442
f 1431//560 1432//560 1433//560
f 1437//12 1432//12 1439//12
f 1440//614 1432//614 1429//614
f 1430//615 1431//615 1433//615
f 1440//616 1439//616 1438//616
f 1434//612 1437//612 1435//612
f 1436//617 1437//617 1439//617
f 1441//442 1443//442 1442//442
f 1444//560 1445//560 1446//560
f 1446//6 1443//6 1444//6
f 1444//618 1441//618 1445//618
f 1445//619 1442//619 1446//619
f 1449//473 1451//473 1450//473
f 1447//573 1448//573 1452//573
f 1452//4 1450//4 1451//4
f 1448//620 1449//620 1450//620
f 1449//621 1452//621 1451//621
f 1453//473 1454//473 1455//473
f 1456//573 1457//573 1458//573
f 1453//16 1460//16 1459//16
f 1454//622 1458//622 1461//622
f 1456//623 1453//623 1462//623
f 1460//624 1462//624 1459//624
f 1462//490 1458//490 1457//490
f 1463//625 1464//625 1465//625
f 1466//626 1468//626 1469//626
f 1464//17 1469//17 1470//17
f 1467//627 1464//627 1463//627
f 1463//628 1470//628 1468//628
f 1468//629 1470//629 1469//629
f 1471//579 1473//579 1472//579
f 1475//626 1479//626 1474//626
f 1471//16 1479//16 1481//16
f 1477//630 1472//630 1473//630
f 1471//631 1476//631 1478//631
f 1476//632 1477//632 1478//632
f 1478//633 1482//633 1480//633
f 1479//634 1482//634 1481//634
f 1486//471 1487//471 1488//471
f 1483//449 1485//449 1484//449
f 1485//6 1487//6 1484//6
f 1484//635 1486//635 1483//635
f 1483//636 1488//636 1485//636
f 1490//471 1491//471 1492//471
f 1489//449 1493//449 1494//449
f 1491//8 1495//8 1492//8
f 1490//637 1495//637 1497//637
f 1490//638 1494//638 1498//638
f 1498//639 1495//639 1496//639
f 1493//640 1498//640 1494//640
f 1499//641 1503//641 1501//641
f 1499//642 1504//642 1503//642
f 1499//643 1500//643 1504//643
f 1500//644 1502//644 1504//644
f 1500//603 1501//603 1502//603
f 1499//645 1501//645 1500//645
f 1502//646 1503//646 1504//646
f 1508//647 1510//647 1509//647
f 1505//440 1506//440 1507//440
f 1510//12 1505//12 1509//12
f 1509//648 1507//648 1508//648
f 1507//649 1510//649 1508//649
f 1514//647 1516//647 1515//647
f 1511//440 1513//440 1512//440
f 1515//13 1511//13 1514//13
f 1516//650 1513//650 1515//650
f 1514//651 1512//651 1516//651
f 1520//510 1521//510 1522//510
f 1517//454 1518//454 1519//454
f 1521//22 1519//22 1522//22
f 1520//652 1517//652 1521//652
f 1520//653 1519//653 1518//653
f 1526//501 1528//501 1527//501
f 1523//654 1524//654 1525//654
f 1525//19 1528//19 1526//19
f 1528//655 1523//655 1527//655
f 1523//656 1526//656 1527//656
f 1532//657 1534//657 1533//657
f 1529//658 1531//658 1530//658
f 1534//21 1529//21 1533//21
f 1529//659 1532//659 1533//659
f 1530//660 1534//660 1532//660
f 1538//510 1539//510 1540//510
f 1535//454 1537//454 1536//454
f 1535//18 1539//18 1538//18
f 1536//661 1540//661 1539//661
f 1537//662 1538//662 1540//662
f 1544//657 1545//657 1546//657
f 1541//658 1542//658 1543//658
f 1546//663 1541//663 1544//663
f 1545//664 1542//664 1546//664
f 1545//665 1541//665 1543//665
f 1550//666 1552//666 1551//666
f 1547//667 1548//667 1549//667
f 1552//18 1548//18 1551//18
f 1550//668 1549//668 1552//668
f 1551//669 1547//669 1550//669
f 1553//670 1555//670 1554//670
f 1556//437 1558//437 1557//437
f 1554//13 1558//13 1556//13
f 1553//671 1556//671 1557//671
f 1558//672 1553//672 1557//672
f 1559//670 1560//670 1561//670
f 1562//437 1563//437 1564//437
f 1563//7 1560//7 1564//7
f 1564//673 1559//673 1562//673
f 1563//674 1559//674 1561//674
f 1567//580 1568//580 1569//580
f 1565//458 1570//458 1566//458
f 1565//17 1569//17 1572//17
f 1565//675 1568//675 1567//675
f 1568//676 1570//676 1572//676
f 1570//677 1571//677 1572//677
f 1576//580 1578//580 1577//580
f 1573//458 1574//458 1575//458
f 1574//14 1578//14 1575//14
f 1576//678 1575//678 1578//678
f 1573//679 1577//679 1574//679
f 1579//680 1580//680 1581//680
f 1582//681 1584//681 1583//681
f 1583//18 1580//18 1582//18
f 1582//682 1579//682 1584//682
f 1579//683 1583//683 1584//683
f 1589//459 1588//459 1590//459
f 1585//684 1586//684 1587//684
f 1586//15 1591//15 1587//15
f 1593//685 1586//685 1588//685
f 1585//686 1591//686 1594//686
f 1591//687 1593//687 1594//687
f 1593//534 1590//534 1594//534
f 1600//688 1599//688 1602//688
f 1607//459 1601//459 1608//459
f 1595//684 1597//684 1596//684
f 1596//14 1598//14 1607//14
f 1599//689 1603//689 1602//689
f 1605//690 1595//690 1596//690
f 1597//691 1604//691 1606//691
f 1599//692 1600//692 1603//692
f 1604//693 1605//693 1606//693
f 1606//694 1610//694 1608//694
f 1602//695 1603//695 1600//695
f 1610//696 1607//696 1608//696
f 1611//680 1612//680 1613//680
f 1614//681 1616//681 1615//681
f 1616//15 1612//15 1615//15
f 1611//697 1616//697 1614//697
f 1615//698 1611//698 1614//698
f 1618//680 1619//680 1621//680
f 1619//699 1620//699 1621//699
f 1620//700 1622//700 1621//700
f 1618//701 1621//701 1622//701
f 1617//702 1618//702 1622//702
f 1617//703 1622//703 1620//703
f 1619//704 1617//704 1620//704
f 10//1 321//1 19//1
f 16//705 18//705 317//705
f 10//1 19//1 16//1
f 18//1 19//1 321//1
f 351//11 341//11 335//11
f 267//20 4//20 410//20
f 591//21 644//21 500//21
f 500//21 491//21 594//21
f 594//706 657//706 648//706
f 594//21 648//21 596//21
f 591//21 500//21 594//21
f 657//21 500//21 644//21
f 411//22 492//22 500//22
f 9//24 13//24 20//24
f 9//24 20//24 21//24
f 43//24 318//24 320//24
f 22//24 43//24 320//24
f 320//24 9//24 21//24
f 23//24 22//24 320//24
f 318//25 43//25 63//25
f 63//707 294//707 295//707
f 273//708 272//708 26//708
f 318//25 63//25 295//25
f 318//25 295//25 273//25
f 12//25 13//25 9//25
f 26//25 12//25 9//25
f 316//25 318//25 273//25
f 273//25 26//25 9//25
f 908//30 905//30 906//30
f 904//709 804//709 803//709
f 908//30 906//30 904//30
f 761//30 779//30 674//30
f 759//710 760//710 761//710
f 908//30 904//30 803//30
f 759//30 761//30 674//30
f 800//30 908//30 803//30
f 803//30 759//30 674//30
f 672//31 674//31 779//31
f 781//31 905//31 908//31
f 672//31 779//31 781//31
f 338//35 333//35 357//35
f 358//35 359//35 338//35
f 337//35 324//35 354//35
f 354//711 358//711 360//711
f 334//35 332//35 356//35
f 356//35 364//35 350//35
f 350//35 339//35 334//35
f 913//39 1044//39 1050//39
f 1049//712 1048//712 1083//712
f 913//39 1050//39 1049//39
f 1006//39 1084//39 1010//39
f 1049//713 1083//713 1006//713
f 1006//39 1010//39 913//39
f 1010//39 1084//39 1050//39
f 1010//714 656//714 1009//714
f 1003//715 937//715 920//715
f 1010//714 1004//714 1003//714
f 642//44 643//44 501//44
f 656//716 646//716 642//716
f 919//44 1009//44 656//44
f 655//44 919//44 656//44
f 655//44 656//44 642//44
f 920//44 655//44 642//44
f 501//44 1010//44 1003//44
f 1003//44 920//44 642//44
f 268//45 217//45 146//45
f 268//45 146//45 143//45
f 215//45 413//45 3//45
f 145//45 215//45 3//45
f 268//45 143//45 142//45
f 268//45 142//45 139//45
f 141//45 145//45 3//45
f 3//45 268//45 139//45
f 217//717 268//717 913//717
f 217//718 913//718 225//718
f 402//47 404//47 413//47
f 217//719 225//719 223//719
f 223//47 402//47 413//47
f 215//720 217//720 223//720
f 404//47 225//47 913//47
f 501//721 586//721 547//721
f 547//722 527//722 525//722
f 523//723 524//723 546//723
f 501//721 547//721 525//721
f 501//721 525//721 523//721
f 584//48 593//48 490//48
f 546//724 584//724 490//724
f 490//721 501//721 523//721
f 593//721 584//721 586//721
f 586//725 501//725 643//725
f 608//726 607//726 606//726
f 586//727 643//727 608//727
f 647//725 646//725 656//725
f 595//728 647//728 656//728
f 586//49 608//49 606//49
f 586//49 606//49 590//49
f 595//49 656//49 593//49
f 593//729 586//729 590//729
f 412//50 913//50 417//50
f 412//50 417//50 415//50
f 488//50 494//50 493//50
f 412//50 415//50 488//50
f 501//730 493//730 494//730
f 494//50 417//50 913//50
f 321//731 320//731 318//731
f 321//732 10//732 9//732
f 318//733 316//733 315//733
f 9//734 10//734 315//734
f 266//735 265//735 671//735
f 800//736 801//736 909//736
f 673//737 672//737 908//737
f 266//738 2//738 1//738
f 1//739 2//739 268//739
f 319//740 322//740 365//740
f 269//741 671//741 322//741
f 800//742 366//742 365//742
f 1044//743 911//743 910//743
f 1011//744 1010//744 1044//744
f 911//745 672//745 673//745
f 1011//746 657//746 656//746
f 410//69 4//69 3//69
f 410//747 413//747 913//747
f 3//87 4//87 267//87
f 594//69 491//69 490//69
f 594//748 593//748 656//748
f 501//749 490//749 491//749
f 411//69 412//69 493//69
f 492//750 493//750 501//750
f 913//751 412//751 411//751
f 216//69 192//69 193//69
f 194//69 197//69 219//69
f 216//69 193//69 194//69
f 191//69 192//69 216//69
f 140//69 152//69 147//69
f 140//69 147//69 153//69
f 190//69 191//69 216//69
f 181//69 190//69 216//69
f 216//69 140//69 153//69
f 216//69 153//69 159//69
f 185//69 181//69 216//69
f 185//69 216//69 159//69
f 185//69 159//69 160//69
f 184//69 185//69 160//69
f 184//69 160//69 161//69
f 183//69 184//69 161//69
f 183//69 161//69 162//69
f 186//69 183//69 162//69
f 186//69 162//69 163//69
f 187//69 186//69 163//69
f 187//69 163//69 157//69
f 188//69 187//69 157//69
f 188//69 157//69 156//69
f 189//69 188//69 156//69
f 189//69 156//69 155//69
f 151//69 150//69 5//69
f 219//69 197//69 196//69
f 219//69 196//69 195//69
f 154//69 151//69 5//69
f 155//69 154//69 5//69
f 219//69 195//69 189//69
f 189//69 155//69 5//69
f 140//69 5//69 150//69
f 140//69 150//69 149//69
f 148//69 152//69 140//69
f 6//77 5//77 7//77
f 6//79 8//79 171//79
f 215//80 216//80 218//80
f 167//81 7//81 144//81
f 144//81 169//81 165//81
f 166//81 167//81 144//81
f 222//81 213//81 210//81
f 209//81 208//81 218//81
f 222//81 210//81 209//81
f 212//81 213//81 222//81
f 7//81 167//81 168//81
f 7//81 168//81 172//81
f 211//81 212//81 222//81
f 205//81 211//81 222//81
f 7//81 172//81 173//81
f 7//81 173//81 174//81
f 205//81 222//81 7//81
f 204//81 205//81 7//81
f 204//81 7//81 174//81
f 203//81 204//81 174//81
f 203//81 174//81 175//81
f 202//81 203//81 175//81
f 202//81 175//81 180//81
f 199//81 202//81 180//81
f 199//81 180//81 179//81
f 200//81 199//81 179//81
f 200//81 179//81 178//81
f 201//81 200//81 178//81
f 201//81 178//81 177//81
f 182//81 201//81 177//81
f 182//81 177//81 176//81
f 206//81 182//81 176//81
f 206//81 176//81 170//81
f 218//81 208//81 207//81
f 218//81 207//81 206//81
f 164//81 169//81 144//81
f 218//81 206//81 170//81
f 170//81 164//81 144//81
f 158//79 171//79 214//79
f 198//79 214//79 221//79
f 144//82 140//82 139//82
f 144//84 143//84 146//84
f 145//85 141//85 140//85
f 219//86 220//86 221//86
f 7//87 5//87 140//87
f 216//88 219//88 222//88
f 155//90 156//90 174//90
f 154//91 155//91 173//91
f 151//92 154//92 172//92
f 150//93 151//93 168//93
f 149//94 150//94 167//94
f 148//95 149//95 166//95
f 148//96 165//96 169//96
f 147//97 152//97 169//97
f 147//98 164//98 170//98
f 153//99 170//99 176//99
f 159//100 176//100 177//100
f 160//101 177//101 178//101
f 161//102 178//102 179//102
f 162//103 179//103 180//103
f 157//104 163//104 180//104
f 156//105 157//105 175//105
f 189//90 195//90 211//90
f 188//91 189//91 205//91
f 187//92 188//92 204//92
f 186//93 187//93 203//93
f 183//94 186//94 202//94
f 184//95 183//95 199//95
f 184//96 200//96 201//96
f 181//97 185//97 201//97
f 181//98 182//98 206//98
f 190//99 206//99 207//99
f 191//100 207//100 208//100
f 192//101 208//101 209//101
f 193//102 209//102 210//102
f 194//103 210//103 213//103
f 196//104 197//104 213//104
f 195//105 196//105 212//105
f 238//77 237//77 240//77
f 403//69 381//69 382//69
f 383//69 384//69 406//69
f 403//69 382//69 383//69
f 380//69 381//69 403//69
f 224//69 228//69 229//69
f 224//69 229//69 230//69
f 373//69 380//69 403//69
f 372//69 373//69 403//69
f 403//69 224//69 230//69
f 403//69 230//69 231//69
f 370//69 372//69 403//69
f 370//69 403//69 231//69
f 370//69 231//69 246//69
f 371//69 370//69 246//69
f 371//69 246//69 247//69
f 374//69 371//69 247//69
f 374//69 247//69 249//69
f 375//69 374//69 249//69
f 375//69 249//69 250//69
f 376//69 375//69 250//69
f 376//69 250//69 248//69
f 377//69 376//69 248//69
f 377//69 248//69 251//69
f 378//69 377//69 251//69
f 378//69 251//69 245//69
f 243//69 242//69 237//69
f 406//69 384//69 379//69
f 406//69 379//69 400//69
f 244//69 243//69 237//69
f 245//69 244//69 237//69
f 406//69 400//69 378//69
f 378//69 245//69 237//69
f 227//69 228//69 224//69
f 224//69 237//69 242//69
f 241//69 227//69 224//69
f 224//87 226//87 240//87
f 402//80 403//80 405//80
f 252//79 253//79 409//79
f 238//79 239//79 253//79
f 226//82 224//82 223//82
f 224//89 403//89 402//89
f 240//81 226//81 233//81
f 240//81 233//81 232//81
f 254//81 255//81 240//81
f 397//81 396//81 405//81
f 405//81 408//81 399//81
f 398//81 397//81 405//81
f 394//81 399//81 408//81
f 240//81 255//81 256//81
f 240//81 256//81 257//81
f 401//81 394//81 408//81
f 393//81 401//81 408//81
f 240//81 257//81 258//81
f 240//81 258//81 264//81
f 393//81 408//81 240//81
f 392//81 393//81 240//81
f 392//81 240//81 264//81
f 391//81 392//81 264//81
f 391//81 264//81 261//81
f 390//81 391//81 261//81
f 390//81 261//81 263//81
f 389//81 390//81 263//81
f 389//81 263//81 262//81
f 386//81 389//81 262//81
f 386//81 262//81 260//81
f 385//81 386//81 260//81
f 385//81 260//81 259//81
f 387//81 385//81 259//81
f 387//81 259//81 236//81
f 388//81 387//81 236//81
f 388//81 236//81 235//81
f 405//81 396//81 395//81
f 405//81 395//81 388//81
f 234//81 233//81 226//81
f 405//81 388//81 235//81
f 235//81 234//81 226//81
f 226//83 225//83 404//83
f 403//88 406//88 408//88
f 406//86 407//86 409//86
f 245//90 251//90 264//90
f 244//91 245//91 258//91
f 243//92 244//92 257//92
f 242//93 243//93 256//93
f 241//94 242//94 255//94
f 227//95 241//95 254//95
f 227//96 232//96 233//96
f 228//97 233//97 234//97
f 229//98 234//98 235//98
f 230//99 235//99 236//99
f 231//100 236//100 259//100
f 246//101 259//101 260//101
f 247//102 260//102 262//102
f 249//103 262//103 263//103
f 248//104 250//104 263//104
f 251//105 248//105 261//105
f 378//90 400//90 401//90
f 392//91 377//91 378//91
f 376//125 377//125 392//125
f 375//93 376//93 391//93
f 374//94 375//94 390//94
f 371//95 374//95 389//95
f 371//96 386//96 385//96
f 370//97 385//97 387//97
f 372//98 387//98 388//98
f 373//99 388//99 395//99
f 380//100 395//100 396//100
f 382//101 381//101 396//101
f 382//102 397//102 398//102
f 383//103 398//103 399//103
f 379//104 384//104 399//104
f 400//105 379//105 394//105
f 557//69 558//69 585//69
f 522//69 529//69 530//69
f 522//69 530//69 531//69
f 556//69 557//69 585//69
f 555//69 556//69 585//69
f 585//69 522//69 531//69
f 585//69 531//69 532//69
f 550//69 555//69 585//69
f 550//69 585//69 532//69
f 550//69 532//69 533//69
f 549//69 550//69 533//69
f 549//69 533//69 534//69
f 548//69 549//69 534//69
f 548//69 534//69 536//69
f 551//69 548//69 536//69
f 551//69 536//69 535//69
f 552//69 551//69 535//69
f 552//69 535//69 510//69
f 553//69 552//69 510//69
f 553//69 510//69 509//69
f 554//69 553//69 509//69
f 554//69 509//69 508//69
f 506//69 504//69 502//69
f 575//69 572//69 571//69
f 575//69 571//69 570//69
f 507//69 506//69 502//69
f 508//69 507//69 502//69
f 575//69 570//69 554//69
f 554//69 508//69 502//69
f 585//69 558//69 574//69
f 573//69 572//69 575//69
f 585//69 574//69 573//69
f 529//69 522//69 502//69
f 502//69 504//69 505//69
f 528//69 529//69 502//69
f 575//112 583//112 587//112
f 516//81 515//81 513//81
f 513//81 526//81 538//81
f 537//81 516//81 513//81
f 583//81 579//81 580//81
f 581//81 569//81 587//81
f 583//81 580//81 581//81
f 578//81 579//81 583//81
f 513//81 515//81 517//81
f 513//81 517//81 518//81
f 577//81 578//81 583//81
f 565//81 577//81 583//81
f 513//81 518//81 519//81
f 513//81 519//81 520//81
f 565//81 583//81 513//81
f 564//81 565//81 513//81
f 564//81 513//81 520//81
f 563//81 564//81 520//81
f 563//81 520//81 521//81
f 562//81 563//81 521//81
f 562//81 521//81 544//81
f 559//81 562//81 544//81
f 559//81 544//81 545//81
f 560//81 559//81 545//81
f 560//81 545//81 543//81
f 561//81 560//81 543//81
f 561//81 543//81 542//81
f 566//81 561//81 542//81
f 566//81 542//81 541//81
f 567//81 566//81 541//81
f 567//81 541//81 540//81
f 587//81 569//81 568//81
f 587//81 568//81 567//81
f 539//81 538//81 526//81
f 587//81 567//81 540//81
f 540//81 539//81 526//81
f 502//114 522//114 526//114
f 584//116 585//116 587//116
f 546//115 524//115 522//115
f 526//117 522//117 523//117
f 512//118 503//118 502//118
f 503//119 512//119 514//119
f 511//119 514//119 582//119
f 526//120 527//120 547//120
f 576//752 582//752 583//752
f 510//90 535//90 544//90
f 509//91 510//91 521//91
f 519//107 508//107 509//107
f 518//93 507//93 508//93
f 506//94 507//94 518//94
f 504//108 506//108 517//108
f 504//96 515//96 516//96
f 505//97 516//97 537//97
f 528//98 537//98 538//98
f 529//99 538//99 539//99
f 531//109 530//109 539//109
f 532//127 531//127 540//127
f 532//102 541//102 542//102
f 533//110 542//110 543//110
f 536//104 534//104 543//104
f 535//105 536//105 545//105
f 571//90 572//90 579//90
f 570//91 571//91 578//91
f 565//107 554//107 570//107
f 564//93 553//93 554//93
f 552//94 553//94 564//94
f 551//108 552//108 563//108
f 551//96 562//96 559//96
f 548//97 559//97 560//97
f 549//98 560//98 561//98
f 550//753 561//753 566//753
f 556//109 555//109 566//109
f 556//101 567//101 568//101
f 557//102 568//102 569//102
f 558//110 569//110 581//110
f 573//104 574//104 581//104
f 572//105 573//105 580//105
f 414//129 416//129 438//129
f 419//131 437//131 444//131
f 416//132 414//132 415//132
f 436//131 444//131 498//131
f 496//134 497//134 498//134
f 489//135 496//135 499//135
f 415//136 414//136 489//136
f 419//754 418//754 438//754
f 438//81 416//81 440//81
f 438//81 440//81 439//81
f 445//81 446//81 438//81
f 484//81 483//81 495//81
f 495//81 499//81 486//81
f 485//81 484//81 495//81
f 482//81 486//81 499//81
f 438//81 446//81 447//81
f 438//81 447//81 448//81
f 487//81 482//81 499//81
f 481//81 487//81 499//81
f 438//81 448//81 449//81
f 438//81 449//81 450//81
f 481//81 499//81 438//81
f 476//81 481//81 438//81
f 476//81 438//81 450//81
f 475//81 476//81 450//81
f 475//81 450//81 455//81
f 474//81 475//81 455//81
f 474//81 455//81 454//81
f 473//81 474//81 454//81
f 473//81 454//81 453//81
f 472//81 473//81 453//81
f 472//81 453//81 452//81
f 477//81 472//81 452//81
f 477//81 452//81 451//81
f 478//81 477//81 451//81
f 478//81 451//81 443//81
f 479//81 478//81 443//81
f 479//81 443//81 442//81
f 495//81 483//81 480//81
f 495//81 480//81 479//81
f 441//81 440//81 416//81
f 495//81 479//81 442//81
f 442//81 441//81 416//81
f 488//138 489//138 495//138
f 489//69 467//69 468//69
f 469//69 470//69 496//69
f 489//69 468//69 469//69
f 464//69 467//69 489//69
f 414//69 421//69 422//69
f 414//69 422//69 423//69
f 464//69 489//69 414//69
f 463//69 464//69 414//69
f 414//69 423//69 424//69
f 414//69 424//69 431//69
f 462//69 463//69 414//69
f 461//69 462//69 414//69
f 461//69 414//69 431//69
f 456//69 461//69 431//69
f 456//69 431//69 432//69
f 457//69 456//69 432//69
f 457//69 432//69 433//69
f 458//69 457//69 433//69
f 458//69 433//69 434//69
f 459//69 458//69 434//69
f 459//69 434//69 435//69
f 460//69 459//69 435//69
f 460//69 435//69 430//69
f 465//69 460//69 430//69
f 465//69 430//69 429//69
f 427//69 426//69 418//69
f 496//69 470//69 466//69
f 496//69 466//69 471//69
f 428//69 427//69 418//69
f 429//69 428//69 418//69
f 496//69 471//69 465//69
f 465//69 429//69 418//69
f 421//69 414//69 418//69
f 418//69 426//69 425//69
f 420//69 421//69 418//69
f 417//139 494//139 495//139
f 449//90 429//90 430//90
f 448//91 428//91 429//91
f 447//107 427//107 428//107
f 446//93 426//93 427//93
f 425//94 426//94 446//94
f 420//108 425//108 445//108
f 421//96 420//96 439//96
f 421//97 440//97 441//97
f 422//98 441//98 442//98
f 423//99 442//99 443//99
f 431//109 424//109 443//109
f 432//101 431//101 451//101
f 432//102 452//102 453//102
f 433//110 453//110 454//110
f 435//104 434//104 454//104
f 430//105 435//105 455//105
f 465//90 471//90 487//90
f 460//91 465//91 481//91
f 475//92 459//92 460//92
f 474//93 458//93 459//93
f 457//94 458//94 474//94
f 456//95 457//95 473//95
f 456//96 472//96 477//96
f 461//97 477//97 478//97
f 462//98 478//98 479//98
f 463//99 479//99 480//99
f 467//109 464//109 480//109
f 468//101 467//101 483//101
f 468//102 484//102 485//102
f 469//103 485//103 486//103
f 466//104 470//104 486//104
f 471//105 466//105 482//105
f 292//141 274//141 296//141
f 273//755 295//755 296//755
f 45//144 23//144 21//144
f 21//144 25//144 48//144
f 21//144 48//144 47//144
f 46//144 45//144 21//144
f 314//144 307//144 312//144
f 314//144 312//144 311//144
f 53//144 48//144 25//144
f 54//144 53//144 25//144
f 314//144 311//144 310//144
f 314//144 310//144 309//144
f 55//144 54//144 25//144
f 56//144 55//144 25//144
f 25//144 314//144 309//144
f 25//144 309//144 308//144
f 56//144 25//144 308//144
f 56//144 308//144 302//144
f 57//144 56//144 302//144
f 57//144 302//144 301//144
f 60//144 57//144 301//144
f 60//144 301//144 299//144
f 59//144 60//144 299//144
f 59//144 299//144 300//144
f 58//144 59//144 300//144
f 58//144 300//144 297//144
f 52//144 58//144 297//144
f 52//756 297//756 298//756
f 51//144 52//144 298//144
f 303//144 304//144 296//144
f 50//756 51//756 298//756
f 298//144 303//144 296//144
f 296//144 22//144 23//144
f 23//144 45//144 49//144
f 50//144 298//144 296//144
f 23//144 49//144 50//144
f 314//144 296//144 304//144
f 314//144 304//144 305//144
f 306//144 307//144 314//144
f 274//143 11//143 26//143
f 13//757 12//757 11//757
f 283//146 282//146 274//146
f 274//146 292//146 285//146
f 284//146 283//146 274//146
f 14//146 30//146 35//146
f 14//146 35//146 36//146
f 290//146 285//146 292//146
f 289//146 290//146 292//146
f 14//146 36//146 37//146
f 14//146 37//146 38//146
f 288//146 289//146 292//146
f 287//146 288//146 292//146
f 292//146 14//146 38//146
f 292//146 38//146 39//146
f 287//146 292//146 39//146
f 287//146 39//146 42//146
f 286//146 287//146 42//146
f 286//146 42//146 41//146
f 280//146 286//146 41//146
f 280//146 41//146 40//146
f 279//146 280//146 40//146
f 279//146 40//146 34//146
f 277//146 279//146 34//146
f 277//146 34//146 33//146
f 278//146 277//146 33//146
f 278//146 33//146 32//146
f 275//146 278//146 32//146
f 31//146 27//146 11//146
f 276//146 275//146 32//146
f 32//146 31//146 11//146
f 274//146 282//146 281//146
f 276//146 32//146 11//146
f 274//146 281//146 276//146
f 30//146 14//146 11//146
f 11//146 27//146 28//146
f 29//146 30//146 11//146
f 63//147 43//147 22//147
f 313//149 293//149 292//149
f 15//151 24//151 25//151
f 20//152 11//152 14//152
f 14//152 25//152 21//152
f 58//155 40//155 41//155
f 52//156 34//156 40//156
f 33//157 34//157 52//157
f 50//158 32//158 33//158
f 49//159 31//159 32//159
f 45//160 27//160 31//160
f 27//161 45//161 46//161
f 28//162 46//162 47//162
f 30//163 29//163 47//163
f 35//164 30//164 48//164
f 36//165 35//165 53//165
f 37//166 36//166 54//166
f 38//167 37//167 55//167
f 39//168 38//168 56//168
f 42//169 39//169 57//169
f 59//170 41//170 42//170
f 283//155 284//155 306//155
f 282//156 283//156 305//156
f 281//157 282//157 304//157
f 276//158 281//158 303//158
f 275//159 276//159 298//159
f 300//160 278//160 275//160
f 277//161 278//161 300//161
f 277//162 299//162 301//162
f 280//163 279//163 301//163
f 286//164 280//164 302//164
f 309//165 287//165 286//165
f 310//166 288//166 287//166
f 311//167 289//167 288//167
f 312//168 290//168 289//168
f 285//169 290//169 312//169
f 306//170 284//170 285//170
f 1007//171 998//171 999//171
f 1007//172 999//172 1000//172
f 1072//171 1071//171 1085//171
f 1070//758 1072//758 1085//758
f 1085//171 1007//171 1000//171
f 1085//759 1000//759 996//759
f 1077//760 1070//760 1085//760
f 1082//761 1077//761 1085//761
f 1085//758 996//758 995//758
f 1085//171 995//171 994//171
f 1082//171 1085//171 994//171
f 1082//171 994//171 993//171
f 1081//172 1082//172 993//172
f 1081//759 993//759 992//759
f 1076//171 1081//171 992//171
f 1076//171 992//171 991//171
f 1075//172 1076//172 991//172
f 1075//758 991//758 980//758
f 1057//171 1075//171 980//171
f 1057//762 980//762 981//762
f 1056//172 1057//172 981//172
f 1073//763 1056//763 981//763
f 983//172 989//172 969//172
f 1046//759 1067//759 1066//759
f 1046//759 1066//759 1074//759
f 982//759 983//759 969//759
f 981//172 982//172 969//172
f 1046//171 1074//171 1073//171
f 1073//171 981//171 969//171
f 1007//171 969//171 989//171
f 1007//171 989//171 990//171
f 1001//172 998//172 1007//172
f 1067//171 1046//171 1085//171
f 1085//758 1071//758 1069//758
f 1068//171 1067//171 1085//171
f 1041//764 1042//764 1046//764
f 1042//175 1047//175 1085//175
f 966//176 969//176 1007//176
f 1065//179 1047//179 1042//179
f 1042//765 1061//765 1062//765
f 1063//179 1065//179 1042//179
f 966//766 985//766 984//766
f 966//179 984//179 978//179
f 1054//767 1061//767 1042//767
f 1055//179 1054//179 1042//179
f 966//768 978//768 977//768
f 966//769 977//769 979//769
f 1051//767 1055//767 1042//767
f 1051//179 1042//179 966//179
f 1051//179 966//179 979//179
f 1052//766 1051//766 979//766
f 1052//179 979//179 970//179
f 1053//765 1052//765 970//765
f 1053//179 970//179 971//179
f 1058//179 1053//179 971//179
f 1058//180 971//180 972//180
f 1059//179 1058//179 972//179
f 1059//179 972//179 973//179
f 1060//765 1059//765 973//765
f 1060//767 973//767 974//767
f 1078//765 1060//765 974//765
f 1078//179 974//179 975//179
f 1079//767 1078//767 975//767
f 1079//179 975//179 976//179
f 1080//770 1079//770 976//770
f 997//765 988//765 1005//765
f 976//179 997//179 1005//179
f 1047//179 1065//179 1064//179
f 1080//179 976//179 1005//179
f 1047//767 1064//767 1080//767
f 986//179 985//179 966//179
f 966//179 1005//179 988//179
f 987//179 986//179 966//179
f 1084//181 1007//181 1085//181
f 965//182 968//182 969//182
f 1005//183 1006//183 1083//183
f 1006//184 1005//184 1007//184
f 1049//185 1050//185 1085//185
f 968//187 1045//187 1046//187
f 1053//188 1058//188 1075//188
f 1052//771 1053//771 1057//771
f 1051//190 1052//190 1056//190
f 1055//191 1051//191 1073//191
f 1054//192 1055//192 1074//192
f 1067//193 1061//193 1054//193
f 1062//194 1061//194 1067//194
f 1069//195 1063//195 1062//195
f 1065//196 1063//196 1069//196
f 1072//772 1064//772 1065//772
f 1072//198 1070//198 1080//198
f 1079//773 1080//773 1070//773
f 1078//200 1079//200 1077//200
f 1081//201 1060//201 1078//201
f 1059//774 1060//774 1081//774
f 1076//203 1075//203 1058//203
f 983//188 984//188 985//188
f 978//771 984//771 983//771
f 978//190 982//190 981//190
f 979//775 977//775 981//775
f 970//192 979//192 980//192
f 992//193 971//193 970//193
f 972//776 971//776 992//776
f 973//195 972//195 993//195
f 995//196 974//196 973//196
f 995//197 996//197 975//197
f 976//198 975//198 996//198
f 999//773 997//773 976//773
f 988//200 997//200 999//200
f 1001//201 987//201 988//201
f 990//202 986//202 987//202
f 989//203 985//203 986//203
f 784//206 783//206 741//206
f 741//207 802//207 791//207
f 741//777 791//777 786//777
f 785//207 784//207 741//207
f 890//778 893//778 896//778
f 741//207 783//207 782//207
f 741//206 782//206 787//206
f 889//207 890//207 896//207
f 888//206 889//206 896//206
f 896//207 741//207 787//207
f 896//779 787//779 788//779
f 888//207 896//207 788//207
f 888//207 788//207 789//207
f 884//779 888//779 789//779
f 884//206 789//206 790//206
f 887//207 884//207 790//207
f 887//207 790//207 796//207
f 886//206 887//206 796//206
f 886//206 796//206 797//206
f 891//207 886//207 797//207
f 891//207 797//207 798//207
f 892//206 891//206 798//206
f 892//207 798//207 799//207
f 897//207 892//207 799//207
f 897//778 799//778 794//778
f 898//779 897//779 794//779
f 793//207 791//207 802//207
f 901//780 898//780 794//780
f 794//207 793//207 802//207
f 907//207 902//207 901//207
f 901//207 794//207 802//207
f 907//207 896//207 893//207
f 907//207 893//207 899//207
f 903//206 902//206 907//206
f 907//206 899//206 900//206
f 741//208 896//208 895//208
f 772//211 896//211 907//211
f 775//212 778//212 780//212
f 742//212 752//212 753//212
f 742//781 753//781 754//781
f 775//212 780//212 742//212
f 774//212 775//212 742//212
f 742//212 754//212 758//212
f 774//212 742//212 758//212
f 773//213 774//213 758//213
f 773//212 758//212 757//212
f 769//212 773//212 757//212
f 769//212 757//212 756//212
f 766//213 769//213 756//213
f 766//213 756//213 755//213
f 765//212 766//212 755//212
f 765//212 755//212 751//212
f 763//212 765//212 751//212
f 763//213 751//213 750//213
f 762//212 763//212 750//212
f 762//212 750//212 749//212
f 764//782 762//782 749//782
f 764//783 749//783 744//783
f 743//212 746//212 736//212
f 772//781 770//781 768//781
f 772//212 768//212 767//212
f 744//782 743//782 736//782
f 772//213 767//213 764//213
f 764//212 744//212 736//212
f 771//212 770//212 772//212
f 772//212 780//212 778//212
f 772//781 778//781 777//781
f 776//781 771//781 772//781
f 752//212 742//212 736//212
f 736//212 746//212 745//212
f 736//212 745//212 747//212
f 748//781 752//781 736//781
f 736//784 741//784 740//784
f 736//215 742//215 802//215
f 905//217 781//217 780//217
f 780//785 907//785 906//785
f 761//216 742//216 780//216
f 780//216 781//216 779//216
f 772//218 894//218 895//218
f 907//219 802//219 904//219
f 802//220 742//220 759//220
f 782//221 743//221 744//221
f 783//222 746//222 743//222
f 784//786 745//786 746//786
f 745//224 784//224 785//224
f 748//225 747//225 785//225
f 752//226 748//226 786//226
f 753//227 752//227 791//227
f 753//228 793//228 794//228
f 758//229 754//229 794//229
f 758//787 799//787 798//787
f 756//788 757//788 798//788
f 796//232 755//232 756//232
f 751//233 755//233 796//233
f 789//234 750//234 751//234
f 749//235 750//235 789//235
f 787//236 744//236 749//236
f 762//221 764//221 888//221
f 763//789 762//789 884//789
f 765//223 763//223 887//223
f 765//224 886//224 891//224
f 769//225 766//225 891//225
f 769//226 892//226 897//226
f 774//227 773//227 897//227
f 774//228 898//228 901//228
f 778//229 775//229 901//229
f 778//787 902//787 903//787
f 777//788 903//788 900//788
f 899//232 771//232 776//232
f 770//233 771//233 899//233
f 768//234 770//234 893//234
f 767//235 768//235 890//235
f 888//236 764//236 767//236
f 963//238 964//238 1008//238
f 1008//238 658//238 670//238
f 1008//790 670//790 940//790
f 962//238 963//238 1008//238
f 954//238 962//238 1008//238
f 1008//238 940//238 943//238
f 1008//238 943//238 942//238
f 951//238 954//238 1008//238
f 951//238 1008//238 942//238
f 951//238 942//238 941//238
f 950//238 951//238 941//238
f 950//239 941//239 939//239
f 948//238 950//238 939//238
f 948//238 939//238 938//238
f 947//238 948//238 938//238
f 947//238 938//238 664//238
f 946//238 947//238 664//238
f 946//238 664//238 663//238
f 945//238 946//238 663//238
f 945//239 663//239 662//239
f 949//791 945//791 662//791
f 958//238 953//238 952//238
f 660//238 666//238 665//238
f 661//238 660//238 665//238
f 958//239 952//239 949//239
f 662//238 661//238 665//238
f 958//238 949//238 662//238
f 959//238 953//238 958//238
f 958//238 1008//238 964//238
f 958//239 964//239 961//239
f 960//239 959//239 958//239
f 658//238 665//238 666//238
f 658//238 666//238 667//238
f 669//238 670//238 658//238
f 658//238 667//238 668//238
f 658//240 1008//240 1009//240
f 956//792 955//792 957//792
f 631//242 665//242 658//242
f 957//244 1002//244 1008//244
f 1002//243 654//243 937//243
f 649//246 634//246 631//246
f 654//793 652//793 651//793
f 650//246 649//246 631//246
f 654//246 651//246 650//246
f 957//246 924//246 932//246
f 957//793 932//793 933//793
f 935//246 1002//246 957//246
f 957//246 933//246 936//246
f 923//246 924//246 957//246
f 631//246 634//246 633//246
f 631//246 633//246 635//246
f 922//793 923//793 957//793
f 921//794 922//794 957//794
f 631//246 635//246 637//246
f 631//795 637//795 638//795
f 921//246 957//246 631//246
f 927//246 921//246 631//246
f 927//246 631//246 638//246
f 926//246 927//246 638//246
f 926//793 638//793 639//793
f 925//246 926//246 639//246
f 925//246 639//246 914//246
f 928//246 925//246 914//246
f 928//246 914//246 915//246
f 929//793 928//793 915//793
f 929//246 915//246 917//246
f 931//246 929//246 917//246
f 931//246 917//246 916//246
f 930//246 931//246 916//246
f 930//246 916//246 918//246
f 1002//246 935//246 934//246
f 930//796 918//796 653//796
f 1002//246 934//246 930//246
f 652//246 654//246 1002//246
f 1002//246 930//246 653//246
f 1008//249 1002//249 1003//249
f 1003//797 1004//797 1009//797
f 655//250 654//250 658//250
f 665//251 659//251 956//251
f 636//253 632//253 631//253
f 631//254 632//254 659//254
f 638//256 663//256 664//256
f 639//257 664//257 938//257
f 915//258 914//258 938//258
f 941//798 917//798 915//798
f 916//260 917//260 941//260
f 918//261 916//261 942//261
f 653//262 918//262 943//262
f 652//263 653//263 940//263
f 651//264 652//264 670//264
f 650//265 651//265 669//265
f 667//266 649//266 650//266
f 666//799 634//799 649//799
f 633//268 634//268 666//268
f 661//269 635//269 633//269
f 635//274 661//274 662//274
f 637//271 662//271 663//271
f 923//256 952//256 953//256
f 924//257 953//257 959//257
f 960//258 933//258 932//258
f 936//800 933//800 960//800
f 964//801 935//801 936//801
f 963//261 934//261 935//261
f 930//262 934//262 963//262
f 954//263 931//263 930//263
f 929//264 931//264 954//264
f 950//265 928//265 929//265
f 948//266 925//266 928//266
f 926//799 925//799 948//799
f 946//802 927//802 926//802
f 921//803 927//803 946//803
f 921//270 945//270 949//270
f 923//271 922//271 949//271
f 592//275 596//275 648//275
f 588//276 589//276 641//276
f 598//277 589//277 590//277
f 590//804 606//804 605//804
f 590//277 605//277 602//277
f 599//277 598//277 590//277
f 642//277 641//277 624//277
f 642//277 624//277 625//277
f 608//277 643//277 642//277
f 609//805 608//805 642//805
f 642//277 625//277 623//277
f 592//277 645//277 644//277
f 589//277 598//277 597//277
f 589//277 597//277 600//277
f 622//277 624//277 641//277
f 621//277 622//277 641//277
f 589//277 600//277 601//277
f 589//277 601//277 603//277
f 604//277 621//277 641//277
f 641//277 589//277 603//277
f 647//81 640//81 641//81
f 641//81 642//81 646//81
f 610//278 611//278 588//278
f 640//278 629//278 627//278
f 640//278 627//278 626//278
f 613//278 610//278 588//278
f 614//278 613//278 588//278
f 640//278 626//278 618//278
f 617//278 614//278 588//278
f 640//278 618//278 617//278
f 595//278 588//278 611//278
f 595//278 611//278 612//278
f 629//278 640//278 647//278
f 630//278 629//278 647//278
f 595//278 612//278 615//278
f 595//278 615//278 616//278
f 628//278 630//278 647//278
f 620//806 628//806 647//806
f 595//278 616//278 619//278
f 619//807 620//807 647//807
f 590//69 589//69 588//69
f 619//279 607//279 608//279
f 608//808 609//808 620//808
f 609//280 623//280 628//280
f 623//281 625//281 630//281
f 630//282 625//282 624//282
f 629//283 624//283 622//283
f 627//284 622//284 621//284
f 621//285 604//285 618//285
f 603//286 617//286 618//286
f 603//287 601//287 614//287
f 601//288 600//288 613//288
f 600//289 597//289 610//289
f 597//290 598//290 611//290
f 598//291 599//291 612//291
f 602//292 615//292 612//292
f 615//293 602//293 605//293
f 616//809 605//809 606//809
f 606//810 607//810 619//810
f 846//295 849//295 850//295
f 850//295 851//295 883//295
f 883//811 880//811 879//811
f 883//295 879//295 881//295
f 878//295 877//295 848//295
f 875//295 878//295 848//295
f 883//295 881//295 871//295
f 883//295 871//295 870//295
f 875//295 848//295 846//295
f 876//812 875//812 846//812
f 883//295 870//295 869//295
f 883//295 869//295 868//295
f 874//813 876//813 846//813
f 873//811 874//811 846//811
f 850//295 883//295 868//295
f 861//814 860//814 859//814
f 850//815 868//815 861//815
f 872//811 873//811 846//811
f 865//295 872//295 846//295
f 850//295 861//295 859//295
f 859//816 858//816 857//816
f 857//817 856//817 855//817
f 850//295 859//295 857//295
f 866//295 865//295 846//295
f 864//295 866//295 846//295
f 850//295 857//295 855//295
f 850//295 855//295 854//295
f 864//295 846//295 850//295
f 863//811 864//811 850//811
f 850//295 854//295 867//295
f 862//295 863//295 850//295
f 883//295 848//295 877//295
f 882//295 880//295 883//295
f 847//297 842//297 843//297
f 843//818 840//818 839//818
f 839//819 838//819 837//819
f 847//297 843//297 839//297
f 829//297 831//297 844//297
f 830//297 829//297 844//297
f 847//297 839//297 837//297
f 847//297 837//297 836//297
f 827//296 830//296 844//296
f 828//297 827//297 844//297
f 845//297 847//297 836//297
f 845//296 836//296 835//296
f 826//820 828//820 844//820
f 825//296 826//296 844//296
f 845//297 835//297 834//297
f 845//297 834//297 833//297
f 825//297 844//297 807//297
f 817//821 825//821 807//821
f 845//297 833//297 832//297
f 845//297 832//297 822//297
f 816//297 817//297 807//297
f 818//820 816//820 807//820
f 807//297 845//297 822//297
f 821//822 820//822 819//822
f 807//297 822//297 821//297
f 814//296 818//296 807//296
f 813//297 814//297 807//297
f 807//297 821//297 819//297
f 807//297 819//297 812//297
f 815//297 813//297 807//297
f 844//297 831//297 823//297
f 844//297 823//297 824//297
f 842//297 847//297 844//297
f 844//297 824//297 841//297
f 845//298 846//298 848//298
f 845//823 807//823 809//823
f 811//299 849//299 846//299
f 845//824 809//824 811//824
f 810//337 809//337 807//337
f 807//337 844//337 883//337
f 883//337 851//337 810//337
f 844//301 847//301 848//301
f 843//825 842//825 841//825
f 841//826 882//826 877//826
f 840//303 843//303 877//303
f 875//304 838//304 839//304
f 839//303 840//303 878//303
f 876//827 836//827 837//827
f 837//828 838//828 875//828
f 873//306 835//306 836//306
f 836//829 876//829 874//829
f 834//830 835//830 873//830
f 833//831 834//831 872//831
f 832//832 833//832 865//832
f 822//309 832//309 866//309
f 863//833 820//833 821//833
f 821//834 822//834 864//834
f 862//312 812//312 819//312
f 819//311 820//311 863//311
f 815//313 812//313 862//313
f 815//314 867//314 854//314
f 814//315 813//315 854//315
f 860//835 818//835 814//835
f 814//836 855//836 856//836
f 856//837 857//837 858//837
f 817//838 818//838 860//838
f 868//839 826//839 825//839
f 825//840 817//840 861//840
f 826//841 868//841 869//841
f 828//842 869//842 870//842
f 829//843 830//843 870//843
f 881//844 823//844 831//844
f 831//845 870//845 871//845
f 824//846 823//846 881//846
f 882//328 841//328 824//328
f 824//328 879//328 880//328
f 849//329 811//329 792//329
f 792//329 805//329 853//329
f 853//329 850//329 849//329
f 806//330 795//330 808//330
f 805//331 806//331 852//331
f 792//212 795//212 806//212
f 810//332 808//332 795//332
f 795//332 792//332 811//332
f 809//332 810//332 795//332
f 852//207 808//207 810//207
f 851//207 850//207 853//207
f 852//778 810//778 851//778
f 737//847 711//847 710//847
f 737//333 710//333 692//333
f 716//333 717//333 734//333
f 715//333 716//333 734//333
f 368//333 737//333 692//333
f 368//333 692//333 691//333
f 709//333 715//333 734//333
f 708//333 709//333 734//333
f 368//333 691//333 690//333
f 690//848 684//848 683//848
f 368//333 690//333 683//333
f 708//333 734//333 367//333
f 707//847 708//847 367//847
f 368//333 683//333 685//333
f 368//333 685//333 682//333
f 706//849 707//849 367//849
f 689//850 706//850 367//850
f 367//333 368//333 682//333
f 367//850 682//850 676//850
f 688//333 689//333 367//333
f 686//851 687//851 688//851
f 686//333 688//333 367//333
f 367//333 676//333 678//333
f 367//847 678//847 680//847
f 677//847 686//847 367//847
f 681//850 677//850 367//850
f 367//849 680//849 679//849
f 712//333 711//333 737//333
f 737//333 734//333 717//333
f 737//852 717//852 719//852
f 713//333 712//333 737//333
f 714//333 713//333 737//333
f 737//333 719//333 718//333
f 724//335 725//335 738//335
f 735//335 731//335 732//335
f 729//853 728//853 727//853
f 735//335 732//335 729//335
f 723//334 724//334 738//334
f 705//335 723//335 738//335
f 735//335 729//335 727//335
f 735//335 727//335 722//335
f 705//335 738//335 369//335
f 704//335 705//335 369//335
f 693//335 735//335 722//335
f 693//335 722//335 721//335
f 703//335 704//335 369//335
f 699//335 703//335 369//335
f 693//335 721//335 720//335
f 693//334 720//334 702//334
f 698//335 699//335 369//335
f 697//335 698//335 369//335
f 693//335 702//335 701//335
f 693//334 701//334 700//334
f 697//335 369//335 693//335
f 696//854 697//854 693//854
f 693//335 700//335 694//335
f 695//855 696//855 693//855
f 730//335 731//335 735//335
f 735//335 738//335 725//335
f 735//856 725//856 726//856
f 733//335 730//335 735//335
f 734//298 735//298 693//298
f 367//336 693//336 369//336
f 737//857 368//857 369//857
f 738//338 735//338 734//338
f 702//339 688//339 687//339
f 686//858 677//858 681//858
f 681//859 700//859 701//859
f 701//339 687//339 686//339
f 681//860 679//860 680//860
f 680//861 694//861 700//861
f 695//862 694//862 680//862
f 696//863 695//863 678//863
f 696//344 676//344 682//344
f 698//864 697//864 682//864
f 698//346 685//346 683//346
f 684//347 703//347 699//347
f 690//865 691//865 704//865
f 704//866 703//866 684//866
f 704//867 691//867 692//867
f 705//868 692//868 710//868
f 712//869 713//869 724//869
f 724//351 723//351 710//351
f 710//870 711//870 712//870
f 713//352 726//352 725//352
f 726//353 713//353 714//353
f 730//871 733//871 714//871
f 731//355 730//355 718//355
f 717//356 716//356 732//356
f 732//356 731//356 719//356
f 729//357 732//357 716//357
f 728//358 729//358 715//358
f 707//872 722//872 727//872
f 727//873 728//873 709//873
f 708//874 707//874 727//874
f 721//875 722//875 707//875
f 720//360 721//360 706//360
f 702//361 720//361 689//361
f 353//362 355//362 335//362
f 330//364 328//364 347//364
f 347//364 345//364 325//364
f 325//370 331//370 330//370
f 324//364 329//364 349//364
f 349//876 348//876 354//876
f 351//877 352//877 340//877
f 352//366 353//366 342//366
f 356//368 345//368 347//368
f 347//368 363//368 364//368
f 353//878 352//878 351//878
f 347//369 328//369 339//369
f 339//879 350//879 363//879
f 337//370 336//370 329//370
f 330//880 331//880 334//880
f 334//370 339//370 328//370
f 342//374 335//374 341//374
f 337//362 360//362 361//362
f 362//372 336//372 338//372
f 344//364 323//364 327//364
f 346//366 357//366 333//366
f 344//366 346//366 326//366
f 345//366 356//366 332//366
f 348//368 349//368 362//368
f 362//878 359//878 358//878
f 344//368 343//368 361//368
f 361//878 360//878 358//878
f 358//368 357//368 346//368
f 346//368 344//368 361//368
f 343//369 327//369 336//369
f 336//369 362//369 349//369
f 332//370 334//370 331//370
f 326//370 333//370 338//370
f 338//370 336//370 327//370
f 327//370 323//370 326//370
f 105//881 101//881 102//881
f 118//882 112//882 114//882
f 118//883 114//883 113//883
f 105//375 102//375 137//375
f 104//375 105//375 137//375
f 118//375 113//375 115//375
f 109//884 117//884 116//884
f 118//885 115//885 109//885
f 103//375 104//375 137//375
f 94//886 95//886 96//886
f 96//375 103//375 137//375
f 118//375 109//375 116//375
f 108//887 107//887 106//887
f 118//375 116//375 108//375
f 96//375 137//375 62//375
f 94//375 96//375 62//375
f 118//375 108//375 106//375
f 118//375 106//375 82//375
f 93//375 94//375 62//375
f 91//375 93//375 62//375
f 64//375 118//375 82//375
f 64//375 82//375 81//375
f 91//375 62//375 64//375
f 90//888 91//888 64//888
f 64//375 81//375 80//375
f 80//889 79//889 78//889
f 64//375 80//375 78//375
f 89//890 90//890 64//890
f 83//891 88//891 89//891
f 83//375 89//375 64//375
f 64//375 78//375 77//375
f 64//375 77//375 92//375
f 85//882 83//882 64//882
f 84//375 85//375 64//375
f 64//375 92//375 87//375
f 86//883 84//883 64//883
f 110//883 112//883 118//883
f 118//375 137//375 102//375
f 102//892 111//892 110//892
f 135//377 123//377 138//377
f 136//893 130//893 129//893
f 128//894 127//894 126//894
f 136//895 129//895 128//895
f 134//378 135//378 138//378
f 133//378 134//378 138//378
f 136//378 128//378 126//378
f 136//378 126//378 125//378
f 132//378 133//378 138//378
f 131//378 132//378 138//378
f 136//378 125//378 124//378
f 136//378 124//378 100//378
f 131//378 138//378 65//378
f 122//896 131//896 65//896
f 61//378 136//378 100//378
f 61//378 100//378 99//378
f 121//897 122//897 65//897
f 120//378 121//378 65//378
f 61//378 99//378 98//378
f 61//378 98//378 97//378
f 119//378 120//378 65//378
f 76//378 119//378 65//378
f 61//378 97//378 75//378
f 61//378 75//378 74//378
f 73//378 76//378 65//378
f 72//378 73//378 65//378
f 65//378 61//378 74//378
f 65//404 74//404 70//404
f 66//378 72//378 65//378
f 71//378 66//378 65//378
f 65//898 70//898 69//898
f 65//378 69//378 68//378
f 67//895 71//895 65//895
f 136//378 138//378 123//378
f 118//366 64//366 65//366
f 137//379 118//379 138//379
f 137//369 136//369 61//369
f 62//380 61//380 65//380
f 127//899 128//899 129//899
f 129//900 135//900 113//900
f 113//901 114//901 127//901
f 112//902 110//902 111//902
f 111//903 126//903 127//903
f 127//901 114//901 112//901
f 102//904 101//904 125//904
f 125//905 126//905 111//905
f 105//906 104//906 124//906
f 124//907 125//907 101//907
f 100//385 124//385 104//385
f 96//908 95//908 99//908
f 99//386 100//386 103//386
f 93//909 91//909 97//909
f 98//387 99//387 94//387
f 93//388 97//388 98//388
f 74//378 75//378 97//378
f 97//910 91//910 90//910
f 70//390 74//390 90//390
f 69//390 70//390 89//390
f 89//391 88//391 68//391
f 86//911 67//911 68//911
f 68//912 88//912 83//912
f 85//913 86//913 68//913
f 71//393 67//393 86//393
f 72//914 66//914 71//914
f 71//915 87//915 92//915
f 92//916 77//916 72//916
f 73//916 72//916 77//916
f 76//395 73//395 78//395
f 119//396 76//396 79//396
f 120//397 119//397 80//397
f 120//917 81//917 82//917
f 82//399 122//399 121//399
f 122//399 82//399 106//399
f 106//400 132//400 131//400
f 116//918 117//918 133//918
f 133//919 132//919 107//919
f 108//920 116//920 133//920
f 109//403 115//403 134//403
f 134//402 133//402 117//402
f 135//403 134//403 115//403
f 135//921 129//921 130//921
f 1016//405 1027//405 1026//405
f 1012//406 1023//406 1040//406
f 1014//406 1038//406 1035//406
f 1040//407 1023//407 1025//407
f 1016//408 1025//408 1023//408
f 1014//408 1013//408 1022//408
f 1022//922 1017//922 1019//922
f 1034//409 1027//409 1016//409
f 1022//409 1013//409 1035//409
f 1035//887 1036//887 1029//887
f 1029//923 1028//923 1021//923
f 1021//924 1017//924 1022//924
f 1022//409 1035//409 1029//409
f 1034//412 1040//412 1026//412
f 1019//925 1017//925 1021//925
f 1021//413 1028//413 1031//413
f 1031//405 1033//405 1019//405
f 1020//405 1030//405 1032//405
f 1039//406 1037//406 1015//406
f 1014//407 1019//407 1033//407
f 1018//407 1032//407 1039//407
f 1018//408 1024//408 1015//408
f 1037//409 1030//409 1020//409
f 1030//412 1037//412 1039//412
f 1035//412 1038//412 1033//412
f 1033//926 1031//926 1029//926
f 1086//414 1089//414 1088//414
f 1091//415 1092//415 1093//415
f 1086//416 1087//416 1091//416
f 1088//417 1092//417 1091//417
f 1089//418 1093//418 1092//418
f 1086//419 1090//419 1093//419
f 1097//420 1096//420 1095//420
f 1099//421 1100//421 1101//421
f 1095//422 1099//422 1098//422
f 1096//423 1100//423 1099//423
f 1097//424 1101//424 1100//424
f 1094//425 1098//425 1101//425
f 1102//927 1107//927 1108//927
f 1104//414 1103//414 1108//414
f 1105//928 1104//928 1109//928
f 1102//929 1106//929 1111//929
f 1105//930 1110//930 1111//930
f 1120//931 1115//931 1121//931
f 1122//932 1112//932 1113//932
f 1115//933 1114//933 1116//933
f 1118//450 1117//450 1122//450
f 1135//934 1125//934 1130//934
f 1124//935 1126//935 1127//935
f 1127//936 1128//936 1134//936
f 1129//937 1134//937 1135//937
f 1196//938 1195//938 1166//938
f 1196//938 1166//938 1170//938
f 1146//939 1194//939 1196//939
f 1148//938 1152//938 1146//938
f 1136//467 1149//467 1148//467
f 1168//938 1167//938 1136//938
f 1196//938 1170//938 1169//938
f 1169//940 1168//940 1136//940
f 1136//938 1148//938 1146//938
f 1196//938 1169//938 1136//938
f 1144//471 1172//471 1171//471
f 1171//471 1173//471 1145//471
f 1137//941 1139//941 1144//941
f 1153//473 1151//473 1142//473
f 1141//942 1154//942 1153//942
f 1155//474 1157//474 1140//474
f 1141//474 1142//474 1156//474
f 1155//474 1140//474 1141//474
f 1158//476 1159//476 1137//476
f 1137//476 1140//476 1157//476
f 1161//478 1149//478 1136//478
f 1136//478 1137//478 1159//478
f 1174//479 1172//479 1144//479
f 1167//480 1174//480 1139//480
f 1180//943 1177//943 1147//943
f 1147//944 1163//944 1165//944
f 1165//945 1164//945 1154//945
f 1154//946 1141//946 1145//946
f 1145//947 1173//947 1175//947
f 1175//948 1178//948 1180//948
f 1180//949 1147//949 1165//949
f 1165//950 1154//950 1145//950
f 1145//951 1175//951 1180//951
f 1179//952 1176//952 1177//952
f 1147//953 1177//953 1182//953
f 1146//954 1183//954 1197//954
f 1184//955 1183//955 1146//955
f 1146//956 1152//956 1185//956
f 1155//488 1156//488 1160//488
f 1160//624 1150//624 1151//624
f 1151//488 1153//488 1155//488
f 1186//957 1165//957 1162//957
f 1163//957 1182//957 1187//957
f 1186//958 1162//958 1163//958
f 1189//490 1190//490 1158//490
f 1158//490 1157//490 1155//490
f 1155//959 1153//959 1154//959
f 1164//960 1165//960 1186//960
f 1155//490 1154//490 1164//490
f 1188//961 1189//961 1158//961
f 1164//962 1186//962 1188//962
f 1188//490 1158//490 1155//490
f 1191//963 1185//963 1152//963
f 1152//964 1148//964 1149//964
f 1149//965 1161//965 1159//965
f 1159//966 1158//966 1190//966
f 1159//967 1190//967 1193//967
f 1191//968 1152//968 1149//968
f 1159//966 1193//966 1192//966
f 1192//968 1191//968 1149//968
f 1172//969 1174//969 1167//969
f 1167//493 1168//493 1138//493
f 1138//970 1171//970 1172//970
f 1186//971 1187//971 1182//971
f 1182//972 1176//972 1179//972
f 1180//973 1143//973 1188//973
f 1186//974 1182//974 1179//974
f 1180//975 1188//975 1186//975
f 1166//976 1198//976 1199//976
f 1183//977 1184//977 1191//977
f 1191//978 1192//978 1193//978
f 1190//979 1189//979 1188//979
f 1191//980 1193//980 1190//980
f 1200//981 1197//981 1183//981
f 1183//982 1191//982 1190//982
f 1190//983 1188//983 1143//983
f 1138//984 1168//984 1169//984
f 1169//985 1170//985 1199//985
f 1200//986 1183//986 1190//986
f 1169//981 1199//981 1200//981
f 1190//497 1143//497 1138//497
f 1169//987 1200//987 1190//987
f 1178//988 1175//988 1173//988
f 1173//989 1171//989 1138//989
f 1138//498 1143//498 1180//498
f 1178//498 1173//498 1138//498
f 1198//990 1195//990 1196//990
f 1196//991 1200//991 1199//991
f 1196//992 1194//992 1197//992
f 1206//993 1209//993 1205//993
f 1204//994 1203//994 1202//994
f 1213//79 1212//79 1211//79
f 1215//20 1216//20 1217//20
f 1210//69 1211//69 1215//69
f 1212//88 1216//88 1215//88
f 1213//81 1217//81 1216//81
f 1210//87 1214//87 1217//87
f 1221//119 1220//119 1219//119
f 1223//21 1224//21 1225//21
f 1219//69 1223//69 1222//69
f 1220//112 1224//112 1223//112
f 1220//81 1221//81 1225//81
f 1218//114 1222//114 1225//114
f 1229//131 1228//131 1227//131
f 1231//22 1232//22 1233//22
f 1226//69 1227//69 1231//69
f 1228//135 1232//135 1231//135
f 1229//81 1233//81 1232//81
f 1226//129 1230//129 1233//129
f 1245//154 1246//154 1237//154
f 1237//154 1234//154 1235//154
f 1235//154 1236//154 1247//154
f 1245//154 1237//154 1235//154
f 1263//2 1262//2 1238//2
f 1240//2 1239//2 1253//2
f 1252//2 1271//2 1270//2
f 1240//2 1253//2 1252//2
f 1263//2 1238//2 1240//2
f 1252//2 1270//2 1263//2
f 1242//146 1241//146 1235//146
f 1235//146 1234//146 1254//146
f 1255//146 1253//146 1239//146
f 1235//146 1254//146 1255//146
f 1255//146 1239//146 1242//146
f 1236//141 1235//141 1241//141
f 1250//144 1249//144 1237//144
f 1248//144 1247//144 1236//144
f 1236//144 1243//144 1244//144
f 1238//144 1265//144 1268//144
f 1264//144 1266//144 1267//144
f 1238//756 1268//756 1264//756
f 1248//144 1236//144 1244//144
f 1257//144 1250//144 1237//144
f 1258//144 1257//144 1237//144
f 1248//756 1244//756 1240//756
f 1240//144 1238//144 1264//144
f 1264//144 1267//144 1259//144
f 1256//144 1258//144 1237//144
f 1240//144 1264//144 1259//144
f 1256//144 1237//144 1246//144
f 1248//144 1240//144 1259//144
f 1256//144 1246//144 1248//144
f 1238//152 1262//152 1269//152
f 1254//152 1234//152 1237//152
f 1237//152 1249//152 1251//152
f 1251//152 1261//152 1260//152
f 1260//152 1254//152 1237//152
f 1240//514 1244//514 1242//514
f 1243//995 1241//995 1242//995
f 1251//518 1250//518 1257//518
f 1256//996 1259//996 1252//996
f 1252//997 1253//997 1255//997
f 1257//521 1258//521 1260//521
f 1271//998 1252//998 1259//998
f 1259//999 1267//999 1272//999
f 1254//1000 1260//1000 1258//1000
f 1258//1001 1256//1001 1255//1001
f 1264//524 1268//524 1269//524
f 1269//524 1262//524 1263//524
f 1266//1002 1264//1002 1263//1002
f 1263//1003 1270//1003 1272//1003
f 1272//1004 1267//1004 1266//1004
f 1275//528 1276//528 1273//528
f 1284//15 1280//15 1278//15
f 1278//15 1277//15 1281//15
f 1278//15 1281//15 1283//15
f 1282//15 1284//15 1278//15
f 1290//1005 1291//1005 1285//1005
f 1285//1006 1281//1006 1277//1006
f 1277//529 1274//529 1273//529
f 1273//529 1289//529 1290//529
f 1290//529 1285//529 1277//529
f 1274//176 1277//176 1278//176
f 1288//1007 1276//1007 1275//1007
f 1275//1007 1278//1007 1280//1007
f 1280//1007 1287//1007 1286//1007
f 1286//1007 1288//1007 1275//1007
f 1289//532 1273//532 1276//532
f 1276//532 1288//532 1293//532
f 1293//1008 1294//1008 1292//1008
f 1292//175 1289//175 1276//175
f 1286//1009 1287//1009 1284//1009
f 1296//534 1293//534 1288//534
f 1288//1010 1286//1010 1282//1010
f 1282//534 1283//534 1285//534
f 1285//534 1291//534 1295//534
f 1296//534 1288//534 1282//534
f 1285//1011 1295//1011 1296//1011
f 1296//1012 1279//1012 1292//1012
f 1291//537 1290//537 1279//537
f 1279//1013 1296//1013 1295//1013
f 1292//1014 1279//1014 1290//1014
f 1298//539 1299//539 1300//539
f 1301//7 1302//7 1305//7
f 1307//540 1298//540 1297//540
f 1297//540 1301//540 1306//540
f 1308//540 1307//540 1297//540
f 1310//211 1309//211 1303//211
f 1303//211 1299//211 1298//211
f 1298//211 1307//211 1310//211
f 1312//542 1305//542 1302//542
f 1302//542 1300//542 1299//542
f 1299//542 1303//542 1313//542
f 1311//542 1312//542 1302//542
f 1299//542 1313//542 1311//542
f 1302//215 1301//215 1297//215
f 1305//1015 1312//1015 1308//1015
f 1309//1016 1310//1016 1311//1016
f 1310//1017 1307//1017 1308//1017
f 1308//1018 1312//1018 1311//1018
f 1317//549 1320//549 1319//549
f 1322//19 1323//19 1324//19
f 1318//550 1322//550 1321//550
f 1318//244 1319//244 1323//244
f 1319//551 1320//551 1324//551
f 1317//242 1321//242 1324//242
f 1327//1019 1325//1019 1328//1019
f 1330//1020 1326//1020 1327//1020
f 1326//1021 1331//1021 1328//1021
f 1333//565 1336//565 1338//565
f 1341//1022 1342//1022 1345//1022
f 1361//575 1354//575 1346//575
f 1346//1023 1349//1023 1360//1023
f 1359//1023 1361//1023 1346//1023
f 1362//1024 1363//1024 1356//1024
f 1356//1025 1366//1025 1360//1025
f 1360//576 1349//576 1353//576
f 1353//576 1355//576 1364//576
f 1353//576 1364//576 1362//576
f 1356//576 1360//576 1353//576
f 1365//576 1357//576 1354//576
f 1358//1026 1355//1026 1353//1026
f 1351//1027 1354//1027 1357//1027
f 1358//1027 1353//1027 1351//1027
f 1349//17 1347//17 1352//17
f 1346//581 1351//581 1352//581
f 1368//677 1364//677 1355//677
f 1350//677 1356//677 1363//677
f 1350//1028 1363//1028 1367//1028
f 1368//1029 1355//1029 1358//1029
f 1350//1030 1367//1030 1368//1030
f 1369//1031 1366//1031 1356//1031
f 1350//1032 1370//1032 1369//1032
f 1357//1033 1365//1033 1370//1033
f 1370//1034 1350//1034 1358//1034
f 1359//1035 1360//1035 1366//1035
f 1363//629 1362//629 1348//629
f 1348//1036 1362//1036 1364//1036
f 1370//1037 1365//1037 1361//1037
f 1361//1038 1359//1038 1369//1038
f 1377//9 1371//9 1374//9
f 1374//9 1378//9 1379//9
f 1376//590 1373//590 1372//590
f 1372//590 1371//590 1377//590
f 1380//591 1378//591 1374//591
f 1374//591 1372//591 1373//591
f 1373//591 1375//591 1380//591
f 1380//593 1375//593 1376//593
f 1376//593 1377//593 1379//593
f 1382//3 1385//3 1386//3
f 1384//594 1383//594 1386//594
f 1381//595 1385//595 1382//595
f 1389//3 1388//3 1390//3
f 1390//596 1388//596 1387//596
f 1387//597 1389//597 1391//597
f 1399//477 1398//477 1397//477
f 1395//5 1396//5 1401//5
f 1403//598 1401//598 1396//598
f 1396//598 1394//598 1393//598
f 1393//598 1397//598 1402//598
f 1402//1039 1404//1039 1403//1039
f 1403//598 1396//598 1393//598
f 1393//599 1394//599 1395//599
f 1395//599 1400//599 1405//599
f 1393//599 1395//599 1405//599
f 1402//1040 1398//1040 1399//1040
f 1399//1041 1405//1041 1403//1041
f 1401//602 1403//602 1405//602
f 1410//10 1409//10 1414//10
f 1415//604 1414//604 1409//604
f 1409//604 1408//604 1407//604
f 1407//604 1412//604 1415//604
f 1416//605 1411//605 1407//605
f 1407//605 1408//605 1410//605
f 1410//605 1413//605 1416//605
f 1414//1042 1415//1042 1416//1042
f 1411//1043 1416//1043 1415//1043
f 1417//603 1421//603 1423//603
f 1422//603 1424//603 1417//603
f 1425//12 1423//12 1421//12
f 1421//12 1420//12 1418//12
f 1418//12 1427//12 1426//12
f 1425//12 1421//12 1418//12
f 1421//609 1417//609 1419//609
f 1428//1044 1427//1044 1418//1044
f 1418//610 1419//610 1417//610
f 1417//610 1424//610 1428//610
f 1426//1045 1428//1045 1424//1045
f 1424//1046 1422//1046 1425//1046
f 1435//442 1436//442 1429//442
f 1430//442 1434//442 1435//442
f 1437//12 1434//12 1430//12
f 1430//12 1433//12 1432//12
f 1432//12 1438//12 1439//12
f 1437//12 1430//12 1432//12
f 1440//614 1438//614 1432//614
f 1432//614 1431//614 1429//614
f 1429//1047 1436//1047 1440//1047
f 1430//615 1429//615 1431//615
f 1439//1048 1440//1048 1436//1048
f 1436//1046 1435//1046 1437//1046
f 1446//6 1442//6 1443//6
f 1444//618 1443//618 1441//618
f 1445//619 1441//619 1442//619
f 1452//4 1448//4 1450//4
f 1448//620 1447//620 1449//620
f 1449//621 1447//621 1452//621
f 1453//16 1455//16 1460//16
f 1460//622 1455//622 1454//622
f 1454//622 1456//622 1458//622
f 1461//622 1460//622 1454//622
f 1462//623 1457//623 1456//623
f 1456//623 1454//623 1453//623
f 1453//623 1459//623 1462//623
f 1460//488 1461//488 1462//488
f 1462//490 1461//490 1458//490
f 1466//1049 1467//1049 1468//1049
f 1470//17 1465//17 1464//17
f 1464//17 1466//17 1469//17
f 1467//627 1466//627 1464//627
f 1468//628 1467//628 1463//628
f 1463//628 1465//628 1470//628
f 1475//1049 1480//1049 1479//1049
f 1481//16 1473//16 1471//16
f 1471//1050 1474//1050 1479//1050
f 1481//630 1482//630 1477//630
f 1477//630 1476//630 1472//630
f 1473//1051 1481//1051 1477//1051
f 1478//631 1475//631 1474//631
f 1471//631 1472//631 1476//631
f 1478//631 1474//631 1471//631
f 1480//1052 1475//1052 1478//1052
f 1478//633 1477//633 1482//633
f 1479//634 1480//634 1482//634
f 1485//6 1488//6 1487//6
f 1484//635 1487//635 1486//635
f 1483//636 1486//636 1488//636
f 1491//8 1496//8 1495//8
f 1493//637 1489//637 1490//637
f 1490//637 1492//637 1495//637
f 1497//637 1493//637 1490//637
f 1496//638 1491//638 1490//638
f 1490//638 1489//638 1494//638
f 1498//638 1496//638 1490//638
f 1498//970 1497//970 1495//970
f 1493//1053 1497//1053 1498//1053
f 1502//1054 1501//1054 1503//1054
f 1510//12 1506//12 1505//12
f 1509//648 1505//648 1507//648
f 1507//649 1506//649 1510//649
f 1515//13 1513//13 1511//13
f 1516//1055 1512//1055 1513//1055
f 1514//651 1511//651 1512//651
f 1521//22 1517//22 1519//22
f 1520//652 1518//652 1517//652
f 1520//1056 1522//1056 1519//1056
f 1525//19 1524//19 1528//19
f 1528//655 1524//655 1523//655
f 1523//656 1525//656 1526//656
f 1534//21 1531//21 1529//21
f 1529//659 1530//659 1532//659
f 1530//660 1531//660 1534//660
f 1535//18 1536//18 1539//18
f 1536//661 1537//661 1540//661
f 1537//662 1535//662 1538//662
f 1546//19 1542//19 1541//19
f 1545//664 1543//664 1542//664
f 1545//665 1544//665 1541//665
f 1552//18 1549//18 1548//18
f 1550//668 1547//668 1549//668
f 1551//669 1548//669 1547//669
f 1554//13 1555//13 1558//13
f 1553//671 1554//671 1556//671
f 1558//672 1555//672 1553//672
f 1563//7 1561//7 1560//7
f 1564//673 1560//673 1559//673
f 1563//674 1562//674 1559//674
f 1565//458 1571//458 1570//458
f 1572//1057 1571//1057 1565//1057
f 1565//17 1567//17 1569//17
f 1565//675 1566//675 1568//675
f 1572//676 1569//676 1568//676
f 1568//676 1566//676 1570//676
f 1574//14 1577//14 1578//14
f 1576//678 1573//678 1575//678
f 1573//679 1576//679 1577//679
f 1583//18 1581//18 1580//18
f 1582//682 1580//682 1579//682
f 1579//683 1581//683 1583//683
f 1586//15 1592//15 1591//15
f 1593//685 1592//685 1586//685
f 1586//685 1585//685 1588//685
f 1588//685 1589//685 1593//685
f 1590//686 1588//686 1585//686
f 1585//686 1587//686 1591//686
f 1594//1058 1590//1058 1585//1058
f 1591//533 1592//533 1593//533
f 1593//534 1589//534 1590//534
f 1607//459 1598//459 1601//459
f 1607//14 1609//14 1596//14
f 1596//14 1597//14 1598//14
f 1609//690 1610//690 1605//690
f 1605//690 1604//690 1595//690
f 1596//1059 1609//1059 1605//1059
f 1606//691 1601//691 1598//691
f 1597//1060 1595//1060 1604//1060
f 1606//1061 1598//1061 1597//1061
f 1608//1062 1601//1062 1606//1062
f 1606//1063 1605//1063 1610//1063
f 1610//1064 1609//1064 1607//1064
f 1616//15 1613//15 1612//15
f 1611//697 1613//697 1616//697
f 1615//698 1612//698 1611//698
f 1619//1065 1618//1065 1617//1065
