# Blender 5.2.0 LTS
# www.blender.org
mtllib left_lower_face_v15.mtl
o PROPOSED__LEFT_LOWER_FACE__EXACT_X0_MIRROR_V15
v 1.351500 20.353502 24.058498
v 1.127317 21.572920 25.363398
v 0.000000 39.511951 1.712930
v 0.000000 40.064999 -0.000003
v -0.175000 64.890411 23.798740
v -0.925000 65.467361 24.615517
v -4.675000 64.890411 23.798740
v -3.925000 65.467361 24.615517
v -0.523190 69.308830 11.322540
v -0.175000 68.577393 12.379189
v -0.523190 71.517815 12.035747
v -4.305793 69.352982 11.258760
v -4.305793 71.695305 12.015016
v -4.675000 68.577393 12.379189
v -0.523190 92.930779 18.949266
v -4.305793 91.988243 18.566917
v -0.175000 74.789558 21.511856
v -0.175000 73.587479 22.009773
v -0.175000 73.218964 22.561293
v -0.175000 73.089561 23.211855
v -0.175000 73.218964 23.862417
v -0.175000 74.139000 21.641260
v -0.175000 75.440117 21.641260
v -0.175000 73.587479 24.413937
v -0.175000 74.139000 24.782450
v -0.175000 74.789558 24.911856
v -0.175000 75.440117 24.782450
v -0.925000 70.225510 26.151760
v -0.175000 75.991638 22.009773
v -0.175000 76.360153 22.561293
v -0.175000 76.489555 23.211855
v -0.175000 76.360153 23.862417
v -0.175000 75.991638 24.413937
v -4.675000 74.789558 21.511854
v -4.675000 73.587479 22.009773
v -4.675000 73.218964 22.561293
v -4.675000 73.089561 23.211855
v -4.675000 73.218964 23.862417
v -4.675000 74.139000 21.641260
v -4.675000 75.440117 21.641260
v -3.925000 70.225510 26.151760
v -4.675000 73.587479 24.413937
v -4.675000 74.139000 24.782450
v -4.675000 74.789558 24.911854
v -4.675000 75.440117 24.782450
v -4.675000 75.991638 22.009773
v -4.675000 76.360153 22.561293
v -4.675000 76.489555 23.211855
v -4.675000 76.360153 23.862417
v -4.675000 75.991638 24.413937
v -0.175000 97.171883 28.738348
v -4.675000 97.171883 28.738346
v -0.175000 95.601288 29.787785
v -0.175000 95.969803 29.236265
v -0.175000 96.521324 28.867752
v -0.175000 95.471886 30.438347
v -0.175000 95.601288 31.088909
v -0.175000 95.969803 31.640429
v -0.175000 96.521324 32.008942
v -0.175000 97.822441 28.867752
v -0.175000 98.373962 29.236265
v -0.175000 98.742477 29.787785
v -0.175000 98.871880 30.438347
v -0.175000 98.742477 31.088909
v -0.175000 97.171883 32.138348
v -0.175000 97.822441 32.008942
v -0.175000 98.373962 31.640429
v -0.925000 99.155029 35.492126
v -4.675000 95.601288 29.787785
v -4.675000 95.969803 29.236265
v -4.675000 96.521324 28.867752
v -4.675000 95.471886 30.438347
v -4.675000 95.601288 31.088909
v -4.675000 95.969803 31.640429
v -4.675000 96.521324 32.008942
v -4.675000 97.822441 28.867752
v -4.675000 98.373962 29.236265
v -4.675000 98.742477 29.787785
v -4.675000 98.871880 30.438347
v -4.675000 98.742477 31.088909
v -4.675000 97.171883 32.138348
v -4.675000 97.822441 32.008942
v -4.675000 98.373962 31.640429
v -3.925000 99.155029 35.492126
v -0.523190 108.570381 23.998766
v -0.175000 108.545822 25.283640
v -4.305793 108.571861 23.921209
v -4.675000 108.545822 25.283640
v -0.175000 104.858841 36.703190
v -0.925000 103.913177 37.028370
v -3.925000 103.913177 37.028370
v -4.675000 104.858841 36.703190
v -0.522829 118.732559 27.281130
v -0.175000 118.001884 28.336685
v -4.326503 118.733963 27.279102
v -4.675000 118.001884 28.336685
v -0.175000 123.011971 37.967270
v -0.175000 123.563492 37.598755
v -0.175000 124.214050 37.469349
v -0.175000 124.864609 37.598755
v -0.175000 125.416130 37.967270
v -4.675000 123.011971 37.967266
v -4.675000 123.563492 37.598755
v -4.675000 124.214050 37.469349
v -4.675000 124.864609 37.598755
v -4.675000 125.416130 37.967266
v -0.175000 114.314903 39.756237
v -0.925000 114.891846 40.573009
v -3.925000 114.891846 40.573009
v -4.675000 114.314903 39.756237
v -0.175000 122.643456 38.518787
v -0.175000 122.514053 39.169350
v -0.175000 122.643456 39.819912
v -0.175000 123.011971 40.371433
v -0.175000 123.563492 40.739944
v -0.175000 125.784645 38.518787
v -0.175000 125.914047 39.169350
v -0.175000 124.864609 40.739944
v -0.175000 125.784645 39.819912
v -0.175000 125.416130 40.371433
v -0.175000 124.214050 40.869350
v -0.925000 119.649994 42.109257
v -3.925000 119.649994 42.109257
v -4.675000 122.643456 38.518787
v -4.675000 122.514053 39.169350
v -4.675000 122.643456 39.819912
v -4.675000 123.011971 40.371429
v -4.675000 123.563492 40.739944
v -4.675000 125.784645 38.518787
v -4.675000 125.914047 39.169350
v -4.675000 124.864609 40.739944
v -4.675000 125.784645 39.819912
v -4.675000 125.416130 40.371429
v -4.675000 124.214050 40.869350
v -40.504501 16.551003 20.420998
v -39.628422 17.492378 21.680481
v -31.466999 40.064999 -0.000003
v -31.600342 40.990150 1.538279
v -62.421608 24.493752 72.310959
v -58.491447 117.200005 22.418722
v -29.985817 11.829967 81.358902
v -30.778500 10.605006 82.413002
v -33.346500 50.113510 126.394501
v -32.636982 51.546989 125.568832
v -0.175000 145.945816 44.825245
v -0.175000 145.394287 45.193760
v -0.175000 146.596375 44.695839
v -0.175000 147.246933 44.825245
v -0.175000 145.025772 45.745277
v -0.175000 144.896378 46.395840
v -0.175000 145.025772 47.046402
v -0.175000 145.394287 47.597923
v -0.175000 145.945816 47.966434
v -0.175000 147.246933 47.966434
v -0.175000 147.798462 45.193760
v -0.175000 148.166962 45.745277
v -0.175000 148.296371 46.395840
v -0.175000 148.166962 47.046402
v -0.175000 147.798462 47.597923
v -4.675000 145.945816 44.825245
v -4.675000 145.394287 45.193756
v -4.675000 146.596375 44.695839
v -4.675000 147.246933 44.825245
v -4.675000 145.025787 45.745277
v -4.675000 144.896378 46.395840
v -4.675000 145.025787 47.046402
v -4.675000 145.394287 47.597919
v -4.675000 145.945816 47.966434
v -4.675000 147.246933 47.966434
v -4.675000 147.798462 45.193756
v -4.675000 148.166977 45.745277
v -4.675000 148.296371 46.395840
v -4.675000 148.166977 47.046402
v -4.675000 147.798462 47.597919
v -0.175000 146.596375 48.095840
v -4.675000 146.596375 48.095840
v -0.521433 157.994751 39.962742
v -0.175000 157.970306 41.241135
v -4.327899 157.994797 39.960278
v -4.675000 157.970306 41.241135
v -0.175000 154.283325 52.660683
v -0.925000 153.337677 52.985863
v -4.675000 154.283325 52.660683
v -3.925000 153.337677 52.985863
v 0.000000 188.338501 47.872486
v 0.000000 187.698990 49.555054
v 0.000000 187.785446 49.585419
v -0.175000 193.556519 53.086517
v -0.520351 194.334381 52.076763
v -4.675000 193.556519 53.086517
v -4.329144 194.335526 52.075283
v -0.175000 189.293152 64.303627
v -0.925000 189.827789 65.148712
v -0.175000 196.487854 62.441730
v -0.175000 197.039383 62.073215
v -0.175000 197.689941 61.943810
v -0.175000 198.340500 62.073215
v -0.175000 198.892029 62.441730
v -0.175000 196.119339 62.993248
v -0.175000 195.989944 63.643810
v -0.175000 196.119339 64.294373
v -0.175000 196.487854 64.845894
v -0.175000 197.039383 65.214409
v -0.175000 197.689941 65.343811
v -0.175000 199.260529 62.993248
v -0.175000 199.389938 63.643810
v -0.175000 199.260529 64.294373
v -0.175000 198.892029 64.845894
v -0.175000 198.340500 65.214409
v -0.925000 194.501587 66.925117
v -3.925000 189.827789 65.148712
v -4.675000 189.293152 64.303627
v -4.675000 196.487854 62.441727
v -4.675000 197.039383 62.073215
v -4.675000 197.689941 61.943810
v -4.675000 198.340500 62.073215
v -4.675000 198.892029 62.441727
v -3.925000 194.501587 66.925117
v -4.675000 196.119354 62.993248
v -4.675000 195.989944 63.643810
v -4.675000 196.119354 64.294373
v -4.675000 196.487854 64.845894
v -4.675000 197.039383 65.214401
v -4.675000 197.689941 65.343811
v -4.675000 199.260544 62.993248
v -4.675000 199.389938 63.643810
v -4.675000 199.260544 64.294373
v -4.675000 198.892029 64.845894
v -4.675000 198.340500 65.214401
v -0.175000 214.605835 69.327980
v -0.175000 214.237320 69.879501
v -0.175000 214.107925 70.530060
v -0.175000 214.237320 71.180618
v -0.175000 214.605835 71.732140
v -0.175000 215.157364 68.959465
v -0.175000 215.807922 68.830063
v -0.175000 216.458481 68.959465
v -0.175000 217.010010 69.327980
v -0.175000 215.157364 72.100655
v -0.175000 216.458481 72.100655
v -0.175000 217.378510 69.879501
v -0.175000 217.507919 70.530060
v -0.175000 217.378510 71.180618
v -0.175000 217.010010 71.732140
v -0.175000 215.807922 72.230057
v -4.675000 214.605835 69.327980
v -4.675000 214.237335 69.879501
v -4.675000 214.107925 70.530060
v -4.675000 214.237335 71.180618
v -4.675000 214.605835 71.732140
v -4.675000 215.157364 68.959465
v -4.675000 215.807922 68.830063
v -4.675000 216.458481 68.959465
v -4.675000 217.010010 69.327980
v -4.675000 215.157364 72.100655
v -4.675000 216.458481 72.100655
v -4.675000 217.378525 69.879501
v -4.675000 217.507919 70.530060
v -4.675000 217.378525 71.180618
v -4.675000 217.010010 71.732140
v -4.675000 215.807922 72.230057
v -0.520353 225.999252 64.111877
v -0.175000 225.910065 65.383392
v 0.000000 231.687424 65.801643
v 0.000000 233.274002 64.951485
v 0.000000 232.634491 66.634048
v -4.329142 225.999390 64.110023
v -4.675000 225.910065 65.383392
v -0.175000 221.646698 76.600510
v -0.925000 220.685730 76.877144
v -3.925000 220.685730 76.877144
v -4.675000 221.646698 76.600510
v -30.000000 233.274002 64.951485
v -29.863813 232.060425 66.273865
v -0.175000 228.151642 87.193230
v -0.925000 228.000626 88.181763
v -0.175000 234.486877 92.435280
v -0.175000 235.038406 92.066765
v -0.175000 234.118362 92.986801
v -0.175000 233.988968 93.637360
v -0.175000 234.118362 94.287918
v -0.175000 234.486877 94.839439
v -0.175000 235.038406 95.207954
v -0.925000 230.362167 92.588928
v -3.925000 228.000626 88.181763
v -4.675000 228.151642 87.193230
v -3.925000 230.362167 92.588928
v -4.675000 234.486877 92.435280
v -4.675000 235.038406 92.066765
v -4.675000 234.118378 92.986801
v -4.675000 233.988968 93.637360
v -4.675000 234.118378 94.287918
v -4.675000 234.486877 94.839439
v -4.675000 235.038406 95.207954
v -0.175000 238.728851 81.525520
v -0.520802 239.980026 81.273560
v -0.520803 241.068863 83.305573
v -4.325385 239.993820 81.270782
v -4.675000 238.728851 81.525520
v -0.175000 235.688965 91.937363
v -0.175000 236.339523 92.066765
v -0.175000 236.891052 92.435280
v -0.175000 237.259552 92.986801
v -0.175000 237.388962 93.637360
v -0.175000 237.259552 94.287918
v -0.175000 236.891052 94.839439
v -0.175000 235.688965 95.337357
v -0.175000 236.339523 95.207954
v -4.675000 235.688965 91.937363
v -4.675000 236.339523 92.066765
v -4.675000 236.891052 92.435280
v -4.675000 237.259567 92.986801
v -4.675000 237.388962 93.637360
v -4.675000 237.259567 94.287918
v -4.675000 236.891052 94.839439
v -4.675000 235.688965 95.337357
v -4.675000 236.339523 95.207954
v -0.520801 251.759659 103.256927
v -4.325387 251.684616 103.088356
v -0.175000 246.147125 112.798073
v -0.175000 246.797684 112.668671
v -0.175000 247.448242 112.798073
v -0.175000 245.595596 113.166588
v -0.175000 245.227081 113.718109
v -0.175000 245.097687 114.368668
v -0.175000 245.227081 115.019226
v -0.175000 247.999771 113.166588
v -0.175000 248.368271 113.718109
v -0.175000 248.497681 114.368668
v -0.175000 248.368271 115.019226
v -4.675000 246.147125 112.798073
v -4.675000 246.797684 112.668671
v -4.675000 247.448242 112.798073
v -4.675000 245.595596 113.166588
v -4.675000 245.227097 113.718109
v -4.675000 245.097687 114.368668
v -4.675000 245.227097 115.019226
v -4.675000 247.999771 113.166588
v -4.675000 248.368286 113.718109
v -4.675000 248.497681 114.368668
v -4.675000 248.368286 115.019226
v -0.175000 245.595596 115.570747
v -0.175000 246.147125 115.939262
v -0.175000 246.797684 116.068665
v -0.175000 247.448242 115.939262
v -0.175000 247.999771 115.570747
v -0.175000 247.988663 124.213417
v -0.925000 247.081940 123.791656
v -4.675000 245.595596 115.570747
v -4.675000 246.147125 115.939262
v -4.675000 246.797684 116.068665
v -4.675000 247.448242 115.939262
v -4.675000 247.999771 115.570747
v -3.925000 247.081940 123.791656
v -4.675000 247.988663 124.213417
v -0.520802 259.468597 117.643494
v -0.175000 258.565857 118.545700
v -4.325386 259.478546 117.633545
v -4.675000 258.565857 118.545700
v -1.799999 260.842010 130.966858
v -1.799999 261.270477 127.795670
v -1.799999 265.196625 128.326141
v -1.799999 267.391754 128.622726
v -1.799999 269.198456 128.866821
v 0.000000 267.757935 133.117142
v 0.000000 269.344513 132.266983
v -1.799999 267.058960 131.806824
v -1.799999 268.860962 131.364594
v -28.429405 263.004181 128.029922
v -28.299999 263.648895 128.117020
v -28.429405 264.293610 128.204132
v -28.797918 262.457642 127.956070
v -29.349438 262.092438 127.906723
v -28.797918 264.840149 128.277969
v -30.000000 261.964203 127.889397
v -30.650562 262.092438 127.906723
v -29.349438 265.205353 128.327316
v -29.482824 265.231659 128.330872
v -30.000000 265.314636 128.484848
v -30.510580 265.232941 128.331039
v -30.650562 265.205353 128.327316
v -28.429405 262.575714 131.201096
v -28.299999 263.220428 131.288208
v -28.429405 263.865143 131.375305
v -28.797918 262.029175 131.127258
v -29.349438 261.663971 131.077911
v -28.797918 264.411682 131.449158
v -29.349438 264.776886 131.498489
v -30.000000 261.535736 131.060593
v -30.650562 261.663971 131.077911
v -30.000000 264.905121 131.515823
v -30.650562 264.776886 131.498489
v -31.202082 262.457642 127.956070
v -31.570595 263.004181 128.029922
v -31.202082 264.840149 128.277969
v -31.700001 263.648895 128.117020
v -31.570595 264.293610 128.204132
v -31.202082 262.029175 131.127258
v -31.570595 262.575714 131.201096
v -31.202082 264.411682 131.449158
v -31.700001 263.220428 131.288208
v -31.570595 263.865143 131.375305
v -55.312630 251.524002 132.103500
v -55.710117 250.810852 133.050003
v -60.284332 251.257462 132.049713
v -60.215744 251.897125 131.888138
v -60.600101 250.690445 132.186676
v -60.003296 248.304276 133.584518
v -61.114983 250.282410 132.278198
v -61.750587 250.095459 132.310333
v -62.410152 250.158051 132.278198
v -58.200001 260.842010 130.966858
v -58.200001 261.270477 127.795670
v -58.200001 264.638428 128.250717
v -57.391293 265.269470 128.335983
v -58.200001 267.391754 128.622726
v -58.200001 269.198456 128.866821
v -58.200001 266.245087 130.159241
v -58.200001 267.130920 131.816544
v -58.200001 268.860962 131.364594
v -60.404781 252.512054 131.726578
v -60.822662 253.008636 131.589615
v -61.405773 253.311264 131.498093
v -62.065338 253.373856 131.465958
v -62.700943 253.186920 131.498093
v -61.457069 261.474365 129.413559
v -62.576302 262.633057 129.463531
v -59.565765 267.892731 133.238434
v -60.000000 269.344513 132.266983
v -61.563873 262.586792 133.772568
v -55.781315 251.552490 135.956009
v -60.391136 252.369904 136.408722
v -60.706905 251.802887 136.545685
v -61.221786 251.394852 136.637207
v -61.857391 251.207901 136.669342
v -62.516956 251.270493 136.637207
v -55.419434 252.636429 136.462509
v -60.322548 253.009567 136.247147
v -60.511585 253.624496 136.085587
v -60.929466 254.121063 135.948624
v -61.512577 254.423706 135.857101
v -62.172142 254.486298 135.824966
v -63.916500 23.506506 72.486000
v -63.275898 83.725777 40.722870
v -64.738503 83.321999 39.754494
v -81.229652 54.422821 84.851295
v -82.567497 53.224506 84.970490
v -92.249062 84.557434 114.914619
v -92.146698 85.529823 115.693375
v -92.335907 85.466362 118.686722
v -92.532875 84.462250 119.404655
v -102.799187 78.893890 114.127678
v -96.775330 88.438690 114.710793
v -96.859772 89.096550 114.719398
v -97.353142 87.274513 114.649590
v -96.948578 87.798882 114.686279
v -97.927429 86.945427 114.606308
v -98.584007 86.861717 114.563034
v -97.189041 89.672287 114.710793
v -97.713020 90.078270 114.686272
v -98.351936 90.252686 114.649590
v -99.222916 87.036125 114.526344
v -99.746902 87.442108 114.501831
v -100.076172 88.017853 114.493217
v -99.008514 90.168976 114.606308
v -99.582802 89.839882 114.563034
v -99.987366 89.315521 114.526344
v -100.160614 88.675705 114.501831
v -104.336700 78.543884 114.412537
v -105.536690 80.810699 114.381416
v -110.756294 90.670677 114.246017
v -104.548828 102.944824 114.526939
v -104.722076 102.305016 114.502426
v -104.633270 103.602684 114.535545
v -105.126640 101.780647 114.465736
v -105.700928 101.451561 114.422455
v -104.962540 104.178421 114.526939
v -105.486519 104.584404 114.502426
v -106.357506 101.367851 114.379181
v -106.125435 104.758820 114.465736
v -106.782013 104.675110 114.422455
v -106.130302 110.461227 114.586311
v -106.996414 101.542259 114.342491
v -107.520401 101.948242 114.317978
v -107.849670 102.523987 114.309364
v -107.356300 104.346016 114.379181
v -107.760864 103.821655 114.342491
v -107.934113 103.181839 114.317978
v -116.172028 100.901146 114.105537
v -116.680428 104.797684 113.799370
v -117.245064 104.265221 113.944290
v -97.059143 88.343506 119.200829
v -97.232391 87.703690 119.176308
v -97.636955 87.179329 119.139626
v -98.211243 86.850235 119.096344
v -98.867821 86.766525 119.053070
v -97.143585 89.001358 119.209435
v -97.472855 89.577103 119.200829
v -97.996841 89.983086 119.176308
v -98.635750 90.157494 119.139626
v -99.506737 86.940941 119.016380
v -100.030716 87.346924 118.991867
v -100.359985 87.922661 118.983253
v -99.292328 90.073784 119.096344
v -99.866615 89.744698 119.053070
v -100.271179 89.220329 119.016380
v -100.444427 88.580521 118.991867
v -102.899109 73.160675 118.569641
v -104.064003 71.788506 118.582489
v -103.083000 78.798706 118.617714
v -105.388382 78.282074 117.857834
v -104.832642 102.849640 119.016975
v -102.910736 105.616615 115.438782
v -105.410454 101.685463 118.955772
v -105.005890 102.209824 118.992455
v -104.917084 103.507492 119.025581
v -105.246353 104.083237 119.016975
v -105.770340 104.489220 118.992455
v -105.984741 101.356369 118.912491
v -106.641319 101.272659 118.869217
v -106.409248 104.663628 118.955772
v -105.272247 110.023445 115.382935
v -105.461456 109.959984 118.376282
v -106.414116 110.366043 119.076347
v -107.280235 101.447075 118.832527
v -107.804214 101.853058 118.808014
v -107.065826 104.579918 118.912491
v -107.640114 104.250832 118.869217
v -108.133484 102.428795 118.799400
v -108.217926 103.086655 118.808014
v -108.044678 103.726463 118.832527
v -115.399033 97.159065 117.649765
v -118.124046 103.497612 115.739799
v -118.572136 103.142555 117.583817
v -116.964241 104.702499 118.289406
v -121.843613 108.445168 118.853874
v -123.343498 107.766006 118.126495
v -92.575500 152.524506 59.146488
v -91.083153 152.733597 60.130955
v -88.945503 188.338501 47.872486
v -88.630424 187.507858 49.437973
v -62.993263 250.460693 132.186676
v -63.411144 250.957260 132.049713
v -63.531593 252.211853 131.726578
v -63.600182 251.572189 131.888138
v -63.215824 252.778870 131.589615
v -63.669281 264.459015 132.530441
v -70.152435 258.188782 130.407791
v -72.696098 243.628204 133.692627
v -73.210983 243.220154 133.784149
v -73.846588 243.033218 133.816284
v -74.506149 243.095810 133.784149
v -72.500778 245.449814 133.232529
v -72.311737 244.834869 133.394104
v -72.380325 244.195206 133.555664
v -72.918663 245.946381 133.095566
v -73.501770 246.249008 133.004044
v -74.796936 246.124664 133.004044
v -74.161331 246.311600 132.971909
v -75.089256 243.398438 133.692642
v -75.507141 243.895004 133.555664
v -75.311821 245.716614 133.095566
v -75.627594 245.149612 133.232544
v -75.696182 244.509933 133.394104
v -72.164001 257.008789 130.658524
v -63.100067 251.573135 136.545685
v -63.517948 252.069702 136.408722
v -62.807747 254.299362 135.857101
v -63.706985 252.684631 136.247147
v -63.638397 253.324295 136.085587
v -63.322628 253.891312 135.948624
v -71.643120 241.508331 135.033676
v -72.802895 244.740631 138.051651
v -72.487122 245.307648 137.914673
v -72.418533 245.947311 137.753113
v -72.607574 246.562241 137.591537
v -73.317780 244.332596 138.143158
v -73.025459 247.058823 137.454575
v -73.608566 247.361450 137.363052
v -73.953384 244.145645 138.175293
v -74.612946 244.208237 138.143158
v -74.268127 247.424042 137.330917
v -75.936302 239.001770 135.568192
v -76.007500 239.743408 138.474197
v -76.912636 238.912842 134.792709
v -77.019432 240.025269 139.151718
v -75.196053 244.510880 138.051636
v -75.613937 245.007446 137.914673
v -75.802979 245.622375 137.753113
v -74.903732 247.237106 137.363052
v -75.418617 246.829056 137.454575
v -75.734390 246.262039 137.591537
v -82.589874 231.061157 129.772934
v -82.351791 232.194992 129.303604
v -85.295395 227.312805 127.867653
v -83.644257 230.431000 132.509933
v -83.933365 231.249741 133.409103
v -89.805672 225.874710 124.976959
v -90.426636 225.932892 124.751137
v -90.998169 226.233826 124.600250
v -91.433258 226.731689 124.547264
v -91.665665 227.350677 124.600250
v -91.660011 227.996582 124.751137
v -91.417152 228.571030 124.976959
v -88.786728 226.483688 125.509697
v -88.543869 227.058136 125.735512
v -89.229813 226.068115 125.243324
v -90.811394 225.122864 129.348831
v -90.368309 225.538437 129.615204
v -90.125450 226.112885 129.841019
v -90.119789 226.758789 129.991898
v -88.538216 227.704041 125.886406
v -88.770622 228.323029 125.939384
v -89.205711 228.820892 125.886406
v -89.777245 229.121826 125.735519
v -90.398209 229.180008 125.509697
v -90.352203 227.377777 130.044891
v -90.787292 227.875641 129.991898
v -91.387253 224.929459 129.082458
v -92.008217 224.987640 128.856644
v -92.579750 225.288574 128.705750
v -93.014839 225.786438 128.652771
v -93.247246 226.405426 128.705750
v -93.241592 227.051331 128.856644
v -90.974068 228.986603 125.243324
v -91.979790 228.234756 129.615204
v -92.555649 228.041351 129.348831
v -92.998734 227.625778 129.082458
v -91.358826 228.176575 129.841019
v -83.057076 248.863220 132.102768
v -83.499718 250.359131 132.071365
v -91.519684 239.726089 127.505775
v -93.003693 240.311920 127.460548
v -93.101257 238.780838 131.611282
v -83.163872 249.975647 136.461777
v -83.993340 252.551315 135.080933
v -89.067451 250.617325 136.951813
v -90.000000 251.829010 136.001984
v -104.450470 200.774475 114.378357
v -105.078140 200.708847 113.299377
v -126.939003 200.652008 109.988983
v -125.536842 200.077469 110.960503
v -105.504852 200.144318 117.115356
v -106.659714 199.763596 117.404877
v -114.246033 208.239944 111.501541
v -115.389984 209.475204 111.763260
v -117.453972 209.885834 114.800949
v -101.513496 208.851456 116.547325
v -101.270638 209.425903 116.773140
v -101.264984 210.071808 116.924034
v -102.532440 208.242477 116.014587
v -101.956581 208.435883 116.280952
v -102.852219 208.480667 120.878647
v -102.846558 209.126556 121.029533
v -101.497398 210.690796 116.977013
v -101.932487 211.188660 116.924026
v -102.504021 211.489594 116.773140
v -103.153404 208.300659 115.788765
v -103.724937 208.601593 115.637878
v -104.160027 209.099457 115.584892
v -104.386780 210.364334 115.788765
v -104.392441 209.718445 115.637878
v -104.114014 207.297226 120.120087
v -104.734978 207.355408 119.894264
v -105.306511 207.656342 119.743378
v -105.741600 208.154205 119.690399
v -105.725502 209.993546 120.120079
v -105.974014 208.773193 119.743378
v -105.968361 209.419098 119.894264
v -103.095070 207.906204 120.652824
v -103.538155 207.490631 120.386459
v -103.078972 209.745544 121.082512
v -103.514061 210.243408 121.029533
v -105.282417 210.409119 120.386452
v -103.124985 211.547775 116.547325
v -103.700844 211.354370 116.280952
v -104.143929 210.938797 116.014580
v -104.085594 210.544342 120.878639
v -104.706558 210.602524 120.652824
v -104.578911 224.367279 119.344002
v -95.477531 240.199249 130.267715
v -115.827606 207.294693 115.607040
v -59.819290 115.069336 24.216354
v -61.094440 118.013382 25.166889
v -40.548664 66.349854 8.486486
v -59.151649 112.580933 24.944492
v -58.899940 114.341995 23.981522
v -114.015205 211.368927 112.727242
v -106.396767 221.863205 118.069313
v -62.268440 119.780487 27.296482
v -60.812542 118.785797 25.416277
v -61.578701 120.565933 25.991020
v -75.835304 157.659546 37.967293
v -83.880890 252.051926 134.395340
v 0.000000 187.785446 49.585419
v -0.000331 187.741730 49.571301
v -0.027834 187.741653 49.571259
v -0.006353 187.741714 49.571289
v -0.008249 232.005371 66.394928
v -0.019971 232.005417 66.394943
v 0.000000 187.741837 49.571339
v -0.049323 232.005554 66.394981
v -0.005960 232.005356 66.394920
v -0.000581 187.741730 49.571297
v 0.000000 232.005325 66.394913
v 0.000000 232.028549 66.403748
v -4.325386 241.094666 83.325195
v -107.251656 81.795624 117.819107
v -0.000765 187.741730 49.571297
v -0.003351 187.741730 49.571293
v 0.000000 231.986359 66.359535
v -0.409249 232.007248 66.395447
v 0.000000 232.008926 66.369087
v 0.326696 1.711704 48.013561
v -0.189000 0.000000 47.803501
v -0.337538 3.096850 54.022083
v -0.704487 1.799373 54.432850
v -2.555344 1.790928 54.443375
v -0.337538 15.095939 53.874241
v -1.084148 15.705789 54.669968
v -3.904406 0.457093 54.869778
v -4.084121 0.457103 54.870537
v -4.082444 0.461987 55.266975
v -4.132378 0.626206 54.817410
v -4.293904 3.097057 54.038818
v -4.837498 3.468952 54.036537
v -4.832425 3.111860 55.240257
v -4.836477 3.397080 54.278809
v -4.084121 15.705945 54.682655
v -4.837498 15.096173 53.893276
v -0.645086 1.976938 66.741798
v -0.312747 10.381330 59.793678
v -0.314277 10.932849 59.425171
v -0.314791 11.583411 59.295765
v -0.314209 12.233974 59.425171
v -0.310434 10.012815 60.345196
v -0.307689 9.883410 60.995750
v -0.304931 10.012815 61.646305
v -0.302579 10.381329 62.197823
v -0.312622 12.785493 59.793678
v -0.310270 13.154006 60.345196
v -0.307512 13.283411 60.995750
v -0.304767 13.154006 61.646305
v -0.302454 12.785492 62.197823
v -0.300992 10.932849 62.566334
v -0.300410 11.583410 62.695736
v -0.300924 12.233973 62.566334
v -4.446968 1.842926 58.663574
v -4.062972 15.767547 59.682228
v -4.812707 10.381565 59.812714
v -4.814237 10.933084 59.444202
v -4.814750 11.583647 59.314800
v -4.814169 12.234208 59.444202
v -4.810393 10.013051 60.364231
v -4.807649 9.883646 61.014786
v -4.804891 10.013051 61.665340
v -4.802538 10.381564 62.216858
v -4.812582 12.785728 59.812714
v -4.810230 13.154242 60.364231
v -4.807472 13.283647 61.014786
v -4.804727 13.154242 61.665340
v -4.802413 12.785728 62.216858
v -4.800951 10.933084 62.585365
v -4.800370 11.583646 62.714771
v -4.800883 12.234208 62.585365
v -4.393060 2.056700 73.488312
v -0.564256 2.218558 83.491188
v -0.552948 2.252362 85.834473
v -0.201458 3.493211 86.190971
v -0.234229 10.234777 78.359764
v -0.231484 10.105372 79.010323
v -0.238072 11.154811 77.439743
v -0.236543 10.603292 77.808250
v -0.238586 11.805373 77.310341
v -0.238005 12.455935 77.439743
v -0.228726 10.234777 79.660881
v -0.226374 10.603291 80.212395
v -0.224787 11.154811 80.580902
v -0.224206 11.805372 80.710304
v -0.224719 12.455935 80.580902
v -0.236417 13.007455 77.808250
v -0.234066 13.375968 78.359764
v -0.231307 13.505373 79.010323
v -0.228562 13.375968 79.660881
v -0.226249 13.007454 80.212395
v -0.975984 16.020836 80.239403
v -0.201458 15.492299 86.043129
v -0.954835 16.082436 85.238976
v -4.356768 2.200620 83.468796
v -4.348126 2.234891 85.845428
v -4.701418 3.493445 86.209999
v -4.734189 10.235013 78.378792
v -4.731444 10.105608 79.029350
v -4.738032 11.155046 77.458771
v -4.736502 10.603527 77.827278
v -4.738545 11.805609 77.329369
v -4.737964 12.456170 77.458771
v -4.728686 10.235013 79.679909
v -4.726334 10.603526 80.231422
v -4.724747 11.155046 80.599930
v -4.724165 11.805608 80.729332
v -4.724679 12.456170 80.599930
v -4.736377 13.007690 77.827278
v -4.734025 13.376204 78.378792
v -4.731267 13.505609 79.029350
v -4.728522 13.376204 79.679909
v -4.726209 13.007689 80.231422
v -3.954808 16.082592 85.251671
v -4.701418 15.492534 86.062157
v 0.000000 0.550500 92.482498
v 0.000000 2.350363 92.460320
v -20.215500 0.550500 92.482498
v -19.699804 2.262204 92.692558
v -29.799259 12.055448 82.834053
v -30.778500 10.605000 82.413002
v -6.556342 11.565503 64.232941
v -4.933773 10.899465 65.871124
v -7.421622 4.359385 65.676254
v -9.044190 5.025423 64.038071
v -10.062453 9.382609 66.818123
v -9.894733 9.705449 66.783257
v -9.787261 10.053020 66.818123
v -9.747356 10.401632 66.920334
v -9.755796 10.492160 66.965500
v -10.015865 9.472288 66.808441
v -10.278987 9.106500 66.920334
v -10.529581 8.895938 67.082932
v -9.777741 10.727532 67.082932
v -9.876345 11.008508 67.294830
v -10.797156 8.765272 67.294830
v -8.907016 8.229900 68.721115
v -9.174591 8.099236 68.933014
v -9.248569 8.087606 69.001556
v -9.440910 8.057370 69.179771
v -9.687830 8.107161 69.444580
v -9.898520 8.245212 69.709389
v -8.164696 9.386982 68.456306
v -8.272170 9.039413 68.421448
v -8.194549 9.290435 68.446625
v -8.318759 8.949736 68.431129
v -8.439888 8.716572 68.456306
v -8.135876 9.638758 68.530128
v -8.124791 9.735595 68.558517
v -8.146736 9.970967 68.675949
v -8.155176 10.061495 68.721115
v -8.656422 8.440463 68.558517
v -8.253779 10.342471 68.933014
v -8.413878 10.559374 69.179771
v -8.566044 10.659078 69.371025
v -8.624569 10.697426 69.444580
v -9.920816 11.068759 67.363373
v -10.036444 11.225411 67.541588
v -10.247134 11.363462 67.806396
v -10.494053 11.413253 68.071205
v -9.586368 10.422612 70.285477
v -9.655977 10.364122 70.330643
v -8.871488 10.747215 69.709389
v -9.137808 10.705350 69.956146
v -9.405383 10.574685 70.168045
v -10.058619 8.462115 69.956146
v -10.086009 8.540164 70.015007
v -10.157223 8.743091 70.168045
v -10.147703 9.417603 70.432854
v -9.872511 10.088013 70.432854
v -9.812363 10.164710 70.404465
v -9.946261 9.946054 70.448189
v -10.040231 9.765173 70.467720
v -9.993643 9.854852 70.458038
v -10.117849 9.514151 70.442543
v -10.187608 9.068990 70.330643
v -10.176523 9.165827 70.359039
v -13.876194 6.597104 72.979065
v -11.063476 8.723408 67.541588
v -11.310395 8.773197 67.806396
v -11.521086 8.911248 68.071205
v -11.636713 9.067901 68.249420
v -11.662794 10.431210 68.829529
v -10.760373 11.371387 68.317963
v -11.027948 11.240722 68.529861
v -11.278543 11.030160 68.692459
v -11.338691 10.953463 68.720848
v -11.495076 10.754050 68.794670
v -11.541665 10.664372 68.804352
v -11.568828 10.612088 68.809998
v -11.681185 9.128152 68.317963
v -11.779787 9.409128 68.529861
v -11.810173 9.735027 68.692459
v -11.770268 10.083640 68.794670
v -11.692648 10.334661 68.819847
v -13.010914 13.803222 71.535751
v -11.388346 13.137183 73.173935
v -15.498762 7.263143 71.340881
v -41.475246 19.931635 80.180511
v -42.028019 19.386318 81.317055
v -41.788368 20.016321 81.335823
v -41.048756 21.052790 80.213913
v -41.361877 21.137476 81.369232
v -42.004745 20.074842 82.134193
v -41.935940 21.292738 83.487335
v -41.966270 21.213011 83.484962
v -41.966270 21.213011 83.484962
v -50.024265 24.547194 77.525162
v -50.450756 23.426039 77.491760
v -50.763874 23.510725 78.647072
v -50.360237 24.571815 78.678688
v -50.337387 24.631880 78.680481
v -51.050323 22.757706 78.624634
v -51.022507 23.580675 79.601334
v -51.020657 23.635342 79.666206
v -50.988575 24.584396 80.792542
v -50.988575 24.584396 80.792542
v -50.911449 24.787142 80.798584
v -50.911449 24.787142 80.798584
v -41.788368 20.016321 81.335823
v -41.361877 21.137478 81.369232
v -41.379517 21.091105 81.367851
v -41.724327 20.667536 81.968391
v -42.004745 20.074844 82.134193
v -41.995991 20.333820 82.441544
v -41.963326 21.300146 83.588371
v -50.763874 23.510725 78.647072
v -50.337387 24.631882 78.680481
v -47.257118 23.358212 82.101479
v -51.022507 23.580675 79.601326
v -50.963638 24.801258 80.991135
v -50.982964 24.750458 80.989624
v -42.723003 19.375011 83.622322
v -42.801277 17.353573 81.256485
v -42.789978 17.383274 81.257370
v -43.427528 17.522949 83.567139
v -51.765488 20.877678 78.568619
v -51.776787 20.847977 78.567734
v -52.403038 21.017353 80.878387
v -51.698513 22.869415 80.933571
v -62.790787 58.731396 120.153442
v -59.880829 66.008987 118.550705
v -59.970184 66.558838 120.885162
v -65.238022 65.045090 118.572678
v -65.749237 64.124298 118.769989
v -65.323387 64.698479 118.651054
v -65.497757 64.384415 118.718346
v -65.449318 64.471657 118.699654
v -65.679382 64.196548 118.755646
v -65.247467 65.400635 118.488579
v -65.541824 66.042610 118.326103
v -65.615395 66.110023 118.307404
v -65.351089 65.740868 118.404472
v -66.060692 63.935852 118.802452
v -66.313622 63.860802 118.810448
v -66.410904 63.831932 118.813522
v -66.776001 63.819611 118.802452
v -65.806664 66.285301 118.258804
v -66.127579 66.452400 118.207161
v -66.482681 66.532516 118.174698
v -62.880142 59.281239 122.487900
v -65.587112 64.934265 121.052811
v -65.412743 65.248329 120.985512
v -65.327377 65.594933 120.907135
v -65.336823 65.950485 120.823036
v -65.440445 66.290718 120.738930
v -65.631180 66.592461 120.660561
v -65.838593 64.674141 121.104446
v -66.150047 64.485695 121.136909
v -66.500259 64.381783 121.147980
v -65.896027 66.835152 120.593262
v -66.216934 67.002251 120.541618
v -66.572037 67.082367 120.509155
v -67.032463 63.877472 118.779007
v -67.131104 63.899727 118.769989
v -67.452011 64.066826 118.718353
v -67.716858 64.309517 118.651047
v -66.847778 66.520195 118.163628
v -66.945061 66.491333 118.166702
v -67.197990 66.416275 118.174698
v -67.509445 66.227837 118.207161
v -67.760925 65.967712 118.258804
v -67.907593 64.611259 118.572678
v -68.011215 64.951492 118.488579
v -68.018036 65.208275 118.427834
v -67.935295 65.653648 118.326103
v -68.020660 65.307037 118.404472
v -66.865356 64.369453 121.136909
v -67.220459 64.449570 121.104446
v -67.541374 64.616676 121.052811
v -66.937134 67.070045 120.498085
v -67.287346 66.966125 120.509155
v -67.512283 66.830025 120.532600
v -67.598801 66.777679 120.541618
v -67.806213 64.859367 120.985512
v -67.859192 64.943184 120.963737
v -67.996948 65.161102 120.907135
v -68.024651 66.203499 120.660561
v -68.110016 65.856888 120.738930
v -68.100571 65.501343 120.823036
v -67.850281 66.517563 120.593262
v -73.959839 62.887627 118.746994
v -74.049194 63.437469 121.081451
v -71.049881 70.165215 117.144257
v -71.139236 70.715065 119.478714
v -101.704453 175.929932 82.964127
v -101.075317 177.809204 81.610428
v -105.181625 175.615509 80.911591
v -104.552490 177.494781 79.557892
v -108.958771 183.665955 86.077194
v -105.481598 183.980377 88.129730
v -106.110733 182.101105 89.483429
v -109.587906 181.786682 87.430893
v -101.704453 175.929932 82.964127
v -102.734726 175.836777 82.355972
v -101.307358 177.636353 81.617210
v -102.158012 177.559433 81.115082
v -101.127762 177.652634 81.723267
v -101.158569 177.560516 81.789566
v -105.534027 183.823776 88.242538
v -105.564850 183.731689 88.308868
v -105.713638 183.807526 88.136513
v -106.564293 183.730606 87.634384
v -106.110733 182.101105 89.483421
v -106.110733 182.101105 89.483429
v -107.140999 182.007935 88.875267
v -102.019020 174.990280 83.640976
v -102.158012 177.559433 81.115082
v -101.127739 177.652603 81.723236
v -103.049294 174.897110 83.032822
v -105.534019 183.823776 88.242538
v -106.564293 183.730606 87.634384
v -106.425301 181.161453 90.160278
v -107.455574 181.068283 89.552124
v -20.093767 0.129408 91.230354
v -30.179934 9.730028 81.615410
v -26.970789 11.528494 80.044777
v -16.884623 1.927873 89.659721
v -20.231085 3.026980 94.267662
v -30.317251 12.627600 84.652718
v -27.108107 14.426065 83.082085
v -17.021940 4.825445 92.697029
v -31.287823 11.724536 81.915779
v -33.821110 50.698929 125.302696
v -30.820992 52.751762 123.633812
v -28.287708 13.777371 80.246895
v -28.515907 9.459338 84.112450
v -31.049192 48.433731 127.499367
v -28.049076 50.486565 125.830482
v -25.515793 11.512174 82.443565
v -19.617001 42.842999 142.132507
v -20.215500 0.550500 92.482498
v -30.778500 10.605000 82.413002
v -33.346500 50.113499 126.394501
v -43.960499 63.055500 165.889496
v -18.346378 44.023026 141.649750
v -18.771383 1.359809 91.775711
v -29.380125 11.472342 81.683434
v -32.129272 51.344376 125.901245
v -42.943111 64.525711 165.681137
v -74.478683 47.166058 84.629387
v -77.181290 46.692654 81.718758
v -71.340935 50.593449 81.158440
v -76.524094 63.541248 82.841621
v -75.662773 53.906284 90.810875
v -77.925774 55.620735 93.628586
v -76.129578 60.853474 91.887283
v -79.203697 58.653942 78.531868
v -81.207039 61.847916 79.867958
v -81.187149 62.751648 92.374420
v -82.983345 57.518909 94.115723
v -86.246384 57.878452 91.830269
v -86.265297 178.588287 47.875172
v -81.721313 179.243484 51.419594
v -79.126801 190.040344 49.589134
v -81.654823 192.937973 50.690456
v -79.126801 187.979721 55.010738
v -84.516167 194.371582 54.671986
v -88.721153 179.760117 50.806992
v -88.168808 193.028305 55.596008
v -90.138535 192.473129 57.022991
v -92.682678 189.544724 56.047375
v -82.152756 190.087494 57.786613
v -86.802803 188.642380 59.822666
v -61.016953 75.196861 38.211098
v -56.927746 75.020508 43.945843
v -60.194458 80.257454 43.058220
v -62.151539 73.755798 41.765823
v -58.178349 85.073265 43.593441
v -60.690258 94.338600 42.874794
v -62.990467 91.701988 36.759460
v -60.336170 86.063980 41.163166
v -66.988335 79.274956 47.552559
v -64.308731 84.162254 51.862324
v -63.118423 82.459534 39.353241
v -65.278473 87.778198 46.198673
v -62.900669 83.156410 38.781715
v -62.049072 83.828796 37.451912
v -62.342213 86.280441 37.236290
v -65.082420 93.233887 39.227139
v -63.261063 82.842140 39.465263
v -62.301888 93.992188 41.656776
v -62.328796 94.011902 41.688545
v -60.821625 90.296806 40.616074
v -60.905476 88.829903 39.720482
v -60.324947 88.030220 40.544926
v -59.725540 83.912209 40.833504
v -60.166531 83.931969 40.106785
v -61.466908 87.509941 38.565395
v -60.337303 83.928650 39.866436
v -64.938660 88.778236 45.389633
v -64.929398 88.755234 45.383221
v -63.130363 91.944283 43.353973
v -64.316673 89.009377 45.789391
v -63.684521 82.471893 40.268738
v -67.486404 81.096283 46.873211
v -63.156075 79.066780 40.475155
v -63.156395 79.146004 40.450901
v -63.186352 80.821770 39.975616
v -65.588570 82.498245 50.250046
v -68.469620 81.636604 48.540482
v -66.139732 83.500175 50.699638
v -68.221634 81.488029 48.086792
v -65.837257 84.406731 49.922367
v -65.299118 87.757080 46.235500
v -65.288116 87.752510 46.220798
v -65.634918 84.930367 49.432438
v -64.927582 87.809319 46.614101
v -64.631714 87.855423 46.884132
v -64.838737 87.820396 46.698650
v -64.373192 87.372368 44.997520
v -61.924839 82.859505 40.576771
v -63.176899 82.737656 39.471928
v -63.219265 82.849518 39.504135
v -63.667564 87.383186 45.333492
v -63.710773 87.380386 45.311920
v -60.366882 86.060669 41.136150
v -60.366772 85.988914 41.155437
v -60.401505 83.355431 41.916542
v -63.176174 82.884407 39.433346
v -61.850704 83.142433 40.568470
v -61.503922 83.199501 40.868244
v -63.131866 82.465675 39.373158
v -63.562374 82.579063 40.036858
v -63.094723 82.367859 39.343410
v -63.039314 82.552994 39.646290
v -63.551025 82.580605 40.049259
v -63.178440 82.425377 39.554024
v -62.909393 82.449074 39.792103
v -28.697491 227.926193 70.478203
v -29.102182 237.126129 74.257683
v -34.130653 224.341934 62.626415
v -36.658676 227.239563 63.727737
v -34.130653 222.281311 68.048019
v -34.919250 234.713440 72.433403
v -32.445343 237.553131 73.780952
v -29.102182 232.013824 76.997070
v -29.742577 233.629135 77.088120
v -0.800000 39.986084 8.381157
v -0.800000 183.501434 54.717415
v -6.800000 183.501434 54.717415
v -6.800000 39.986084 8.381157
v -0.800000 42.136826 1.719753
v -0.800000 185.652191 48.056007
v -6.800000 185.652191 48.056007
v -6.800000 42.136826 1.719753
v -0.800000 227.403320 70.933556
v -0.800000 261.112274 133.841888
v -6.800000 261.112274 133.841888
v -6.800000 227.403320 70.933556
v -0.800000 233.573364 67.627388
v -0.800000 267.282318 130.535736
v -6.800000 267.282318 130.535736
v -6.800000 233.573364 67.627388
v -0.800000 187.833145 56.238785
v -0.800000 228.094833 71.541374
v -6.800000 228.094833 71.541374
v -6.800000 187.833145 56.238785
v -0.800000 190.320114 49.695465
v -0.800000 230.581802 64.998055
v -6.800000 230.581802 64.998055
v -6.800000 190.320114 49.695465
v -0.978418 8.030235 50.208107
v -0.810567 8.519135 89.887535
v -6.810514 8.519447 89.912910
v -6.978365 8.030548 50.233482
v -6.978365 1.031079 50.319725
v -0.825234 1.476946 86.506645
v -6.825294 1.476928 86.505157
v -0.810567 4.660316 89.935081
v -0.826056 1.759473 86.308754
v -6.810514 4.646435 89.960632
v -6.826060 1.740203 86.320747
v -6.110252 8.198989 63.904270
v -6.923435 8.190543 63.218830
v -6.918739 8.204222 64.328941
v -6.920966 6.013885 63.829361
v -6.978365 6.768473 50.249031
v -6.973573 6.728503 51.382553
v -4.039291 5.651486 50.250362
v -1.865493 1.104041 56.241371
v -0.957246 1.092434 55.299408
v -0.978418 5.285694 50.241924
v -0.952193 5.253602 56.442871
v -6.923536 7.355086 63.205070
v -6.963358 6.641783 53.798649
v -6.961647 7.409054 54.193794
v -6.928956 2.906554 61.978420
v -3.488885 6.183568 50.241478
v -3.829415 5.571672 50.250458
v -6.102286 1.031033 50.316021
v -6.886304 1.110790 56.789112
v -6.950682 1.133613 56.863602
v -6.978365 1.388191 50.315323
v -6.949848 2.110652 57.048679
v -6.948820 3.124986 57.279430
v -6.977138 1.366919 50.605812
v -6.213542 1.075063 50.315948
v -2.519646 1.052637 52.069408
v -1.448344 1.066189 53.169338
v -2.534864 1.549618 52.190166
v -120.494392 197.208740 114.172424
v -86.260918 244.637390 138.280151
v -82.579659 244.385162 133.548920
v -116.813133 196.956512 109.441177
v -90.286797 249.260712 134.901245
v -86.605537 249.008484 130.170013
v -121.690819 201.700470 110.480118
v -120.839012 201.579834 106.062256
v -123.572617 203.144989 111.460854
v -121.521942 203.798599 109.911865
v -122.443314 204.063400 111.371979
v -121.330505 201.613510 106.693939
v -122.806747 203.050278 112.061806
v -119.586159 201.096588 107.062836
v -120.369591 201.040756 106.456238
v -119.566284 200.118225 107.130455
v -122.585587 199.610275 112.417282
v -122.671402 201.821732 112.232613
v -122.781944 201.829376 112.146194
v -121.620041 199.815842 110.641754
v -121.692711 199.897110 110.585060
v -121.683586 199.886642 110.592697
v -121.766594 201.707809 110.519791
v -121.725182 201.701019 110.453644
v -98.296516 77.734756 120.088547
v -115.214500 109.305435 119.688400
v -113.663536 110.063736 113.942139
v -96.745552 78.493057 114.342285
v -104.195290 74.548233 118.075928
v -102.644325 75.306534 112.329666
v -115.551880 109.043655 113.297852
v -116.604416 101.357491 111.999481
v -119.572517 103.243706 117.712227
v -117.960342 107.822136 118.751541
v -116.800888 103.772591 118.530098
v -115.870255 108.879608 113.815620
v -115.519707 109.078140 114.658722
v -114.648415 108.714775 113.498299
v -112.754715 102.091751 113.135437
v -115.467033 108.710983 113.276848
v -117.201454 102.471619 111.985359
v -120.029663 105.679825 115.195038
v -118.354462 104.623245 111.958084
v -117.735886 104.752129 112.142052
v -58.247807 262.247314 136.444214
v -83.954628 247.238373 139.644714
v -82.673470 244.001923 134.757599
v -56.966648 259.010864 131.557098
v -61.509769 266.983154 132.452820
v -87.216591 251.974213 135.653320
v -85.935432 248.737762 130.766205
v -60.228611 263.746704 127.565697
v -33.835613 23.198174 16.734406
v -37.644695 23.692596 15.617969
v -34.557980 27.127411 20.939081
v -36.761734 20.869574 25.729635
v -38.619183 24.575642 29.339561
v -42.708389 24.751987 23.604816
v -43.842976 23.310930 27.159542
v -59.696766 28.115753 67.818169
v -59.346260 34.241966 75.855377
v -61.704712 35.239353 74.708199
v -59.650288 27.999857 79.108627
v -62.484013 30.814573 79.326324
v -67.545067 31.338554 75.268517
v -64.842461 31.811958 78.179146
v -53.437767 117.453819 28.212605
v -60.347679 108.757866 28.411779
v -58.047470 111.394478 34.527111
v -62.685421 110.469749 31.169388
v -62.392048 125.453598 27.091484
v -57.848064 126.108795 30.635904
v -63.586662 122.277962 29.210022
v -80.999176 151.488220 55.624443
v -85.543159 150.833023 52.080021
v -87.019913 155.699081 59.034855
v -86.737778 147.657379 54.198559
v -86.895447 155.466156 58.949707
v -83.619148 160.519211 57.313866
v -88.163132 159.864014 53.769447
v -90.618988 161.035843 56.701267
v -86.464622 153.405624 63.913132
v -88.481201 157.109421 60.412403
v -88.504372 155.271744 57.592319
v -88.186325 156.567825 60.924305
v -87.978851 156.978394 60.544224
v -84.955208 150.544678 57.583256
v -86.717232 148.089691 54.929173
v -86.582054 150.934341 59.736637
v -88.567917 155.685684 57.921467
v -88.502533 155.417343 57.815758
v -88.499908 155.625916 58.135826
v -87.602356 154.333969 60.221119
v -88.448364 155.194992 57.728165
v -86.942978 155.507019 58.980766
v -87.072090 155.653915 59.119904
v -86.915085 155.437378 58.961151
v -87.004196 155.169495 59.158710
v -28.421093 37.285809 4.499839
v -29.143461 41.215042 8.704514
v -35.951431 23.501886 24.087709
v -32.230175 37.780231 3.383401
v -38.238045 20.957401 20.145868
v -35.281704 19.858973 20.189428
v -35.127430 19.837082 19.653383
v -38.967262 20.251497 18.606428
v -38.073132 21.035728 18.027184
v -38.454151 21.135742 18.652935
v -30.472479 38.267403 7.898232
v -38.860710 21.464855 17.278629
v -39.822914 22.810663 18.402445
v -36.165688 23.454662 20.762526
v -33.167500 36.277592 4.414337
v -34.129704 37.623402 5.538153
v -37.257774 23.781460 22.365667
v -40.915001 23.137459 20.005587
v -41.811127 22.347736 21.609735
v -61.198708 79.024376 36.187611
v -62.094833 78.234650 37.791759
v -57.541481 79.668373 38.547691
v -36.973228 20.040606 28.026443
v -58.573704 79.555542 45.258957
v -62.662907 79.731895 39.524212
v -63.797497 78.290833 43.078938
v -38.741932 19.612392 27.288319
v -39.199730 19.831104 25.959126
v -38.849926 20.121538 25.394545
v -41.798935 22.246201 22.879267
v -43.650459 22.780495 27.005953
v -39.726250 19.991861 27.127981
v -39.647205 21.100466 27.602631
v -39.692501 20.617294 27.392298
v -38.900700 20.884935 25.940859
v -38.881027 20.513016 25.667421
v -56.951828 27.442160 74.100464
v -31.821077 49.315044 118.417152
v -33.758743 46.320690 120.993835
v -35.308727 47.555573 121.263298
v -58.544518 26.638670 75.400200
v -57.689381 26.302393 75.081245
v -60.120560 25.960268 77.509010
v -58.068520 25.162354 78.124893
v -57.285141 26.140265 78.149445
v -58.864365 26.762903 77.674683
v -61.612617 32.269417 71.858788
v -34.972801 49.478233 122.626007
v -34.668777 55.720337 119.372757
v -37.806526 52.292946 122.843704
v -64.750366 28.842024 75.329735
v -63.513672 28.600113 74.747833
v -63.979736 28.076563 75.270531
v -61.823700 27.935545 74.117508
v -63.852444 28.729937 76.030777
v -63.176384 28.462997 76.378349
v -60.741089 27.050465 77.185059
v -60.647385 27.465893 77.138649
v -59.200607 31.249382 73.032013
v -65.040962 27.348583 73.592331
v -73.845039 54.583420 82.834625
v -76.982788 51.156029 86.305573
v -79.685394 50.682625 83.394943
v -64.089081 27.515322 74.617485
v -63.214474 28.485456 73.614777
v -62.129715 28.049889 76.272163
v -63.852444 28.729937 76.030777
v -62.491264 28.065628 76.605316
v -63.176365 28.462990 76.378357
v -62.491009 28.192776 76.584396
v -62.188747 31.144438 74.783676
v -66.364922 28.806673 74.109550
v -65.742401 29.861559 72.528511
v -78.383553 50.003624 80.990166
v -74.829895 51.286503 83.245331
v -79.006073 48.948738 82.571205
v -58.442261 88.122688 37.776318
v -62.086105 87.517181 35.385551
v -54.972401 110.516273 26.816200
v -58.616245 109.910767 24.425432
v -59.702839 110.781731 25.860960
v -63.172699 88.388145 36.821079
v -59.658451 113.205956 26.234747
v -57.358242 115.842567 32.350079
v -61.996193 114.917839 28.992355
v -61.379482 89.890511 45.051826
v -62.197380 88.952995 42.877365
v -63.028152 89.561790 43.858242
v -63.400719 89.054337 38.055302
v -65.280022 93.724876 39.364857
v -62.323437 94.045982 41.671928
v -61.661201 92.392754 41.206341
v -55.123096 123.121552 27.694666
v -59.667080 122.466354 24.150246
v -60.861698 119.290718 26.268784
v -88.268127 153.820267 55.021259
v -83.724144 154.475464 58.565681
v -86.243004 152.793976 57.939812
v -88.782158 152.453827 55.932835
v -87.139465 148.097717 54.632122
v -62.753666 119.450043 27.754036
v -59.739395 118.579773 31.430553
v -63.257839 117.878250 28.883316
v -89.174744 148.414169 56.272060
v -88.841820 148.318054 56.678127
v -81.951241 142.929520 55.405273
v -84.924477 141.959869 52.728237
v -86.328926 145.478088 53.723240
v -89.302383 148.016235 56.557957
v -88.943893 147.942413 56.965080
v -88.218399 145.241287 55.824909
v -88.006180 145.530457 56.322136
v -61.356785 79.366425 46.040989
v -64.910439 78.083542 43.785824
v -65.911324 79.680817 44.454372
v -75.443359 55.586586 81.765854
v -78.997017 54.303707 79.510689
v -79.997902 55.900978 80.179237
v -62.749393 86.794609 47.907684
v -78.083435 60.908886 86.796257
v -80.763039 56.021584 82.486504
v -82.766380 59.215553 83.822594
v -64.274643 86.243088 46.939152
v -63.663540 85.127304 46.437405
v -69.283730 81.975906 49.629322
v -66.159668 80.673851 45.450970
v -66.548157 82.896873 51.529446
v -65.282608 82.371147 49.842117
v -36.749702 48.425171 120.982460
v -37.452007 50.035721 121.937912
v -34.369339 51.025265 118.349319
v -74.419792 53.556644 84.643166
v -76.800156 50.956551 87.276306
v -77.502464 52.567101 88.231758
v -30.255835 227.295792 63.749111
v -30.255835 225.235168 69.170715
v -32.783855 230.193420 64.850433
v -83.001625 185.025864 53.888039
v -83.001625 187.086487 48.466434
v -85.529648 189.984116 49.567757
v -26.578976 232.650787 73.341866
v -29.281744 236.574783 70.034698
v -31.755651 233.735092 68.687149
v -86.693878 250.724747 133.743637
v -81.517204 249.640442 138.398346
v -84.219971 253.564438 135.091187
v -27.274063 234.928101 70.155655
v -27.274063 229.815796 72.895042
v -30.997114 234.237350 68.866562
v -54.349075 262.369446 133.647308
v -54.349075 267.481750 130.907913
v -58.072124 266.790985 129.618820
v -34.849113 229.677414 64.428925
v -35.815315 230.326736 66.055222
v -34.022381 227.076752 68.418037
v -84.495049 191.831177 50.044403
v -85.461250 192.480499 51.670696
v -83.668312 189.230515 54.033520
v -32.611626 235.197952 70.070129
v -34.223045 234.016388 69.985115
v -32.172668 231.039566 72.493996
v -58.224144 265.993164 127.540764
v -57.785187 261.834778 129.964630
v -59.835564 264.811584 127.455750
v -33.651264 229.128601 70.958687
v -34.127201 233.668747 69.371109
v -35.444199 232.378586 68.595871
v -86.058617 245.335571 133.018158
v -86.534554 249.875717 131.430573
v -87.851555 248.585556 130.655334
v -78.744667 60.642368 88.555359
v -80.540863 55.409630 90.296661
v -83.803902 55.769173 88.011208
v -98.129410 70.598785 117.798157
v -96.333214 75.831520 116.056854
v -101.392448 70.958328 115.512703
v -82.076225 60.096954 89.344345
v -85.784019 58.094002 88.079262
v -85.331200 56.525799 89.234985
v -97.710793 73.598686 113.790588
v -100.965767 70.027519 113.681229
v -101.418587 71.595726 112.525505
v -88.644287 155.116867 55.263813
v -84.100304 155.772064 58.808235
v -85.784142 183.335434 46.380806
v -81.240158 183.990631 49.925224
v -88.239998 184.507263 49.312626
v -89.439407 156.166122 58.340977
v -90.422318 155.965271 57.386436
v -91.059639 156.688293 58.069839
v -89.274902 159.413635 62.018490
v -92.034683 158.479431 58.162220
v -93.046539 159.089920 59.775742
v -86.799675 183.834503 54.330971
v -89.559456 182.900299 50.474701
v -90.571312 183.510788 52.088223
v -82.104218 187.164978 53.729942
v -84.467628 191.449066 50.615314
v -88.120270 190.105789 51.539341
v -85.444458 250.263535 132.254150
v -89.097099 248.920258 133.178162
v -83.081047 245.979446 135.368774
v -84.230400 187.808685 55.616989
v -87.566132 191.639435 52.817314
v -90.110275 188.711029 51.841698
v -118.108070 198.788254 111.004410
v -120.715630 201.782776 108.815887
v -120.827171 199.205536 109.258553
v -121.079681 198.748047 102.474319
v -121.417862 202.610596 108.162323
v -119.870186 201.493042 107.480858
v -117.458984 198.127441 103.932137
v -87.981400 186.988144 55.863091
v -91.753036 186.664429 53.620342
v -91.706825 188.630936 53.258785
v -123.526573 198.943542 105.281654
v -123.282494 198.835907 105.452286
v -116.044121 196.083115 101.743515
v -119.204330 195.649567 98.981476
v -120.955116 198.086639 101.546951
v -123.555115 197.729126 105.504936
v -123.283730 197.563477 105.703766
v -122.824120 196.734390 104.419205
v -122.735573 196.820282 104.897659
v -119.801147 197.300751 107.885963
v -119.840530 197.318115 107.858437
v -119.841431 197.297287 107.862007
v -118.145332 196.764114 105.178825
v -88.492668 187.379135 55.964291
v -89.387207 191.227844 53.180897
v -91.023224 190.285233 53.840397
v -89.430664 243.855591 134.357788
v -90.325203 247.704300 131.574402
v -91.961220 246.761688 132.233902
v -78.353600 248.662094 134.652084
v -83.032509 243.056931 131.312103
v -85.395920 247.341019 128.197479
v -81.056366 252.586090 131.344925
v -89.048561 245.997742 129.121490
v -86.589859 246.303986 140.324631
vn -0.8316 -0.1340 -0.5389
vn -0.4906 0.0897 -0.8667
vn -0.8312 -0.1464 -0.5364
vn -0.4623 0.0920 -0.8819
vn -0.9007 -0.2181 -0.3759
vn -0.8075 -0.2918 -0.5126
vn -0.8076 -0.2916 -0.5125
vn -0.8427 -0.4552 -0.2875
vn -0.8074 -0.2920 -0.5127
vn 0.1245 -0.6775 -0.7249
vn -0.4404 -0.6805 0.5856
vn -0.5410 -0.5909 0.5984
vn -0.3097 -0.9022 0.3002
vn -0.8572 -0.0736 -0.5097
vn -0.5751 0.6605 -0.4827
vn -0.7996 -0.1594 -0.5789
vn -0.4624 0.0871 -0.8824
vn -0.3407 0.1640 -0.9258
vn -0.7834 -0.1130 -0.6111
vn -0.4075 0.7386 -0.5370
vn -0.4660 0.6766 -0.5702
vn -0.0001 0.3075 -0.9515
vn -0.0034 0.3134 -0.9496
vn -0.0000 0.3072 -0.9516
vn -0.0060 0.3044 -0.9525
vn -0.0000 0.8814 -0.4723
vn 0.0001 0.8814 -0.4723
vn -0.0000 0.3553 -0.9348
vn 0.8432 0.1606 0.5131
vn 0.8435 0.1531 0.5148
vn 0.7007 0.0327 0.7127
vn 0.8452 0.1584 0.5105
vn 0.7922 0.4479 -0.4144
vn 0.4792 -0.0856 0.8735
vn 0.9015 0.2137 0.3763
vn 0.8085 0.2827 0.5161
vn 0.8048 0.2883 0.5189
vn 0.8055 0.2880 0.5179
vn 0.6876 0.3715 0.6239
vn 0.8437 0.4506 0.2918
vn 0.8083 0.2826 0.5165
vn -0.1331 0.6708 0.7296
vn 0.4312 0.6839 -0.5885
vn 0.5386 0.5904 -0.6011
vn 0.3076 0.9018 -0.3034
vn 0.8621 0.0924 0.4983
vn 0.8074 -0.3411 -0.4815
vn 0.5752 -0.6621 0.4803
vn -0.8042 -0.0591 -0.5914
vn 0.4889 -0.0564 0.8705
vn 0.8215 0.1787 0.5415
vn 0.8049 0.1218 0.5808
vn 0.7924 0.4635 -0.3966
vn 0.4074 -0.7398 0.5355
vn 0.1808 -0.7806 0.5983
vn 0.4676 -0.6762 0.5693
vn -0.3950 -0.7722 0.4977
vn 0.0312 -0.8055 0.5918
vn -0.0196 -0.3072 0.9514
vn -0.0003 -0.3073 0.9516
vn -0.0009 -0.3074 0.9516
vn -0.9975 0.0244 -0.0667
vn -0.0006 -0.3074 0.9516
vn 0.0005 -0.3323 0.9432
vn -0.0005 -0.3314 0.9435
vn -0.0035 -0.8814 0.4723
vn -0.0006 -0.6599 0.7514
vn 0.5399 -0.4764 0.6940
vn -0.0010 -0.8823 0.4707
vn -0.0010 -0.8817 0.4718
vn -0.0005 -0.3553 0.9348
vn -0.0038 -0.6570 0.7539
vn -0.0041 -0.6247 0.7809
vn -0.0045 -0.3251 0.9457
vn -0.0048 -0.3556 0.9346
vn 0.5444 -0.7621 0.3505
vn -0.3540 -0.1974 0.9142
vn -0.1958 0.8850 -0.4225
vn 0.0223 -0.8082 0.5885
vn 0.6564 0.6703 -0.3462
vn 0.9119 -0.2767 0.3032
vn -0.0350 -0.6388 -0.7686
vn -0.0848 0.0813 0.9931
vn -0.5510 -0.7592 0.3463
vn -0.5710 -0.0052 0.8210
vn -0.4626 -0.4068 0.7877
vn -0.1936 0.5049 0.8412
vn -0.1900 0.5109 0.8384
vn -0.1926 0.5093 0.8388
vn 1.0000 -0.0000 -0.0000
vn -0.0430 -0.8578 0.5122
vn -0.0000 0.5561 0.8311
vn -0.6247 -0.2399 0.7431
vn -0.0000 -0.8168 0.5770
vn 0.6247 -0.2399 0.7431
vn -0.0000 -0.3072 0.9516
vn -0.0000 0.9998 0.0191
vn -1.0000 -0.0000 -0.0000
vn -0.0000 -0.8222 -0.5692
vn -0.9622 0.0837 -0.2592
vn 0.9622 0.0837 -0.2592
vn -0.0000 0.3252 0.9457
vn -0.9622 0.0837 -0.2591
vn -0.0000 -0.9516 -0.3072
vn -0.0000 0.9516 0.3072
vn 0.9622 0.0837 -0.2591
vn -0.0000 0.1951 -0.9808
vn -0.0000 0.5556 -0.8315
vn -0.0000 0.8315 -0.5556
vn -0.0000 0.9808 -0.1951
vn -0.0000 0.9808 0.1951
vn -0.0000 0.8315 0.5556
vn -0.0000 0.5556 0.8315
vn -0.0000 0.1951 0.9808
vn -0.0000 -0.1951 0.9808
vn -0.0000 -0.5556 0.8315
vn -0.0000 -0.8315 0.5556
vn -0.0000 -0.9808 0.1951
vn -0.0000 -0.9808 -0.1951
vn -0.0000 -0.8315 -0.5556
vn -0.0000 -0.5556 -0.8315
vn -0.0000 -0.1951 -0.9808
vn -0.0000 -0.8168 0.5769
vn -0.0000 0.8315 -0.5555
vn -0.0000 0.8315 0.5555
vn -0.0000 -0.8315 0.5555
vn -0.0000 -0.8315 -0.5555
vn 0.6247 -0.6883 0.3688
vn -0.0000 0.4723 0.8814
vn -0.6247 -0.6883 0.3688
vn -0.0000 -0.4723 -0.8814
vn 0.9622 0.2400 -0.1286
vn -0.0000 0.7069 0.7073
vn -0.0000 -0.1974 -0.9803
vn -0.0000 -0.9885 -0.1510
vn -0.0000 -0.8814 0.4723
vn -0.9622 0.2400 -0.1286
vn -0.7987 -0.5304 0.2842
vn -0.3934 -0.8103 0.4342
vn -0.0000 -0.4218 0.9067
vn -0.0000 0.9808 -0.1952
vn -0.0000 0.9808 0.1952
vn -0.0000 -0.9808 -0.1952
vn -0.0000 -0.9808 0.1950
vn -0.0000 -0.9808 -0.1950
vn -0.0000 -0.9348 -0.3553
vn -0.6247 -0.2774 0.7299
vn -0.0000 -0.3553 0.9348
vn -0.0000 -0.7922 -0.6103
vn 0.6247 -0.2774 0.7299
vn -0.0000 0.2766 0.9610
vn -0.0000 0.9348 0.3553
vn 0.9622 0.0968 -0.2546
vn -0.0000 -0.8451 0.5347
vn -0.0000 -0.8451 0.5346
vn -0.0000 0.9975 0.0700
vn -0.9622 0.0968 -0.2546
vn -0.0000 0.5555 -0.8315
vn -0.0000 -0.5555 -0.8315
vn -0.3515 -0.2101 0.9123
vn -0.3514 -0.2101 0.9123
vn 0.8161 -0.3589 -0.4529
vn 0.8161 -0.3589 -0.4530
vn 0.2865 -0.9519 -0.1088
vn -0.5411 -0.7497 -0.3811
vn 0.5411 0.7497 0.3811
vn 0.7640 -0.6276 0.1498
vn 0.3515 0.2101 -0.9123
vn 0.3514 0.2101 -0.9123
vn -0.5181 -0.0597 0.8532
vn 0.9359 -0.0523 0.3485
vn -0.8697 0.1695 0.4636
vn 0.1659 0.3491 -0.9223
vn 0.7589 -0.6316 0.1584
vn 0.8074 -0.3410 -0.4815
vn 0.3375 0.8806 0.3327
vn -0.7118 -0.5731 -0.4061
vn 0.3770 -0.6213 0.6869
vn -0.8682 -0.2916 -0.4016
vn -0.9362 0.0878 -0.3404
vn -0.9362 0.0877 -0.3405
vn -0.8617 0.4537 -0.2275
vn -0.8616 0.4537 -0.2275
vn -0.6559 0.7506 -0.0799
vn -0.3504 0.9332 0.0799
vn 0.0085 0.9737 0.2275
vn 0.3661 0.8660 0.3405
vn 0.3661 0.8661 0.3404
vn 0.6680 0.6265 0.4016
vn 0.8681 0.2916 0.4016
vn 0.8682 0.2916 0.4016
vn 0.9362 -0.0877 0.3404
vn 0.9362 -0.0878 0.3404
vn 0.8616 -0.4537 0.2275
vn 0.6559 -0.7506 0.0799
vn 0.6560 -0.7506 0.0799
vn 0.3504 -0.9332 -0.0799
vn -0.0085 -0.9737 -0.2275
vn -0.3661 -0.8661 -0.3404
vn -0.6680 -0.6265 -0.4016
vn -0.9362 0.0877 -0.3404
vn -0.6560 0.7506 -0.0799
vn 0.3661 0.8661 0.3405
vn -0.0631 -0.0211 0.9978
vn -0.0630 -0.0212 0.9978
vn -0.0631 -0.0212 0.9978
vn 0.6471 0.3553 0.6745
vn 0.8792 0.4720 0.0656
vn 0.7259 0.3818 -0.5721
vn -0.4723 0.8814 -0.0112
vn 0.0631 0.0212 -0.9978
vn 0.0624 0.0202 -0.9978
vn 0.0631 0.0211 -0.9978
vn 0.0632 0.0212 -0.9978
vn 0.7259 0.3817 -0.5721
vn 0.9867 -0.1513 0.0592
vn 0.4723 -0.8814 0.0112
vn -0.1597 -0.0980 -0.9823
vn -0.6896 0.7236 -0.0283
vn -0.6896 0.7236 -0.0282
vn 0.4200 0.9064 0.0458
vn -0.2818 -0.1390 0.9494
vn 0.4020 0.2230 0.8880
vn 0.2208 -0.9753 -0.0067
vn -0.9899 -0.1262 -0.0652
vn -0.9632 0.2629 -0.0553
vn -0.7900 0.6121 -0.0370
vn -0.4964 0.8680 -0.0130
vn -0.1273 0.9918 0.0130
vn 0.2612 0.9646 0.0370
vn 0.6099 0.7905 0.0553
vn 0.8658 0.4961 0.0652
vn 0.9899 0.1262 0.0652
vn 0.9632 -0.2629 0.0553
vn 0.7900 -0.6120 0.0370
vn 0.7899 -0.6121 0.0370
vn 0.4964 -0.8680 0.0130
vn 0.1273 -0.9918 -0.0130
vn -0.2612 -0.9646 -0.0370
vn -0.6099 -0.7905 -0.0553
vn -0.8658 -0.4961 -0.0652
vn -0.9632 0.2630 -0.0553
vn -0.7899 0.6121 -0.0370
vn -0.0237 0.2472 0.9687
vn -0.1413 0.4320 0.8907
vn -0.1056 -0.9641 0.2435
vn -0.1055 -0.9641 0.2435
vn 0.8586 0.5013 -0.1069
vn -0.0952 -0.0490 -0.9943
vn -0.0951 -0.0491 -0.9943
vn -0.8586 -0.5013 0.1069
vn 0.0237 -0.2472 -0.9687
vn 0.0234 -0.2472 -0.9687
vn 0.0236 -0.2470 -0.9687
vn -0.9580 -0.2825 0.0486
vn 0.7067 0.6895 -0.1586
vn 0.3850 -0.4931 0.7801
vn 0.3850 -0.4931 0.7802
vn 0.4147 -0.8019 -0.4301
vn 0.9248 -0.3626 0.1152
vn 0.4146 -0.8019 -0.4301
vn 0.5120 -0.8292 0.2242
vn 0.1034 0.9644 -0.2436
vn 0.4761 0.8548 -0.2065
vn 0.7762 0.6152 -0.1380
vn 0.9582 0.2818 -0.0484
vn 0.9944 -0.0944 0.0484
vn 0.8791 -0.4562 0.1380
vn 0.6300 -0.7486 0.2065
vn 0.2850 -0.9271 0.2436
vn -0.1034 -0.9644 0.2436
vn -0.4761 -0.8548 0.2065
vn -0.7762 -0.6152 0.1380
vn -0.9582 -0.2819 0.0485
vn -0.9582 -0.2818 0.0485
vn -0.9944 0.0944 -0.0485
vn -0.9944 0.0944 -0.0484
vn -0.8791 0.4562 -0.1380
vn -0.6300 0.7486 -0.2065
vn -0.2850 0.9271 -0.2436
vn 0.9582 0.2819 -0.0485
vn 0.8791 -0.4563 0.1380
vn -0.8791 0.4563 -0.1380
vn -0.6300 0.7487 -0.2065
vn -0.0000 0.9910 0.1339
vn -0.0000 -0.9910 -0.1339
vn -0.0000 0.1339 -0.9910
vn -0.0000 0.1338 -0.9910
vn -0.0000 -0.1339 0.9910
vn 0.1951 -0.9720 -0.1313
vn 0.5556 -0.8240 -0.1113
vn 0.8315 -0.5506 -0.0744
vn 0.9808 -0.1933 -0.0261
vn 0.9808 0.1933 0.0261
vn 0.8315 0.5506 0.0744
vn 0.5556 0.8240 0.1113
vn 0.1951 0.9720 0.1313
vn -0.1951 0.9720 0.1313
vn -0.5556 0.8240 0.1113
vn -0.8315 0.5506 0.0744
vn -0.9808 0.1933 0.0261
vn -0.9808 -0.1933 -0.0261
vn -0.8315 -0.5506 -0.0744
vn -0.5556 -0.8240 -0.1113
vn -0.1951 -0.9719 -0.1313
vn -0.1951 -0.9720 -0.1313
vn -0.5387 0.8420 -0.0279
vn 0.5387 0.8420 0.0280
vn 0.5387 0.8420 0.0279
vn 0.5783 -0.7438 0.3352
vn 0.7339 -0.2655 0.6252
vn 0.0435 -0.3661 0.9295
vn -0.0396 -0.3322 0.9424
vn -0.0023 -0.3138 0.9495
vn -0.0002 -0.3098 0.9508
vn -0.0006 -0.3137 0.9495
vn -0.0000 -0.3290 0.9443
vn -0.0006 -0.3314 0.9435
vn -0.0196 -0.3073 0.9514
vn -0.0021 -0.8821 0.4711
vn 0.0902 0.8549 -0.5110
vn 0.9972 -0.0223 0.0714
vn 0.0902 0.8548 -0.5111
vn 0.0009 -0.6587 0.7524
vn -0.0015 -0.6603 0.7510
vn -0.0020 -0.6592 0.7520
vn -0.0012 -0.8819 0.4714
vn -0.0010 -0.8818 0.4716
vn -0.0011 -0.8818 0.4716
vn -0.0011 -0.8819 0.4714
vn -0.0011 -0.8819 0.4715
vn 0.4486 -0.8369 0.3135
vn -0.0024 0.0114 0.9999
vn -0.0420 0.9431 -0.3298
vn 0.0113 -0.7296 0.6838
vn 0.6730 0.5945 -0.4400
vn 0.8968 -0.3019 0.3235
vn 0.1336 -0.3656 -0.9211
vn 0.0591 0.4761 0.8774
vn -0.2583 -0.7880 0.5589
vn -0.6542 0.0856 0.7515
vn -0.4266 -0.4000 0.8112
vn -0.1906 0.5059 0.8413
vn 0.0029 0.4723 0.8814
vn -0.0000 0.8314 -0.5556
vn -0.0000 -0.9808 0.1952
vn -0.0000 0.8314 0.5556
vn -0.3515 -0.2100 0.9123
vn -0.3514 -0.2100 0.9123
vn -0.3514 -0.2100 0.9124
vn -0.3516 -0.2100 0.9123
vn 0.3515 0.2100 -0.9123
vn 0.3524 0.2115 -0.9117
vn 0.3514 0.2100 -0.9124
vn 0.3514 0.2100 -0.9123
vn 0.3375 0.8806 0.3328
vn -0.0634 -0.0211 0.9978
vn -0.0630 -0.0211 0.9978
vn -0.0624 -0.0221 0.9978
vn 0.0630 0.0211 -0.9978
vn 0.0630 0.0205 -0.9978
vn 0.0629 0.0215 -0.9978
vn -0.0238 0.2472 0.9687
vn -0.0237 0.2473 0.9686
vn -0.0235 0.2468 0.9688
vn 0.0239 -0.2472 -0.9687
vn 0.0236 -0.2473 -0.9687
vn 0.0238 -0.2472 -0.9687
vn 0.9582 0.2818 -0.0485
vn -0.9582 -0.2818 0.0484
vn 0.0002 0.1342 -0.9910
vn -0.0001 0.1335 -0.9910
vn -0.0000 0.1337 -0.9910
vn -0.0000 -0.1340 0.9910
vn 0.1950 -0.9720 -0.1313
vn -0.1952 -0.9719 -0.1313
vn -0.1950 -0.9720 -0.1313
vn -0.7111 -0.2272 0.6654
vn -0.8166 -0.1344 -0.5613
vn -0.0005 -0.1809 0.9835
vn -0.5440 -0.8058 -0.2339
vn -0.0000 -0.9999 0.0123
vn 0.5481 0.8025 0.2358
vn -0.0046 0.9999 -0.0144
vn -0.6165 0.1367 0.7754
vn -0.6148 0.4234 -0.6654
vn 0.0059 -0.0543 0.9985
vn 0.9894 -0.1455 0.0035
vn 0.0042 0.0123 0.9999
vn 0.0040 -0.2772 0.9608
vn 0.9622 -0.2724 -0.0007
vn -1.0000 0.0001 0.0042
vn -0.0040 -0.3008 -0.9537
vn 1.0000 -0.0001 -0.0042
vn -0.9622 -0.2723 0.0074
vn -0.9622 -0.2722 0.0074
vn 0.0025 0.8073 0.5901
vn 0.6247 0.7808 -0.0123
vn -0.0025 0.7926 -0.6098
vn -0.0042 -0.0123 -0.9999
vn -0.6247 0.7808 -0.0070
vn -0.0000 0.9999 -0.0123
vn -0.0041 0.1951 -0.9808
vn -0.0035 0.5556 -0.8315
vn -0.0023 0.8315 -0.5556
vn -0.0008 0.9808 -0.1951
vn 0.0009 0.9808 0.1951
vn 0.0024 0.8315 0.5556
vn 0.0035 0.5556 0.8315
vn 0.0042 0.1951 0.9808
vn 0.0041 -0.1951 0.9808
vn 0.0035 -0.5556 0.8315
vn 0.0023 -0.8315 0.5556
vn 0.0008 -0.9808 0.1951
vn -0.0009 -0.9808 -0.1951
vn -0.0024 -0.8315 -0.5556
vn -0.0035 -0.5556 -0.8315
vn -0.0042 -0.1951 -0.9808
vn 0.6761 -0.2775 0.6826
vn -0.6761 0.2775 -0.6826
vn -0.3554 -0.9343 -0.0278
vn -0.6455 0.2238 0.7303
vn 0.3554 0.9343 0.0278
vn 0.6455 -0.2238 -0.7303
vn 0.5484 -0.4209 -0.7226
vn 0.5316 -0.4800 -0.6979
vn 0.3332 -0.7111 -0.6191
vn 0.1335 -0.8649 -0.4839
vn -0.1092 -0.9539 -0.2797
vn -0.3153 -0.9462 -0.0724
vn -0.4589 -0.8833 0.0954
vn -0.5904 -0.7563 0.2817
vn -0.6905 -0.5741 0.4400
vn -0.7321 -0.3575 0.5798
vn -0.7330 -0.1587 0.6615
vn -0.6883 0.1000 0.7185
vn 0.6760 -0.2775 0.6826
vn -0.5765 0.3777 0.7246
vn -0.4032 0.6361 0.6579
vn -0.1780 0.8374 0.5168
vn -0.0416 0.9105 0.4114
vn 0.1092 0.9539 0.2797
vn 0.2941 0.9510 0.0954
vn 0.4977 0.8551 -0.1452
vn 0.6388 0.6825 -0.3552
vn 0.6857 0.5761 -0.4449
vn 0.7284 0.3918 -0.5621
vn 0.7243 0.0800 -0.6848
vn 0.6756 -0.1362 -0.7246
vn -0.6758 0.2776 -0.6828
vn -0.4312 -0.6839 0.5885
vn 0.2609 -0.0706 -0.9628
vn -0.8976 0.3494 -0.2689
vn 0.8976 -0.3494 0.2689
vn -0.2610 0.0706 0.9628
vn -0.8975 0.3494 -0.2689
vn -0.2611 0.0706 0.9627
vn 0.2883 -0.0812 -0.9541
vn 0.4404 0.6805 -0.5856
vn -0.2609 0.0706 0.9628
vn 0.8975 -0.3494 0.2689
vn 0.0372 -0.2291 -0.9727
vn -0.0372 0.2291 0.9727
vn -0.3637 -0.9097 0.2003
vn 0.9308 -0.3464 0.1172
vn 0.3637 0.9097 -0.2003
vn -0.9308 0.3464 -0.1172
vn -0.2835 0.9309 -0.2301
vn -0.4885 0.8450 -0.2177
vn -0.7490 0.6379 -0.1789
vn -0.8781 0.4572 -0.1413
vn -0.9716 0.2192 -0.0888
vn -0.9990 -0.0337 -0.0303
vn -0.9582 -0.2843 0.0303
vn -0.8522 -0.5156 0.0888
vn -0.6881 -0.7117 0.1413
vn -0.5367 -0.8257 0.1739
vn -0.2336 -0.9484 0.2144
vn 0.0259 -0.9728 0.2301
vn 0.3657 -0.9027 0.2266
vn 0.5219 -0.8256 0.2144
vn 0.7247 -0.6640 0.1841
vn 0.8781 -0.4572 0.1413
vn 0.9716 -0.2192 0.0888
vn 0.9990 0.0337 0.0303
vn 0.9582 0.2844 -0.0303
vn 0.8522 0.5156 -0.0888
vn 0.6452 0.7488 -0.1517
vn 0.4266 0.8838 -0.1918
vn 0.2336 0.9484 -0.2144
vn -0.0259 0.9728 -0.2301
vn 0.2621 0.7830 -0.5640
vn -0.2621 -0.7830 0.5640
vn -0.8586 -0.0776 -0.5068
vn 0.4406 -0.6171 -0.6519
vn 0.8586 0.0776 0.5068
vn -0.4406 0.6171 0.6519
vn 0.8588 0.0773 0.5064
vn -0.0000 -0.0000 -0.0000
vn -0.4407 0.6171 0.6519
vn 0.0327 -0.6899 -0.7232
vn -0.0327 0.6899 0.7232
vn -0.8023 -0.4496 0.3927
vn -0.5960 0.5674 -0.5682
vn 0.8023 0.4496 -0.3927
vn 0.5960 -0.5674 0.5682
vn -0.6600 0.5393 -0.5230
vn 0.6600 -0.5393 0.5230
vn -0.7500 -0.5132 0.4172
vn -0.0434 0.6676 0.7432
vn 0.7500 0.5132 -0.4172
vn 0.0434 -0.6676 -0.7432
vn -0.5652 -0.8168 0.1158
vn 0.8022 0.4503 -0.3920
vn 0.7495 0.5141 -0.4170
vn 0.5664 0.8159 -0.1164
vn 0.6444 -0.5848 0.4926
vn 0.0378 -0.6864 -0.7263
vn -0.6692 0.5318 -0.5190
vn 0.5496 -0.2681 0.7913
vn -0.7589 0.5292 -0.3795
vn -0.2223 -0.7516 0.6210
vn -0.5430 0.8376 -0.0597
vn -0.4885 0.4219 0.7638
vn -0.4076 -0.7737 0.4849
vn 0.4432 -0.5624 0.6981
vn 0.7642 -0.0483 0.6432
vn 0.8341 -0.2860 0.4716
vn 0.5008 -0.7980 -0.3352
vn 0.0712 -0.2455 -0.9668
vn -0.7985 -0.2774 -0.5343
vn -0.8479 -0.2802 -0.4502
vn 0.9508 0.2434 0.1916
vn 0.3612 0.8980 0.2511
vn 0.5862 0.3308 -0.7396
vn 0.3119 0.5265 -0.7909
vn 0.1861 0.2521 0.9496
vn 0.4460 -0.4504 0.7735
vn 0.4676 -0.3799 0.7982
vn -0.3094 -0.6437 0.7000
vn 0.7750 0.5908 0.2245
vn 0.9643 -0.2477 -0.0941
vn -0.4189 0.3026 -0.8561
vn 0.6158 -0.2733 -0.7390
vn -0.0962 -0.9494 0.2989
vn -0.5145 0.1667 0.8411
vn 0.7211 0.6239 0.3012
vn -0.4072 0.7261 -0.5541
vn -0.3771 0.9112 -0.1660
vn -0.4954 0.5553 -0.6680
vn -0.7576 0.0422 -0.6514
vn -0.5560 0.6540 -0.5130
vn 0.1177 0.6375 0.7614
vn -0.7976 -0.1468 -0.5850
vn -0.8311 -0.1585 -0.5331
vn 0.7636 0.2531 0.5940
vn 0.7912 0.1195 0.5998
vn -0.3119 -0.5265 0.7909
vn -0.0405 -0.7001 0.7129
vn 0.1378 0.8896 -0.4354
vn 0.8831 0.2067 -0.4213
vn 0.8527 0.0880 -0.5150
vn 0.8526 0.0880 -0.5150
vn 0.3292 -0.9070 -0.2626
vn 0.8140 0.0464 -0.5790
vn -0.8545 -0.3946 -0.3378
vn -0.8500 -0.3346 -0.4069
vn -0.5486 0.6519 0.5236
vn -0.5679 0.6429 0.5139
vn -0.3910 -0.3901 0.8336
vn -0.0635 0.9943 -0.0853
vn -0.8138 -0.1725 -0.5550
vn -0.0108 0.9535 -0.3013
vn -0.5770 -0.4202 0.7003
vn -0.5296 -0.4197 0.7371
vn 0.3910 0.3898 -0.8338
vn -0.7997 -0.1571 -0.5795
vn -0.3633 0.9032 0.2285
vn -0.3672 0.9027 0.2243
vn -0.0738 0.9351 -0.3466
vn 0.1741 -0.6963 0.6963
vn -0.0835 -0.9674 0.2391
vn 0.8120 0.1447 0.5655
vn 0.8119 0.1447 0.5655
vn -0.6810 0.2053 0.7029
vn -0.8126 -0.1989 -0.5478
vn 0.1101 0.9691 -0.2209
vn -0.8043 -0.4301 0.4101
vn -0.6327 0.1957 0.7493
vn -0.0297 0.6321 0.7743
vn 0.7963 0.2857 0.5331
vn -0.6555 -0.2990 0.6935
vn -0.5291 0.6932 -0.4894
vn -0.8105 -0.2399 0.5343
vn 0.7196 0.2907 -0.6306
vn 0.9986 0.0249 0.0464
vn 0.5222 -0.7076 0.4761
vn -0.7750 -0.5908 -0.2245
vn 0.7489 -0.6195 -0.2354
vn 0.2613 0.6030 -0.7537
vn -0.0000 0.9516 0.3073
vn -0.0002 0.5737 0.8191
vn 0.0041 -0.7812 0.6243
vn -0.4548 0.1985 -0.8682
vn -0.6316 0.2087 0.7467
vn -0.3553 -0.9342 -0.0320
vn -0.3551 -0.9343 -0.0314
vn -0.7061 0.1888 -0.6824
vn 0.6471 -0.3502 0.6772
vn 0.3763 0.9256 0.0405
vn -0.3364 -0.9417 -0.0039
vn 0.3678 0.9293 0.0331
vn 0.3780 0.9234 0.0660
vn -0.7247 0.1416 -0.6743
vn 0.7024 0.1883 -0.6864
vn 0.5751 -0.6605 0.4827
vn -0.6135 0.0420 0.7885
vn 0.6135 -0.0420 -0.7885
vn -0.5411 -0.7497 -0.3810
vn -0.3418 -0.7868 0.5139
vn -0.8488 -0.0536 -0.5259
vn 0.4423 -0.6078 -0.6595
vn -0.5899 0.0477 0.8061
vn -0.0852 -0.9961 0.0216
vn -0.8725 -0.0742 -0.4830
vn 0.8427 0.4552 0.2875
vn -0.2585 -0.1264 0.9577
vn 0.2585 0.1264 -0.9577
vn -0.8137 -0.1725 -0.5551
vn -0.0756 0.9345 -0.3479
vn -0.0642 -0.9651 0.2540
vn -0.8126 -0.2025 -0.5465
vn 0.8118 0.1515 0.5639
vn -0.0899 0.9321 -0.3508
vn 0.4660 -0.6766 0.5702
vn -0.2135 0.5394 0.8145
vn 0.2135 -0.5394 -0.8145
vn 0.9317 -0.0530 0.3594
vn -0.7780 -0.4553 -0.4329
vn -0.3292 0.9070 0.2626
vn -0.1107 -0.7214 0.6836
vn -0.3037 0.9492 -0.0827
vn 0.2787 0.7251 -0.6297
vn -0.2592 -0.9359 -0.2387
vn -0.4398 0.5573 -0.7043
vn -0.5008 0.7980 0.3352
vn -0.3862 -0.9224 -0.0079
vn 0.9987 -0.0511 -0.0046
vn 0.5354 0.6603 -0.5266
vn 0.4533 0.3945 0.7993
vn -0.0289 0.7242 0.6890
vn 0.5035 0.4611 -0.7307
vn 0.0610 -0.0713 -0.9956
vn 0.7824 -0.6223 -0.0260
vn 0.7105 0.1709 0.6827
vn -0.5450 0.5974 0.5882
vn -0.7549 -0.1431 -0.6401
vn -0.7993 -0.1572 -0.5800
vn -0.1378 -0.8896 0.4354
vn -0.4778 0.1772 0.8604
vn 0.4134 -0.7887 0.4550
vn -0.9282 -0.3083 0.2085
vn -0.0135 0.6829 0.7303
vn 0.8411 0.1466 0.5207
vn 0.5450 -0.5975 -0.5882
vn 0.0962 0.9494 -0.2989
vn 0.5577 0.3061 -0.7715
vn -0.3399 -0.7867 0.5153
vn -0.5547 0.6055 0.5707
vn -0.8499 -0.0570 -0.5238
vn -0.5278 -0.4195 0.7385
vn -0.5277 -0.4195 0.7387
vn 0.2468 -0.9104 -0.3321
vn -0.8017 -0.1588 -0.5762
vn -0.8015 -0.1586 -0.5766
vn -0.2787 -0.7251 0.6297
vn 0.9523 -0.1236 0.2791
vn -0.8546 0.4864 0.1818
vn 0.7289 -0.4501 0.5158
vn -0.3468 -0.9359 -0.0616
vn -0.4811 0.6729 0.5619
vn 0.7819 -0.5520 -0.2896
vn 0.4481 0.3949 -0.8021
vn -0.0640 -0.2989 0.9521
vn -0.2836 -0.3603 0.8887
vn 0.7448 0.4204 -0.5182
vn -0.8714 0.2430 -0.4262
vn -0.7448 -0.4205 0.5181
vn -0.3800 -0.9236 -0.0509
vn -0.4533 -0.3945 -0.7993
vn 0.7750 -0.6174 -0.1347
vn -0.5233 0.8437 -0.1197
vn 0.2271 -0.1574 -0.9611
vn -0.3665 -0.9304 -0.0008
vn -0.7084 0.7037 0.0544
vn 0.8903 -0.2438 -0.3846
vn 0.2264 -0.1584 -0.9611
vn 0.8370 -0.4763 0.2692
vn -0.3664 -0.9305 -0.0022
vn 0.6757 0.1184 0.7277
vn -0.2491 0.2381 -0.9388
vn 0.2264 -0.1586 -0.9610
vn -0.3669 -0.9303 -0.0023
vn 0.3113 0.5274 -0.7905
vn 0.0508 -0.3595 0.9318
vn -0.8281 -0.1376 -0.5434
vn 0.5433 -0.4355 -0.7178
vn -0.1519 0.4534 0.8783
vn -0.5844 0.4280 0.6894
vn 0.9351 -0.2618 -0.2389
vn -0.5296 -0.4198 0.7371
vn -0.7995 -0.1570 -0.5797
vn 0.5450 -0.5974 -0.5882
vn 0.2987 0.7939 -0.5296
vn 0.1989 -0.5894 0.7829
vn -0.5276 -0.4195 0.7386
vn -0.5450 0.5974 0.5883
vn -0.2521 -0.7859 0.5646
vn 0.5604 0.7814 -0.2745
vn -0.5280 -0.4196 0.7384
vn 0.8281 0.1804 0.5308
vn -0.7160 -0.4258 0.5532
vn 0.5004 -0.7986 -0.3343
vn -0.1214 0.8477 0.5164
vn -0.5008 0.7985 0.3340
vn 0.8707 -0.4916 0.0161
vn -0.0739 0.9351 -0.3467
vn -0.8128 -0.1990 -0.5476
vn -0.7642 0.0483 -0.6432
vn 0.3512 -0.8053 -0.4777
vn -0.0958 0.9776 0.1873
vn 0.6320 -0.7244 -0.2753
vn -0.5203 0.3946 0.7573
vn 0.6327 -0.1957 -0.7493
vn 0.6185 0.7099 0.3369
vn -0.2446 -0.9685 0.0464
vn -0.3656 0.4396 0.8204
vn 0.3656 -0.4396 -0.8204
vn 0.9308 0.1727 0.3223
vn -0.7662 -0.6426 0.0028
vn -0.4831 0.3247 0.8131
vn 0.6084 -0.6012 -0.5181
vn -0.4660 0.6765 -0.5702
vn -0.8057 -0.5908 -0.0425
vn 0.9263 0.2579 0.2746
vn -0.6327 0.1957 0.7492
vn 0.6327 -0.1957 -0.7492
vn -0.6585 -0.6451 -0.3876
vn 0.7681 0.2816 0.5751
vn 0.4885 -0.4219 -0.7638
vn 0.8158 -0.0899 0.5714
vn -0.4957 0.5862 -0.6408
vn -0.2264 0.7841 -0.5779
vn 0.5548 -0.5254 0.6450
vn 0.6140 -0.2930 -0.7330
vn -0.0606 0.3053 0.9503
vn -0.3398 -0.7867 0.5154
vn -0.5059 0.3052 0.8068
vn 0.8153 -0.2474 -0.5235
vn 0.0097 -0.5845 -0.8113
vn -0.0097 0.5845 0.8113
vn 0.9132 0.3358 -0.2310
vn -0.5204 -0.6958 0.4950
vn 0.5145 -0.1667 -0.8411
vn 0.6360 0.7321 0.2439
vn -0.1971 -0.9776 0.0733
vn -0.0231 -0.9833 0.1808
vn 0.3757 0.9256 0.0463
vn -0.3415 -0.7867 0.5142
vn 0.8630 0.0980 0.4957
vn -0.6308 -0.7350 0.2487
vn -0.5139 0.1663 0.8416
vn -0.0229 -0.9832 0.1811
vn 0.3756 0.9256 0.0460
vn -0.8487 -0.0538 -0.5261
vn -0.8180 -0.4713 0.3298
vn 0.9827 0.1558 -0.1005
vn -0.4056 0.6931 -0.5958
vn -0.6514 0.7488 0.1225
vn -0.4727 -0.8719 0.1276
vn 0.5241 -0.7141 0.4641
vn 0.2438 0.7177 0.6523
vn 0.6832 -0.1392 -0.7169
s 1
usemtl V15_LEFT_TEAL
f 445//1 137//2 135//3
f 683//4 137//2 445//1
f 445//5 135//5 443//5
f 447//6 445//6 443//7
f 537//8 447//8 509//8
f 537//9 445//6 447//6
f 137//10 1//10 135//10
f 142//11 143//11 443//11
f 143//12 447//12 443//12
f 447//13 143//13 509//13
f 641//14 540//14 538//14
f 540//15 641//15 638//15
f 445//16 538//16 684//17
f 540//18 684//17 538//19
f 540//20 638//20 273//20
f 273//21 638//21 429//21
f 685//22 683//4 691//23
f 185//24 693//25 540//18
f 366//26 363//26 368//26
f 416//27 429//26 420//26
f 540//28 273//28 185//28
f 444//29 136//30 138//31
f 685//22 140//32 687//33
f 686//34 444//29 138//31
f 444//35 139//35 136//35
f 446//36 139//37 444//38
f 511//39 508//40 446//40
f 536//41 491//41 444//38
f 138//42 136//42 2//42
f 141//43 139//43 144//43
f 144//44 139//44 446//44
f 446//45 508//45 144//45
f 642//46 539//46 541//46
f 689//47 541//48 633//48
f 647//48 637//48 642//48
f 687//33 140//49 691//23
f 690//50 539//51 444//51
f 539//52 692//53 693//25
f 541//54 274//54 637//54
f 636//55 637//56 694//57
f 274//56 414//56 631//58
f 3//59 11//59 9//59
f 93//60 85//61 695//62
f 179//63 698//64 697//65
f 296//66 700//67 699//68
f 365//69 367//70 362//70
f 700//67 262//71 703//72
f 274//73 541//74 267//75
f 693//25 691//23 690//50
f 685//22 691//23 140//49
f 136//76 139//76 443//76
f 536//77 537//77 508//77
f 445//78 537//78 536//78
f 1//79 136//79 135//79
f 137//80 138//80 1//80
f 144//81 143//81 141//81
f 141//82 142//82 139//82
f 508//83 509//83 143//83
f 538//84 642//84 641//84
f 638//85 641//85 642//85
f 539//86 538//86 445//86
f 428//87 638//88 637//89
f 3//90 185//90 186//90
f 701//90 186//90 185//90
f 137//91 3//91 138//91
f 365//90 705//90 706//90
f 713//90 706//90 705//90
f 711//90 264//90 713//90
f 366//92 429//92 428//92
f 185//90 265//90 264//90
f 265//90 266//90 713//90
f 89//90 64//90 86//90
f 59//90 89//90 5//90
f 18//90 19//90 10//90
f 91//93 92//93 84//93
f 8//94 7//94 6//94
f 89//95 90//95 68//95
f 84//93 7//93 41//93
f 84//93 92//93 7//93
f 28//96 41//96 6//96
f 87//97 88//97 85//97
f 89//95 68//95 5//95
f 5//95 68//95 28//95
f 35//98 14//98 36//98
f 79//98 92//98 88//98
f 40//98 88//98 14//98
f 68//96 84//96 28//96
f 41//93 7//93 8//93
f 90//96 91//96 68//96
f 12//99 9//99 14//99
f 16//100 14//100 88//100
f 87//100 16//100 88//100
f 5//95 28//95 6//95
f 85//101 86//101 15//101
f 15//101 86//101 10//101
f 91//102 89//102 92//102
f 13//103 12//100 14//100
f 7//104 14//104 10//104
f 92//105 86//105 88//105
f 11//106 10//101 9//101
f 25//107 43//107 44//107
f 42//108 43//108 24//108
f 42//109 21//109 38//109
f 38//110 20//110 37//110
f 37//111 19//111 36//111
f 36//112 18//112 35//112
f 22//113 39//113 18//113
f 17//114 34//114 39//114
f 23//115 40//115 17//115
f 29//116 46//116 23//116
f 29//117 30//117 47//117
f 30//118 31//118 48//118
f 31//119 32//119 49//119
f 32//120 33//120 50//120
f 45//121 50//121 27//121
f 26//122 44//122 45//122
f 75//107 81//107 59//107
f 74//108 75//108 58//108
f 74//109 57//109 73//109
f 73//110 56//110 72//110
f 72//111 53//111 69//111
f 69//112 54//112 70//112
f 55//113 71//113 54//113
f 51//114 52//114 71//114
f 60//115 76//115 51//115
f 61//116 77//116 60//116
f 61//117 62//117 78//117
f 62//118 63//118 79//118
f 63//119 64//119 80//119
f 64//120 67//120 83//120
f 82//121 83//121 66//121
f 81//122 82//122 65//122
f 109//123 110//94 108//94
f 181//90 158//90 178//90
f 153//90 181//90 107//90
f 111//90 112//90 94//90
f 184//93 110//93 123//93
f 184//93 183//93 110//93
f 94//104 107//104 110//104
f 179//97 180//97 177//97
f 181//95 182//95 107//95
f 107//95 182//95 122//95
f 182//96 184//96 122//96
f 123//93 110//93 109//93
f 122//96 123//96 108//96
f 95//99 93//99 96//99
f 177//106 94//101 93//101
f 102//98 110//98 124//98
f 174//98 180//98 173//98
f 105//98 180//98 96//98
f 107//95 122//95 108//95
f 179//103 96//103 180//103
f 183//105 178//105 180//105
f 184//102 181//102 183//102
f 128//107 134//107 115//107
f 114//108 127//108 128//108
f 113//109 126//109 127//109
f 126//110 112//110 125//110
f 125//111 111//111 124//111
f 97//112 102//112 124//112
f 98//113 103//113 97//113
f 99//114 104//114 98//114
f 100//115 105//115 99//115
f 101//116 106//116 100//116
f 101//117 116//117 129//117
f 116//118 117//118 130//118
f 117//119 119//119 132//119
f 119//120 120//120 133//120
f 118//121 131//121 133//121
f 134//122 131//122 121//122
f 168//107 176//107 153//107
f 153//108 167//108 168//108
f 151//109 166//124 167//124
f 150//110 165//110 166//110
f 149//111 164//111 165//111
f 146//112 161//125 164//125
f 145//113 160//113 146//113
f 147//114 162//114 145//114
f 148//115 163//115 147//115
f 155//116 170//116 148//116
f 155//126 156//126 171//117
f 157//118 172//118 171//118
f 157//119 158//119 173//119
f 158//127 159//127 174//120
f 154//121 169//121 174//121
f 176//122 169//122 175//122
f 326//90 347//90 275//90
f 357//90 347//90 345//90
f 275//90 300//90 278//90
f 275//128 284//128 276//128
f 357//129 359//129 347//129
f 275//128 348//128 284//128
f 275//128 347//128 348//128
f 309//98 310//98 286//98
f 359//98 353//98 355//98
f 312//98 359//98 299//98
f 285//130 287//130 286//130
f 286//131 299//131 275//131
f 297//132 295//132 296//132
f 358//133 359//133 356//133
f 318//132 357//132 295//132
f 298//134 296//134 299//134
f 354//130 355//130 286//130
f 287//130 354//130 286//130
f 285//135 286//135 275//135
f 276//136 284//136 287//136
f 284//136 348//136 354//136
f 356//132 357//132 318//132
f 299//137 707//138 298//139
f 319//138 299//137 359//137
f 347//140 355//140 348//140
f 358//137 319//138 359//137
f 294//107 316//107 283//107
f 293//108 294//108 282//108
f 282//124 292//124 293//124
f 281//110 291//110 292//141
f 279//111 290//142 291//111
f 277//125 288//125 290//125
f 278//113 289//113 277//113
f 300//114 309//114 278//114
f 301//115 310//115 300//115
f 302//116 311//116 301//116
f 303//126 312//126 311//126
f 304//118 313//118 312//118
f 304//119 305//143 314//119
f 305//127 306//127 315//127
f 317//121 315//121 308//121
f 316//122 317//122 307//122
f 350//107 351//107 343//107
f 349//108 350//108 342//108
f 342//109 337//124 349//124
f 326//110 336//110 337//110
f 324//111 335//111 336//111
f 323//112 334//125 335//125
f 320//113 331//113 323//113
f 321//114 332//114 320//114
f 322//115 333//115 321//115
f 327//116 338//116 322//116
f 328//126 339//126 338//126
f 328//144 329//144 340//118
f 329//119 330//143 341//145
f 330//127 346//127 353//127
f 352//121 353//121 345//121
f 351//122 352//122 344//122
f 188//146 192//146 212//146
f 271//147 212//147 218//147
f 271//147 272//147 212//147
f 210//148 218//148 193//148
f 191//149 189//149 190//149
f 269//150 270//150 192//150
f 192//150 270//150 210//150
f 270//148 271//148 210//148
f 218//147 212//147 211//147
f 271//151 269//151 272//151
f 272//152 263//152 268//152
f 262//153 263//153 189//153
f 211//154 212//154 193//155
f 213//98 212//98 219//98
f 260//98 268//98 259//98
f 216//98 268//98 190//98
f 192//150 210//150 193//150
f 267//156 268//156 262//156
f 269//90 243//90 263//90
f 239//90 269//90 192//90
f 194//90 199//90 192//90
f 268//157 191//157 190//157
f 204//107 223//107 224//107
f 203//108 222//158 223//158
f 202//124 221//124 222//124
f 201//110 220//110 221//110
f 199//111 219//111 220//111
f 194//125 213//125 219//125
f 195//113 214//113 213//113
f 196//114 215//114 195//114
f 197//115 216//115 196//115
f 198//116 217//116 197//116
f 205//126 225//126 217//126
f 206//118 226//118 225//118
f 206//119 207//119 227//119
f 207//127 208//127 228//127
f 209//121 229//159 228//159
f 204//122 224//122 229//122
f 255//107 261//107 239//107
f 250//108 255//108 234//108
f 234//109 249//124 250//124
f 233//110 248//110 249//110
f 231//111 247//111 248//111
f 230//112 246//125 247//125
f 235//113 251//113 230//113
f 236//114 252//114 235//114
f 237//115 253//115 236//115
f 238//116 254//116 237//116
f 241//126 257//117 254//117
f 242//118 258//118 257//118
f 242//119 243//119 259//119
f 243//127 244//127 260//120
f 256//121 260//121 240//121
f 261//122 256//122 245//122
f 670//160 644//160 597//160
f 618//160 634//160 629//161
f 666//160 682//160 665//160
f 594//162 593//162 595//163
f 639//164 643//164 644//164
f 640//165 644//165 682//165
f 632//166 634//166 594//166
f 594//162 639//162 640//162
f 594//162 595//163 639//162
f 593//167 596//167 595//167
f 595//167 596//167 639//167
f 596//167 643//167 639//167
f 660//168 659//169 640//168
f 632//168 677//168 645//168
f 594//168 615//168 616//168
f 681//170 647//170 682//170
f 597//171 593//171 594//171
f 680//172 632//173 645//173
f 645//173 646//174 688//175
f 633//176 681//176 634//176
f 646//177 645//177 682//177
f 645//173 688//175 689//47
f 597//178 644//178 596//178
f 672//179 650//179 654//179
f 654//180 649//181 653//180
f 653//182 648//183 670//182
f 652//184 671//184 670//184
f 651//185 663//185 671//185
f 663//186 651//186 664//186
f 664//187 659//188 665//187
f 666//189 665//189 659//189
f 668//190 666//190 662//191
f 669//192 668//192 662//193
f 677//194 669//194 661//194
f 674//195 667//195 676//196
f 679//197 674//197 675//197
f 678//198 679//198 675//198
f 656//199 673//199 678//199
f 673//200 656//200 655//200
f 617//179 613//179 611//179
f 611//201 606//181 610//201
f 605//183 609//183 606//183
f 609//184 607//202 608//184
f 598//185 619//185 608//185
f 598//186 620//186 619//186
f 600//188 621//203 620//188
f 622//189 621//189 601//189
f 623//191 622//191 601//191
f 603//192 623//192 602//192
f 628//194 624//194 604//194
f 604//195 627//195 628//195
f 626//197 627//197 616//197
f 616//198 629//198 626//198
f 615//199 618//199 629//199
f 618//200 614//200 617//200
f 495//204 496//205 451//206
f 529//206 535//206 510//206
f 528//204 535//206 531//206
f 450//207 523//207 451//207
f 450//208 449//208 513//208
f 513//209 449//209 482//209
f 449//209 448//209 482//209
f 535//210 482//210 490//210
f 448//211 474//211 482//211
f 482//211 486//211 487//212
f 457//213 448//211 458//214
f 523//208 450//208 513//208
f 523//208 513//208 522//208
f 522//215 513//209 482//209
f 449//216 450//216 448//216
f 448//217 451//217 510//217
f 452//218 469//218 470//218
f 533//219 534//219 490//220
f 471//218 489//218 490//218
f 452//218 470//218 471//218
f 482//221 524//221 523//221
f 510//222 708//223 511//39
f 510//222 532//223 708//223
f 535//222 534//222 532//223
f 469//224 510//224 511//224
f 497//225 454//225 492//225
f 492//226 453//226 493//226
f 493//227 456//227 494//227
f 457//228 495//228 455//228
f 496//229 495//229 458//229
f 462//230 501//230 496//230
f 463//231 502//231 501//231
f 503//232 463//232 464//232
f 507//233 503//233 468//233
f 467//234 506//234 468//234
f 505//235 506//235 466//236
f 466//237 504//237 505//237
f 461//238 500//238 504//238
f 461//239 499//239 500//239
f 459//240 498//240 499//240
f 498//241 459//241 497//241
f 516//225 472//225 512//225
f 512//226 473//242 515//226
f 515//243 475//243 514//243
f 476//228 519//228 475//228
f 520//229 519//229 479//229
f 483//230 525//230 479//230
f 484//231 526//231 525//231
f 529//232 484//232 485//232
f 530//233 529//233 488//233
f 487//234 531//234 488//234
f 486//236 528//236 487//236
f 486//237 527//237 528//237
f 480//238 521//238 527//238
f 478//239 518//239 521//239
f 477//240 517//240 518//240
f 517//241 477//241 516//241
f 434//244 586//244 437//244
f 589//244 586//244 588//244
f 440//244 430//244 441//244
f 547//245 636//245 430//245
f 585//246 584//247 586//247
f 403//248 426//248 430//248
f 427//249 426//249 548//250
f 635//251 585//251 586//251
f 548//250 426//249 565//249
f 565//249 630//249 631//249
f 403//252 422//252 426//252
f 563//252 564//253 585//252
f 424//252 425//254 630//252
f 635//255 636//55 694//57
f 547//256 430//256 427//256
f 437//257 586//258 584//258
f 403//259 572//259 585//259
f 403//259 408//259 572//259
f 437//260 431//260 403//260
f 572//259 583//261 585//259
f 404//262 431//262 408//262
f 408//262 431//262 572//262
f 572//262 431//262 584//262
f 583//262 572//262 584//262
f 436//263 410//263 411//263
f 566//264 411//264 542//264
f 567//265 566//265 543//265
f 569//266 567//266 543//266
f 570//267 569//267 544//267
f 571//268 570//268 546//268
f 425//269 568//269 571//269
f 424//270 442//270 568//270
f 423//271 441//271 442//271
f 422//272 440//272 441//272
f 440//273 422//273 439//273
f 439//274 421//275 438//274
f 438//276 405//277 432//276
f 432//278 405//278 433//278
f 434//279 407//279 409//279
f 435//280 409//280 410//280
f 581//263 551//263 552//263
f 560//264 587//264 552//264
f 588//265 587//265 560//265
f 589//281 588//281 564//281
f 592//267 589//267 564//267
f 591//282 592//282 563//268
f 558//269 590//269 591//269
f 590//270 558//270 582//270
f 557//271 579//271 582//271
f 579//272 557//272 578//272
f 578//273 556//273 576//273
f 576//274 554//275 575//274
f 575//277 554//277 574//277
f 574//278 549//283 573//278
f 550//279 577//284 549//279
f 551//280 580//280 577//280
f 420//285 364//285 417//285
f 412//286 413//286 360//286
f 362//287 371//287 374//287
f 381//288 395//287 414//287
f 364//287 363//287 416//287
f 376//287 375//287 413//287
f 418//98 413//98 419//98
f 417//98 416//98 420//98
f 389//289 412//289 360//289
f 367//289 419//289 391//289
f 367//90 360//90 362//90
f 364//90 368//90 363//90
f 380//290 391//290 392//290
f 381//291 392//291 400//291
f 400//292 402//292 395//292
f 402//293 401//293 396//293
f 401//294 399//294 394//294
f 399//295 398//295 393//295
f 398//296 390//296 393//296
f 375//297 376//297 390//297
f 386//298 375//298 389//298
f 386//299 385//299 373//299
f 382//300 372//300 385//300
f 383//301 369//301 382//301
f 384//302 370//302 383//302
f 374//303 371//303 384//303
f 387//304 388//304 377//304
f 378//305 388//306 391//306
f 185//24 4//24 137//2
f 273//26 416//27 363//26
f 265//26 273//26 366//26
f 429//26 366//26 420//26
f 368//26 420//26 366//26
f 366//26 273//26 363//26
f 273//26 429//26 416//27
f 265//28 185//28 273//28
f 536//40 534//40 533//40
f 536//40 532//223 534//40
f 489//40 471//40 446//40
f 470//307 469//308 471//309
f 536//40 511//39 708//223
f 471//40 469//40 446//40
f 536//40 508//40 511//39
f 469//40 511//39 446//40
f 489//41 446//36 444//38
f 536//41 533//41 491//41
f 491//41 489//41 444//38
f 541//48 647//48 642//48
f 541//48 646//174 647//48
f 633//48 637//48 681//48
f 680//172 689//47 633//310
f 541//48 637//48 633//48
f 681//48 637//48 647//48
f 636//55 428//56 637//56
f 548//311 565//312 631//311
f 694//57 637//56 631//58
f 274//56 415//56 414//56
f 414//56 418//56 428//56
f 547//56 428//56 636//55
f 427//56 428//56 547//56
f 414//56 428//56 427//56
f 414//56 427//56 548//56
f 274//56 631//58 637//56
f 414//56 548//56 631//58
f 87//59 138//59 16//59
f 16//59 138//59 13//59
f 701//313 695//62 85//59
f 3//59 85//59 15//59
f 13//59 138//59 12//59
f 12//59 138//59 9//59
f 3//59 15//59 11//59
f 9//59 138//59 3//59
f 87//314 686//34 138//31
f 95//315 541//74 87//314
f 177//63 698//64 179//63
f 93//316 95//315 87//314
f 177//63 704//317 709//318
f 93//319 87//319 85//319
f 179//63 541//74 95//315
f 319//138 358//320 274//73
f 318//321 297//322 296//323
f 274//73 298//139 707//138
f 296//66 298//139 274//73
f 356//66 703//72 705//324
f 318//66 699//68 703//72
f 712//325 702//326 296//66
f 356//66 365//69 358//320
f 274//73 358//320 415//327
f 378//70 379//328 380//329
f 358//320 380//329 415//327
f 418//327 419//330 428//331
f 419//330 367//70 428//331
f 358//320 378//70 380//329
f 358//320 362//70 378//70
f 367//70 365//69 428//331
f 365//69 362//70 358//320
f 541//74 697//65 191//71
f 697//65 698//64 189//71
f 262//71 702//326 712//325
f 189//71 709//318 704//317
f 267//75 712//325 274//73
f 267//75 541//74 191//71
f 135//332 136//332 443//332
f 508//333 537//333 509//333
f 445//334 536//334 444//334
f 1//335 2//335 136//335
f 2//336 1//336 138//336
f 143//337 142//337 141//337
f 139//338 142//338 443//338
f 144//339 508//339 143//339
f 538//340 539//340 642//340
f 638//341 642//341 637//341
f 444//342 539//342 445//342
f 429//343 638//88 428//87
f 3//90 4//90 185//90
f 4//104 3//104 137//104
f 366//90 706//90 266//90
f 266//90 706//90 713//90
f 366//344 428//344 365//344
f 711//90 187//90 185//90
f 63//90 62//90 86//90
f 67//90 64//90 89//90
f 63//90 86//90 64//90
f 61//90 86//90 62//90
f 10//90 17//90 22//90
f 23//90 17//90 10//90
f 60//90 86//90 61//90
f 60//90 51//90 86//90
f 23//90 10//90 86//90
f 29//90 23//90 86//90
f 86//90 51//90 55//90
f 55//90 29//90 86//90
f 30//90 29//90 55//90
f 55//90 54//90 30//90
f 31//90 30//90 54//90
f 54//90 53//90 31//90
f 32//90 31//90 53//90
f 53//90 56//90 32//90
f 33//90 32//90 56//90
f 56//90 57//90 33//90
f 27//90 33//90 57//90
f 57//90 58//90 27//90
f 26//90 27//90 58//90
f 58//90 59//90 26//90
f 25//90 26//90 59//90
f 5//90 20//90 21//90
f 89//90 66//90 67//90
f 89//90 65//90 66//90
f 5//90 21//90 24//90
f 24//90 25//90 5//90
f 65//90 89//90 59//90
f 5//90 25//90 59//90
f 20//90 5//90 10//90
f 19//90 20//90 10//90
f 10//90 22//90 18//90
f 5//94 6//94 7//94
f 8//96 6//96 41//96
f 85//97 88//97 86//97
f 37//98 14//98 7//98
f 14//98 35//98 39//98
f 36//98 14//98 37//98
f 83//98 92//98 80//98
f 79//98 88//98 78//98
f 92//98 79//98 80//98
f 92//98 83//98 82//98
f 7//98 38//98 37//98
f 7//98 42//98 38//98
f 92//98 82//98 81//98
f 81//98 75//98 92//98
f 42//98 7//98 43//98
f 43//98 7//98 44//98
f 75//98 7//98 92//98
f 74//98 7//98 75//98
f 7//98 74//98 44//98
f 73//98 44//98 74//98
f 44//98 73//98 45//98
f 72//98 45//98 73//98
f 45//98 72//98 50//98
f 69//98 50//98 72//98
f 50//98 69//98 49//98
f 70//98 49//98 69//98
f 49//98 70//98 48//98
f 71//98 48//98 70//98
f 48//98 71//98 47//98
f 52//98 47//98 71//98
f 47//98 52//98 46//98
f 76//98 46//98 52//98
f 46//98 76//98 40//98
f 77//98 78//98 88//98
f 76//98 77//98 88//98
f 14//98 39//98 34//98
f 88//98 40//98 76//98
f 40//98 14//98 34//98
f 41//96 28//96 84//96
f 84//96 68//96 91//96
f 9//99 10//99 14//99
f 16//100 13//103 14//100
f 15//101 10//101 11//106
f 89//102 91//102 90//102
f 10//104 5//104 7//104
f 86//105 92//105 89//105
f 26//107 25//107 44//107
f 25//108 24//108 43//108
f 21//109 42//109 24//109
f 20//110 38//110 21//110
f 19//111 37//111 20//111
f 18//112 36//112 19//112
f 35//113 18//113 39//113
f 17//114 39//114 22//114
f 17//115 40//115 34//115
f 40//116 23//116 46//116
f 47//117 46//117 29//117
f 48//118 47//118 30//118
f 49//119 48//119 31//119
f 50//120 49//120 32//120
f 33//121 27//121 50//121
f 27//122 26//122 45//122
f 65//107 59//107 81//107
f 59//108 58//108 75//108
f 57//109 74//109 58//109
f 56//110 73//110 57//110
f 53//111 72//111 56//111
f 54//112 69//112 53//112
f 70//113 54//113 71//113
f 51//114 71//114 55//114
f 51//115 76//115 52//115
f 76//116 60//116 77//116
f 78//117 77//117 61//117
f 79//118 78//118 62//118
f 80//119 79//119 63//119
f 83//120 80//120 64//120
f 67//121 66//121 83//121
f 66//122 65//122 82//122
f 107//94 108//94 110//94
f 157//90 156//90 178//90
f 159//90 158//90 181//90
f 157//90 178//90 158//90
f 155//90 178//90 156//90
f 94//90 99//90 98//90
f 100//90 99//90 94//90
f 148//90 178//90 155//90
f 148//90 147//90 178//90
f 100//90 94//90 178//90
f 101//90 100//90 178//90
f 178//90 147//90 145//90
f 145//90 101//90 178//90
f 116//90 101//90 145//90
f 145//90 146//90 116//90
f 117//90 116//90 146//90
f 146//90 149//90 117//90
f 119//90 117//90 149//90
f 149//90 150//90 119//90
f 120//90 119//90 150//90
f 150//90 151//90 120//90
f 118//90 120//90 151//90
f 151//90 152//90 118//90
f 121//90 118//90 152//90
f 152//90 153//90 121//90
f 115//90 121//90 153//90
f 107//90 112//90 113//90
f 181//90 154//90 159//90
f 181//90 175//90 154//90
f 107//90 113//90 114//90
f 114//90 115//90 107//90
f 175//90 181//90 153//90
f 107//90 115//90 153//90
f 94//90 98//90 97//90
f 112//90 107//90 94//90
f 97//90 111//90 94//90
f 110//104 96//104 94//104
f 177//97 180//97 178//97
f 123//96 122//96 184//96
f 109//96 108//96 123//96
f 93//99 94//99 96//99
f 177//106 178//106 94//101
f 96//98 110//98 103//98
f 103//98 110//98 102//98
f 125//98 124//98 110//98
f 172//98 180//98 171//98
f 183//98 180//98 174//98
f 172//98 173//98 180//98
f 183//98 174//98 169//98
f 110//98 126//98 125//98
f 110//98 127//98 126//98
f 183//98 169//98 176//98
f 176//98 168//98 183//98
f 127//98 110//98 128//98
f 128//98 110//98 134//98
f 168//98 110//98 183//98
f 167//98 110//98 168//98
f 110//98 167//98 134//98
f 166//98 134//98 167//98
f 134//98 166//98 131//98
f 165//98 131//98 166//98
f 131//98 165//98 133//98
f 164//98 133//98 165//98
f 133//98 164//98 132//98
f 161//98 132//98 164//98
f 132//98 161//98 130//98
f 160//98 130//98 161//98
f 130//98 160//98 129//98
f 162//98 129//98 160//98
f 129//98 162//98 106//98
f 163//98 106//98 162//98
f 106//98 163//98 105//98
f 170//98 171//98 180//98
f 163//98 170//98 180//98
f 96//98 103//98 104//98
f 180//98 105//98 163//98
f 105//98 96//98 104//98
f 179//103 95//103 96//103
f 178//105 183//105 181//105
f 181//102 184//102 182//102
f 121//107 115//107 134//107
f 115//108 114//108 128//108
f 113//109 127//109 114//109
f 112//110 126//110 113//110
f 111//111 125//111 112//111
f 97//112 124//112 111//112
f 97//113 103//113 102//113
f 103//114 98//114 104//114
f 104//115 99//115 105//115
f 100//116 106//116 105//116
f 101//117 129//117 106//117
f 130//118 129//118 116//118
f 132//119 130//119 117//119
f 119//120 133//120 132//120
f 120//121 118//121 133//121
f 118//122 121//122 131//122
f 175//107 153//107 176//107
f 153//108 152//108 167//108
f 151//109 167//124 152//345
f 150//110 166//110 151//110
f 149//111 165//111 150//111
f 146//112 164//125 149//112
f 146//113 160//113 161//113
f 160//114 145//114 162//114
f 162//115 147//115 163//115
f 148//116 170//116 163//116
f 155//126 171//117 170//117
f 156//118 157//118 171//118
f 157//119 173//119 172//119
f 158//127 174//120 173//120
f 159//121 154//121 174//121
f 154//122 175//122 169//122
f 357//90 330//90 329//90
f 301//90 295//90 302//90
f 303//90 302//90 295//90
f 329//90 328//90 357//90
f 328//90 327//90 357//90
f 303//90 295//90 357//90
f 304//90 303//90 357//90
f 327//90 322//90 357//90
f 322//90 304//90 357//90
f 305//90 304//90 322//90
f 322//90 321//90 305//90
f 306//90 305//90 321//90
f 321//90 320//90 306//90
f 308//90 306//90 320//90
f 320//90 323//90 308//90
f 307//90 308//90 323//90
f 323//90 324//90 307//90
f 283//90 307//90 324//90
f 324//90 325//90 283//90
f 282//90 283//90 325//90
f 325//90 326//90 282//90
f 281//90 282//90 326//90
f 277//90 279//90 275//90
f 343//90 344//90 347//90
f 343//90 347//90 342//90
f 275//90 279//90 280//90
f 280//90 281//90 275//90
f 326//90 342//90 347//90
f 275//90 281//90 326//90
f 346//90 330//90 357//90
f 347//90 344//90 345//90
f 345//90 346//90 357//90
f 275//90 295//90 301//90
f 275//90 278//90 277//90
f 300//90 275//90 301//90
f 355//129 347//129 359//129
f 286//98 288//98 289//98
f 286//98 310//98 299//98
f 286//98 289//98 309//98
f 355//98 352//98 351//98
f 353//98 359//98 341//98
f 352//98 355//98 353//98
f 350//98 355//98 351//98
f 288//98 286//98 290//98
f 286//98 291//98 290//98
f 350//98 349//98 355//98
f 337//98 355//98 349//98
f 291//98 286//98 292//98
f 292//98 286//98 293//98
f 337//98 286//98 355//98
f 336//98 286//98 337//98
f 286//98 336//98 293//98
f 335//98 293//98 336//98
f 293//98 335//98 294//98
f 334//98 294//98 335//98
f 294//98 334//98 316//98
f 331//98 316//98 334//98
f 316//98 331//98 317//98
f 332//98 317//98 331//98
f 317//98 332//98 315//98
f 333//98 315//98 332//98
f 315//98 333//98 314//98
f 338//98 314//98 333//98
f 314//98 338//98 313//98
f 339//98 313//98 338//98
f 313//98 339//98 312//98
f 359//98 340//98 341//98
f 340//98 359//98 339//98
f 310//98 311//98 299//98
f 359//98 312//98 339//98
f 312//98 299//98 311//98
f 295//131 275//131 299//131
f 356//133 359//133 357//133
f 297//132 318//132 295//132
f 296//134 295//134 299//134
f 275//135 276//135 285//135
f 287//136 285//136 276//136
f 354//136 287//136 284//136
f 299//137 319//138 707//138
f 354//140 348//140 355//140
f 307//107 283//107 316//107
f 283//108 282//108 294//108
f 281//124 292//124 282//124
f 280//110 291//110 281//110
f 279//111 291//111 280//111
f 277//125 290//125 279//125
f 288//113 277//113 289//113
f 289//114 278//114 309//114
f 309//115 300//115 310//115
f 310//116 301//116 311//116
f 302//126 303//126 311//126
f 303//346 304//118 312//118
f 304//119 314//119 313//119
f 305//127 315//127 314//127
f 306//121 308//121 315//121
f 308//122 307//122 317//122
f 344//107 343//107 351//107
f 343//108 342//108 350//108
f 326//345 337//124 342//109
f 325//110 336//110 326//110
f 324//111 336//111 325//111
f 323//112 335//125 324//347
f 334//113 323//113 331//113
f 331//114 320//114 332//114
f 332//115 321//115 333//115
f 333//116 322//116 338//116
f 327//126 328//126 338//126
f 328//144 340//118 339//346
f 329//119 341//145 340//145
f 330//127 353//127 341//127
f 346//121 345//121 353//121
f 345//122 344//122 352//122
f 212//146 190//146 188//146
f 211//148 193//148 218//148
f 189//149 188//149 190//149
f 218//148 210//148 271//148
f 269//151 271//151 270//151
f 263//152 272//152 269//152
f 263//153 188//153 189//153
f 192//155 193//155 212//154
f 190//98 212//98 214//98
f 214//98 212//98 213//98
f 220//98 219//98 212//98
f 258//98 268//98 257//98
f 272//98 268//98 260//98
f 258//98 259//98 268//98
f 272//98 260//98 256//98
f 220//98 212//98 221//98
f 212//98 222//98 221//98
f 272//98 256//98 261//98
f 261//98 255//98 272//98
f 222//98 212//98 223//98
f 223//98 212//98 224//98
f 255//98 212//98 272//98
f 250//98 212//98 255//98
f 212//98 250//98 224//98
f 249//98 224//98 250//98
f 224//98 249//98 229//98
f 248//98 229//98 249//98
f 229//98 248//98 228//98
f 247//98 228//98 248//98
f 228//98 247//98 227//98
f 246//98 227//98 247//98
f 227//98 246//98 226//98
f 251//98 226//98 246//98
f 226//98 251//98 225//98
f 252//98 225//98 251//98
f 225//98 252//98 217//98
f 253//98 217//98 252//98
f 217//98 253//98 216//98
f 254//98 257//98 268//98
f 253//98 254//98 268//98
f 190//98 214//98 215//98
f 268//98 216//98 253//98
f 216//98 190//98 215//98
f 262//156 268//156 263//156
f 242//90 241//90 263//90
f 244//90 243//90 269//90
f 242//90 263//90 243//90
f 238//90 263//90 241//90
f 188//90 196//90 195//90
f 197//90 196//90 188//90
f 263//90 238//90 188//90
f 238//90 237//90 188//90
f 197//90 188//90 198//90
f 198//90 188//90 205//90
f 237//90 236//90 188//90
f 236//90 235//90 188//90
f 235//90 205//90 188//90
f 235//90 230//90 205//90
f 206//90 205//90 230//90
f 230//90 231//90 206//90
f 207//90 206//90 231//90
f 231//90 232//90 207//90
f 208//90 207//90 232//90
f 232//90 233//90 208//90
f 209//90 208//90 233//90
f 233//90 234//90 209//90
f 204//90 209//90 234//90
f 234//90 239//90 204//90
f 203//90 204//90 239//90
f 200//90 201//90 192//90
f 269//90 240//90 244//90
f 269//90 245//90 240//90
f 192//90 201//90 202//90
f 202//90 203//90 192//90
f 245//90 269//90 239//90
f 192//90 203//90 239//90
f 188//90 195//90 192//90
f 200//90 192//90 199//90
f 195//90 194//90 192//90
f 267//157 191//157 268//157
f 204//107 203//107 223//107
f 203//108 202//108 222//158
f 201//124 221//124 202//124
f 200//110 220//110 201//110
f 199//111 220//111 200//111
f 194//125 219//125 199//125
f 195//113 213//113 194//113
f 214//114 195//114 215//114
f 215//115 196//115 216//115
f 197//116 217//116 216//116
f 198//126 205//126 217//126
f 205//118 206//118 225//118
f 206//119 227//119 226//119
f 207//127 228//127 227//127
f 208//121 209//121 228//159
f 209//122 204//122 229//122
f 245//107 239//107 261//107
f 239//108 234//108 255//108
f 233//109 249//124 234//109
f 232//110 248//110 233//110
f 231//111 248//111 232//111
f 230//112 247//125 231//112
f 246//113 230//113 251//113
f 251//114 235//114 252//114
f 252//115 236//115 253//115
f 253//116 237//116 254//116
f 238//126 241//126 254//117
f 241//118 242//118 257//118
f 242//119 259//119 258//119
f 243//127 260//120 259//120
f 244//121 240//121 260//121
f 240//122 245//122 256//122
f 626//160 634//160 627//160
f 627//160 634//160 628//160
f 669//348 682//160 668//348
f 667//161 682//160 669//348
f 634//160 682//160 628//160
f 628//160 682//160 624//349
f 674//350 682//160 667//161
f 679//160 682//160 674//350
f 624//349 682//160 623//160
f 623//160 682//160 622//349
f 622//349 682//160 679//160
f 622//349 679//160 621//160
f 621//160 679//160 678//161
f 621//160 678//161 620//160
f 673//160 620//160 678//161
f 620//160 673//160 619//160
f 619//160 673//160 672//348
f 619//160 672//348 608//351
f 608//351 672//348 654//161
f 608//351 654//161 609//160
f 654//161 653//348 609//160
f 653//348 670//160 609//160
f 597//160 617//160 611//348
f 664//348 644//160 663//348
f 663//348 644//160 671//160
f 611//348 610//160 597//160
f 610//160 609//160 597//160
f 671//160 644//160 670//160
f 609//160 670//160 597//160
f 597//160 634//160 617//160
f 617//160 634//160 618//160
f 629//161 634//160 626//160
f 664//348 682//160 644//160
f 668//348 682//160 666//160
f 665//160 682//160 664//348
f 640//164 639//164 644//164
f 682//165 645//165 640//165
f 594//166 634//166 597//166
f 662//352 640//168 645//168
f 659//169 658//168 640//168
f 662//352 660//168 640//168
f 594//168 612//352 613//168
f 612//352 594//168 606//169
f 658//168 651//168 640//168
f 651//168 652//352 640//168
f 606//169 594//168 605//353
f 605//353 594//168 607//168
f 652//352 648//352 640//168
f 648//352 594//168 640//168
f 607//168 594//168 648//352
f 649//354 607//168 648//352
f 598//168 607//168 649//354
f 650//355 598//168 649//354
f 599//168 598//168 650//355
f 599//168 650//355 655//168
f 600//352 599//168 655//168
f 655//168 656//168 600//352
f 601//168 600//352 656//168
f 601//168 656//168 657//169
f 602//352 601//168 657//169
f 602//352 657//169 675//168
f 603//169 602//352 675//168
f 603//169 675//168 676//169
f 604//168 603//169 676//169
f 604//168 676//169 677//168
f 616//168 625//168 632//168
f 625//168 604//168 632//168
f 661//352 662//352 645//168
f 632//168 604//168 677//168
f 677//168 661//352 645//168
f 594//168 613//168 614//169
f 594//168 616//168 632//168
f 594//168 614//169 615//168
f 681//170 682//170 634//170
f 597//171 596//171 593//171
f 633//173 632//173 680//172
f 633//176 634//176 632//356
f 647//177 646//177 682//177
f 596//178 644//178 643//178
f 650//179 672//179 655//179
f 650//181 649//181 654//180
f 649//183 648//183 653//182
f 652//184 670//184 648//184
f 651//185 671//185 652//185
f 658//186 664//186 651//186
f 659//188 664//187 658//188
f 666//189 659//189 660//189
f 662//191 666//190 660//191
f 661//193 669//192 662//193
f 667//194 669//194 677//194
f 677//196 676//196 667//195
f 676//197 675//197 674//197
f 675//198 657//198 678//198
f 657//199 656//199 678//199
f 673//200 655//200 672//200
f 613//179 612//179 611//179
f 612//181 606//181 611//201
f 610//183 606//183 609//183
f 607//202 609//184 605//202
f 598//185 608//185 607//185
f 599//186 620//186 598//186
f 600//188 620//188 599//188
f 621//189 600//189 601//189
f 602//191 623//191 601//191
f 624//192 623//192 603//192
f 604//194 624//194 603//194
f 604//195 625//195 627//195
f 625//197 616//197 627//197
f 616//198 615//198 629//198
f 615//199 614//199 618//199
f 617//200 614//200 613//200
f 493//206 494//206 451//206
f 501//206 510//206 451//206
f 496//205 501//206 451//206
f 494//206 495//204 451//206
f 518//206 524//206 521//206
f 492//206 493//206 451//206
f 451//206 497//206 492//206
f 517//205 524//206 518//206
f 516//206 524//206 517//205
f 451//206 524//206 497//206
f 497//206 524//206 498//357
f 498//357 524//206 516//206
f 498//357 516//206 499//206
f 499//206 516//206 512//205
f 499//206 512//205 500//358
f 512//205 515//206 500//358
f 500//358 515//206 504//206
f 515//206 514//206 504//206
f 504//206 514//206 505//206
f 514//206 519//206 505//206
f 505//206 519//206 506//206
f 519//206 520//206 506//206
f 506//206 520//206 507//206
f 520//206 525//206 507//206
f 507//206 525//206 503//206
f 525//206 526//359 503//206
f 502//206 510//206 501//206
f 526//359 529//206 503//206
f 503//206 510//206 502//206
f 530//206 535//206 529//206
f 503//206 529//206 510//206
f 524//206 535//206 521//206
f 521//206 535//206 527//206
f 531//206 535//206 530//206
f 527//206 535//206 528//204
f 523//207 524//207 451//207
f 482//210 535//210 524//210
f 488//211 485//211 490//211
f 463//211 462//211 452//211
f 464//211 463//211 452//211
f 485//211 452//211 490//211
f 484//211 452//211 485//211
f 468//211 464//211 452//211
f 468//211 452//211 484//211
f 483//213 468//211 484//211
f 467//211 468//211 483//213
f 479//211 467//211 483//213
f 466//211 467//211 479//211
f 476//211 466//211 479//211
f 465//211 466//211 476//211
f 475//211 465//211 476//211
f 461//360 465//211 475//211
f 473//211 461//360 475//211
f 460//211 461//360 473//211
f 472//360 460//211 473//211
f 459//361 460//211 472//360
f 459//361 472//360 474//211
f 454//211 459//361 474//211
f 453//213 448//211 456//211
f 478//211 480//211 482//211
f 477//362 478//211 482//211
f 448//211 453//213 454//211
f 474//211 477//362 482//211
f 448//211 454//211 474//211
f 482//211 480//211 481//211
f 482//211 488//211 490//211
f 482//211 487//212 488//211
f 482//211 481//211 486//211
f 462//211 448//211 452//211
f 456//211 448//211 455//211
f 455//211 448//211 457//213
f 458//214 448//211 462//211
f 450//216 451//216 448//216
f 510//217 452//217 448//217
f 491//220 533//219 490//220
f 490//220 534//219 535//219
f 452//218 471//218 490//218
f 490//218 489//218 491//218
f 522//221 482//221 523//221
f 510//222 535//222 532//223
f 452//224 510//224 469//224
f 454//225 453//225 492//225
f 453//226 456//226 493//226
f 456//227 455//227 494//227
f 455//228 495//228 494//228
f 457//229 458//229 495//229
f 458//230 462//230 496//230
f 462//231 463//231 501//231
f 503//232 502//232 463//232
f 468//233 503//233 464//233
f 506//234 507//234 468//234
f 466//236 506//235 467//236
f 465//237 504//237 466//237
f 504//238 465//238 461//238
f 460//239 499//239 461//239
f 460//240 459//240 499//240
f 497//241 459//241 454//241
f 474//225 472//225 516//225
f 472//242 473//242 512//226
f 473//243 475//243 515//243
f 475//228 519//228 514//228
f 476//229 479//229 519//229
f 479//230 525//230 520//230
f 483//231 484//231 525//231
f 529//232 526//232 484//232
f 488//233 529//233 485//233
f 531//234 530//234 488//234
f 528//236 531//236 487//236
f 481//237 527//237 486//237
f 527//238 481//238 480//238
f 480//239 478//239 521//239
f 478//240 477//240 518//240
f 516//241 477//241 474//241
f 591//244 635//244 592//363
f 430//244 635//244 442//244
f 442//244 635//244 568//364
f 590//244 635//244 591//244
f 582//244 635//244 590//244
f 568//364 635//244 571//244
f 571//244 635//244 570//244
f 579//244 635//244 582//244
f 570//244 635//244 579//244
f 570//244 579//244 569//244
f 569//244 579//244 578//244
f 569//244 578//244 567//244
f 567//244 578//244 576//244
f 567//244 576//244 566//244
f 566//244 576//244 575//244
f 566//244 575//244 436//244
f 575//244 574//363 436//244
f 436//244 574//363 435//365
f 574//363 573//244 435//365
f 435//365 573//244 434//244
f 573//244 577//244 434//244
f 581//244 586//244 580//244
f 438//244 432//244 437//244
f 432//244 433//244 437//244
f 580//244 586//244 577//244
f 433//244 434//244 437//244
f 577//244 586//244 434//244
f 587//244 586//244 581//244
f 592//363 635//244 586//244
f 592//363 586//244 589//244
f 588//244 586//244 587//244
f 437//244 430//244 438//244
f 438//244 430//244 439//244
f 430//244 442//244 441//244
f 439//244 430//244 440//244
f 430//245 636//245 635//245
f 583//246 584//247 585//246
f 430//248 437//248 403//248
f 585//251 635//251 630//251
f 565//249 426//249 630//249
f 403//252 406//252 421//252
f 426//252 423//252 424//252
f 403//252 421//252 422//252
f 422//252 423//252 426//252
f 560//252 552//252 585//252
f 561//252 560//252 585//252
f 563//252 585//252 630//252
f 564//253 561//252 585//252
f 552//252 551//252 585//252
f 406//252 403//252 405//252
f 405//252 403//252 407//252
f 551//252 550//366 585//252
f 550//366 549//252 585//252
f 407//252 403//252 409//367
f 409//367 403//252 410//252
f 549//252 403//252 585//252
f 555//252 403//252 549//252
f 410//252 403//252 555//252
f 554//252 410//252 555//252
f 411//252 410//252 554//252
f 411//252 554//252 553//252
f 542//368 411//252 553//252
f 542//368 553//252 556//252
f 543//252 542//368 556//252
f 543//252 556//252 557//252
f 545//252 543//252 557//252
f 545//252 557//252 559//252
f 544//252 545//252 559//252
f 544//252 559//252 558//252
f 546//252 544//252 558//252
f 562//252 563//252 630//252
f 425//254 546//252 558//252
f 558//252 562//252 630//252
f 426//252 424//252 630//252
f 425//254 558//252 630//252
f 635//255 631//58 630//255
f 427//256 430//256 426//256
f 437//257 584//258 431//257
f 403//259 404//259 408//259
f 431//260 404//260 403//260
f 410//263 436//263 435//263
f 411//264 566//264 436//264
f 542//265 543//265 566//265
f 543//266 545//369 569//266
f 545//267 544//267 569//267
f 544//268 546//268 570//268
f 571//269 546//269 425//269
f 568//270 425//270 424//270
f 442//271 424//271 423//271
f 423//272 422//272 441//272
f 439//273 422//273 421//273
f 406//370 438//274 421//275
f 405//277 438//276 406//277
f 407//278 433//278 405//278
f 407//279 434//279 433//279
f 409//280 435//280 434//280
f 551//263 581//263 580//263
f 552//264 587//264 581//264
f 588//265 560//265 561//265
f 561//281 564//281 588//281
f 592//267 564//267 563//267
f 591//282 563//268 562//268
f 591//269 562//269 558//269
f 559//270 582//270 558//270
f 582//271 559//271 557//271
f 556//272 578//272 557//272
f 576//273 556//273 553//273
f 576//274 553//275 554//275
f 555//277 574//277 554//277
f 574//278 555//283 549//283
f 549//279 577//284 573//284
f 550//280 551//280 577//280
f 364//285 420//285 368//285
f 361//286 360//286 413//286
f 362//287 361//287 370//287
f 362//287 377//371 378//372
f 362//287 374//287 377//371
f 362//287 370//287 371//287
f 396//287 413//287 414//287
f 397//287 396//287 414//287
f 415//287 380//373 414//287
f 380//373 381//288 414//287
f 395//287 397//287 414//287
f 416//287 417//287 364//287
f 370//287 361//287 369//287
f 369//287 361//287 372//287
f 396//287 394//287 413//287
f 394//287 393//287 413//287
f 372//287 361//287 373//287
f 373//287 361//287 375//287
f 393//287 376//287 413//287
f 375//287 361//287 413//287
f 419//98 413//98 412//98
f 414//98 413//98 418//98
f 383//289 382//289 360//289
f 401//289 412//289 399//289
f 399//289 412//289 398//289
f 382//289 385//289 360//289
f 385//289 386//289 360//289
f 398//289 412//289 390//289
f 386//289 389//289 360//289
f 390//289 412//289 389//289
f 367//289 383//289 360//289
f 367//289 384//289 383//289
f 401//289 419//289 412//289
f 402//289 419//289 401//289
f 367//289 387//289 384//289
f 367//289 388//289 387//289
f 400//289 419//289 402//289
f 392//374 419//289 400//289
f 367//289 391//289 388//289
f 391//289 419//289 392//374
f 361//90 362//90 360//90
f 379//290 391//290 380//290
f 380//290 392//290 381//375
f 381//291 400//291 395//291
f 395//292 402//292 397//292
f 397//293 402//293 396//293
f 396//294 401//294 394//294
f 394//295 399//295 393//295
f 376//296 393//296 390//296
f 375//297 390//297 389//297
f 373//298 375//298 386//298
f 372//299 373//299 385//299
f 369//300 372//300 382//300
f 370//301 369//301 383//301
f 371//302 370//302 384//302
f 387//303 374//303 384//303
f 374//304 387//304 377//304
f 377//376 388//306 378//305
f 378//305 391//306 379//377
f 445//16 684//17 683//4
f 692//53 691//23 684//17
f 684//17 691//23 683//4
f 683//4 685//22 137//2
f 685//22 185//24 137//2
f 540//18 693//25 684//17
f 684//17 693//25 692//53
f 693//25 185//24 691//23
f 691//23 185//24 687//33
f 687//33 185//24 685//22
f 541//48 688//175 646//174
f 688//175 541//48 689//47
f 539//51 690//50 692//53
f 692//53 690//50 691//23
f 690//50 444//51 686//34
f 539//52 693//25 541//52
f 93//60 695//62 696//378
f 179//63 697//65 541//74
f 296//66 699//68 318//66
f 705//324 262//71 701//313
f 701//313 696//378 695//62
f 696//378 701//313 704//317
f 704//317 701//313 262//71
f 700//67 703//72 699//68
f 703//72 262//71 705//324
f 262//71 700//67 702//326
f 693//25 690//50 541//379
f 3//90 186//90 701//90
f 701//90 185//90 187//90
f 365//90 706//90 366//90
f 713//90 705//90 711//90
f 185//90 264//90 711//90
f 265//90 713//90 264//90
f 645//173 689//47 680//172
f 635//255 694//57 631//58
f 536//40 708//223 532//223
f 701//313 85//59 3//59
f 686//34 87//314 690//50
f 690//50 87//314 541//74
f 698//64 709//318 710//380
f 709//318 698//64 177//63
f 704//317 177//63 696//378
f 696//378 177//63 93//60
f 274//73 707//138 319//138
f 356//66 705//324 365//69
f 318//66 703//72 356//66
f 712//325 296//66 274//73
f 296//66 702//326 700//67
f 191//71 697//65 189//71
f 189//71 698//64 710//380
f 262//71 712//325 267//75
f 709//318 189//71 710//380
f 189//71 704//317 262//71
f 366//90 266//90 265//90
f 187//90 705//90 701//90
f 705//90 187//90 711//90
s 0
f 715//381 812//381 723//381 721//381 724//381 815//381
f 812//381 815//381 724//381 723//381
f 715//382 810//382 812//382
f 714//383 814//383 813//383 748//383 727//383 728//383 726//383 725//383 718//383
f 748//384 813//384 811//384 714//384 718//384 717//384 731//384 767//384 768//384 790//384 789//384 766//384
f 812//385 813//385 814//385 815//385
f 815//386 814//386 714//386 715//386
f 813//387 812//387 810//387 811//387
f 811//388 810//388 715//388 714//388
f 809//389 791//389 769//389 787//389
f 769//390 791//390 790//390 768//390
f 721//382 723//382 722//382
f 716//391 731//391 717//391
f 728//392 750//392 751//392 752//392 753//392 730//392 726//392
f 802//392 809//392 730//392 753//392 758//392 759//392 760//392 761//392 762//392 765//392 764//392 763//392 757//392 756//392 755//392 754//392 750//392 728//392 727//392 791//392 799//392 798//392 793//392 792//392 795//392 794//392 796//392 797//392 803//392 804//392 805//392 806//392 807//392
f 791//392 809//392 802//392 801//392 800//392 799//392
f 769//391 767//391 731//391 716//391
f 718//393 725//393 716//393 717//393
f 721//393 722//393 724//393
f 779//394 780//394 787//394 769//394 777//394 778//394
f 719//394 787//394 780//394 785//394 784//394 783//394 782//394 781//394 775//394 774//394 772//394 773//394 770//394 771//394 776//394 777//394 769//394 716//394 732//394 736//394 737//394 738//394 739//394 745//394 746//394 747//394 744//394 743//394 742//394 741//394 740//394 735//394
f 719//394 735//394 734//394 733//394 732//394 716//394
f 766//395 791//395 727//395 748//395
f 722//396 723//396 724//396
f 766//395 789//395 791//395
f 767//391 769//391 768//391
f 808//397 809//397 787//397 788//397
f 719//398 720//398 787//398
f 719//399 730//399 729//399 720//399
f 716//400 725//400 726//400 730//400 719//400
f 729//401 730//401 749//401
f 730//401 809//401 749//401
f 789//395 790//395 791//395
f 720//402 729//402 749//402
f 720//398 786//398 787//398
f 720//402 749//402 786//402
f 786//398 788//398 787//398
f 749//402 808//402 786//402
f 749//401 809//401 808//401
f 786//402 808//402 788//402
f 763//403 764//403 746//403 745//403
f 757//404 763//404 745//404 739//404
f 756//405 757//405 739//405 738//405
f 755//406 756//406 738//406 737//406
f 754//407 755//407 737//407 736//407
f 750//408 754//408 736//408 732//408
f 733//409 751//409 750//409 732//409
f 734//410 752//410 751//410 733//410
f 753//411 752//411 734//411 735//411
f 758//412 753//412 735//412 740//412
f 759//413 758//413 740//413 741//413
f 760//414 759//414 741//414 742//414
f 761//415 760//415 742//415 743//415
f 762//416 761//416 743//416 744//416
f 765//417 762//417 744//417 747//417
f 764//418 765//418 747//418 746//418
f 800//403 801//403 779//403 778//403
f 799//404 800//404 778//404 777//404
f 798//405 799//405 777//405 776//405
f 793//406 798//406 776//406 771//406
f 792//407 793//407 771//407 770//407
f 795//408 792//408 770//408 773//408
f 772//409 794//409 795//409 773//409
f 774//410 796//410 794//410 772//410
f 797//411 796//411 774//411 775//411
f 803//412 797//412 775//412 781//412
f 804//413 803//413 781//413 782//413
f 805//414 804//414 782//414 783//414
f 806//415 805//415 783//415 784//415
f 807//416 806//416 784//416 785//416
f 802//417 807//417 785//417 780//417
f 801//418 802//418 780//418 779//418
f 855//419 859//419 858//419 857//419 850//419 849//419 848//419 847//419 845//419 844//419 843//419 842//419 837//419 839//419 838//419 840//419 841//419 846//419 831//419 832//419 833//419 834//419 835//419 836//419 860//419 861//419 862//419 870//419 871//419 863//419 869//419 867//419 868//419 866//419 872//419 818//419 817//419 891//419 856//419
f 866//419 864//419 865//419 856//419 891//419 872//419
f 877//420 889//420 888//420 887//420 886//420 885//420 876//420 875//420 874//420 873//420 830//420 827//420 826//420 820//420 825//420 821//420 822//420 823//420 824//420 828//420 829//420 851//420 852//420 853//420 854//420 878//420 879//420 880//420 881//420 882//420 883//420 884//420 890//420 816//420 819//420 892//420
f 884//420 877//420 892//420 890//420
f 892//421 819//421 818//421 872//421
f 890//422 892//422 872//422 891//422
f 891//423 817//423 816//423 890//423
f 817//424 818//424 819//424 816//424
f 882//425 881//425 868//425 867//425 889//425 883//425
f 864//426 866//426 868//426 881//426 880//426 865//426
f 855//427 856//427 865//427 880//427 879//427
f 858//428 859//428 855//428 879//428 878//428
f 854//429 857//429 858//429 878//429
f 849//430 850//430 857//430 854//430 853//430
f 848//431 849//431 853//431
f 845//432 847//432 848//432 853//432 852//432 851//432
f 829//433 828//433 844//433 845//433 851//433
f 824//434 843//434 844//434 828//434
f 824//435 823//435 822//435 842//435 843//435
f 821//436 840//436 839//436 837//436 842//436 822//436
f 838//437 839//437 840//437
f 841//438 840//438 821//438 825//438
f 820//439 826//439 831//439 846//439 841//439 825//439
f 827//440 832//440 831//440 826//440
f 830//441 833//441 832//441 827//441
f 873//442 834//442 833//442 830//442
f 874//443 835//443 834//443 873//443
f 835//444 874//444 875//444 876//444 836//444
f 836//445 876//445 885//445 886//445 860//445
f 860//446 886//446 861//446
f 870//447 862//447 861//447 886//447 887//447 871//447
f 869//448 863//448 871//448 887//448 888//448
f 889//449 867//449 869//449 888//449
f 889//450 877//450 884//450 883//450
f 898//451 901//451 910//451 909//451 908//451
f 894//451 900//451 911//451 909//451 907//451
f 897//452 894//452 907//452 905//452 906//452
f 905//453 907//453 909//453
f 894//454 897//454 899//454 900//454
f 900//455 899//455 912//455 911//455
f 910//455 901//455 899//455 913//455
f 902//452 896//452 893//452 903//452
f 895//421 898//421 908//421 904//421
f 893//421 895//421 904//421 903//421
f 906//456 905//456 909//456 910//456 913//456
f 902//453 903//453 904//453 908//453 909//453 911//453 912//453
f 912//423 899//423 896//423 902//423
f 899//423 897//423 906//423 913//423
f 898//454 895//454 893//454 896//454 899//454 901//454
f 918//451 919//451 920//451 923//451 926//451 924//451
f 923//457 925//457 926//457
f 915//458 916//458 917//458 914//458 921//458 922//458
f 921//453 924//453 926//453 925//453 922//453
f 915//423 922//423 925//423 923//423 920//423
f 917//454 916//454 915//454 920//454 919//454
f 914//421 918//421 924//421 921//421
f 914//454 917//454 919//454 918//454
f 934//459 927//459 929//459 931//459
f 930//460 927//460 934//460 933//460
f 931//452 929//452 928//452 932//452
f 932//421 928//421 930//421 933//421
f 934//456 931//456 932//456 933//456
f 928//461 929//461 927//461 930//461
f 936//462 935//462 996//462 979//462 978//462 977//462 971//462 970//462 969//462 968//462 951//462 950//462 949//462 948//462 939//462 943//462 941//462 942//462 940//462 938//462 944//462 947//462 945//462 946//462 952//462 953//462 954//462 972//462 973//462 998//462
f 973//462 974//462 975//462 976//462 980//462 981//462 979//462 996//462 998//462
f 986//463 985//463 967//463 966//463 965//463 961//463 960//463 959//463 958//463 957//463 956//463 962//463 963//463 964//463 982//463 983//463 984//463 989//463 990//463 991//463 994//463 993//463 997//463 955//463 937//463 999//463 987//463
f 992//463 995//463 988//463 987//463 999//463 997//463 993//463
f 996//464 935//464 955//464 997//464
f 935//465 936//465 937//465 955//465
f 999//466 937//466 936//466 998//466
f 998//467 996//467 997//467 999//467
f 963//468 949//468 950//468 964//468
f 939//469 948//469 949//469 963//469 962//469 943//469
f 941//470 943//470 962//470 956//470 942//470
f 957//471 940//471 942//471 956//471
f 958//472 938//472 940//472 957//472
f 959//473 944//473 938//473 958//473
f 960//474 947//474 944//474 959//474
f 961//475 945//475 947//475 960//475
f 946//476 945//476 961//476 965//476
f 953//477 952//477 946//477 965//477 966//477
f 967//478 954//478 953//478 966//478
f 985//479 972//479 954//479 967//479
f 975//480 974//480 973//480 972//480 985//480 986//480
f 975//481 986//481 987//481 988//481
f 995//482 976//482 975//482 988//482
f 992//483 980//483 976//483 995//483
f 993//484 981//484 980//484 992//484
f 978//485 979//485 981//485 993//485 994//485
f 991//486 977//486 978//486 994//486
f 990//487 971//487 977//487 991//487
f 984//488 969//488 970//488 971//488 990//488 989//488
f 968//489 969//489 984//489 983//489
f 951//490 968//490 983//490 982//490
f 950//491 951//491 982//491 964//491
f 1001//492 1003//492 1004//492 1005//492
f 1000//493 1006//493 1007//493 1002//493
f 1004//494 1003//494 1002//494 1007//494
f 1000//495 1002//495 1003//495 1001//495
f 1000//496 1001//496 1005//496 1006//496
f 1005//497 1004//497 1007//497 1006//497
f 1008//493 1018//493 1020//493 1009//493
f 1008//495 1009//495 1011//495 1010//495 1013//495
f 1008//498 1013//498 1010//499 1012//499 1014//498 1015//498 1019//498 1018//498
f 1014//500 1016//500 1015//500
f 1010//492 1011//492 1017//492 1016//492 1014//492 1012//492
f 1020//494 1017//494 1011//494 1009//494
f 1019//497 1015//497 1016//497 1017//497 1020//497 1018//497
f 1023//492 1022//492 1026//492 1025//492
f 1028//493 1024//493 1021//493 1027//493
f 1022//494 1024//494 1028//494 1026//494
f 1022//495 1023//495 1021//495 1024//495
f 1027//496 1021//496 1023//496 1025//496
f 1025//497 1026//497 1028//497 1027//497
f 1029//501 1030//501 1031//501 1032//501
f 1033//502 1036//502 1035//502 1034//502
f 1029//503 1033//503 1034//503 1030//503
f 1030//504 1034//504 1035//504 1031//504
f 1031//505 1035//505 1036//505 1032//505
f 1032//506 1036//506 1033//506 1029//506
f 1037//507 1038//507 1039//507 1040//507
f 1041//508 1044//508 1043//508 1042//508
f 1037//509 1041//509 1042//509 1038//509
f 1038//510 1042//510 1043//510 1039//510
f 1039//511 1043//511 1044//511 1040//511
f 1040//512 1044//512 1041//512 1037//512
f 1045//503 1047//503 1046//503
f 1045//509 1048//509 1047//509
f 1045//513 1049//513 1048//513
f 1050//514 1051//514 1052//514
f 1050//515 1052//515 1053//515
f 1050//516 1053//516 1054//516
f 1046//517 1051//517 1050//517 1045//517
f 1047//518 1052//518 1051//518 1046//518
f 1048//519 1053//519 1052//519 1047//519
f 1045//520 1050//520 1054//520 1049//520
f 1049//521 1054//521 1053//521 1048//521
f 1055//522 1060//522 1065//522
f 1063//523 1066//523 1064//523 1058//523
f 1064//524 1066//524 1065//524
f 1065//525 1066//525 1056//525 1055//525
f 1055//526 1059//526 1060//526
f 1059//527 1061//527 1060//527
f 1055//528 1057//528 1059//528
f 1055//529 1056//529 1057//529
f 1056//530 1062//530 1057//530
f 1056//531 1063//531 1062//531
f 1056//532 1066//532 1063//532
f 1061//533 1059//533 1057//533 1058//533
f 1058//534 1064//534 1061//534
f 1057//535 1062//535 1058//535
f 1058//536 1062//536 1063//536
f 1061//537 1064//537 1065//537 1060//537
f 1068//538 1071//538 1078//538
f 1071//539 1077//539 1078//539
f 1078//540 1076//540 1073//540 1068//540
f 1069//541 1070//541 1071//541
f 1068//542 1069//542 1071//542
f 1067//543 1076//543 1070//543 1069//543
f 1067//544 1069//544 1068//544
f 1067//545 1068//545 1073//545
f 1075//546 1076//546 1078//546
f 1072//547 1077//547 1071//547 1070//547
f 1070//548 1074//548 1072//548
f 1072//549 1074//549 1075//549
f 1070//550 1076//550 1074//550
f 1067//551 1073//551 1076//551
f 1075//552 1074//552 1076//552
f 1072//553 1075//553 1078//553 1077//553
f 1093//554 1094//554 1085//554
f 1138//555 1139//555 1137//555 1089//555 1095//555 1091//555 1092//555 1079//555 1110//555 1111//555 1112//555 1113//555 1109//555
f 1088//556 1083//556 1084//556
f 1088//557 1080//557 1083//557
f 1088//558 1116//558 1114//558 1115//558 1087//558
f 1088//559 1087//559 1082//559 1080//559
f 1096//560 1097//560 1084//560 1085//560 1094//560
f 1100//561 1098//561 1099//561 1085//561 1084//561 1083//561
f 1101//562 1100//562 1083//562 1080//562 1102//562
f 1099//563 1103//563 1085//563
f 1079//564 1080//564 1082//564
f 1092//565 1104//565 1102//565 1080//565 1079//565
f 1103//565 1093//565 1085//565
f 1117//566 1082//566 1087//566 1115//566
f 1110//567 1079//567 1082//567 1117//567
f 1120//568 1123//568 1121//568 1118//568 1116//568 1088//568 1084//568 1097//568 1107//568 1108//568 1106//568 1090//568
f 1124//569 1123//569 1122//569
f 1108//570 1105//570 1106//570
f 1122//571 1123//571 1120//571 1119//571
f 1106//572 1125//572 1120//572 1090//572
f 1137//573 1140//573 1126//573 1089//573
f 1126//574 1127//574 1128//574 1095//574 1089//574
f 1099//575 1098//575 1096//575 1094//575 1093//575 1103//575
f 1108//576 1129//576 1130//576 1125//576 1106//576 1105//576
f 1132//577 1131//577 1129//577 1108//577 1107//577 1097//577 1096//577 1098//577 1100//577 1101//577 1133//577
f 1128//578 1134//578 1135//578 1136//578 1133//578 1101//578 1102//578 1104//578 1092//578 1091//578 1095//578
f 1141//579 1138//579 1109//579
f 1117//580 1115//580 1114//580 1081//580 1111//580 1110//580
f 1120//581 1125//581 1119//581
f 1129//582 1131//582 1086//582 1123//582 1124//582 1122//582 1119//582 1125//582 1130//582
f 1113//583 1142//583 1141//583 1109//583
f 1128//584 1127//584 1134//584
f 1126//585 1140//585 1143//585 1142//585 1113//585 1112//585 1111//585 1081//585 1086//585 1131//585 1132//585 1133//585 1136//585 1135//585 1134//585 1127//585
f 1118//586 1121//586 1123//586 1086//586 1081//586 1114//586 1116//586
f 1138//587 1141//587 1142//587 1143//587 1139//587
f 1143//588 1140//588 1137//588 1139//588
f 1149//589 1152//589 1150//589
f 1145//590 1150//590 1152//590
f 1145//591 1152//591 1151//591
f 1148//592 1151//592 1152//592
f 1147//593 1149//593 1150//593
f 1149//594 1147//594 1148//594 1152//594
f 1144//595 1146//595 1145//595
f 1144//596 1145//596 1151//596
f 1144//597 1151//597 1148//597
f 1146//598 1148//598 1147//598
f 1144//599 1148//599 1146//599
f 1147//600 1150//600 1145//600 1146//600
f 1153//96 1154//96 1155//96 1156//96
f 1157//24 1160//24 1159//24 1158//24
f 1153//90 1157//90 1158//90 1154//90
f 1154//601 1158//601 1159//601 1155//601
f 1155//98 1159//98 1160//98 1156//98
f 1156//104 1160//104 1157//104 1153//104
f 1161//136 1162//136 1163//136 1164//136
f 1165//26 1168//26 1167//26 1166//26
f 1161//90 1165//90 1166//90 1162//90
f 1162//129 1166//129 1167//129 1163//129
f 1163//98 1167//98 1168//98 1164//98
f 1164//131 1168//131 1165//131 1161//131
f 1169//148 1170//148 1171//148 1172//148
f 1173//28 1176//28 1175//28 1174//28
f 1169//90 1173//90 1174//90 1170//90
f 1170//152 1174//152 1175//152 1171//152
f 1171//98 1175//98 1176//98 1172//98
f 1172//146 1176//146 1173//146 1169//146
f 1188//402 1190//402 1179//402 1178//402 1177//402 1180//402 1189//402
f 1206//382 1213//382 1214//382 1195//382 1196//382 1182//382 1183//382 1181//382 1205//382
f 1185//394 1182//394 1196//394 1198//394 1197//394 1177//394 1178//394 1184//394
f 1186//389 1184//389 1178//389 1179//389
f 1193//392 1200//392 1201//392 1199//392 1202//392 1210//392 1209//392 1207//392 1211//392 1208//392 1181//392 1183//392 1187//392 1186//392 1179//392 1190//392 1191//392 1189//392 1180//392 1192//392
f 1181//400 1208//400 1212//400 1205//400
f 1177//400 1197//400 1203//400 1204//400 1194//400 1192//400 1180//400
f 1183//602 1182//602 1185//602 1187//602
f 1186//603 1187//603 1185//603 1184//603
f 1190//604 1188//604 1191//604
f 1188//605 1189//605 1191//605
f 1194//606 1204//606 1200//606 1193//606
f 1193//607 1192//607 1194//607
f 1202//608 1199//608 1198//608 1196//608 1195//608
f 1200//609 1204//609 1203//609 1201//609
f 1195//610 1214//610 1215//610 1210//610 1202//610
f 1203//611 1197//611 1198//611 1199//611 1201//611
f 1211//612 1207//612 1206//612 1205//612 1212//612
f 1212//613 1208//613 1211//613
f 1209//614 1210//614 1215//614 1213//614 1206//614 1207//614
f 1214//615 1213//615 1215//615
f 1218//616 1217//616 1216//616 1219//616
f 1223//15 1227//15 1225//15 1226//15 1224//15 1220//15 1221//15
f 1233//617 1232//617 1216//617 1217//617 1220//617 1224//617 1228//617 1234//617
f 1217//166 1218//166 1221//166 1220//166
f 1219//618 1231//618 1229//618 1230//618 1223//618 1221//618 1218//618
f 1216//165 1232//165 1235//165 1237//165 1236//165 1231//165 1219//165
f 1230//619 1227//619 1223//619
f 1229//620 1225//620 1227//620 1230//620
f 1236//621 1239//621 1238//621 1234//621 1228//621 1226//621 1225//621 1229//621 1231//621
f 1226//622 1228//622 1224//622
f 1222//623 1239//623 1236//623 1237//623 1235//623
f 1233//624 1234//624 1238//624 1239//624 1222//624
f 1235//625 1232//625 1233//625 1222//625
f 1240//626 1243//626 1242//626 1241//626
f 1244//8 1248//8 1247//8 1245//8
f 1241//627 1249//627 1250//627 1248//627 1244//627 1240//627
f 1252//210 1249//210 1241//210 1242//210 1246//210 1251//210
f 1254//628 1253//628 1255//628 1246//628 1242//628 1243//628 1245//628 1247//628
f 1243//217 1240//217 1244//217 1245//217
f 1251//629 1246//629 1255//629
f 1248//630 1250//630 1254//630 1247//630
f 1255//631 1253//631 1252//631 1251//631
f 1249//632 1252//632 1253//632 1254//632 1250//632
f 1256//8 1257//8 1258//8
f 1259//628 1256//628 1258//628
f 1256//633 1259//633 1257//633
f 1259//634 1258//634 1257//634
f 1260//635 1261//635 1262//635 1263//635
f 1264//21 1267//21 1266//21 1265//21
f 1260//636 1264//636 1265//636 1261//636
f 1261//251 1265//251 1266//251 1262//251
f 1262//637 1266//637 1267//637 1263//637
f 1263//248 1267//248 1264//248 1260//248
f 1270//638 1272//638 1271//638 1268//638
f 1274//639 1273//639 1269//639
f 1272//640 1273//640 1274//640
f 1272//641 1274//641 1271//641
f 1273//642 1272//642 1270//642 1269//642
f 1270//643 1268//643 1269//643
f 1268//644 1271//644 1274//644 1269//644
f 1275//645 1280//645 1277//645
f 1277//646 1280//646 1281//646
f 1279//12 1281//12 1280//12
f 1278//12 1279//12 1280//12
f 1275//647 1278//647 1280//647
f 1275//648 1276//648 1278//648
f 1275//649 1277//649 1276//649
f 1276//650 1279//650 1278//650
f 1277//651 1281//651 1279//651 1276//651
f 1282//652 1286//652 1287//652
f 1282//653 1283//653 1286//653
f 1282//654 1284//654 1283//654
f 1282//655 1287//655 1284//655
f 1286//656 1288//656 1287//656
f 1283//657 1288//657 1286//657
f 1283//658 1285//658 1288//658
f 1283//659 1284//659 1285//659
f 1287//660 1288//660 1285//660 1284//660
f 1297//661 1304//661 1302//661 1303//661 1292//661 1289//661
f 1305//662 1307//662 1298//662 1296//662 1292//662 1303//662 1309//662 1299//662 1306//662
f 1308//662 1304//662 1297//662 1300//662
f 1301//663 1300//663 1297//663 1294//663 1296//663 1298//663
f 1297//664 1289//664 1294//664
f 1296//19 1295//19 1290//19 1292//19
f 1289//665 1292//665 1290//665
f 1294//666 1295//666 1296//666
f 1289//667 1290//667 1295//667 1294//667
f 1311//668 1310//668 1306//668 1299//668 1293//668 1301//668 1298//668 1307//668
f 1309//669 1312//669 1313//669 1293//669 1299//669
f 1308//670 1300//670 1301//670 1293//670 1313//670
f 1312//671 1309//671 1303//671 1302//671
f 1306//672 1310//672 1291//672 1305//672
f 1311//673 1307//673 1305//673 1291//673
f 1310//674 1311//674 1291//674
f 1308//675 1313//675 1312//675 1302//675 1304//675
f 1314//643 1317//643 1315//643
f 1316//676 1318//676 1319//676
f 1314//10 1320//10 1322//10 1321//10 1317//10
f 1316//677 1319//677 1320//677 1314//677 1315//677
f 1321//678 1323//678 1318//678 1316//678 1315//678 1317//678
f 1321//679 1322//679 1323//679
f 1318//680 1323//680 1322//680 1320//680 1319//680
f 1324//643 1328//643 1329//643
f 1327//676 1326//676 1325//676
f 1326//3 1329//3 1328//3 1325//3
f 1324//681 1329//681 1326//681 1327//681
f 1327//682 1325//682 1328//682 1324//682
f 1330//564 1332//564 1331//564
f 1333//640 1334//640 1335//640
f 1334//3 1333//3 1331//3 1332//3
f 1335//683 1330//683 1331//683 1333//683
f 1335//684 1334//684 1332//684 1330//684
f 1342//564 1336//564 1340//564 1341//564
f 1337//640 1338//640 1339//640
f 1338//5 1343//5 1344//5 1339//5
f 1346//685 1347//685 1345//685 1340//685 1336//685 1337//685 1339//685 1344//685
f 1336//686 1342//686 1349//686 1348//686 1343//686 1338//686 1337//686
f 1340//607 1345//607 1341//607
f 1347//687 1346//687 1348//687 1342//687 1341//687 1345//687
f 1342//688 1348//688 1349//688
f 1343//689 1348//689 1346//689 1344//689
f 1350//690 1355//690 1354//690
f 1351//650 1353//650 1352//650
f 1356//11 1357//11 1352//11 1353//11
f 1357//691 1358//691 1355//691 1350//691 1351//691 1352//691
f 1354//692 1359//692 1356//692 1353//692 1351//692 1350//692
f 1356//693 1359//693 1358//693 1357//693
f 1355//694 1358//694 1359//694 1354//694
f 1360//690 1367//690 1365//690 1366//690 1364//690
f 1361//650 1362//650 1363//650
f 1368//12 1369//12 1370//12 1361//12 1363//12 1364//12 1366//12
f 1364//695 1363//695 1362//695 1360//695
f 1371//696 1367//696 1360//696 1362//696 1361//696 1370//696
f 1370//697 1369//697 1371//697
f 1365//698 1368//698 1366//698
f 1371//699 1369//699 1368//699 1365//699 1367//699
f 1379//529 1378//529 1377//529 1373//529 1372//529
f 1374//646 1376//646 1375//646
f 1380//12 1382//12 1381//12 1375//12 1376//12 1373//12 1377//12
f 1383//700 1379//700 1372//700 1374//700 1375//700 1381//700
f 1376//701 1374//701 1372//701 1373//701
f 1383//702 1381//702 1382//702
f 1377//698 1378//698 1380//698
f 1383//703 1382//703 1380//703 1378//703 1379//703
f 1384//529 1385//529 1386//529
f 1387//646 1389//646 1388//646
f 1387//7 1386//7 1385//7 1389//7
f 1388//704 1384//704 1386//704 1387//704
f 1389//705 1385//705 1384//705 1388//705
f 1392//560 1393//560 1394//560
f 1390//659 1395//659 1391//659
f 1394//706 1393//706 1391//706 1395//706
f 1393//707 1392//707 1390//707 1391//707
f 1392//708 1394//708 1395//708 1390//708
f 1396//560 1398//560 1397//560
f 1399//659 1401//659 1400//659
f 1396//16 1402//16 1403//16 1398//16
f 1398//709 1403//709 1404//709 1401//709 1399//709 1397//709
f 1400//710 1405//710 1402//710 1396//710 1397//710 1399//710
f 1402//711 1405//711 1404//711 1403//711
f 1405//712 1400//712 1401//712 1404//712
f 1406//713 1408//713 1407//713
f 1409//656 1412//656 1411//656 1410//656
f 1408//19 1413//19 1412//19 1409//19 1407//19
f 1410//714 1406//714 1407//714 1409//714
f 1410//715 1411//715 1413//715 1408//715 1406//715
f 1411//716 1412//716 1413//716
f 1414//665 1415//665 1416//665
f 1417//717 1422//717 1423//717 1418//717
f 1416//16 1424//16 1422//16 1417//16 1414//16
f 1425//718 1424//718 1416//718 1415//718 1419//718 1420//718
f 1418//719 1421//719 1419//719 1415//719 1414//719 1417//719
f 1419//720 1421//720 1420//720
f 1418//721 1423//721 1425//721 1420//721 1421//721
f 1424//722 1425//722 1423//722 1422//722
f 1429//558 1431//558 1430//558
f 1426//536 1427//536 1428//536
f 1427//7 1430//7 1431//7 1428//7
f 1426//723 1429//723 1430//723 1427//723
f 1428//724 1431//724 1429//724 1426//724
f 1433//558 1435//558 1434//558
f 1432//536 1437//536 1436//536
f 1435//9 1438//9 1439//9 1434//9
f 1432//725 1436//725 1440//725 1438//725 1435//725 1433//725
f 1434//726 1439//726 1441//726 1437//726 1432//726 1433//726
f 1439//727 1438//727 1440//727 1441//727
f 1437//728 1441//728 1440//728 1436//728
f 1445//729 1446//729 1447//729
f 1442//527 1444//527 1443//527
f 1447//12 1446//12 1442//12 1443//12
f 1446//730 1445//730 1444//730 1442//730
f 1445//731 1447//731 1443//731 1444//731
f 1451//598 1453//598 1452//598
f 1448//541 1450//541 1449//541
f 1453//28 1450//28 1448//28 1452//28
f 1452//732 1448//732 1449//732 1451//732
f 1451//733 1449//733 1450//733 1453//733
f 1457//589 1458//589 1459//589
f 1454//734 1456//734 1455//734
f 1457//21 1459//21 1455//21 1456//21
f 1459//735 1458//735 1454//735 1455//735
f 1458//736 1457//736 1456//736 1454//736
f 1463//737 1464//737 1465//737
f 1460//738 1461//738 1462//738
f 1465//26 1464//26 1460//26 1462//26
f 1464//739 1463//739 1461//739 1460//739
f 1463//740 1465//740 1462//740 1461//740
f 1469//598 1471//598 1470//598
f 1466//541 1467//541 1468//541
f 1469//20 1470//20 1467//20 1466//20
f 1470//741 1471//741 1468//741 1467//741
f 1471//742 1469//742 1466//742 1468//742
f 1475//737 1477//737 1476//737
f 1472//738 1474//738 1473//738
f 1475//743 1472//743 1473//743 1477//743
f 1477//744 1473//744 1474//744 1476//744
f 1476//745 1474//745 1472//745 1475//745
f 1481//746 1482//746 1483//746
f 1478//747 1480//747 1479//747
f 1482//20 1479//20 1480//20 1483//20
f 1483//748 1480//748 1478//748 1481//748
f 1481//749 1478//749 1479//749 1482//749
f 1484//750 1485//750 1486//750
f 1487//524 1488//524 1489//524
f 1487//13 1489//13 1486//13 1485//13
f 1488//751 1487//751 1485//751 1484//751
f 1489//752 1488//752 1484//752 1486//752
f 1490//750 1492//750 1491//750
f 1493//524 1495//524 1494//524
f 1495//8 1491//8 1492//8 1494//8
f 1493//753 1490//753 1491//753 1495//753
f 1494//754 1492//754 1490//754 1493//754
f 1498//666 1500//666 1499//666
f 1497//545 1501//545 1502//545 1496//545
f 1502//19 1503//19 1500//19 1498//19 1496//19
f 1498//755 1499//755 1497//755 1496//755
f 1500//756 1503//756 1501//756 1497//756 1499//756
f 1501//757 1503//757 1502//757
f 1507//666 1508//666 1509//666
f 1504//545 1506//545 1505//545
f 1506//14 1509//14 1508//14 1505//14
f 1507//758 1509//758 1506//758 1504//758
f 1505//759 1508//759 1507//759 1504//759
f 1510//760 1512//760 1511//760
f 1513//761 1514//761 1515//761
f 1513//20 1511//20 1512//20 1514//20
f 1515//762 1510//762 1511//762 1513//762
f 1515//763 1514//763 1512//763 1510//763
f 1520//546 1521//546 1519//546
f 1516//764 1518//764 1517//764
f 1517//15 1518//15 1522//15 1523//15
f 1524//765 1520//765 1519//765 1516//765 1517//765 1523//765
f 1519//766 1521//766 1525//766 1522//766 1518//766 1516//766
f 1522//620 1525//620 1524//620 1523//620
f 1524//621 1525//621 1521//621 1520//621
f 1534//546 1535//546 1530//546 1529//546
f 1526//764 1527//764 1528//764
f 1536//14 1534//14 1529//14 1528//14 1527//14
f 1537//767 1536//767 1527//767 1526//767 1531//767 1532//767
f 1530//768 1533//768 1531//768 1526//768 1528//768 1529//768
f 1531//769 1533//769 1532//769
f 1530//770 1535//770 1537//770 1532//770 1533//770
f 1535//771 1534//771 1536//771 1537//771
f 1539//772 1540//772 1538//772
f 1538//773 1540//773 1541//773
f 1538//774 1541//774 1539//774
f 1540//775 1539//775 1541//775
f 1542//760 1544//760 1543//760
f 1545//761 1546//761 1547//761
f 1547//15 1546//15 1543//15 1544//15
f 1545//776 1547//776 1544//776 1542//776
f 1546//777 1545//777 1542//777 1543//777
f 1549//760 1552//760 1550//760
f 1550//778 1552//778 1551//778
f 1551//779 1552//779 1553//779
f 1549//780 1553//780 1552//780
f 1548//781 1553//781 1549//781
f 1548//782 1551//782 1553//782
f 1550//783 1551//783 1548//783 1549//783
