# Blender 5.2.0 LTS
# www.blender.org
mtllib left_upper_head_v15.mtl
o APPROVED__LEFT_UPPER_HEAD_C001_C003_AB__V15_CONTEXT
v -0.198298 155.736969 253.603271
v -0.199301 155.607559 254.253845
v -4.698151 155.773346 253.603577
v -4.699154 155.643936 254.254135
v -0.077730 170.634079 255.425354
v -0.078820 170.504669 254.774780
v -4.577583 170.670456 255.425644
v -4.574567 171.038956 255.977158
v -0.074714 171.002579 255.976868
v -0.070230 171.554077 256.345367
v -4.570083 171.590454 256.345703
v -0.199388 155.607559 252.952713
v -4.699241 155.643936 252.953003
v -0.202404 155.239059 252.401199
v -4.702257 155.275436 252.401489
v -4.706741 154.723938 252.032974
v -0.206887 154.687561 252.032684
v -4.712009 154.073395 251.903564
v -4.717260 153.422852 252.032974
v -0.217407 153.386475 252.032684
v -0.212156 154.037018 251.903275
v -4.721694 152.871353 252.401489
v -0.221841 152.834976 252.401199
v -4.724637 152.502853 252.953003
v -0.224784 152.466476 252.952713
v -0.225787 152.337067 253.603271
v -4.768000 147.167786 249.550797
v -0.065189 172.204620 253.074783
v -4.725640 152.373444 253.603577
v -0.064962 172.204620 256.474762
v -4.564815 172.240997 256.475098
v -4.559564 172.891541 256.345703
v -0.059711 172.855164 256.345367
v -17.390572 90.897789 214.321884
v -16.831779 88.496651 215.663208
v -7.163838 91.016495 216.089783
v -7.717241 93.394478 214.761398
v -17.359190 90.807091 214.146423
v -7.685857 93.303780 214.585938
v -17.120268 89.780434 214.719940
v -17.359095 90.807106 214.146439
v -16.317347 86.815926 213.888489
v -26.242508 85.136444 214.349274
v -4.081672 128.807068 252.858704
v -40.228970 78.469986 210.740051
v -26.756939 86.817162 216.123993
v -34.353539 83.022385 213.991379
v -27.462944 90.380692 211.419724
v -28.258362 86.425835 216.057739
v -0.265126 88.728836 212.347580
v -0.276620 132.235245 239.045441
v -0.277408 132.105835 239.696014
v -4.776611 132.228836 239.038727
v -4.777399 132.099426 239.689285
v -0.226981 115.367302 221.871872
v -0.228137 115.496704 222.522430
v -4.726972 115.360909 221.865143
v -0.225633 114.998787 221.320358
v -4.725624 114.992393 221.313629
v -4.724289 114.440880 220.945114
v -0.224299 114.447273 220.951843
v -4.728128 115.490311 222.515717
v -4.723171 113.790314 220.815704
v -0.222449 113.146149 220.951843
v -0.223181 113.796715 220.822433
v -4.722440 113.139755 220.945114
v -4.706431 109.743492 213.462524
v -0.207218 101.319771 222.009308
v -4.707209 101.313377 222.002594
v -0.206441 109.749886 213.469238
v -4.723295 112.090317 222.515717
v -0.275464 132.105835 238.394882
v -4.775455 132.099442 238.388153
v -0.274116 131.737335 237.843369
v -4.774107 131.730927 237.836639
v -4.772772 131.179398 237.468124
v -0.272782 131.185806 237.474854
v -4.771654 130.528839 237.338715
v -0.271663 130.535248 237.345444
v -4.770923 129.878281 237.468124
v -0.270932 129.884689 237.474854
v -4.770689 129.326767 237.836639
v -0.270699 129.333176 237.843369
v -0.270999 128.964661 238.394882
v -4.770989 128.958252 238.388153
v -0.271787 128.835251 239.045441
v -4.793008 139.633728 242.967896
v -4.728916 115.360909 223.166275
v -4.729216 114.992393 223.717789
v -0.272943 128.964645 239.696014
v -4.771778 128.828842 239.038727
v -4.772933 128.958252 239.689285
v -0.275626 129.884689 240.616043
v -0.274291 129.333160 240.247528
v -4.775616 129.878281 240.609314
v -4.774282 129.326752 240.240799
v -4.722207 112.588234 221.313629
v -0.222216 112.594627 221.320358
v -4.722507 112.219719 221.865143
v -0.222516 112.226112 221.871872
v -0.223304 112.096710 222.522430
v -0.224460 112.226112 223.173004
v -4.724451 112.219719 223.166275
v -4.727133 113.139748 224.086304
v -0.228261 113.796707 224.222443
v -0.227143 113.146141 224.093033
v -4.725799 112.588234 223.717789
v -0.225808 112.594627 223.724518
v -4.728251 113.790306 224.215714
v -0.228992 114.447266 224.093033
v -4.793785 131.203613 251.507965
v -4.776734 130.528839 240.738724
v -4.728983 114.440872 224.086304
v -0.229226 114.998787 223.724518
v -0.228926 115.367302 223.173004
v -4.018878 100.034279 224.348099
v -4.777466 131.179398 240.609314
v -0.276744 130.535248 240.745453
v -3.958043 110.735405 213.598633
v -0.765534 100.285744 223.900879
v -0.293795 131.210022 251.514679
v -0.293017 139.640137 242.974609
v -0.277475 131.185806 240.616043
v -4.777699 131.730911 240.240799
v -0.277709 131.737320 240.247528
v -0.958050 110.739662 213.603119
v -1.031021 135.932877 238.471924
v -1.041328 139.491226 241.984467
v -1.721200 129.135788 252.679077
v -0.775292 102.934196 226.526047
v -0.846497 122.263351 245.685272
v -0.872250 129.254013 252.614471
v -4.041321 139.486954 241.979980
v -4.031014 135.928604 238.467438
v -0.037983 140.546341 263.620087
v -6.649404 89.335770 214.315063
v -35.211071 84.613686 215.750961
v -7.101699 91.279289 213.229385
v -33.906414 84.953728 215.808533
v -36.424881 84.297318 215.697418
v 0.000000 87.478500 213.615005
v -16.775030 88.782600 212.789871
v -7.265790 91.753555 214.146744
v -35.910446 82.616600 213.922684
v -34.353527 83.022392 213.991394
v -27.839561 91.469223 213.525253
v -27.034887 84.929916 214.314316
v -33.589890 85.036232 215.822495
v -34.467194 84.807564 215.783783
v -37.512894 88.972534 213.085739
v -0.151500 139.783493 265.246490
v -7.446936 92.277122 215.159454
v -7.265086 91.754990 214.123108
v -6.913392 90.735023 212.176636
v -17.335636 90.705879 214.202957
v -17.317461 90.686478 213.913162
v -34.980682 82.858932 213.963715
v -37.136276 87.884003 210.980209
v -30.568100 87.479401 212.364243
v -33.518215 85.094391 215.805252
v -30.736841 87.967117 214.817581
v -33.539787 83.824318 216.458008
v -33.674549 83.789536 216.451889
v -2.183635 135.791428 261.165253
v -33.468887 87.998825 214.312500
v -36.109642 83.472527 213.444550
v -61.564034 143.780624 250.030807
v -40.507500 77.023499 211.774506
v 0.213000 184.841995 268.152008
v -7.361955 92.367607 212.775131
v -7.216189 91.771255 212.954559
v -16.586725 88.238335 211.737122
v -37.264168 81.235634 214.683319
v -32.143719 87.897545 211.866241
v -32.849083 88.828056 213.994659
v -30.419079 87.194580 212.538147
v -30.797127 87.713608 212.202194
v -31.388412 86.822685 215.292694
v -30.795698 88.283127 214.643677
v -30.762348 87.731903 214.934616
v -35.803272 83.240105 216.355164
v -33.465336 88.009300 214.307724
v -35.876522 83.221199 216.351837
v -101.666191 90.386749 176.771896
v -4.388080 146.705292 263.020050
v -62.055000 143.024994 251.589005
v 0.582384 184.465561 266.431000
v -43.960499 63.055500 165.889496
v -17.013954 89.809258 212.216354
v -16.825647 89.264992 211.163605
v -17.025827 89.843575 212.282730
v -36.140202 83.844505 210.772995
v -35.742569 81.895218 214.325668
v -34.920639 82.934875 213.935196
v -32.472462 87.739510 211.889130
v -31.787603 87.976463 211.889130
v -34.871693 85.817238 212.453781
v -33.128059 88.601700 214.061783
v -32.520336 88.986084 213.971756
v -30.360222 86.878571 212.712051
v -31.173746 88.802155 214.307724
v -31.090557 87.881256 212.063034
v -31.717155 86.664658 215.315598
v -31.109436 87.049042 215.225571
v -1.059673 138.400314 257.254974
v -30.944719 88.567940 214.469772
v -30.772158 87.641441 214.979630
v -0.411588 135.343933 260.353119
v -33.338253 88.322441 214.168564
v -33.469337 87.972404 214.326080
v -43.354012 64.663536 165.354355
v -102.427498 89.029503 177.676498
v -0.857168 146.844177 263.819672
v -4.271178 162.119827 263.984039
v -29.578278 257.240601 210.215515
v -0.623356 174.224060 265.537781
v -55.797001 167.733002 259.325989
v -7.152313 91.761681 211.603119
v -7.340622 92.305946 212.655869
v -34.922928 82.800110 214.004456
v -35.492119 80.788132 213.871155
v -32.751438 87.513153 211.956253
v -31.428389 87.970909 211.956253
v -32.164223 89.065010 213.994659
v -32.393700 85.592400 213.013275
v -30.370031 86.788101 212.757080
v -31.467176 88.969803 214.168564
v -32.073273 86.585732 215.292694
v -31.011793 85.734146 213.187164
v -30.899244 87.328300 215.118790
v -30.732817 85.960503 213.120041
v -33.476448 87.553665 214.541290
v -33.088715 86.920753 212.202194
v -32.961632 87.233894 212.063034
v -0.796025 154.004196 264.268982
v -0.273588 146.359253 261.525635
v -4.148065 178.353714 264.999237
v -4.368838 149.242020 263.178711
v -30.000000 258.678009 211.213501
v -9.033241 205.106064 250.246964
v -0.590658 178.053619 265.778076
v -55.464390 167.551910 257.566284
v -75.000000 247.220993 208.699493
v -34.934757 82.103714 214.362366
v -32.055866 85.502747 213.120041
v -31.805008 89.059456 214.061783
v -32.687130 85.760048 212.874115
v -30.395538 86.552902 212.874115
v -32.432487 86.591286 215.225571
v -31.696653 85.497192 213.187180
v -31.340536 85.576111 213.210068
v -33.441799 87.367615 214.643677
v -30.522625 86.239761 213.013275
v -33.495007 87.667305 214.438187
v -4.773441 146.395630 261.525940
v -4.511001 178.837738 263.617920
v -60.000000 269.344513 132.266998
v -16.973078 224.510513 235.280991
v -12.413737 203.721237 250.421936
v -0.011148 178.801361 263.617615
v -2.367369 178.203506 265.389099
v -32.916157 85.994255 212.712051
v -33.063747 86.848587 214.979630
v -32.770317 86.680939 215.118790
v -33.292778 87.082802 214.817581
v -33.124035 86.595085 212.364243
v -56.813747 159.717361 255.127518
v -0.268146 147.131409 249.550491
v -60.466705 144.656570 250.367599
v -33.769424 257.816467 210.588623
v -59.332222 267.708435 131.924484
v -60.769882 268.209015 136.189941
v -10.016816 207.509857 248.393005
v -21.664335 235.975632 226.438339
v -73.968262 246.117615 207.720688
v -8.259546 203.846573 249.082169
v -33.065178 86.279076 212.538147
v -60.645329 144.700043 250.368515
v -1.011392 147.974380 249.003265
v -60.405575 144.908600 250.447250
v -0.005706 179.573517 251.642471
v -4.505559 179.609894 251.642776
v -4.711782 154.073395 255.303574
v -32.640976 258.207733 210.212677
v -34.164532 257.956940 209.548874
v -59.506020 267.238922 133.735687
v -88.768013 250.560043 135.667358
v -60.908092 268.446564 134.431641
v -25.109804 234.745163 226.493851
v -21.206242 235.486343 224.683212
v -33.769424 255.712433 210.304352
v -12.519756 202.483780 249.575516
v -123.261002 162.568497 187.257004
v -55.554043 164.690964 256.684937
v -59.900127 146.992508 251.105865
v -4.011294 147.998642 249.003448
v -60.405270 147.078949 241.893570
v -59.493832 144.510269 250.047852
v -3.761770 178.844131 250.992462
v -4.552187 173.811539 255.425644
v -4.551184 173.940948 254.775085
v -4.717050 153.422852 255.174164
v -0.224697 152.466476 254.253845
v -4.724550 152.502853 254.254135
v -4.721534 152.871353 254.805649
v -0.221681 152.834976 254.805359
v -0.217197 153.386475 255.173874
v -0.211928 154.037018 255.303284
v -4.706531 154.723938 255.174164
v -33.769424 258.150848 210.633804
v -61.202858 267.570404 138.396164
v -32.170147 257.617004 205.684555
v -59.694080 267.174622 133.798462
v -78.336945 256.338684 136.028534
v -84.046089 253.015472 136.738846
v -90.000000 251.828995 136.001999
v -62.500710 268.366272 135.025986
v -33.915806 256.153717 209.971741
v -11.399633 195.478592 239.897049
v -7.139423 196.841385 239.403702
v -126.939003 200.651993 109.988998
v -121.515984 162.440567 186.834442
v -58.346821 169.853516 250.031387
v -55.084164 166.546158 257.265869
v -54.425488 164.521255 256.314026
v -0.206677 154.687561 255.173874
v -0.055276 173.406662 255.976868
v -0.802230 173.830399 250.670563
v -3.970932 152.988113 249.325165
v -63.979023 147.616302 243.068100
v -59.023952 146.365463 250.628784
v -0.761867 178.819870 250.992279
v -3.802132 173.854660 250.670746
v -4.555130 173.443039 255.977158
v -0.052334 173.775162 255.425354
v -0.051331 173.904572 254.774780
v -4.552274 173.811539 254.124512
v -0.052421 173.775162 254.124222
v -30.774733 257.125824 209.357330
v -37.725990 256.891235 190.699127
v -59.506020 260.589294 132.837265
v -61.548538 266.038544 134.349670
v -63.689178 264.864929 134.206146
v -82.321594 254.019272 136.524292
v -83.720779 252.546448 140.424377
v -125.208862 200.213257 109.756355
v -62.500710 267.467499 134.904556
v -17.814615 224.807053 224.470886
v -32.802677 256.432648 210.034302
v -25.466450 234.123550 225.176559
v -36.200249 256.957825 203.959015
v -9.831964 204.798920 238.134308
v -14.092173 203.436127 238.627655
v -8.040055 196.866653 238.537262
v -125.142715 159.823120 120.807106
v -97.359879 207.226807 193.567963
v -96.859688 205.958359 197.449905
v -84.796532 229.291672 199.162994
v -84.296349 228.023224 203.044922
v -4.702096 155.275436 254.805649
v -0.202243 155.239059 254.805359
v -0.055437 173.406662 253.572708
v -4.555290 173.443039 253.572998
v -4.559774 172.891541 253.204483
v -0.059921 172.855164 253.204193
v -4.565042 172.240997 253.075073
v -4.570293 171.590454 253.204483
v -0.070440 171.554077 253.204193
v -4.574728 171.038956 253.572998
v -0.074875 171.002579 253.572708
v -4.577670 170.670456 254.124512
v -0.077817 170.634079 254.124222
v -62.370350 149.845245 234.648849
v -54.773067 169.316162 248.856857
v -37.047413 255.223282 192.292084
v -37.946396 256.750549 190.089523
v -37.492558 256.773407 191.308716
v -62.500710 265.455231 134.632675
v -44.846394 259.203827 171.931839
v -62.009136 263.125702 134.131134
v -62.495415 262.288269 134.218979
v -83.172188 250.062164 136.800842
v -96.511169 239.215515 131.760010
v -10.564469 207.088776 238.134308
v -17.984488 225.139618 223.922684
v -20.086117 228.481155 215.004745
v -24.346325 227.118362 215.498093
v -60.759796 265.602509 139.317505
v -40.054482 254.420273 193.288406
v -14.824677 205.725983 238.627655
v -9.777278 204.429520 237.586105
v -9.961526 205.336533 238.500595
v -14.221733 203.973740 238.993942
v -14.037483 203.066711 238.079453
v -10.880195 195.958115 238.866150
v -125.217941 159.572540 117.980072
v -124.757385 149.868683 121.679192
v -123.343498 107.765999 118.126503
v -100.801453 89.714760 177.320984
v -118.390427 207.507660 119.860146
v -123.380630 159.982452 121.847244
v -88.966377 203.659088 188.761536
v -87.681625 202.057144 192.194199
v -88.838615 215.934631 194.442429
v -88.879181 216.057480 194.514938
v -88.907860 216.184937 194.585144
v -88.786491 215.817322 194.368164
v -88.924454 216.315994 194.652527
v -88.723198 215.706421 194.292725
v -88.928833 216.449707 194.716553
v -88.649223 215.602798 194.216675
v -88.920959 216.585007 194.776749
v -88.565117 215.507233 194.140594
v -88.900887 216.720901 194.832657
v -88.471535 215.420441 194.065079
v -88.868782 216.856339 194.883850
v -88.369171 215.343109 193.990677
v -88.824883 216.990295 194.929932
v -88.258827 215.275787 193.917953
v -88.769516 217.121750 194.970551
v -88.141319 215.219025 193.847488
v -88.703117 217.249695 195.005417
v -88.017563 215.173248 193.779800
v -87.888489 215.138779 193.715408
v -87.755074 215.115906 193.654800
v -87.618347 215.104797 193.598450
v -87.479340 215.105530 193.546753
v -87.339111 215.118103 193.500153
v -87.198730 215.142426 193.458954
v -87.059265 215.178314 193.423508
v -86.921783 215.225479 193.394058
v -86.787315 215.283569 193.370850
v -86.656898 215.352158 193.354034
v -86.531525 215.430710 193.343765
v -86.412140 215.518616 193.340118
v -86.299652 215.615219 193.343094
v -86.194931 215.719803 193.352707
v -86.098763 215.831528 193.368851
v -86.496742 218.103714 194.578186
v -86.620499 218.149506 194.645874
v -86.749580 218.183960 194.710266
v -86.882988 218.206848 194.770874
v -87.019714 218.217957 194.827225
v -87.158722 218.217224 194.878906
v -87.298950 218.204636 194.925522
v -87.439331 218.180313 194.966721
v -87.578796 218.144440 195.002167
v -87.716278 218.097275 195.031616
v -87.850746 218.039169 195.054825
v -87.981163 217.970596 195.071640
v -88.106544 217.892044 195.081909
v -88.225929 217.804138 195.085556
v -88.338409 217.707520 195.082565
v -88.443130 217.602951 195.072968
v -88.539299 217.491211 195.056824
v -88.626183 217.373169 195.034241
v -86.379234 218.046951 194.507721
v -85.813179 216.332458 193.495743
v -85.769279 216.466415 193.541824
v -85.737175 216.601852 193.593002
v -85.717110 216.737732 193.648911
v -85.709229 216.873047 193.709106
v -85.713608 217.006744 193.773148
v -85.730202 217.137817 193.840530
v -85.758888 217.265259 193.910736
v -85.799446 217.388107 193.983246
v -85.851570 217.505432 194.057510
v -85.914864 217.616318 194.132950
v -85.988838 217.719955 194.209000
v -86.072945 217.815521 194.285065
v -86.166534 217.902298 194.360596
v -86.268890 217.979645 194.434998
v -85.934944 216.073059 193.420258
v -86.011879 215.949585 193.391434
v -85.868546 216.201004 193.455109
v -87.933762 214.151016 197.932480
v -87.984459 214.304565 198.023132
v -88.020317 214.463882 198.110886
v -87.868607 214.004364 197.839661
v -88.041061 214.627716 198.195114
v -87.789490 213.865753 197.745361
v -88.046532 214.794846 198.275146
v -87.697014 213.736221 197.650299
v -88.036682 214.963974 198.350403
v -87.591888 213.616745 197.555206
v -88.011597 215.133835 198.420288
v -87.474907 213.508270 197.460800
v -87.971466 215.303131 198.484268
v -87.346954 213.411591 197.367798
v -87.916588 215.470581 198.541870
v -87.209023 213.327454 197.276901
v -87.847389 215.634903 198.592651
v -87.062141 213.256500 197.188812
v -87.764389 215.794830 198.636230
v -86.907440 213.199265 197.104202
v -86.746094 213.156189 197.023712
v -86.579330 213.127594 196.947968
v -86.408424 213.113708 196.877518
v -86.234665 213.114624 196.812912
v -86.059380 213.130356 196.754639
v -85.883904 213.160751 196.703156
v -85.709572 213.205597 196.658829
v -85.537712 213.264557 196.622025
v -85.369637 213.337189 196.593018
v -85.206612 213.422913 196.572006
v -85.049889 213.521088 196.559174
v -84.900658 213.630981 196.554596
v -84.760056 213.751740 196.558334
v -84.629150 213.882462 196.570328
v -84.508942 214.022125 196.590530
v -85.006416 216.862366 198.102188
v -85.161118 216.919601 198.186798
v -85.322456 216.962677 198.267288
v -85.489220 216.991272 198.343048
v -85.660133 217.005157 198.413483
v -85.833893 217.004242 198.478088
v -86.009178 216.988510 198.536362
v -86.184654 216.958115 198.587845
v -86.358978 216.913269 198.632172
v -86.530838 216.854309 198.668976
v -86.698921 216.781677 198.697983
v -86.861938 216.695953 198.718994
v -87.018661 216.597778 198.731842
v -87.167892 216.487885 198.736404
v -87.308502 216.367111 198.732666
v -87.439407 216.236404 198.720673
v -87.559616 216.096741 198.700470
v -87.668221 215.949173 198.672256
v -84.151962 214.648285 196.749130
v -84.097092 214.815720 196.806732
v -84.056953 214.985031 196.870712
v -84.031876 215.154892 196.940598
v -84.022026 215.324020 197.015854
v -84.027496 215.491150 197.095886
v -84.048241 215.654984 197.180115
v -84.084099 215.814301 197.267868
v -84.134796 215.967850 197.358521
v -84.199951 216.114502 197.451340
v -84.279068 216.253113 197.545639
v -84.371544 216.382645 197.640701
v -84.476669 216.502106 197.735794
v -84.593651 216.610596 197.830200
v -84.721596 216.707275 197.923203
v -84.859535 216.791412 198.014099
v -84.304169 214.324036 196.654770
v -84.400337 214.169693 196.618744
v -84.221169 214.483963 196.698349
v -63.732174 153.729370 241.022400
v -53.955608 166.376450 256.894958
v -4.578673 170.541046 254.775085
v -65.944107 150.382599 235.823380
v -61.087910 152.774063 237.210938
v -60.158424 153.192017 239.847855
v -30.774733 250.373886 208.445084
v -37.125313 255.870743 192.170822
v -38.120213 256.372803 189.572739
v -40.941082 256.599579 191.207123
v -37.281624 256.415100 191.825516
v -40.487244 256.622437 192.426315
v -45.020206 258.826080 171.415054
v -44.625988 259.344482 172.541443
v -63.191074 264.800964 136.146988
v -62.500710 262.367950 134.215561
v -62.500710 263.690063 134.394196
v -62.497765 262.323608 134.217468
v -62.485565 262.140045 134.225357
v -83.278984 251.174591 141.159851
v -62.758133 264.745361 137.833969
v -96.078201 238.396194 135.572098
v -115.356972 213.123642 118.494431
v -96.145485 239.721802 132.017410
v -10.357953 206.575790 238.500595
v -17.608101 224.294052 224.837173
v -22.244694 223.776825 224.416031
v -18.091843 225.241135 223.276047
v -33.769424 250.222885 209.562668
v -20.493540 227.301102 215.067810
v -22.196302 222.826340 222.208267
v -62.300224 265.472168 135.172180
v -40.042103 255.072281 193.409668
v -22.074821 223.444244 224.964233
v -14.618161 205.212997 238.993942
v -9.805779 204.284531 236.939468
v -10.146226 205.960480 238.629227
v -14.265192 204.120544 239.024200
v -14.065987 202.921738 237.432816
v -12.421468 199.724747 235.961517
v -10.083006 204.718628 235.744629
v -124.832611 149.618103 118.852158
v -126.735474 159.679108 119.866920
v -126.350143 149.724670 120.739006
v -104.064003 71.788498 118.582497
v -107.945808 110.789597 175.537277
v -121.614029 108.226738 117.935005
v -106.885239 110.575722 179.485275
v -115.011032 135.599228 178.787918
v -113.950462 135.385345 182.735916
v -118.028389 209.425095 116.614021
v -97.398254 236.568741 134.642532
v -123.133301 153.648254 122.403442
v -123.239044 156.356384 122.165649
v -123.456528 159.731796 119.019814
v -76.390160 225.718475 194.349182
v -75.105400 224.116531 197.781845
v -86.239792 217.783325 195.264709
v -86.122284 217.726562 195.194244
v -86.011940 217.659256 195.121536
v -85.909576 217.581909 195.047134
v -85.815994 217.495132 194.971603
v -85.731888 217.399567 194.895523
v -85.657913 217.295929 194.819473
v -85.594620 217.185043 194.744034
v -85.542496 217.067719 194.669785
v -85.501938 216.944870 194.597275
v -85.473251 216.817429 194.527054
v -85.456657 216.686356 194.459686
v -85.452278 216.552658 194.395645
v -85.460159 216.417343 194.335449
v -85.480225 216.281464 194.279541
v -85.512329 216.146027 194.228348
v -85.556229 216.012070 194.182266
v -85.611595 215.880615 194.141647
v -85.677994 215.752670 194.106781
v -85.754929 215.629196 194.077957
v -85.841812 215.511139 194.055389
v -85.937981 215.399414 194.039230
v -86.042702 215.294830 194.029633
v -86.155190 215.198227 194.026642
v -86.274574 215.110321 194.030304
v -86.399948 215.031769 194.040573
v -86.530365 214.963181 194.057373
v -86.664833 214.905090 194.080597
v -86.802315 214.857925 194.110031
v -86.941780 214.822037 194.145493
v -87.082161 214.797714 194.186676
v -87.222389 214.785141 194.233292
v -87.361397 214.784409 194.284973
v -87.498123 214.795517 194.341339
v -87.631538 214.818390 194.401947
v -87.760612 214.852859 194.466339
v -87.884369 214.898636 194.534027
v -88.001877 214.955399 194.604492
v -88.112221 215.022720 194.677200
v -88.214584 215.100052 194.751602
v -88.308167 215.186844 194.827133
v -88.392273 215.282410 194.903214
v -88.466248 215.386032 194.979263
v -88.529541 215.496933 195.054703
v -88.581665 215.614243 195.128952
v -88.622223 215.737091 195.201462
v -88.650909 215.864548 195.271683
v -88.667503 215.995605 195.339066
v -88.671883 216.129318 195.403091
v -88.664009 216.264618 195.463287
v -88.643936 216.400513 195.519196
v -88.611832 216.535950 195.570389
v -88.567932 216.669907 195.616470
v -88.512566 216.801361 195.657089
v -88.446167 216.929306 195.691956
v -88.369232 217.052780 195.720779
v -88.282349 217.170822 195.743347
v -88.186180 217.282562 195.759506
v -88.081459 217.387131 195.769104
v -87.968971 217.483749 195.772095
v -87.849586 217.571655 195.768433
v -87.724213 217.650208 195.758163
v -87.593796 217.718781 195.741364
v -87.459328 217.776886 195.718140
v -87.321846 217.824051 195.688705
v -87.182381 217.859924 195.653244
v -87.042000 217.884247 195.612061
v -86.901772 217.896835 195.565445
v -86.762764 217.897568 195.513763
v -86.626038 217.886459 195.457397
v -86.492622 217.863571 195.396790
v -86.363548 217.829117 195.332397
v -85.887337 218.072968 195.267960
v -86.034218 218.143921 195.356049
v -85.749405 217.988831 195.177078
v -85.621452 217.892151 195.084076
v -85.504471 217.783661 194.989670
v -85.399345 217.664200 194.894562
v -85.306870 217.534668 194.799500
v -85.227753 217.396057 194.705200
v -85.162598 217.249405 194.612381
v -85.111900 217.095840 194.521744
v -85.076042 216.936539 194.433975
v -85.055298 216.772705 194.349762
v -85.049828 216.605576 194.269714
v -85.059677 216.436447 194.194473
v -85.084763 216.266571 194.124588
v -85.124893 216.097275 194.060593
v -85.179771 215.929840 194.002991
v -85.248970 215.765518 193.952209
v -85.331970 215.605591 193.908646
v -85.428139 215.451248 193.872604
v -85.536743 215.303680 193.844391
v -85.656952 215.164017 193.824203
v -85.787857 215.033295 193.812195
v -85.928459 214.912537 193.808472
v -86.077690 214.802643 193.813034
v -86.234413 214.704468 193.825867
v -86.397438 214.618744 193.846878
v -86.565521 214.546112 193.875900
v -86.737381 214.487152 193.912704
v -86.911705 214.442307 193.957016
v -87.087181 214.411896 194.008514
v -87.262466 214.396179 194.066772
v -87.436226 214.395264 194.131378
v -87.607140 214.409149 194.201828
v -87.773895 214.437744 194.277588
v -87.935242 214.480820 194.358078
v -88.089943 214.538055 194.442688
v -88.236824 214.609009 194.530777
v -88.374756 214.693146 194.621658
v -88.502708 214.789825 194.714661
v -88.619690 214.898300 194.809082
v -88.724815 215.017761 194.904175
v -88.817291 215.147293 194.999237
v -88.896408 215.285919 195.093536
v -88.961563 215.432571 195.186356
v -89.012260 215.586121 195.276993
v -89.048119 215.745438 195.364761
v -89.068863 215.909271 195.448975
v -89.074333 216.076385 195.529022
v -89.064484 216.245529 195.604263
v -89.039406 216.415390 195.674149
v -88.999268 216.584686 195.738144
v -88.944389 216.752136 195.795746
v -88.875191 216.916443 195.846527
v -88.792191 217.076385 195.890091
v -88.696022 217.230713 195.926132
v -88.587418 217.378281 195.954346
v -88.467209 217.517960 195.974533
v -88.336304 217.648666 195.986542
v -88.195702 217.769440 195.990280
v -88.046471 217.879318 195.985703
v -87.889748 217.977509 195.972870
v -87.726723 218.063232 195.951859
v -87.558640 218.135849 195.922836
v -87.386787 218.194809 195.886032
v -87.212456 218.239670 195.841721
v -87.036980 218.270065 195.790237
v -86.861694 218.285782 195.731964
v -86.687935 218.286713 195.667358
v -86.517029 218.272812 195.596909
v -86.350266 218.244232 195.521149
v -86.188919 218.201157 195.440659
v -63.595890 154.366760 241.145462
v -63.926819 153.200912 240.671936
v -56.738148 172.082458 241.612137
v -60.311901 172.619812 242.786667
v -64.150192 152.861847 240.147415
v -64.748207 150.488022 235.207977
v -60.974133 152.384293 237.735458
v -61.118542 153.336380 236.860474
v -60.022141 153.829407 239.970917
v -60.353069 152.663574 239.497391
v -37.059792 254.571274 192.170822
v -40.120003 255.719742 193.288406
v -41.114899 256.221832 190.690323
v -40.720680 256.740234 191.816711
v -40.276314 256.264099 192.943100
v -45.120972 258.268768 171.069748
v -48.014893 258.675110 172.532639
v -47.620674 259.193512 173.659027
v -62.500710 260.438293 133.954849
v -62.220764 260.338745 134.691544
v -77.027748 240.111786 139.490784
v -77.134544 241.224213 143.849792
v -115.741806 206.864090 116.332359
v -93.015457 238.350235 132.336594
v -17.396372 223.678741 224.965805
v -22.352049 223.878342 223.769394
v -18.120344 225.096161 222.629410
v -23.333681 226.392563 215.396698
v -22.325863 223.363953 222.574554
v -22.011602 222.202393 222.079636
v -61.634750 263.325043 136.665283
v -40.155247 253.862976 192.943100
v -21.868307 222.931259 225.330521
v -14.406433 204.597687 239.122574
v -9.913135 204.386047 236.292831
v -14.173343 203.023254 236.786179
v -21.792410 222.625931 218.301331
v -10.289522 205.231613 235.378342
v -125.508453 159.546265 117.808586
v -125.123123 149.591827 118.680672
v -102.496292 72.624954 118.295044
v -118.277550 103.622536 122.686600
v -122.991959 150.028320 122.721306
v -107.086098 118.861893 175.002075
v -106.971268 118.787315 174.945099
v -106.851120 118.724190 174.885300
v -107.194748 118.947365 175.055786
v -106.726585 118.672997 174.823135
v -107.296387 119.043068 175.105835
v -106.598595 118.634132 174.759079
v -107.390236 119.148285 175.151840
v -106.468132 118.607887 174.693619
v -107.475586 119.262207 175.193451
v -106.336189 118.594467 174.627243
v -107.551788 119.383965 175.230347
v -106.203766 118.593964 174.560471
v -107.618263 119.512642 175.262253
v -106.071877 118.606392 174.493805
v -107.674507 119.647255 175.288910
v -105.941521 118.631653 174.427750
v -107.720085 119.786781 175.310150
v -105.813690 118.669548 174.362808
v -107.754646 119.930153 175.325775
v -105.689354 118.719803 174.299469
v -107.777946 120.076286 175.335678
v -105.569473 118.782021 174.238220
v -105.454941 118.855736 174.179535
v -105.346642 118.940384 174.123856
v -105.245399 119.035324 174.071609
v -105.151978 119.139832 174.023178
v -105.067093 119.253113 173.978943
v -104.991386 119.374298 173.939240
v -104.925438 119.502480 173.904358
v -104.869751 119.636665 173.874588
v -104.824745 119.775848 173.850143
v -104.790764 119.918961 173.831207
v -104.768074 120.064919 173.817917
v -104.756836 120.212608 173.810394
v -104.757141 120.360901 173.808670
v -104.768982 120.508675 173.812790
v -104.792274 120.654808 173.822693
v -104.826843 120.798180 173.838318
v -104.872421 120.937698 173.859558
v -106.733238 121.915413 174.785660
v -106.857567 121.865158 174.848999
v -106.977455 121.802940 174.910248
v -107.091980 121.729225 174.968933
v -107.200279 121.644577 175.024612
v -107.301529 121.549637 175.076859
v -107.394951 121.445129 175.125290
v -107.479836 121.331848 175.169525
v -107.555542 121.210663 175.209229
v -107.621483 121.082481 175.244110
v -107.677177 120.948296 175.273880
v -107.722176 120.809113 175.298325
v -107.756157 120.666000 175.317261
v -107.778854 120.520042 175.330551
v -107.790092 120.372353 175.338074
v -107.789787 120.224060 175.339798
v -106.605408 121.953308 174.720718
v -106.215576 138.673874 174.313583
v -105.071335 121.322754 173.955017
v -105.156693 121.436676 173.996628
v -105.250542 121.541893 174.042633
v -105.352180 121.637596 174.092682
v -105.460823 121.723068 174.146393
v -105.575661 121.797646 174.203369
v -105.695801 121.860771 174.263168
v -105.820343 121.911964 174.325333
v -105.948326 121.950829 174.389389
v -106.078789 121.977074 174.454849
v -106.210739 121.990494 174.521225
v -106.343155 121.990997 174.587997
v -106.475052 121.978569 174.654663
v -104.928658 121.072311 173.886215
v -104.995132 121.200989 173.918121
v -104.414528 138.718842 177.884888
v -105.344673 118.455994 178.609116
v -105.488220 118.549217 178.680328
v -105.194496 118.377083 178.534378
v -105.624023 118.656052 178.747482
v -105.038826 118.313095 178.456680
v -105.751076 118.775681 178.810043
v -104.878838 118.264511 178.376602
v -105.868385 118.907204 178.867554
v -104.715759 118.231712 178.294769
v -105.975075 119.049606 178.919556
v -104.550827 118.214935 178.211807
v -106.070328 119.201813 178.965683
v -104.385300 118.214310 178.128342
v -106.153427 119.362656 179.005554
v -104.220436 118.229843 178.044998
v -106.223724 119.530922 179.038895
v -104.057495 118.261414 177.962433
v -106.280693 119.705330 179.065430
v -103.897705 118.308784 177.881256
v -106.323906 119.884544 179.084961
v -103.742287 118.371597 177.802078
v -106.353020 120.067207 179.097351
v -103.592430 118.449371 177.725525
v -103.449272 118.541519 177.652176
v -103.313896 118.647331 177.582565
v -103.187340 118.766006 177.517258
v -103.070564 118.896637 177.456711
v -102.964455 119.038239 177.401413
v -102.869827 119.189728 177.351791
v -102.787392 119.349945 177.308197
v -102.717781 119.517685 177.270981
v -102.661530 119.691658 177.240417
v -102.619049 119.870552 177.216751
v -102.590683 120.053001 177.200150
v -102.576637 120.237610 177.190735
v -102.577019 120.422974 177.188599
v -102.591820 120.607697 177.193741
v -102.620941 120.790359 177.206116
v -102.664146 120.969574 177.225647
v -102.721115 121.143974 177.252182
v -105.047142 122.366112 178.409836
v -105.202553 122.303299 178.488998
v -105.352409 122.225525 178.565552
v -105.495575 122.133385 178.638916
v -105.630943 122.027573 178.708511
v -105.757500 121.908897 178.773834
v -105.874275 121.778259 178.834366
v -105.980385 121.636665 178.889664
v -106.075012 121.485176 178.939285
v -106.157448 121.324951 178.982880
v -106.227058 121.157219 179.020096
v -106.283318 120.983238 179.050659
v -106.325790 120.804344 179.074326
v -106.354156 120.621902 179.090942
v -106.368210 120.437294 179.100342
v -106.367828 120.251923 179.102493
v -102.969765 121.625298 177.371521
v -103.076454 121.767700 177.423538
v -103.193771 121.899216 177.481033
v -103.320816 122.018845 177.543610
v -103.456627 122.125687 177.610748
v -103.600166 122.218910 177.681961
v -103.750343 122.297813 177.756699
v -103.906021 122.361801 177.834412
v -104.066002 122.410385 177.914474
v -104.229080 122.443192 177.996307
v -104.394012 122.459969 178.079269
v -104.559540 122.460594 178.162735
v -104.724403 122.445061 178.246078
v -104.887352 122.413490 178.328644
v -102.791420 121.312241 177.285522
v -102.874512 121.473091 177.325394
v -109.000511 220.506851 126.472389
v -123.258125 155.427170 120.406212
v -123.100273 156.405807 122.245186
v -119.498520 160.089691 121.356178
v -63.538708 155.016037 241.022400
v -65.476807 154.649582 241.763641
v -65.613091 154.012192 241.640579
v -56.810921 166.931534 243.747299
v -58.081432 172.184494 241.684174
v -60.926773 168.480774 242.809448
v -64.368279 152.763779 239.528717
v -64.278328 152.343216 235.788910
v -63.619656 150.318314 234.837067
v -60.794529 152.226425 238.354172
v -59.093201 152.101471 237.117279
v -61.061359 153.985657 236.737411
v -59.237614 153.053558 236.242294
v -59.206982 152.491241 236.592758
v -59.964958 154.478683 239.847855
v -58.277496 152.909195 239.229675
v -60.576439 152.324493 238.972870
v -58.472137 152.380753 238.879196
v -37.160557 254.013977 191.825516
v -44.392551 259.226685 173.151031
v -38.220978 255.815506 189.227432
v -47.176308 258.717377 174.785416
v -47.019997 258.173035 175.130722
v -45.133350 257.616760 170.948486
v -48.115658 258.117798 172.187332
v -47.841076 259.052856 173.049438
v -47.387238 259.075714 174.268631
v -61.678986 263.785767 138.470642
v -74.912048 247.323624 137.702118
v -75.849503 247.461014 142.289612
v -75.742706 246.348572 137.930603
v -76.051414 240.200714 140.266266
v -94.820969 237.593857 136.388504
v -14.994548 206.058563 238.079453
v -10.734341 207.421356 237.586105
v -21.656578 222.315948 225.459152
v -22.380552 223.733353 223.122757
v -18.065657 224.726746 222.081207
v -21.799875 221.587082 222.208267
v -17.936096 224.189133 221.714920
v -17.751396 223.565186 221.586288
v -60.758751 262.295532 138.873505
v -40.329060 253.485229 192.426315
v -14.343214 203.355835 236.237976
v -17.333153 222.436890 222.081207
v -104.718216 78.398216 123.018822
v -118.667358 103.109840 119.070091
v -110.887283 89.874474 122.867668
v -123.067848 149.777664 119.893875
v -99.183731 113.852577 171.079910
v -97.382690 113.897552 174.651215
v -106.373032 121.924408 175.499924
v -106.245201 121.962303 175.434982
v -106.114838 121.987564 175.368927
v -105.982948 121.999992 175.302261
v -105.850525 121.999489 175.235474
v -105.718582 121.986069 175.169113
v -105.588120 121.959824 175.103653
v -105.460136 121.920959 175.039597
v -105.335594 121.869766 174.977432
v -105.215454 121.806641 174.917633
v -105.100616 121.732063 174.860657
v -104.991966 121.646591 174.806946
v -104.890335 121.550888 174.756897
v -104.796478 121.445671 174.710892
v -104.711128 121.331749 174.669281
v -104.634926 121.209984 174.632385
v -104.568451 121.081306 174.600479
v -104.512215 120.946693 174.573807
v -104.466637 120.807175 174.552582
v -104.432068 120.663803 174.536957
v -104.408775 120.517670 174.527054
v -104.396927 120.369896 174.522934
v -104.396629 120.221596 174.524658
v -104.407867 120.073914 174.532181
v -104.430557 119.927956 174.545456
v -104.464539 119.784843 174.564407
v -104.509544 119.645660 174.588852
v -104.565231 119.511475 174.618622
v -104.631180 119.383293 174.653488
v -104.706886 119.262100 174.693207
v -104.791771 119.148827 174.737442
v -104.885193 119.044319 174.785858
v -104.986435 118.949379 174.838120
v -105.094734 118.864731 174.893799
v -105.209259 118.791016 174.952484
v -105.329147 118.728790 175.013733
v -105.453484 118.678543 175.077057
v -105.581314 118.640648 175.142014
v -105.711670 118.615387 175.208069
v -105.843559 118.602959 175.274734
v -105.975983 118.603462 175.341507
v -106.107925 118.616882 175.407883
v -106.238388 118.643127 175.473343
v -106.366379 118.681992 175.537399
v -106.490913 118.733177 175.599564
v -106.611061 118.796303 175.659363
v -106.725891 118.870888 175.716324
v -106.834541 118.956352 175.770050
v -106.936172 119.052063 175.820099
v -107.030029 119.157272 175.866104
v -107.115379 119.271194 175.907715
v -107.191582 119.392960 175.944611
v -107.258057 119.521637 175.976517
v -107.314293 119.656250 176.003174
v -107.359871 119.795776 176.024399
v -107.394440 119.939148 176.040039
v -107.417732 120.085274 176.049942
v -107.429581 120.233055 176.054047
v -107.429886 120.381348 176.052338
v -107.418648 120.529037 176.044815
v -107.395950 120.674995 176.031525
v -107.361969 120.818108 176.012589
v -107.316963 120.957283 175.988144
v -107.261276 121.091476 175.958374
v -107.195328 121.219658 175.923492
v -107.119629 121.340843 175.883789
v -107.034737 121.454124 175.839554
v -106.941322 121.558632 175.791122
v -106.840073 121.653572 175.738876
v -106.731773 121.738220 175.683197
v -106.617249 121.811935 175.624512
v -106.497360 121.874153 175.563263
v -106.328186 122.377510 175.471603
v -106.487976 122.330139 175.552780
v -106.165237 122.409081 175.389038
v -106.000374 122.424614 175.305695
v -105.834846 122.423996 175.222229
v -105.669914 122.407211 175.139267
v -105.506836 122.374413 175.057434
v -105.346855 122.325829 174.977356
v -105.191177 122.261841 174.899658
v -105.041000 122.182930 174.824921
v -104.897461 122.089706 174.753708
v -104.761650 121.982872 174.686554
v -104.634605 121.863243 174.623993
v -104.517288 121.731720 174.566483
v -104.410599 121.589317 174.514481
v -104.315346 121.437111 174.468353
v -104.232254 121.276268 174.428482
v -104.161949 121.108002 174.395142
v -104.104980 120.933594 174.368607
v -104.061775 120.754379 174.349075
v -104.032654 120.571716 174.336685
v -104.017853 120.387001 174.331543
v -104.017471 120.201630 174.333694
v -104.031517 120.017021 174.343094
v -104.059883 119.834579 174.359711
v -104.102356 119.655685 174.383377
v -104.158615 119.481705 174.413940
v -104.228226 119.313972 174.451157
v -104.310661 119.153748 174.494751
v -104.405289 119.002258 174.544373
v -104.511398 118.860664 174.599670
v -104.628174 118.730026 174.660202
v -104.754730 118.611351 174.725525
v -104.890106 118.505539 174.795120
v -105.033264 118.413399 174.868484
v -105.183121 118.335625 174.945038
v -105.338539 118.272812 175.024200
v -105.498322 118.225433 175.105377
v -105.661270 118.193863 175.187958
v -105.826134 118.178329 175.271301
v -105.991661 118.178955 175.354767
v -106.156593 118.195732 175.437729
v -106.319672 118.228539 175.519562
v -106.479652 118.277122 175.599625
v -106.635330 118.341110 175.677338
v -106.785507 118.420013 175.752075
v -106.929054 118.513237 175.823288
v -107.064857 118.620079 175.890427
v -107.191910 118.739708 175.953003
v -107.309219 118.871223 176.010498
v -107.415909 119.013626 176.062515
v -107.511162 119.165833 176.108643
v -107.594254 119.326683 176.148514
v -107.664558 119.494949 176.181854
v -107.721527 119.669350 176.208389
v -107.764740 119.848564 176.227921
v -107.793854 120.031227 176.240295
v -107.808662 120.215950 176.245438
v -107.809044 120.401314 176.243301
v -107.794991 120.585930 176.233887
v -107.766624 120.768372 176.217285
v -107.724152 120.947266 176.193619
v -107.667892 121.121239 176.163055
v -107.598282 121.288979 176.125839
v -107.515846 121.449196 176.082245
v -107.421219 121.600685 176.032608
v -107.315109 121.742287 175.977325
v -107.198334 121.872917 175.916779
v -107.071777 121.991592 175.851471
v -106.936401 122.097404 175.781860
v -106.793243 122.189552 175.708511
v -106.643387 122.267326 175.631958
v -117.547318 206.107712 120.384270
v -123.087524 153.636063 122.431519
v -123.197571 154.060425 120.765114
v -123.256584 156.058273 121.221542
v -122.786179 156.419800 122.431519
v -121.873253 156.272995 120.186844
v -120.725540 160.222534 123.414513
v -120.759201 155.787933 120.882263
v -62.680824 157.880325 242.322235
v -65.419632 155.298859 241.640579
v -65.807739 153.483734 241.290115
v -66.031105 153.144669 240.765594
v -56.841553 167.493851 243.396835
v -56.868103 166.282257 243.870361
v -59.209988 172.354202 242.055084
v -60.708687 168.578842 243.428146
v -61.150143 168.141708 242.284927
v -64.547882 152.921646 238.910004
v -66.249191 153.046600 240.146896
v -59.679867 170.499008 241.474152
v -63.149776 152.173508 235.417999
v -58.913597 151.943604 237.735977
v -60.925076 154.623047 236.860474
v -59.180435 153.702835 236.119232
v -59.107071 157.342972 241.147690
v -58.141209 153.546585 239.352737
v -37.334373 253.636230 191.308716
v -60.126125 260.331573 134.744690
v -37.554775 253.495544 190.699127
v -44.181622 258.868347 173.667831
v -41.215664 255.664505 190.345016
v -43.950340 257.522278 174.105698
v -46.942097 257.525574 175.251984
v -48.128036 257.465790 172.066071
v -45.055450 256.969299 171.069748
v -60.374599 259.682343 139.549820
v -61.747608 260.337128 134.703552
v -75.426933 246.915588 137.793640
v -62.922855 255.498322 140.555176
v -75.918091 246.821350 142.451172
v -75.533730 248.028030 142.152649
v -75.811295 245.708908 138.092178
v -76.122612 240.942352 143.172272
v -71.758232 242.707275 139.731750
v -105.680962 209.636383 121.332916
v -92.954201 227.268616 130.295288
v -15.101904 206.160080 237.432816
v -17.211672 223.054794 224.837173
v -21.471878 221.692001 225.330521
v -17.966581 224.315643 221.801117
v -17.539669 222.949875 221.714920
v -40.549465 253.344543 191.816711
v -14.549729 203.868820 235.871689
v -10.501249 205.846924 235.249710
v -115.290085 96.825516 119.148170
v -105.816521 80.441383 122.991913
v -105.326500 78.285599 119.378517
v -116.986320 104.695091 118.638641
v -117.270134 104.599907 123.128677
v -119.113190 150.135254 122.228264
v -106.872955 199.182755 118.850395
v -108.678467 198.426376 122.902306
v -120.340210 150.268097 124.286598
v -123.151703 153.690994 121.843178
v -123.236526 154.695908 120.239143
v -123.260368 155.767044 120.742912
v -123.247009 156.281021 121.809494
v -122.482353 156.338928 122.617851
v -122.176208 156.165115 120.013206
v -122.285294 156.215988 122.743256
v -120.982483 156.035889 120.733154
v -120.600700 155.479141 120.996674
v -122.903557 155.024338 119.653236
v -62.544537 158.517715 242.445297
v -62.875465 157.351883 241.971771
v -65.564041 156.250946 240.765594
v -56.955334 167.883621 242.872314
v -60.384670 167.468887 244.921844
v -57.004391 165.644867 243.747299
v -60.441853 166.819611 245.044907
v -60.529083 168.420975 244.046860
v -57.353024 167.943420 241.634903
v -61.344788 167.613251 241.934464
v -57.576393 167.604340 241.110397
v -66.428802 153.204468 239.528183
v -64.661659 153.311417 238.385498
v -58.970787 157.980362 241.270752
v -59.301716 156.814529 240.797226
v -58.084030 154.195862 239.229675
v -58.695507 152.041672 238.354691
v -59.142487 259.678131 139.581085
v -37.788212 253.613342 190.089523
v -44.025307 258.324005 174.013138
v -38.233356 255.163498 189.106171
v -41.228043 255.012497 190.223755
v -43.947411 257.676544 174.134399
v -48.050137 256.818329 172.187332
v -44.899139 256.424957 171.415054
v -62.816051 254.385880 136.196167
v -75.018845 248.436066 142.061127
v -63.437737 255.090271 140.646683
v -62.287251 255.685257 140.523026
v -75.729050 246.206421 142.612747
v -75.622253 245.093979 138.253738
v -55.534546 253.835388 141.160583
v -55.427742 252.722961 136.801575
v -84.146606 230.668900 134.854630
v -85.952118 229.912521 138.906540
v -105.996613 209.104599 121.092995
v -92.463913 227.614304 130.578293
v -105.190674 209.982071 121.615913
v -10.841696 207.522873 236.939468
v -21.342318 221.154388 224.964233
v -17.082111 222.517181 224.470886
v -21.593359 221.074097 222.574554
v -47.449459 255.797821 173.659027
v -17.163282 222.104309 222.629410
v -14.761457 204.484131 235.743057
v -107.102478 81.590286 119.337463
v -103.388893 78.696114 123.456985
v -103.105080 78.791298 118.966949
v -120.972282 153.819534 120.882263
v -107.895065 207.711349 124.984604
v -106.089561 208.467712 120.932693
v -106.297562 199.272354 119.956451
v -107.486465 208.880020 125.384827
v -122.773430 153.650040 122.617851
v -121.860504 153.503235 120.373184
v -123.174736 153.834167 121.250473
v -123.218643 154.354340 120.420166
v -123.249985 155.061829 120.234375
v -122.668289 155.702957 119.749695
v -122.447380 155.970688 119.864105
v -121.559158 156.286972 120.373184
v -121.255333 156.206100 120.559517
v -121.827721 155.611954 123.055008
v -122.209503 156.168701 122.791489
v -121.986221 155.920746 122.940598
v -122.901878 154.659683 119.677773
v -122.823883 155.380173 119.677773
v -62.487354 159.166992 242.322235
v -66.442673 158.445969 243.558594
v -63.098835 157.012802 241.447250
v -65.450256 155.861176 241.290115
v -57.134937 168.041489 242.253616
v -60.415306 168.031204 244.571365
v -57.199036 165.116409 243.396835
v -60.578140 166.182220 244.921844
v -60.730431 155.151505 237.210938
v -61.481075 166.975861 241.811401
v -57.771038 167.075897 240.759918
v -66.542580 153.594238 239.003677
v -64.692291 153.873734 238.035019
v -64.498825 155.160400 238.035019
v -59.044147 154.340225 236.242294
v -58.913605 158.629639 241.147690
v -55.208935 157.414719 240.034393
v -55.345219 156.777328 239.911331
v -59.525085 156.475449 240.272705
v -58.114662 154.758179 238.879196
v -62.180447 254.572830 136.164032
v -44.454773 255.948837 172.541443
v -40.782898 253.462341 191.207123
v -46.945023 257.371307 175.223297
v -38.155457 254.516037 189.227432
v -41.150143 254.365036 190.345016
v -43.958313 257.102264 174.027588
v -47.893826 256.273987 172.532639
v -44.688210 256.066620 171.931839
v -63.330933 253.977844 136.287689
v -74.276443 247.510574 137.669983
v -74.383240 248.623016 142.028992
v -63.753506 254.523270 140.783661
v -61.627686 255.622665 140.555161
v -75.311165 245.709839 142.749710
v -75.204369 244.597397 138.390701
v -55.896427 252.751434 140.654083
v -73.432892 245.531555 142.841232
v -73.326096 244.419113 138.482224
v -60.118408 249.503204 138.282593
v -91.273193 227.573273 131.101212
v -93.679131 226.964920 134.913208
v -84.436966 229.559036 135.351013
v -91.873619 227.721298 130.861282
v -94.269417 226.857941 134.630203
v -94.759705 226.512253 134.347198
v -93.269852 226.736832 130.055374
v -15.130405 206.015091 236.786179
v -17.027422 222.147781 223.922684
v -60.626694 254.823456 140.783661
v -47.229053 255.938507 174.268631
v -21.423487 220.741516 223.122757
v -10.685949 206.470871 235.378342
v -14.946157 205.108078 235.871689
v -106.436195 110.358635 119.425583
v -106.720009 110.263451 123.915619
v -100.665878 87.820068 123.822525
v -121.243454 153.625107 120.733154
v -120.751373 154.087265 120.996674
v -107.751167 207.066284 124.928314
v -107.802116 208.348236 125.144913
v -105.945663 207.822647 120.876396
v -107.501236 198.768112 122.657730
v -103.592041 203.020706 121.861725
v -106.996178 209.225708 125.667831
v -122.470474 153.757919 122.791489
v -122.164330 153.584106 120.186852
v -122.437180 153.754333 120.013214
v -122.660461 154.002289 119.864105
v -122.818962 154.311081 119.749695
v -121.744804 155.263351 123.126930
v -120.517784 155.130539 121.068596
v -62.517986 159.729309 241.971756
v -66.249207 159.732635 243.558594
v -66.306381 159.083359 243.681656
v -66.637314 157.917511 243.208130
v -66.860680 157.578445 242.683609
v -63.316925 156.914734 240.828552
v -63.569340 155.578354 240.671936
v -66.379745 155.443222 238.653198
v -57.892899 163.342896 242.097031
v -60.772785 165.653778 244.571365
v -59.873722 158.774002 238.160309
v -62.201488 163.990753 240.985123
v -66.573212 154.156555 238.653198
v -64.635109 154.523010 237.911957
v -64.304184 155.688843 238.385498
v -58.849506 154.868683 236.592758
v -58.408047 155.305817 237.735977
v -58.944241 159.191956 240.797226
v -55.539864 156.248886 239.560852
v -59.743176 156.377380 239.654007
v -59.995590 155.041000 239.497391
v -61.520882 254.510223 136.196167
v -60.330853 253.096085 136.586212
v -44.234371 256.089508 173.151031
v -40.993832 253.820694 190.690323
v -46.952999 256.951263 175.145172
v -37.999142 253.971695 189.572739
v -47.682892 255.915619 173.049438
v -73.723679 248.560410 142.061127
v -73.616882 247.447968 137.702118
v -63.822094 253.883606 140.945221
v -63.646702 253.410828 136.424652
v -61.044575 255.320023 140.646683
v -74.728058 245.407211 142.841232
v -74.621262 244.294769 138.482224
v -61.336895 252.593811 141.335281
v -74.068497 245.344604 142.873367
v -72.811211 244.827148 138.390717
v -73.961700 244.232162 138.514359
v -55.825230 252.009796 137.748077
v -90.754044 227.192795 131.261505
v -93.078705 226.816910 135.153122
v -85.640640 229.054794 138.052277
v -87.142487 225.810684 133.445740
v -95.075356 225.980469 134.107285
v -104.600388 210.089066 121.898911
v -10.870200 207.377899 236.292831
v -21.287630 220.784973 224.416031
v -15.075718 205.645691 236.237976
v -17.055925 222.002792 223.276047
v -10.815511 207.008484 235.744629
v -21.316132 220.639999 223.769394
v -92.554955 84.454842 119.753891
v -92.838768 84.359657 124.243927
v -100.052795 87.339516 119.341103
v -108.523819 102.984062 123.647285
v -105.578140 109.920853 120.222206
v -106.431328 104.656227 119.305008
v -108.439377 102.326202 123.638672
v -100.336609 87.244331 123.831139
v -121.546410 153.517227 120.559517
v -122.199303 153.952347 122.940598
v -121.978394 154.220078 123.055008
v -120.595779 154.410049 121.068596
v -107.392326 206.511276 124.984604
v -105.586823 207.267639 120.932693
v -95.168304 225.343582 133.946976
v -121.743126 154.898697 123.151466
v -120.516106 154.765884 121.093132
v -61.824127 161.502823 243.271561
v -63.465107 157.044983 240.318100
v -65.961731 156.310745 239.528183
v -63.683121 155.968124 240.147415
v -57.862267 162.780579 242.447495
v -57.422405 164.777344 242.872314
v -59.679077 159.302460 238.510773
v -60.010006 158.136612 238.037247
v -62.396130 163.462296 240.634659
v -61.538258 166.326584 241.934464
v -57.907322 166.438507 240.636856
v -66.516029 154.805832 238.530136
v -63.447475 159.311356 239.334854
v -66.185104 155.971664 239.003677
v -58.250378 160.965454 242.097031
v -58.055733 161.493912 242.447495
v -55.151756 158.063995 239.911331
v -55.182388 158.626312 239.560852
v -59.891354 156.507629 239.143555
v -55.763233 155.909805 239.036346
v -60.109367 155.430771 238.972870
v -58.228443 155.147949 238.354691
v -60.937771 254.207596 136.287689
v -60.519890 253.711014 136.424652
v -60.399441 252.456421 136.747787
v -44.060555 256.467224 173.667831
v -47.055237 256.316254 174.785416
v -43.959789 257.024536 174.013138
v -46.954472 256.873566 175.130722
v -73.033775 247.145340 137.793640
v -73.140572 248.257782 142.152649
v -63.715290 252.771164 136.586212
v -60.822014 253.001846 141.243759
v -72.918007 245.939590 142.749710
v -61.865696 251.294418 137.008408
v -90.395210 226.637787 131.317810
v -92.559555 226.436432 135.313431
v -93.362801 226.099945 129.895065
v -106.405899 209.332687 125.950829
v -60.437656 254.208527 140.945221
v -99.812630 86.838348 123.855652
v -99.528809 86.933533 119.365616
v -92.452591 85.427231 120.532646
v -100.382065 87.915260 119.332489
v -108.350571 103.623871 123.671799
v -105.767349 109.857391 123.215553
v -103.216629 105.514023 120.278053
v -107.087906 104.572517 119.261726
v -105.792412 104.481812 119.341698
v -108.110107 101.750465 123.647285
v -121.822800 154.542862 123.126930
v -106.873184 206.130798 125.144913
v -105.067673 206.887161 121.092995
v -92.465416 224.067688 134.913193
v -61.629482 162.031265 243.622040
v -62.047497 161.163742 242.747055
v -66.279839 160.294952 243.208130
v -66.393616 160.684723 242.683609
v -67.258377 157.638245 241.446198
v -67.078773 157.480377 242.064911
v -65.743645 156.408813 240.146896
v -63.862724 156.125992 239.528717
v -57.919449 162.131302 242.570557
v -61.436016 163.317932 243.622040
v -57.640491 164.679276 242.253616
v -60.996155 165.314697 244.046860
v -61.466648 163.880249 243.271561
v -58.822380 162.924942 239.460114
v -55.917229 158.736816 237.274414
v -56.111874 158.208359 236.923950
v -56.248158 157.570969 236.800888
v -60.067188 157.487335 238.160309
v -58.626137 155.207748 237.117279
v -60.507061 155.490570 237.735458
v -63.252827 159.839798 239.685318
v -58.627735 163.453384 239.810593
v -61.507622 165.764267 242.284927
v -57.964504 165.789230 240.759918
v -63.583763 158.673965 239.211792
v -64.080811 156.027924 238.910004
v -58.473747 160.626389 241.572510
v -56.274704 156.359375 237.274414
v -55.981319 155.811737 238.417633
v -60.715210 251.889404 136.884750
v -60.506245 253.568863 141.106796
v -63.633057 253.268661 141.106781
v -72.722687 247.761200 142.289612
v -72.615891 246.648758 137.930603
v -63.526253 252.156235 136.747787
v -61.230091 251.481369 136.976273
v -72.602234 246.506607 142.612747
v -72.495438 245.394165 138.253738
v -90.251305 225.992722 131.261505
v -92.200714 225.881424 135.369720
v -90.659904 224.824051 130.861282
v -93.218903 225.454880 129.838776
v -95.024406 224.698517 133.890686
v -103.999962 209.941040 122.138832
v -99.173714 86.663933 123.892342
v -98.889900 86.759125 119.402306
v -92.641800 85.363770 123.525993
v -107.302307 101.439667 119.181763
v -107.946007 104.148239 123.708488
v -108.240005 103.079247 119.157249
v -107.662193 104.243423 119.218452
v -106.715141 104.561035 123.795044
v -107.371719 104.477325 123.751762
v -105.268433 104.075829 119.366211
v -106.076233 104.386627 123.831726
v -100.750320 88.477928 123.831139
v -107.826294 101.845650 119.157249
v -100.466507 88.573112 119.341103
v -106.272751 205.982773 125.384827
v -104.467247 206.739151 121.332916
v -92.149765 224.599472 135.153122
v -105.192177 206.435455 125.950829
v -61.493198 162.668655 243.745102
v -62.265583 161.065674 242.128342
v -67.209320 159.876999 240.571213
v -63.496532 157.072601 240.209839
v -57.820095 164.837143 241.634903
v -61.214241 165.216629 243.428146
v -58.958668 162.287552 239.337051
v -55.693859 159.075882 237.798935
v -59.455708 159.641525 239.035294
v -60.036556 156.925018 238.510788
v -59.922779 156.535248 239.035294
v -62.532417 162.824905 240.511597
v -61.978119 164.329819 241.509644
v -61.406200 165.416824 242.752502
v -57.933876 165.226913 241.110397
v -63.640942 158.024689 239.334854
v -67.345612 159.239609 240.448151
v -58.691837 160.528320 240.953812
v -59.058018 159.581726 240.272705
v -60.288975 155.588638 238.354156
v -63.215176 252.772095 141.243759
v -72.426849 246.033829 138.092178
v -72.533646 247.146271 142.451187
v -61.972500 252.406860 141.367416
v -62.525261 251.357025 136.976273
v -90.344261 225.355835 131.101212
v -92.056816 225.236359 135.313431
v -91.150192 224.478363 130.578293
v -94.665565 224.143509 133.946976
v -92.860062 224.899872 129.895065
v -105.805466 209.184677 126.190742
v -98.517136 86.747643 123.935616
v -98.233322 86.842834 119.445580
v -97.165665 88.993958 119.558670
v -108.066757 103.719063 119.181763
v -108.155563 102.421394 119.148636
v -105.552246 103.980644 123.856247
v -104.939163 103.500092 119.374817
v -107.586128 101.344482 123.671799
v -105.682465 206.089767 125.667824
v -103.876961 206.846130 121.615913
v -104.876526 206.967239 126.190742
v -62.429382 161.209641 241.564102
v -62.631767 160.119080 241.447250
v -66.791313 160.744522 241.446198
v -67.402786 158.590332 240.571213
v -63.610310 157.462372 239.685333
v -67.372154 158.028015 240.921692
v -58.006676 163.732666 241.572510
v -61.325638 165.314545 243.044403
v -59.015850 161.638275 239.460114
v -58.871441 160.686188 240.335098
v -59.237621 159.739594 239.653992
v -55.475773 159.173950 238.417633
v -56.305336 156.921692 236.923950
v -62.589603 162.175629 240.634659
v -58.404366 163.792465 240.335098
v -67.014679 160.405441 240.921692
v -58.855633 160.672287 240.389557
v -55.296165 159.016083 239.036346
v -56.160927 155.969604 237.798935
v -63.108372 251.659653 136.884750
v -62.632065 252.469467 141.335281
v -103.071022 207.723602 122.138832
v -92.955704 223.722000 134.630203
v -103.480812 209.560562 122.299133
v -92.340912 224.519394 130.055374
v -94.146416 223.763031 134.107285
v -105.286324 208.804199 126.351051
v -97.942848 87.076736 123.978897
v -97.659035 87.171921 119.488861
v -97.081223 88.336098 119.550064
v -106.663399 101.265259 119.218452
v -105.222977 103.404900 123.864853
v -100.577072 89.117737 123.855652
v -103.386673 207.191818 121.898911
v -62.811371 160.276947 240.828552
v -66.573219 160.842590 242.064911
v -61.580425 164.270020 242.747055
v -58.186283 163.890533 240.953812
v -61.393845 165.374496 242.809448
v -58.985214 161.075958 239.810593
v -62.558971 161.613312 240.985123
v -57.832451 164.879471 241.577957
v -61.760029 164.427887 242.128342
v -63.029461 160.178879 240.209839
v -91.740486 224.371384 130.295288
v -93.545990 223.615005 134.347198
v -103.121971 209.005554 122.355431
v -97.538284 87.601097 124.015579
v -97.254471 87.696289 119.525551
v -97.494934 89.569695 119.550064
v -97.449478 88.898766 124.048706
v -100.293259 89.212929 119.365616
v -106.947212 101.170067 123.708488
v -97.778748 89.474510 124.040100
v -104.783585 207.604126 126.351051
v -102.978073 208.360489 122.299133
v -62.445190 161.223541 241.509644
v -104.927483 208.249191 126.407341
v -97.365036 88.240913 124.040100
v -98.018913 89.975677 119.525543
v -106.006821 101.348969 119.261726
v -106.290634 101.253777 123.751762
v -105.138535 102.747047 123.856247
v -104.854721 102.842232 119.366211
v -99.888695 89.737289 119.402306
v -100.172508 89.642105 123.892342
v -98.302734 89.880493 124.015579
v -105.432533 101.678055 119.305008
v -98.657829 90.150093 119.488861
v -105.716347 101.582870 123.795044
v -99.598221 89.971191 123.935616
v -105.311783 102.107231 123.831726
v -105.027969 102.202423 119.341698
v -98.941643 90.054901 123.978897
v -99.314407 90.066383 119.445580
v -70.954094 121.304855 205.225449
v -68.165962 149.767075 196.162979
v -70.954086 114.842537 184.929443
v -69.230003 136.074677 190.732574
v -35.806629 140.426636 176.783371
v -62.191936 142.773407 176.036148
v -41.780659 140.957977 176.614197
v -44.494434 113.254753 185.434982
v -64.905716 115.070175 184.856949
v -64.905716 121.289780 204.390671
v -63.217579 134.807083 187.233490
v -62.191936 148.993011 195.569870
v -68.165962 143.304749 175.866959
v -62.191936 149.235733 196.332169
v -35.806629 148.466614 202.034286
v -35.806629 146.888962 197.079391
v -41.780659 147.420303 196.910202
v -68.165962 151.344727 201.117874
v -62.952713 138.505417 189.495895
v -62.921982 138.636948 188.823837
v -62.912971 138.464203 187.963150
v -62.935680 137.976562 187.233490
v -62.961338 138.468506 189.684540
v -63.025047 137.984512 190.414200
v -62.986649 137.248260 186.745941
v -63.058121 136.390182 186.574738
v -41.780659 147.177582 196.147903
v -44.494434 119.474358 204.968704
v -63.103416 137.258636 190.901749
v -63.139214 135.532959 186.745941
v -63.184509 136.401413 191.072952
v -63.255978 135.543335 190.901749
v -63.281292 134.323090 187.963150
v -63.306950 134.815033 190.414200
v -63.329655 134.327393 189.684540
v -63.320644 134.154648 188.823837
v -68.909706 138.507904 187.064316
v -68.886993 138.995544 187.793976
v -68.896004 139.168289 188.654663
v -68.935364 138.999847 189.515366
v -68.999077 138.515854 190.245026
v -68.960670 137.779602 186.576767
v -69.077438 137.789978 190.732574
v -69.158531 136.932755 190.903778
v -69.032143 136.921524 186.405563
v -69.113235 136.064301 186.576767
v -70.954094 114.842529 184.929428
v -69.191605 135.338425 187.064316
v -69.280975 135.346375 190.245026
v -69.303680 134.858734 189.515366
v -69.255318 134.854431 187.793976
v -69.294670 134.685989 188.654663
v -35.806629 146.646240 196.317093
v -42.806297 132.991653 187.811508
v -42.870010 132.507660 188.541168
v -42.844700 133.727905 191.479767
v -42.895668 132.999603 190.992218
v -42.918377 132.511963 190.262558
v -42.909367 132.339218 189.401871
v -42.727932 133.717529 187.323959
v -42.646839 134.574753 187.152756
v -42.501690 136.648773 188.541168
v -42.524399 136.161133 187.811508
v -42.575371 135.432831 187.323959
v -42.773228 134.585983 191.650970
v -42.613770 136.169083 190.992218
v -42.550056 136.653076 190.262558
v -42.510700 136.821518 189.401871
v -42.692135 135.443207 191.479767
v -71.437370 108.088692 180.783066
v -36.527660 136.117432 188.710342
v -36.550369 135.629791 187.980682
v -36.601337 134.901489 187.493134
v -36.672810 134.043411 187.321930
v -36.753902 133.186188 187.493134
v -38.594753 118.184021 205.379562
v -36.639740 135.637741 191.161392
v -36.579517 136.095215 190.471710
v -36.718105 134.911865 191.648941
v -36.799198 134.054642 191.820145
v -36.870667 133.196564 191.648941
v -36.576027 136.121735 190.431732
v -36.536671 136.290176 189.571045
v -36.921638 132.468262 191.161392
v -36.944347 131.980621 190.431732
v -36.935337 131.807877 189.571045
v -36.895981 131.976318 188.710342
v -36.832268 132.460312 187.980682
v -38.594753 111.721703 185.083542
v -38.594753 110.144051 180.128647
v -38.520405 110.903038 179.886978
v -35.806629 140.183914 176.021072
v -35.806629 138.606262 171.066177
v -70.879738 113.781136 178.970566
v -68.165962 141.484375 170.149765
v -70.879730 113.781136 178.970566
v -39.383316 110.979790 179.862549
v -70.954094 113.022156 179.212234
v -38.594753 111.721695 185.083542
v -39.078030 105.210594 181.699478
v -39.078030 115.070946 212.667587
v -38.594753 120.004395 211.096756
v -71.437370 117.949043 211.751175
v -70.954094 122.882507 210.180344
v -92.119370 208.688690 190.485596
v -96.087135 206.359467 191.722580
v -95.812660 206.294113 191.490295
v -96.172043 206.354309 191.778000
v -96.810501 208.362732 193.521057
v -95.895607 209.969391 193.928757
v -96.786186 205.849426 188.568909
v -97.008537 205.561234 188.536087
v -96.847946 205.769363 188.559784
v -98.161804 201.332733 186.594757
v -93.324799 209.817108 188.743866
v -96.629532 206.165298 188.665131
v -96.673042 206.077545 188.638397
v -96.549248 206.487305 188.818192
v -96.955704 207.382278 189.679306
v -96.793518 207.277634 189.499268
v -96.223160 210.800079 191.386581
v -97.405411 208.723907 190.859726
v -101.055412 202.314102 189.233139
v -98.941673 206.014847 190.194229
v -98.951218 206.009308 190.170853
v -98.939911 206.016708 190.197098
v -98.728432 206.248520 190.529251
v -98.676666 206.330627 190.567322
v -100.727859 201.483414 191.775314
v -98.559380 206.516663 190.653549
v -98.521194 206.602936 190.637817
v -98.351860 207.061844 190.437958
v -98.338371 207.085526 190.443954
v -98.368805 206.984573 190.511383
v -98.372894 206.970993 190.520462
v -98.949722 205.717621 189.980850
v -98.866409 205.448059 189.748550
v -96.749245 207.218048 189.430023
v -96.634140 207.063110 189.249969
v -98.707031 205.233521 189.499252
v -96.550827 206.793549 189.017685
v -98.482460 205.088638 189.249969
v -98.207985 205.023285 189.017670
v -97.902321 205.041885 188.818192
v -97.586288 205.143234 188.665131
v -97.366119 205.271164 188.595627
v -97.281441 205.320374 188.568909
v -98.219109 207.190796 190.429611
v -97.018082 207.422516 189.748550
v -97.292564 207.487885 189.980850
v -97.914261 207.367935 190.333405
v -97.598228 207.469269 190.180328
v -97.513321 207.474442 190.124924
v -96.392807 206.340866 191.922073
v -96.480591 206.312714 191.964600
v -96.708832 206.239517 192.075134
v -95.650467 206.189484 191.310257
v -95.588089 206.149231 191.240997
v -97.013687 206.062393 192.171356
v -97.286583 205.821518 192.204178
v -95.428719 205.934708 190.991714
v -95.345398 205.665146 190.759415
v -97.508934 205.533340 192.171356
v -95.343826 205.358902 190.559937
v -95.424103 205.036880 190.406860
v -95.401802 205.126343 190.449387
v -97.552452 205.445587 192.144638
v -97.665596 205.217468 192.075134
v -96.956375 200.204315 188.336487
v -95.537247 204.808762 190.337372
v -97.745872 204.895447 191.922073
v -97.744293 204.589203 191.722580
v -95.580757 204.721008 190.310638
v -95.741348 204.512878 190.286942
v -97.660980 204.319641 191.490280
v -95.803108 204.432816 190.277817
v -96.076012 204.191956 190.310638
v -97.501610 204.105118 191.240997
v -97.277039 203.960236 190.991714
v -96.380859 204.014816 190.406860
v -96.296181 204.064026 190.380142
v -96.696892 203.913483 190.559937
v -97.002563 203.894882 190.759415
v -113.061440 121.238930 176.795013
v -109.474365 122.238548 176.922440
v -110.794510 121.721390 178.021317
v -109.661163 122.456688 174.841812
v -110.080879 122.406548 174.313995
v -110.550980 132.220123 178.367691
v -111.434113 131.874176 179.102798
v -108.729553 122.327522 177.859085
v -107.846420 122.673485 177.123978
v -113.510994 131.263367 179.274963
v -115.765999 130.785599 178.038727
v -115.446213 130.823792 178.440872
v -114.194496 131.401215 176.730606
v -112.785439 131.953201 175.557709
v -112.661301 131.968018 175.713821
v -112.741653 121.277130 177.197159
v -108.591240 122.584511 176.187317
v -67.343803 244.162369 199.782227
v -64.532944 241.405777 206.671204
v -69.693291 244.188599 198.205048
v -64.594276 244.067978 203.289368
v -68.806549 249.623734 201.075974
v -72.499031 249.185165 199.100677
v -75.905632 247.169144 199.675797
v -72.573540 240.408432 205.776947
v -65.610504 244.602921 211.388947
v -68.531006 242.077164 212.433563
v -66.040817 248.611435 208.476334
v -72.605659 248.836777 200.102615
v -66.057022 249.529343 204.583115
v -124.486664 201.970413 111.930145
v -90.542648 249.107788 135.565399
v -124.358841 202.257278 111.751534
v -124.483383 201.970963 111.942245
v -123.883194 201.971588 114.398323
v -124.596779 200.135223 115.970428
v -125.001236 199.092255 116.866661
v -124.958344 199.585190 115.835960
v -90.767746 246.520905 140.974396
v -122.847557 202.936523 112.139275
v -118.895309 198.164429 110.021461
v -84.661819 245.593079 134.129211
v -122.321526 201.778473 111.607315
v -121.648338 199.809799 110.693802
v -122.445480 201.789093 111.607239
v -84.886917 243.006195 139.538208
v -119.120407 195.577545 115.430458
v -124.561562 199.188583 116.052795
v -123.225655 201.882507 112.856934
v -124.475281 201.970184 111.938004
v -98.432785 90.914146 177.462601
v -98.336029 90.830643 177.530243
v -98.401169 90.905861 177.503677
v -104.458839 92.340187 169.481186
v -103.603256 95.313538 172.963196
v -102.441376 92.087250 172.377365
v -102.502167 92.215233 172.410233
v -94.872314 91.728004 183.831772
v -99.203171 93.839119 177.884476
v -99.414467 93.593330 178.177536
v -99.196053 93.860046 177.853455
v -99.875931 97.691032 169.555084
v -94.252762 88.489944 181.566574
v -96.589645 92.580406 173.914780
v -92.089470 94.991753 179.927444
v -105.253426 95.991211 170.909012
v -103.390526 95.473167 172.815002
v -99.327568 93.875290 177.754562
v -98.850105 91.982018 177.877197
v -98.351990 90.871239 177.545868
v -115.073593 111.305061 126.285774
v -120.451088 109.605240 127.639709
v -119.656502 105.954216 126.211884
v -122.359550 113.784431 124.839203
v -115.723770 109.068085 117.085197
v -121.946220 114.638649 123.157913
v -122.515831 116.400993 122.765137
v -121.350151 112.865822 123.563980
v -119.386780 113.281265 119.915604
v -116.752914 117.124794 122.184479
v -121.012398 116.971039 122.311447
v -121.455704 115.703125 123.317101
v -121.166222 158.884781 181.011093
v -120.736855 158.647247 181.497986
v -115.469536 162.849747 187.024750
v -122.636429 166.131546 178.940491
v -121.168930 158.302521 181.044617
v -122.293884 157.404984 179.864258
v -122.480904 160.536209 177.382233
v -116.687248 160.745346 177.209518
v -121.025780 158.383759 180.946335
v -116.766129 162.754913 176.996796
v -122.559784 162.545776 177.169510
v -103.241325 91.249542 172.947586
v -104.356125 95.187408 173.463730
v -121.932732 110.932495 123.421310
v -121.206955 109.016853 123.898888
v -120.788429 107.296555 123.401405
v -121.042488 107.195778 122.265839
v -121.279022 110.953911 123.730339
v -103.435440 95.633392 172.835709
v -98.287506 96.268127 174.077499
v -101.772934 95.166389 174.955048
v -101.459755 92.564316 174.026352
v -120.813248 111.415764 122.808548
v -116.662018 112.727966 121.763359
v -119.992599 108.839294 121.709663
v -120.545990 107.273605 122.962410
v -102.543938 92.453125 172.424652
v -103.451996 75.035660 125.107185
v -120.369980 106.606339 124.707039
v -104.265366 74.524734 119.184563
v -119.919456 105.068092 122.688004
v -119.862740 103.631020 118.815651
v -120.768806 106.355812 121.802925
v -120.028656 106.757767 122.223221
v -120.748772 106.366684 121.813683
v -119.999603 105.237648 122.744286
v -115.086700 109.348297 117.666527
v -114.273331 109.859222 123.589149
v -117.587059 108.014221 118.124992
v -116.681419 103.722961 118.370819
v -98.168716 77.777618 118.066673
v -97.355347 78.288544 123.989296
v -99.122177 90.661682 170.395477
v -103.704079 90.294006 171.889114
v -102.954353 88.617020 171.098145
v -120.058128 103.938538 122.401939
v -120.807854 105.615524 123.192902
v -120.049133 105.084106 122.759216
v -119.943680 105.078156 122.720299
v -120.017776 105.135330 122.764320
v -119.998283 105.168625 122.767944
v -116.225952 105.983200 121.699272
v -119.996979 105.100296 122.791367
v -60.127052 139.688110 240.072128
v -59.345341 147.431305 245.751007
v -51.519676 142.593307 245.563171
v -53.031895 142.703903 252.443649
v -52.719814 139.380112 250.240250
v -62.909904 136.424362 243.976456
v -59.569706 136.194565 246.165115
v -6.634149 139.535217 254.979874
v -7.170531 140.271027 255.347733
v 1.462478 144.104675 258.956635
v -8.682747 140.381622 262.228210
v -4.338194 134.421860 259.248627
v -7.834286 136.322021 259.656952
v -8.370668 137.057831 260.024811
v -8.109324 182.191406 265.710052
v -8.800383 185.531601 263.620667
v -7.203443 182.815811 258.750916
v -5.154303 189.514786 262.529968
v -2.233805 192.040543 261.485352
v -1.156244 188.843399 256.767609
v 2.014887 180.858292 261.692657
v -1.974762 94.730789 209.820999
v -7.306931 91.260422 213.320999
v -7.909307 94.101242 210.441360
v -1.415960 92.095467 212.492325
v -2.115955 143.477417 257.939911
v -7.261186 91.961998 214.470596
v -7.019457 137.985443 263.489166
v -0.947986 91.341934 216.204468
v -1.084911 138.614990 262.868805
v -6.879918 89.809990 215.934036
v -8.050501 142.847870 258.560272
v -1.325979 93.475464 214.753586
v -45.273010 78.072792 208.181259
v -44.522881 77.238815 206.525421
v -44.234539 78.003319 206.270996
v -44.651234 78.935219 207.355820
v -44.317554 78.674004 205.895599
v -94.597198 91.166214 176.826035
v -96.079720 87.235451 178.134171
v -96.829849 88.069427 179.790009
v -43.930187 78.810280 206.002441
v -43.040356 81.169579 205.217285
v -44.401646 79.281410 207.024475
v -44.652790 79.224464 207.011688
v -42.530190 81.793556 210.813217
v -42.578541 80.986221 212.125381
v -44.862320 81.143349 210.628937
v -42.878471 82.389954 213.085022
v -60.915829 140.317825 248.652420
v -41.894791 82.055061 213.506195
v -64.256027 140.547623 246.463760
v -61.473179 143.811371 242.559433
v -42.079468 84.407097 206.724609
v -42.132877 83.069786 212.807922
v -41.699078 82.022751 210.883072
v -42.905338 82.872810 212.771088
v -76.251724 246.744965 202.789413
v -77.258743 245.019791 202.887848
v -76.652588 244.657516 202.739807
v -75.427330 245.538986 202.542877
v -76.045273 244.270706 202.173508
v -86.141945 246.675049 141.017456
v -88.831451 250.609467 141.821777
v -89.838470 248.884293 141.920212
v -75.807182 244.152252 202.533356
v -73.562218 242.810547 201.985092
v -75.342117 245.414322 202.517395
v -75.374603 245.446869 202.460403
v -121.936661 109.611923 124.318092
v -122.686020 111.065468 123.166710
v -117.857185 110.901451 123.290970
v -122.615784 157.721191 182.020462
v -121.868210 155.080826 181.674744
v -120.098946 155.077438 180.518982
v -117.785904 158.249329 183.017853
v -119.211739 157.610657 183.139557
v -119.349174 158.051193 183.176788
v -119.059067 157.846878 183.338409
v -119.587997 158.310532 182.971481
v -120.517235 156.569611 180.711853
v -121.803215 167.212112 182.781052
v -122.797447 165.637238 182.052155
v -117.990028 165.320343 181.667145
v -125.963562 198.420441 115.537979
v -124.969330 199.995316 116.266869
v -125.782654 198.408508 115.523491
v -124.574539 199.537506 116.022430
v -121.156143 198.103546 115.152954
v -124.120102 198.298920 115.390335
v -124.516052 197.965363 116.159233
v -71.490578 248.875366 203.988113
v -73.015099 247.973160 204.245483
v -68.684837 243.878799 203.092484
v -73.646622 246.259354 204.267166
v -74.175644 247.549515 202.973297
v -88.283669 250.971680 139.685654
v -84.877068 252.987701 139.110535
v -82.071327 247.991135 138.214905
v -75.178200 246.945679 203.201248
v -74.666168 246.689270 202.763458
v -2.140081 137.840286 262.161133
v -4.436036 142.953644 257.892395
v -5.636173 139.740448 262.569458
v -38.156731 81.828667 214.438812
v -41.547634 81.945778 213.649155
v -41.275051 85.663101 209.080414
v -39.977707 82.773766 211.492508
v -42.165844 83.061378 212.806351
v -42.475189 82.449913 213.757492
v -38.925251 83.887726 212.960861
v -44.844204 64.026543 166.079590
v -41.055157 62.233459 166.340302
v -41.448650 77.762169 211.201263
v -37.659603 75.969093 211.461975
v -39.353573 65.658928 165.169495
v -35.958019 79.394554 210.291168
v -43.142620 67.452003 164.908783
v -39.747066 81.187630 210.030457
v -60.177940 147.416107 244.654663
v -55.094643 167.486145 250.939331
v -49.275330 166.025391 250.897339
v -54.358627 145.955353 244.612671
v -60.627518 145.432587 251.352692
v -55.544220 165.502625 257.637360
v -49.724907 164.041870 257.595367
v -54.808205 143.971832 251.310699
v -83.847816 246.125763 135.285156
v -58.140999 261.134735 132.084656
v -57.123970 260.649445 137.977875
v -82.830788 245.640503 141.178375
v -61.527237 267.165070 133.165588
v -87.234062 252.156097 136.366089
v -60.510208 266.679779 139.058807
v -86.217033 251.670837 142.259308
v -5.415649 179.876541 260.396179
v -34.087376 249.945908 206.362335
v 0.182266 182.028519 260.216431
v -28.489460 252.097885 206.182556
v -29.789967 255.956528 211.876373
v -1.118239 185.887161 265.910278
v -35.387882 253.804550 212.056152
v -6.716154 183.735184 266.090027
v 1.156819 182.853119 260.025269
v 0.832681 142.784088 257.441467
v -5.022691 142.915466 256.138672
v -4.698554 182.984497 258.722473
v -0.693945 142.356781 264.259583
v -0.369808 182.425812 266.843384
v -6.225180 182.557190 265.540588
v -6.549318 142.488159 262.956787
v -72.448601 247.695053 205.099899
v -68.270050 242.796249 204.501953
v -69.732796 248.257614 205.795700
v -72.968224 246.969910 204.788025
v -56.214802 268.195312 136.914749
v -73.356506 247.729355 203.928604
v -60.013916 267.408356 135.941391
v -54.752056 262.733948 135.621002
v -97.251549 210.497757 194.894699
v -97.992096 210.474182 192.399689
v -97.549789 211.250015 192.596207
v -102.386795 202.765640 190.447098
v -102.088554 202.013382 192.745590
v -98.342239 211.518768 193.318756
v -103.179245 203.034393 191.169647
v -19.617001 42.842999 142.132507
v -43.194786 64.596962 165.362625
v -18.851290 44.384460 141.605637
v -39.741787 78.564957 211.247635
v -76.047287 247.338699 202.171722
v -73.918793 243.548203 201.492279
v -74.336533 248.194748 202.755234
v -61.141800 262.393005 136.387115
v -63.270290 266.183502 137.066559
v -61.559536 267.039551 137.650070
v -33.620499 256.865662 210.287552
v -32.173954 252.322205 205.100586
v -33.636700 257.783569 206.394333
v -70.879158 247.379593 208.206039
v -70.895363 248.297501 204.312820
v -69.432617 242.836136 203.019073
v -71.818871 244.804001 209.834656
v -68.898369 247.329758 208.790039
v -67.820801 244.132614 204.072296
v -1.866441 186.787949 265.128876
v 1.054057 189.313705 264.084259
v 2.131618 186.116562 259.366516
v -35.603741 256.381439 210.998169
v -35.262547 254.787155 212.156525
v -34.445087 252.361725 208.577545
v -68.650536 246.286560 210.291229
v -68.991730 247.880859 209.132874
v -67.833076 243.861130 206.712250
v -57.770275 138.612625 249.161102
v -56.859825 141.050217 245.612976
v -59.651447 138.384293 248.521530
v -39.453465 82.506966 215.316116
v -38.543015 84.944565 211.767990
v -41.334637 82.278633 214.676544
v -3.494459 136.802490 261.100616
v -2.294322 140.015686 256.423553
v -3.806538 140.126282 263.304016
v -56.395885 142.848648 244.487366
v -57.596024 139.635452 249.164444
v -57.908104 142.959244 251.367844
v -5.888262 140.861938 263.618896
v -4.855455 143.124191 259.474548
v -5.815049 142.855591 263.760223
v -56.015648 145.484283 252.684723
v -56.088860 143.490631 252.543396
v -55.056053 145.752884 248.399033
v -4.071897 186.975983 264.365753
v -3.380837 183.635788 266.455139
v -2.474957 184.260193 259.496002
v -52.516323 172.177994 256.731934
v -51.825264 168.837799 258.821320
v -50.919384 169.462204 251.862183
v -5.196513 182.536224 266.688049
v -4.559230 180.707275 266.189209
v -4.276640 181.954071 261.979034
v -48.938274 168.311600 254.941284
v -49.220867 167.064804 259.151459
v -49.858150 168.893753 259.650299
v -63.679161 130.675476 238.919586
v -91.132454 93.958557 188.659088
v -49.026855 85.794472 211.845734
v -41.350021 94.797905 201.075195
v -56.002327 139.678909 228.149048
v -83.455620 102.961990 177.888550
vn -0.0079 -0.9807 -0.1951
vn -0.0079 -0.9808 -0.1951
vn -0.0079 -0.9808 -0.1950
vn 0.0079 0.9807 -0.1951
vn 0.0079 0.9808 -0.1951
vn 0.0067 0.8315 -0.5556
vn 0.0067 0.8314 -0.5556
vn 0.0067 0.8315 -0.5555
vn 0.0044 0.5556 -0.8315
vn 0.0044 0.5555 -0.8315
vn -0.0079 -0.9807 0.1951
vn -0.0079 -0.9808 0.1951
vn -0.0067 -0.8314 0.5556
vn -0.0044 -0.5556 0.8315
vn 0.0016 0.1951 0.9808
vn 0.0045 0.5555 0.8315
vn 0.0045 0.5556 0.8315
vn 0.0068 0.8314 0.5556
vn 0.0079 0.9807 0.1951
vn 0.0079 0.9807 0.1952
vn 0.0079 0.9808 0.1951
vn -1.0000 0.0081 0.0001
vn -0.0015 -0.1951 0.9808
vn 1.0000 -0.0081 -0.0001
vn 0.0015 0.1951 -0.9808
vn -0.0017 -0.1951 -0.9808
vn -0.0016 -0.1951 -0.9808
vn -0.1569 0.4536 0.8773
vn -0.9673 -0.2497 -0.0440
vn -0.9673 -0.2496 -0.0439
vn -0.1991 0.8556 -0.4779
vn -0.1991 0.8555 -0.4779
vn 0.9673 0.2497 0.0440
vn 0.9673 0.2497 0.0439
vn -0.9673 -0.2497 -0.0439
vn -0.0662 0.8815 -0.4675
vn -0.0662 0.8815 -0.4676
vn -0.1503 0.6957 -0.7024
vn 0.0017 -0.9808 -0.1952
vn 0.0017 -0.9808 -0.1951
vn 0.0011 -0.9808 0.1951
vn 0.0003 -0.8315 0.5556
vn 0.0004 -0.8315 0.5556
vn -0.0005 -0.5556 0.8315
vn -0.0017 0.1951 0.9808
vn -0.0012 -0.1951 0.9808
vn 0.0021 -0.7117 -0.7025
vn -1.0000 -0.0014 -0.0015
vn 0.0003 -0.8315 0.5555
vn -0.0004 -0.5556 0.8315
vn -0.0020 0.5556 0.8315
vn -0.0020 0.8315 0.5556
vn -0.0020 0.8315 0.5555
vn -0.0017 0.9808 0.1951
vn -0.0011 0.9808 -0.1951
vn 1.0000 0.0014 0.0015
vn 0.0005 0.5556 -0.8315
vn 0.0012 0.1951 -0.9808
vn -0.0004 0.8315 -0.5556
vn -0.0003 0.8315 -0.5556
vn 0.0017 -0.1951 -0.9808
vn 0.0020 -0.5556 -0.8315
vn 0.0020 -0.8315 -0.5556
vn -0.9658 -0.1837 0.1832
vn -0.0004 0.8315 -0.5555
vn 0.0013 0.1350 -0.9908
vn 0.0020 -0.8777 -0.4792
vn -0.0021 0.7117 0.7025
vn 0.0018 -0.1951 -0.9808
vn 0.6247 0.5495 -0.5548
vn 0.6248 0.5495 -0.5548
vn -0.0012 0.9890 -0.1479
vn -0.0012 0.9890 -0.1478
vn -0.0020 0.4906 0.8714
vn -0.6246 0.5477 -0.5567
vn -0.6247 0.5477 -0.5566
vn 0.9657 -0.1809 0.1861
vn 0.8346 0.3879 -0.3912
vn 0.0001 0.7025 -0.7117
vn -0.1507 0.6957 -0.7024
vn -0.1500 0.6945 -0.7037
vn -0.1499 0.6944 -0.7038
vn -0.1506 0.6956 -0.7024
vn 0.9891 0.1014 -0.1069
vn 0.1569 -0.4536 -0.8773
vn -0.2291 0.9274 -0.2957
vn -0.2291 0.9280 -0.2940
vn -0.2291 0.9279 -0.2940
vn -0.1496 0.6933 -0.7050
vn -0.1570 0.4536 0.8773
vn 0.9978 -0.0450 0.0485
vn 0.2020 -0.6758 -0.7089
vn 0.1991 -0.8555 0.4779
vn -0.9727 -0.2317 -0.0102
vn -0.0662 0.8814 -0.4676
vn -0.2101 0.8785 -0.4290
vn -0.2100 0.8786 -0.4290
vn -0.2101 0.8786 -0.4290
vn -0.2290 0.9285 -0.2924
vn -0.2399 0.8364 0.4928
vn -0.2399 0.8364 0.4929
vn -0.1572 0.4534 0.8773
vn -0.1571 0.4535 0.8773
vn 0.1568 -0.4536 -0.8773
vn 0.1570 -0.4536 -0.8773
vn 0.1546 -0.7097 0.6873
vn -0.1572 0.4535 0.8773
vn 0.2073 0.5531 -0.8069
vn 0.1473 -0.6946 0.7041
vn 0.9979 -0.0122 0.0639
vn 0.1891 -0.5950 -0.7811
vn -0.9674 -0.2496 -0.0439
vn -0.9673 -0.2496 -0.0440
vn -0.1933 0.6120 0.7669
vn 0.2554 -0.9486 -0.1872
vn 0.2555 -0.9485 -0.1871
vn 0.1569 -0.4535 -0.8773
vn 0.1567 -0.4536 -0.8773
vn -0.6956 -0.1789 0.6958
vn 0.8845 -0.4441 -0.1428
vn -0.1575 0.4536 0.8772
vn 0.4810 0.5620 -0.6729
vn 0.2183 0.0593 -0.9741
vn -0.2069 -0.5540 0.8064
vn 0.9761 -0.0276 0.2155
vn -0.2181 -0.0610 0.9740
vn 0.9801 -0.1983 -0.0134
vn -0.9709 -0.2383 -0.0221
vn 0.1050 0.2758 0.9555
vn -0.5750 0.7472 0.3332
vn 0.1568 -0.4535 -0.8774
vn 0.1568 -0.4535 -0.8773
vn 0.1570 -0.4535 -0.8773
vn 0.1568 -0.4541 -0.8771
vn -0.1567 0.4534 0.8774
vn -0.8995 -0.4324 0.0627
vn -0.8995 -0.4324 0.0626
vn -0.7633 -0.6194 0.1837
vn 0.8860 -0.2238 -0.4061
vn -0.9744 -0.2160 -0.0627
vn -0.9744 -0.2159 -0.0626
vn 0.9799 -0.1631 -0.1151
vn -0.1570 0.4535 0.8773
vn 0.1470 -0.6946 0.7042
vn -0.1582 0.4535 0.8771
vn -0.8721 0.4800 0.0948
vn 0.3366 0.8942 -0.2952
vn -0.8461 0.5272 0.0789
vn -0.4798 -0.5627 0.6732
vn 0.8917 0.4426 0.0946
vn -0.0642 -0.2834 0.9569
vn -0.3369 -0.8934 0.2973
vn 0.9392 -0.3412 0.0391
vn 0.9673 0.2496 0.0439
vn -0.8676 0.4911 0.0783
vn -0.1567 0.4536 0.8773
vn -0.1568 0.4536 0.8773
vn 0.3367 -0.2914 0.8954
vn -0.4396 -0.6837 -0.5825
vn 0.6235 -0.6539 -0.4286
vn 0.4078 -0.7793 0.4758
vn 0.4077 -0.7793 0.4758
vn 0.1611 -0.8647 0.4758
vn 0.1569 -0.4533 -0.8774
vn 0.6266 -0.6409 0.4434
vn 0.6267 -0.6408 0.4434
vn 0.1568 -0.4537 -0.8773
vn -0.5752 -0.7641 0.2922
vn -0.5751 -0.7641 0.2922
vn -0.4077 0.7793 -0.4758
vn -0.4078 0.7793 -0.4758
vn -0.6266 0.6409 -0.4434
vn -0.6267 0.6408 -0.4434
vn -0.9829 0.0152 -0.1836
vn -0.9829 0.0152 -0.1837
vn 0.4396 0.6837 0.5825
vn -0.8681 0.4903 0.0776
vn 0.9244 -0.2453 0.2922
vn 0.8860 -0.2237 -0.4060
vn 0.8861 -0.2237 -0.4059
vn 0.9829 -0.0153 0.1837
vn 0.9829 -0.0152 0.1837
vn 0.9829 -0.0154 0.1837
vn -0.2756 -0.2083 -0.9384
vn -0.8157 0.5780 0.0233
vn -0.3423 -0.3806 -0.8591
vn 0.2181 0.0593 -0.9741
vn -0.0079 -0.9788 0.2049
vn 0.9873 0.0025 -0.1589
vn 0.9873 0.0024 -0.1590
vn 0.9418 0.3280 -0.0744
vn 0.1840 -0.5520 -0.8133
vn 0.2182 0.0593 -0.9741
vn -0.9310 0.3006 -0.2069
vn -0.2753 0.4682 0.8396
vn 0.0531 -0.3690 0.9279
vn 0.9151 -0.1433 -0.3768
vn -0.0966 -0.8911 0.4434
vn -0.0967 -0.8911 0.4434
vn 0.8029 -0.4587 0.3808
vn -0.3477 -0.8568 0.3808
vn -0.1610 0.8647 -0.4758
vn -0.8029 0.4587 -0.3808
vn -0.1567 0.4535 0.8774
vn -0.9244 0.2453 -0.2922
vn -0.9437 0.2916 -0.1560
vn 0.9676 -0.0240 0.2512
vn -0.9679 -0.0084 0.2514
vn -0.1858 0.5512 0.8134
vn 0.8586 0.4374 -0.2672
vn -0.9369 -0.3183 -0.1443
vn 0.1570 -0.4533 -0.8774
vn 0.5751 0.7641 -0.2922
vn 0.3477 0.8568 -0.3808
vn 0.3477 0.8568 -0.3807
vn 0.0966 0.8911 -0.4434
vn 0.9744 0.2159 0.0626
vn 0.8860 -0.2238 -0.4062
vn 0.0647 0.2864 -0.9559
vn 0.0648 0.2864 -0.9559
vn -0.0081 -0.9979 -0.0643
vn 0.0077 0.9443 0.3289
vn -0.2522 0.9416 0.2231
vn 0.8686 0.4121 -0.2750
vn -0.8729 -0.4364 -0.2182
vn 0.2697 -0.5593 0.7839
vn -0.8194 -0.4320 -0.3767
vn 0.0967 0.8911 -0.4434
vn 0.7633 0.6194 -0.1837
vn 0.8995 0.4324 -0.0626
vn 0.9744 0.2160 0.0627
vn -0.0045 -0.5473 -0.8369
vn 0.0081 0.9979 0.0643
vn -0.2522 0.9416 0.2230
vn 0.2487 -0.9431 -0.2206
vn -0.1958 0.1238 -0.9728
vn -0.4838 0.8615 0.1544
vn 0.8884 0.4464 0.1074
vn 0.1839 -0.5519 -0.8134
vn 0.2742 -0.4683 -0.8399
vn 0.3533 -0.4139 0.8390
vn -0.8925 0.0875 0.4425
vn -0.8925 0.0875 0.4424
vn 0.6250 0.0452 -0.7793
vn -0.2291 -0.9355 -0.2691
vn 0.2456 -0.3458 0.9056
vn 0.2457 -0.3458 0.9056
vn 0.0052 0.6502 -0.7597
vn 0.3524 -0.1253 0.9274
vn -0.9358 -0.0472 0.3492
vn 0.2488 -0.9431 -0.2206
vn 0.4830 -0.8623 -0.1524
vn -0.1743 0.0894 -0.9806
vn -0.0000 0.9910 0.1339
vn -0.4837 0.8615 0.1544
vn -0.3221 0.8869 -0.3313
vn -0.9377 -0.1378 0.3189
vn 0.3083 -0.7533 0.5809
vn -0.8666 0.4299 0.2532
vn 0.1975 -0.3416 0.9189
vn -0.8926 0.3187 -0.3188
vn -0.8926 0.3188 -0.3189
vn -0.8926 0.3188 -0.3188
vn -0.0045 -0.5556 -0.8314
vn -0.0045 -0.5555 -0.8315
vn 0.6251 0.0452 -0.7793
vn -0.6244 0.0553 -0.7792
vn -0.6243 0.0553 -0.7792
vn 0.0005 0.0643 -0.9979
vn -0.0068 -0.8314 -0.5556
vn 0.9358 0.0472 -0.3492
vn -0.3525 0.1253 -0.9274
vn -0.3524 0.1253 -0.9274
vn 0.1025 -0.3716 -0.9227
vn 0.1025 -0.3717 -0.9227
vn 0.1359 0.3739 -0.9175
vn 0.9467 0.3028 -0.1096
vn 0.1840 -0.5519 -0.8133
vn -0.9358 -0.0472 0.3493
vn -0.9467 -0.3028 0.1096
vn 0.2596 -0.9190 -0.2967
vn -0.9989 -0.0361 0.0298
vn -0.8401 0.5021 0.2052
vn 0.2352 -0.0599 0.9701
vn 0.2307 -0.0612 0.9711
vn 0.2325 -0.0606 0.9707
vn 0.8670 -0.4297 -0.2521
vn 0.8670 -0.4298 -0.2522
vn -0.0045 -0.5556 -0.8315
vn -0.0068 -0.8315 -0.5556
vn -0.0068 -0.8315 -0.5555
vn -0.2349 -0.9276 -0.2905
vn 0.9668 -0.1921 -0.1686
vn 0.9198 -0.3078 0.2435
vn 0.9198 -0.3077 0.2435
vn 0.2487 -0.9431 -0.2207
vn 0.9358 0.0472 -0.3493
vn 0.9359 0.0472 -0.3492
vn -0.3943 0.8330 0.3882
vn -0.3943 0.8329 0.3882
vn -0.0951 -0.0490 -0.9943
vn -0.0952 -0.0490 -0.9943
vn -0.0953 -0.0490 -0.9942
vn -0.9580 -0.2825 0.0486
vn 0.8399 -0.5032 -0.2035
vn -0.0042 0.4555 -0.8902
vn -0.3083 0.7533 -0.5809
vn 0.6643 -0.2667 -0.6983
vn -0.9272 -0.2931 0.2334
vn 0.2370 -0.0593 0.9697
vn 0.9989 0.0364 -0.0300
vn -0.4837 -0.8484 -0.2149
vn -0.3212 0.4005 -0.8582
vn -0.3212 0.4004 -0.8582
vn -0.3211 0.4005 -0.8582
vn -0.3213 0.4004 -0.8582
vn -0.3213 0.4005 -0.8581
vn -0.3212 0.4005 -0.8581
vn -0.3210 0.4004 -0.8583
vn -0.3212 0.4002 -0.8583
vn -0.3210 0.4005 -0.8582
vn -0.3215 0.4004 -0.8581
vn -0.3214 0.4005 -0.8581
vn -0.3210 0.4004 -0.8582
vn 0.4837 0.8484 0.2149
vn 0.3212 -0.4005 0.8582
vn 0.3213 -0.4005 0.8581
vn 0.3211 -0.4005 0.8582
vn 0.3209 -0.4005 0.8583
vn 0.3211 -0.4004 0.8582
vn 0.3212 -0.4004 0.8582
vn 0.3213 -0.4004 0.8582
vn 0.3210 -0.4005 0.8582
vn 0.3214 -0.4005 0.8581
vn 0.3211 -0.4006 0.8582
vn 0.3212 -0.4005 0.8581
vn 0.3212 -0.4006 0.8581
vn -0.9405 0.1414 0.3091
vn 0.2407 0.9192 0.3117
vn 0.9405 -0.1414 -0.3091
vn 0.1174 -0.9761 0.1829
vn 0.1174 -0.9761 0.1828
vn -0.0187 -0.9830 -0.1828
vn 0.7067 0.6895 -0.1587
vn 0.7067 0.6895 -0.1588
vn -0.0952 -0.0491 -0.9942
vn 0.4829 -0.8623 -0.1524
vn 0.8398 -0.5033 -0.2036
vn -0.1556 -0.0922 -0.9835
vn 0.9468 0.3027 -0.1095
vn 0.1953 -0.8105 -0.5522
vn -0.1103 -0.0150 -0.9938
vn -0.3113 0.7734 -0.5522
vn -0.3114 0.7734 -0.5522
vn -0.2561 0.5014 -0.8265
vn -0.5185 -0.6450 -0.5613
vn 0.0933 -0.5838 -0.8065
vn -0.0385 0.9954 -0.0872
vn -0.5113 0.0553 0.8576
vn -0.5112 0.0553 0.8576
vn -0.8709 -0.4647 0.1597
vn 0.4214 -0.8737 0.2432
vn 0.9268 0.2945 -0.2330
vn 0.8142 -0.3461 -0.4662
vn -0.5188 -0.8325 -0.1944
vn -0.5187 -0.8325 -0.1943
vn -0.5187 -0.8326 -0.1943
vn -0.5858 -0.7960 -0.1522
vn -0.5859 -0.7960 -0.1522
vn -0.6484 -0.7534 -0.1089
vn -0.6485 -0.7534 -0.1089
vn -0.7062 -0.7051 -0.0648
vn -0.7061 -0.7052 -0.0648
vn -0.7585 -0.6514 -0.0201
vn -0.7584 -0.6515 -0.0201
vn -0.7583 -0.6515 -0.0201
vn -0.8454 -0.5296 0.0692
vn -0.8454 -0.5296 0.0693
vn -0.8051 -0.5927 0.0247
vn -0.8050 -0.5927 0.0247
vn -0.8051 -0.5927 0.0248
vn -0.8794 -0.4624 0.1134
vn -0.8794 -0.4625 0.1134
vn -0.9066 -0.3918 0.1565
vn -0.9067 -0.3917 0.1565
vn -0.9405 -0.2418 0.2389
vn -0.9404 -0.2420 0.2390
vn -0.9403 -0.2420 0.2391
vn -0.9271 -0.3180 0.1985
vn -0.9271 -0.3181 0.1985
vn -0.9466 -0.1640 0.2777
vn -0.9455 -0.0848 0.3143
vn -0.9455 -0.0848 0.3144
vn -0.9373 -0.0050 0.3485
vn -0.9373 -0.0049 0.3485
vn -0.9219 0.0749 0.3800
vn -0.8996 0.1541 0.4086
vn -0.8996 0.1542 0.4086
vn -0.8996 0.1543 0.4086
vn -0.8703 0.2323 0.4343
vn -0.8703 0.2323 0.4342
vn -0.8345 0.3088 0.4563
vn -0.8345 0.3087 0.4564
vn -0.7923 0.3827 0.4752
vn -0.7923 0.3828 0.4752
vn -0.7440 0.4539 0.4903
vn -0.7441 0.4538 0.4903
vn -0.6901 0.5215 0.5017
vn -0.6902 0.5215 0.5016
vn -0.6901 0.5215 0.5018
vn -0.6310 0.5851 0.5094
vn -0.6311 0.5852 0.5092
vn -0.6311 0.5852 0.5091
vn -0.5670 0.6445 0.5130
vn -0.5671 0.6445 0.5129
vn -0.4988 0.6988 0.5128
vn -0.4988 0.6987 0.5128
vn -0.4268 0.7478 0.5086
vn -0.4268 0.7477 0.5087
vn -0.4267 0.7477 0.5087
vn -0.3515 0.7911 0.5006
vn -0.3514 0.7910 0.5008
vn -0.3516 0.7911 0.5006
vn -0.2734 0.8284 0.4889
vn -0.2735 0.8283 0.4890
vn -0.1934 0.8594 0.4734
vn -0.1935 0.8593 0.4734
vn -0.0294 0.9015 0.4318
vn -0.0297 0.9015 0.4318
vn -0.1120 0.8838 0.4544
vn -0.1120 0.8838 0.4543
vn -0.1120 0.8837 0.4544
vn -0.0294 0.9015 0.4317
vn 0.1353 0.9163 0.3770
vn 0.1353 0.9163 0.3769
vn 0.0531 0.9124 0.4059
vn 0.0531 0.9123 0.4060
vn 0.2166 0.9132 0.3452
vn 0.2165 0.9133 0.3451
vn 0.2163 0.9133 0.3451
vn 0.2960 0.9032 0.3108
vn 0.2961 0.9032 0.3108
vn 0.2959 0.9033 0.3106
vn 0.3734 0.8863 0.2738
vn 0.3733 0.8863 0.2739
vn 0.4477 0.8627 0.2351
vn 0.5187 0.8326 0.1944
vn 0.5187 0.8326 0.1943
vn 0.5858 0.7960 0.1522
vn 0.5859 0.7960 0.1522
vn 0.5860 0.7959 0.1522
vn 0.6484 0.7535 0.1090
vn 0.6484 0.7535 0.1089
vn 0.7061 0.7052 0.0648
vn 0.7062 0.7051 0.0648
vn 0.7062 0.7050 0.0648
vn 0.7584 0.6515 0.0202
vn 0.7585 0.6513 0.0202
vn 0.7584 0.6515 0.0203
vn 0.8050 0.5927 -0.0247
vn 0.8454 0.5296 -0.0692
vn 0.8454 0.5296 -0.0693
vn 0.8454 0.5297 -0.0692
vn 0.8794 0.4624 -0.1134
vn 0.8794 0.4625 -0.1133
vn 0.8793 0.4625 -0.1133
vn 0.9067 0.3917 -0.1566
vn 0.9067 0.3917 -0.1564
vn 0.9270 0.3180 -0.1986
vn 0.9404 0.2419 -0.2391
vn 0.9404 0.2419 -0.2390
vn 0.9466 0.1641 -0.2777
vn 0.9465 0.1639 -0.2778
vn 0.9455 0.0848 -0.3143
vn 0.9456 0.0848 -0.3142
vn 0.9373 0.0050 -0.3486
vn 0.9373 0.0050 -0.3485
vn 0.9219 -0.0749 -0.3800
vn 0.9220 -0.0749 -0.3800
vn 0.8995 -0.1543 -0.4087
vn 0.8996 -0.1541 -0.4087
vn 0.8703 -0.2324 -0.4341
vn 0.8703 -0.2325 -0.4342
vn 0.8346 -0.3086 -0.4564
vn 0.8345 -0.3086 -0.4564
vn 0.8345 -0.3087 -0.4564
vn 0.7923 -0.3828 -0.4752
vn 0.7440 -0.4539 -0.4903
vn 0.7440 -0.4538 -0.4903
vn 0.6901 -0.5216 -0.5017
vn 0.6901 -0.5215 -0.5017
vn 0.6311 -0.5851 -0.5092
vn 0.6310 -0.5852 -0.5093
vn 0.5671 -0.6444 -0.5130
vn 0.4268 -0.7477 -0.5086
vn 0.4268 -0.7477 -0.5087
vn 0.4988 -0.6988 -0.5127
vn 0.3513 -0.7911 -0.5008
vn 0.3515 -0.7911 -0.5006
vn 0.2735 -0.8283 -0.4890
vn 0.2735 -0.8284 -0.4889
vn 0.1934 -0.8593 -0.4735
vn 0.1118 -0.8838 -0.4543
vn 0.1119 -0.8838 -0.4543
vn 0.1119 -0.8838 -0.4544
vn 0.0296 -0.9015 -0.4319
vn 0.0295 -0.9016 -0.4317
vn 0.0296 -0.9015 -0.4318
vn 0.0295 -0.9016 -0.4316
vn -0.0531 -0.9123 -0.4060
vn -0.1352 -0.9163 -0.3770
vn -0.1353 -0.9163 -0.3769
vn -0.2165 -0.9132 -0.3452
vn -0.2961 -0.9032 -0.3106
vn -0.2961 -0.9032 -0.3107
vn -0.3733 -0.8864 -0.2739
vn -0.3732 -0.8864 -0.2740
vn -0.4478 -0.8627 -0.2350
vn -0.4478 -0.8627 -0.2351
vn -0.5188 -0.8325 -0.1943
vn -0.7062 -0.7050 -0.0648
vn -0.7061 -0.7051 -0.0647
vn -0.7584 -0.6515 -0.0202
vn -0.8050 -0.5928 0.0246
vn -0.8050 -0.5928 0.0247
vn -0.8794 -0.4624 0.1133
vn -0.9271 -0.3180 0.1986
vn -0.9270 -0.3181 0.1985
vn -0.9404 -0.2420 0.2391
vn -0.9404 -0.2419 0.2391
vn -0.9465 -0.1641 0.2778
vn -0.9466 -0.1639 0.2777
vn -0.9373 -0.0049 0.3486
vn -0.9220 0.0749 0.3800
vn -0.8995 0.1542 0.4087
vn -0.8996 0.1542 0.4087
vn -0.8704 0.2324 0.4341
vn -0.8703 0.2324 0.4342
vn -0.8345 0.3088 0.4564
vn -0.7923 0.3828 0.4751
vn -0.6902 0.5214 0.5017
vn -0.6310 0.5852 0.5093
vn -0.5671 0.6444 0.5130
vn -0.4988 0.6988 0.5127
vn -0.4989 0.6987 0.5128
vn -0.4267 0.7478 0.5087
vn -0.3515 0.7911 0.5007
vn -0.2735 0.8283 0.4889
vn -0.2736 0.8283 0.4889
vn -0.1934 0.8593 0.4734
vn -0.1118 0.8838 0.4543
vn -0.1118 0.8838 0.4544
vn -0.0295 0.9015 0.4318
vn -0.0295 0.9015 0.4317
vn 0.2165 0.9132 0.3452
vn 0.2164 0.9132 0.3452
vn 0.2960 0.9032 0.3107
vn 0.3733 0.8864 0.2739
vn 0.4478 0.8627 0.2350
vn 0.4478 0.8627 0.2351
vn 0.5188 0.8325 0.1944
vn 0.6485 0.7534 0.1089
vn 0.6484 0.7534 0.1089
vn 0.7061 0.7051 0.0648
vn 0.7585 0.6514 0.0202
vn 0.7585 0.6514 0.0201
vn 0.8050 0.5928 -0.0247
vn 0.8050 0.5928 -0.0246
vn 0.8794 0.4624 -0.1133
vn 0.8794 0.4625 -0.1134
vn 0.9066 0.3918 -0.1565
vn 0.9067 0.3917 -0.1565
vn 0.9271 0.3181 -0.1985
vn 0.9271 0.3180 -0.1986
vn 0.9404 0.2420 -0.2390
vn 0.9466 0.1640 -0.2778
vn 0.9465 0.1641 -0.2778
vn 0.9455 0.0848 -0.3144
vn 0.9373 0.0049 -0.3485
vn 0.9219 -0.0750 -0.3800
vn 0.8996 -0.1542 -0.4086
vn 0.8704 -0.2323 -0.4342
vn 0.8704 -0.2324 -0.4341
vn 0.8345 -0.3087 -0.4565
vn 0.8345 -0.3088 -0.4564
vn 0.7923 -0.3827 -0.4751
vn 0.7923 -0.3828 -0.4751
vn 0.7441 -0.4538 -0.4903
vn 0.6902 -0.5215 -0.5017
vn 0.5672 -0.6443 -0.5130
vn 0.4988 -0.6987 -0.5128
vn 0.4267 -0.7478 -0.5087
vn 0.3514 -0.7910 -0.5008
vn 0.3514 -0.7911 -0.5007
vn 0.2736 -0.8283 -0.4889
vn 0.1934 -0.8594 -0.4734
vn 0.1934 -0.8593 -0.4734
vn 0.1119 -0.8837 -0.4544
vn 0.0295 -0.9015 -0.4318
vn -0.0531 -0.9124 -0.4059
vn -0.0530 -0.9124 -0.4059
vn -0.1353 -0.9163 -0.3770
vn -0.2166 -0.9132 -0.3451
vn -0.2961 -0.9031 -0.3109
vn -0.2959 -0.9032 -0.3108
vn -0.2960 -0.9033 -0.3106
vn -0.2164 -0.9132 -0.3452
vn -0.3733 -0.8863 -0.2739
vn -0.4477 -0.8627 -0.2351
vn -0.4477 -0.8627 -0.2350
vn -0.9404 0.1414 0.3091
vn 0.2349 0.9276 0.2905
vn -0.3317 -0.5800 -0.7440
vn 0.9405 -0.1414 -0.3090
vn -0.3323 -0.2121 -0.9190
vn 0.2356 -0.8206 0.5206
vn 0.2357 -0.8207 0.5205
vn 0.1174 -0.9761 0.1827
vn -0.1519 -0.8402 -0.5206
vn -0.1519 -0.8402 -0.5205
vn 0.7067 0.6895 -0.1586
vn -0.9559 -0.0757 -0.2837
vn -0.9357 -0.0472 0.3496
vn -0.9359 -0.0472 0.3491
vn 0.0237 -0.2472 -0.9687
vn -0.1413 0.4320 0.8907
vn -0.8586 -0.5013 0.1069
vn 0.2281 0.3053 -0.9245
vn -0.0855 -0.0916 -0.9921
vn 0.0825 -0.5569 -0.8265
vn 0.0824 -0.5569 -0.8265
vn 0.0824 -0.5570 -0.8264
vn 0.2785 -0.9407 -0.1939
vn 0.2784 -0.9407 -0.1939
vn 0.9467 0.3029 -0.1096
vn -0.9467 -0.3029 0.1096
vn -0.3519 0.1776 -0.9190
vn -0.9466 -0.3030 0.1099
vn -0.3192 0.9276 -0.1939
vn -0.1618 0.1530 -0.9749
vn -0.1619 0.1531 -0.9749
vn -0.5187 -0.6449 -0.5613
vn 0.9467 0.3029 -0.1099
vn 0.5113 -0.0553 -0.8576
vn 0.5112 -0.0553 -0.8577
vn -0.8586 -0.0776 -0.5068
vn 0.0385 -0.9954 0.0872
vn -0.0933 -0.0626 -0.9937
vn 0.4906 -0.8407 0.2293
vn 0.8704 0.4658 -0.1598
vn 0.2705 -0.9547 -0.1244
vn -0.4504 -0.0112 -0.8928
vn -0.4503 -0.0112 -0.8928
vn -0.4502 -0.0112 -0.8928
vn -0.4502 -0.0112 -0.8929
vn -0.4504 -0.0112 -0.8927
vn -0.4501 -0.0112 -0.8929
vn -0.4505 -0.0112 -0.8927
vn -0.4505 -0.0113 -0.8927
vn -0.4504 -0.0113 -0.8928
vn -0.4503 -0.0113 -0.8928
vn -0.4502 -0.0113 -0.8928
vn -0.4501 -0.0111 -0.8929
vn -0.4502 -0.0113 -0.8929
vn -0.2705 0.9547 0.1244
vn 0.4502 0.0112 0.8928
vn 0.4503 0.0112 0.8928
vn 0.4501 0.0112 0.8929
vn 0.4502 0.0113 0.8928
vn 0.4502 0.0112 0.8929
vn 0.4503 0.0113 0.8928
vn 0.4500 0.0113 0.8929
vn 0.4500 0.0112 0.8930
vn 0.4504 0.0113 0.8928
vn 0.4504 0.0112 0.8928
vn 0.4502 0.0113 0.8929
vn 0.4506 0.0112 0.8927
vn 0.4505 0.0112 0.8927
vn 0.4500 0.0113 0.8930
vn -0.6995 -0.5784 -0.4197
vn 0.6000 -0.0001 -0.8000
vn 0.6000 -0.0000 -0.8000
vn -0.5113 0.0554 0.8576
vn 0.3213 -0.4005 0.8582
vn 0.3210 -0.4004 0.8583
vn 0.2708 -0.2380 0.9328
vn 0.1715 -0.5876 0.7908
vn 0.0592 0.9636 -0.2606
vn 0.0592 0.9636 -0.2607
vn -0.4508 0.3687 -0.8129
vn -0.2934 -0.7967 -0.5284
vn 0.9404 -0.1414 -0.3091
vn -0.3368 -0.5112 -0.7908
vn -0.3368 -0.5112 -0.7907
vn 0.1715 -0.5876 0.7907
vn -0.0000 -0.9910 -0.1339
vn -0.2621 -0.5695 -0.7791
vn -0.2620 -0.5695 -0.7791
vn 0.9359 0.0473 -0.3492
vn 0.3180 -0.5402 0.7791
vn 0.3180 -0.5403 0.7791
vn -0.9359 -0.0472 0.3492
vn 0.3180 -0.5402 0.7792
vn -0.9357 -0.0473 0.3496
vn -0.0237 0.2472 0.9687
vn -0.1056 -0.9641 0.2435
vn -0.1055 -0.9641 0.2435
vn -0.5546 -0.0225 0.8318
vn 0.3524 0.8790 0.3211
vn -0.0430 -0.2186 -0.9749
vn 0.0825 -0.5570 -0.8264
vn 0.3192 -0.9276 0.1939
vn 0.2561 -0.5014 0.8265
vn 0.2561 -0.5013 0.8265
vn 0.1618 -0.1531 0.9749
vn 0.1619 -0.1531 0.9749
vn -0.3180 0.5402 -0.7791
vn -0.3180 0.5403 -0.7791
vn -0.2785 0.9407 0.1939
vn -0.2784 0.9407 0.1939
vn -0.1618 0.1531 -0.9749
vn -0.0824 0.5569 0.8265
vn -0.1953 0.8105 0.5522
vn -0.1365 -0.0833 -0.9871
vn 0.8704 0.4658 -0.1599
vn 0.8509 0.2975 -0.4329
vn 0.8510 0.2975 -0.4329
vn 0.2331 -0.9667 -0.1054
vn 0.2331 -0.9667 -0.1053
vn 0.1571 -0.9853 -0.0668
vn 0.0799 -0.9964 -0.0277
vn 0.0020 -0.9999 0.0115
vn 0.0020 -0.9999 0.0116
vn -0.0758 -0.9958 0.0509
vn -0.0758 -0.9958 0.0508
vn -0.0758 -0.9958 0.0507
vn -0.1530 -0.9842 0.0896
vn -0.1531 -0.9842 0.0895
vn -0.2291 -0.9650 0.1278
vn -0.2291 -0.9650 0.1277
vn -0.2292 -0.9650 0.1278
vn -0.3035 -0.9385 0.1649
vn -0.3035 -0.9385 0.1648
vn -0.4446 -0.8643 0.2351
vn -0.4447 -0.8643 0.2351
vn -0.3755 -0.9048 0.2008
vn -0.3755 -0.9048 0.2007
vn -0.5105 -0.8171 0.2678
vn -0.5105 -0.8172 0.2677
vn -0.5104 -0.8172 0.2676
vn -0.5724 -0.7638 0.2983
vn -0.5723 -0.7639 0.2982
vn -0.6300 -0.7046 0.3265
vn -0.6299 -0.7047 0.3266
vn -0.6827 -0.6402 0.3523
vn -0.6826 -0.6402 0.3523
vn -0.7302 -0.5708 0.3755
vn -0.7303 -0.5708 0.3754
vn -0.7722 -0.4970 0.3958
vn -0.7722 -0.4970 0.3957
vn -0.7724 -0.4968 0.3958
vn -0.8084 -0.4195 0.4130
vn -0.8084 -0.4194 0.4129
vn -0.8383 -0.3389 0.4271
vn -0.8383 -0.3388 0.4271
vn -0.8620 -0.2553 0.4379
vn -0.8619 -0.2556 0.4379
vn -0.8619 -0.2557 0.4379
vn -0.8619 -0.2555 0.4379
vn -0.8790 -0.1702 0.4455
vn -0.8790 -0.1702 0.4454
vn -0.8790 -0.1703 0.4455
vn -0.8893 -0.0838 0.4495
vn -0.8893 -0.0837 0.4495
vn -0.8893 -0.0839 0.4495
vn -0.8897 0.0904 0.4475
vn -0.8897 0.0904 0.4476
vn -0.8929 0.0035 0.4502
vn -0.8929 0.0034 0.4503
vn -0.8929 0.0033 0.4503
vn -0.8797 0.1769 0.4413
vn -0.8797 0.1771 0.4414
vn -0.8797 0.1768 0.4413
vn -0.8630 0.2620 0.4319
vn -0.8629 0.2622 0.4320
vn -0.8398 0.3451 0.4191
vn -0.8397 0.3453 0.4191
vn -0.8101 0.4256 0.4032
vn -0.7744 0.5028 0.3841
vn -0.7743 0.5029 0.3841
vn -0.7743 0.5030 0.3841
vn -0.7326 0.5763 0.3622
vn -0.7325 0.5764 0.3622
vn -0.6853 0.6454 0.3374
vn -0.6853 0.6453 0.3375
vn -0.6853 0.6453 0.3376
vn -0.6328 0.7094 0.3102
vn -0.6328 0.7094 0.3103
vn -0.5755 0.7682 0.2806
vn -0.5755 0.7681 0.2806
vn -0.5138 0.8211 0.2487
vn -0.5138 0.8210 0.2488
vn -0.5138 0.8210 0.2489
vn -0.3792 0.9077 0.1798
vn -0.4482 0.8676 0.2152
vn -0.4483 0.8676 0.2151
vn -0.4483 0.8676 0.2150
vn -0.3073 0.9408 0.1432
vn -0.3073 0.9408 0.1431
vn -0.2330 0.9667 0.1054
vn -0.2331 0.9667 0.1053
vn -0.1571 0.9853 0.0668
vn -0.0799 0.9964 0.0277
vn -0.0799 0.9964 0.0276
vn -0.0020 0.9999 -0.0116
vn -0.0020 0.9999 -0.0115
vn 0.0758 0.9958 -0.0507
vn 0.1530 0.9842 -0.0896
vn 0.1530 0.9842 -0.0895
vn 0.2291 0.9650 -0.1277
vn 0.2291 0.9650 -0.1276
vn 0.3035 0.9385 -0.1648
vn 0.3034 0.9385 -0.1649
vn 0.4447 0.8642 -0.2352
vn 0.4447 0.8643 -0.2352
vn 0.3755 0.9048 -0.2007
vn 0.5104 0.8172 -0.2677
vn 0.5724 0.7638 -0.2983
vn 0.5105 0.8172 -0.2677
vn 0.6299 0.7047 -0.3266
vn 0.6299 0.7047 -0.3265
vn 0.6826 0.6402 -0.3523
vn 0.6827 0.6401 -0.3523
vn 0.6827 0.6402 -0.3523
vn 0.7302 0.5708 -0.3754
vn 0.7723 0.4970 -0.3957
vn 0.7723 0.4971 -0.3957
vn 0.8084 0.4195 -0.4130
vn 0.8084 0.4195 -0.4129
vn 0.8384 0.3387 -0.4271
vn 0.8384 0.3388 -0.4271
vn 0.8383 0.3389 -0.4270
vn 0.8619 0.2557 -0.4379
vn 0.8620 0.2554 -0.4379
vn 0.8619 0.2556 -0.4379
vn 0.8620 0.2553 -0.4379
vn 0.8790 0.1705 -0.4454
vn 0.8790 0.1703 -0.4455
vn 0.8893 0.0837 -0.4495
vn 0.8929 -0.0035 -0.4502
vn 0.8929 -0.0034 -0.4503
vn 0.8929 -0.0033 -0.4503
vn 0.8897 -0.0904 -0.4476
vn 0.8897 -0.0904 -0.4475
vn 0.8897 -0.0905 -0.4475
vn 0.8797 -0.1770 -0.4414
vn 0.8630 -0.2621 -0.4319
vn 0.8397 -0.3452 -0.4192
vn 0.8397 -0.3453 -0.4191
vn 0.8397 -0.3452 -0.4191
vn 0.8398 -0.3449 -0.4192
vn 0.8101 -0.4257 -0.4032
vn 0.7743 -0.5028 -0.3842
vn 0.7743 -0.5029 -0.3842
vn 0.7742 -0.5029 -0.3842
vn 0.7742 -0.5030 -0.3842
vn 0.7327 -0.5762 -0.3621
vn 0.7327 -0.5762 -0.3622
vn 0.7326 -0.5763 -0.3622
vn 0.6854 -0.6452 -0.3375
vn 0.6853 -0.6453 -0.3375
vn 0.6853 -0.6454 -0.3375
vn 0.6328 -0.7095 -0.3101
vn 0.6328 -0.7094 -0.3103
vn 0.5755 -0.7682 -0.2806
vn 0.5138 -0.8211 -0.2487
vn 0.5139 -0.8210 -0.2488
vn 0.4482 -0.8677 -0.2151
vn 0.4483 -0.8677 -0.2150
vn 0.3792 -0.9077 -0.1798
vn 0.3073 -0.9408 -0.1431
vn 0.0021 -0.9999 0.0116
vn -0.1531 -0.9841 0.0896
vn -0.3034 -0.9385 0.1649
vn -0.4447 -0.8642 0.2352
vn -0.6300 -0.7046 0.3266
vn -0.6827 -0.6402 0.3524
vn -0.7302 -0.5708 0.3754
vn -0.7722 -0.4971 0.3957
vn -0.7723 -0.4970 0.3957
vn -0.8084 -0.4196 0.4129
vn -0.8083 -0.4196 0.4129
vn -0.8083 -0.4197 0.4129
vn -0.8384 -0.3388 0.4270
vn -0.8620 -0.2555 0.4379
vn -0.8790 -0.1703 0.4454
vn -0.8893 -0.0838 0.4496
vn -0.8929 0.0033 0.4502
vn -0.8897 0.0905 0.4476
vn -0.8797 0.1769 0.4414
vn -0.8630 0.2621 0.4319
vn -0.8630 0.2621 0.4320
vn -0.8398 0.3452 0.4191
vn -0.8397 0.3452 0.4191
vn -0.8397 0.3452 0.4192
vn -0.8101 0.4257 0.4032
vn -0.7743 0.5029 0.3842
vn -0.7743 0.5028 0.3841
vn -0.7326 0.5763 0.3623
vn -0.6853 0.6453 0.3374
vn -0.6853 0.6454 0.3375
vn -0.6328 0.7095 0.3101
vn -0.6329 0.7094 0.3103
vn -0.4482 0.8677 0.2151
vn -0.2330 0.9667 0.1053
vn -0.2331 0.9667 0.1054
vn -0.0799 0.9964 0.0278
vn 0.0758 0.9958 -0.0508
vn -0.0021 0.9999 -0.0116
vn 0.3034 0.9385 -0.1648
vn 0.4447 0.8643 -0.2351
vn 0.5105 0.8171 -0.2678
vn 0.5723 0.7639 -0.2982
vn 0.6827 0.6401 -0.3524
vn 0.7303 0.5707 -0.3754
vn 0.7722 0.4970 -0.3957
vn 0.8083 0.4196 -0.4130
vn 0.8384 0.3388 -0.4270
vn 0.8383 0.3389 -0.4271
vn 0.8790 0.1704 -0.4454
vn 0.8893 0.0837 -0.4496
vn 0.8893 0.0838 -0.4495
vn 0.8929 -0.0033 -0.4502
vn 0.8929 -0.0035 -0.4503
vn 0.8896 -0.0903 -0.4476
vn 0.8896 -0.0902 -0.4477
vn 0.8797 -0.1771 -0.4414
vn 0.8797 -0.1769 -0.4414
vn 0.8630 -0.2620 -0.4320
vn 0.8398 -0.3450 -0.4191
vn 0.7742 -0.5030 -0.3841
vn 0.7743 -0.5029 -0.3841
vn 0.6853 -0.6454 -0.3374
vn 0.6328 -0.7095 -0.3102
vn 0.6329 -0.7094 -0.3102
vn 0.5755 -0.7682 -0.2805
vn 0.5138 -0.8210 -0.2488
vn 0.4482 -0.8676 -0.2151
vn 0.3793 -0.9077 -0.1798
vn 0.3073 -0.9408 -0.1432
vn -0.5114 0.0553 0.8576
vn 0.9989 0.0365 -0.0300
vn -0.5112 0.0553 0.8577
vn 0.2269 -0.9538 0.1968
vn 0.3288 0.1478 0.9327
vn 0.3288 0.1478 0.9328
vn -0.9405 0.1414 0.3090
vn 0.0462 -0.8478 0.5284
vn 0.0462 -0.8478 0.5283
vn -0.0279 0.3051 -0.9519
vn -0.0862 -0.9788 0.1856
vn -0.0862 -0.9788 0.1855
vn -0.2456 0.3458 -0.9056
vn -0.2055 -0.9609 -0.1855
vn -0.2055 -0.9609 -0.1856
vn -0.2935 -0.7967 -0.5284
vn -0.3288 -0.1478 -0.9328
vn 0.0462 -0.8477 0.5284
vn -0.9358 -0.0471 0.3492
vn 0.3519 -0.1776 0.9190
vn -0.0234 0.2472 0.9687
vn 0.0236 -0.2472 -0.9687
vn 0.4147 -0.8019 -0.4301
vn 0.4012 0.1681 -0.9004
vn 0.3114 -0.7734 0.5522
vn 0.3113 -0.7734 0.5522
vn 0.0430 0.2186 0.9749
vn 0.2561 -0.5014 0.8264
vn 0.8586 0.5013 -0.1069
vn -0.2357 0.8206 -0.5206
vn 0.9467 0.3028 -0.1097
vn -0.6896 0.7236 -0.0282
vn -0.6896 0.7236 -0.0283
vn -0.2818 -0.1390 0.9494
vn 0.4501 0.0113 0.8929
vn -0.5411 -0.7497 -0.3811
vn 0.2180 0.9736 0.0671
vn 0.2181 0.9736 0.0672
vn 0.2181 0.9736 0.0671
vn 0.9989 0.0362 -0.0300
vn 0.9989 0.0366 -0.0300
vn 0.0046 -0.9977 0.0671
vn 0.8586 0.0776 0.5068
vn 0.5114 -0.0553 -0.8576
vn -0.9405 0.1415 0.3091
vn -0.3367 -0.5112 -0.7908
vn -0.0862 -0.9789 0.1855
vn -0.9405 0.1413 0.3090
vn -0.9405 0.1415 0.3090
vn -0.2708 0.2380 -0.9328
vn 0.9358 0.0471 -0.3494
vn 0.3323 0.2121 0.9190
vn 0.6300 -0.7486 0.2065
vn 0.6300 -0.7487 0.2065
vn 0.9944 -0.0944 0.0484
vn 0.8791 -0.4562 0.1380
vn 0.8791 -0.4563 0.1380
vn 0.3850 -0.4931 0.7802
vn 0.3850 -0.4931 0.7801
vn 0.5120 -0.8292 0.2242
vn 0.5411 0.7497 0.3811
vn -0.9467 -0.3028 0.1097
vn -0.1174 0.9761 -0.1828
vn 0.2208 -0.9753 -0.0067
vn -0.1597 -0.0980 -0.9823
vn -0.4012 -0.1681 0.9004
vn 0.2666 -0.9619 -0.0608
vn 0.9989 0.0361 -0.0300
vn 0.9989 0.0363 -0.0300
vn 0.7466 -0.4657 0.4751
vn 0.6110 -0.6785 0.4080
vn 0.6109 -0.6784 0.4080
vn 0.4337 -0.8449 0.3130
vn 0.4337 -0.8449 0.3131
vn 0.2268 -0.9539 0.1967
vn -0.2180 -0.9736 -0.0671
vn 0.0046 -0.9977 0.0672
vn 0.5113 -0.0554 -0.8576
vn -0.6045 -0.7325 -0.3131
vn -0.6044 -0.7326 -0.3130
vn -0.7420 -0.5320 -0.4080
vn 0.3368 0.5112 0.7908
vn 0.3367 0.5112 0.7907
vn 0.9405 -0.1415 -0.3090
vn 0.0187 0.9830 0.1828
vn 0.2621 0.5695 0.7791
vn 0.9359 0.0471 -0.3491
vn 0.0238 -0.2472 -0.9687
vn 0.2850 -0.9271 0.2436
vn -0.0238 0.2472 0.9687
vn 0.9582 0.2819 -0.0484
vn 0.9582 0.2818 -0.0485
vn 0.9159 -0.0623 0.3965
vn 0.7827 -0.5736 0.2417
vn 0.5410 -0.8367 0.0849
vn 0.5410 -0.8367 0.0848
vn 0.4014 0.1680 -0.9004
vn -0.4723 0.8814 -0.0112
vn -0.0631 -0.0212 0.9978
vn -0.4013 -0.1681 0.9004
vn 0.8278 -0.3948 -0.3986
vn 0.8278 -0.3949 -0.3986
vn -0.0046 0.9977 -0.0671
vn 0.4257 0.8832 0.1968
vn 0.6044 0.7326 0.3131
vn 0.6044 0.7326 0.3130
vn 0.7420 0.5320 0.4080
vn 0.8289 0.2952 0.4751
vn 0.8594 0.0382 0.5098
vn 0.8594 0.0382 0.5099
vn 0.8313 -0.2213 0.5098
vn 0.8313 -0.2212 0.5098
vn -0.4257 -0.8832 -0.1969
vn -0.4257 -0.8832 -0.1968
vn 0.5112 -0.0554 -0.8577
vn -0.8289 -0.2952 -0.4751
vn 0.8594 0.0383 0.5099
vn 0.3367 0.5112 0.7908
vn 0.2934 0.7967 0.5284
vn -0.1715 0.5876 -0.7908
vn -0.9404 0.1415 0.3091
vn 0.9404 -0.1415 -0.3091
vn 0.1519 0.8402 0.5206
vn -0.3518 0.1775 -0.9191
vn 0.2620 0.5695 0.7791
vn -0.3520 0.1776 -0.9190
vn -0.1034 -0.9644 0.2436
vn 0.7762 0.6152 -0.1380
vn 0.9248 -0.3626 0.1152
vn 0.9052 -0.2232 0.3617
vn 0.9052 -0.2231 0.3617
vn 0.2169 -0.9725 -0.0849
vn -0.1953 0.8105 0.5523
vn -0.9359 -0.0471 0.3492
vn 0.4723 -0.8814 0.0112
vn 0.0631 0.0212 -0.9978
vn 0.4200 0.9064 0.0458
vn -0.4337 0.8449 -0.3131
vn -0.4337 0.8449 -0.3130
vn -0.6109 0.6785 -0.4080
vn -0.6110 0.6784 -0.4080
vn 0.8899 0.1613 0.4266
vn 0.8899 0.1613 0.4267
vn 0.3265 -0.6049 0.7263
vn 0.7391 -0.6401 0.2098
vn -0.2269 0.9538 -0.1968
vn -0.2269 0.9538 -0.1967
vn 0.8290 0.2952 0.4751
vn -0.8594 -0.0383 -0.5098
vn -0.8594 -0.0382 -0.5098
vn -0.0462 0.8478 -0.5284
vn -0.0462 0.8477 -0.5284
vn 0.9405 -0.1413 -0.3090
vn -0.9404 0.1414 0.3093
vn -0.1715 0.5876 -0.7907
vn 0.9404 -0.1415 -0.3092
vn 0.3368 0.5112 0.7907
vn 0.2935 0.7967 0.5284
vn 0.9405 -0.1413 -0.3091
vn 0.0186 0.9830 0.1828
vn -0.3521 0.1776 -0.9190
vn -0.4761 -0.8548 0.2065
vn 0.9944 -0.0944 0.0485
vn 0.4761 0.8548 -0.2065
vn 0.4760 0.8548 -0.2065
vn -0.2850 0.9271 -0.2436
vn -0.6300 0.7486 -0.2065
vn -0.6300 0.7487 -0.2065
vn -0.4759 -0.8017 -0.3617
vn -0.1401 -0.9602 -0.2417
vn 0.2170 -0.9725 -0.0848
vn -0.7762 -0.6152 0.1380
vn 0.9867 -0.1513 0.0592
vn 0.0630 0.0211 -0.9978
vn 0.7259 0.3818 -0.5721
vn 0.7259 0.3817 -0.5721
vn -0.0632 -0.0213 0.9978
vn 0.8658 0.4961 0.0652
vn -0.5112 0.0554 0.8577
vn -0.7466 0.4657 -0.4751
vn 0.7391 0.5212 0.4266
vn 0.7392 0.5212 0.4266
vn -0.8313 0.2213 -0.5098
vn -0.2054 -0.9609 -0.1855
vn 0.2055 0.9609 0.1856
vn 0.2055 0.9609 0.1855
vn -0.0462 0.8478 -0.5283
vn -0.9582 -0.2818 0.0484
vn -0.9582 -0.2819 0.0484
vn -0.9944 0.0944 -0.0485
vn -0.2357 0.8207 -0.5205
vn 0.9582 0.2818 -0.0484
vn 0.1034 0.9644 -0.2436
vn 0.0235 -0.2471 -0.9687
vn -0.7392 -0.5212 -0.4266
vn -0.0630 -0.0212 0.9978
vn 0.0630 0.0212 -0.9978
vn 0.9867 -0.1512 0.0592
vn 0.6099 0.7905 0.0553
vn 0.9632 -0.2629 0.0553
vn 0.9899 0.1262 0.0652
vn 0.8792 0.4720 0.0656
vn 0.6471 0.3553 0.6745
vn 0.0631 0.0211 -0.9978
vn 0.1273 -0.9918 -0.0130
vn -0.2612 -0.9646 -0.0370
vn 0.8658 0.4962 0.0652
vn 0.4759 0.8017 0.3617
vn -0.4012 -0.1681 0.9005
vn -0.9405 0.1413 0.3091
vn 0.2934 0.7967 0.5283
vn -0.9405 0.1416 0.3090
vn 0.0862 0.9789 -0.1855
vn 0.0862 0.9788 -0.1855
vn 0.0862 0.9788 -0.1856
vn -0.9404 0.1414 0.3092
vn -0.2055 -0.9609 -0.1854
vn -0.8791 0.4562 -0.1380
vn -0.9582 -0.2818 0.0485
vn -0.9582 -0.2819 0.0485
vn -0.8791 0.4563 -0.1380
vn -0.8899 -0.1613 -0.4266
vn -0.8899 -0.1613 -0.4267
vn 0.7392 0.5211 0.4266
vn -0.0631 -0.0211 0.9978
vn 0.2612 0.9646 0.0370
vn 0.7899 -0.6121 0.0370
vn 0.7900 -0.6121 0.0370
vn 0.4964 -0.8680 0.0130
vn -0.6099 -0.7905 -0.0553
vn 0.1401 0.9602 0.2417
vn -0.7827 0.5736 -0.2417
vn -0.4011 -0.1681 0.9005
vn -0.9404 0.1415 0.3092
vn 0.2054 0.9609 0.1856
vn 0.9404 -0.1413 -0.3092
vn -0.9944 0.0944 -0.0484
vn -0.9052 0.2232 -0.3617
vn -0.9052 0.2231 -0.3617
vn -0.5410 0.8367 -0.0849
vn -0.1273 0.9918 0.0130
vn -0.0629 -0.0212 0.9978
vn -0.8658 -0.4961 -0.0652
vn -0.2169 0.9725 0.0849
vn -0.2170 0.9725 0.0849
vn 0.9404 -0.1414 -0.3092
vn 0.2055 0.9609 0.1857
vn 0.4013 0.1681 -0.9004
vn -0.2169 0.9725 0.0848
vn -0.4964 0.8680 -0.0130
vn -0.9899 -0.1262 -0.0652
vn 0.2935 0.7966 0.5284
vn -0.9702 -0.2399 0.0328
vn -0.9702 -0.2399 0.0327
vn -0.7391 -0.5212 -0.4266
vn -0.7899 0.6121 -0.0370
vn -0.7900 0.6120 -0.0370
vn -0.9632 0.2629 -0.0553
vn -0.7900 0.6121 -0.0370
vn -0.9957 0.0886 -0.0282
vn 0.0758 0.9488 0.3066
vn 0.0757 0.9488 0.3066
vn -0.0000 0.3034 0.9529
vn 0.9957 -0.0886 0.0282
vn 0.0929 0.9487 -0.3021
vn 0.9957 -0.0885 0.0282
vn -0.0000 -0.3034 -0.9529
vn -0.9957 0.0885 -0.0282
vn -0.9127 0.2024 0.3551
vn -0.3270 0.9005 -0.2867
vn -0.0000 -0.3076 -0.9515
vn -0.0000 -0.3035 -0.9528
vn -0.0000 -0.3077 -0.9515
vn -0.0000 -0.3086 -0.9512
vn -0.6859 -0.1591 -0.7101
vn -0.6859 -0.1590 -0.7101
vn -0.9364 -0.0000 -0.3511
vn 0.9498 -0.1754 -0.2590
vn 0.9498 -0.1754 -0.2591
vn 1.0000 -0.0000 -0.0000
vn -0.0259 -0.5554 -0.8311
vn -0.0259 -0.5555 -0.8311
vn -0.0581 -0.8296 -0.5553
vn -0.0581 -0.8296 -0.5554
vn -0.0580 -0.8294 -0.5556
vn -0.0581 -0.8295 -0.5555
vn -0.0814 -0.9774 -0.1950
vn -0.9926 0.1197 -0.0221
vn -0.9926 0.1197 -0.0220
vn -0.9926 0.1198 -0.0220
vn -0.0893 -0.8268 0.5553
vn -0.0893 -0.8268 0.5554
vn -0.0726 -0.5513 0.8311
vn -0.0448 -0.1919 0.9804
vn 0.0259 0.5555 0.8311
vn 0.0259 0.5554 0.8312
vn 0.0259 0.5554 0.8311
vn 0.0726 0.5513 -0.8311
vn 0.0448 0.1919 -0.9804
vn -0.0929 -0.9487 0.3021
vn 0.0103 -0.1968 -0.9804
vn -0.0924 -0.9764 0.1950
vn -0.0103 0.1968 0.9804
vn 0.0581 0.8296 0.5554
vn 0.0581 0.8296 0.5553
vn 0.0814 0.9774 0.1950
vn 0.0924 0.9764 -0.1950
vn 0.0924 0.9765 -0.1950
vn 0.0893 0.8268 -0.5554
vn 0.0893 0.8268 -0.5553
vn 0.5023 -0.4702 0.7257
vn 0.5022 -0.4702 0.7258
vn 0.5024 -0.4703 0.7256
vn 0.5022 -0.4702 0.7257
vn 0.4486 -0.4352 0.7806
vn 0.4486 -0.4351 0.7807
vn 0.4486 -0.4351 0.7806
vn -0.5023 0.4702 -0.7257
vn -0.5023 0.4701 -0.7257
vn 0.1570 -0.3582 0.9203
vn 0.1570 -0.3581 0.9204
vn -0.5022 0.4701 -0.7258
vn -0.8669 0.4295 0.2530
vn -0.8670 0.4293 0.2530
vn -0.8669 0.4298 0.2525
vn -0.8670 0.4291 0.2533
vn -0.8671 0.4297 0.2520
vn -0.8670 0.4298 0.2522
vn -0.8670 0.4297 0.2521
vn -0.8671 0.4297 0.2521
vn -0.8670 0.4297 0.2522
vn -0.8222 0.5244 -0.2212
vn -0.8222 0.5244 -0.2213
vn -0.5024 0.4701 -0.7257
vn -0.5022 0.4702 -0.7258
vn -0.5022 0.4702 -0.7257
vn -0.5020 0.4703 -0.7258
vn -0.5021 0.4702 -0.7258
vn 0.2142 -0.9469 0.2399
vn 0.2142 -0.9469 0.2398
vn 0.5023 -0.4701 0.7257
vn -0.3814 -0.3174 0.8682
vn -0.3815 -0.3173 0.8682
vn -0.3815 -0.3174 0.8682
vn 0.5022 -0.4701 0.7258
vn 0.5021 -0.4701 0.7259
vn 0.5027 -0.4700 0.7255
vn 0.5023 -0.4703 0.7256
vn 0.5514 -0.7433 0.3788
vn 0.5513 -0.7434 0.3787
vn 0.5514 -0.7434 0.3787
vn 0.2280 -0.7375 -0.6357
vn 0.2279 -0.7376 -0.6356
vn 0.4361 -0.5870 -0.6821
vn 0.4360 -0.5870 -0.6821
vn 0.8668 -0.4300 -0.2524
vn 0.4362 -0.5870 -0.6821
vn 0.0043 -0.8379 -0.5458
vn -0.2392 -0.8619 -0.4471
vn 0.0098 -0.8430 -0.5378
vn 0.0097 -0.8430 -0.5378
vn 0.0099 -0.8430 -0.5379
vn -0.2197 -0.8811 -0.4188
vn -0.2197 -0.8811 -0.4187
vn -0.4428 -0.8506 -0.2838
vn -0.2198 -0.8811 -0.4188
vn -0.5082 -0.8395 -0.1922
vn -0.6084 -0.7886 -0.0896
vn -0.7467 -0.6591 0.0899
vn -0.7466 -0.6592 0.0898
vn -0.7467 -0.6591 0.0898
vn -0.7264 -0.6770 0.1183
vn -0.7454 -0.0078 -0.6666
vn -0.7454 -0.0078 -0.6665
vn -0.6277 -0.7694 -0.1183
vn -0.8341 -0.4847 0.2632
vn -0.8341 -0.4847 0.2633
vn -0.8647 -0.2773 0.4188
vn -0.7566 0.1839 0.6275
vn -0.8363 -0.0509 0.5459
vn -0.8364 -0.0509 0.5458
vn -0.7454 0.1737 0.6435
vn -0.8308 -0.0561 0.5537
vn -0.7195 0.2424 0.6508
vn -0.6145 0.3964 0.6821
vn -0.6145 0.3965 0.6821
vn -0.6594 0.3406 0.6703
vn -0.4502 0.6002 0.6612
vn -0.6146 0.3964 0.6821
vn -0.3517 0.6556 0.6682
vn -0.0044 0.8379 0.5458
vn 0.0099 0.8242 0.5662
vn -0.2475 0.7555 0.6066
vn 0.2197 0.8811 0.4188
vn 0.4286 0.8643 0.2633
vn 0.5329 0.8240 0.1924
vn 0.7467 0.6590 -0.0898
vn 0.7467 0.6591 -0.0898
vn 0.6084 0.7885 0.0898
vn 0.8647 0.2772 -0.4188
vn 0.8647 0.2773 -0.4188
vn 0.8648 0.2772 -0.4187
vn 0.7510 -0.1788 -0.6356
vn 0.7511 -0.1787 -0.6356
vn 0.7510 -0.1789 -0.6356
vn 0.8363 0.0510 -0.5459
vn 0.8363 0.0504 -0.5460
vn 0.8363 0.0502 -0.5460
vn 0.8332 0.0311 -0.5521
vn 0.8362 0.0499 -0.5462
vn 0.5784 -0.4500 -0.6804
vn 0.6285 -0.4096 -0.6612
vn 0.6145 -0.3966 -0.6820
vn 0.7298 -0.1511 -0.6668
vn 0.7168 -0.2431 -0.6536
vn -0.2280 0.7375 0.6357
vn -0.2280 0.7376 0.6356
vn 0.8341 0.4847 -0.2633
vn 0.6207 0.0741 0.7805
vn 0.6207 0.0742 0.7806
vn 0.1107 -0.0975 0.9891
vn 0.1078 -0.0990 0.9892
vn 0.1098 -0.0980 0.9891
vn -0.2704 0.9547 0.1244
vn 0.6797 -0.3655 0.6359
vn 0.6798 -0.3654 0.6359
vn 0.6798 -0.3655 0.6359
vn -0.6207 -0.0742 -0.7805
vn -0.6207 -0.0742 -0.7806
vn -0.6207 -0.0741 -0.7805
vn 0.1069 -0.0995 0.9893
vn 0.7359 0.2883 -0.6126
vn 0.7360 0.2883 -0.6126
vn -0.3397 -0.2166 0.9152
vn -0.3430 -0.2166 0.9140
vn -0.3382 -0.2166 0.9158
vn -0.3445 -0.2166 0.9135
vn -0.2704 0.9547 0.1245
vn 0.2704 -0.9547 -0.1245
vn -0.7359 -0.2883 0.6126
vn -0.7360 -0.2883 0.6126
vn -0.7577 -0.2000 0.6212
vn 0.2973 -0.8384 -0.4568
vn 0.6117 -0.6162 -0.4961
vn 0.5292 0.3272 -0.7829
vn 0.4021 0.3755 -0.8351
vn -0.4379 -0.8986 -0.0285
vn 0.1621 -0.6159 -0.7710
vn 0.6576 -0.5454 0.5198
vn 0.1008 -0.9778 0.1839
vn -0.1989 0.5620 0.8029
vn -0.8584 0.0386 0.5116
vn -0.2017 0.0620 -0.9775
vn -0.4344 0.7216 0.5391
vn -0.6443 0.5606 0.5202
vn 0.9799 0.1649 0.1121
vn 0.9765 0.1850 0.1103
vn 0.9677 0.2464 0.0541
vn -0.2408 0.9444 0.2237
vn -0.3255 0.9033 0.2795
vn -0.4623 0.8516 0.2469
vn -0.2192 0.9555 0.1975
vn 0.7456 0.3360 -0.5755
vn -0.8401 0.5021 0.2051
vn 0.0375 0.4312 -0.9015
vn 0.0375 0.4311 -0.9015
vn -0.0375 -0.4311 0.9015
vn -0.5411 -0.7497 -0.3810
vn 0.4299 -0.0624 -0.9007
vn -0.0854 -0.9961 0.0212
vn -0.0851 -0.9962 0.0208
vn -0.0630 -0.9961 0.0624
vn -0.0854 -0.9961 0.0211
vn -0.0852 -0.9961 0.0209
vn -0.0849 -0.9962 0.0204
vn -0.8725 -0.0743 -0.4829
vn -0.8725 -0.0745 -0.4829
vn -0.8725 -0.0744 -0.4829
vn -0.8725 -0.0743 -0.4830
vn -0.8724 -0.0745 -0.4830
vn -0.8489 -0.0536 -0.5259
vn 0.4429 -0.6078 -0.6592
vn 0.4424 -0.6077 -0.6595
vn 0.4426 -0.6078 -0.6594
vn 0.8401 -0.5021 -0.2052
vn 0.5411 0.7497 0.3810
vn -0.7411 -0.4746 0.4749
vn -0.7417 -0.4742 0.4744
vn -0.7411 -0.4749 0.4745
vn -0.7413 -0.4741 0.4750
vn -0.5470 -0.0454 -0.8359
vn -0.7802 -0.3679 0.5059
vn -0.7766 -0.3720 0.5085
vn -0.7768 -0.3718 0.5083
vn -0.2754 0.8250 0.4934
vn -0.2756 0.8250 0.4933
vn -0.2752 0.8251 0.4935
vn -0.1463 0.8935 0.4245
vn 0.8068 -0.3821 -0.4506
vn 0.8001 0.0027 -0.5999
vn 0.8636 -0.1674 0.4756
vn -0.3252 0.8267 0.4592
vn -0.1718 0.8862 0.4303
vn -0.7023 0.6323 -0.3270
vn -0.1677 0.8898 0.4245
vn -0.2753 0.8250 0.4935
vn 0.3175 -0.7925 -0.5206
vn 0.4620 -0.3846 -0.7991
vn -0.3177 0.2846 -0.9045
vn -0.7805 -0.3676 0.5057
vn -0.7589 -0.4645 0.4564
vn -0.7353 -0.3641 0.5716
vn -0.7410 -0.4750 0.4746
vn -0.7415 -0.4746 0.4743
vn -0.7419 -0.4741 0.4741
vn 0.5478 0.0456 0.8354
vn 0.5477 0.0455 0.8354
vn 0.5475 0.0455 0.8356
vn -0.7458 -0.1392 -0.6514
vn -0.7444 -0.1390 -0.6532
vn -0.7485 -0.1398 -0.6482
vn -0.9080 -0.2198 -0.3568
vn -0.7499 -0.1401 -0.6465
vn -0.6000 -0.2514 0.7595
vn -0.6001 -0.2514 0.7594
vn -0.5997 -0.2514 0.7597
vn -0.7830 -0.2906 0.5500
vn -0.7829 -0.2907 0.5500
vn 0.3177 -0.2846 0.9045
vn -0.9349 -0.2858 0.2106
vn 0.7547 -0.6478 0.1042
vn -0.8465 -0.3608 -0.3914
vn -0.7973 -0.3762 -0.4719
vn -0.7974 -0.3762 -0.4719
vn 0.9731 0.1984 -0.1170
vn -0.0444 0.5302 -0.8467
vn 0.0009 0.6212 0.7836
vn 0.0478 0.5710 0.8195
vn 0.0217 0.5801 0.8143
vn 0.4282 -0.0625 -0.9015
vn -0.8746 -0.0742 -0.4791
vn -0.7391 0.0422 0.6723
vn -0.0009 -0.6212 -0.7836
vn 0.5467 -0.8301 0.1101
vn 0.5466 -0.8301 0.1101
vn 0.9914 0.0253 -0.1284
vn 0.4798 0.8746 -0.0703
vn -0.0427 0.4417 -0.8962
vn 0.5477 0.0456 0.8354
vn -0.7836 -0.2906 0.5492
vn -0.0258 -0.1062 -0.9940
vn -0.1986 0.9128 0.3570
vn -0.1987 0.9127 0.3570
vn 0.6899 -0.5850 -0.4264
vn -0.7829 -0.2906 0.5501
vn -0.8746 -0.0743 -0.4791
vn -0.0468 0.9959 -0.0779
vn -0.8710 -0.4647 0.1597
vn -0.4721 0.8815 -0.0116
vn -0.4721 0.8815 -0.0117
vn -0.4719 0.8815 -0.0120
vn -0.1356 -0.0852 -0.9871
vn -0.0757 0.9345 -0.3479
vn -0.8127 -0.2028 -0.5463
vn -0.8126 -0.2028 -0.5463
vn 0.5649 -0.2681 -0.7804
vn 0.5788 -0.2545 -0.7747
vn 0.8709 0.4647 -0.1597
vn 0.1356 0.0852 0.9871
vn -0.3179 0.2846 -0.9044
vn -0.3177 0.2845 -0.9045
vn 0.0191 0.9556 0.2940
vn -0.8128 -0.2028 -0.5461
vn 0.5787 -0.2546 -0.7748
vn 0.5646 -0.2677 -0.7808
vn 0.3749 -0.8385 -0.3955
vn 0.3153 0.5403 -0.7801
vn 0.5249 0.8451 0.1018
vn 0.9752 -0.0511 0.2152
vn -0.8766 0.3390 -0.3415
vn 0.2692 -0.8247 -0.4975
vn -0.6850 0.1056 0.7208
vn -0.5443 -0.2311 0.8064
vn -0.2206 -0.5532 0.8033
vn 0.5322 -0.7125 -0.4572
vn 0.5623 -0.7418 -0.3653
vn 0.1255 0.5153 -0.8477
vn -0.3701 0.9240 -0.0962
vn 0.3639 -0.1905 0.9117
vn 0.5676 -0.3623 -0.7393
vn -0.9752 0.0511 -0.2152
vn -0.2068 -0.5540 0.8064
vn -0.8117 -0.3629 -0.4576
vn -0.9457 -0.2889 -0.1490
vn -0.2637 0.4718 0.8414
vn -0.0251 0.4067 0.9132
vn -0.6576 0.5454 -0.5198
vn -0.1726 -0.9788 -0.1103
vn 0.1783 -0.4643 -0.8676
vn 0.3823 0.1621 0.9097
vn 0.9346 0.3546 -0.0268
vn -0.6845 0.5178 -0.5132
vn -0.6907 0.4856 -0.5358
vn 0.9891 0.1049 -0.1034
vn -0.9891 -0.1049 0.1034
vn 0.1752 -0.5322 -0.8283
vn 0.1904 -0.8413 0.5059
vn -0.1473 0.6946 -0.7041
vn 0.8636 -0.1675 0.4756
vn 0.3751 -0.4170 -0.8279
vn -0.8636 0.1675 -0.4756
vn -0.2020 0.7493 0.6307
vn 0.9589 0.2193 0.1799
vn 0.9589 0.2194 0.1799
vn 0.9589 0.2192 0.1799
vn 0.1717 -0.8621 0.4767
vn 0.1713 -0.8623 0.4765
vn 0.1714 -0.8623 0.4766
vn 0.1717 -0.8621 0.4768
vn -0.2692 0.8247 0.4975
vn -0.8350 0.0575 -0.5472
vn -0.8351 0.0575 -0.5472
vn 0.9598 0.2722 0.0683
vn 0.1749 -0.5298 -0.8299
vn 0.1748 -0.5299 -0.8298
vn 0.1747 -0.5300 -0.8298
vn 0.9845 0.1306 0.1166
vn 0.1911 -0.8437 0.5017
vn 0.1906 -0.8437 0.5018
vn 0.1912 -0.8437 0.5017
vn 0.1905 -0.8437 0.5019
vn 0.2017 -0.0620 0.9775
vn -0.5035 -0.8626 0.0492
vn 0.8061 0.5774 -0.1294
vn 0.8060 0.5775 -0.1297
vn 0.8060 0.5775 -0.1296
vn 0.4439 -0.4431 0.7789
vn 0.4440 -0.4431 0.7788
vn 0.4439 -0.4431 0.7788
vn -0.7535 0.2851 0.5924
vn -0.7536 0.2851 0.5923
vn -0.7534 0.2852 0.5925
vn 0.3747 -0.7268 0.5757
vn 0.0009 0.6212 0.7837
vn 0.0010 0.6212 0.7837
vn 0.0426 0.7829 -0.6207
vn 0.5463 0.0451 0.8363
vn 0.5464 0.0451 0.8363
vn 0.5464 0.0452 0.8363
vn 0.5463 0.0450 0.8364
vn -0.7851 -0.2908 0.5469
vn -0.7851 -0.2907 0.5468
vn -0.7853 -0.2904 0.5467
vn -0.7850 -0.2910 0.5469
vn 0.0427 -0.4417 0.8962
vn -0.8666 0.4300 0.2532
vn -0.0426 0.4417 -0.8962
vn 0.4971 0.7874 0.3644
vn -0.0939 -0.8948 -0.4365
vn -0.0940 -0.8948 -0.4365
vn 0.4302 -0.0624 -0.9006
vn -0.8731 -0.0744 -0.4819
vn -0.4264 -0.9040 0.0307
vn -0.7535 0.2852 0.5924
vn 0.8517 0.5040 -0.1438
vn -0.4394 -0.6838 -0.5825
vn -0.8740 0.4750 0.1021
vn 0.8370 -0.0765 -0.5419
vn 0.1749 -0.5299 -0.8298
vn 0.1749 -0.5301 -0.8297
vn 0.1748 -0.5302 -0.8297
vn 0.1748 -0.5303 -0.8296
vn 0.1910 -0.8431 0.5027
vn -0.4254 -0.8564 0.2927
vn 0.9022 -0.4269 0.0621
vn -0.0718 -0.2905 -0.9542
vn -0.9022 0.4269 -0.0621
vn 0.4254 0.8564 -0.2927
vn 0.0718 0.2905 0.9542
vn 0.0642 0.2834 -0.9569
vn -0.9699 0.2435 0.0070
vn 0.9699 -0.2435 -0.0070
vn 0.4837 -0.8615 -0.1544
vn -0.1695 0.0809 -0.9822
vn 0.1695 -0.0809 0.9822
vn 0.1858 -0.5512 -0.8134
vn 0.9330 0.3587 -0.0300
vn -0.9330 -0.3587 0.0300
vn 0.2181 0.0610 -0.9740
vn 0.9759 -0.0219 0.2171
vn -0.9759 0.0219 -0.2171
vn -0.1853 -0.2732 0.9439
vn -0.1852 -0.2732 0.9439
vn 0.1853 0.2732 -0.9439
vn -0.6387 -0.6965 -0.3270
vn 0.9498 0.1967 0.2433
vn 0.8666 -0.4300 -0.2532
vn 0.8666 -0.4299 -0.2532
vn -0.7168 0.2431 0.6536
vn -0.6637 0.0753 -0.7442
vn 0.8668 -0.2926 0.4037
vn 0.8669 -0.2926 0.4037
vn -0.8554 -0.4280 -0.2918
vn 0.1852 0.2732 -0.9439
vn 0.9789 0.0332 0.2017
vn -0.9677 -0.2464 -0.0541
vn 0.1465 -0.7235 0.6746
vn -0.0041 0.2295 -0.9733
vn -0.0040 0.2295 -0.9733
vn 0.7301 0.6314 -0.2612
vn -0.4956 -0.8328 -0.2468
vn -0.0784 0.4976 -0.8639
vn 0.1706 -0.7971 0.5792
vn 0.9406 0.1142 0.3198
vn -0.7707 0.1253 -0.6248
vn 0.0780 -0.8309 -0.5509
vn 0.0780 -0.8309 -0.5508
vn 0.0532 0.9986 -0.0043
vn 0.0366 0.9968 0.0707
vn 0.0569 -0.8822 -0.4674
vn 0.9457 0.2889 0.1490
vn -0.1728 0.8350 -0.5224
vn -0.1728 0.8350 -0.5223
vn 0.2985 -0.9533 -0.0467
vn 0.3186 -0.9145 -0.2494
vn -0.2635 0.9498 -0.1689
vn 0.8350 -0.0575 0.5472
vn 0.8351 -0.0575 0.5472
vn 0.4798 0.5627 -0.6732
vn -0.7791 0.6261 -0.0319
vn 0.1549 -0.8095 -0.5663
s 1
usemtl V15_LEFT_TEAL
f 1//1 2//2 3//2
f 2//2 4//3 3//2
f 5//4 6//4 7//5
f 5//6 7//7 8//7
f 9//8 5//6 8//7
f 8//9 10//10 9//10
f 8//9 11//9 10//10
f 12//11 1//11 13//12
f 14//13 12//13 13//13
f 14//13 13//13 15//13
f 15//14 16//14 17//14
f 15//14 17//14 14//14
f 18//15 19//15 20//15
f 18//15 20//15 21//15
f 22//16 23//17 20//17
f 19//16 22//16 20//17
f 23//18 22//18 24//18
f 25//18 23//18 24//18
f 26//19 25//20 24//21
f 27//22 24//22 22//22
f 16//23 18//23 21//23
f 16//23 21//23 17//23
f 28//24 17//24 21//24
f 27//22 19//22 18//22
f 27//22 22//22 19//22
f 26//19 24//21 29//21
f 11//25 30//25 10//25
f 11//25 31//25 30//25
f 32//26 33//27 30//27
f 31//26 32//26 30//27
f 34//28 35//28 36//28
f 34//28 36//28 37//28
f 35//29 34//30 38//30
f 37//31 39//31 34//32
f 37//33 36//34 39//33
f 35//29 38//30 40//35
f 34//36 41//37 38//37
f 35//29 40//35 42//29
f 43//38 44//38 35//38
f 35//38 45//38 43//38
f 43//38 46//38 44//38
f 45//38 35//38 42//38
f 45//38 47//38 43//38
f 46//33 43//33 48//33
f 49//38 44//38 46//38
f 50//38 45//38 42//38
f 51//39 52//40 53//40
f 52//40 54//40 53//40
f 55//41 56//41 57//41
f 58//42 55//42 57//43
f 58//42 57//43 59//43
f 60//44 61//44 58//44
f 59//44 60//44 58//44
f 56//41 62//41 57//41
f 63//45 64//45 65//45
f 63//46 65//46 61//46
f 63//45 66//45 64//45
f 67//47 68//47 69//47
f 70//47 68//47 67//47
f 67//48 69//48 71//48
f 72//41 51//41 73//41
f 74//42 72//49 73//43
f 74//42 73//43 75//43
f 75//44 76//44 77//44
f 75//44 77//44 74//50
f 76//46 78//46 79//46
f 76//46 79//46 77//46
f 78//45 80//45 81//45
f 78//45 81//45 79//45
f 80//51 82//51 83//51
f 80//51 83//51 81//51
f 84//52 83//53 82//52
f 84//52 82//52 85//52
f 86//54 84//54 85//54
f 87//48 76//48 75//48
f 57//48 78//48 76//48
f 62//48 80//48 78//48
f 88//48 82//48 80//48
f 89//48 85//48 82//48
f 88//48 89//48 82//48
f 90//55 86//55 91//55
f 90//55 91//55 92//55
f 93//56 68//56 94//56
f 94//56 68//56 90//56
f 95//57 93//57 94//57
f 96//57 95//57 94//57
f 97//51 98//51 64//51
f 66//51 97//51 64//51
f 98//52 97//52 99//52
f 100//52 98//52 99//52
f 101//54 100//54 99//54
f 101//54 99//54 71//54
f 102//55 101//55 71//55
f 102//55 71//55 103//55
f 104//58 105//58 106//58
f 107//57 106//57 108//57
f 107//57 104//57 106//57
f 104//58 109//58 105//58
f 105//56 68//56 106//56
f 102//59 103//60 107//60
f 108//59 102//59 107//60
f 107//48 96//48 104//48
f 104//48 92//48 109//48
f 109//61 110//61 105//61
f 69//48 107//48 103//48
f 95//48 111//48 112//48
f 96//48 111//48 95//48
f 69//48 96//48 107//48
f 69//48 111//48 96//48
f 104//48 96//48 92//48
f 109//48 92//48 91//48
f 109//61 113//61 110//61
f 113//62 89//62 114//62
f 113//62 114//62 110//62
f 115//63 114//63 89//63
f 115//63 89//63 88//63
f 56//40 115//40 88//40
f 69//48 103//48 71//48
f 116//64 111//64 69//64
f 112//48 111//48 117//48
f 112//58 118//58 93//58
f 95//58 112//58 93//58
f 90//59 92//65 96//65
f 109//48 91//48 113//48
f 86//54 85//54 91//54
f 94//59 90//59 96//65
f 67//66 119//66 70//66
f 68//67 120//67 69//67
f 67//48 97//48 66//48
f 67//48 99//48 97//48
f 113//48 85//48 89//48
f 56//40 88//40 62//40
f 76//48 59//48 57//48
f 60//46 63//46 61//46
f 67//48 71//48 99//48
f 120//67 116//67 69//67
f 44//64 111//64 116//64
f 117//48 111//48 87//48
f 121//68 122//68 87//68
f 121//68 87//68 111//68
f 117//69 123//61 118//61
f 112//69 117//69 118//61
f 113//48 91//48 85//48
f 124//62 125//62 123//62
f 117//62 124//62 123//62
f 125//63 124//63 54//63
f 52//63 125//63 54//63
f 54//48 124//48 87//48
f 51//41 53//41 73//41
f 119//66 126//66 70//66
f 70//70 126//70 122//70
f 122//70 126//70 127//71
f 122//72 128//72 87//73
f 111//74 129//74 121//74
f 87//48 75//48 73//48
f 57//48 62//48 78//48
f 62//48 88//48 80//48
f 67//75 87//76 119//75
f 120//77 68//77 130//77
f 130//77 68//77 131//77
f 68//77 121//77 131//77
f 36//38 116//38 120//38
f 111//74 44//74 129//74
f 117//48 87//48 124//48
f 131//77 121//77 132//77
f 131//78 120//78 130//78
f 53//48 54//48 87//48
f 73//48 53//48 87//48
f 119//79 127//79 126//79
f 127//71 128//70 122//70
f 128//72 133//73 87//73
f 121//74 129//74 132//74
f 119//75 87//76 134//76
f 36//38 120//38 50//38
f 44//38 135//38 129//38
f 132//38 50//38 131//80
f 50//38 120//38 131//80
f 119//79 134//79 127//79
f 127//79 133//79 128//79
f 134//79 133//79 127//79
f 134//76 87//76 133//76
f 129//38 135//38 132//38
f 136//38 36//38 50//38
f 137//81 135//38 44//38
f 50//38 132//38 135//38
f 50//38 42//38 136//38
f 36//34 136//33 138//33
f 137//81 44//38 139//82
f 140//83 135//38 137//81
f 141//84 50//84 135//84
f 42//85 142//85 136//85
f 36//34 138//33 143//33
f 142//85 138//85 136//85
f 45//38 144//38 47//38
f 43//86 47//87 145//88
f 146//33 46//33 48//33
f 147//85 48//85 43//85
f 148//38 44//38 49//38
f 146//28 49//28 46//28
f 139//82 44//38 148//38
f 137//81 139//82 149//89
f 150//28 140//28 137//90
f 45//38 135//38 140//83
f 141//91 135//91 151//91
f 45//92 50//92 141//92
f 42//29 40//35 142//29
f 152//34 36//34 143//33
f 143//33 138//33 153//33
f 154//93 138//93 142//93
f 39//31 41//32 34//32
f 39//33 36//34 152//34
f 40//94 38//94 155//94
f 41//37 156//95 38//37
f 45//38 140//83 144//38
f 47//96 144//97 157//98
f 145//88 47//87 157//99
f 43//100 145//101 147//100
f 146//32 48//32 158//32
f 146//32 158//32 150//32
f 159//85 48//85 147//85
f 148//102 49//28 160//103
f 146//28 161//28 49//28
f 162//104 139//105 148//104
f 163//104 149//105 139//105
f 149//106 164//106 137//106
f 150//28 137//90 165//107
f 140//29 150//29 166//29
f 45//108 167//108 135//108
f 151//109 168//109 141//109
f 151//110 135//110 169//110
f 168//111 45//111 141//111
f 40//35 155//30 142//29
f 152//34 143//33 170//34
f 153//33 138//33 171//33
f 143//33 153//33 170//34
f 154//93 142//93 172//93
f 171//33 138//33 154//33
f 39//31 170//32 41//32
f 39//33 152//34 170//34
f 155//30 38//112 156//113
f 170//32 156//32 41//32
f 140//29 166//29 144//29
f 144//114 173//114 157//114
f 157//115 147//116 145//116
f 158//85 48//85 174//117
f 166//29 150//29 158//29
f 150//28 175//28 146//28
f 159//85 147//85 176//117
f 159//85 177//85 48//85
f 160//103 49//28 178//28
f 162//104 148//104 160//118
f 146//28 179//28 161//28
f 161//28 180//90 49//28
f 163//104 139//105 162//104
f 149//90 163//90 162//90
f 164//119 149//119 162//119
f 164//120 181//120 137//120
f 150//28 165//107 182//121
f 183//90 165//107 137//90
f 184//122 167//122 45//122
f 167//123 185//123 135//123
f 186//124 168//124 151//124
f 135//125 187//125 169//125
f 169//126 186//126 151//126
f 45//127 168//127 188//127
f 142//29 155//30 189//35
f 153//33 171//33 170//34
f 142//29 190//35 172//35
f 172//85 190//85 154//85
f 170//34 171//33 154//33
f 155//30 156//113 191//35
f 170//32 191//32 156//32
f 144//128 166//128 192//128
f 157//129 173//129 193//129
f 192//130 173//130 144//130
f 157//131 194//132 147//85
f 158//85 174//117 195//117
f 174//117 48//85 196//133
f 166//85 158//85 197//134
f 150//28 198//28 175//28
f 146//28 175//28 199//135
f 200//85 176//117 147//85
f 179//136 159//137 176//137
f 201//138 177//138 159//138
f 202//85 48//85 177//85
f 160//103 178//28 203//103
f 178//28 49//28 204//28
f 162//139 160//139 205//139
f 206//90 179//28 146//28
f 179//140 176//141 200//141
f 161//140 179//140 200//141
f 161//142 207//142 180//142
f 180//90 207//143 49//28
f 164//109 162//109 208//109
f 164//144 183//144 181//144
f 183//85 137//85 181//85
f 150//28 182//121 209//28
f 182//121 165//107 210//145
f 183//146 205//146 165//146
f 211//147 184//147 45//147
f 167//148 184//148 212//148
f 185//123 213//123 135//123
f 167//123 214//123 185//123
f 186//149 212//149 168//149
f 215//150 169//150 187//150
f 187//123 135//123 216//123
f 217//151 186//151 169//151
f 212//152 188//152 168//152
f 45//153 188//153 211//153
f 142//29 189//35 190//35
f 189//35 155//30 191//35
f 190//85 218//85 154//85
f 170//34 154//33 219//154
f 170//32 219//32 191//32
f 166//155 197//155 192//155
f 157//156 193//28 220//157
f 193//158 173//158 221//158
f 192//159 221//159 173//159
f 194//132 197//134 147//85
f 192//160 194//160 157//160
f 158//85 195//117 222//85
f 174//161 175//162 195//161
f 196//133 48//85 223//117
f 196//163 224//163 174//163
f 197//134 158//85 225//164
f 150//28 209//28 198//28
f 195//165 175//166 198//166
f 222//165 195//165 198//166
f 174//161 199//162 175//162
f 146//28 199//135 224//28
f 226//167 200//85 147//85
f 179//136 206//136 159//137
f 206//138 201//138 159//138
f 177//168 201//169 227//169
f 202//168 177//168 227//169
f 223//117 48//85 202//85
f 228//90 160//103 203//103
f 178//170 229//171 203//170
f 230//28 204//28 49//28
f 229//172 178//173 204//173
f 231//172 229//172 204//173
f 160//139 232//139 205//139
f 208//139 162//139 205//139
f 201//28 206//90 146//28
f 226//174 161//175 200//174
f 226//174 207//175 161//175
f 207//143 230//28 49//28
f 208//176 205//176 164//176
f 183//177 164//177 205//177
f 182//178 233//178 234//178
f 182//178 234//178 209//178
f 205//139 210//179 165//180
f 210//181 233//182 182//183
f 184//184 211//184 188//184
f 186//185 167//185 212//185
f 212//186 184//186 188//186
f 235//187 135//123 213//123
f 236//188 213//188 185//188
f 167//123 237//123 214//123
f 185//189 214//190 238//189
f 239//191 169//191 215//191
f 215//192 187//192 240//192
f 216//123 135//123 235//187
f 187//123 216//123 241//193
f 186//194 217//194 242//194
f 243//195 217//195 169//195
f 218//32 190//32 189//32
f 219//32 189//32 191//32
f 219//154 154//33 218//33
f 194//139 192//139 197//139
f 220//157 193//28 244//28
f 244//132 157//132 220//132
f 193//196 221//196 244//196
f 221//139 192//139 244//139
f 147//85 197//134 245//85
f 244//197 192//197 157//197
f 158//85 222//85 234//85
f 196//198 246//199 224//199
f 223//198 246//199 196//198
f 174//163 224//163 199//163
f 225//164 158//85 247//104
f 245//85 197//134 225//164
f 198//200 234//200 222//200
f 198//200 209//200 234//200
f 224//28 246//143 146//28
f 248//105 226//167 147//85
f 227//28 201//28 146//28
f 202//201 227//201 246//201
f 202//201 246//201 223//201
f 249//28 160//103 228//90
f 203//202 250//202 228//202
f 203//170 229//171 251//171
f 204//203 230//203 231//203
f 229//85 231//85 147//85
f 232//204 160//103 252//90
f 205//139 232//139 210//179
f 248//175 207//175 226//174
f 253//205 207//205 248//205
f 253//205 230//205 207//205
f 158//85 234//85 233//85
f 254//182 233//182 210//181
f 186//206 242//206 167//206
f 213//207 236//207 235//207
f 236//188 185//188 255//188
f 167//123 187//123 237//123
f 214//208 237//208 256//208
f 214//208 255//208 238//208
f 255//208 185//208 238//208
f 243//209 169//209 239//209
f 239//210 215//210 257//210
f 215//192 240//192 258//192
f 187//192 259//192 240//192
f 235//207 260//207 216//207
f 216//207 260//207 241//207
f 187//123 241//193 261//123
f 217//211 243//211 242//211
f 219//32 218//32 189//32
f 147//85 245//85 250//212
f 247//104 158//85 262//105
f 225//213 247//213 263//213
f 225//213 263//213 264//213
f 249//214 245//215 225//214
f 246//143 227//28 146//28
f 253//117 248//105 147//85
f 228//216 250//216 249//216
f 264//28 160//103 249//28
f 203//202 251//202 250//202
f 251//85 229//85 147//85
f 230//203 253//203 231//203
f 231//85 253//117 147//85
f 252//90 160//103 265//28
f 252//217 254//217 232//217
f 210//179 232//139 254//218
f 158//85 233//85 266//85
f 254//182 266//182 233//182
f 167//219 242//220 267//219
f 236//207 260//207 235//207
f 27//221 236//221 255//221
f 268//221 236//221 27//221
f 187//123 261//123 237//123
f 187//220 167//219 269//219
f 260//222 256//222 237//222
f 256//208 255//208 214//208
f 239//223 270//223 243//223
f 215//224 271//224 257//224
f 257//223 272//223 239//223
f 258//225 240//225 273//225
f 215//192 258//192 274//192
f 187//192 275//192 259//192
f 259//226 276//226 240//226
f 241//222 260//222 261//222
f 242//227 243//227 275//227
f 249//216 250//216 245//228
f 147//85 250//212 251//85
f 158//85 277//85 262//105
f 265//229 247//229 262//229
f 265//229 263//229 247//229
f 263//90 160//103 264//28
f 249//214 225//214 264//214
f 265//28 160//103 263//90
f 252//230 265//230 277//230
f 254//217 252//217 266//231
f 158//85 266//85 277//85
f 167//219 267//219 278//219
f 267//219 242//220 187//220
f 27//232 279//232 268//232
f 260//222 237//222 261//222
f 167//219 278//219 269//219
f 269//219 280//219 187//220
f 260//233 281//233 282//233
f 260//233 282//233 256//233
f 283//22 256//22 31//22
f 255//22 256//22 283//22
f 239//223 284//234 270//223
f 285//234 243//223 270//223
f 271//235 215//235 286//235
f 287//236 257//236 271//236
f 272//223 284//234 239//223
f 272//237 257//237 288//237
f 273//238 240//238 276//238
f 258//238 273//238 276//238
f 289//239 215//192 274//192
f 274//238 258//238 290//238
f 275//192 291//192 259//192
f 242//240 275//240 187//240
f 259//226 292//226 276//226
f 243//241 293//241 275//241
f 265//230 262//230 277//230
f 252//217 277//231 266//231
f 294//242 278//242 267//243
f 295//220 267//219 187//220
f 281//244 268//244 279//244
f 27//232 296//232 279//232
f 297//245 269//245 278//245
f 280//246 269//246 298//247
f 280//219 295//220 187//220
f 299//248 282//248 281//248
f 300//22 282//22 301//22
f 256//22 282//22 300//22
f 255//22 283//22 302//22
f 303//4 26//4 304//5
f 303//7 304//7 305//7
f 306//7 303//7 305//7
f 302//9 307//10 306//10
f 305//9 302//9 306//10
f 283//25 308//25 307//25
f 302//25 283//25 307//25
f 256//22 32//22 31//22
f 283//22 31//22 309//22
f 284//249 310//249 270//249
f 285//250 270//250 310//250
f 311//223 243//223 285//234
f 286//235 215//235 312//235
f 271//235 286//235 313//251
f 287//252 314//252 315//252
f 287//252 271//252 314//252
f 316//253 257//253 287//253
f 284//254 272//254 317//254
f 257//237 316//255 288//237
f 272//254 288//254 317//254
f 276//238 290//238 258//238
f 289//239 291//192 215//192
f 274//256 290//256 289//256
f 275//192 318//192 291//192
f 259//192 291//192 289//239
f 292//257 259//257 289//257
f 319//258 276//258 292//258
f 320//258 276//258 319//258
f 293//259 243//259 321//259
f 275//260 293//260 322//260
f 278//242 294//242 323//242
f 267//261 324//262 294//263
f 295//246 325//246 267//246
f 26//4 29//5 304//5
f 255//22 305//22 304//22
f 255//22 302//22 305//22
f 309//27 326//27 308//27
f 283//27 309//27 308//27
f 32//264 327//265 33//265
f 281//244 279//244 328//266
f 255//22 304//22 29//22
f 329//267 296//268 27//268
f 296//269 329//269 279//269
f 297//245 278//245 330//245
f 297//245 298//245 269//245
f 331//246 280//246 298//247
f 295//246 280//246 331//246
f 299//248 281//248 332//248
f 282//267 299//267 333//268
f 256//22 300//22 334//22
f 335//270 327//270 334//270
f 335//270 334//270 300//270
f 336//2 335//2 300//2
f 301//22 282//22 337//22
f 336//2 300//2 301//2
f 338//12 336//12 301//11
f 256//22 334//22 32//22
f 309//22 31//22 11//22
f 284//254 317//254 310//254
f 311//250 285//250 310//250
f 311//255 316//255 243//255
f 312//235 215//235 339//235
f 312//271 340//271 286//271
f 313//272 286//272 341//273
f 342//252 271//252 313//252
f 314//252 271//252 343//252
f 315//274 314//275 344//274
f 287//252 315//252 345//252
f 346//276 316//276 287//276
f 288//237 316//255 347//237
f 317//273 288//273 347//273
f 290//277 276//277 348//277
f 215//192 291//192 349//278
f 290//256 350//256 289//256
f 275//235 351//235 318//235
f 351//279 291//250 318//250
f 292//257 289//257 350//257
f 276//277 320//277 352//277
f 292//280 353//280 319//280
f 320//281 319//281 354//281
f 293//282 321//282 355//282
f 243//283 316//283 321//283
f 322//284 293//285 212//286
f 356//287 322//287 346//287
f 357//287 322//287 356//287
f 358//287 356//287 346//287
f 275//287 359//288 358//287
f 275//287 358//287 346//287
f 275//287 322//287 359//288
f 359//288 322//287 357//287
f 330//242 278//242 323//242
f 323//242 294//242 324//242
f 324//246 267//246 325//246
f 325//246 295//246 331//246
f 309//289 360//289 361//289
f 309//289 361//289 326//265
f 32//264 334//264 327//265
f 338//12 301//11 337//11
f 362//13 338//13 337//13
f 362//13 337//13 363//13
f 363//14 364//14 365//14
f 363//14 365//14 362//14
f 364//23 366//23 28//23
f 364//23 28//23 365//23
f 337//22 282//22 363//22
f 364//22 363//22 282//22
f 366//22 364//22 282//22
f 366//15 367//15 368//15
f 366//15 368//15 28//15
f 369//17 370//17 368//17
f 367//17 369//17 368//17
f 370//18 369//18 371//18
f 372//18 370//18 371//18
f 6//19 372//20 371//21
f 2//290 361//291 360//270
f 2//290 360//270 4//270
f 279//269 333//269 328//269
f 332//244 281//244 328//266
f 16//22 27//22 18//22
f 27//268 333//268 329//267
f 279//269 329//269 333//269
f 373//292 297//292 330//292
f 374//293 298//293 297//293
f 298//294 325//295 331//295
f 333//269 299//269 332//269
f 333//269 332//269 328//269
f 27//268 282//267 333//268
f 309//22 11//22 360//22
f 310//250 317//250 311//250
f 347//237 316//255 311//255
f 349//296 339//235 215//235
f 339//271 375//297 312//271
f 340//271 376//298 286//271
f 312//271 377//271 340//271
f 378//273 313//272 341//273
f 379//298 341//271 286//271
f 313//299 378//300 342//299
f 378//252 271//252 342//252
f 343//252 271//252 378//252
f 314//301 343//302 380//302
f 381//303 344//302 314//301
f 315//302 344//302 382//302
f 345//304 315//304 382//304
f 287//252 345//252 275//252
f 346//305 287//305 383//305
f 321//306 316//306 346//306
f 347//250 311//250 317//250
f 348//277 276//277 384//277
f 290//277 348//277 385//277
f 291//249 339//249 349//249
f 290//307 386//307 387//307
f 290//307 387//307 350//307
f 388//235 351//235 275//235
f 389//250 291//250 351//279
f 292//280 350//280 390//280
f 352//277 320//277 391//277
f 276//277 352//277 392//277
f 292//280 393//280 353//280
f 319//280 353//280 394//280
f 354//281 319//281 395//281
f 386//308 320//308 354//308
f 355//282 321//282 396//282
f 293//282 355//282 397//282
f 212//309 293//309 398//309
f 322//284 212//286 399//310
f 275//305 346//305 400//305
f 322//311 401//311 346//311
f 356//312 402//312 403//312
f 357//312 356//312 403//312
f 404//313 356//313 405//314
f 406//313 405//314 356//313
f 407//315 356//313 404//313
f 408//315 406//313 356//313
f 409//314 356//313 407//315
f 410//316 408//315 356//313
f 411//315 356//313 409//314
f 412//317 410//316 356//313
f 413//313 356//313 411//315
f 414//318 412//317 356//313
f 415//315 356//313 413//313
f 416//319 414//318 356//313
f 417//318 356//313 415//315
f 418//320 416//319 356//313
f 419//313 356//313 417//318
f 420//317 418//320 356//313
f 421//315 356//313 419//313
f 422//313 420//317 356//313
f 423//315 402//313 356//313
f 423//315 356//313 421//315
f 424//313 402//313 423//315
f 425//315 402//313 424//313
f 426//313 402//313 425//315
f 427//313 402//313 426//313
f 428//317 402//313 427//313
f 429//315 402//313 428//317
f 430//317 402//313 429//315
f 431//315 402//313 430//317
f 432//313 402//313 431//315
f 433//317 402//313 432//313
f 434//313 402//313 433//317
f 435//317 402//313 434//313
f 436//317 402//313 435//317
f 437//321 402//313 436//317
f 438//318 402//313 437//321
f 358//313 439//315 440//313
f 358//313 440//313 441//313
f 358//313 441//313 442//315
f 358//313 442//315 443//315
f 358//313 443//315 444//315
f 358//313 444//315 445//313
f 358//313 445//313 446//317
f 358//313 446//317 447//318
f 358//313 447//318 448//313
f 358//313 448//313 449//321
f 358//313 449//321 450//317
f 358//313 450//317 451//315
f 358//313 451//315 452//315
f 358//313 422//313 356//313
f 358//313 452//315 453//322
f 358//313 453//322 454//318
f 358//313 454//318 455//313
f 358//313 455//313 456//315
f 358//313 456//315 422//313
f 358//313 457//315 439//315
f 603//313 458//316 459//314
f 603//313 459//314 460//314
f 603//313 460//314 461//318
f 603//313 461//318 462//323
f 603//313 462//323 463//317
f 603//313 463//317 464//313
f 603//313 464//313 465//318
f 603//313 465//318 466//313
f 603//313 466//313 467//315
f 603//313 467//315 468//318
f 603//313 468//318 469//314
f 603//313 469//314 470//313
f 603//313 470//313 471//313
f 603//313 471//313 472//313
f 603//313 472//313 457//315
f 603//313 457//315 358//313
f 603//313 402//313 473//313
f 473//313 402//313 474//315
f 474//315 402//313 438//318
f 603//313 473//313 475//324
f 603//313 475//324 458//316
f 603//325 358//325 604//325
f 358//325 359//325 604//325
f 357//326 476//326 477//326
f 477//326 478//327 357//326
f 357//326 479//326 476//326
f 478//327 480//328 357//326
f 357//326 481//326 479//326
f 480//328 482//326 357//326
f 357//326 483//326 481//326
f 482//326 484//327 357//326
f 357//326 485//326 483//326
f 484//327 486//329 357//326
f 357//326 487//326 485//326
f 486//329 488//330 357//326
f 357//326 489//326 487//326
f 488//330 490//331 357//326
f 357//326 491//328 489//326
f 490//331 492//332 357//326
f 403//326 493//328 357//326
f 357//326 493//328 491//328
f 492//332 494//326 357//326
f 403//326 495//326 493//328
f 403//326 496//327 495//326
f 403//326 497//328 496//327
f 403//326 498//328 497//328
f 403//326 499//328 498//328
f 403//326 500//327 499//328
f 403//326 501//327 500//327
f 403//326 502//328 501//327
f 403//326 503//326 502//328
f 403//326 504//327 503//326
f 403//326 505//326 504//327
f 403//326 506//327 505//326
f 403//326 507//333 506//327
f 403//326 508//334 507//333
f 403//326 509//328 508//334
f 403//326 510//330 509//328
f 511//326 359//326 512//327
f 512//327 359//326 513//326
f 513//326 359//326 514//326
f 514//326 359//326 515//326
f 515//326 359//326 516//326
f 516//326 359//326 517//326
f 517//326 359//326 518//326
f 518//326 359//326 519//327
f 519//327 359//326 520//327
f 520//327 359//326 521//328
f 521//328 359//326 522//326
f 522//326 359//326 523//328
f 494//326 359//326 357//326
f 523//328 359//326 524//333
f 524//333 359//326 525//332
f 525//332 359//326 526//333
f 526//333 359//326 527//327
f 527//327 359//326 528//328
f 528//328 359//326 494//326
f 511//326 604//326 359//326
f 529//331 604//326 530//328
f 530//328 604//326 531//331
f 531//331 604//326 532//335
f 532//335 604//326 533//336
f 533//336 604//326 534//326
f 534//326 604//326 535//326
f 535//326 604//326 536//328
f 536//328 604//326 537//337
f 537//337 604//326 538//326
f 538//326 604//326 539//326
f 539//326 604//326 540//331
f 540//331 604//326 541//332
f 541//332 604//326 542//326
f 542//326 604//326 543//326
f 543//326 604//326 544//326
f 544//326 604//326 511//326
f 403//326 604//326 545//326
f 403//326 545//326 546//333
f 403//326 546//333 510//330
f 545//326 604//326 547//328
f 547//328 604//326 529//331
f 330//338 323//338 548//338
f 324//339 374//339 323//339
f 324//246 325//246 549//246
f 27//22 366//22 282//22
f 27//22 367//22 366//22
f 16//22 369//22 367//22
f 15//22 371//22 369//22
f 6//19 371//21 550//21
f 6//4 550//5 7//5
f 4//22 8//22 7//22
f 360//22 8//22 4//22
f 1//11 3//12 13//12
f 13//22 371//22 15//22
f 16//22 15//22 369//22
f 360//22 11//22 8//22
f 27//22 16//22 367//22
f 373//292 330//292 551//292
f 297//340 373//340 552//340
f 325//293 298//293 374//293
f 297//340 553//340 374//340
f 554//271 375//297 339//271
f 312//271 375//297 555//271
f 376//298 556//297 286//271
f 376//341 340//341 557//342
f 312//271 558//271 377//271
f 340//343 377//343 559//343
f 378//273 341//273 380//273
f 379//298 560//271 341//271
f 561//271 379//298 286//271
f 343//252 378//252 562//252
f 314//301 380//302 563//301
f 343//344 564//344 380//345
f 314//301 565//302 381//303
f 344//302 381//303 566//346
f 344//302 566//346 382//302
f 567//304 345//304 382//304
f 345//252 568//347 275//252
f 275//305 569//305 287//305
f 346//305 383//305 570//305
f 383//305 287//305 571//348
f 321//349 346//349 398//349
f 276//277 572//277 384//277
f 348//277 384//277 573//350
f 385//351 348//351 574//351
f 290//277 575//277 386//277
f 290//277 385//277 575//277
f 339//249 291//249 576//249
f 387//352 386//352 577//352
f 578//280 350//280 387//280
f 579//252 388//252 275//252
f 579//250 351//279 388//250
f 389//250 351//279 580//250
f 389//250 576//250 291//250
f 390//280 350//280 581//280
f 292//280 390//280 582//280
f 391//277 320//277 583//277
f 352//353 391//353 394//354
f 393//355 392//355 352//355
f 276//277 392//277 584//277
f 292//280 585//280 393//280
f 353//355 393//355 352//355
f 352//353 394//354 353//354
f 319//280 394//280 586//280
f 587//356 395//356 319//356
f 395//357 587//357 354//357
f 386//308 354//308 577//308
f 320//277 386//277 588//277
f 321//282 589//282 396//282
f 355//358 396//358 590//358
f 355//359 590//360 591//359
f 355//359 591//359 397//359
f 212//361 398//361 592//361
f 592//362 399//362 212//362
f 593//363 399//363 594//363
f 595//363 399//363 593//363
f 596//363 593//363 594//363
f 322//363 597//363 596//363
f 322//363 596//363 594//363
f 322//363 399//363 597//363
f 597//363 399//363 595//363
f 400//305 346//305 598//305
f 275//305 400//305 599//305
f 322//311 600//311 601//311
f 322//311 601//311 401//311
f 346//311 401//311 602//311
f 402//364 603//364 403//364
f 603//364 604//364 403//364
f 605//365 439//366 606//365
f 439//366 457//367 606//365
f 606//368 472//368 607//369
f 457//368 472//368 606//368
f 607//370 471//371 608//370
f 472//371 471//371 607//370
f 608//372 470//373 609//372
f 471//373 470//373 608//372
f 609//374 469//375 610//374
f 470//376 469//375 609//374
f 611//377 468//378 612//377
f 610//379 468//380 611//381
f 469//380 468//380 610//379
f 468//378 467//378 612//377
f 612//382 466//383 613//382
f 467//383 466//383 612//382
f 613//384 465//385 614//384
f 466//385 465//385 613//384
f 615//386 464//387 616//388
f 614//389 464//390 615//389
f 465//390 464//390 614//389
f 464//387 463//387 616//388
f 616//391 462//391 617//391
f 463//391 462//391 616//391
f 462//392 461//392 617//393
f 617//393 461//392 618//393
f 461//394 460//394 618//395
f 618//395 460//394 619//395
f 460//396 459//396 619//396
f 619//396 459//396 620//396
f 459//397 458//398 620//398
f 620//398 458//398 621//399
f 458//400 475//400 621//401
f 621//401 475//400 622//401
f 475//402 473//402 622//403
f 622//403 473//402 623//403
f 623//404 474//405 624//404
f 473//405 474//405 623//404
f 624//406 438//407 625//406
f 474//407 438//407 624//406
f 625//408 437//409 626//410
f 438//409 437//409 625//408
f 626//411 436//412 627//411
f 437//413 436//412 626//411
f 627//414 435//415 628//414
f 436//415 435//415 627//414
f 628//416 434//417 629//416
f 435//417 434//417 628//416
f 629//418 433//419 630//418
f 434//420 433//419 629//418
f 630//421 432//422 631//423
f 433//422 432//422 630//421
f 631//424 431//425 632//424
f 432//425 431//425 631//424
f 632//426 430//427 633//426
f 431//427 430//427 632//426
f 634//428 429//429 635//428
f 633//430 429//431 634//432
f 430//431 429//431 633//430
f 429//429 428//433 635//428
f 636//434 427//435 637//434
f 635//436 427//436 636//437
f 428//436 427//436 635//436
f 427//435 426//435 637//434
f 637//438 425//439 638//440
f 426//439 425//439 637//438
f 638//441 424//442 639//441
f 425//443 424//442 638//441
f 639//444 423//445 640//444
f 424//445 423//445 639//444
f 640//446 421//446 641//446
f 423//446 421//446 640//446
f 641//447 419//448 642//447
f 421//448 419//448 641//447
f 419//449 417//450 642//451
f 642//451 417//450 643//451
f 643//452 415//453 644//452
f 417//453 415//453 643//452
f 644//454 413//455 645//454
f 415//456 413//455 644//454
f 645//457 411//458 646//459
f 413//458 411//458 645//457
f 646//460 409//460 647//460
f 411//460 409//460 646//460
f 647//461 407//462 648//463
f 409//462 407//462 647//461
f 648//464 404//465 649//464
f 407//466 404//465 648//464
f 649//467 405//468 650//467
f 404//468 405//468 649//467
f 650//469 406//469 651//469
f 405//469 406//469 650//469
f 406//470 408//471 651//471
f 651//471 408//471 652//471
f 408//472 410//472 652//473
f 652//473 410//472 653//473
f 410//474 412//474 653//475
f 653//475 412//474 654//475
f 412//476 414//476 654//477
f 654//477 414//476 655//477
f 414//478 416//478 655//479
f 655//479 416//478 656//479
f 416//480 418//480 656//481
f 656//481 418//480 657//481
f 418//482 420//482 657//483
f 657//483 420//482 658//483
f 420//484 422//484 658//485
f 658//485 422//484 659//486
f 422//487 456//487 659//487
f 659//487 456//487 660//487
f 456//488 455//488 660//489
f 660//489 455//488 661//489
f 455//490 454//490 661//491
f 661//491 454//490 662//491
f 454//492 453//492 662//493
f 662//493 453//492 663//493
f 453//494 452//494 663//494
f 663//494 452//494 664//494
f 665//495 451//496 666//496
f 664//497 451//497 665//497
f 452//497 451//497 664//497
f 451//496 450//496 666//496
f 666//498 450//499 667//498
f 450//499 449//499 667//498
f 449//500 448//500 667//501
f 667//501 448//500 668//501
f 448//502 447//502 668//502
f 669//503 447//504 670//503
f 668//502 447//502 669//502
f 447//504 446//505 670//503
f 670//506 446//507 671//508
f 446//507 445//509 671//508
f 445//510 444//510 671//510
f 672//511 444//512 673//511
f 671//510 444//510 672//510
f 444//512 443//512 673//511
f 443//513 442//513 673//513
f 673//513 442//513 674//513
f 442//514 441//514 674//515
f 674//515 441//514 675//515
f 441//516 440//516 675//517
f 675//517 440//516 676//517
f 440//518 439//518 676//519
f 676//519 439//518 605//519
f 511//366 677//520 544//366
f 678//520 677//520 511//366
f 544//368 679//368 543//368
f 677//368 679//368 544//368
f 543//370 680//370 542//370
f 679//370 680//370 543//370
f 542//521 681//522 541//521
f 680//522 681//522 542//521
f 541//374 682//523 540//374
f 681//523 682//523 541//374
f 540//524 683//525 539//524
f 682//525 683//525 540//524
f 539//377 684//377 538//377
f 683//377 684//377 539//377
f 538//526 685//526 537//526
f 684//526 685//526 538//526
f 537//384 686//385 536//384
f 685//385 686//385 537//384
f 536//527 687//528 535//527
f 686//528 687//528 536//527
f 535//529 688//530 534//529
f 687//530 688//530 535//529
f 534//531 689//532 533//531
f 688//532 689//532 534//531
f 689//392 690//392 533//392
f 533//392 690//392 532//392
f 690//533 691//533 532//394
f 532//394 691//533 531//394
f 691//534 692//534 531//396
f 531//396 692//534 530//396
f 692//535 693//535 530//536
f 530//536 693//535 529//536
f 693//537 694//537 529//538
f 529//538 694//537 547//538
f 694//403 695//403 547//539
f 547//539 695//403 545//539
f 545//540 696//404 546//540
f 695//404 696//404 545//540
f 546//406 697//407 510//406
f 696//407 697//407 546//406
f 510//541 698//409 509//541
f 697//409 698//409 510//541
f 509//542 699//412 508//542
f 698//412 699//412 509//542
f 508//543 700//543 507//543
f 699//543 700//543 508//543
f 507//544 701//545 506//544
f 700//545 701//545 507//544
f 506//546 702//419 505//546
f 701//419 702//419 506//546
f 505//547 703//547 504//547
f 702//547 703//547 505//547
f 504//548 704//425 503//549
f 703//425 704//425 504//548
f 503//426 705//550 502//426
f 704//550 705//550 503//426
f 502//551 706//552 501//551
f 705//552 706//552 502//551
f 501//553 707//554 500//553
f 706//554 707//554 501//553
f 500//436 708//436 499//436
f 707//436 708//436 500//436
f 499//435 709//434 498//435
f 708//434 709//434 499//435
f 498//555 710//556 497//555
f 709//556 710//556 498//555
f 497//557 711//557 496//557
f 710//557 711//557 497//557
f 496//445 712//558 495//445
f 711//558 712//558 496//445
f 495//559 713//560 493//559
f 712//560 713//560 495//559
f 491//450 714//449 489//450
f 493//447 714//561 491//447
f 713//561 714//561 493//447
f 714//449 715//449 489//450
f 489//562 716//563 487//562
f 715//563 716//563 489//562
f 487//454 717//564 485//454
f 716//564 717//564 487//454
f 485//565 718//566 483//565
f 717//566 718//566 485//565
f 483//567 719//568 481//567
f 718//568 719//568 483//567
f 481//461 720//461 479//461
f 719//461 720//461 481//461
f 479//569 721//570 476//569
f 720//570 721//570 479//569
f 476//571 722//572 477//571
f 721//572 722//572 476//571
f 722//573 723//573 477//574
f 477//574 723//573 478//574
f 723//470 724//470 478//575
f 480//576 724//577 482//576
f 478//575 724//470 480//575
f 724//577 725//577 482//576
f 725//578 726//578 482//474
f 484//579 726//579 486//579
f 482//474 726//578 484//474
f 726//579 727//579 486//579
f 727//479 728//479 486//580
f 486//580 728//479 488//580
f 728//581 729//581 488//480
f 488//480 729//581 490//480
f 729//582 730//582 490//583
f 490//583 730//582 492//583
f 730//584 731//584 492//585
f 492//585 731//584 494//585
f 731//586 732//586 494//587
f 528//588 732//488 527//588
f 494//587 732//586 528//587
f 732//488 733//488 527//588
f 733//589 734//589 527//589
f 527//589 734//589 526//589
f 734//493 735//493 526//493
f 526//493 735//493 525//493
f 525//494 736//590 524//494
f 735//590 736//590 525//494
f 524//591 737//591 523//591
f 736//591 737//591 524//591
f 523//592 738//496 522//592
f 737//496 738//496 523//592
f 522//593 739//594 521//593
f 738//594 739//594 522//593
f 739//500 740//500 521//595
f 520//596 740//597 519//596
f 521//595 740//500 520//595
f 740//597 741//597 519//596
f 741//598 742//505 519//503
f 519//503 742//505 518//503
f 742//599 743//599 518//599
f 518//599 743//599 517//599
f 743//600 744//600 517//601
f 517//601 744//600 516//601
f 744//602 745//602 516//602
f 516//602 745//602 515//602
f 745//603 746//603 515//513
f 514//604 746//605 513//606
f 515//513 746//603 514//607
f 746//605 747//605 513//606
f 747//608 748//608 513//608
f 513//608 748//608 512//608
f 748//609 678//609 512//610
f 512//610 678//609 511//610
f 548//338 323//338 749//611
f 330//338 548//338 750//338
f 549//339 374//339 324//339
f 323//612 751//612 752//612
f 374//612 751//612 323//612
f 549//293 325//293 374//293
f 13//22 550//22 371//22
f 3//22 550//22 13//22
f 3//22 7//22 550//22
f 4//22 7//22 3//22
f 551//338 330//338 753//338
f 373//613 551//613 754//613
f 297//340 552//340 755//614
f 373//340 756//340 552//340
f 374//340 553//340 757//340
f 297//340 758//340 553//340
f 554//271 759//271 375//297
f 339//249 576//249 554//249
f 312//271 555//271 558//271
f 760//615 375//615 580//615
f 760//615 555//615 375//615
f 286//271 556//297 561//271
f 556//616 376//616 761//617
f 340//341 762//618 557//342
f 376//616 557//617 761//617
f 377//619 558//620 763//619
f 377//619 763//619 559//619
f 340//343 559//343 762//343
f 380//273 341//273 563//273
f 378//273 380//273 564//273
f 764//297 341//271 560//271
f 560//617 379//617 765//616
f 379//618 561//618 766//342
f 378//252 579//252 562//252
f 562//621 564//344 343//344
f 314//301 563//301 565//302
f 563//622 381//622 565//622
f 381//623 767//250 566//624
f 382//625 566//625 768//625
f 345//626 567//626 568//626
f 769//627 567//627 382//627
f 770//627 567//627 769//627
f 579//252 275//252 568//347
f 275//305 599//305 569//305
f 287//305 569//305 571//348
f 346//305 570//305 598//305
f 771//628 570//628 383//628
f 383//628 571//628 772//628
f 398//629 346//629 594//629
f 398//282 589//282 321//282
f 276//277 584//277 572//277
f 390//630 384//631 572//631
f 573//350 384//277 773//277
f 581//632 348//631 573//631
f 348//351 581//351 574//351
f 774//633 385//633 574//633
f 774//633 575//634 385//633
f 575//277 775//635 386//277
f 387//352 577//352 776//352
f 578//280 777//636 350//280
f 778//280 578//280 387//280
f 779//279 351//279 579//250
f 580//250 351//279 760//279
f 580//637 759//637 389//637
f 580//637 375//637 759//637
f 780//250 576//250 389//250
f 581//280 350//280 574//280
f 390//280 581//280 781//638
f 582//630 390//630 572//631
f 292//280 582//280 782//280
f 583//277 320//277 783//277
f 583//639 394//639 391//639
f 585//640 392//641 393//640
f 585//640 584//641 392//641
f 292//280 782//280 585//280
f 319//280 586//280 784//280
f 583//639 586//639 394//639
f 319//356 785//642 587//356
f 587//357 577//357 354//357
f 588//277 386//277 786//643
f 783//277 320//277 588//277
f 787//644 396//644 589//645
f 787//644 589//645 788//645
f 590//358 396//358 787//358
f 591//646 590//646 787//646
f 788//646 591//646 787//646
f 589//647 397//647 591//647
f 398//648 594//648 592//648
f 592//649 789//649 399//649
f 399//650 790//650 594//650
f 322//311 594//311 791//311
f 593//651 991//651 992//651
f 595//651 593//651 992//651
f 792//652 793//653 593//653
f 794//654 593//653 793//653
f 795//653 792//652 593//653
f 796//652 593//653 794//654
f 797//654 795//653 593//653
f 798//654 593//653 796//652
f 799//655 797//654 593//653
f 800//653 593//653 798//654
f 801//656 799//655 593//653
f 802//653 593//653 800//653
f 803//657 801//656 593//653
f 804//653 593//653 802//653
f 805//657 803//657 593//653
f 806//657 593//653 804//653
f 807//655 805//657 593//653
f 808//655 593//653 806//657
f 809//654 807//655 593//653
f 810//658 593//653 808//655
f 811//659 809//654 593//653
f 812//660 991//653 593//653
f 812//660 593//653 810//658
f 813//653 811//659 593//653
f 814//661 991//653 812//660
f 815//655 991//653 814//661
f 816//661 991//653 815//655
f 817//661 991//653 816//661
f 818//652 991//653 817//661
f 819//653 991//653 818//652
f 820//653 991//653 819//653
f 821//661 991//653 820//653
f 822//655 991//653 821//661
f 823//654 991//653 822//655
f 824//661 991//653 823//654
f 825//657 991//653 824//661
f 826//660 991//653 825//657
f 827//654 991//653 826//660
f 828//654 991//653 827//654
f 829//662 991//653 828//654
f 830//663 991//653 829//662
f 831//655 991//653 830//663
f 596//653 832//662 833//661
f 596//653 833//661 834//653
f 596//653 834//653 835//661
f 596//653 835//661 836//655
f 596//653 836//655 837//655
f 596//653 837//655 838//653
f 596//653 838//653 839//655
f 596//653 839//655 840//660
f 596//653 840//660 841//654
f 596//653 841//654 842//654
f 596//653 842//654 843//655
f 596//653 843//655 844//654
f 596//653 844//654 845//664
f 596//653 845//664 846//659
f 596//653 846//659 847//652
f 596//653 847//652 813//653
f 596//653 813//653 593//653
f 596//653 848//655 832//662
f 849//653 850//658 851//657
f 849//653 851//657 852//657
f 849//653 852//657 853//654
f 849//653 853//654 854//652
f 849//653 854//652 855//653
f 849//653 855//653 856//653
f 849//653 856//653 857//653
f 849//653 857//653 858//653
f 849//653 858//653 859//653
f 849//653 859//653 860//653
f 849//653 860//653 861//653
f 849//653 861//653 862//655
f 849//653 862//655 848//655
f 849//653 848//655 596//653
f 849//653 991//653 831//655
f 849//653 831//655 863//654
f 849//653 863//654 864//653
f 849//653 864//653 850//658
f 849//665 596//665 865//665
f 596//665 597//665 865//665
f 866//666 867//667 595//667
f 595//667 868//666 866//666
f 867//667 869//667 595//667
f 595//667 870//666 868//666
f 869//667 871//667 595//667
f 595//667 872//667 870//666
f 871//667 873//668 595//667
f 595//667 874//667 872//667
f 873//668 875//668 595//667
f 595//667 876//669 874//667
f 875//668 877//667 595//667
f 595//667 878//667 876//669
f 877//667 879//666 595//667
f 595//667 880//667 878//667
f 879//666 881//670 595//667
f 595//667 882//671 880//667
f 881//670 883//672 595//667
f 992//667 884//667 595//667
f 595//667 884//667 882//671
f 883//672 885//673 595//667
f 992//667 886//671 884//667
f 885//673 887//666 595//667
f 992//667 888//669 886//671
f 992//667 889//666 888//669
f 992//667 890//667 889//666
f 992//667 891//667 890//667
f 992//667 892//671 891//667
f 992//667 893//666 892//671
f 992//667 894//666 893//666
f 992//667 895//667 894//666
f 992//667 896//671 895//667
f 992//667 897//670 896//671
f 992//667 898//670 897//670
f 992//667 899//671 898//670
f 992//667 900//671 899//671
f 992//667 901//667 900//671
f 992//667 902//674 901//667
f 992//667 903//671 902//674
f 992//667 904//675 903//671
f 992//667 905//666 904//675
f 906//667 597//667 907//670
f 907//670 597//667 908//666
f 908//666 597//667 909//667
f 909//667 597//667 910//674
f 910//674 597//667 911//666
f 911//666 597//667 912//667
f 912//667 597//667 913//667
f 913//667 597//667 914//667
f 914//667 597//667 915//676
f 915//676 597//667 916//677
f 916//677 597//667 917//667
f 917//667 597//667 918//671
f 918//671 597//667 919//668
f 919//668 597//667 920//678
f 920//678 597//667 921//669
f 921//669 597//667 887//666
f 887//666 597//667 595//667
f 922//675 865//667 923//675
f 923//675 865//667 924//668
f 924//668 865//667 925//667
f 925//667 865//667 926//668
f 926//668 865//667 927//667
f 927//667 865//667 928//668
f 928//668 865//667 929//666
f 929//666 865//667 930//666
f 930//666 865//667 931//667
f 931//667 865//667 932//670
f 932//670 865//667 933//667
f 933//667 865//667 934//667
f 906//667 865//667 597//667
f 934//667 865//667 935//667
f 935//667 865//667 906//667
f 992//667 865//667 905//666
f 905//666 865//667 936//679
f 936//679 865//667 937//666
f 937//666 865//667 922//675
f 400//680 598//680 771//680
f 599//681 400//682 938//682
f 322//311 791//311 600//311
f 601//311 600//311 939//311
f 401//359 601//683 940//683
f 941//358 602//358 401//358
f 346//311 602//311 594//311
f 722//331 650//337 723//326
f 721//331 649//326 722//331
f 722//331 649//326 650//337
f 723//326 651//336 724//337
f 650//337 651//336 723//326
f 720//326 648//326 721//331
f 721//331 648//326 649//326
f 724//337 652//326 725//326
f 651//336 652//326 724//337
f 719//326 647//326 720//326
f 720//326 647//326 648//326
f 725//326 653//331 726//326
f 652//326 653//331 725//326
f 718//336 646//328 719//326
f 719//326 646//328 647//326
f 726//326 654//326 727//336
f 653//331 654//326 726//326
f 717//327 645//326 718//336
f 718//336 645//326 646//328
f 727//336 655//330 728//326
f 654//326 655//330 727//336
f 716//336 644//327 717//327
f 717//327 644//327 645//326
f 655//330 656//326 728//326
f 716//336 643//684 644//327
f 715//331 643//684 716//336
f 656//326 657//326 728//326
f 728//326 657//326 729//330
f 715//331 642//328 643//684
f 714//326 642//328 715//331
f 729//330 658//326 730//326
f 657//326 658//326 729//330
f 713//336 641//328 714//326
f 714//326 641//328 642//328
f 658//326 659//336 730//326
f 730//326 659//336 731//326
f 712//328 640//326 713//336
f 713//336 640//326 641//328
f 659//336 660//326 731//326
f 731//326 660//326 732//326
f 712//328 639//326 640//326
f 711//328 639//326 712//328
f 732//326 661//326 733//326
f 660//326 661//326 732//326
f 710//326 638//326 711//328
f 711//328 638//326 639//326
f 661//326 662//326 733//326
f 733//326 662//326 734//326
f 709//326 637//328 710//326
f 710//326 637//328 638//326
f 662//326 663//326 734//326
f 734//326 663//326 735//326
f 708//328 636//336 709//326
f 709//326 636//336 637//328
f 735//326 664//326 736//326
f 663//326 664//326 735//326
f 708//328 635//326 636//336
f 707//328 635//326 708//328
f 736//326 665//331 737//326
f 664//326 665//331 736//326
f 707//328 634//326 635//326
f 706//326 634//326 707//328
f 737//326 666//328 738//326
f 665//331 666//328 737//326
f 705//326 633//326 706//326
f 706//326 633//326 634//326
f 666//328 667//326 738//326
f 738//326 667//326 739//331
f 705//326 632//333 633//326
f 667//326 668//336 739//331
f 668//336 740//328 739//331
f 705//326 704//327 632//333
f 704//327 631//333 632//333
f 668//336 669//327 740//328
f 669//327 741//328 740//328
f 704//327 703//334 631//333
f 703//334 630//326 631//333
f 669//327 670//326 741//328
f 670//326 742//326 741//328
f 703//334 702//326 630//326
f 702//326 629//327 630//326
f 670//326 671//326 742//326
f 671//326 743//326 742//326
f 702//326 701//328 629//327
f 701//328 628//326 629//327
f 671//326 672//326 743//326
f 672//326 744//326 743//326
f 673//326 744//326 672//326
f 701//328 700//328 628//326
f 628//326 700//328 627//326
f 673//326 745//326 744//326
f 674//326 745//326 673//326
f 627//326 699//326 626//326
f 700//328 699//326 627//326
f 674//326 746//328 745//326
f 675//336 746//328 674//326
f 626//326 698//326 625//328
f 699//326 698//326 626//326
f 675//336 747//326 746//328
f 676//326 747//326 675//336
f 625//328 697//326 624//326
f 698//326 697//326 625//328
f 676//326 748//326 747//326
f 605//328 748//326 676//326
f 624//326 696//331 623//336
f 697//326 696//331 624//326
f 606//331 678//327 605//328
f 605//328 678//327 748//326
f 623//336 695//326 622//327
f 696//331 695//326 623//336
f 607//332 677//326 606//331
f 606//331 677//326 678//327
f 622//327 694//336 621//331
f 695//326 694//336 622//327
f 608//327 679//328 607//332
f 607//332 679//328 677//326
f 621//331 693//326 620//326
f 694//336 693//326 621//331
f 693//326 692//328 620//326
f 609//327 680//328 608//327
f 608//327 680//328 679//328
f 609//327 681//336 680//328
f 610//328 681//336 609//327
f 620//326 691//326 619//326
f 692//328 691//326 620//326
f 610//328 682//327 681//336
f 611//328 682//327 610//328
f 691//326 690//336 619//326
f 619//326 690//336 618//326
f 611//328 683//327 682//327
f 612//330 683//327 611//328
f 618//326 689//326 617//337
f 690//336 689//326 618//326
f 612//330 684//327 683//327
f 613//685 684//327 612//330
f 617//337 688//326 616//336
f 689//326 688//326 617//337
f 613//685 685//327 684//327
f 614//330 685//327 613//685
f 688//326 687//326 616//336
f 616//336 687//326 615//331
f 614//330 686//336 685//327
f 687//326 686//336 615//331
f 615//331 686//336 614//330
f 749//611 323//338 942//338
f 749//686 943//686 944//686
f 749//686 944//686 548//686
f 944//687 750//687 548//687
f 330//338 750//338 753//338
f 374//340 945//340 751//340
f 751//688 946//688 752//689
f 947//338 323//338 752//338
f 551//338 753//338 948//338
f 949//690 754//690 551//690
f 373//613 754//613 950//613
f 297//340 755//614 951//340
f 952//691 755//691 552//691
f 373//340 953//692 756//340
f 552//693 756//693 954//694
f 552//693 954//694 955//694
f 757//340 956//340 374//340
f 957//686 757//686 553//686
f 297//340 958//340 758//340
f 553//687 758//687 959//695
f 554//271 960//271 759//271
f 341//696 554//696 576//696
f 763//697 558//698 555//698
f 760//697 763//697 555//698
f 561//271 556//297 961//699
f 761//700 962//701 556//701
f 963//702 557//279 762//279
f 964//279 761//702 557//279
f 559//250 763//279 351//279
f 762//279 559//250 351//279
f 563//273 341//273 767//273
f 564//250 579//250 378//250
f 965//271 341//271 764//297
f 966//700 764//701 560//701
f 765//703 966//700 560//701
f 379//617 967//616 765//616
f 561//343 968//343 766//343
f 379//618 766//342 967//342
f 562//252 579//252 568//347
f 969//621 564//344 562//621
f 563//704 767//250 381//623
f 767//250 768//250 566//624
f 382//625 768//625 970//625
f 567//626 969//626 568//626
f 567//705 770//705 971//705
f 769//625 382//625 972//625
f 973//706 770//707 769//706
f 974//708 569//708 599//708
f 772//709 571//709 569//709
f 771//628 598//628 570//628
f 771//628 383//628 772//628
f 782//710 582//710 572//710
f 782//710 572//710 584//710
f 384//351 390//351 975//351
f 976//351 384//351 975//351
f 773//277 384//277 976//635
f 977//710 573//710 773//710
f 977//710 781//710 573//710
f 781//711 581//632 573//631
f 574//280 350//280 774//280
f 978//712 575//712 774//712
f 978//712 775//712 575//712
f 775//635 979//277 386//277
f 785//357 776//357 577//357
f 776//356 319//356 387//356
f 978//280 350//280 777//636
f 777//713 578//713 979//714
f 980//280 778//280 387//280
f 981//715 578//716 778//716
f 981//715 778//716 982//715
f 779//279 983//250 351//279
f 564//250 779//279 579//250
f 760//279 351//279 763//279
f 389//717 759//718 960//718
f 780//717 389//717 960//718
f 984//250 576//250 780//250
f 390//280 781//638 975//280
f 783//719 784//720 583//719
f 782//721 584//641 585//640
f 319//280 784//280 985//636
f 583//719 784//720 586//720
f 319//356 776//356 785//642
f 587//357 785//357 577//357
f 786//643 386//277 986//277
f 985//722 588//722 786//722
f 783//723 588//723 985//723
f 783//723 985//723 784//723
f 589//647 591//647 788//647
f 594//724 789//724 592//724
f 399//650 789//650 987//650
f 594//650 790//650 988//725
f 399//650 989//650 790//650
f 791//311 594//311 990//311
f 849//726 865//726 991//727
f 991//727 865//726 992//727
f 993//728 832//729 994//728
f 832//729 848//729 994//728
f 994//730 862//730 995//730
f 848//730 862//730 994//730
f 995//731 861//731 996//731
f 862//731 861//731 995//731
f 996//732 860//733 997//732
f 861//733 860//733 996//732
f 997//734 859//735 998//734
f 860//736 859//735 997//734
f 998//737 858//737 999//737
f 859//738 858//737 998//737
f 999//739 857//740 1000//741
f 858//740 857//740 999//739
f 1000//742 856//743 1001//742
f 857//743 856//743 1000//742
f 1002//744 855//745 1003//744
f 1001//746 855//746 1002//746
f 856//747 855//746 1001//746
f 855//745 854//745 1003//744
f 1003//748 853//749 1004//750
f 854//749 853//749 1003//748
f 1004//751 852//752 1005//751
f 853//752 852//752 1004//751
f 852//753 851//753 1005//754
f 1006//755 851//755 1007//755
f 1005//754 851//753 1006//754
f 851//755 850//756 1007//755
f 850//757 864//757 1007//758
f 1007//758 864//757 1008//758
f 864//759 863//760 1008//761
f 1008//761 863//760 1009//761
f 863//762 831//762 1009//763
f 1009//763 831//762 1010//763
f 831//764 830//764 1010//765
f 1010//765 830//764 1011//765
f 1011//766 829//767 1012//768
f 830//769 829//767 1011//766
f 1012//770 828//771 1013//772
f 829//771 828//771 1012//770
f 1013//773 827//774 1014//775
f 828//774 827//774 1013//773
f 1015//776 826//777 1016//776
f 1014//778 826//779 1015//778
f 827//780 826//779 1014//778
f 826//777 825//777 1016//776
f 1016//781 824//782 1017//783
f 825//782 824//782 1016//781
f 1017//784 823//785 1018//784
f 824//785 823//785 1017//784
f 1018//786 822//787 1019//786
f 823//787 822//787 1018//786
f 1019//788 821//788 1020//788
f 822//788 821//788 1019//788
f 1020//789 820//790 1021//789
f 821//791 820//790 1020//789
f 1021//792 819//793 1022//792
f 820//793 819//793 1021//792
f 1022//794 818//795 1023//794
f 819//796 818//795 1022//794
f 1023//797 817//798 1024//797
f 818//798 817//798 1023//797
f 1024//799 816//800 1025//799
f 817//800 816//800 1024//799
f 1025//801 815//802 1026//801
f 816//803 815//802 1025//801
f 1027//804 814//804 1028//804
f 1026//805 814//806 1027//805
f 815//807 814//806 1026//805
f 814//804 812//804 1028//804
f 1028//808 810//809 1029//808
f 812//809 810//809 1028//808
f 1029//810 808//811 1030//810
f 810//811 808//811 1029//810
f 808//812 806//812 1030//812
f 1030//812 806//812 1031//812
f 1031//813 804//813 1032//814
f 806//813 804//813 1031//813
f 1032//815 802//816 1033//815
f 804//816 802//816 1032//815
f 1033//817 800//817 1034//817
f 802//817 800//817 1033//817
f 1034//818 798//819 1035//818
f 800//819 798//819 1034//818
f 1035//820 796//820 1036//821
f 798//820 796//820 1035//820
f 1036//822 794//823 1037//822
f 796//823 794//823 1036//822
f 1038//824 793//825 1039//824
f 1037//826 793//826 1038//826
f 794//826 793//826 1037//826
f 793//825 792//825 1039//824
f 792//827 795//827 1039//827
f 1040//828 795//828 1041//828
f 1039//827 795//827 1040//829
f 795//828 797//828 1041//828
f 797//830 799//830 1041//831
f 1042//832 799//833 1043//834
f 1041//831 799//830 1042//831
f 799//833 801//833 1043//834
f 801//835 803//835 1043//835
f 1043//835 803//835 1044//835
f 803//836 805//836 1044//837
f 1044//837 805//836 1045//837
f 805//838 807//839 1045//839
f 1045//839 807//839 1046//839
f 807//840 809//841 1046//842
f 1047//843 809//844 1048//845
f 1046//842 809//841 1047//842
f 809//844 811//846 1048//845
f 811//847 813//847 1048//848
f 1048//848 813//847 1049//848
f 813//849 847//849 1049//849
f 1049//849 847//849 1050//849
f 847//850 846//850 1050//851
f 1050//851 846//850 1051//852
f 846//853 845//854 1051//855
f 1051//855 845//854 1052//855
f 1052//856 844//856 1053//856
f 845//856 844//856 1052//856
f 1053//857 843//857 1054//857
f 844//857 843//857 1053//857
f 1054//858 842//859 1055//860
f 843//861 842//859 1054//858
f 842//862 841//862 1055//862
f 1055//862 841//862 1056//862
f 841//863 840//864 1056//865
f 1056//865 840//864 1057//866
f 840//867 839//868 1057//869
f 1057//869 839//868 1058//869
f 839//870 838//870 1058//871
f 1058//871 838//870 1059//872
f 838//873 837//873 1059//874
f 1059//874 837//873 1060//874
f 837//875 836//875 1060//875
f 1060//875 836//875 1061//875
f 836//876 835//876 1061//877
f 1062//878 835//878 1063//878
f 1061//877 835//876 1062//877
f 835//878 834//879 1063//878
f 834//880 833//880 1063//880
f 1063//880 833//880 1064//880
f 833//881 832//881 1064//881
f 1064//881 832//881 993//881
f 906//728 1065//729 935//728
f 1066//729 1065//729 906//728
f 935//730 1067//730 934//730
f 1065//730 1067//730 935//730
f 934//731 1068//731 933//731
f 1067//731 1068//731 934//731
f 933//732 1069//882 932//732
f 1068//882 1069//882 933//732
f 932//735 1070//735 931//735
f 1069//735 1070//735 932//735
f 931//883 1071//737 930//883
f 1070//737 1071//737 931//883
f 930//740 1072//740 929//740
f 1071//740 1072//740 930//740
f 929//884 1073//743 928//884
f 1072//743 1073//743 929//884
f 928//746 1074//747 927//746
f 1073//747 1074//747 928//746
f 927//885 1075//744 926//885
f 1074//744 1075//744 927//885
f 926//749 1076//749 925//749
f 1075//749 1076//749 926//749
f 925//751 1077//751 924//751
f 1076//751 1077//751 925//751
f 1077//886 1078//886 924//754
f 924//754 1078//886 923//754
f 1078//755 1079//755 923//887
f 923//887 1079//755 922//887
f 1079//888 1080//888 922//757
f 922//757 1080//888 937//757
f 1080//889 1081//889 937//890
f 937//890 1081//889 936//890
f 1081//891 1082//891 936//892
f 936//892 1082//891 905//893
f 1082//894 1083//894 905//894
f 905//894 1083//894 904//894
f 904//767 1084//895 903//767
f 1083//895 1084//895 904//767
f 903//896 1085//896 902//896
f 1084//896 1085//896 903//896
f 902//773 1086//897 901//773
f 1085//897 1086//897 902//773
f 901//778 1087//898 900//778
f 1086//898 1087//898 901//778
f 900//899 1088//776 899//899
f 1087//776 1088//776 900//899
f 899//900 1089//782 898//900
f 1088//782 1089//782 899//900
f 898//901 1090//902 897//901
f 1089//902 1090//902 898//901
f 897//903 1091//904 896//903
f 1090//905 1091//904 897//903
f 896//788 1092//906 895//788
f 1091//906 1092//906 896//788
f 895//907 1093//908 894//907
f 1092//908 1093//908 895//907
f 894//909 1094//792 893//909
f 1093//792 1094//792 894//909
f 893//910 1095//911 892//910
f 1094//911 1095//911 893//910
f 892//912 1096//913 891//912
f 1095//913 1096//913 892//912
f 891//799 1097//800 890//799
f 1096//800 1097//800 891//799
f 890//801 1098//802 889//801
f 1097//802 1098//802 890//801
f 889//805 1099//914 888//805
f 1098//914 1099//914 889//805
f 888//804 1100//804 886//804
f 1099//804 1100//804 888//804
f 886//809 1101//808 884//809
f 1100//808 1101//808 886//809
f 884//915 1102//916 882//915
f 1101//916 1102//916 884//915
f 1102//812 1103//812 882//812
f 882//812 1103//812 880//812
f 880//813 1104//917 878//813
f 1103//917 1104//917 880//813
f 876//918 1105//817 874//918
f 878//919 1105//816 876//919
f 1104//816 1105//816 878//919
f 1105//817 1106//817 874//918
f 874//818 1107//818 872//818
f 1106//818 1107//818 874//818
f 872//820 1108//820 870//820
f 1107//820 1108//820 872//820
f 870//823 1109//920 868//823
f 1108//920 1109//920 870//823
f 868//826 1110//826 866//826
f 1109//826 1110//826 868//826
f 866//825 1110//921 867//825
f 1110//921 1111//921 867//825
f 1111//922 1112//922 867//829
f 869//923 1112//923 871//923
f 867//829 1112//922 869//829
f 1112//923 1113//923 871//923
f 1113//830 1114//830 871//831
f 873//924 1114//834 875//924
f 871//831 1114//830 873//831
f 1114//834 1115//834 875//924
f 1115//925 1116//925 875//835
f 875//835 1116//925 877//835
f 1116//926 1117//926 877//837
f 879//927 1117//927 881//927
f 877//837 1117//926 879//837
f 1117//927 1118//927 881//927
f 1118//928 1119//928 881//929
f 883//845 1119//845 885//845
f 881//929 1119//928 883//929
f 1119//845 1120//845 885//845
f 1120//930 1121//930 885//930
f 885//930 1121//930 887//930
f 1121//931 1122//931 887//932
f 887//932 1122//931 921//932
f 1122//933 1123//933 921//934
f 921//934 1123//933 920//934
f 920//935 1124//853 919//936
f 1123//853 1124//853 920//935
f 919//937 1125//938 918//937
f 1124//938 1125//938 919//937
f 918//857 1126//939 917//857
f 1125//939 1126//939 918//857
f 917//940 1127//859 916//859
f 1126//859 1127//859 917//940
f 1127//862 1128//862 916//862
f 915//941 1128//942 914//941
f 916//862 1128//862 915//862
f 1128//942 1129//942 914//941
f 1129//869 1130//869 914//869
f 914//869 1130//869 913//869
f 1130//870 1131//870 913//943
f 913//943 1131//870 912//943
f 1131//944 1132//944 912//945
f 912//945 1132//944 911//945
f 1132//946 1133//946 911//875
f 910//947 1133//947 909//947
f 911//875 1133//946 910//875
f 1133//947 1134//947 909//947
f 1134//948 1135//948 909//878
f 908//880 1135//949 907//880
f 909//878 1135//948 908//878
f 1135//949 1136//949 907//880
f 1136//950 1066//950 907//950
f 907//950 1066//950 906//950
f 1137//680 400//680 771//680
f 938//708 400//708 1137//708
f 974//708 599//708 938//708
f 1138//359 600//951 791//359
f 600//311 1139//311 939//311
f 601//311 939//311 1140//952
f 401//359 940//683 1141//953
f 1142//954 940//954 601//954
f 1143//358 941//358 401//358
f 602//644 941//644 1144//644
f 602//311 990//311 594//311
f 942//338 323//338 1145//338
f 942//955 943//956 749//955
f 1146//338 944//338 943//957
f 944//687 1147//687 750//687
f 753//958 750//958 1148//959
f 751//340 945//340 1149//340
f 374//340 1150//340 945//340
f 752//689 946//688 1151//689
f 373//960 946//960 751//960
f 323//338 947//338 1152//957
f 1153//338 947//338 752//338
f 551//338 948//338 1154//338
f 753//961 1148//962 1155//961
f 948//961 753//961 1155//961
f 551//690 1156//690 949//690
f 754//963 949//963 1157//963
f 754//963 1157//963 950//963
f 950//960 1157//960 373//960
f 755//964 1158//965 951//964
f 297//340 951//340 958//340
f 955//966 952//691 552//691
f 755//964 952//965 1158//965
f 373//340 1159//340 953//692
f 953//967 1160//967 756//967
f 756//967 1160//967 954//967
f 1160//340 955//340 954//692
f 374//340 956//340 1161//340
f 1162//956 956//956 757//956
f 553//687 959//695 957//695
f 1162//686 757//686 957//686
f 959//968 758//958 958//958
f 554//271 1163//297 960//271
f 341//696 576//696 1164//696
f 554//271 341//271 1165//297
f 556//297 1166//271 961//699
f 561//343 961//343 968//343
f 761//700 1167//700 962//701
f 962//271 1168//271 556//297
f 968//969 963//702 762//279
f 964//279 557//279 963//702
f 1169//702 761//702 964//279
f 766//279 762//279 351//279
f 341//696 768//696 767//696
f 764//970 966//970 1170//970
f 764//970 1170//970 965//970
f 1171//271 341//271 965//271
f 1172//250 966//250 765//279
f 1172//250 765//279 967//250
f 762//279 766//279 968//969
f 983//250 967//250 766//279
f 568//621 969//621 562//621
f 564//344 969//621 779//621
f 970//625 768//625 1173//625
f 382//625 970//625 1174//625
f 567//705 1175//705 969//705
f 971//705 770//705 1176//971
f 567//705 971//705 1177//705
f 769//625 972//625 1178//972
f 382//625 1174//625 972//625
f 973//706 1179//707 770//707
f 1180//973 973//973 769//973
f 772//709 569//709 974//709
f 772//974 1181//974 771//974
f 772//974 1182//974 1181//974
f 1183//633 976//633 975//633
f 773//277 976//635 1184//277
f 1185//641 773//641 1184//641
f 977//641 773//641 1185//641
f 975//280 781//638 977//280
f 774//280 350//280 978//280
f 775//975 978//976 777//976
f 979//975 775//975 777//976
f 979//277 1186//635 386//277
f 387//280 319//280 980//280
f 578//713 1186//713 979//714
f 980//977 1187//977 982//977
f 778//977 980//977 982//977
f 578//713 981//978 1186//713
f 981//277 982//277 386//277
f 351//279 983//250 766//279
f 969//979 983//979 779//979
f 960//980 1163//980 780//980
f 1188//279 576//250 984//250
f 1163//980 984//980 780//980
f 1189//280 319//280 985//636
f 986//277 1190//277 786//643
f 986//277 386//277 1187//981
f 1189//722 985//722 786//722
f 594//650 1191//650 789//650
f 399//650 987//650 1192//650
f 987//650 789//650 1193//650
f 594//650 988//725 1191//650
f 1194//982 988//982 790//983
f 399//650 1192//650 989//650
f 1195//984 790//984 989//984
f 1196//647 791//647 990//647
f 1110//669 1038//667 1111//667
f 1109//669 1037//675 1110//669
f 1110//669 1037//675 1038//667
f 1111//667 1039//666 1112//667
f 1038//667 1039//666 1111//667
f 1108//666 1036//667 1109//669
f 1109//669 1036//667 1037//675
f 1112//667 1040//667 1113//667
f 1039//666 1040//667 1112//667
f 1107//669 1035//666 1108//666
f 1108//666 1035//666 1036//667
f 1113//667 1041//666 1114//666
f 1040//667 1041//666 1113//667
f 1106//669 1034//667 1107//669
f 1107//669 1034//667 1035//666
f 1114//666 1042//670 1115//667
f 1041//666 1042//670 1114//666
f 1105//671 1033//676 1106//669
f 1106//669 1033//676 1034//667
f 1115//667 1043//667 1116//667
f 1042//670 1043//667 1115//667
f 1104//675 1032//676 1105//671
f 1105//671 1032//676 1033//676
f 1116//667 1044//669 1117//667
f 1043//667 1044//669 1116//667
f 1103//667 1031//666 1104//675
f 1104//675 1031//666 1032//676
f 1044//669 1045//671 1117//667
f 1117//667 1045//671 1118//671
f 1103//667 1030//667 1031//666
f 1102//667 1030//667 1103//667
f 1045//671 1046//671 1118//671
f 1118//671 1046//671 1119//671
f 1102//667 1029//668 1030//667
f 1101//667 1029//668 1102//667
f 1119//671 1047//667 1120//671
f 1046//671 1047//667 1119//671
f 1100//666 1028//670 1101//667
f 1101//667 1028//670 1029//668
f 1047//667 1048//667 1120//671
f 1120//671 1048//667 1121//669
f 1100//666 1027//985 1028//670
f 1099//670 1027//985 1100//666
f 1048//667 1049//671 1121//669
f 1121//669 1049//671 1122//670
f 1099//670 1026//667 1027//985
f 1098//670 1026//667 1099//670
f 1049//671 1050//671 1122//670
f 1097//666 1025//671 1098//670
f 1098//670 1025//671 1026//667
f 1050//671 1051//667 1122//670
f 1122//670 1051//667 1123//666
f 1096//666 1024//675 1097//666
f 1097//666 1024//675 1025//671
f 1051//667 1052//671 1123//666
f 1123//666 1052//671 1124//671
f 1096//666 1023//670 1024//675
f 1095//666 1023//670 1096//666
f 1124//671 1053//676 1125//667
f 1052//671 1053//676 1124//671
f 1095//666 1022//985 1023//670
f 1094//671 1022//985 1095//666
f 1053//676 1054//666 1125//667
f 1125//667 1054//666 1126//667
f 1093//671 1021//666 1094//671
f 1094//671 1021//666 1022//985
f 1126//667 1055//667 1127//671
f 1054//666 1055//667 1126//667
f 1093//671 1020//667 1021//666
f 1055//667 1056//667 1127//671
f 1056//667 1128//669 1127//671
f 1093//671 1092//669 1020//667
f 1092//669 1019//667 1020//667
f 1056//667 1057//667 1128//669
f 1057//667 1129//671 1128//669
f 1092//669 1091//669 1019//667
f 1091//669 1018//671 1019//667
f 1057//667 1058//667 1129//671
f 1058//667 1130//667 1129//671
f 1091//669 1090//669 1018//671
f 1090//669 1017//666 1018//671
f 1058//667 1059//667 1130//667
f 1059//667 1131//667 1130//667
f 1090//669 1089//676 1017//666
f 1089//676 1016//667 1017//666
f 1059//667 1060//666 1131//667
f 1060//666 1132//667 1131//667
f 1061//676 1132//667 1060//666
f 1089//676 1088//667 1016//667
f 1016//667 1088//667 1015//667
f 1061//676 1133//666 1132//667
f 1062//671 1133//666 1061//676
f 1015//667 1087//667 1014//671
f 1088//667 1087//667 1015//667
f 1062//671 1134//666 1133//666
f 1063//669 1134//666 1062//671
f 1087//667 1086//671 1014//671
f 1063//669 1135//666 1134//666
f 1064//669 1135//666 1063//669
f 1014//671 1085//667 1013//667
f 1086//671 1085//667 1014//671
f 1064//669 1136//675 1135//666
f 993//669 1136//675 1064//669
f 1013//667 1084//671 1012//667
f 1085//667 1084//671 1013//667
f 1012//667 1083//669 1011//669
f 1084//671 1083//669 1012//667
f 994//666 1066//667 993//669
f 993//669 1066//667 1136//675
f 1011//669 1082//667 1010//666
f 1083//669 1082//667 1011//669
f 995//666 1065//666 994//666
f 994//666 1065//666 1066//667
f 1010//666 1081//667 1009//670
f 1082//667 1081//667 1010//666
f 995//666 1067//670 1065//666
f 996//668 1067//670 995//666
f 1009//670 1080//667 1008//676
f 1081//667 1080//667 1009//670
f 996//668 1068//668 1067//670
f 997//675 1068//668 996//668
f 997//675 1069//666 1068//668
f 998//667 1069//666 997//675
f 1008//676 1079//667 1007//669
f 1080//667 1079//667 1008//676
f 1079//667 1078//671 1007//669
f 1007//669 1078//671 1006//670
f 998//667 1070//674 1069//666
f 999//678 1070//674 998//667
f 1006//670 1077//671 1005//670
f 1078//671 1077//671 1006//670
f 999//678 1071//671 1070//674
f 1000//671 1071//671 999//678
f 1005//670 1076//674 1004//666
f 1077//671 1076//674 1005//670
f 1000//671 1072//671 1071//671
f 1001//667 1072//671 1000//671
f 1001//667 1073//666 1072//671
f 1002//666 1073//666 1001//667
f 1076//674 1075//667 1004//666
f 1004//666 1075//667 1003//670
f 1002//666 1074//670 1073//666
f 1075//667 1074//670 1003//670
f 1003//670 1074//670 1002//666
f 1137//986 1197//986 1198//986
f 771//986 1197//986 1137//986
f 1137//708 974//708 938//708
f 1138//359 791//359 1199//359
f 1200//987 600//988 1138//989
f 1139//311 600//311 1200//311
f 939//311 1139//311 1201//311
f 1140//952 939//311 1202//990
f 601//311 1140//952 1203//991
f 401//359 1141//953 1204//359
f 1142//992 1141//992 940//992
f 1205//954 1142//954 601//954
f 1199//993 1196//993 941//993
f 1199//993 941//993 1143//993
f 1143//359 401//359 1206//953
f 602//644 1144//644 1207//994
f 941//644 1208//644 1144//644
f 990//644 602//644 1209//644
f 1145//338 323//338 1210//338
f 942//338 1145//338 1211//338
f 942//955 1146//956 943//956
f 944//338 1146//338 1212//338
f 944//338 1148//338 1147//995
f 750//958 1147//959 1148//959
f 1149//340 1213//340 751//340
f 1214//694 1149//996 945//996
f 374//340 1215//340 1150//340
f 1214//967 945//967 1150//967
f 1214//967 1150//967 1216//967
f 752//690 1151//690 1156//690
f 1156//963 1151//963 946//963
f 373//340 751//340 1159//340
f 373//960 1157//960 946//960
f 1152//957 1217//338 323//338
f 1218//997 1152//961 947//961
f 752//338 1219//998 1153//338
f 1220//958 947//968 1153//968
f 1221//965 1154//964 948//964
f 551//338 1154//338 1222//338
f 1221//338 1155//999 1148//338
f 1221//965 948//964 1155//965
f 551//690 752//690 1156//690
f 949//963 1156//963 1157//963
f 1158//962 958//962 951//962
f 1158//340 952//340 955//340
f 1159//1000 1160//1000 953//1000
f 1158//340 955//340 1160//340
f 374//340 1161//340 1223//692
f 1161//340 956//340 1224//692
f 1225//956 956//956 1162//956
f 959//340 1162//340 957//614
f 1226//968 959//968 958//958
f 554//271 1165//297 1163//297
f 341//696 1164//696 1173//696
f 1164//696 576//696 1227//696
f 1165//297 341//271 1228//1001
f 556//297 1229//297 1166//271
f 961//619 1166//619 963//619
f 961//619 963//619 968//620
f 1169//702 1167//279 761//702
f 1230//970 1167//970 1231//970
f 962//970 1167//970 1230//970
f 556//297 1168//271 1232//271
f 1230//297 1168//271 962//271
f 964//697 963//697 1166//697
f 964//615 1229//615 1169//615
f 341//696 1173//696 768//696
f 1172//250 1170//279 966//250
f 965//1002 1170//1002 1233//1002
f 965//1002 1233//1002 1171//1002
f 1234//297 341//271 1171//271
f 1172//250 967//250 983//250
f 970//625 1173//625 1235//625
f 1174//1003 970//1003 1236//1003
f 1174//1003 1236//1003 1177//1004
f 1175//705 567//705 1237//705
f 969//705 1175//705 1238//705
f 1176//971 770//705 1239//705
f 971//1005 1176//1005 972//1005
f 567//705 1177//705 1236//705
f 971//1006 972//1007 1174//1006
f 1177//1006 971//1006 1174//1006
f 769//625 1178//972 1240//625
f 1176//1005 1178//1005 972//1005
f 770//1008 1179//1008 1241//1009
f 973//1010 1180//1010 1179//1010
f 769//973 1242//973 1180//973
f 1243//1011 772//1011 974//1011
f 1243//1011 974//1011 1244//1011
f 771//974 1181//974 1245//974
f 772//974 1246//974 1182//974
f 1181//974 1182//974 1247//974
f 975//280 977//280 1183//280
f 1183//633 1248//633 976//633
f 1184//277 976//635 1248//277
f 1249//355 1185//355 1184//355
f 1249//355 1184//355 1250//355
f 1183//280 977//280 1185//280
f 1186//635 981//277 386//277
f 980//280 319//280 1251//1012
f 982//277 1187//981 386//277
f 1251//722 986//722 1187//722
f 980//722 1251//722 1187//722
f 969//705 1172//705 983//705
f 1252//279 576//250 1188//279
f 1165//1013 1188//1013 984//1013
f 1163//1013 1165//1013 984//1013
f 1251//1012 319//280 1189//280
f 1190//277 986//277 1253//277
f 1189//977 786//977 1190//977
f 1254//977 1189//977 1190//977
f 1191//650 1255//650 789//650
f 1256//984 1192//984 987//984
f 1255//650 1193//650 789//650
f 1193//1014 1257//1014 987//1014
f 988//1015 1194//1015 1191//1015
f 1194//982 790//983 1195//983
f 1256//984 989//984 1192//984
f 1256//984 1195//984 989//984
f 1258//645 1196//644 990//644
f 1196//647 1199//647 791//647
f 1259//1016 1137//1016 1198//1016
f 771//974 1260//974 1197//974
f 1197//1017 1261//1017 1198//1017
f 974//1016 1137//1016 1262//1016
f 1263//683 1138//359 1199//359
f 1264//987 1200//987 1138//989
f 1139//311 1200//311 1265//1018
f 1201//311 1139//311 1266//1019
f 939//311 1201//311 1267//311
f 939//1020 1268//1020 1202//1020
f 1269//1021 1140//1022 1202//1022
f 1205//1023 1203//1024 1140//1024
f 1205//954 601//954 1203//1025
f 401//359 1204//359 1206//953
f 1270//1026 1271//1026 1204//1026
f 1270//1026 1204//1026 1141//1026
f 1270//1027 1141//992 1142//992
f 602//644 1142//644 1205//1028
f 1199//359 1143//359 1272//359
f 941//644 1196//644 1208//644
f 1143//359 1206//953 1273//953
f 602//644 1207//994 1271//645
f 1144//1029 1274//1030 1273//1030
f 1207//1029 1144//1029 1273//1030
f 1272//1031 1144//1031 1208//1031
f 1272//1031 1274//1031 1144//1031
f 990//644 1209//644 1275//645
f 1209//644 602//644 1276//1028
f 1210//338 323//338 1277//338
f 1210//686 1278//686 1145//686
f 1278//687 1211//687 1145//687
f 942//338 1211//338 1279//338
f 1280//1032 1146//1032 942//1032
f 1221//338 944//338 1212//338
f 1212//338 1146//338 1280//995
f 1221//338 1148//338 944//338
f 1213//340 1281//340 751//340
f 1213//691 1149//691 1217//691
f 1214//694 1282//694 1149//996
f 374//340 1283//340 1215//340
f 1216//1000 1150//1000 1215//1000
f 1216//1000 1215//1000 1284//1000
f 1216//338 323//338 1214//338
f 1157//963 1156//963 946//963
f 1159//340 751//340 1285//340
f 1217//338 1282//338 323//338
f 1152//964 1213//964 1217//964
f 1218//997 1281//997 1152//961
f 1220//958 1218//958 947//968
f 752//338 1286//957 1219//998
f 1153//687 1219//687 1287//695
f 1153//687 1287//695 1220//695
f 1222//966 1154//691 1221//966
f 1222//966 1221//966 1288//966
f 551//338 1222//338 1289//338
f 752//338 551//338 1290//338
f 1158//962 1226//962 958//962
f 1159//1000 1291//1000 1160//1000
f 1162//340 1158//340 1160//340
f 1223//692 1292//340 374//340
f 1293//686 1223//686 1161//686
f 1293//686 1161//686 1294//686
f 956//340 1295//340 1224//692
f 1161//687 1224//687 1294//695
f 956//1033 1225//1033 1296//1033
f 1162//340 1296//340 1225//692
f 959//340 1158//340 1162//340
f 959//340 1226//1034 1158//340
f 1297//625 1173//625 1164//625
f 1227//696 576//696 1172//696
f 1227//979 1242//979 1164//979
f 1228//1001 341//271 1298//298
f 1165//1035 1228//1035 1299//1035
f 556//297 1232//271 1229//297
f 964//697 1166//697 1229//697
f 1300//702 1167//279 1169//702
f 1300//702 1231//279 1167//279
f 1301//1002 1231//1002 1302//1002
f 1230//1002 1231//1002 1301//1002
f 1300//637 1232//637 1168//637
f 1230//297 1303//298 1168//271
f 1169//615 1229//615 1232//615
f 1172//250 1233//279 1170//279
f 1304//1036 1234//1036 1171//1036
f 1233//1036 1304//1036 1171//1036
f 1305//1037 341//271 1234//297
f 1235//625 1173//625 1297//625
f 970//625 1235//625 1306//1038
f 1307//1039 1308//1039 1236//1039
f 970//1039 1307//1039 1236//1039
f 567//705 1309//705 1237//705
f 1235//1003 1175//1003 1237//1003
f 1235//1039 1238//1039 1175//1039
f 969//705 1238//705 1310//705
f 1239//705 770//705 1311//1040
f 1176//1041 1239//1041 1240//1042
f 567//705 1236//705 1308//705
f 769//625 1240//625 1312//1038
f 1176//1041 1240//1042 1178//1042
f 1179//1008 1313//1009 1241//1009
f 770//705 1241//705 1314//705
f 1179//1010 1180//1010 1313//1010
f 1242//625 769//625 1315//625
f 1180//973 1242//973 1316//973
f 772//974 1243//974 1317//974
f 1244//1016 974//1016 1318//1016
f 1244//1043 1319//1043 1243//1043
f 1262//1044 1245//1044 1181//1044
f 771//974 1245//974 1260//974
f 772//974 1320//974 1246//974
f 1246//1045 1321//1046 1322//1046
f 1182//1045 1246//1045 1322//1046
f 1247//974 1182//974 1323//1047
f 1181//1046 1247//1046 1262//1045
f 1324//712 1248//712 1183//712
f 1184//277 1248//277 1250//277
f 1250//353 1325//353 1249//353
f 1324//280 1185//280 1249//280
f 1183//280 1185//280 1324//280
f 1253//723 986//723 1251//723
f 969//705 1326//705 1172//705
f 1172//250 576//250 1252//279
f 1252//279 1188//279 1327//279
f 1165//1035 1299//1035 1188//1035
f 1251//1012 1189//280 1328//280
f 1253//277 1329//277 1190//277
f 1329//715 1330//716 1254//716
f 1329//715 1254//716 1190//715
f 1328//280 1189//280 1254//280
f 1191//1015 1257//1015 1255//1015
f 1257//1014 1256//1014 987//1014
f 1255//1015 1257//1015 1193//1015
f 1194//1015 1257//1015 1191//1015
f 1331//1048 1194//1048 1195//1048
f 1331//1048 1195//1048 1332//1048
f 1195//1049 1256//1049 1333//1049
f 1334//645 1258//645 990//644
f 1335//644 1196//644 1258//645
f 1259//1016 1198//1016 1336//1050
f 1337//1016 1137//1016 1259//1016
f 1197//974 1260//974 1338//974
f 1261//1017 1339//1017 1198//1017
f 1261//1051 1197//1052 1340//1052
f 974//1016 1262//1016 1341//1050
f 1262//1016 1137//1016 1337//1016
f 1342//683 1263//683 1199//359
f 1263//1053 1264//1053 1138//1053
f 1264//987 1343//987 1200//987
f 1343//1054 1265//1054 1200//1054
f 1344//1055 1139//1056 1265//1056
f 1139//1057 1345//1057 1266//1057
f 1266//1058 1346//1058 1201//1058
f 1201//1059 1209//1060 1267//1059
f 1267//1061 1276//1062 939//1061
f 939//1020 1276//1020 1268//1020
f 1268//1021 1269//1021 1202//1022
f 1269//1023 1205//1023 1140//1024
f 1207//1063 1206//1064 1204//1064
f 1271//1063 1207//1063 1204//1064
f 602//644 1271//645 1270//1065
f 602//644 1270//1065 1142//644
f 602//644 1205//1028 1269//645
f 1143//359 1274//359 1272//359
f 1199//359 1272//359 1347//951
f 1208//644 1196//644 1348//994
f 1143//359 1273//953 1274//359
f 1207//1063 1273//1064 1206//1064
f 1348//1066 1272//1066 1208//1066
f 1348//1066 1347//1066 1272//1066
f 990//644 1275//645 1346//645
f 1201//1059 1275//1067 1209//1060
f 602//644 1268//645 1276//1028
f 1267//1061 1209//1062 1276//1062
f 1277//338 323//338 1349//338
f 1277//956 1350//956 1210//956
f 1210//686 1351//686 1278//686
f 1278//687 1352//687 1211//687
f 1279//968 1211//968 1353//958
f 942//338 1279//338 1354//338
f 1280//1032 942//1032 1355//1068
f 1221//338 1212//338 1356//338
f 1355//1069 1212//1069 1280//1069
f 1152//964 1281//964 1213//964
f 1281//340 1218//340 751//340
f 1149//691 1282//691 1217//691
f 1214//338 323//338 1282//338
f 374//340 1357//340 1283//340
f 1358//1070 1215//1070 1283//1070
f 1358//1070 1284//1070 1215//1070
f 1284//1071 323//338 1216//338
f 1285//340 751//340 1359//1072
f 1159//1070 1285//1070 1291//1070
f 1218//340 1220//340 751//340
f 752//338 1360//338 1286//957
f 1287//686 1219//686 1286//686
f 1287//614 751//340 1220//340
f 1221//338 1361//338 1288//338
f 1361//996 1289//996 1222//996
f 1288//996 1361//996 1222//996
f 551//338 1289//338 1362//338
f 752//338 1290//338 1363//957
f 1290//338 551//338 1362//338
f 1160//340 1291//614 1364//340
f 1162//340 1160//340 1365//340
f 1292//340 1366//340 374//340
f 1293//956 1292//956 1223//956
f 1367//340 1293//340 1294//340
f 956//340 1368//340 1295//340
f 1367//958 1224//958 1295//958
f 1224//687 1367//695 1294//695
f 1369//1068 956//1033 1296//1033
f 1162//340 1365//340 1296//340
f 1297//625 1164//625 1370//625
f 1172//705 1241//705 1227//1040
f 1227//979 1241//979 1242//979
f 1371//625 1164//625 1242//625
f 1298//298 341//271 1305//1037
f 1228//1001 1298//298 1372//298
f 1228//1073 1373//1073 1299//1073
f 1169//1074 1232//637 1300//637
f 1374//702 1231//279 1300//702
f 1374//702 1302//250 1231//279
f 1302//1075 1375//1075 1301//1075
f 1301//297 1303//298 1230//297
f 1300//637 1168//637 1303//1076
f 1172//250 1304//250 1233//279
f 1234//1073 1304//1073 1376//1073
f 1305//1073 1234//1073 1376//1073
f 1235//1039 1297//1039 1238//1039
f 1306//1003 1235//1003 1237//1003
f 970//625 1306//1038 1307//625
f 1307//1077 1377//1077 1308//1077
f 1378//1077 1377//1077 1307//1077
f 567//705 1379//705 1309//705
f 1237//1006 1309//1007 1380//1006
f 969//705 1310//705 1381//1040
f 1297//1077 1310//1077 1238//1077
f 1311//1040 770//705 1382//705
f 1311//1078 1312//1078 1240//1078
f 1239//1078 1311//1078 1240//1078
f 1377//705 567//705 1308//705
f 769//625 1312//1038 1383//625
f 1241//1079 1313//1079 1242//1079
f 1314//705 1241//705 1384//705
f 1385//705 770//705 1314//705
f 1180//1010 1316//1010 1313//1010
f 1242//625 1315//625 1386//625
f 769//625 1387//1038 1315//625
f 1242//973 1388//973 1316//973
f 1317//974 1243//974 1389//974
f 772//974 1317//974 1320//974
f 1244//1016 1318//1016 1390//1016
f 974//1016 1321//1016 1318//1016
f 1244//1043 1391//1043 1319//1043
f 1392//1051 1243//1051 1319//1051
f 1262//1044 1337//1044 1245//1044
f 1337//1080 1260//1081 1245//1081
f 1246//1082 1320//1082 1321//1082
f 974//1016 1322//1016 1321//1016
f 1322//1044 1323//1044 1182//1044
f 1322//1044 1393//1044 1323//1044
f 1323//1047 1394//974 1247//974
f 1247//1046 1341//1045 1262//1045
f 1324//712 1395//712 1248//712
f 1250//277 1248//277 1395//635
f 1250//277 1395//635 1325//277
f 1325//353 1396//353 1249//353
f 1324//280 1249//280 1397//280
f 1253//723 1251//723 1328//1083
f 969//705 1381//1040 1326//705
f 1172//705 1326//705 1241//705
f 1172//250 1252//279 1376//702
f 1327//279 1188//279 1299//1084
f 1298//1013 1252//1013 1327//1013
f 1398//277 1329//277 1253//277
f 1330//713 1329//713 1399//713
f 1254//280 1330//280 1400//636
f 1254//280 1400//636 1328//280
f 1256//1085 1401//1085 1402//1085
f 1257//1085 1401//1085 1256//1085
f 1194//1086 1403//1086 1257//1086
f 1332//1049 1195//1049 1404//1049
f 1405//1087 1331//1087 1332//1087
f 1194//1086 1331//1086 1406//1086
f 1407//1049 1195//1049 1333//1049
f 1333//1049 1256//1049 1408//1049
f 1409//1028 1334//645 990//644
f 1258//1088 1334//1088 1342//1089
f 1258//1088 1342//1089 1410//1089
f 1258//1090 1410//1091 1411//1091
f 1335//1090 1258//1090 1411//1091
f 1412//644 1196//644 1335//644
f 1336//1050 1198//1016 1413//1016
f 1336//1092 1260//1093 1259//1092
f 1259//1080 1260//1081 1337//1080
f 1338//974 1414//974 1197//974
f 1336//1092 1338//1093 1260//1093
f 1244//1094 1198//1094 1339//1094
f 1340//1095 1339//1095 1261//1095
f 1197//1052 1392//1051 1340//1052
f 974//1016 1341//1050 1415//1016
f 1410//360 1342//683 1199//359
f 1409//1096 1263//1096 1342//1096
f 1334//1097 1409//1096 1342//1096
f 1263//1053 1409//1053 1264//1053
f 1343//645 1264//644 990//644
f 1343//1054 1344//1054 1265//1054
f 1344//1055 1345//1055 1139//1056
f 1266//1057 1345//1057 1346//1057
f 1201//1058 1346//1058 1275//1098
f 602//644 1269//645 1268//645
f 1199//359 1347//951 1416//359
f 1348//994 1196//644 1417//1065
f 1417//1099 1416//1100 1347//1100
f 1417//1099 1347//1100 1348//1099
f 990//644 1346//645 1345//644
f 1349//338 323//338 1418//957
f 1350//1032 1277//1033 1349//1033
f 1210//956 1350//956 1351//956
f 1350//338 1278//338 1351//611
f 1278//338 1353//338 1352//1071
f 1211//968 1352//958 1353//958
f 1354//962 1279//961 1353//997
f 942//338 1354//338 1419//338
f 942//338 1419//338 1355//338
f 1356//338 1212//338 1420//338
f 1221//338 1356//338 1361//338
f 1355//1069 1421//1069 1212//1069
f 374//340 1422//340 1357//340
f 1283//340 1357//340 1423//340
f 1283//1101 1423//1101 1358//1102
f 1358//338 323//338 1284//1071
f 1359//1072 751//340 1424//340
f 1285//340 1359//1072 1425//1103
f 1285//1070 1364//1070 1291//1070
f 752//338 1426//957 1360//338
f 1360//338 1427//338 1286//957
f 1287//686 1286//686 1428//686
f 1428//340 751//340 1287//614
f 1429//967 1289//967 1361//967
f 1429//967 1362//967 1289//967
f 752//338 1363//957 1430//1104
f 1356//1105 1431//1105 1363//1070
f 1356//1105 1363//1070 1290//1070
f 1429//1000 1290//1000 1362//1000
f 1356//1000 1290//1000 1429//1000
f 1365//340 1160//340 1364//340
f 374//340 1366//340 1432//614
f 374//340 1432//614 1433//1106
f 1366//1107 1292//1032 1434//1107
f 1434//956 1292//956 1293//956
f 1367//340 1435//340 1293//340
f 956//340 1436//614 1368//340
f 1437//997 1295//961 1368//961
f 1437//958 1367//958 1295//958
f 1436//614 956//340 1369//340
f 1296//1069 1438//1108 1369//1108
f 1296//340 1365//340 1439//1109
f 1370//625 1164//625 1440//625
f 1370//1077 1310//1077 1297//1077
f 1371//625 1441//625 1164//625
f 1442//625 1371//625 1242//625
f 1298//1110 1305//1110 1376//1035
f 1372//1013 1298//1013 1327//1013
f 1228//1001 1372//298 1443//297
f 1228//1073 1375//1073 1373//1073
f 1444//279 1299//1084 1373//250
f 1300//637 1445//1111 1374//1074
f 1446//702 1302//250 1374//702
f 1302//1075 1373//1075 1375//1075
f 1375//297 1445//298 1301//297
f 1301//297 1445//298 1303//298
f 1300//637 1303//1076 1445//1111
f 1172//250 1376//702 1304//250
f 1237//1006 1380//1006 1306//1006
f 1307//625 1306//1038 1380//625
f 1307//625 1380//625 1378//625
f 1447//1112 1448//1112 1377//1112
f 1378//1112 1447//1112 1377//1112
f 567//705 1377//705 1379//705
f 1379//1005 1449//1113 1380//1005
f 1309//1005 1379//1005 1380//1005
f 1370//1112 1381//1112 1310//1112
f 1382//705 770//705 1385//705
f 1383//1114 1312//1114 1311//1114
f 1383//1114 1311//1114 1382//1115
f 769//625 1383//625 1387//1038
f 1313//1079 1388//1079 1242//1079
f 1384//705 1241//705 1450//705
f 1314//705 1384//705 1451//705
f 1315//1116 1387//1116 1385//1116
f 1315//1116 1385//1116 1314//1116
f 1316//1010 1388//1010 1313//1010
f 1242//625 1386//625 1452//625
f 1386//1117 1315//1117 1314//1118
f 1389//974 1243//974 1453//974
f 1317//1119 1389//1119 1390//1119
f 1317//1120 1318//1120 1320//1120
f 1244//1016 1390//1016 1454//1016
f 1317//1120 1390//1120 1318//1120
f 1320//1082 1318//1082 1321//1082
f 1391//1095 1392//1095 1319//1095
f 1244//1094 1339//1094 1391//1094
f 1197//1052 1243//1051 1392//1051
f 974//1016 1393//1050 1322//1016
f 1415//1081 1455//1081 1323//1081
f 1415//1081 1323//1081 1393//1081
f 1394//974 1323//1047 1455//974
f 1247//1121 1394//1121 1456//1082
f 1247//1121 1456//1082 1341//1082
f 1399//976 1395//976 1324//976
f 1325//277 1395//635 1399//277
f 1325//639 1400//639 1396//639
f 1397//280 1249//280 1396//280
f 1399//976 1324//976 1397//976
f 1253//719 1328//719 1400//719
f 1326//1122 1381//1122 1440//1122
f 1326//705 1457//705 1241//705
f 1298//1110 1376//1035 1252//1035
f 1327//279 1299//1084 1444//279
f 1398//277 1399//277 1329//277
f 1253//719 1400//719 1398//719
f 1397//713 1330//713 1399//713
f 1330//280 1396//280 1400//636
f 1402//1049 1458//1049 1256//1049
f 1459//1086 1401//1086 1257//1086
f 1402//1123 1401//1123 1460//1123
f 1403//1086 1194//1086 1461//1124
f 1403//1086 1459//1086 1257//1086
f 1332//1049 1404//1049 1462//1049
f 1404//1049 1195//1049 1407//1049
f 1405//1087 1332//1087 1463//1087
f 1464//1125 1331//1126 1405//1126
f 1194//1086 1406//1086 1465//1086
f 1331//1086 1466//1086 1406//1086
f 1407//1049 1333//1049 1467//1127
f 1458//1049 1408//1049 1256//1049
f 1333//1128 1408//1128 1461//1128
f 1264//644 1409//1028 990//644
f 1411//1129 1410//360 1199//359
f 1335//1130 1468//1130 1412//1130
f 1335//1130 1411//1130 1468//1130
f 1417//1065 1196//644 1412//644
f 1469//1016 1413//1016 1198//1016
f 1336//1131 1413//1131 1338//1132
f 1413//1131 1414//1132 1338//1132
f 1414//974 1470//974 1197//974
f 1198//1016 1244//1016 1471//1016
f 1391//1095 1339//1095 1340//1095
f 1391//1095 1340//1095 1392//1095
f 1415//1016 1341//1050 1456//1016
f 974//1016 1415//1016 1393//1050
f 1344//644 1343//645 990//644
f 1345//644 1344//644 990//644
f 1416//359 1468//359 1199//359
f 1417//1133 1468//1133 1416//1133
f 1412//1133 1468//1133 1417//1133
f 1418//957 323//338 1472//338
f 1349//338 1418//957 1473//338
f 1474//1032 1350//1032 1349//1033
f 1278//338 1350//338 1475//338
f 1476//338 1353//338 1278//338
f 1354//962 1353//997 1477//997
f 1476//964 1419//1134 1354//964
f 1421//338 1355//338 1419//338
f 1420//338 1212//338 1478//998
f 1356//338 1420//338 1431//957
f 1361//338 1356//338 1429//338
f 1479//1135 1478//1136 1212//1136
f 1479//1135 1212//1136 1421//1135
f 1480//340 1422//340 374//340
f 1481//693 1357//996 1422//996
f 1357//340 1482//340 1423//340
f 1423//1101 1483//1102 1358//1102
f 1484//338 323//338 1358//338
f 1424//340 751//340 1485//340
f 1424//1070 1486//1070 1487//1070
f 1359//1070 1424//1070 1487//1070
f 1425//1000 1487//1000 1488//1000
f 1359//1000 1487//1000 1425//1000
f 1285//340 1425//1103 1489//340
f 1490//1137 1364//1137 1285//1137
f 1490//1137 1285//1137 1491//1101
f 752//338 1492//611 1426//957
f 1360//687 1426//687 1493//695
f 1360//338 1494//338 1427//338
f 1495//956 1286//956 1427//956
f 1428//956 1286//956 1495//956
f 1493//340 751//340 1428//340
f 752//338 1430//1104 1492//611
f 1430//1104 1363//957 1496//957
f 1363//1102 1431//1137 1420//1101
f 1497//1102 1363//1102 1420//1101
f 1365//340 1364//340 1490//614
f 1432//614 1366//340 1498//340
f 1418//1105 1433//1070 1432//1070
f 374//340 1433//1106 1480//340
f 1366//1107 1434//1107 1435//1107
f 1293//340 1435//340 1434//614
f 1367//340 1499//340 1435//340
f 1436//964 1500//964 1368//965
f 1500//997 1437//997 1368//961
f 1367//340 1437//1034 1500//340
f 1369//340 1438//340 1436//614
f 1296//1069 1439//1069 1438//1108
f 1365//1136 1438//1135 1439//1136
f 1441//625 1440//625 1164//625
f 1370//1112 1440//1112 1381//1112
f 1457//1138 1326//1138 1441//1139
f 1457//1138 1441//1139 1371//1139
f 1501//625 1442//625 1242//625
f 1457//1140 1371//1140 1442//1140
f 1502//1140 1457//1140 1442//1140
f 1372//1141 1327//980 1444//980
f 1443//1141 1372//1141 1444//980
f 1228//1001 1443//297 1375//297
f 1444//279 1373//250 1446//702
f 1374//1074 1445//1111 1446//637
f 1446//702 1373//250 1302//250
f 1375//297 1443//297 1445//298
f 1378//625 1380//625 1449//625
f 1377//705 1448//705 1503//705
f 1378//625 1449//625 1447//625
f 1504//1122 1448//1122 1447//1122
f 1504//1122 1447//1122 1505//1122
f 1377//705 1503//705 1379//705
f 1379//1142 1506//1041 1449//1041
f 1385//1143 1387//1143 1383//1143
f 1385//1143 1383//1143 1382//1143
f 1502//705 1450//705 1241//705
f 1507//1117 1384//1117 1450//1117
f 1501//1117 1507//1117 1450//1117
f 1508//705 1451//705 1384//705
f 1386//1117 1314//1118 1451//1118
f 1386//625 1509//625 1452//625
f 1242//625 1452//625 1507//1144
f 1453//974 1243//974 1510//974
f 1454//1145 1389//1145 1453//1145
f 1389//1119 1454//1119 1390//1119
f 1244//1016 1454//1016 1511//1016
f 1243//974 1197//974 1512//974
f 1415//1093 1513//1093 1455//1093
f 1514//1093 1513//1093 1415//1093
f 1455//974 1515//974 1394//974
f 1515//1120 1456//1120 1394//1120
f 1325//277 1399//277 1398//277
f 1398//639 1400//639 1325//639
f 1330//280 1397//280 1396//280
f 1326//1122 1440//1122 1441//1122
f 1457//705 1502//705 1241//705
f 1458//1049 1402//1049 1516//1146
f 1401//1086 1459//1086 1517//1147
f 1518//1148 1402//1123 1460//1123
f 1401//1125 1331//1126 1460//1125
f 1194//1086 1519//1086 1461//1124
f 1408//1128 1403//1128 1461//1128
f 1459//1149 1403//1149 1408//1149
f 1332//1049 1462//1049 1520//1049
f 1462//1150 1404//1150 1521//1150
f 1404//1151 1407//1151 1521//1151
f 1463//1152 1464//1152 1405//1152
f 1463//1153 1332//1153 1402//1153
f 1460//1125 1331//1126 1464//1125
f 1194//1086 1465//1086 1522//1154
f 1406//1155 1523//1155 1524//1155
f 1465//1155 1406//1155 1524//1155
f 1331//1086 1525//1154 1466//1086
f 1406//1156 1466//1156 1526//1156
f 1467//1127 1333//1049 1527//1049
f 1407//1128 1467//1157 1528//1128
f 1459//1149 1408//1149 1458//1149
f 1333//1151 1461//1151 1529//1151
f 1468//359 1411//1129 1199//359
f 1530//1016 1469//1016 1198//1016
f 1414//1158 1413//1158 1469//1158
f 1470//1158 1414//1158 1469//1158
f 1470//974 1531//974 1197//974
f 1471//1016 1244//1016 1532//1159
f 1198//1016 1471//1016 1533//1016
f 1415//1016 1456//1016 1514//1016
f 1472//338 323//338 1534//338
f 1418//1105 1472//1105 1433//1070
f 1432//1101 1473//1101 1418//1101
f 1349//338 1473//338 1535//338
f 1475//338 1350//338 1474//1160
f 1349//1069 1475//1069 1474//1161
f 1476//338 1278//338 1475//338
f 1476//338 1475//338 1536//338
f 1476//338 1477//1162 1353//338
f 1476//964 1354//964 1477//964
f 1476//964 1537//1134 1419//1134
f 1421//338 1419//338 1537//338
f 1479//1163 1497//1163 1420//1164
f 1479//1163 1420//1164 1478//1164
f 1479//338 1421//338 1537//338
f 1481//967 1422//967 1480//967
f 1481//967 1480//967 1534//967
f 1481//693 1484//693 1357//996
f 1357//340 1538//692 1482//340
f 1423//1163 1482//1163 1539//1165
f 1423//1163 1539//1165 1483//1165
f 1484//338 1358//338 1483//338
f 1481//338 323//338 1484//338
f 1485//340 751//340 1493//340
f 1424//340 1485//340 1540//614
f 1488//340 1487//340 1486//340
f 1541//1101 1486//1101 1424//1137
f 1541//1101 1424//1137 1542//1137
f 1425//967 1488//967 1489//967
f 1285//340 1489//340 1543//340
f 1285//340 1544//614 1491//1109
f 1365//1165 1490//1165 1491//1165
f 1426//957 1492//611 1545//957
f 1426//687 1485//695 1493//695
f 1493//968 1546//959 1360//959
f 1360//338 1547//611 1494//338
f 1427//1068 1494//1068 1548//1068
f 1427//1068 1548//1068 1495//1068
f 1493//340 1428//340 1495//340
f 1536//1105 1492//1070 1430//1070
f 1363//957 1549//338 1496//957
f 1550//1000 1430//1000 1496//1000
f 1537//338 1363//957 1497//1166
f 1366//340 1551//340 1498//340
f 1432//1101 1498//1101 1473//1101
f 1472//1000 1480//1000 1433//1000
f 1534//1000 1480//1000 1472//1000
f 1435//1069 1552//1069 1366//1069
f 1435//340 1499//340 1486//340
f 1367//340 1500//340 1499//340
f 1544//1167 1500//964 1436//964
f 1438//340 1544//614 1436//614
f 1365//1136 1553//1135 1438//1135
f 1242//625 1507//1144 1501//625
f 1450//1168 1502//1168 1442//1168
f 1450//1168 1442//1168 1501//1168
f 1444//718 1446//718 1445//717
f 1444//718 1445//717 1443//717
f 1448//705 1554//705 1503//705
f 1447//625 1449//625 1506//625
f 1505//625 1447//625 1506//625
f 1504//1169 1505//1170 1555//1170
f 1556//1169 1504//1169 1555//1170
f 1448//705 1504//705 1554//705
f 1379//1142 1503//1142 1506//1041
f 1507//1116 1452//1116 1557//1116
f 1507//1116 1557//1116 1384//1116
f 1508//705 1384//705 1557//705
f 1451//1171 1508//1171 1509//1168
f 1451//1171 1509//1168 1386//1168
f 1509//625 1558//625 1452//625
f 1510//974 1243//974 1559//974
f 1510//1172 1511//1173 1453//1172
f 1511//1145 1454//1145 1453//1145
f 1244//1016 1511//1016 1560//1016
f 1512//974 1197//974 1561//974
f 1243//974 1512//974 1559//974
f 1562//1131 1563//1174 1513//1132
f 1514//1131 1562//1131 1513//1132
f 1455//974 1513//974 1515//974
f 1515//1120 1564//1120 1456//1120
f 1402//1049 1565//1175 1516//1146
f 1517//1176 1458//1176 1516//1176
f 1517//1147 1566//1154 1401//1086
f 1517//1176 1459//1176 1458//1176
f 1463//1153 1402//1153 1518//1153
f 1464//1152 1518//1152 1460//1152
f 1331//1086 1401//1086 1567//1086
f 1461//1124 1519//1086 1529//1086
f 1194//1086 1528//1086 1519//1086
f 1332//1049 1520//1049 1524//1049
f 1520//1177 1462//1177 1568//1178
f 1462//1150 1521//1150 1568//1150
f 1407//1151 1569//1151 1521//1151
f 1463//1152 1518//1152 1464//1152
f 1402//1049 1332//1049 1570//1049
f 1522//1179 1465//1179 1524//1179
f 1194//1086 1522//1154 1568//1086
f 1332//1049 1524//1049 1523//1049
f 1406//1156 1526//1156 1523//1156
f 1331//1086 1571//1086 1525//1154
f 1466//1180 1525//1180 1570//1180
f 1466//1180 1570//1180 1526//1180
f 1527//1151 1333//1151 1529//1151
f 1467//1127 1527//1049 1572//1146
f 1528//1149 1467//1149 1572//1149
f 1407//1128 1528//1128 1569//1128
f 1573//1016 1530//1016 1198//1016
f 1530//1181 1531//1181 1469//1181
f 1469//1181 1531//1181 1470//1181
f 1531//974 1574//974 1197//974
f 1244//1016 1560//1016 1532//1159
f 1471//1182 1532//1182 1512//1182
f 1533//1016 1471//1016 1575//1183
f 1533//1016 1573//1016 1198//1016
f 1514//1016 1456//1016 1564//1016
f 1534//338 323//338 1481//338
f 1498//1165 1535//1163 1473//1163
f 1349//338 1535//338 1576//1184
f 1349//1069 1577//1069 1475//1069
f 1536//338 1475//338 1578//338
f 1476//338 1536//338 1579//338
f 1580//966 1537//966 1476//691
f 1580//966 1476//691 1581//691
f 1497//1166 1479//338 1537//338
f 1582//691 1357//691 1484//691
f 1357//340 1582//340 1538//692
f 1538//1136 1583//1135 1482//1136
f 1482//1136 1583//1135 1539//1185
f 1484//338 1483//338 1539//338
f 1540//686 1426//686 1545//686
f 1485//686 1426//686 1540//686
f 1424//340 1540//614 1584//340
f 1499//340 1488//340 1486//340
f 1424//340 1585//614 1542//1186
f 1541//1165 1542//1165 1586//1165
f 1587//1165 1541//1165 1586//1165
f 1587//340 1486//340 1541//614
f 1489//967 1488//967 1588//967
f 1543//694 1489//694 1499//996
f 1544//614 1285//340 1543//340
f 1553//340 1491//1109 1544//614
f 1365//1165 1491//1165 1553//1165
f 1492//611 1589//338 1545//957
f 1493//968 1590//968 1546//959
f 1547//611 1360//338 1546//338
f 1548//1069 1494//1069 1547//1108
f 1493//340 1495//340 1548//340
f 1536//1000 1430//1000 1550//1000
f 1536//1105 1591//1105 1492//1070
f 1363//957 1580//338 1549//338
f 1579//967 1496//967 1549//967
f 1550//967 1496//967 1579//967
f 1363//957 1537//338 1580//338
f 1366//340 1592//614 1551//340
f 1498//1165 1551//1165 1535//1163
f 1435//1069 1593//1069 1552//1069
f 1366//340 1552//340 1592//614
f 1435//340 1486//340 1587//340
f 1500//340 1594//340 1499//340
f 1544//1167 1594//964 1500//964
f 1438//340 1553//340 1544//614
f 1503//1078 1554//1078 1506//1078
f 1505//625 1506//625 1595//625
f 1504//705 1556//705 1596//705
f 1555//625 1505//625 1595//625
f 1508//1187 1556//1187 1555//1140
f 1508//1187 1555//1140 1509//1140
f 1504//705 1596//705 1554//705
f 1557//1143 1452//1143 1558//1143
f 1557//1143 1558//1143 1596//1143
f 1556//705 1508//705 1557//705
f 1509//625 1555//625 1558//625
f 1559//1188 1560//1189 1510//1188
f 1510//1172 1560//1173 1511//1173
f 1561//974 1197//974 1597//974
f 1561//1190 1598//1190 1471//1190
f 1512//1190 1561//1190 1471//1190
f 1532//1182 1559//1182 1512//1182
f 1513//974 1563//974 1599//974
f 1514//1016 1564//1016 1562//1016
f 1600//1158 1563//1158 1562//1158
f 1600//1158 1562//1158 1601//1158
f 1513//974 1599//974 1515//974
f 1515//1119 1602//1119 1564//1119
f 1402//1049 1603//1049 1565//1175
f 1517//1191 1516//1191 1565//1191
f 1566//1191 1517//1191 1565//1191
f 1566//1154 1604//1086 1401//1086
f 1331//1086 1567//1086 1571//1086
f 1567//1086 1401//1086 1605//1154
f 1519//1086 1606//1086 1529//1086
f 1194//1086 1569//1154 1528//1086
f 1519//1149 1528//1149 1572//1149
f 1522//1179 1524//1179 1520//1179
f 1520//1177 1568//1178 1522//1178
f 1194//1086 1568//1086 1521//1086
f 1194//1086 1521//1086 1569//1154
f 1402//1049 1570//1049 1607//1192
f 1332//1049 1526//1049 1570//1049
f 1332//1049 1523//1049 1526//1049
f 1570//1193 1525//1193 1571//1193
f 1608//1150 1527//1150 1529//1150
f 1572//1146 1527//1049 1608//1049
f 1574//1194 1530//1195 1573//1195
f 1574//1194 1531//1194 1530//1195
f 1574//974 1609//974 1197//974
f 1559//1188 1532//1189 1560//1189
f 1575//1183 1471//1016 1598//1016
f 1533//1182 1575//1182 1597//1182
f 1574//1190 1573//1190 1533//1190
f 1551//1136 1576//1136 1535//1136
f 1577//338 1349//338 1576//1184
f 1610//1135 1611//1136 1475//1136
f 1610//1135 1475//1136 1577//1135
f 1578//338 1475//338 1611//995
f 1536//338 1578//338 1591//1166
f 1579//338 1536//338 1550//338
f 1476//338 1579//338 1581//1166
f 1579//996 1549//694 1580//694
f 1581//996 1579//996 1580//694
f 1582//691 1484//691 1612//691
f 1582//340 1613//340 1538//692
f 1538//1136 1614//1135 1583//1135
f 1484//338 1539//338 1583//338
f 1540//956 1545//956 1584//956
f 1424//340 1584//340 1615//340
f 1488//340 1499//340 1588//614
f 1585//614 1424//340 1615//340
f 1586//340 1542//1186 1585//614
f 1587//1136 1586//1136 1593//1136
f 1489//694 1588//996 1499//996
f 1499//691 1594//691 1543//691
f 1594//691 1544//691 1543//691
f 1492//611 1616//338 1589//338
f 1584//956 1545//956 1589//956
f 1590//997 1613//997 1546//962
f 1493//340 1617//1196 1590//614
f 1546//338 1618//338 1547//611
f 1538//1069 1548//1069 1547//1108
f 1617//1196 1493//340 1548//340
f 1619//1101 1492//1101 1591//1102
f 1592//1197 1576//1136 1551//1136
f 1593//1136 1586//1136 1552//1136
f 1435//340 1587//340 1593//340
f 1552//340 1585//614 1592//614
f 1554//1078 1595//1078 1506//1078
f 1556//705 1557//705 1596//705
f 1555//625 1595//625 1558//625
f 1558//1114 1595//1114 1554//1114
f 1558//1114 1554//1114 1596//1114
f 1620//1198 1561//974 1597//974
f 1597//974 1197//974 1609//974
f 1561//1199 1621//1195 1598//1195
f 1563//974 1622//974 1599//974
f 1562//1016 1564//1016 1602//1016
f 1621//1181 1600//1181 1601//1181
f 1563//974 1600//974 1622//974
f 1601//1016 1562//1016 1602//1016
f 1515//1119 1599//1119 1602//1119
f 1402//1049 1623//1049 1603//1049
f 1604//1200 1565//1200 1603//1200
f 1604//1200 1566//1200 1565//1200
f 1624//1086 1401//1086 1604//1086
f 1571//1086 1567//1086 1625//1124
f 1605//1154 1401//1086 1624//1086
f 1626//1201 1567//1201 1605//1201
f 1606//1086 1627//1086 1529//1086
f 1606//1176 1519//1176 1628//1176
f 1519//1176 1572//1176 1628//1176
f 1402//1049 1607//1192 1629//1049
f 1607//1193 1570//1193 1571//1193
f 1608//1150 1529//1150 1627//1150
f 1628//1049 1572//1146 1608//1049
f 1609//1190 1574//1190 1533//1190
f 1598//1016 1630//1016 1575//1183
f 1597//1189 1575//1189 1631//1189
f 1533//1182 1597//1182 1609//1182
f 1577//338 1576//1184 1632//1166
f 1610//1164 1578//1163 1611//1163
f 1610//338 1577//338 1632//1166
f 1619//1101 1591//1102 1578//1102
f 1612//338 1484//338 1583//338
f 1612//964 1613//965 1582//965
f 1613//340 1617//1196 1538//692
f 1538//1069 1547//1108 1614//1202
f 1612//338 1583//338 1614//1166
f 1616//1068 1615//1107 1584//1033
f 1585//1069 1615//1069 1616//1069
f 1552//340 1586//340 1585//614
f 1492//611 1632//1166 1616//338
f 1589//1068 1616//1068 1584//1033
f 1613//997 1618//961 1546//962
f 1613//340 1590//614 1617//1196
f 1618//338 1612//338 1547//611
f 1548//1203 1538//1203 1617//1204
f 1632//1166 1492//611 1619//1071
f 1592//1197 1632//1197 1576//1136
f 1585//1136 1632//1197 1592//1197
f 1620//1198 1597//974 1631//974
f 1561//1199 1620//1199 1621//1195
f 1598//1016 1621//1016 1630//1016
f 1633//1205 1599//1145 1622//1145
f 1621//1181 1620//1181 1600//1181
f 1621//1016 1601//1016 1633//1016
f 1600//974 1631//974 1622//974
f 1601//1016 1602//1016 1633//1016
f 1633//1205 1602//1205 1599//1145
f 1402//1049 1634//1049 1623//1049
f 1603//1206 1623//1206 1624//1207
f 1603//1206 1624//1207 1604//1207
f 1626//1193 1625//1193 1567//1193
f 1571//1086 1625//1124 1635//1086
f 1623//1208 1605//1208 1624//1208
f 1634//1201 1626//1201 1605//1201
f 1606//1086 1636//1086 1627//1086
f 1606//1191 1628//1191 1637//1191
f 1636//1191 1606//1191 1637//1191
f 1629//1049 1607//1192 1638//1049
f 1402//1049 1629//1049 1626//1049
f 1607//1201 1571//1201 1639//1201
f 1608//1178 1627//1177 1640//1177
f 1628//1049 1608//1049 1641//1049
f 1631//1189 1575//1189 1630//1189
f 1610//1164 1619//1164 1578//1163
f 1619//1071 1610//338 1632//1166
f 1618//964 1613//965 1612//964
f 1612//338 1614//1166 1547//611
f 1585//1069 1616//1069 1632//1069
f 1600//974 1620//1198 1631//974
f 1621//1016 1633//1016 1630//1016
f 1622//1173 1630//1173 1633//1173
f 1631//1173 1630//1173 1622//1173
f 1402//1049 1626//1049 1634//1049
f 1623//1208 1634//1208 1605//1208
f 1626//1193 1629//1193 1625//1193
f 1635//1180 1625//1180 1642//1180
f 1571//1086 1635//1086 1639//1154
f 1636//1086 1640//1086 1627//1086
f 1643//1200 1636//1200 1637//1200
f 1637//1049 1628//1049 1641//1049
f 1638//1049 1642//1049 1629//1049
f 1638//1201 1607//1201 1639//1201
f 1641//1178 1608//1178 1640//1177
f 1625//1180 1629//1180 1642//1180
f 1644//1156 1635//1156 1642//1156
f 1639//1154 1635//1086 1644//1154
f 1636//1086 1643//1086 1640//1086
f 1643//1200 1637//1200 1645//1200
f 1637//1049 1641//1049 1646//1049
f 1638//1049 1647//1049 1642//1049
f 1638//1208 1639//1208 1648//1208
f 1640//1179 1646//1179 1641//1179
f 1644//1156 1642//1156 1649//1156
f 1639//1154 1644//1154 1648//1086
f 1643//1086 1650//1086 1640//1086
f 1645//1206 1648//1209 1643//1207
f 1645//1049 1637//1049 1646//1049
f 1647//1049 1649//1175 1642//1049
f 1647//1208 1638//1208 1648//1208
f 1640//1179 1650//1179 1646//1179
f 1644//1155 1649//1155 1646//1155
f 1650//1155 1644//1155 1646//1155
f 1648//1086 1644//1154 1650//1086
f 1648//1086 1650//1086 1643//1086
f 1645//1206 1647//1206 1648//1209
f 1645//1049 1646//1049 1649//1175
f 1647//1049 1645//1049 1649//1175
f 72//56 74//56 122//56
f 61//56 70//56 58//56
f 79//56 55//56 77//56
f 51//56 72//56 122//56
f 65//56 70//56 61//56
f 56//56 55//56 79//56
f 81//56 56//56 79//56
f 52//56 51//56 122//56
f 64//56 70//56 65//56
f 115//56 56//56 81//56
f 83//56 115//56 81//56
f 125//56 52//56 122//56
f 98//56 70//56 64//56
f 114//56 115//56 83//56
f 84//56 114//56 83//56
f 123//56 125//56 122//56
f 100//56 70//56 98//56
f 110//56 114//56 84//56
f 86//56 110//56 84//56
f 105//56 110//56 86//56
f 90//56 105//56 86//56
f 121//56 93//56 118//56
f 121//56 118//56 123//56
f 121//56 123//56 122//56
f 68//56 100//56 101//56
f 68//56 101//56 102//56
f 68//56 102//56 108//56
f 68//56 108//56 106//56
f 68//56 70//56 100//56
f 70//56 122//56 74//56
f 70//56 74//56 77//56
f 70//56 77//56 58//56
f 58//56 77//56 55//56
f 121//56 68//56 93//56
f 68//56 105//56 90//56
f 67//48 66//48 63//48
f 67//48 63//48 60//48
f 59//48 67//48 60//48
f 87//48 67//48 59//48
f 87//48 59//48 76//48
f 35//38 116//38 36//38
f 35//38 44//38 116//38
f 20//24 23//24 268//24
f 25//24 268//24 23//24
f 26//24 268//24 25//24
f 21//24 20//24 268//24
f 303//24 268//24 26//24
f 236//24 303//24 306//24
f 236//24 268//24 303//24
f 307//24 236//24 306//24
f 308//24 236//24 307//24
f 326//24 236//24 308//24
f 370//24 12//24 14//24
f 368//24 14//24 17//24
f 368//24 370//24 14//24
f 372//24 1//24 12//24
f 372//24 12//24 370//24
f 6//24 2//24 1//24
f 6//24 1//24 372//24
f 28//24 368//24 17//24
f 5//24 361//24 2//24
f 5//24 2//24 6//24
f 9//24 326//24 361//24
f 9//24 361//24 5//24
f 10//24 326//24 9//24
f 281//24 335//24 336//24
f 281//24 336//24 338//24
f 281//24 338//24 362//24
f 281//24 362//24 365//24
f 281//24 365//24 28//24
f 281//24 28//24 268//24
f 260//24 335//24 281//24
f 260//24 327//24 335//24
f 260//24 10//24 30//24
f 260//24 30//24 33//24
f 260//24 33//24 327//24
f 260//24 236//24 326//24
f 260//24 326//24 10//24
f 28//24 21//24 268//24
f 27//22 29//22 24//22
f 255//22 29//22 27//22
f 398//282 397//282 589//282
f 293//282 397//282 398//282
f 1651//1210 1652//1210 1653//1210
f 1653//1210 1652//1210 1654//1210
f 1655//1211 1656//1212 1657//1212
f 1656//1213 1658//1213 1657//1213
f 1656//1213 1659//1213 1658//1213
f 1660//1214 1659//1214 1656//1214
f 1660//1214 1656//1214 1661//1214
f 1662//1215 1656//1215 1663//1215
f 1663//1215 1664//1215 1662//1215
f 1664//1215 1663//1215 1652//1215
f 1665//1215 1666//1215 1667//1215
f 1665//1215 1667//1215 1664//1215
f 1665//1215 1664//1215 1668//1215
f 1664//1215 1652//1215 1668//1215
f 1662//1214 1669//1214 1656//1214
f 1656//1214 1669//1214 1670//1214
f 1670//1214 1671//1216 1656//1214
f 1671//1216 1672//1214 1656//1214
f 1662//1214 1673//1214 1669//1214
f 1662//1214 1674//1214 1673//1214
f 1672//1214 1675//1214 1656//1214
f 1675//1214 1676//1216 1656//1214
f 1662//1214 1660//1214 1674//1214
f 1660//1217 1662//1217 1677//1217
f 1660//1217 1677//1217 1678//1217
f 1674//1214 1660//1214 1679//1216
f 1676//1216 1680//1216 1656//1214
f 1661//1214 1656//1214 1680//1216
f 1679//1216 1660//1214 1681//1214
f 1681//1214 1660//1214 1682//1214
f 1660//1214 1661//1214 1683//1216
f 1682//1214 1660//1214 1684//1214
f 1660//1214 1685//1214 1684//1214
f 1660//1214 1683//1216 1686//1214
f 1660//1214 1686//1214 1685//1214
f 1687//1210 1652//1210 1663//1210
f 1652//1210 1687//1210 1688//1218
f 1689//1210 1652//1210 1688//1218
f 1690//1210 1652//1210 1689//1210
f 1691//1210 1652//1210 1690//1210
f 1692//1210 1687//1210 1663//1210
f 1693//1210 1652//1210 1691//1210
f 1694//1210 1652//1210 1693//1210
f 1695//1210 1692//1210 1663//1210
f 1696//1210 1695//1210 1663//1210
f 1654//1210 1652//1210 1694//1210
f 1653//1210 1696//1210 1663//1210
f 1697//1219 1653//1219 1663//1219
f 1653//1210 1698//1210 1696//1210
f 1653//1210 1654//1210 1699//1218
f 1653//1210 1699//1218 1700//1210
f 1653//1210 1701//1210 1698//1210
f 1653//1210 1700//1210 1702//1210
f 1653//1210 1702//1210 1701//1210
f 1677//1215 1655//1215 1657//1215
f 1703//1215 1655//1215 1677//1215
f 1678//1210 1657//1210 1658//1210
f 1657//1210 1678//1210 1704//1210
f 1704//1210 1678//1210 1705//1210
f 1678//1210 1706//1210 1707//1210
f 1678//1210 1707//1210 1708//1210
f 1678//1210 1708//1210 1709//1218
f 1678//1210 1709//1218 1705//1210
f 1657//1210 1704//1210 1710//1210
f 1710//1210 1711//1210 1657//1210
f 1712//1210 1657//1210 1713//1210
f 1714//1210 1713//1210 1657//1210
f 1711//1210 1714//1210 1657//1210
f 1678//1210 1715//1210 1706//1210
f 1678//1210 1677//1210 1716//1210
f 1716//1210 1677//1210 1717//1210
f 1717//1210 1677//1210 1718//1210
f 1678//1210 1719//1210 1715//1210
f 1678//1210 1716//1210 1719//1210
f 1697//1220 1651//1220 1653//1220
f 1651//1210 1697//1210 1720//1210
f 1721//1214 1722//1214 1655//1214
f 1722//1214 1723//1214 1655//1214
f 1723//1214 1724//1214 1655//1214
f 1724//1214 1725//1214 1655//1214
f 1666//1214 1726//1214 1703//1214
f 1703//1214 1726//1214 1727//1214
f 1703//1214 1727//1214 1728//1216
f 1727//1214 1726//1214 1729//1216
f 1729//1216 1726//1214 1730//1214
f 1730//1214 1726//1214 1731//1214
f 1703//1214 1728//1216 1732//1216
f 1703//1214 1732//1216 1733//1214
f 1731//1214 1726//1214 1734//1214
f 1734//1214 1726//1214 1735//1214
f 1726//1214 1736//1214 1735//1214
f 1726//1214 1737//1216 1736//1214
f 1726//1214 1738//1214 1737//1216
f 1726//1214 1655//1214 1738//1214
f 1739//1214 1740//1214 1741//1214
f 1742//1214 1739//1214 1741//1214
f 1742//1214 1741//1214 1743//1214
f 1744//1221 1745//1222 1746//1223
f 1746//1223 1745//1222 1747//1224
f 1747//1224 1745//1222 1741//1217
f 1741//1217 1745//1222 1743//1217
f 1742//1215 1743//1215 1745//1215
f 1655//1215 1742//1215 1745//1215
f 1748//1225 1745//1226 1744//1226
f 1742//1227 1749//1227 1739//1227
f 1726//1214 1749//1214 1742//1214
f 1726//1214 1742//1214 1655//1214
f 1738//1214 1655//1214 1725//1214
f 1747//1224 1744//1221 1746//1223
f 1750//1228 1741//1229 1740//1228
f 1748//1217 1744//1221 1747//1224
f 1750//1217 1747//1224 1741//1217
f 1748//1217 1747//1224 1750//1217
f 1720//1217 1748//1217 1750//1217
f 1751//1214 1750//1214 1740//1214
f 1749//1230 1740//1230 1739//1230
f 1751//1214 1740//1214 1749//1214
f 1751//1214 1749//1214 1726//1214
f 1752//1214 1751//1214 1726//1214
f 1753//1213 1751//1213 1752//1213
f 1754//1213 1753//1213 1752//1213
f 1720//1210 1697//1210 1748//1210
f 1753//1210 1754//1210 1720//1210
f 1720//1210 1754//1210 1651//1210
f 1693//1231 1691//1231 1674//1232
f 1693//1231 1674//1232 1679//1232
f 1673//1233 1674//1233 1690//1233
f 1674//1233 1691//1234 1690//1233
f 1732//1235 1716//1233 1717//1233
f 1728//1236 1727//1233 1716//1233
f 1732//1235 1728//1236 1716//1233
f 1670//1237 1690//1237 1689//1237
f 1673//1238 1670//1239 1669//1240
f 1670//1237 1673//1237 1690//1237
f 1672//1241 1671//1241 1687//1242
f 1671//1241 1688//1242 1687//1242
f 1692//1243 1675//1243 1672//1243
f 1687//1243 1692//1243 1672//1243
f 1714//1243 1723//1243 1722//1243
f 1713//1243 1714//1243 1722//1243
f 1711//1244 1724//1244 1723//1244
f 1714//1244 1711//1244 1723//1244
f 1698//1245 1661//1246 1680//1247
f 1696//1245 1698//1245 1680//1247
f 1706//1248 1731//1248 1734//1248
f 1707//1248 1706//1248 1734//1248
f 1694//1249 1681//1249 1682//1249
f 1654//1249 1694//1249 1682//1249
f 1715//1249 1730//1249 1731//1249
f 1706//1249 1715//1249 1731//1249
f 1712//1210 1677//1210 1657//1210
f 1718//1210 1677//1210 1712//1210
f 1656//1215 1745//1215 1663//1215
f 1655//1215 1745//1215 1656//1215
f 1748//1210 1663//1210 1745//1210
f 1697//1210 1663//1210 1748//1210
f 1666//1214 1752//1214 1726//1214
f 1665//1214 1752//1214 1666//1214
f 1667//1215 1677//1215 1662//1215
f 1667//1215 1662//1215 1664//1215
f 1754//1213 1752//1213 1665//1213
f 1668//1213 1754//1213 1665//1213
f 1651//1210 1668//1210 1652//1210
f 1754//1210 1668//1210 1651//1210
f 1703//1215 1677//1215 1667//1215
f 1666//1215 1703//1215 1667//1215
f 1703//1214 1733//1214 1721//1214
f 1703//1214 1721//1214 1655//1214
f 1678//1215 1659//1215 1660//1215
f 1678//1215 1658//1215 1659//1215
f 1750//1250 1751//1250 1753//1250
f 1750//1250 1753//1250 1720//1250
f 1693//1251 1679//1251 1681//1251
f 1694//1251 1693//1251 1681//1251
f 1719//1251 1729//1251 1730//1251
f 1715//1251 1719//1251 1730//1251
f 1719//1231 1716//1231 1727//1232
f 1719//1231 1727//1232 1729//1232
f 1732//1237 1717//1237 1718//1237
f 1733//1237 1732//1237 1718//1237
f 1670//1252 1689//1252 1688//1252
f 1671//1252 1670//1252 1688//1252
f 1733//1252 1718//1252 1712//1252
f 1721//1252 1733//1252 1712//1252
f 1721//1242 1712//1241 1713//1241
f 1722//1242 1721//1242 1713//1241
f 1692//1244 1695//1244 1676//1244
f 1692//1244 1676//1244 1675//1244
f 1695//1253 1696//1253 1680//1253
f 1695//1253 1680//1253 1676//1253
f 1711//1253 1710//1253 1725//1253
f 1711//1253 1725//1253 1724//1253
f 1704//1245 1738//1246 1725//1247
f 1710//1245 1704//1245 1725//1247
f 1683//1254 1661//1254 1698//1255
f 1683//1254 1698//1255 1701//1255
f 1737//1254 1738//1254 1704//1255
f 1737//1254 1704//1255 1705//1255
f 1683//1256 1701//1256 1702//1256
f 1686//1256 1683//1256 1702//1256
f 1736//1256 1737//1256 1705//1256
f 1736//1256 1705//1256 1709//1256
f 1685//1257 1686//1258 1702//1257
f 1685//1257 1702//1257 1700//1257
f 1735//1257 1736//1257 1709//1257
f 1735//1257 1709//1257 1708//1257
f 1684//1259 1700//1260 1699//1260
f 1684//1259 1685//1259 1700//1260
f 1734//1260 1708//1260 1707//1260
f 1734//1260 1735//1260 1708//1260
f 1654//1248 1682//1248 1684//1248
f 1699//1248 1654//1248 1684//1248
f 1755//1261 1756//1262 1757//1263
f 1755//1261 1758//1264 1756//1262
f 1755//1261 1759//1261 1758//1264
f 1755//1261 1760//1261 1759//1261
f 1761//1265 1762//1266 1763//1267
f 1761//1268 1764//1268 1762//1269
f 1765//1268 1764//1268 1761//1268
f 1766//1270 1761//1271 1767//1270
f 1765//1268 1761//1268 1766//1269
f 1765//1268 1766//1269 1768//1268
f 1769//1272 1765//1268 1770//1272
f 1771//1268 1765//1268 1769//1272
f 1771//1268 1769//1272 1772//1268
f 1773//1273 1774//1274 1775//1275
f 1773//1273 1776//1276 1774//1274
f 1773//1273 1777//1277 1776//1276
f 1773//1273 1778//1278 1777//1277
f 1773//1273 1759//1279 1778//1278
f 1779//1279 1759//1279 1773//1273
f 1778//1278 1759//1279 1780//1278
f 1759//1279 1781//1280 1780//1278
f 1759//1279 1760//1279 1771//1279
f 1759//1279 1771//1279 1772//1279
f 1759//1279 1772//1279 1782//1281
f 1782//1282 1772//1283 1783//1282
f 1759//1279 1782//1281 1784//1280
f 1759//1279 1784//1280 1785//1280
f 1759//1279 1785//1280 1781//1280
f 1775//1284 1786//1269 1773//1268
f 1786//1269 1787//1268 1773//1268
f 1770//1272 1765//1268 1788//1268
f 1788//1268 1765//1268 1789//1268
f 1787//1268 1764//1268 1773//1268
f 1764//1268 1787//1268 1790//1268
f 1765//1268 1791//1285 1789//1268
f 1765//1268 1768//1268 1791//1285
f 1790//1268 1792//1269 1764//1268
f 1792//1269 1793//1286 1764//1268
f 1793//1286 1794//1286 1764//1268
f 1794//1286 1795//1269 1764//1268
f 1795//1269 1796//1287 1764//1268
f 1762//1269 1764//1268 1797//1288
f 1796//1287 1797//1288 1764//1268
f 1772//1268 1798//1269 1783//1269
f 1772//1268 1769//1272 1799//1268
f 1772//1268 1799//1268 1800//1286
f 1772//1268 1801//1286 1798//1269
f 1772//1268 1800//1286 1802//1268
f 1802//1289 1800//1290 1803//1289
f 1772//1268 1802//1268 1801//1286
f 1759//1261 1804//1261 1758//1264
f 1759//1261 1805//1291 1804//1261
f 1759//1261 1806//1261 1805//1291
f 1755//1261 1757//1263 1807//1261
f 1755//1261 1807//1261 1808//1261
f 1759//1261 1809//1264 1806//1261
f 1759//1261 1810//1261 1809//1264
f 1755//1261 1808//1261 1811//1264
f 1755//1261 1811//1264 1812//1261
f 1759//1261 1779//1261 1810//1261
f 1810//1261 1779//1261 1813//1264
f 1755//1261 1812//1261 1814//1261
f 1755//1261 1814//1261 1815//1261
f 1815//1292 1814//1293 1816//1294
f 1813//1264 1779//1261 1817//1295
f 1817//1295 1779//1261 1818//1296
f 1819//1261 1755//1261 1815//1261
f 1819//1261 1815//1261 1820//1262
f 1818//1296 1779//1261 1821//1261
f 1821//1261 1779//1261 1822//1261
f 1819//1261 1820//1262 1823//1291
f 1819//1261 1823//1291 1824//1264
f 1822//1261 1779//1261 1819//1261
f 1822//1261 1819//1261 1825//1291
f 1819//1261 1824//1264 1826//1297
f 1826//1297 1827//1298 1819//1261
f 1825//1291 1819//1261 1828//1291
f 1829//1291 1828//1291 1819//1261
f 1827//1298 1830//1261 1819//1261
f 1830//1299 1827//1300 1831//1301
f 1830//1261 1832//1264 1819//1261
f 1833//1264 1829//1291 1819//1261
f 1832//1264 1833//1264 1819//1261
f 1765//325 1760//325 1755//325
f 1765//325 1771//325 1760//325
f 1773//312 1819//312 1779//312
f 1773//312 1764//312 1819//312
f 1801//1302 1809//1303 1798//1302
f 1810//1304 1785//1305 1809//1304
f 1783//1306 1784//1306 1782//1306
f 1809//1304 1785//1305 1784//1305
f 1809//1304 1783//1304 1798//1307
f 1809//1304 1784//1305 1783//1304
f 1801//1302 1806//1303 1809//1303
f 1802//1308 1806//1308 1801//1308
f 1803//1309 1806//1309 1802//1309
f 1803//1310 1804//1311 1805//1310
f 1803//1310 1805//1310 1806//1312
f 1803//1313 1758//1314 1804//1314
f 1800//1313 1758//1314 1803//1313
f 1800//1315 1799//1315 1807//1315
f 1756//1262 1807//1261 1757//1263
f 1800//1313 1756//1316 1758//1314
f 1800//1317 1807//1317 1756//1317
f 1799//1318 1808//1318 1807//1318
f 1811//1319 1770//1320 1788//1321
f 1811//1322 1808//1322 1799//1322
f 1770//1323 1799//1324 1769//1324
f 1799//1325 1770//1325 1811//1325
f 1811//1319 1788//1321 1789//1319
f 1812//1326 1789//1327 1791//1327
f 1812//1326 1811//1326 1789//1327
f 1791//1328 1814//1328 1812//1328
f 1768//1328 1814//1328 1791//1328
f 1767//1329 1816//1329 1766//1329
f 1768//1330 1816//1331 1814//1331
f 1766//1330 1816//1331 1768//1330
f 1763//1332 1820//1332 1815//1332
f 1767//1333 1815//1333 1816//1333
f 1763//1286 1767//1286 1761//1286
f 1763//1334 1815//1334 1767//1334
f 1824//1335 1763//1336 1762//1336
f 1820//1262 1824//1264 1823//1291
f 1820//1337 1763//1337 1824//1337
f 1797//1338 1831//1338 1762//1338
f 1826//1297 1831//1295 1827//1298
f 1824//1335 1762//1336 1826//1339
f 1762//1340 1831//1340 1826//1340
f 1832//1341 1795//1341 1794//1341
f 1830//1342 1796//1342 1832//1342
f 1832//1343 1796//1343 1795//1343
f 1832//1344 1794//1344 1833//1344
f 1833//1344 1794//1344 1793//1344
f 1793//1345 1829//1345 1833//1345
f 1790//1268 1793//1286 1792//1269
f 1793//1346 1790//1346 1829//1346
f 1787//1347 1828//1348 1790//1347
f 1829//1349 1790//1349 1828//1349
f 1825//1348 1828//1348 1787//1347
f 1822//1350 1786//1351 1821//1350
f 1786//1351 1775//1352 1774//1351
f 1821//1350 1786//1351 1774//1351
f 1818//1353 1777//1354 1817//1355
f 1821//1356 1774//1357 1818//1358
f 1818//1359 1776//1359 1777//1359
f 1818//1358 1774//1357 1776//1360
f 1817//1355 1777//1354 1813//1355
f 1813//1355 1777//1354 1778//1354
f 1785//1361 1810//1361 1781//1361
f 1778//1362 1810//1362 1813//1362
f 1781//1363 1810//1363 1780//1363
f 1810//1364 1778//1364 1780//1364
f 1764//1365 1765//1365 1755//1365
f 1819//1365 1764//1365 1755//1365
f 1831//1366 1797//1367 1796//1367
f 1831//1366 1796//1367 1830//1366
f 1822//1368 1825//1368 1787//1368
f 1822//1368 1787//1368 1786//1368
f 1834//651 1835//651 1836//651
f 1834//651 1837//651 1835//651
f 1834//651 1838//651 1837//651
f 1839//1369 1840//1369 1841//1370
f 1839//1369 1841//1370 1842//1370
f 1840//1371 1843//1372 1841//1373
f 1843//1374 1844//1374 1845//1374
f 1840//1374 1844//1374 1843//1374
f 1840//1374 1846//1374 1844//1374
f 1847//1375 1844//1376 1846//1377
f 1844//1378 1838//1378 1834//1379
f 1844//1378 1847//1380 1838//1378
f 1843//1372 1836//1381 1841//1373
f 1842//1382 1848//1383 1839//1382
f 1842//1382 1837//1382 1848//1383
f 1843//1384 1849//1385 1836//1386
f 1843//1384 1845//1387 1849//1385
f 1850//651 1842//651 1841//651
f 1835//651 1850//651 1841//651
f 1847//1388 1846//1374 1848//1374
f 1848//1374 1846//1374 1839//1374
f 1839//1374 1846//1374 1840//1374
f 1834//651 1836//651 1849//1389
f 1836//651 1835//651 1841//651
f 1834//1390 1849//1390 1845//1391
f 1834//1390 1845//1391 1844//1391
f 1837//1382 1838//1382 1848//1383
f 1838//1382 1847//1383 1848//1383
f 1837//1392 1842//1392 1850//1392
f 1837//651 1850//651 1835//651
f 1851//1393 1852//1393 1853//1393
f 1851//1394 1854//1394 1852//1394
f 1855//1395 1851//1395 1853//1395
f 1856//1396 1855//1396 1853//1396
f 1857//1397 1853//1397 1852//1397
f 1858//1398 1857//1398 1852//1398
f 1859//1399 1860//1399 1852//1399
f 1852//1400 1860//1400 1858//1400
f 1861//1401 1860//1401 1859//1401
f 1857//1402 1858//1402 1860//1402
f 1857//1403 1856//1403 1853//1403
f 1860//1404 1862//1404 1857//1404
f 1860//1405 1861//1405 1862//1405
f 1859//1406 1852//1406 1854//1406
f 1861//1407 1859//1407 1854//1407
f 1861//1408 1854//1408 1863//1408
f 1863//1409 1856//1409 1861//1409
f 1856//1410 1862//1410 1861//1410
f 1856//1411 1857//1411 1862//1411
f 1856//1412 1863//1412 1855//1412
f 1851//1413 1855//1413 1863//1413
f 1854//1413 1851//1413 1863//1413
f 1864//283 1865//283 1866//283
f 1867//1414 1865//283 1864//283
f 1868//283 1865//283 1867//1414
f 1869//283 1865//283 1868//283
f 1870//283 1865//283 1869//283
f 1870//283 1869//283 1871//283
f 1870//283 1872//283 1865//283
f 1866//1415 1865//1416 1873//1415
f 1874//1416 1873//1415 1865//1416
f 1874//1416 1865//1416 1875//1416
f 1873//1415 1874//1416 1876//1415
f 1877//1415 1876//1415 1874//1416
f 1878//1416 1873//1415 1876//1415
f 1872//1417 1870//1417 1879//1417
f 1879//1417 1870//1417 1880//1417
f 1877//1418 1874//986 1881//986
f 1874//986 1880//986 1870//986
f 1871//1418 1881//986 1870//986
f 1874//986 1870//986 1881//986
f 1869//1419 1881//1419 1871//1419
f 1878//1420 1876//1420 1882//1421
f 1864//1422 1883//1422 1867//1422
f 1876//1420 1868//1423 1882//1421
f 1867//1424 1883//1425 1882//1421
f 1867//1424 1882//1421 1868//1423
f 1877//1426 1881//1427 1869//1428
f 1876//1429 1869//1428 1868//1430
f 1877//1426 1869//1428 1876//1429
f 1878//1431 1882//1431 1873//1431
f 1864//1432 1866//1433 1883//1434
f 1866//1433 1873//1433 1882//1433
f 1883//1434 1866//1433 1882//1433
f 1875//1435 1880//1435 1874//1435
f 1879//1435 1880//1435 1875//1435
f 1875//1011 1865//1011 1872//1011
f 1875//1011 1872//1011 1879//1436
f 1884//1437 1885//1438 1886//1439
f 1887//1440 1885//1438 1884//1437
f 1888//1441 1889//1441 1890//1441
f 1887//1442 1889//1443 1888//1444
f 1891//1445 1892//1446 1893//1445
f 1891//1445 1894//1447 1892//1446
f 1891//1448 1895//1448 1894//1448
f 1896//1449 1897//1449 1898//1449
f 1898//1450 1897//1450 1895//1450
f 1896//1451 1898//1451 1891//1451
f 1891//1452 1898//1452 1895//1452
f 1888//1453 1895//1453 1899//1453
f 1895//1454 1888//1454 1900//1454
f 1894//1455 1895//1455 1900//1455
f 1894//1456 1900//1456 1901//1456
f 1897//1457 1896//1457 1887//1457
f 1895//1458 1897//1458 1887//1458
f 1899//1459 1895//1459 1887//1459
f 1887//1442 1888//1444 1899//1460
f 1896//1461 1891//1461 1893//1461
f 1902//1462 1896//1462 1893//1462
f 1887//1440 1884//1437 1889//1463
f 1903//1464 1896//1440 1902//1465
f 1885//1438 1896//1440 1903//1464
f 1887//1440 1896//1440 1885//1438
f 1900//1466 1888//1466 1890//1467
f 1889//1468 1900//1466 1890//1467
f 1902//1469 1893//1470 1892//1471
f 1885//1472 1892//1472 1894//1472
f 1902//1465 1885//1438 1903//1464
f 1892//1471 1885//1473 1902//1469
f 1894//1474 1901//1475 1885//1476
f 1889//1477 1901//1478 1900//1477
f 1886//1439 1889//1463 1884//1437
f 1885//1476 1901//1475 1886//1474
f 1889//1477 1886//1478 1901//1478
f 1904//1479 1905//1479 1906//1479
f 1906//1480 1905//1480 1907//1480
f 1904//1481 1906//1481 1908//1481
f 1906//1482 1907//1482 1909//1482
f 1909//1482 1907//1482 1910//1482
f 1906//1483 1909//1484 1911//1484
f 1908//1483 1906//1483 1911//1484
f 1908//1483 1911//1484 1912//1483
f 1913//1485 1904//1485 1908//1485
f 1908//1486 1912//1486 1913//1486
f 1914//1487 1915//1487 1913//1487
f 1912//1486 1914//1486 1913//1486
f 1907//1488 1905//1488 1913//1488
f 1913//1489 1905//1489 1904//1489
f 1915//1490 1911//1490 1909//1490
f 1910//1490 1915//1490 1909//1490
f 1912//1491 1915//1491 1914//1491
f 1912//1491 1911//1491 1915//1491
f 1915//1487 1907//1487 1913//1487
f 1910//1487 1907//1487 1915//1487
f 1916//1492 1917//1492 1918//1492
f 1916//1492 1918//1492 1919//1492
f 1919//1492 1920//1492 1916//1492
f 1921//1492 1920//1492 1919//1492
f 1921//282 1919//282 1922//282
f 1921//1493 1922//1493 1923//1493
f 1921//1494 1924//1494 1920//1495
f 1917//1494 1923//1494 1918//1494
f 1921//1494 1923//1494 1924//1494
f 1924//1494 1923//1494 1917//1494
f 1918//1496 1923//1496 1925//1496
f 1925//1497 1919//1497 1918//1497
f 1926//1498 1919//1498 1925//1498
f 1922//282 1919//282 1926//282
f 1916//1499 1920//1499 1924//1499
f 1924//1500 1917//1500 1916//1500
f 1926//1501 1925//1501 1923//1501
f 1922//1501 1926//1501 1923//1501
f 1927//309 1928//309 1929//309
f 1927//309 1929//309 1930//309
f 1927//309 1930//309 1931//309
f 1932//309 1927//309 1931//309
f 1928//1502 1933//1502 1929//1503
f 1934//1502 1933//1502 1928//1502
f 1935//1502 1933//1502 1934//1502
f 1935//1479 1936//1479 1937//1479
f 1935//1502 1934//1502 1936//1502
f 1938//1459 1939//1459 1940//1459
f 1935//1502 1939//1502 1938//1502
f 1935//1502 1938//1502 1933//1502
f 1939//1504 1941//1504 1940//1504
f 1935//1504 1937//1504 1939//1504
f 1942//1504 1927//1504 1932//1504
f 1939//1504 1937//1504 1942//1504
f 1942//1504 1932//1504 1941//1504
f 1942//1504 1941//1504 1939//1504
f 1934//1466 1928//1466 1942//1466
f 1928//1466 1927//1466 1942//1466
f 1942//1505 1937//1505 1934//1505
f 1937//1505 1936//1505 1934//1505
f 1929//1490 1933//1490 1930//1490
f 1941//1506 1931//1491 1940//1491
f 1933//1491 1931//1491 1930//1491
f 1940//1491 1933//1491 1938//1491
f 1940//1491 1931//1491 1933//1491
f 1931//1507 1941//1507 1932//1507
f 1943//1508 1944//361 1945//1508
f 1945//1508 1946//1508 1947//361
f 1945//1508 1944//361 1946//1508
f 1948//1509 1949//1510 1950//1511
f 1949//1510 1948//1509 1944//1048
f 1944//361 1948//361 1951//1508
f 1944//361 1951//1508 1946//1508
f 1952//1048 1949//1510 1944//1048
f 1952//1048 1944//1048 1953//1048
f 1954//1512 1952//1512 1955//1512
f 1952//1512 1945//1512 1955//1512
f 1952//1512 1956//1512 1945//1512
f 1947//1512 1955//1512 1945//1512
f 1952//1048 1954//1048 1949//1510
f 1946//1513 1955//1513 1947//1513
f 1955//1514 1946//1514 1951//1514
f 1954//1515 1951//1514 1949//1515
f 1955//1514 1951//1514 1954//1515
f 1948//1516 1950//1516 1951//1516
f 1950//1517 1949//1517 1951//1517
f 1953//1518 1957//1518 1956//1518
f 1953//1518 1956//1518 1952//1518
f 1944//1519 1943//1519 1957//1519
f 1953//1519 1944//1519 1957//1519
f 1945//1085 1957//1085 1943//1085
f 1945//1085 1956//1085 1957//1085
f 1958//1479 1959//1479 1960//1479
f 1960//1508 1959//1508 1961//1508
f 1959//1508 1962//1508 1961//1508
f 1963//1459 1964//1459 1961//1459
f 1962//1459 1963//1459 1961//1459
f 1962//1459 1965//1520 1963//1459
f 1962//1459 1966//1521 1965//1520
f 1962//1459 1967//1459 1966//1521
f 1964//1459 1967//1459 1961//1459
f 1966//1521 1967//1459 1964//1459
f 1958//1522 1967//1522 1962//1522
f 1958//1522 1962//1522 1959//1522
f 1968//1513 1964//1513 1963//1513
f 1964//1523 1968//1523 1966//1523
f 1966//1524 1968//1524 1965//1524
f 1965//1525 1968//1525 1963//1525
f 1967//1526 1960//1526 1961//1526
f 1967//1526 1958//1526 1960//1526
f 1969//1527 1970//1527 1971//1527
f 1971//1528 1970//1528 1972//1528
f 1973//1529 1971//1529 1972//1529
f 1969//1530 1974//1530 1970//1530
f 1969//1531 1975//1531 1974//1531
f 1972//1532 1970//1532 1974//1532
f 1972//1533 1974//1533 1975//1533
f 1972//1534 1975//1534 1973//1534
f 1969//1535 1971//1535 1975//1535
f 1975//1536 1971//1536 1973//1536
f 1976//1537 1977//1537 1978//1537
f 1978//1538 1977//1538 1979//1538
f 1978//1539 1979//1539 1980//1539
f 1976//1540 1978//1540 1980//1540
f 1976//159 1980//159 1981//159
f 1977//1541 1982//1541 1979//1541
f 1979//124 1982//1542 1981//124
f 1979//124 1981//124 1980//124
f 1976//1543 1981//1543 1977//1543
f 1981//1543 1982//1543 1977//1543
f 1983//1544 1984//1544 1985//1544
f 1986//1545 1984//1545 1983//1545
f 1986//1546 1983//1546 1987//1546
f 1986//1547 1987//1547 1988//1547
f 1985//1548 1989//1548 1983//1548
f 1985//1549 1988//1549 1989//1549
f 1987//1550 1983//1550 1989//1550
f 1987//1551 1989//1551 1988//1551
f 1984//1552 1988//1552 1985//1552
f 1988//1553 1984//1553 1986//1553
f 1990//47 1991//47 1992//47
f 1990//47 1993//47 1991//47
f 1994//1554 1993//1554 1990//1554
f 1995//1555 1992//1555 1991//1555
f 1996//1555 1992//1555 1995//1555
f 1996//109 1997//109 1998//109
f 1996//109 1999//109 1997//109
f 1998//1554 1997//1554 1994//1554
f 1999//1555 1996//1555 1995//1555
f 1996//1555 2000//1555 1992//1555
f 1999//1556 1995//1556 1997//1556
f 1995//1556 2001//1556 1997//1556
f 1993//1557 2001//1557 1995//1557
f 1993//1557 1995//1557 1991//1557
f 1992//1558 1994//1558 1990//1558
f 1992//1558 2000//1558 1994//1558
f 1994//1554 1997//1554 2001//1554
f 1993//1554 1994//1554 2001//1554
f 1998//68 2000//68 1996//68
f 1998//68 1994//68 2000//68
f 2002//1559 2003//1451 2004//1559
f 2002//1559 2004//1559 2005//1559
f 2003//1560 2006//1560 2004//1560
f 2007//1560 2006//1560 2003//1560
f 2008//1561 2009//1561 2007//1561
f 2008//1560 2007//1560 2003//1560
f 2007//1560 2010//1560 2006//1560
f 2007//1560 2011//1560 2010//1560
f 2012//1559 2010//1559 2011//1559
f 2012//1562 2011//1562 2013//1562
f 2011//1562 2007//1562 2009//1562
f 2002//1562 2005//1562 2009//1562
f 2013//1562 2011//1562 2009//1562
f 2005//1562 2013//1562 2009//1562
f 2005//1563 2004//1564 2006//1563
f 2005//1563 2006//1563 2013//1565
f 2010//1566 2012//1567 2013//1568
f 2010//1566 2013//1568 2006//1569
f 2009//152 2003//152 2002//152
f 2008//152 2003//152 2009//152
f 2014//1531 2015//1531 2016//1531
f 2017//149 2016//149 2015//149
f 2018//149 2016//149 2017//149
f 2018//149 2017//149 2019//149
f 2020//149 2016//149 2018//149
f 2018//1570 2021//1570 2020//1570
f 2016//1571 2020//1572 2021//1572
f 2022//1571 2016//1571 2021//1572
f 2018//1573 2022//1573 2021//1573
f 2018//1573 2019//1573 2023//1573
f 2018//1573 2023//1573 2022//1573
f 2023//1573 2024//1573 2022//1573
f 2017//1574 2025//1575 2019//1575
f 2019//1575 2025//1575 2023//1576
f 2025//1577 2017//1577 2014//1577
f 2017//1577 2015//1577 2014//1577
f 2014//1578 2023//1579 2025//1580
f 2024//1581 2023//1579 2014//1578
f 2022//1531 2024//1531 2014//1531
f 2022//1531 2014//1531 2016//1531
f 2026//1582 2027//1582 2028//1582
f 2026//1582 2028//1582 2029//1582
f 2027//1583 2030//1583 2028//1583
f 2031//1583 2030//1583 2027//1583
f 2032//1403 2031//1403 2033//1403
f 2033//1583 2031//1583 2027//1583
f 2031//1583 2034//1583 2030//1583
f 2031//1583 2035//1583 2034//1583
f 2036//1582 2034//1582 2035//1582
f 2036//1584 2035//1585 2037//1586
f 2035//1585 2031//1585 2032//1585
f 2026//1585 2029//1585 2032//1585
f 2037//1586 2035//1585 2032//1585
f 2029//1585 2037//1586 2032//1585
f 2029//1587 2028//1588 2037//1589
f 2037//1589 2028//1588 2030//1588
f 2034//1590 2036//1591 2037//1592
f 2030//1590 2034//1590 2037//1592
f 2026//283 2032//283 2033//283
f 2027//283 2026//283 2033//283
f 2038//1493 2039//1493 2040//1493
f 2041//309 2039//309 2038//309
f 2042//309 2041//309 2038//309
f 2038//1593 2043//1593 2042//1593
f 2040//1593 2044//1593 2038//1593
f 2038//1593 2045//1593 2043//1593
f 2038//1593 2044//1593 2045//1593
f 2046//1594 2047//1595 2044//1594
f 2048//1487 2046//1594 2044//1594
f 2044//1593 2047//1593 2045//1593
f 2044//1596 2049//1596 2048//1596
f 2044//1596 2040//1596 2039//1596
f 2049//1596 2039//1596 2041//1596
f 2044//1596 2039//1596 2049//1596
f 2043//1597 2041//1598 2042//1599
f 2049//1600 2041//1598 2043//1597
f 2049//1601 2046//1602 2048//1603
f 2043//1601 2045//1604 2049//1601
f 2047//1475 2046//1475 2045//1475
f 2049//1601 2045//1604 2046//1602
f 2050//1605 2051//1605 2052//1605
f 2051//1606 2050//1606 2053//259
f 2050//1606 2054//259 2053//259
f 2053//1498 2054//1607 2055//1498
f 2055//1498 2054//1607 2056//1607
f 2054//1607 2057//1498 2056//1607
f 2058//1498 2056//1607 2057//1498
f 2057//1608 2054//1608 2052//1608
f 2054//1608 2050//1608 2052//1608
f 2057//1609 2059//1609 2058//1609
f 2055//1610 2051//1609 2053//1610
f 2059//1609 2051//1609 2055//1610
f 2055//1611 2056//1611 2059//1611
f 2058//1612 2059//1612 2056//1612
f 2059//1609 2052//1609 2051//1609
f 2057//1609 2052//1609 2059//1609
f 2060//1582 2061//1582 2062//1582
f 2062//1582 2061//1582 2063//1582
f 2060//255 2064//237 2061//255
f 2065//255 2064//237 2060//255
f 2066//255 2065//255 2060//255
f 2065//1403 2066//1403 2067//1403
f 2065//255 2068//237 2064//237
f 2065//1613 2069//1613 2068//1613
f 2065//1613 2067//1613 2062//1613
f 2069//1613 2062//1613 2063//1613
f 2065//1613 2062//1613 2069//1613
f 2064//1588 2068//1588 2069//1588
f 2069//1614 2063//1614 2061//1614
f 2069//1614 2061//1614 2064//1614
f 2060//1615 2062//1615 2067//1615
f 2060//1615 2067//1615 2066//1615
f 2070//176 2071//176 2072//176
f 2072//124 2073//124 2070//124
f 2072//124 2074//124 2073//124
f 2075//159 2076//159 2077//1616
f 2078//159 2075//159 2077//1616
f 2077//1616 2074//159 2078//159
f 2072//124 2078//124 2074//124
f 2075//1617 2072//1617 2071//1617
f 2078//1617 2072//1617 2075//1617
f 2079//1618 2076//1618 2075//1618
f 2070//1618 2075//1618 2071//1618
f 2070//1618 2073//1618 2079//1618
f 2070//1618 2079//1618 2075//1618
f 2074//1619 2077//1620 2073//1621
f 2077//1620 2079//1622 2073//1621
f 2076//1623 2079//1623 2077//1623
f 2080//1624 2081//1624 2082//1624
f 2081//1624 2083//1624 2082//1624
f 2083//1625 2081//1625 2084//1625
f 2085//1625 2083//1625 2084//1625
f 2080//1626 2084//1626 2081//1626
f 2080//1626 2086//1626 2084//1626
f 2087//1627 2086//1627 2080//1627
f 2082//1627 2087//1627 2080//1627
f 2084//1628 2086//1628 2087//1628
f 2084//1628 2087//1628 2085//1628
f 2087//1629 2082//1629 2083//1629
f 2087//1629 2083//1629 2085//1629
f 2088//1630 2089//1630 2090//1630
f 2088//1630 2090//1630 2091//1630
f 2092//1631 2089//1631 2088//1631
f 2092//1631 2093//1631 2089//1631
f 2094//151 2092//151 2095//151
f 2093//151 2092//151 2094//151
f 2094//612 2089//612 2093//612
f 2094//612 2090//612 2089//612
f 2090//1632 2095//1632 2091//1632
f 2094//1632 2095//1632 2090//1632
f 2088//292 2095//292 2092//292
f 2091//292 2095//292 2088//292
f 2096//1633 2097//1633 2098//1633
f 2096//1633 2098//1633 2099//1633
f 2096//1634 2100//1634 2097//1634
f 2101//1634 2100//1634 2096//1634
f 2102//255 2101//255 2103//255
f 2100//255 2101//255 2102//255
f 2102//1635 2103//1635 2098//1635
f 2098//1635 2103//1635 2099//1635
f 2102//979 2097//979 2100//979
f 2102//979 2098//979 2097//979
f 2103//627 2101//627 2096//627
f 2099//627 2103//627 2096//627
f 2104//1636 2105//1636 2106//1636
f 2106//1636 2105//1636 2107//1636
f 2108//1637 2106//1637 2107//1637
f 2108//1637 2109//1637 2106//1637
f 2110//209 2109//209 2108//209
f 2110//209 2111//209 2109//209
f 2111//1638 2105//1638 2104//1638
f 2111//1638 2110//1638 2105//1638
f 2108//307 2107//307 2105//307
f 2108//307 2105//307 2110//307
f 2106//258 2109//258 2111//258
f 2106//258 2111//258 2104//258
f 2112//1639 2113//1639 2114//1639
f 2115//1639 2112//1639 2114//1639
f 2116//1640 2113//1640 2112//1640
f 2116//1640 2112//1640 2117//1640
f 2117//126 2118//126 2119//126
f 2117//126 2119//126 2116//126
f 2117//233 2112//233 2115//233
f 2117//233 2115//233 2118//233
f 2119//1641 2118//1641 2115//1641
f 2114//1641 2119//1641 2115//1641
f 2114//221 2116//221 2119//221
f 2113//221 2116//221 2114//221
f 2120//1642 2121//1643 2122//1643
f 2120//1642 2123//1642 2121//1643
f 2124//223 2120//223 2122//223
f 2124//223 2125//223 2120//223
f 2124//223 2126//223 2125//223
f 2126//1644 2124//1644 2127//1644
f 2126//1645 2127//1645 2125//1645
f 2127//1645 2121//1645 2123//1645
f 2127//1645 2123//1645 2125//1645
f 2125//1590 2123//1590 2120//1590
f 2121//1646 2124//1646 2122//1646
f 2121//1646 2127//1646 2124//1646
f 2128//1647 2129//1647 2130//1647
f 2128//1647 2131//1648 2129//1647
f 2128//1647 2132//1647 2131//1648
f 2133//1286 2130//1286 2129//1286
f 2133//1286 2129//1286 2134//1286
f 2129//1286 2131//1286 2134//1286
f 2130//325 2133//325 2128//325
f 2134//312 2131//312 2132//312
f 2134//1649 2128//1649 2133//1649
f 2134//1649 2132//1649 2128//1649
f 188//1624 2135//1624 168//1624
f 2136//1650 2135//1650 188//1650
f 2136//1650 2137//1650 2135//1650
f 2137//1628 2136//1628 2138//1628
f 168//1651 2135//1652 2137//1652
f 168//1651 2137//1652 2138//1651
f 168//1627 2138//1627 188//1627
f 2138//1627 2136//1627 188//1627
f 2139//1643 2140//1643 2141//1643
f 2140//1653 2139//1653 2142//1653
f 2142//1654 2143//1654 2144//1654
f 2139//1653 2143//1653 2142//1653
f 2140//1655 2142//1655 2141//1655
f 2141//1655 2142//1655 2144//1655
f 2143//255 2139//255 2141//255
f 2144//255 2143//255 2141//255
f 2145//1408 2146//1408 2147//1408
f 2147//223 2148//223 2145//223
f 2147//223 2149//223 2148//223
f 2148//1656 2149//1656 2150//1656
f 2145//1657 2148//1657 2150//1657
f 2146//1657 2145//1657 2150//1657
f 2150//1658 2149//1658 2147//1659
f 2150//1658 2147//1659 2146//1659
f 2151//1547 2152//1547 2153//1547
f 2151//209 2154//209 2152//209
f 2152//209 2154//209 2155//209
f 2155//1399 2154//1399 2156//1399
f 2153//1660 2155//1660 2156//1660
f 2152//1660 2155//1660 2153//1660
f 2153//1661 2154//1661 2151//1661
f 2153//1661 2156//1661 2154//1661
f 2157//1408 2158//1408 2159//1408
f 2160//209 2158//209 2157//209
f 2161//209 2160//209 2157//209
f 2160//1656 2161//1656 2162//1656
f 2162//1662 2157//1662 2159//1662
f 2162//1662 2161//1662 2157//1662
f 2159//1663 2158//1663 2160//1663
f 2159//1663 2160//1663 2162//1663
f 2163//1570 2164//1570 2165//1570
f 2166//1664 2164//1664 2163//1664
f 2166//1664 2167//1664 2164//1664
f 2167//1531 2166//1531 2168//1531
f 2167//1665 2165//1665 2164//1665
f 2167//1665 2168//1665 2165//1665
f 2163//124 2168//124 2166//124
f 2165//124 2168//124 2163//124
f 2169//1529 2170//1529 2171//1529
f 2170//1666 2169//1667 2172//1667
f 2172//1541 2173//1541 2174//1541
f 2169//1667 2173//1667 2172//1667
f 2173//124 2169//124 2171//124
f 2174//124 2173//124 2171//124
f 2171//1668 2172//1668 2174//1668
f 2170//1668 2172//1668 2171//1668
f 2175//1529 2176//1529 2177//1529
f 2177//126 2178//126 2175//126
f 2175//126 2178//126 2179//126
f 2180//1541 2179//1541 2178//1541
f 2177//1669 2176//1669 2180//1669
f 2177//1669 2180//1669 2178//1669
f 2176//1670 2175//1670 2179//1670
f 2176//1670 2179//1670 2180//1670
f 2181//1671 2182//1671 2183//1671
f 2184//195 2182//195 2181//195
f 2184//195 2185//195 2182//195
f 2185//1544 2184//1544 2186//1544
f 2183//1672 2186//1673 2184//1673
f 2181//1672 2183//1672 2184//1673
f 2185//1674 2183//1674 2182//1674
f 2186//1674 2183//1674 2185//1674
f 2187//1671 2188//1671 2189//1671
f 2190//1675 2189//1675 2188//1675
f 2191//1544 2192//1544 2190//1544
f 2190//1675 2188//1675 2191//1675
f 2189//1676 2190//1676 2192//1676
f 2189//1676 2192//1676 2187//1676
f 2192//151 2188//151 2187//151
f 2192//151 2191//151 2188//151
f 2193//149 2194//149 2195//149
f 2195//1677 2196//1677 2197//1677
f 2195//1677 2197//1677 2193//1678
f 2198//1679 2197//1679 2196//1679
f 2193//1680 2197//1680 2198//1680
f 2193//1680 2198//1680 2194//1680
f 2198//1681 2195//1681 2194//1681
f 2196//1681 2195//1681 2198//1681
