# Blender 5.2.0 LTS
# www.blender.org
mtllib right_upper_head_v15.mtl
o right_upper_head
v 43.354012 64.663536 165.354355
v 43.960499 63.055500 165.889496
v 0.265356 88.729591 212.348373
v 0.000000 87.478500 213.615005
v 6.906072 90.173767 215.203796
v 7.420183 91.853111 216.979279
v 8.116285 95.374077 212.298889
v 8.492899 96.462593 214.404419
v 0.142781 101.320274 222.009827
v 0.698321 100.287941 223.902847
v 3.951126 100.045708 224.359818
v 4.642771 101.326668 222.016541
v 0.143558 109.750389 213.469757
v 0.891946 110.742302 213.605865
v 3.891940 110.746559 213.610352
v 4.643548 109.756783 213.476471
v 3.939261 103.325996 227.610138
v 0.127550 113.146652 220.952347
v 0.126818 113.797211 220.822937
v 0.125700 114.447777 220.952347
v 0.127783 112.595131 221.320862
v 0.127483 112.226616 221.872375
v 0.126695 112.097214 222.522949
v 0.125539 112.226616 223.173508
v 0.124191 112.595131 223.725021
v 0.122856 113.146645 224.093536
v 0.121738 113.797203 224.222946
v 0.121007 114.447769 224.093536
v 4.627540 113.153046 220.959076
v 4.626809 113.803612 220.829666
v 4.625690 114.454170 220.959076
v 4.627773 112.601524 221.327591
v 4.627473 112.233009 221.879105
v 4.626685 112.103607 222.529663
v 4.625529 112.233009 223.180237
v 4.624181 112.601524 223.731750
v 4.622847 113.153038 224.100266
v 4.621728 113.803604 224.229675
v 4.620997 114.454163 224.100266
v 0.124366 114.999290 221.320862
v 0.123018 115.367805 221.872375
v 0.121073 115.367805 223.173508
v 0.121862 115.497208 222.522949
v 0.120773 114.999290 223.725021
v 4.624356 115.005684 221.327591
v 4.623008 115.374199 221.879105
v 4.621064 115.374199 223.180237
v 4.621852 115.503601 222.529663
v 4.620764 115.005684 223.731750
v 0.079000 128.965149 238.395386
v 0.079067 129.885178 237.475357
v 0.079300 129.333664 237.843872
v 0.078335 130.535736 237.345947
v 0.077217 131.186295 237.475357
v 0.075883 131.737823 237.843872
v 0.074535 132.106339 238.395386
v 4.578990 128.971558 238.402115
v 4.579057 129.891586 237.482086
v 4.579290 129.340073 237.850601
v 4.578326 130.542145 237.352676
v 4.577208 131.192703 237.482086
v 4.575873 131.744232 237.850601
v 4.574525 132.112732 238.402115
v 0.078212 128.835739 239.045959
v 0.077056 128.965149 239.696518
v 0.075708 129.333649 240.248032
v 0.074373 129.885178 240.616547
v 0.073255 130.535736 240.745956
v 0.073379 132.235733 239.045959
v 0.072524 131.186295 240.616547
v 0.072290 131.737808 240.248032
v 0.072591 132.106323 239.696518
v 0.818975 135.935501 238.474670
v 0.056982 139.640625 242.975128
v 0.808668 139.493851 241.987213
v 3.818969 135.939774 238.479156
v 3.808662 139.498123 241.991699
v 4.578202 128.842148 239.052673
v 4.577046 128.971542 239.703247
v 4.575698 129.340057 240.254761
v 4.574364 129.891586 240.623276
v 4.573246 130.542145 240.752686
v 4.573369 132.242142 239.052673
v 4.572514 131.192703 240.623276
v 4.572281 131.744217 240.254761
v 4.572581 132.112732 239.703247
v 4.556972 139.647034 242.981842
v 3.852900 127.203835 251.269760
v 0.636709 129.256882 252.616302
v 0.056204 131.210510 251.515198
v 3.847058 128.819016 252.870163
v 0.776928 138.403549 257.256744
v 4.556195 131.216919 251.521912
v 0.128279 135.345322 260.352966
v 1.897637 135.796265 261.169067
v -0.151500 139.783493 265.246490
v 0.081842 147.128571 249.550491
v 0.838547 147.959427 249.003143
v 0.878910 152.948898 249.324860
v 0.125204 152.463638 252.952698
v 0.128147 152.832138 252.401184
v 3.838449 147.935165 249.002960
v 0.124201 152.334229 253.603271
v 0.125291 152.463638 254.253830
v 0.128308 152.832138 254.805344
v 4.581695 147.092194 249.550186
v 4.625057 152.427261 252.952408
v 4.628000 152.795761 252.400894
v 4.624054 152.297852 253.602966
v 4.625144 152.427261 254.253540
v 4.628160 152.795761 254.805054
v 0.076400 146.356415 261.525635
v 4.195289 146.636597 263.022888
v -0.263565 140.549423 263.621429
v 0.668883 146.832520 263.822815
v 0.699424 150.739395 264.070618
v 4.576253 146.320038 261.525330
v 0.132581 153.383636 252.032669
v 0.137832 154.034180 251.903259
v 0.143101 154.684723 252.032669
v 0.147584 155.236221 252.401184
v 0.150600 155.604721 252.952698
v 0.132791 153.383636 255.173859
v 0.138060 154.034180 255.303268
v 0.143311 154.684723 255.173859
v 0.150687 155.604721 254.253830
v 0.151690 155.734131 253.603271
v 0.147745 155.236221 254.805344
v 4.632434 153.347260 252.032379
v 4.637685 153.997803 251.902969
v 4.642953 154.648346 252.032379
v 4.647437 155.199844 252.400894
v 4.650454 155.568344 252.952408
v 4.632644 153.347260 255.173569
v 4.637913 153.997803 255.302979
v 4.643164 154.648346 255.173569
v 4.651543 155.697754 253.602966
v 4.650540 155.568344 254.253540
v 4.647598 155.199844 254.805054
v 4.330113 162.694244 264.039368
v 16.574020 87.653938 214.777206
v 25.984913 84.294449 213.462860
v 26.260061 85.741661 211.297638
v 26.498983 86.768318 210.724152
v 26.448368 86.285927 212.350418
v 26.551762 86.730202 212.102234
v 26.582464 86.673500 213.100113
v 26.687292 87.312584 211.776917
v 26.687521 87.312515 211.776917
v 26.499023 85.973793 215.238358
v 26.793596 87.283730 214.280487
v 27.032518 88.310387 213.707001
v 27.063906 88.401100 213.882446
v 11.013556 91.871948 213.591171
v 11.072417 92.187958 213.417282
v 11.450470 92.706993 213.081329
v 11.221440 92.472778 213.243378
v 13.569489 90.987625 213.591171
v 13.742057 91.914131 213.081329
v 13.777372 91.588455 213.243378
v 13.718513 91.272446 213.417282
v 11.743899 92.874641 212.942169
v 12.081733 92.964294 212.835403
v 12.440947 92.969849 212.768280
v 12.797062 92.890930 212.745377
v 13.125807 92.732895 212.768280
v 13.404781 92.506538 212.835403
v 13.614971 92.227272 212.942169
v 11.048873 91.546272 213.753220
v 11.175959 91.233131 213.892380
v 11.665123 90.727509 214.066284
v 11.386148 90.953865 213.999161
v 11.552571 92.321648 215.997910
v 11.425486 92.634781 215.858765
v 11.449030 93.276474 215.522812
v 11.598053 93.561295 215.348907
v 11.390170 92.960457 215.696716
v 11.993868 90.569481 214.089172
v 12.349983 90.490555 214.066284
v 12.709197 90.496109 213.999161
v 11.762761 92.042381 216.104691
v 12.041736 91.816025 216.171814
v 12.726596 91.579071 216.171814
v 13.047030 90.585762 213.892380
v 13.340460 90.753410 213.753235
v 13.085810 91.584625 216.104691
v 13.423643 91.674278 215.997910
v 13.717072 91.841919 215.858765
v 12.370480 91.657990 216.194702
v 12.458345 94.052811 214.940933
v 12.817559 94.058365 214.873810
v 11.827083 93.795509 215.186859
v 12.120512 93.963150 215.047714
v 13.781394 93.595047 214.940933
v 14.095125 92.360954 215.522812
v 13.946102 92.076134 215.696716
v 14.118670 93.002647 215.186859
v 13.991584 93.315781 215.047714
v 13.173675 93.979439 214.850906
v 13.502419 93.821411 214.873810
v 17.789619 92.877388 211.859375
v 15.851563 89.655579 216.607254
v 14.153985 92.676971 215.348907
v 14.144176 92.767433 215.303894
v 17.088131 89.333290 216.552689
v 18.166233 93.965904 213.964905
v 30.978226 84.806351 215.040710
v 33.317215 84.196724 214.937500
v 35.566010 81.384888 213.338623
v 35.605572 81.571411 213.149780
v 35.652863 81.774628 213.036270
v 35.479923 80.777596 213.860840
v 37.249279 81.228554 214.676941
v 35.933392 83.244972 210.858124
v 36.128574 83.835815 210.764633
v 36.096386 83.885498 210.806961
v 36.172314 84.271629 210.284637
v 35.577164 83.929779 211.935638
v 36.005737 83.454071 211.262589
v 36.098663 83.722649 211.782104
v 36.035889 83.811378 211.914795
v 36.099091 83.692078 211.965164
v 36.121700 83.789230 211.910889
v 36.102325 83.460533 213.351700
v 36.205421 84.031204 212.378952
v 35.313705 84.832169 213.441315
v 34.889214 85.748856 212.394562
v 34.140804 86.574554 213.560898
v 34.341747 86.522690 213.551773
v 34.509983 86.380455 213.367264
v 34.615097 86.047256 213.520706
v 36.218025 84.067642 212.449432
v 36.223881 84.098351 212.403793
v 36.360626 84.815895 211.337402
v 36.705853 85.813698 213.267487
v 34.206833 82.884422 215.456818
v 34.193897 83.607292 215.085419
v 36.166969 83.453972 214.811752
v 36.166969 83.453972 214.811752
v 35.930870 82.439445 215.378479
v 35.095146 85.141098 213.903305
v 36.466930 84.787041 213.840973
v 40.229111 78.470192 210.740311
v 40.507500 77.023499 211.774506
v 44.899139 256.424957 171.415054
v 44.688210 256.066620 171.931839
v 44.454773 255.948837 172.541443
v 44.234371 256.089508 173.151031
v 47.893826 256.273987 172.532639
v 47.682892 255.915619 173.049438
v 47.449459 255.797821 173.659027
v 47.229053 255.938507 174.268631
v 47.055237 256.316254 174.785416
v 45.055450 256.969299 171.069748
v 45.133350 257.616760 170.948486
v 45.020206 258.826080 171.415054
v 45.120972 258.268768 171.069748
v 44.060555 256.467224 173.667831
v 43.959789 257.024536 174.013138
v 43.958313 257.102264 174.027588
v 44.625988 259.344482 172.541443
v 44.025307 258.324005 174.013138
v 44.181622 258.868347 173.667831
v 44.392551 259.226685 173.151031
v 44.846394 259.203827 171.931839
v 48.050137 256.818329 172.187332
v 48.128036 257.465790 172.066071
v 48.115658 258.117798 172.187332
v 48.014893 258.675110 172.532639
v 47.841076 259.052856 173.049438
v 47.620674 259.193512 173.659027
v 43.950340 257.522278 174.105698
v 43.947411 257.676544 174.134399
v 46.954472 256.873566 175.130722
v 46.952999 256.951263 175.145172
v 46.945023 257.371307 175.223297
v 46.942097 257.525574 175.251984
v 47.019997 258.173035 175.130722
v 47.176308 258.717377 174.785416
v 47.387238 259.075714 174.268631
v -10.484152 207.114471 235.706268
v -10.538843 207.483887 236.254471
v -10.510343 207.628876 236.901108
v -10.402983 207.527344 237.547745
v 0.279548 171.551239 253.204178
v 0.284799 172.201782 253.074768
v 0.275113 170.999741 253.572693
v 0.272171 170.631241 254.124207
v 0.271168 170.501831 254.774780
v 0.272258 170.631241 255.425339
v 0.275274 170.999741 255.976852
v 0.279758 171.551239 256.345398
v 0.285026 172.201782 256.474792
v 1.047709 173.815445 250.670441
v 0.290067 172.852325 253.204178
v 1.088071 178.804916 250.992157
v 4.047611 173.791183 250.670258
v 4.087974 178.780655 250.991974
v 0.294551 173.403824 253.572693
v 0.297567 173.772324 254.124207
v 0.298657 173.901733 254.774780
v 0.297654 173.772324 255.425339
v 0.290277 172.852325 256.345398
v 0.294712 173.403824 255.976852
v 4.779401 171.514862 253.203888
v 4.784652 172.165405 253.074478
v 4.774966 170.963364 253.572403
v 4.772024 170.594864 254.123917
v 4.771021 170.465454 254.774475
v 4.772111 170.594864 255.425049
v 4.775127 170.963364 255.976562
v 4.779611 171.514862 256.345062
v 4.784879 172.165405 256.474457
v 4.789920 172.815948 253.203888
v 4.794404 173.367447 253.572403
v 4.797420 173.735947 254.123917
v 4.798510 173.865356 254.774475
v 4.797507 173.735947 255.425049
v 4.790131 172.815948 256.345062
v 4.794565 173.367447 255.976562
v 0.855910 170.760284 265.340576
v 0.338840 178.798523 263.617615
v 0.912756 178.033142 265.801910
v 2.351722 178.131119 265.487091
v 4.439997 175.781219 264.867798
v 4.838693 178.762146 263.617310
v 4.460930 178.274719 265.025635
v 0.344282 179.570679 251.642471
v 4.844135 179.534302 251.642166
v -0.030764 184.390015 266.426819
v 0.213000 184.841995 268.152008
v -6.288636 197.426926 238.334442
v -9.751648 204.824615 235.706268
v -9.581781 204.492050 236.254471
v -9.474422 204.390518 236.901108
v -9.445921 204.535507 237.547745
v -7.829909 201.193558 235.429810
v -3.448496 198.335464 238.005554
v -6.808074 196.947403 239.365341
v -2.547863 198.310196 238.871994
v -9.958164 205.337601 235.339981
v -10.169891 205.952911 235.211349
v -10.354595 206.576874 235.339981
v -9.500611 204.904922 238.095947
v -10.233115 207.194778 238.095947
v -5.491439 206.187424 235.212921
v -5.909682 207.315720 234.718002
v -6.094383 207.939667 234.846634
v -5.697955 206.700409 234.846634
v -5.554663 207.429291 238.097519
v -5.766390 208.044601 237.968887
v -6.223943 208.477280 235.212921
v -6.278633 208.846695 235.761124
v -6.142773 208.890152 237.054398
v -6.250133 208.991684 236.407761
v -5.972906 208.557587 237.602600
v -5.321572 205.854858 235.761124
v -5.214212 205.753326 236.407761
v -5.185711 205.898315 237.054398
v -5.240402 206.267731 237.602600
v -5.369959 206.805328 237.968887
v -9.814872 206.066483 238.590866
v -9.630172 205.442535 238.462234
v -9.673632 205.589355 238.492493
v -10.026600 206.681793 238.462234
v -5.054813 208.206421 248.006577
v -7.928197 203.952591 249.043808
v -7.796204 205.493240 250.097610
v -4.280368 206.312271 249.472397
v -3.667987 205.315384 248.550461
v -20.874889 235.592361 224.644852
v -20.446550 236.338928 226.226959
v -17.200851 224.094742 217.769623
v -19.754765 228.587173 214.966385
v -18.742123 227.861374 214.864990
v -15.901980 228.769913 214.536102
v -15.494557 229.949966 214.473038
v -17.001795 222.542892 222.042847
v -16.831926 222.210327 222.591049
v -16.724567 222.108795 223.237686
v -17.208309 223.055878 221.676559
v -17.420036 223.671173 221.547928
v -16.696066 222.253784 223.884323
v -16.880314 223.160797 224.798813
v -16.750757 222.623199 224.432526
v -17.065018 223.784760 224.927444
v -17.788988 225.202148 222.591049
v -17.760487 225.347137 223.237686
v -17.604740 224.295135 221.676559
v -17.734297 224.832733 222.042847
v -17.483261 224.913040 224.432526
v -17.276745 224.400055 224.798813
v -17.653128 225.245605 223.884323
v -12.741585 223.905685 221.549500
v -12.571718 223.573120 222.097702
v -12.464358 223.471588 222.744339
v -12.435858 223.616577 223.390976
v -12.490548 223.985992 223.939178
v -13.159828 225.033981 221.054581
v -12.948101 224.418671 221.183212
v -13.344533 225.657944 221.183212
v -13.375016 225.784439 221.269409
v -13.474090 226.195541 221.549500
v -13.528780 226.564957 222.097702
v -13.500279 226.709946 222.744339
v -13.392920 226.608414 223.390976
v -13.016537 225.762863 224.305466
v -13.223052 226.275848 223.939178
v -12.620105 224.523590 224.305466
v -12.804809 225.147552 224.434097
v -16.614681 236.955154 224.151505
v -16.959747 237.323715 225.473572
v -30.000000 257.578827 209.788101
v -30.000000 258.678009 211.213501
v -10.405605 221.293488 237.878891
v 37.334373 253.636230 191.308716
v 37.999142 253.971695 189.572739
v 37.788212 253.613342 190.089523
v 38.155457 254.516037 189.227432
v 37.554775 253.495544 190.699127
v 38.233356 255.163498 189.106171
v 38.220978 255.815506 189.227432
v 38.120213 256.372803 189.572739
v 37.160557 254.013977 191.825516
v 37.059792 254.571274 192.170822
v 37.047413 255.223282 192.292084
v 37.281624 256.415100 191.825516
v 37.125313 255.870743 192.170822
v 30.774733 250.373886 208.445084
v 37.946396 256.750549 190.089523
v 37.725990 256.891235 190.699127
v 37.492558 256.773407 191.308716
v 32.161327 257.621338 205.708771
v 36.192310 256.961731 203.980804
v 40.993832 253.820694 190.690323
v 40.782898 253.462341 191.207123
v 40.329060 253.485229 192.426315
v 40.549465 253.344543 191.816711
v 40.155247 253.862976 192.943100
v 40.054482 254.420273 193.288406
v 40.042103 255.072281 193.409668
v 40.276314 256.264099 192.943100
v 40.120003 255.719742 193.288406
v 41.150143 254.365036 190.345016
v 41.228043 255.012497 190.223755
v 41.215664 255.664505 190.345016
v 41.114899 256.221832 190.690323
v 40.941082 256.599579 191.207123
v 40.487244 256.622437 192.426315
v 40.720680 256.740234 191.816711
v 32.795517 256.442596 210.032913
v 33.769424 250.222885 209.562668
v 33.916859 256.161407 209.969955
v 33.769424 255.717407 210.305023
v 29.726475 257.212189 210.205261
v 30.000000 258.678009 211.213501
v 30.774733 257.133636 209.358383
v 32.640976 258.207733 210.212677
v 34.164532 257.956940 209.548874
v 33.769424 257.816467 210.588623
v 33.769424 258.150848 210.633804
v 97.254471 87.696289 119.525551
v 97.081223 88.336098 119.550064
v 92.554955 84.454842 119.753891
v 92.452591 85.427231 120.532646
v 92.838768 84.359657 124.243927
v 92.641800 85.363770 123.525993
v 97.365036 88.240913 124.040100
v 102.496292 72.624954 118.295044
v 104.064003 71.788498 118.582497
v 97.659035 87.171921 119.488861
v 98.233322 86.842834 119.445580
v 98.889900 86.759125 119.402306
v 99.528809 86.933533 119.365616
v 100.052795 87.339516 119.341103
v 100.382065 87.915260 119.332489
v 100.466507 88.573112 119.341103
v 103.105080 78.791298 118.966949
v 105.326500 78.285599 119.378517
v 107.102478 81.590286 119.337463
v 97.942848 87.076736 123.978897
v 98.517136 86.747643 123.935616
v 97.538284 87.601097 124.015579
v 99.173714 86.663933 123.892342
v 99.812630 86.838348 123.855652
v 100.336609 87.244331 123.831139
v 100.665878 87.820068 123.822525
v 100.750320 88.477928 123.831139
v 103.388893 78.696114 123.456985
v 104.718216 78.398216 123.018822
v 105.816521 80.441383 122.991913
v 97.165665 88.993958 119.558670
v 97.494934 89.569695 119.550064
v 97.449478 88.898766 124.048706
v 98.018913 89.975677 119.525543
v 98.657829 90.150093 119.488861
v 99.314407 90.066383 119.445580
v 99.888695 89.737289 119.402306
v 100.293259 89.212929 119.365616
v 105.432533 101.678055 119.305008
v 106.006821 101.348969 119.261726
v 106.663399 101.265259 119.218452
v 107.302307 101.439667 119.181763
v 97.778748 89.474510 124.040100
v 98.302734 89.880493 124.015579
v 98.941643 90.054901 123.978897
v 99.598221 89.971191 123.935616
v 100.172508 89.642105 123.892342
v 100.577072 89.117737 123.855652
v 105.716347 101.582870 123.795044
v 106.290634 101.253777 123.751762
v 106.947212 101.170067 123.708488
v 104.854721 102.842232 119.366211
v 105.027969 102.202423 119.341698
v 104.939163 103.500092 119.374817
v 105.268433 104.075829 119.366211
v 105.792412 104.481812 119.341698
v 106.431328 104.656227 119.305008
v 107.087906 104.572517 119.261726
v 106.436195 110.358635 119.425583
v 103.216629 105.514023 120.278053
v 105.311783 102.107231 123.831726
v 105.138535 102.747047 123.856247
v 105.222977 103.404900 123.864853
v 105.552246 103.980644 123.856247
v 106.076233 104.386627 123.831726
v 106.715141 104.561035 123.795044
v 105.578140 109.920853 120.222206
v 105.767349 109.857391 123.215553
v 106.720009 110.263451 123.915619
v 115.290085 96.825516 119.148170
v 110.887283 89.874474 122.867668
v 107.586128 101.344482 123.671799
v 107.826294 101.845650 119.157249
v 108.155563 102.421394 119.148636
v 108.240005 103.079247 119.157249
v 107.662193 104.243423 119.218452
v 108.066757 103.719063 119.181763
v 116.986320 104.695091 118.638641
v 108.110107 101.750465 123.647285
v 108.439377 102.326202 123.638672
v 108.523819 102.984062 123.647285
v 107.371719 104.477325 123.751762
v 107.946007 104.148239 123.708488
v 108.350571 103.623871 123.671799
v 118.667358 103.109840 119.070091
v 121.614029 108.226738 117.935005
v 123.343498 107.765999 118.126503
v 117.270134 104.599907 123.128677
v 118.277550 103.622536 122.686600
v 100.801453 89.714760 177.320984
v 101.666191 90.386749 176.771896
v 102.427498 89.029503 177.676498
v 102.427498 89.029503 177.676498
v 123.195396 153.044250 119.607040
v 124.832611 149.618103 118.852158
v 124.850494 150.080078 118.811684
v 125.123123 149.591827 118.680672
v 119.113190 150.135254 122.228264
v 120.340210 150.268097 124.286598
v 123.067848 149.777664 119.893875
v 122.991959 150.028320 122.721306
v 124.757385 149.868683 121.679192
v 126.350143 149.724670 120.739006
v 122.903557 155.024338 119.653236
v 123.279892 155.208084 119.417038
v 123.279900 155.208313 119.417023
v 123.374245 157.624542 119.204849
v 123.456528 159.731796 119.019814
v 125.193161 158.932510 118.036140
v 125.193169 158.932541 118.036140
v 125.206390 159.274277 118.006203
v 125.217941 159.572540 117.980072
v 125.508453 159.546265 117.808586
v 120.751373 154.087265 120.996674
v 120.595779 154.410049 121.068596
v 120.516106 154.765884 121.093132
v 120.759201 155.787933 120.882263
v 120.517784 155.130539 121.068596
v 120.540817 155.227371 121.048615
v 120.600700 155.479141 120.996674
v 120.644730 155.564911 120.964890
v 120.972282 153.819534 120.882263
v 121.243454 153.625107 120.733154
v 121.546410 153.517227 120.559517
v 121.860504 153.503235 120.373184
v 120.982483 156.035889 120.733154
v 121.255333 156.206100 120.559517
v 121.873253 156.272995 120.186844
v 121.559158 156.286972 120.373184
v 121.978394 154.220078 123.055008
v 121.822800 154.542862 123.126930
v 121.743126 154.898697 123.151466
v 121.744804 155.263351 123.126930
v 121.827721 155.611954 123.055008
v 121.986221 155.920746 122.940598
v 119.498520 160.089691 121.356178
v 120.725540 160.222534 123.414513
v 122.164330 153.584106 120.186852
v 122.361389 153.707047 120.061440
v 122.598442 153.933411 119.905525
v 122.437180 153.754333 120.013214
v 122.660461 154.002289 119.864105
v 123.194160 154.026627 120.837624
v 123.197571 154.060425 120.765114
v 122.818962 154.311081 119.749695
v 122.901878 154.659683 119.677773
v 123.236526 154.695908 120.239143
v 123.212204 154.299194 120.567482
v 123.224174 154.460007 120.364166
v 123.174736 153.834167 121.250473
v 123.172325 153.819153 121.312630
v 123.151703 153.690994 121.843178
v 122.176208 156.165115 120.013206
v 122.447380 155.970688 119.864105
v 122.508743 155.896317 119.832321
v 122.668289 155.702957 119.749695
v 122.711510 155.613281 119.729713
v 122.823883 155.380173 119.677773
v 123.249985 155.061829 120.234375
v 123.256004 155.438263 120.490143
v 123.259079 155.572281 120.549973
v 123.259834 155.808105 120.810387
v 123.260368 155.767044 120.742912
v 123.256958 156.029297 121.173935
v 123.256584 156.058273 121.221542
v 123.247009 156.281021 121.809494
v 122.199303 153.952347 122.940598
v 122.470474 153.757919 122.791489
v 122.773430 153.650040 122.617851
v 123.087524 153.636063 122.431519
v 123.133301 153.648254 122.403442
v 122.482353 156.338928 122.617851
v 122.209503 156.168701 122.791489
v 122.786179 156.419800 122.431519
v 123.100273 156.405807 122.245186
v 123.239044 156.356384 122.165649
v 125.039001 157.143875 121.041832
v 126.735474 159.679108 119.866920
v 123.380630 159.982452 121.847244
v 125.142715 159.823120 120.807106
v 109.661163 122.456688 174.841812
v 108.591240 122.584511 176.187317
v 107.846420 122.673485 177.123978
v 109.474365 122.238548 176.922440
v 108.729553 122.327522 177.859085
v 110.080879 122.406548 174.313995
v 110.303398 122.285576 174.758667
v 110.839874 122.075417 175.205215
v 111.478012 121.859230 175.476974
v 110.794510 121.721390 178.021317
v 112.741653 121.277130 177.197159
v 112.888496 121.306679 176.651047
v 113.061440 121.238930 176.795013
v 110.550980 132.220123 178.367691
v 111.295799 132.131149 177.431030
v 111.683952 131.979095 177.754135
v 112.178925 131.785187 178.166153
v 112.785439 131.953201 175.557709
v 112.730125 131.769958 177.084442
v 113.311150 131.649933 176.742294
v 114.194496 131.401215 176.730606
v 115.593056 130.853348 177.894775
v 115.765999 130.785599 178.038727
v 115.446213 130.823792 178.440872
v 111.434113 131.874176 179.102798
v 113.510994 131.263367 179.274963
v 121.515984 162.440567 186.834442
v 123.261002 162.568497 187.257004
v 58.247028 160.965179 242.095001
v 57.916111 162.131012 242.568588
v 58.052422 161.493637 242.445511
v 57.858845 162.780273 242.445511
v 57.960411 165.788925 240.757675
v 57.889336 163.342590 242.095001
v 58.002945 163.732346 241.570450
v 58.182373 163.890198 240.951691
v 57.929920 165.226608 241.108170
v 57.816311 164.836853 241.632736
v 57.770306 164.796371 241.791397
v 57.828632 164.879120 241.575851
v 57.636887 164.679001 242.251480
v 57.195683 165.116135 243.394806
v 57.418949 164.777069 242.870239
v 57.001083 165.644592 243.745300
v 62.365971 149.844849 234.646530
v 61.083958 152.773758 237.208725
v 60.970345 152.384003 237.733292
v 60.790916 152.226151 238.352051
v 63.615280 150.318054 234.834412
v 64.274033 152.343048 235.785950
v 64.743912 150.487854 235.205017
v 65.939980 150.382568 235.820114
v 60.402958 147.078857 241.891922
v 60.572983 152.324219 238.970795
v 60.349716 152.663284 239.495361
v 60.155117 153.191742 239.845856
v 63.976967 147.616577 243.065506
v 64.364922 152.763870 239.525635
v 64.146988 152.861938 240.144394
v 63.923721 153.201004 240.668961
v 64.544350 152.921722 238.906891
v 60.726265 155.151169 237.208725
v 60.503002 155.490234 237.733292
v 60.285065 155.588303 238.352051
v 60.063095 157.487030 238.158066
v 60.005821 158.136292 238.034988
v 59.869511 158.773666 238.158066
v 61.114445 153.336075 236.858231
v 61.057178 153.985336 236.735153
v 60.920868 154.622711 236.858231
v 64.300270 155.688889 238.382324
v 64.657959 153.311478 238.382324
v 64.688454 153.873795 238.031830
v 64.631180 154.523056 237.908752
v 64.494873 155.160431 238.031830
v 60.018806 153.829117 239.968933
v 59.961536 154.478378 239.845856
v 60.105637 155.430450 238.970795
v 59.992027 155.040695 239.495361
v 59.739563 156.377106 239.651886
v 59.872986 156.494476 239.191788
v 59.521629 156.475174 240.270630
v 59.298363 156.814240 240.795197
v 59.451649 159.641190 239.033127
v 59.233711 159.739258 239.651886
v 59.054283 159.581406 240.270630
v 58.940674 159.191650 240.795197
v 60.032604 156.924713 238.508560
v 59.918991 156.534958 239.033127
v 59.674911 159.302124 238.508560
v 59.103764 157.342697 241.145691
v 58.967453 157.980072 241.268768
v 58.910183 158.629333 241.145691
v 63.095634 157.012894 241.444229
v 62.872368 157.351959 241.968796
v 62.677769 157.880417 242.319290
v 62.514679 159.729370 241.968796
v 62.541458 158.517792 242.442368
v 62.484188 159.167053 242.319290
v 58.867653 160.685898 240.332932
v 58.821648 160.645416 240.491577
v 58.981262 161.075653 239.808365
v 58.818176 162.924606 239.457870
v 59.011757 161.637970 239.457870
v 58.954487 162.287231 239.334793
v 58.688225 160.528046 240.951691
v 58.470287 160.626114 241.570450
v 58.623573 163.453064 239.808380
v 58.400311 163.792130 240.332932
v 63.025654 160.178909 240.206726
v 62.807720 160.276978 240.825470
v 62.528488 162.824951 240.508377
v 62.585758 162.175690 240.631454
v 61.821030 161.502899 243.268585
v 62.441658 161.223618 241.506516
v 62.262226 161.065765 242.125275
v 62.425842 161.209702 241.561066
v 62.628288 160.119125 241.444229
v 62.044289 161.163834 242.744034
v 62.555264 161.613373 240.981964
v 62.392178 163.462326 240.631454
v 61.756378 164.427917 242.125275
v 61.576946 164.270065 242.744034
v 61.463337 163.880310 243.268585
v 61.390312 165.374573 242.806335
v 61.503925 165.764328 242.281769
v 61.402634 165.416840 242.749435
v 62.197575 163.990784 240.981964
v 61.974312 164.329849 241.506516
v 60.575085 166.182312 244.918900
v 61.626423 162.031357 243.619095
v 61.490112 162.668732 243.742172
v 61.432846 163.317993 243.619095
v 61.210884 165.216721 243.425079
v 60.992950 165.314789 244.043839
v 60.769684 165.653854 244.568405
v 64.077003 156.027954 238.906891
v 63.859074 156.126022 239.525635
v 63.566032 155.578415 240.668961
v 63.679642 155.968170 240.144394
v 63.729122 153.729462 241.019455
v 63.592812 154.366837 241.142532
v 63.535542 155.016098 241.019455
v 63.606609 157.462433 239.682159
v 63.637096 158.024750 239.331665
v 63.492996 157.072678 240.206726
v 63.313572 156.914825 240.825470
v 63.461582 157.045044 240.315063
v 63.579830 158.674011 239.208588
v 63.443520 159.311386 239.331665
v 63.248917 159.839844 239.682159
v 56.913666 159.322083 255.003189
v 54.425186 164.521271 256.313812
v 59.493530 144.510284 250.047638
v 60.471394 144.657394 250.368744
v 60.644424 144.699570 250.369446
v 62.055000 143.024994 251.589005
v 61.563717 143.781647 250.031403
v 59.922150 146.921356 251.084213
v 55.427742 252.722961 136.801575
v 55.825230 252.009781 137.748077
v 55.534546 253.835388 141.160583
v 55.896427 252.751419 140.654083
v 60.118408 249.503189 138.282593
v 60.715210 251.889404 136.884750
v 60.399441 252.456421 136.747787
v 60.330849 253.096085 136.586212
v 60.519886 253.711014 136.424652
v 61.230095 251.481369 136.976273
v 62.525261 251.357025 136.976273
v 63.108372 251.659653 136.884750
v 61.865700 251.294418 137.008408
v 60.937767 254.207596 136.287689
v 61.520878 254.510208 136.196167
v 62.180439 254.572830 136.164032
v 62.816044 254.385880 136.196167
v 63.526253 252.156235 136.747787
v 63.715290 252.771164 136.586212
v 63.330929 253.977844 136.287689
v 63.646698 253.410828 136.424652
v 60.506241 253.568863 141.106796
v 60.437649 254.208527 140.945221
v 60.626686 254.823456 140.783661
v 60.822010 253.001846 141.243759
v 61.336895 252.593811 141.335281
v 61.972500 252.406860 141.367416
v 62.632061 252.469467 141.335281
v 61.044567 255.320023 140.646683
v 61.627678 255.622650 140.555176
v 62.287239 255.685257 140.523026
v 62.922844 255.498322 140.555176
v 63.215172 252.772095 141.243759
v 63.633053 253.268661 141.106781
v 63.753498 254.523270 140.783661
v 63.822090 253.883606 140.945221
v 63.437729 255.090271 140.646683
v 59.506020 260.589294 132.837265
v 62.500710 260.438293 133.954849
v 62.485565 262.140045 134.225357
v 62.495415 262.288269 134.218979
v 62.497765 262.323608 134.217468
v 62.500710 262.367950 134.215561
v 60.126125 260.331573 134.744690
v 61.747604 260.337128 134.703552
v 62.220764 260.338745 134.691544
v 60.758751 262.295532 138.873505
v 59.332222 267.708435 131.924484
v 59.506020 267.238953 133.735687
v 59.694057 267.174652 133.798462
v 60.000000 269.344513 132.266998
v 62.009136 263.125702 134.131134
v 62.500710 263.690063 134.394196
v 60.908092 268.446564 134.431641
v 61.634750 263.325043 136.665283
v 62.500710 265.455231 134.632675
v 61.678986 263.785767 138.470642
v 60.759735 265.602539 139.317673
v 62.758144 264.745392 137.833969
v 60.769882 268.209015 136.189941
v 62.500710 267.467499 134.904556
v 62.500710 268.366272 135.025986
v 61.202858 267.570404 138.396164
v 63.689182 264.864929 134.206146
v 59.142487 259.678131 139.581085
v 60.374599 259.682343 139.549820
v 71.758232 242.707260 139.731750
v 76.051414 240.200699 140.266266
v 77.027748 240.111786 139.490784
v 76.122612 240.942337 143.172272
v 77.134544 241.224213 143.849792
v 84.294464 230.042374 134.197754
v 86.999985 226.294022 132.292480
v 85.348846 229.412216 136.934753
v 85.637955 230.230957 137.833939
v 84.056381 231.176208 133.728439
v 72.811211 244.827148 138.390717
v 72.426849 246.033829 138.092178
v 72.615891 246.648758 137.930603
v 72.495438 245.394165 138.253738
v 73.326096 244.419113 138.482224
v 73.961700 244.232162 138.514359
v 74.621262 244.294769 138.482224
v 75.204369 244.597397 138.390701
v 73.033775 247.145340 137.793640
v 73.616882 247.447968 137.702118
v 74.276443 247.510574 137.669983
v 74.912048 247.323624 137.702118
v 75.426933 246.915588 137.793640
v 75.622253 245.093979 138.253738
v 75.811295 245.708908 138.092178
v 75.742706 246.348572 137.930603
v 72.918007 245.939590 142.749710
v 72.602234 246.506607 142.612747
v 72.533646 247.146271 142.451172
v 72.722687 247.761200 142.289612
v 73.432892 245.531555 142.841232
v 74.068497 245.344604 142.873367
v 74.728058 245.407211 142.841232
v 75.311165 245.709839 142.749710
v 73.140572 248.257782 142.152649
v 73.723679 248.560410 142.061127
v 74.383240 248.623016 142.028992
v 75.018845 248.436066 142.061127
v 75.729050 246.206421 142.612747
v 75.918091 246.821350 142.451172
v 75.849503 247.461014 142.289612
v 75.533730 248.028030 142.152649
v 74.042313 258.178711 139.228378
v 78.336899 256.338715 136.028534
v 82.321533 254.019318 136.524277
v 83.172188 250.062164 136.800842
v 84.046089 253.015472 136.738846
v 83.278984 251.174591 141.159851
v 83.720779 252.546463 140.424377
v 106.782730 199.690063 117.724213
v 106.155060 199.755692 118.803192
v 107.209442 199.125534 121.540192
v 103.218094 207.832657 120.972160
v 104.237030 207.223679 120.439415
v 103.661179 207.417084 120.705788
v 104.858002 207.281876 120.213600
v 102.975227 208.407120 121.197983
v 102.969574 209.053009 121.348869
v 103.201973 209.671997 121.401848
v 103.637070 210.169861 121.348869
v 104.208595 210.470795 121.197983
v 104.829567 210.528992 120.972160
v 105.429535 207.582809 120.062714
v 105.864624 208.080673 120.009727
v 105.818611 206.278442 124.544922
v 106.439575 206.336639 124.319099
v 107.011108 206.637573 124.168213
v 106.091370 209.345551 120.213600
v 105.405426 210.335587 120.705795
v 105.848511 209.920013 120.439423
v 106.097031 208.699661 120.062714
v 104.799667 206.887421 125.077660
v 104.556808 207.461884 125.303482
v 104.551147 208.107773 125.454369
v 104.783554 208.726761 125.507355
v 105.242752 206.471848 124.811287
v 105.218643 209.224625 125.454369
v 105.790176 209.525558 125.303482
v 106.411140 209.583755 125.077667
v 106.987000 209.390350 124.811295
v 108.364304 198.744812 121.829712
v 115.950623 207.221161 115.926376
v 115.526634 212.968521 118.177773
v 107.446198 207.135437 124.115234
v 107.678604 207.754425 124.168213
v 107.672943 208.400314 124.319099
v 107.430084 208.974777 124.544922
v 125.208862 200.213257 109.756355
v 126.939003 200.651993 109.988998
v 118.379631 207.626053 119.611847
v 118.044640 209.482315 116.405449
v 117.532196 206.275909 120.031876
v 96.956375 200.204315 188.336487
v 93.324799 209.817108 188.743866
v 96.549248 206.487305 188.818192
v 96.786186 205.849426 188.568909
v 96.629532 206.165298 188.665131
v 97.008537 205.561234 188.536087
v 97.281441 205.320374 188.568909
v 98.161804 201.332733 186.594757
v 97.586288 205.143234 188.665131
v 97.902321 205.041885 188.818192
v 91.510269 224.855911 129.401794
v 92.131233 224.914108 129.175964
v 92.702766 225.215042 129.025085
v 93.137848 225.712906 128.972107
v 93.370255 226.331894 129.025085
v 93.364601 226.977783 129.175980
v 93.121742 227.552246 129.401794
v 106.775436 223.690857 127.782852
v 92.515984 224.104080 133.773651
v 90.491318 225.464890 129.934525
v 90.934410 225.049316 129.668152
v 90.248459 226.039337 130.160355
v 90.242805 226.685242 130.311234
v 90.475212 227.304230 130.364227
v 91.830040 225.094116 134.265854
v 91.824379 225.740005 134.416733
v 92.072891 224.519653 134.040039
v 92.056793 226.358994 134.469727
v 92.491875 226.856857 134.416748
v 90.910294 227.802094 130.311234
v 91.481827 228.103027 130.160355
v 92.102791 228.161224 129.934540
v 93.091850 223.910675 133.507294
v 93.712807 223.968872 133.281479
v 93.063408 227.157791 134.265854
v 93.684372 227.215988 134.040039
v 94.284340 224.269806 133.130585
v 94.719429 224.767670 133.077606
v 94.951836 225.386658 133.130585
v 94.260231 227.022583 133.773666
v 94.703323 226.607010 133.507294
v 94.946182 226.032562 133.281479
v 92.678650 227.967819 129.668167
v 93.224274 238.707306 131.930618
v 96.112549 239.847488 131.842560
v 94.805847 237.762054 136.036118
v 96.067360 238.515060 135.322845
v 97.764862 237.559860 130.679565
v 88.768013 250.560043 135.667358
v 90.000000 251.828995 136.001999
v 57.903141 166.438187 240.634598
v 57.766830 167.075562 240.757675
v 56.837994 167.493546 243.394806
v 56.951603 167.883301 242.870239
v 57.572231 167.604019 241.108170
v 57.348969 167.943085 241.632736
v 57.131031 168.041153 242.251495
v 56.733768 172.082062 241.609818
v 58.077057 172.184235 241.681519
v 56.864773 166.281967 243.868378
v 56.807503 166.931229 243.745300
v 59.205688 172.354034 242.052124
v 60.307774 172.619781 242.783401
v 61.340832 167.613281 241.931274
v 61.534412 166.326645 241.931274
v 61.477142 166.975906 241.808197
v 61.146233 168.141739 242.281769
v 60.922966 168.480804 242.806335
v 60.438774 166.819687 245.041977
v 60.381504 167.468948 244.918900
v 60.705032 168.578873 243.425095
v 60.411995 168.031265 244.568405
v 60.525604 168.421021 244.043839
v 54.770756 169.316071 248.855209
v 53.955307 166.376465 256.894745
v 55.083939 166.546265 257.265350
v 55.462055 167.552399 257.566681
v 55.797001 167.733002 259.325989
v 58.344761 169.853790 250.028793
v 73.967346 246.118286 207.720901
v 75.000000 247.220993 208.699493
v 95.580757 204.721008 190.310638
v 95.803108 204.432816 190.277817
v 96.076012 204.191956 190.310638
v 96.380859 204.014816 190.406860
v 96.696892 203.913483 190.559937
v 97.002563 203.894882 190.759415
v 97.277039 203.960236 190.991714
v 97.501610 204.105118 191.240997
v 92.119370 208.688690 190.485596
v 95.343826 205.358902 190.559937
v 95.345398 205.665146 190.759415
v 95.424103 205.036880 190.406860
v 95.428719 205.934708 190.991714
v 95.588089 206.149231 191.240997
v 96.550827 206.793549 189.017685
v 96.634140 207.063110 189.249969
v 96.793518 207.277634 189.499268
v 97.018082 207.422516 189.748550
v 97.292564 207.487885 189.980850
v 95.812660 206.294113 191.490295
v 96.087135 206.359467 191.722580
v 96.392807 206.340866 191.922073
v 96.708832 206.239517 192.075134
v 97.508934 205.533340 192.171356
v 97.013687 206.062393 192.171356
v 97.286583 205.821518 192.204178
v 97.227287 207.630432 193.335068
v 96.222969 210.800018 191.386414
v 95.895409 209.969330 193.928589
v 97.251549 210.497757 194.894699
v 97.660980 204.319641 191.490280
v 97.744293 204.589203 191.722580
v 99.329720 203.938354 192.398148
v 99.207062 204.153748 192.452805
v 100.727699 201.483353 191.775177
v 101.055252 202.314041 189.233002
v 102.386795 202.765640 190.447098
v 101.368561 204.551682 190.899506
v 102.088554 202.013382 192.745590
v 103.179245 203.034393 191.169647
v 98.207985 205.023285 189.017670
v 98.482460 205.088638 189.249969
v 98.707031 205.233521 189.499252
v 97.598228 207.469269 190.180328
v 97.914261 207.367935 190.333405
v 97.954590 207.759109 190.614746
v 98.403809 206.867371 190.589890
v 98.219109 207.190796 190.429611
v 98.337936 207.085922 190.443909
v 98.332161 207.096054 190.446472
v 98.559135 206.516434 190.653900
v 98.866409 205.448059 189.748550
v 98.949722 205.717621 189.980850
v 98.951218 206.008942 190.170609
v 98.941437 206.014618 190.194580
v 98.742508 206.225571 190.519073
v 97.745872 204.895447 191.922073
v 97.665596 205.217468 192.075134
v 97.549789 211.250015 192.596207
v 98.197403 210.114059 192.308456
v 98.342239 211.518768 193.318756
v 41.448650 77.762169 211.201263
v 44.844204 64.026543 166.079590
v 43.142620 67.452003 164.908783
v 39.747066 81.187630 210.030457
v 37.659603 75.969093 211.461975
v 41.055157 62.233459 166.340302
v 39.353573 65.658928 165.169495
v 35.958019 79.394554 210.291168
v 19.617001 42.842999 142.132507
v 40.507500 77.023499 211.774506
v 43.960499 63.055500 165.889496
v 18.851290 44.384460 141.605637
v 39.741787 78.564957 211.247635
v 43.194786 64.596962 165.362625
v 37.445217 81.435486 206.117935
v 47.877514 79.497993 207.104431
v 45.714214 85.999802 205.465302
v 36.757458 83.959885 216.254868
v 43.425591 88.530365 209.211914
v 40.249077 85.866287 216.672287
v 42.868244 85.036812 215.304901
v 39.609062 82.153427 210.447052
v 46.208443 85.266617 213.116241
v 39.054413 89.078812 211.993347
v 48.497066 82.736053 209.369629
v 39.467140 81.921715 209.977341
v 42.986134 81.177635 209.924744
v 37.174118 82.430550 210.113693
v 36.927662 83.335152 213.746201
v 39.520966 81.983353 210.287354
v 41.863396 83.014221 212.910751
v 39.388824 82.784492 213.580643
v 42.418373 81.431244 210.501755
v 40.558926 81.785568 210.364151
v 37.305202 84.204857 213.107620
v 39.586235 82.091988 210.492981
v 39.719986 82.051407 210.477844
v -1.477592 180.749069 261.730957
v 1.553787 188.843231 256.764191
v 5.891655 186.278244 257.513397
v 3.233020 190.901337 262.117615
v 7.615172 182.800751 258.742920
v 8.527137 182.174072 265.701050
v 9.222989 185.512909 263.611084
v 5.560134 189.525299 262.519531
v 6.970024 189.479172 262.228394
v 2.632155 192.044159 261.479187
v 64.259689 242.100357 206.267426
v 64.542671 241.381561 206.690674
v 66.019844 248.488083 208.663025
v 65.338058 245.301285 210.982422
v 65.621040 244.582489 211.405670
v 72.604851 241.719528 203.715805
v 68.549019 242.063629 212.446014
v 69.693291 244.188599 198.205048
v 72.499031 249.185165 199.100677
v 75.905632 247.169144 199.675797
v 0.203407 182.035294 260.213989
v -28.468323 252.104660 206.180099
v -22.760498 253.569290 205.050674
v 5.911231 183.499924 259.084534
v 0.203407 186.309952 265.757202
v -28.468323 256.379303 211.723312
v -22.760498 257.843933 210.593887
v 5.911231 187.774582 264.627747
v 1.824272 143.483032 257.945831
v 1.965466 94.736404 209.826889
v 7.758703 142.870361 258.583893
v 0.792331 138.617676 262.871613
v 6.726762 138.005005 263.509674
v 7.892384 96.717484 213.025345
v 6.490651 94.269211 210.313461
v 7.377922 96.853142 213.051559
v 5.874407 90.670563 216.577484
v 6.864621 90.409454 216.527023
v 0.929292 91.332214 216.195023
v 5.681273 90.107506 215.980881
v 1.430886 92.215988 212.378601
v 1.328549 93.602196 214.661392
v 5.906063 91.561707 213.054565
v 6.204971 92.328445 214.450790
v -1.088079 142.799622 257.441620
v -0.763941 182.868652 260.025421
v 5.092616 182.905334 258.721832
v 4.768478 142.836304 256.138031
v 0.432351 142.347687 264.259552
v 0.756489 182.416718 266.843353
v 6.613046 182.453400 265.539764
v 6.288908 142.384369 262.955963
v 60.173695 147.414917 244.655045
v 55.090397 167.484955 250.939713
v 49.271297 166.023254 250.900894
v 54.354595 145.953217 244.616226
v 60.627010 145.432312 251.353104
v 55.543713 165.502350 257.637756
v 49.724613 164.040649 257.598938
v 54.807911 143.970612 251.314285
v 118.895309 198.164429 110.021461
v 84.661819 245.593079 134.129211
v 84.886917 243.006195 139.538208
v 119.120407 195.577545 115.430458
v 90.542648 249.107788 135.565399
v 90.767746 246.520905 140.974396
v 125.001236 199.092255 116.866661
v 124.358841 202.257278 111.751534
v 122.847557 202.936508 112.139267
v 124.483383 201.970963 111.942245
v 124.486664 201.970413 111.930138
v 124.958344 199.585190 115.835960
v 124.596786 200.135208 115.970428
v 123.883202 201.971588 114.398323
v 121.648338 199.809784 110.693802
v 122.321533 201.778473 111.607315
v 122.445480 201.789093 111.607239
v 124.561569 199.188599 116.052795
v 123.225655 201.882507 112.856926
v 124.475273 201.970169 111.938004
v 98.168716 77.777618 118.066673
v 115.086700 109.348297 117.666527
v 114.273331 109.859222 123.589149
v 97.355347 78.288544 123.989296
v 104.265366 74.524734 119.184563
v 120.369980 106.606339 124.707039
v 103.451996 75.035660 125.107185
v 119.862740 103.631020 118.815651
v 119.919456 105.068092 122.687996
v 120.768806 106.355812 121.802925
v 119.999611 105.237663 122.744278
v 117.587067 108.014221 118.124992
v 116.681427 103.722961 118.370819
v 120.748779 106.366684 121.813683
v 120.028664 106.757767 122.223221
v 58.140999 261.134735 132.084656
v 83.847816 246.125763 135.285156
v 82.830788 245.640503 141.178375
v 57.123970 260.649445 137.977875
v 61.527237 267.165070 133.165588
v 87.234062 252.156097 136.366089
v 86.217033 251.670837 142.259308
v 60.510208 266.679779 139.058807
v 6.356445 139.550385 254.995544
v 6.877846 140.267685 255.354889
v 4.059492 134.431458 259.257080
v 7.551110 136.337860 259.674500
v 8.072511 137.055161 260.033844
v 8.382979 140.379318 262.236908
v -1.758118 144.103790 258.954132
v 28.549780 254.373322 204.872635
v 27.542379 251.159378 215.649750
v 36.677711 249.122742 207.808350
v 30.201017 246.536285 211.045532
v 31.279385 249.737213 215.760529
v 37.756081 252.323669 212.523346
v 38.437859 255.510468 210.203949
v 115.723770 109.068085 117.085197
v 115.073593 111.305061 126.285774
v 119.656502 105.954216 126.211884
v 120.451088 109.605240 127.639709
v 122.359550 113.784431 124.839203
v 116.752914 117.124794 122.184479
v 121.350151 112.865822 123.563980
v 121.946220 114.638649 123.157913
v 119.386780 113.281273 119.915604
v 122.515831 116.400993 122.765137
v 121.012398 116.971039 122.311447
v 121.455704 115.703125 123.317101
v 94.252762 88.489944 181.566574
v 96.589645 92.580406 173.914780
v 92.089470 94.991753 179.927444
v 94.872314 91.728004 183.831772
v 99.875931 97.691032 169.555084
v 104.458839 92.340187 169.481186
v 105.253426 95.991211 170.909012
v 99.213730 93.847359 177.864792
v 99.196724 93.860336 177.852585
v 99.322945 93.875977 177.755997
v 103.603264 95.313538 172.963196
v 103.390526 95.473167 172.815002
v 99.424217 93.913902 177.636047
v 99.426826 93.598404 178.162155
v 98.432739 90.914055 177.462570
v 98.397934 90.900833 177.503708
v 98.336205 90.830605 177.529938
v 98.352989 90.865120 177.538193
v 102.502167 92.215233 172.410233
v 102.441376 92.087250 172.377365
v 98.856819 91.982452 177.867157
v 116.687248 160.745346 177.209518
v 116.766129 162.754913 176.996796
v 115.469536 162.849747 187.024750
v 122.480904 160.536209 177.382233
v 122.559784 162.545776 177.169510
v 122.636429 166.131546 178.940491
v 122.293884 157.404984 179.864258
v 120.729889 158.652802 181.505295
v 121.168938 158.302521 181.044617
v 121.025787 158.383759 180.946320
v 120.799965 158.589554 181.376404
v 121.166229 158.884750 181.011078
v 120.838089 158.704910 181.383072
v 60.127052 139.688110 240.072128
v 59.569706 136.194565 246.165115
v 62.909904 136.424362 243.976456
v 52.720478 139.381714 250.231323
v 51.525814 142.594238 245.552383
v 59.348858 147.431198 245.749298
v 53.030949 142.705872 252.434387
v 2.000476 140.013535 256.425720
v 3.195141 136.801010 261.104675
v 3.505610 140.125168 263.307739
v 57.597851 139.635864 249.160492
v 56.403187 142.848389 244.481552
v 57.908321 142.960022 251.363556
v 1.848094 137.844910 262.165344
v 5.339712 139.751312 262.582764
v 4.145047 142.963837 257.903809
v 41.265808 85.665367 209.085068
v 42.460472 82.452843 213.764008
v 41.552879 81.957306 213.655502
v 42.097279 82.953133 212.900650
v 39.921093 82.668579 211.579910
v 38.128719 81.843246 214.451477
v 38.865234 83.797363 213.040237
v 4.560638 143.139084 259.489899
v 5.516337 142.854996 263.775452
v 5.587700 140.861755 263.627411
v 55.061451 145.770630 248.402420
v 56.088512 143.493301 252.539917
v 56.017147 145.486542 252.687958
v 43.040356 81.169579 205.217285
v 44.522881 77.238815 206.525421
v 45.273010 78.072792 208.181259
v 96.079720 87.235451 178.134171
v 96.829849 88.069427 179.790009
v 94.597198 91.166214 176.826035
v 44.234596 78.003166 206.271042
v 44.401695 79.281342 207.024536
v 43.930218 78.810196 206.002472
v 44.651321 78.935104 207.355927
v 44.317635 78.673897 205.895615
v 44.652885 79.224380 207.011749
v 42.079468 84.407097 206.724609
v 44.862320 81.143349 210.628937
v 60.915829 140.317825 248.652420
v 43.098999 82.691475 212.857391
v 61.473179 143.811371 242.559433
v 64.256027 140.547623 246.463760
v 42.716091 81.640923 210.965637
v 42.623405 81.095627 211.919739
v 42.610176 80.988403 212.104645
v 41.684383 81.930634 211.043732
v 41.898350 82.065956 213.512772
v 43.051723 82.457321 213.017853
v 42.105740 82.950920 212.900284
v 38.546974 84.945541 211.764236
v 41.334862 82.279007 214.675797
v 39.453274 82.508446 215.313766
v 57.770084 138.614120 249.158752
v 59.651672 138.384674 248.520782
v 56.863785 141.051208 245.609222
v -1.723467 186.109711 259.369476
v -0.645098 189.310638 264.084473
v 2.282880 186.791779 265.124817
v 67.819923 244.115082 204.085403
v 68.898293 247.316010 208.800400
v 71.781212 244.835907 209.824738
v 71.085014 244.831558 208.944397
v 71.171333 244.685654 208.899887
v 71.767021 244.747726 209.887848
v 71.012009 244.519318 209.138931
v -0.580693 187.099503 260.349701
v -0.580693 189.786423 263.834015
v 1.324451 189.304459 264.205688
v 25.554546 251.883545 210.391586
v 25.554546 254.570465 213.875900
v 27.459690 254.088501 214.247574
v 2.890526 184.255020 259.493134
v 3.802489 183.628342 266.451263
v 4.498342 186.967178 264.361298
v 50.915092 169.472839 251.867432
v 52.522907 172.184998 256.735596
v 51.827057 168.846161 258.825562
v 1.711453 187.129684 265.026123
v 4.370089 182.506592 260.421906
v 5.448458 185.707520 265.136902
v 31.722584 250.307938 208.137024
v 29.063946 254.931030 212.741241
v 32.800953 253.508865 212.852020
v 4.689524 181.943192 261.974609
v 4.974463 180.696991 266.184814
v 5.616070 182.524765 266.682404
v 48.934372 168.324432 254.949142
v 49.219315 167.078232 259.159332
v 49.860924 168.906006 259.656921
v 31.839375 250.354584 208.078644
v 32.917744 253.555511 212.793640
v 33.599522 256.742310 210.474243
v 69.098030 240.868515 205.997131
v 70.858185 247.256241 208.392731
v 70.176399 244.069443 210.712128
v 34.606594 253.311111 207.141876
v 35.716263 257.454224 208.123337
v 35.708160 256.995270 210.069946
v 67.994583 244.810516 205.276581
v 69.104256 248.953629 206.258041
v 69.096153 248.494659 208.204651
v 116.225952 105.983200 121.699272
v 120.058128 103.938538 122.401939
v 120.807854 105.615524 123.192902
v 102.954353 88.617020 171.098145
v 119.996986 105.100296 122.791367
v 99.122177 90.661682 170.395477
v 103.704079 90.294006 171.889114
v 119.943687 105.078156 122.720306
v 119.998291 105.168617 122.767944
v 120.049141 105.084106 122.759216
v 120.017784 105.135330 122.764320
v 116.662018 112.727966 121.763359
v 98.287506 96.268127 174.077499
v 101.459747 92.564323 174.026352
v 101.772926 95.166389 174.955048
v 103.241325 91.249542 172.947586
v 104.356125 95.187416 173.463730
v 103.435440 95.633392 172.835709
v 102.543938 92.453125 172.424652
v 119.992599 108.839294 121.709663
v 120.813248 111.415764 122.808548
v 120.788429 107.296555 123.401405
v 121.206955 109.016853 123.898888
v 121.932732 110.932495 123.421310
v 121.042488 107.195778 122.265839
v 121.279022 110.953911 123.730339
v 120.545990 107.273605 122.962410
v 117.857185 110.901451 123.290970
v 121.936661 109.611923 124.318092
v 122.686020 111.065468 123.166710
v 117.785904 158.249329 183.017853
v 119.029900 157.856094 183.331070
v 119.268341 158.026855 183.195984
v 119.535492 158.308762 182.972824
v 121.868210 155.080841 181.674759
v 122.615784 157.721191 182.020477
v 119.154373 157.660309 183.164902
v 120.098953 155.077438 180.518982
v 120.278282 157.011124 181.285126
v 120.517242 156.569611 180.711838
v 117.990028 165.320343 181.667145
v 122.797447 165.637238 182.052155
v 121.156143 198.103546 115.152954
v 125.963562 198.420441 115.537979
v 124.969330 199.995316 116.266869
v 121.803215 167.212112 182.781052
v 124.120110 198.298920 115.390335
v 124.574547 199.537506 116.022430
v 125.782661 198.408524 115.523491
v 124.516060 197.965378 116.159233
v 82.071327 247.991135 138.214905
v 84.877068 252.987701 139.110535
v 88.283669 250.971680 139.685654
v 68.684837 243.878799 203.092484
v 71.490578 248.875366 203.988113
v 73.014938 247.973251 204.245468
v 73.645462 246.258804 204.266891
v 75.180466 246.946365 203.190277
v 74.179398 247.548416 202.967667
v 74.670586 246.691040 202.754547
v 86.141945 246.675049 141.017456
v 89.838470 248.884293 141.920212
v 88.831451 250.609467 141.821777
v 73.562218 242.810547 201.985092
v 76.251724 246.744965 202.789413
v 77.258743 245.019791 202.887848
v 75.340385 245.411789 202.516876
v 75.804245 244.150497 202.532639
v 76.693451 244.681946 202.749786
v 75.445213 245.565140 202.548218
v 76.054688 244.275085 202.154037
v 75.380470 245.451935 202.446548
v 49.026855 85.794472 211.845734
v 91.132454 93.958557 188.659088
v 63.679161 130.675476 238.919586
v 41.350025 94.797905 201.075195
v 83.455620 102.961990 177.888550
v 56.002331 139.678909 228.149048
v 38.520405 110.903038 179.886978
v 38.520409 110.903038 179.886978
v 38.594753 110.144051 180.128647
v 39.078030 105.210594 181.699478
v 38.594753 111.721695 185.083542
v 38.594757 111.721695 185.083542
v 44.494434 113.254753 185.434982
v 39.078030 115.070946 212.667587
v 38.594753 118.184021 205.379562
v 38.594753 120.004395 211.096756
v 44.494434 119.474358 204.968704
v 35.806629 138.606262 171.066177
v 36.832268 132.460312 187.980682
v 36.895981 131.976318 188.710342
v 36.672810 134.043396 187.321945
v 36.753902 133.186172 187.493149
v 36.935337 131.807877 189.571045
v 36.944347 131.980621 190.431747
v 36.921638 132.468262 191.161407
v 36.601341 134.901489 187.493149
v 36.550369 135.629776 187.980682
v 36.527660 136.117432 188.710342
v 36.536671 136.290176 189.571045
v 36.576027 136.121735 190.431747
v 36.639740 135.637726 191.161407
v 42.870010 132.507660 188.541168
v 42.727932 133.717529 187.323975
v 42.806297 132.991669 187.811508
v 42.909367 132.339218 189.401871
v 42.918377 132.511963 190.262573
v 42.895668 132.999619 190.992233
v 42.646843 134.574753 187.152771
v 42.575371 135.432831 187.323975
v 42.524403 136.161133 187.811508
v 42.501690 136.648773 188.541168
v 42.510700 136.821518 189.401871
v 42.541431 136.690002 190.073929
v 42.613770 136.169083 190.992233
v 42.550056 136.653076 190.262573
v 35.806629 140.183914 176.021072
v 35.806629 140.426636 176.783371
v 41.780659 140.957977 176.614182
v 36.870667 133.196564 191.648941
v 36.799198 134.054642 191.820145
v 36.718105 134.911865 191.648941
v 42.844700 133.727905 191.479767
v 42.773228 134.585999 191.650970
v 42.692135 135.443222 191.479767
v 35.806629 146.646240 196.317093
v 35.806629 146.888962 197.079391
v 35.806629 148.466614 202.034286
v 41.780659 147.177582 196.147903
v 41.780659 147.420303 196.910202
v 70.016838 113.704391 178.995010
v 70.879738 113.781136 178.970566
v 70.954094 113.022156 179.212234
v 64.905716 115.070175 184.856949
v 71.437370 108.088692 180.783066
v 70.954094 114.842529 184.929428
v 64.905716 121.289780 204.390671
v 70.954094 121.304855 205.225449
v 71.437370 117.949043 211.751175
v 70.954094 122.882507 210.180344
v 70.954071 122.882500 210.180344
v 62.191936 142.773407 176.036148
v 63.217579 134.807083 187.233475
v 63.281292 134.323090 187.963135
v 63.058121 136.390167 186.574738
v 63.139214 135.532944 186.745941
v 63.320644 134.154648 188.823837
v 63.329655 134.327393 189.684540
v 63.306946 134.815033 190.414200
v 63.255978 135.543335 190.901733
v 63.184505 136.401413 191.072937
v 62.986649 137.248260 186.745941
v 62.935680 137.976547 187.233475
v 62.912971 138.464203 187.963135
v 63.025047 137.984497 190.414200
v 63.103416 137.258636 190.901733
v 62.921982 138.636948 188.823837
v 62.961338 138.468506 189.684540
v 69.191605 135.338440 187.064301
v 69.113235 136.064301 186.576767
v 69.032150 136.921524 186.405563
v 68.960678 137.779602 186.576767
v 68.909706 138.507904 187.064301
v 68.887001 138.995544 187.793961
v 68.896011 139.168289 188.654663
v 69.158531 136.932770 190.903763
v 69.077438 137.789993 190.732559
v 68.935364 138.999847 189.515366
v 68.999077 138.515854 190.245026
v 69.294670 134.685989 188.654663
v 69.255318 134.854431 187.793961
v 69.303680 134.858734 189.515366
v 69.280975 135.346390 190.245026
v 69.230003 136.074677 190.732559
v 68.165962 141.484375 170.149765
v 68.165962 143.304749 175.866959
v 62.191936 148.993011 195.569870
v 62.191936 149.235733 196.332169
v 68.165962 149.767075 196.162979
v 68.165962 151.344727 201.117874
vn 0.2172 -0.0646 0.9740
vn 0.0648 -0.2832 0.9569
vn 0.8666 0.4299 0.2532
vn 0.8666 0.4300 0.2532
vn 0.8401 0.5021 0.2052
vn 0.2522 0.9416 0.2231
vn 0.4837 0.8615 0.1544
vn -0.1474 -0.6951 0.7037
vn 0.2060 -0.5539 0.8067
vn 0.3369 -0.8934 0.2973
vn 0.4798 -0.5627 0.6732
vn 0.8709 -0.4647 0.1597
vn 0.9272 -0.2931 0.2334
vn -0.9989 0.0361 -0.0298
vn 0.9989 -0.0361 0.0298
vn 0.2772 0.4676 0.8393
vn -0.0000 0.6107 0.7919
vn 0.1859 0.5519 0.8129
vn -0.2174 0.0635 -0.9740
vn -0.0658 0.2861 -0.9559
vn -0.8670 -0.4297 -0.2521
vn -0.8399 -0.5032 -0.2035
vn -0.2489 -0.9431 -0.2206
vn -0.4830 -0.8623 -0.1524
vn 0.1505 0.6961 -0.7020
vn 0.1503 0.6955 -0.7027
vn -0.2063 0.5530 -0.8072
vn -0.3366 0.8942 -0.2952
vn -0.4810 0.5620 -0.6729
vn -0.8704 0.4658 -0.1598
vn -0.9268 0.2945 -0.2330
vn 0.9989 -0.0364 0.0300
vn -0.9989 0.0364 -0.0300
vn -0.2760 -0.4677 -0.8397
vn 0.0018 -0.6116 -0.7912
vn -0.1842 -0.5524 -0.8130
vn -0.9944 -0.0001 0.1056
vn 0.9376 0.2964 -0.1821
vn -0.2770 -0.3797 0.8827
vn -0.0662 0.4160 -0.9069
vn -0.8777 0.3885 -0.2805
vn 0.1851 0.1067 -0.9769
vn -0.1959 -0.6369 -0.7457
vn -0.9991 0.0271 -0.0340
vn -0.9622 -0.2719 0.0134
vn 0.3104 -0.2955 -0.9035
vn 0.8317 0.5528 0.0514
vn -0.4563 -0.8578 0.2365
vn 0.1152 -0.0731 -0.9907
vn -0.2339 -0.0602 0.9704
vn 0.1206 -0.0919 -0.9884
vn 0.8864 -0.3798 -0.2648
vn -0.9513 -0.2409 0.1922
vn 0.0046 0.6880 -0.7257
vn 0.9467 0.3028 -0.1096
vn -0.9377 -0.1378 0.3189
vn -0.1103 -0.0150 -0.9938
vn -0.3083 0.7533 -0.5809
vn 0.3083 -0.7533 0.5809
vn 0.8884 0.4464 0.1074
vn -0.9467 -0.3028 0.1096
vn 0.2697 -0.5593 0.7839
vn -0.3221 0.8869 -0.3313
vn -0.5185 -0.6450 -0.5613
vn 0.6643 -0.2667 -0.6983
vn 0.2596 -0.9190 -0.2967
vn 0.0933 -0.5838 -0.8065
vn 0.0934 -0.5838 -0.8065
vn -0.1618 0.1531 -0.9749
vn -0.2561 0.5014 -0.8265
vn -0.3113 0.7734 -0.5522
vn -0.3192 0.9276 -0.1939
vn -0.2785 0.9407 0.1939
vn -0.1953 0.8105 0.5522
vn -0.0824 0.5569 0.8265
vn 0.0430 0.2186 0.9749
vn 0.1619 -0.1531 0.9749
vn 0.2561 -0.5014 0.8265
vn 0.3113 -0.7734 0.5522
vn 0.3192 -0.9276 0.1939
vn 0.2784 -0.9407 -0.1939
vn 0.1953 -0.8105 -0.5522
vn 0.0824 -0.5569 -0.8265
vn -0.0430 -0.2186 -0.9749
vn -0.1619 0.1531 -0.9749
vn 0.3114 -0.7734 0.5522
vn 0.2785 -0.9407 -0.1939
vn -1.0000 -0.0014 -0.0015
vn -0.9658 -0.1837 0.1832
vn 0.9657 -0.1809 0.1861
vn 0.0001 0.7025 -0.7117
vn 0.0021 -0.7117 -0.7025
vn 1.0000 0.0014 0.0015
vn -0.0012 0.9890 -0.1479
vn -0.0020 0.4906 0.8714
vn 0.6247 0.5495 -0.5548
vn 0.0013 0.1350 -0.9908
vn 0.6248 0.5494 -0.5548
vn -0.6247 0.5477 -0.5567
vn -0.6247 0.5477 -0.5566
vn -0.6246 0.5477 -0.5567
vn -0.0021 0.7117 0.7025
vn 0.0020 -0.8777 -0.4792
vn 0.0012 0.1951 -0.9808
vn 0.0005 0.5556 -0.8315
vn -0.0004 0.8315 -0.5556
vn -0.0011 0.9808 -0.1951
vn -0.0017 0.9808 0.1951
vn -0.0020 0.8315 0.5555
vn -0.0020 0.5556 0.8315
vn -0.0017 0.1951 0.9808
vn -0.0012 -0.1951 0.9808
vn -0.0005 -0.5556 0.8315
vn 0.0004 -0.8315 0.5556
vn 0.0011 -0.9808 0.1951
vn 0.0017 -0.9808 -0.1951
vn 0.0020 -0.8315 -0.5556
vn 0.0020 -0.5556 -0.8315
vn 0.0017 -0.1951 -0.9808
vn -0.0020 0.8315 0.5556
vn 0.0018 -0.1951 -0.9808
vn 1.0000 -0.0081 -0.0001
vn -0.0079 -0.9788 0.2049
vn -0.9679 -0.0084 0.2514
vn 0.9676 -0.0240 0.2512
vn 0.0005 0.0643 -0.9979
vn -0.0081 -0.9979 -0.0643
vn 0.0081 0.9979 0.0643
vn -0.0045 -0.5473 -0.8369
vn 0.0077 0.9443 0.3289
vn -1.0000 0.0081 0.0001
vn -0.6243 0.0553 -0.7792
vn 0.0052 0.6502 -0.7597
vn -0.6244 0.0553 -0.7792
vn 0.6251 0.0452 -0.7793
vn 0.6250 0.0452 -0.7793
vn 0.0015 0.1951 -0.9808
vn 0.0044 0.5556 -0.8315
vn 0.0067 0.8314 -0.5556
vn 0.0079 0.9808 -0.1951
vn 0.0079 0.9807 0.1951
vn 0.0068 0.8314 0.5556
vn 0.0045 0.5556 0.8315
vn 0.0016 0.1951 0.9808
vn -0.0015 -0.1951 0.9808
vn -0.0044 -0.5555 0.8315
vn -0.0067 -0.8315 0.5556
vn -0.0079 -0.9807 0.1951
vn -0.0079 -0.9807 -0.1951
vn -0.0068 -0.8314 -0.5556
vn -0.0045 -0.5556 -0.8315
vn -0.0016 -0.1951 -0.9808
vn 0.0067 0.8315 -0.5555
vn 0.0079 0.9807 -0.1951
vn 0.0079 0.9808 0.1951
vn -0.0044 -0.5556 0.8315
vn -0.0067 -0.8314 0.5556
vn -0.0079 -0.9808 0.1951
vn -0.0017 -0.1951 -0.9808
vn -0.9405 -0.1415 -0.3088
vn 0.2291 -0.9355 -0.2691
vn -0.2454 -0.3458 0.9057
vn -0.2454 -0.3457 0.9057
vn 0.0276 0.3051 -0.9519
vn 0.2349 -0.9276 -0.2905
vn -0.2349 0.9276 0.2905
vn 0.9405 0.1415 0.3088
vn 0.8926 0.0876 0.4422
vn -0.9668 -0.1922 -0.1683
vn -0.0594 0.9636 -0.2607
vn 0.4506 0.3687 -0.8130
vn 0.3316 -0.5800 -0.7441
vn 0.3316 -0.5800 -0.7440
vn -0.0594 0.9636 -0.2606
vn -0.2406 0.9192 0.3117
vn 0.2454 0.3458 -0.9057
vn 0.2454 0.3457 -0.9057
vn 0.2705 0.2380 -0.9328
vn 0.1713 0.5876 -0.7908
vn 0.0460 0.8478 -0.5284
vn -0.0863 0.9788 -0.1856
vn -0.2055 0.9609 0.1855
vn -0.2934 0.7967 0.5284
vn -0.3366 0.5112 0.7908
vn -0.3286 0.1478 0.9328
vn -0.2705 -0.2380 0.9328
vn -0.1713 -0.5876 0.7908
vn -0.0460 -0.8477 0.5284
vn 0.0863 -0.9788 0.1856
vn 0.2055 -0.9609 -0.1856
vn 0.2934 -0.7967 -0.5284
vn 0.3366 -0.5112 -0.7908
vn 0.3285 -0.1479 -0.9328
vn 0.0460 0.8477 -0.5284
vn -0.2055 0.9609 0.1856
vn -0.3286 0.1479 0.9328
vn 0.0863 -0.9788 0.1855
vn 0.2055 -0.9609 -0.1855
vn 0.3286 -0.1479 -0.9328
vn -0.0863 0.9788 -0.1855
vn -0.5411 0.7497 0.3811
vn -0.8161 -0.3589 -0.4529
vn -0.2865 -0.9519 -0.1088
vn 0.3515 -0.2101 0.9123
vn 0.5411 -0.7497 -0.3811
vn -0.8161 -0.3589 -0.4530
vn -0.8161 -0.3588 -0.4529
vn -0.7640 -0.6276 0.1498
vn -0.3515 0.2101 -0.9123
vn 0.5181 -0.0597 0.8532
vn -0.9359 -0.0523 0.3485
vn -0.1659 0.3491 -0.9223
vn -0.1659 0.3490 -0.9223
vn -0.3375 0.8806 0.3327
vn 0.7118 -0.5731 -0.4061
vn -0.3770 -0.6213 0.6869
vn 0.8682 -0.2916 -0.4016
vn 0.9362 0.0877 -0.3404
vn 0.8616 0.4537 -0.2275
vn 0.6559 0.7506 -0.0799
vn 0.3504 0.9332 0.0799
vn -0.0085 0.9737 0.2275
vn -0.3661 0.8661 0.3404
vn -0.6680 0.6265 0.4016
vn -0.8682 0.2916 0.4016
vn -0.9362 -0.0877 0.3404
vn -0.8616 -0.4537 0.2275
vn -0.6559 -0.7506 0.0799
vn -0.3504 -0.9332 -0.0799
vn 0.0085 -0.9737 -0.2275
vn 0.3661 -0.8661 -0.3404
vn 0.6680 -0.6265 -0.4016
vn -0.3661 0.8660 0.3405
vn 0.0631 -0.0212 0.9978
vn -0.6471 0.3553 0.6745
vn -0.8792 0.4720 0.0656
vn -0.7259 0.3818 -0.5721
vn 0.4723 0.8814 -0.0112
vn -0.0631 0.0212 -0.9978
vn -0.7259 0.3817 -0.5721
vn -0.9867 -0.1513 0.0592
vn -0.4723 -0.8814 0.0112
vn 0.1597 -0.0980 -0.9823
vn 0.6896 0.7236 -0.0282
vn -0.4200 0.9064 0.0458
vn 0.2818 -0.1390 0.9494
vn -0.2208 -0.9753 -0.0067
vn 0.9899 -0.1262 -0.0652
vn 0.9632 0.2629 -0.0553
vn 0.7899 0.6121 -0.0370
vn 0.4964 0.8680 -0.0130
vn 0.1273 0.9918 0.0130
vn -0.2612 0.9646 0.0370
vn -0.6099 0.7905 0.0553
vn -0.8658 0.4961 0.0652
vn -0.9899 0.1262 0.0652
vn -0.9632 -0.2629 0.0553
vn -0.7899 -0.6121 0.0370
vn -0.4964 -0.8680 0.0130
vn -0.1273 -0.9918 -0.0130
vn 0.2612 -0.9646 -0.0370
vn 0.6099 -0.7905 -0.0553
vn 0.8658 -0.4961 -0.0652
vn 0.0237 0.2472 0.9687
vn 0.1413 0.4320 0.8907
vn -0.9248 -0.3626 0.1152
vn -0.8586 0.5013 -0.1069
vn 0.0952 -0.0490 -0.9943
vn 0.8586 -0.5013 0.1069
vn -0.0237 -0.2472 -0.9687
vn 0.9580 -0.2825 0.0486
vn -0.7067 0.6895 -0.1586
vn 0.1056 -0.9641 0.2435
vn -0.4147 -0.8019 -0.4301
vn -0.3850 -0.4931 0.7802
vn -0.5120 -0.8292 0.2242
vn -0.1034 0.9644 -0.2436
vn -0.4761 0.8548 -0.2065
vn -0.7762 0.6152 -0.1380
vn -0.9582 0.2819 -0.0484
vn -0.9944 -0.0944 0.0484
vn -0.8791 -0.4562 0.1380
vn -0.6300 -0.7486 0.2065
vn -0.2850 -0.9271 0.2436
vn 0.1034 -0.9644 0.2436
vn 0.4760 -0.8548 0.2065
vn 0.7762 -0.6152 0.1380
vn 0.9582 -0.2819 0.0485
vn 0.9944 0.0944 -0.0485
vn 0.8791 0.4562 -0.1380
vn 0.6300 0.7486 -0.2065
vn 0.2850 0.9271 -0.2436
vn -0.9582 0.2818 -0.0485
vn 0.4761 -0.8548 0.2065
vn 0.9944 0.0944 -0.0484
vn -0.0000 0.9910 0.1339
vn -0.0000 -0.9910 -0.1339
vn 0.9358 -0.0472 0.3493
vn 0.9358 -0.0472 0.3492
vn 0.3524 0.1253 -0.9274
vn -0.9358 0.0472 -0.3492
vn -0.3524 -0.1253 0.9274
vn 0.3519 0.1776 -0.9190
vn 0.3180 0.5402 -0.7791
vn 0.2357 0.8206 -0.5206
vn 0.1174 0.9761 -0.1828
vn -0.0187 0.9830 0.1828
vn -0.1519 0.8402 0.5206
vn -0.2620 0.5695 0.7791
vn -0.3323 0.2121 0.9190
vn -0.3519 -0.1776 0.9190
vn -0.3180 -0.5402 0.7791
vn -0.2357 -0.8206 0.5206
vn -0.1174 -0.9761 0.1828
vn 0.0187 -0.9830 -0.1828
vn 0.1519 -0.8402 -0.5206
vn 0.2620 -0.5695 -0.7791
vn 0.3323 -0.2121 -0.9190
vn 0.2357 0.8207 -0.5206
vn -0.2621 0.5695 0.7791
vn -0.2357 -0.8207 0.5206
vn -0.1174 -0.9761 0.1827
vn 0.2621 -0.5695 -0.7791
vn 0.4423 -0.6827 -0.5817
vn -0.4423 0.6827 0.5817
vn -0.8848 -0.2254 -0.4079
vn 0.8614 0.5040 0.0635
vn 0.8887 0.4212 0.1814
vn 0.1569 0.4536 0.8773
vn -0.1569 -0.4536 -0.8773
vn -0.1569 -0.4535 -0.8773
vn -0.1568 -0.4536 -0.8773
vn 0.1991 0.8555 -0.4779
vn -0.9673 0.2497 0.0440
vn 0.2009 0.8559 -0.4765
vn 0.8063 0.4376 0.3979
vn 0.9673 -0.2497 -0.0439
vn 0.1569 0.4535 0.8773
vn -0.1991 -0.8555 0.4779
vn -0.1990 -0.8556 0.4779
vn 0.9673 -0.2497 -0.0440
vn 0.1610 0.8647 -0.4758
vn -0.0966 0.8911 -0.4434
vn -0.3477 0.8568 -0.3808
vn -0.5751 0.7641 -0.2922
vn -0.7633 0.6194 -0.1837
vn -0.8995 0.4324 -0.0626
vn -0.9744 0.2160 0.0626
vn -0.9829 -0.0152 0.1837
vn -0.9244 -0.2453 0.2922
vn -0.8029 -0.4587 0.3808
vn -0.6267 -0.6408 0.4434
vn -0.4078 -0.7793 0.4758
vn -0.1610 -0.8647 0.4758
vn 0.0966 -0.8911 0.4434
vn 0.3477 -0.8568 0.3808
vn 0.5751 -0.7641 0.2922
vn 0.7633 -0.6194 0.1837
vn 0.8995 -0.4324 0.0626
vn 0.9744 -0.2160 -0.0626
vn 0.9829 0.0152 -0.1837
vn 0.9244 0.2453 -0.2922
vn 0.8029 0.4587 -0.3807
vn 0.6267 0.6408 -0.4434
vn 0.4078 0.7793 -0.4758
vn 0.6207 -0.0742 -0.7806
vn 0.6207 -0.0742 -0.7805
vn -0.6207 0.0741 0.7806
vn 0.7359 -0.2883 0.6126
vn 0.2705 0.9547 0.1244
vn 0.2704 0.9547 0.1244
vn -0.7359 0.2883 -0.6126
vn -0.2705 -0.9547 -0.1244
vn 0.5022 0.4702 -0.7257
vn 0.5023 0.4702 -0.7257
vn 0.5025 0.4681 -0.7269
vn -0.5023 -0.4702 0.7257
vn 0.7168 0.2431 0.6536
vn -0.4837 0.8484 0.2149
vn -0.7168 -0.2431 -0.6536
vn 0.4837 -0.8484 -0.2149
vn -0.6145 -0.3964 -0.6821
vn -0.7510 -0.1788 -0.6356
vn -0.8364 0.0509 -0.5458
vn -0.8647 0.2773 -0.4188
vn -0.8341 0.4847 -0.2633
vn -0.7467 0.6591 -0.0898
vn -0.6084 0.7885 0.0898
vn -0.4286 0.8643 0.2633
vn -0.2197 0.8811 0.4188
vn 0.0043 0.8379 0.5458
vn 0.2280 0.7376 0.6356
vn 0.4361 0.5870 0.6821
vn 0.6145 0.3964 0.6821
vn 0.7510 0.1788 0.6356
vn 0.8363 -0.0509 0.5458
vn 0.8647 -0.2773 0.4188
vn 0.8341 -0.4847 0.2633
vn 0.7467 -0.6591 0.0898
vn 0.6084 -0.7885 -0.0898
vn 0.4286 -0.8643 -0.2633
vn 0.2197 -0.8811 -0.4188
vn -0.0043 -0.8379 -0.5458
vn -0.2280 -0.7376 -0.6356
vn -0.4361 -0.5870 -0.6821
vn 0.5113 0.0553 0.8576
vn -0.5112 -0.0553 -0.8577
vn -0.5113 -0.0554 -0.8576
vn -0.5113 -0.0553 -0.8576
vn 0.8586 -0.0776 -0.5068
vn 0.0385 0.9954 -0.0872
vn -0.8586 0.0776 0.5068
vn -0.0385 -0.9954 0.0872
vn 0.8313 0.2213 -0.5098
vn 0.7957 0.3465 -0.4967
vn 0.6612 0.6122 -0.4336
vn 0.4337 0.8449 -0.3130
vn 0.2269 0.9538 -0.1968
vn 0.0046 0.9977 -0.0671
vn -0.2180 0.9736 0.0671
vn -0.4257 0.8832 0.1968
vn -0.5688 0.7699 0.2894
vn -0.7494 0.5367 0.3879
vn -0.8289 0.2952 0.4751
vn -0.8594 0.0382 0.5098
vn -0.8180 -0.3130 0.4826
vn -0.7296 -0.4994 0.4672
vn -0.6109 -0.6785 0.4080
vn -0.4599 -0.8254 0.3274
vn -0.2269 -0.9538 0.1968
vn -0.0046 -0.9977 0.0671
vn 0.2180 -0.9736 -0.0671
vn 0.4257 -0.8832 -0.1968
vn 0.6452 -0.6839 -0.3405
vn 0.7795 -0.4501 -0.4357
vn 0.8289 -0.2952 -0.4751
vn 0.8594 -0.0382 -0.5098
vn 0.9022 0.4269 -0.0621
vn -0.9022 -0.4269 0.0621
vn 0.4254 -0.8564 0.2927
vn 0.0718 -0.2905 -0.9542
vn -0.4254 0.8564 -0.2927
vn -0.0718 0.2905 0.9542
vn 0.6637 0.0753 -0.7442
vn -0.8669 -0.2926 0.4037
vn 0.3650 0.8167 0.4470
vn 0.8636 0.1674 -0.4756
vn 0.0495 -0.2286 -0.9723
vn -0.3916 0.6112 -0.6878
vn -0.3351 0.6731 -0.6593
vn -0.1984 -0.9541 0.2242
vn -0.1984 -0.9541 0.2241
vn 0.1120 -0.8284 0.5489
vn -0.9417 0.3059 -0.1401
vn 0.5125 0.2804 0.8116
vn 0.2241 -0.5816 0.7820
vn 0.7522 0.6588 0.0145
vn 0.9136 -0.3987 -0.0793
vn -0.2786 -0.5423 -0.7927
vn -0.1749 -0.8610 0.4776
vn -0.1748 -0.5323 -0.8283
vn -0.1974 -0.8395 0.5062
vn 0.1836 -0.9766 -0.1120
vn -0.3826 0.1427 0.9128
vn -0.5056 0.2027 0.8386
vn -0.9397 0.3415 -0.0169
vn -0.1801 -0.4646 -0.8670
vn 0.9449 -0.2909 -0.1500
vn -0.0480 -0.3540 -0.9340
vn 0.2985 0.4609 0.8357
vn 0.1944 0.4546 0.8692
vn 0.0982 0.4284 0.8983
vn 0.8513 0.3050 -0.4268
vn 0.4904 0.6648 -0.5635
vn 0.4630 -0.6915 -0.5545
vn 0.2017 0.0620 -0.9775
vn -0.1628 -0.9030 -0.3975
vn 0.8806 -0.2235 0.4179
vn 0.0678 -0.9952 0.0707
vn 0.5543 0.6550 0.5136
vn -0.9677 0.2464 0.0541
vn -0.6555 -0.5467 0.5211
vn -0.7742 0.4416 -0.4535
vn -0.9286 -0.1718 0.3290
vn -0.0000 -0.6107 -0.7919
vn -0.9513 -0.2441 0.1882
vn 0.9513 0.2441 -0.1882
vn 0.1474 0.6951 -0.7037
vn -0.9891 0.1021 -0.1063
vn 0.9891 -0.1021 0.1063
vn -0.1652 -0.4580 -0.8735
vn 0.9617 -0.2675 -0.0591
vn -0.1742 -0.5303 -0.8297
vn -0.1985 -0.8413 0.5029
vn -0.2172 0.0646 -0.9740
vn -0.9761 -0.0061 0.2173
vn 0.9761 0.0061 -0.2173
vn -0.0648 0.2832 -0.9569
vn 0.9699 0.2436 0.0065
vn -0.9699 -0.2436 -0.0065
vn -0.8401 -0.5021 -0.2052
vn -0.0375 0.4311 -0.9015
vn 0.0375 -0.4311 0.9015
vn 0.8488 -0.0536 -0.5259
vn -0.4423 -0.6077 -0.6595
vn -0.4299 -0.0624 -0.9007
vn 0.0854 -0.9961 0.0211
vn 0.8725 -0.0744 -0.4830
vn -0.8709 0.4647 -0.1597
vn 0.1356 -0.0852 -0.9871
vn -0.1356 0.0852 0.9871
vn 0.0757 0.9345 -0.3479
vn 0.8126 -0.2028 -0.5463
vn -0.5784 -0.2549 -0.7749
vn -0.4837 -0.8615 -0.1544
vn 0.1695 0.0809 -0.9822
vn -0.1695 -0.0809 0.9822
vn -0.3651 -0.1911 0.9111
vn 0.3704 0.9239 -0.0960
vn -0.1245 0.5153 -0.8479
vn -0.5651 -0.3631 -0.7408
vn 0.2059 -0.5539 0.8067
vn 0.9755 0.0508 -0.2142
vn 0.8128 -0.3622 -0.4562
vn -0.9206 -0.3421 -0.1881
vn -0.2455 0.9350 0.2559
vn 0.4464 0.2038 -0.8713
vn -0.1308 -0.6303 -0.7652
vn -0.3043 -0.7543 0.5817
vn 0.9677 -0.2464 -0.0541
vn 0.5058 -0.7631 0.4023
vn -0.3177 -0.2846 0.9045
vn 0.9349 -0.2858 0.2106
vn -0.9731 0.1984 -0.1170
vn -0.7547 -0.6478 0.1042
vn 0.7973 -0.3762 -0.4719
vn 0.8465 -0.3608 -0.3914
vn -0.0009 0.6212 0.7836
vn 0.0444 0.5302 -0.8467
vn -0.0338 0.5759 0.8168
vn -0.4282 -0.0625 -0.9015
vn 0.8746 -0.0742 -0.4791
vn 0.3177 0.2846 -0.9045
vn 0.2378 0.8645 0.4429
vn -0.3175 -0.7925 -0.5206
vn -0.4620 -0.3846 -0.7991
vn -0.8001 0.0027 -0.5999
vn -0.8636 -0.1674 0.4756
vn -0.8068 -0.3821 -0.4506
vn 0.7577 -0.4336 0.4877
vn -0.5477 0.0456 0.8354
vn 0.7337 -0.1389 -0.6651
vn 0.7806 -0.2901 0.5537
vn -0.5467 -0.8301 0.1101
vn 0.0009 -0.6212 -0.7836
vn 0.7391 0.0422 0.6723
vn -0.4798 0.8746 -0.0703
vn -0.9914 0.0253 -0.1284
vn 0.0427 0.4417 -0.8962
vn 0.0258 -0.1062 -0.9940
vn -0.5478 0.0456 0.8354
vn 0.7824 -0.2905 0.5508
vn 0.8767 0.3387 -0.3417
vn 0.6845 0.1053 0.7213
vn 0.5444 -0.2300 0.8067
vn -0.2692 -0.8247 -0.4975
vn -0.3146 0.5405 -0.7803
vn -0.5250 0.8451 0.1011
vn -0.9755 -0.0508 0.2142
vn 0.2197 -0.5531 0.8036
vn -0.5454 -0.7257 -0.4195
vn -0.0776 -0.8310 -0.5508
vn -0.0530 0.9986 -0.0046
vn 0.8729 0.4766 0.1044
vn -0.8355 -0.0779 -0.5439
vn -0.0357 0.9966 0.0740
vn -0.0574 -0.8806 -0.4704
vn 0.8636 0.1675 -0.4756
vn -0.3751 -0.4170 -0.8279
vn 0.2020 0.7493 0.6307
vn -0.9589 0.2193 0.1799
vn -0.1716 -0.8622 0.4767
vn 0.2692 0.8247 0.4975
vn 0.8351 0.0575 -0.5472
vn -0.9598 0.2722 0.0683
vn -0.9656 0.2532 0.0588
vn 0.2692 0.8246 0.4975
vn -0.9408 0.1147 0.3190
vn 0.7712 0.1248 -0.6242
vn -0.6554 -0.5467 0.5211
vn 0.6555 0.5467 -0.5211
vn -0.7320 0.6297 -0.2601
vn 0.4970 -0.8317 -0.2474
vn 0.7267 0.2328 0.6463
vn 0.6829 -0.4946 -0.5376
vn 0.3043 0.7543 -0.5817
vn -0.9526 0.2410 -0.1858
vn 0.8672 -0.4721 -0.1585
vn -0.9449 0.2909 0.1500
vn 0.1740 0.8347 -0.5225
vn -0.3006 -0.9526 -0.0464
vn 0.9343 -0.3555 0.0277
vn -0.8746 -0.0206 -0.4843
vn -0.3208 -0.9139 -0.2488
vn 0.2653 0.9492 -0.1695
vn -0.1704 -0.7967 0.5798
vn 0.0348 0.3425 -0.9389
vn 0.2522 0.9416 0.2230
vn 0.0041 0.2295 -0.9733
vn -0.1080 -0.5986 0.7938
vn 0.8710 -0.4647 0.1597
vn -0.3749 -0.8385 -0.3955
vn -0.0191 0.9556 0.2940
vn 0.0756 0.9344 -0.3480
vn 0.8127 -0.2028 -0.5463
vn -0.5702 -0.2626 -0.7784
vn 0.1986 0.9128 0.3570
vn -0.6899 -0.5850 -0.4264
vn 0.7829 -0.2906 0.5501
vn 0.0468 0.9959 -0.0779
vn -0.3747 -0.7268 0.5757
vn -0.0426 0.7829 -0.6207
vn -0.5464 0.0451 0.8363
vn 0.7724 -0.2921 0.5640
vn -0.0427 -0.4417 0.8962
vn -0.4971 0.7874 0.3644
vn 0.0939 -0.8948 -0.4365
vn -0.4302 -0.0624 -0.9006
vn 0.8731 -0.0744 -0.4819
vn -0.2017 -0.0620 0.9775
vn 0.4838 0.8615 0.1544
vn -0.8517 0.5040 -0.1438
vn 0.4264 -0.9040 0.0307
vn -0.4415 -0.4464 0.7783
vn 0.7538 0.2846 0.5923
vn 0.5035 -0.8626 0.0492
vn -0.8060 0.5775 -0.1297
vn -0.4416 -0.4464 0.7783
vn -0.4798 0.5627 -0.6732
vn -0.8350 -0.0575 0.5472
vn -0.1549 -0.8095 -0.5663
vn 0.7791 0.6261 -0.0319
vn -0.0929 0.9487 -0.3021
vn -0.0000 -0.3034 -0.9529
vn 0.9957 0.0886 -0.0282
vn -0.0000 0.3034 0.9529
vn -0.9957 -0.0886 0.0282
vn -0.0000 -0.9949 0.1005
vn -0.0000 -0.0000 -1.0000
vn 0.0929 -0.9487 0.3021
vn -0.0103 -0.1968 -0.9804
vn 0.0259 -0.5555 -0.8311
vn 0.0581 -0.8296 -0.5554
vn 0.0581 -0.8296 -0.5553
vn 0.0814 -0.9774 -0.1950
vn 0.0924 -0.9764 0.1950
vn 0.0893 -0.8268 0.5554
vn 0.0726 -0.5513 0.8311
vn 0.0448 -0.1919 0.9804
vn 0.0103 0.1968 0.9804
vn -0.0259 0.5555 0.8311
vn -0.0581 0.8296 0.5553
vn -0.0814 0.9774 0.1950
vn -0.0924 0.9764 -0.1950
vn -0.0893 0.8268 -0.5554
vn -0.0726 0.5513 -0.8311
vn -0.0448 0.1919 -0.9804
vt 0.000000 0.000000
vt 0.937500 0.527397
vt 0.937500 0.609589
vt 1.000000 0.609589
vt 1.000000 0.527397
vt 0.937500 0.890411
vt 0.937500 0.972603
vt 1.000000 0.972603
vt 1.000000 0.890411
vt 0.875000 0.527397
vt 0.875000 0.609589
vt 0.875000 0.890411
vt 0.875000 0.972603
vt 0.812500 0.527397
vt 0.812500 0.609589
vt 0.812500 0.890411
vt 0.812500 0.972603
vt 0.750000 0.527397
vt 0.750000 0.609589
vt 0.798803 0.609589
vt 0.750000 0.890411
vt 0.750000 0.972603
vt 0.687500 0.527397
vt 0.687500 0.609589
vt 0.687500 0.890411
vt 0.687500 0.972603
vt 0.625000 0.527397
vt 0.625000 0.609589
vt 0.625000 0.890411
vt 0.625000 0.972603
vt 0.562500 0.527397
vt 0.562500 0.609589
vt 0.562500 0.890411
vt 0.562500 0.972603
vt 0.500000 0.527397
vt 0.500000 0.609589
vt 0.500000 0.890411
vt 0.500000 0.972603
vt 0.437500 0.527397
vt 0.437500 0.609589
vt 0.437500 0.890411
vt 0.437500 0.972603
vt 0.375000 0.527397
vt 0.375000 0.609589
vt 0.375000 0.890411
vt 0.375000 0.972603
vt 0.312500 0.527397
vt 0.312500 0.609589
vt 0.312500 0.890411
vt 0.312500 0.972603
vt 0.250000 0.527397
vt 0.250000 0.609589
vt 0.250000 0.890411
vt 0.250000 0.972603
vt 0.187500 0.527397
vt 0.187500 0.609589
vt 0.187500 0.890411
vt 0.187500 0.972603
vt 0.125000 0.527397
vt 0.125000 0.609589
vt 0.125000 0.890411
vt 0.125000 0.972603
vt 0.062500 0.527397
vt 0.062500 0.609589
vt 0.062500 0.890411
vt 0.062500 0.972603
vt 0.000000 0.527397
vt 0.000000 0.609589
vt 0.000000 0.890411
vt 0.000000 0.972603
s 0
usemtl V15_RIGHT_BLUE
f 96/1/1 798/1/1 331/1/1
f 331/1/2 798/1/2 1036/1/2
f 669/1/3 955/1/3 1039/1/3 1098/1/3 1099/1/3 1077/1/3 1076/1/3 1078/1/3 1069/1/3
f 1039/1/4 669/1/4 1069/1/4 1098/1/4
f 955/1/5 1008/1/5 1039/1/5
f 459/1/6 460/1/6 458/1/6 860/1/6 851/1/6 456/1/6 1039/1/6 863/1/6
f 851/1/7 860/1/7 854/1/7 861/1/7 863/1/7 1039/1/7 1008/1/7
f 4/1/8 244/1/8 96/1/8
f 96/1/9 244/1/9 798/1/9
f 2/1/10 553/1/10 244/1/10
f 244/1/11 553/1/11 798/1/11
f 470/1/12 548/1/12 554/1/12
f 548/1/13 669/1/13 663/1/13 653/1/13 652/1/13 554/1/13
f 554/1/13 652/1/13 665/1/13 663/1/13 669/1/13
f 563/1/14 638/1/14 641/1/14 573/1/14 572/1/14 571/1/14 570/1/14 557/1/14 556/1/14
f 548/1/15 955/1/15 669/1/15
f 331/1/16 1036/1/16 1039/1/16
f 331/1/17 456/1/17 414/1/17
f 331/1/18 1039/1/18 456/1/18
f 323/1/19 321/1/19 116/1/19 115/1/19 113/1/19 140/1/19 325/1/19 327/1/19 799/1/19 114/1/19 330/1/19 324/1/19
f 327/1/19 324/1/19 330/1/19 799/1/19
f 330/1/20 1035/1/20 793/1/20 800/1/20 796/1/20 797/1/20 799/1/20
f 797/1/20 793/1/20 1035/1/20 799/1/20
f 668/1/21 1038/1/21 1073/1/21 1072/1/21 1074/1/21
f 1038/1/21 954/1/21 668/1/21 1074/1/21 1075/1/21 1093/1/21 1094/1/21 1095/1/21 1090/1/21 1086/1/21 1088/1/21 1089/1/21 1085/1/21 1067/1/21 1068/1/21 1066/1/21 1073/1/21
f 954/1/22 956/1/22 957/1/22 949/1/22 1006/1/22 1003/1/22 1005/1/22 976/1/22 1038/1/22 1007/1/22
f 956/1/22 954/1/22 1038/1/22 976/1/22
f 1038/1/23 453/1/23 434/1/23 858/1/23
f 433/1/23 457/1/23 451/1/23 455/1/23 848/1/23 850/1/23 849/1/23
f 858/1/24 856/1/24 850/1/24 848/1/24 1007/1/24 915/1/24 913/1/24 911/1/24 910/1/24 864/1/24 859/1/24 909/1/24 1038/1/24
f 1038/1/24 909/1/24 915/1/24 1007/1/24
f 3/1/25 114/1/25 91/1/25 89/1/25 10/1/25 11/1/25 202/1/25 6/1/25 5/1/25 141/1/25 205/1/25 150/1/25 142/1/25 211/1/25 239/1/25 243/1/25
f 11/1/25 17/1/25 207/1/25 150/1/25 205/1/25 202/1/25
f 17/1/26 88/1/26 243/1/26 239/1/26 237/1/26 208/1/26 207/1/26
f 243/1/25 88/1/25 91/1/25 114/1/25
f 114/1/27 799/1/27 243/1/27
f 1/1/28 243/1/28 552/1/28
f 243/1/29 799/1/29 552/1/29
f 469/1/30 551/1/30 532/1/30 491/1/30 490/1/30 479/1/30 480/1/30 531/1/30 546/1/30 550/1/30 547/1/30
f 551/1/30 547/1/30 550/1/30 532/1/30
f 547/1/31 551/1/31 651/1/31 650/1/31 662/1/31 667/1/31 668/1/31
f 651/1/31 551/1/31 668/1/31 667/1/31
f 569/1/32 640/1/32 637/1/32 627/1/32 626/1/32 625/1/32 623/1/32 624/1/32 622/1/32 621/1/32 620/1/32 608/1/32 610/1/32 609/1/32 605/1/32 604/1/32 611/1/32 612/1/32 613/1/32 632/1/32 562/1/32 561/1/32 555/1/32 566/1/32 567/1/32 568/1/32
f 547/1/33 668/1/33 954/1/33
f 330/1/34 1038/1/34 1035/1/34
f 330/1/35 372/1/35 368/1/35 369/1/35 366/1/35 415/1/35 455/1/35
f 412/1/35 372/1/35 330/1/35 413/1/35 455/1/35 415/1/35
f 330/1/36 455/1/36 451/1/36 454/1/36 453/1/36 1038/1/36
f 330/1/37 114/1/37 96/1/37 331/1/37
f 799/1/38 1035/1/38 1036/1/38 798/1/38
f 1038/1/39 668/1/39 669/1/39 1039/1/39
f 1008/1/40 955/1/40 954/1/40 1007/1/40
f 848/1/41 455/1/41 456/1/41 851/1/41
f 1007/1/42 848/1/42 851/1/42 1008/1/42
f 244/1/43 4/1/43 3/1/43 243/1/43
f 114/1/44 3/1/44 4/1/44 96/1/44
f 243/1/45 1/1/45 2/1/45 244/1/45
f 553/1/46 2/1/46 1/1/46 552/1/46
f 552/1/47 799/1/47 798/1/47 553/1/47
f 551/1/48 469/1/48 470/1/48 554/1/48
f 548/1/49 470/1/49 469/1/49 547/1/49
f 668/1/50 551/1/50 554/1/50 669/1/50
f 955/1/51 548/1/51 547/1/51 954/1/51
f 1039/1/52 1036/1/52 1035/1/52 1038/1/52
f 413/1/53 330/1/53 331/1/53 414/1/53
f 455/1/54 413/1/54 414/1/54 456/1/54
f 370/1/55 361/1/55 350/1/55 351/1/55 356/1/55 354/1/55 355/1/55 353/1/55 352/1/55 348/1/55 347/1/55 349/1/55 346/1/55 357/1/55 358/1/55 359/1/55 340/1/55 377/1/55 402/1/55 401/1/55 399/1/55 400/1/55 394/1/55 395/1/55 396/1/55 397/1/55 398/1/55 409/1/55 410/1/55 407/1/55 408/1/55 406/1/55 405/1/55 411/1/55
f 404/1/55 403/1/55 402/1/55 377/1/55 411/1/55 405/1/55
f 340/1/55 359/1/55 360/1/55 361/1/55 370/1/55
f 367/1/56 368/1/56 372/1/56 371/1/56
f 375/1/57 374/1/57 377/1/57 376/1/57
f 377/1/58 374/1/58 371/1/58 411/1/58
f 370/1/59 367/1/59 339/1/59 340/1/59
f 366/1/60 369/1/60 370/1/60
f 336/1/61 339/1/61 367/1/61 364/1/61 363/1/61 344/1/61
f 371/1/61 374/1/61 389/1/61 390/1/61 387/1/61 388/1/61
f 374/1/61 339/1/61 336/1/61 335/1/61 334/1/61 333/1/61 341/1/61 342/1/61 343/1/61 281/1/61 282/1/61 283/1/61 284/1/61 345/1/61 365/1/61 362/1/61 364/1/61 367/1/61 371/1/61 388/1/61 393/1/61 391/1/61 392/1/61 386/1/61 384/1/61 385/1/61 383/1/61 380/1/61 379/1/61 378/1/61 381/1/61 382/1/61 389/1/61
f 411/1/60 412/1/60 415/1/60 370/1/60
f 366/1/60 370/1/60 415/1/60
f 368/1/62 367/1/62 370/1/62 369/1/62
f 371/1/63 372/1/63 412/1/63 411/1/63
f 332/1/64 339/1/64 337/1/64
f 340/1/65 338/1/65 376/1/65 377/1/65
f 339/1/64 374/1/64 375/1/64
f 339/1/64 375/1/64 373/1/64 337/1/64
f 339/1/66 332/1/66 338/1/66 340/1/66
f 337/1/67 373/1/67 376/1/67
f 337/1/67 376/1/67 338/1/67
f 332/1/68 337/1/68 338/1/68
f 373/1/67 375/1/67 376/1/67
f 350/1/69 361/1/69 363/1/69 364/1/69 362/1/69
f 360/1/70 344/1/70 363/1/70 361/1/70
f 359/1/71 336/1/71 344/1/71 360/1/71
f 335/1/72 336/1/72 359/1/72 358/1/72
f 357/1/73 334/1/73 335/1/73 358/1/73
f 346/1/74 333/1/74 334/1/74 357/1/74
f 349/1/75 341/1/75 333/1/75 346/1/75
f 347/1/76 342/1/76 341/1/76 349/1/76
f 348/1/77 343/1/77 342/1/77 347/1/77
f 352/1/78 281/1/78 343/1/78 348/1/78
f 353/1/79 282/1/79 281/1/79 352/1/79
f 283/1/80 282/1/80 353/1/80 355/1/80
f 284/1/81 283/1/81 355/1/81 354/1/81
f 345/1/82 284/1/82 354/1/82 356/1/82
f 351/1/83 365/1/83 345/1/83 356/1/83
f 350/1/84 362/1/84 365/1/84 351/1/84
f 409/1/85 384/1/85 386/1/85 410/1/85
f 398/1/70 385/1/70 384/1/70 409/1/70
f 397/1/71 383/1/71 385/1/71 398/1/71
f 380/1/72 383/1/72 397/1/72 396/1/72
f 395/1/73 379/1/73 380/1/73 396/1/73
f 394/1/74 378/1/74 379/1/74 395/1/74
f 400/1/75 381/1/75 378/1/75 394/1/75
f 399/1/76 382/1/76 381/1/76 400/1/76
f 401/1/77 389/1/77 382/1/77 399/1/77
f 390/1/78 389/1/78 401/1/78 402/1/78 403/1/78
f 404/1/86 387/1/86 390/1/86 403/1/86
f 388/1/80 387/1/80 404/1/80 405/1/80
f 393/1/87 388/1/87 405/1/87 406/1/87
f 391/1/82 393/1/82 406/1/82 408/1/82
f 407/1/83 392/1/83 391/1/83 408/1/83
f 410/1/84 386/1/84 392/1/84 407/1/84
f 71/1/88 70/1/88 68/1/88 90/1/88 74/1/88 72/1/88
f 67/1/88 66/1/88 65/1/88 64/1/88 50/1/88 52/1/88 51/1/88 53/1/88 54/1/88 55/1/88 56/1/88 69/1/88 72/1/88 74/1/88 13/1/88 18/1/88 19/1/88 20/1/88 40/1/88 41/1/88 43/1/88 42/1/88 44/1/88 28/1/88 27/1/88 26/1/88 25/1/88 24/1/88 23/1/88 9/1/88 90/1/88 68/1/88
f 9/1/88 23/1/88 22/1/88 21/1/88 18/1/88 13/1/88
f 9/1/89 10/1/89 89/1/89 90/1/89
f 12/1/90 88/1/90 17/1/90
f 88/1/90 12/1/90 93/1/90 91/1/90
f 15/1/91 14/1/91 73/1/91 76/1/91
f 13/1/92 16/1/92 12/1/92 9/1/92
f 82/1/93 84/1/93 85/1/93 86/1/93 87/1/93 93/1/93
f 12/1/93 16/1/93 29/1/93 32/1/93 33/1/93 34/1/93
f 83/1/93 63/1/93 62/1/93 61/1/93 60/1/93 58/1/93 59/1/93 57/1/93 78/1/93 79/1/93 80/1/93 81/1/93 82/1/93 93/1/93 12/1/93 34/1/93 35/1/93 36/1/93 37/1/93 38/1/93 39/1/93 49/1/93 47/1/93 48/1/93 46/1/93 45/1/93 31/1/93 30/1/93 29/1/93 16/1/93 87/1/93 86/1/93
f 75/1/94 74/1/94 87/1/94 77/1/94
f 90/1/95 89/1/95 91/1/95 93/1/95
f 11/1/90 12/1/90 17/1/90
f 73/1/91 75/1/91 77/1/91 76/1/91
f 76/1/96 77/1/96 87/1/96
f 13/1/97 14/1/97 15/1/97 16/1/97
f 15/1/96 87/1/96 16/1/96
f 15/1/98 76/1/98 87/1/98
f 73/1/99 74/1/99 75/1/99
f 14/1/100 74/1/100 73/1/100
f 13/1/101 74/1/101 14/1/101
f 87/1/102 74/1/102 90/1/102 93/1/102
f 10/1/103 9/1/103 12/1/103 11/1/103
f 81/1/104 67/1/104 68/1/104 82/1/104
f 80/1/105 66/1/105 67/1/105 81/1/105
f 79/1/106 65/1/106 66/1/106 80/1/106
f 78/1/107 64/1/107 65/1/107 79/1/107
f 57/1/108 50/1/108 64/1/108 78/1/108
f 59/1/109 52/1/109 50/1/109 57/1/109
f 51/1/110 52/1/110 59/1/110 58/1/110
f 53/1/111 51/1/111 58/1/111 60/1/111
f 54/1/112 53/1/112 60/1/112 61/1/112
f 55/1/113 54/1/113 61/1/113 62/1/113
f 56/1/114 55/1/114 62/1/114 63/1/114
f 69/1/115 56/1/115 63/1/115 83/1/115
f 72/1/116 69/1/116 83/1/116 86/1/116
f 71/1/117 72/1/117 86/1/117 85/1/117
f 84/1/118 70/1/118 71/1/118 85/1/118
f 82/1/119 68/1/119 70/1/119 84/1/119
f 37/1/104 26/1/104 27/1/104 38/1/104
f 36/1/105 25/1/105 26/1/105 37/1/105
f 35/1/106 24/1/106 25/1/106 36/1/106
f 34/1/107 23/1/107 24/1/107 35/1/107
f 33/1/108 22/1/108 23/1/108 34/1/108
f 32/1/120 21/1/120 22/1/120 33/1/120
f 18/1/110 21/1/110 32/1/110 29/1/110
f 19/1/111 18/1/111 29/1/111 30/1/111
f 20/1/112 19/1/112 30/1/112 31/1/112
f 40/1/113 20/1/113 31/1/113 45/1/113
f 41/1/114 40/1/114 45/1/114 46/1/114
f 43/1/115 41/1/115 46/1/115 48/1/115
f 42/1/116 43/1/116 48/1/116 47/1/116
f 44/1/117 42/1/117 47/1/117 49/1/117
f 39/1/118 28/1/118 44/1/118 49/1/118
f 38/1/121 27/1/121 28/1/121 39/1/121
f 315/1/122 314/1/122 306/1/122 305/1/122 307/1/122 308/1/122 309/1/122 310/1/122 311/1/122 312/1/122 313/1/122 319/1/122 320/1/122 326/1/122 117/1/122 111/1/122 134/1/122 135/1/122 136/1/122 139/1/122 138/1/122 137/1/122 133/1/122 132/1/122 131/1/122 130/1/122 129/1/122 108/1/122 107/1/122 106/1/122 329/1/122 316/1/122
f 318/1/122 317/1/122 316/1/122 329/1/122 326/1/122 320/1/122
f 106/1/122 107/1/122 109/1/122 110/1/122 111/1/122 117/1/122
f 115/1/123 112/1/123 117/1/123 113/1/123
f 322/1/124 112/1/124 321/1/124 323/1/124
f 112/1/124 116/1/124 321/1/124
f 325/1/125 326/1/125 327/1/125
f 140/1/125 326/1/125 325/1/125
f 297/1/126 294/1/126 296/1/126 298/1/126
f 112/1/127 97/1/127 106/1/127 117/1/127
f 322/1/128 326/1/128 329/1/128 328/1/128
f 97/1/129 98/1/129 102/1/129 106/1/129
f 112/1/124 115/1/124 116/1/124
f 322/1/130 323/1/130 324/1/130 327/1/130 326/1/130
f 140/1/125 113/1/125 117/1/125 326/1/125
f 97/1/131 112/1/131 105/1/131 104/1/131 103/1/131 100/1/131
f 303/1/131 293/1/131 292/1/131 291/1/131 290/1/131 289/1/131 288/1/131 287/1/131 285/1/131 286/1/131 295/1/131 299/1/131 300/1/131 328/1/131 97/1/131 100/1/131 101/1/131 118/1/131 119/1/131 120/1/131 121/1/131 122/1/131 127/1/131 126/1/131 128/1/131 125/1/131 124/1/131 123/1/131 105/1/131 112/1/131 322/1/131 304/1/131
f 300/1/131 301/1/131 302/1/131 304/1/131 322/1/131 328/1/131
f 294/1/132 328/1/132 296/1/132
f 97/1/132 328/1/132 294/1/132
f 97/1/132 99/1/132 98/1/132
f 298/1/133 296/1/133 328/1/133 329/1/133
f 97/1/134 294/1/134 99/1/134
f 297/1/135 298/1/135 329/1/135
f 102/1/136 329/1/136 106/1/136
f 102/1/136 297/1/136 329/1/136
f 102/1/126 294/1/126 297/1/126
f 99/1/126 294/1/126 102/1/126
f 98/1/126 99/1/126 102/1/126
f 134/1/137 123/1/137 124/1/137 135/1/137
f 111/1/138 105/1/138 123/1/138 134/1/138
f 110/1/139 104/1/139 105/1/139 111/1/139
f 109/1/140 103/1/140 104/1/140 110/1/140
f 107/1/141 100/1/141 103/1/141 109/1/141
f 108/1/142 101/1/142 100/1/142 107/1/142
f 118/1/143 101/1/143 108/1/143 129/1/143
f 119/1/144 118/1/144 129/1/144 130/1/144
f 120/1/145 119/1/145 130/1/145 131/1/145
f 121/1/146 120/1/146 131/1/146 132/1/146
f 122/1/147 121/1/147 132/1/147 133/1/147
f 127/1/148 122/1/148 133/1/148 137/1/148
f 138/1/149 126/1/149 127/1/149 137/1/149
f 139/1/150 128/1/150 126/1/150 138/1/150
f 136/1/151 125/1/151 128/1/151 139/1/151
f 135/1/152 124/1/152 125/1/152 136/1/152
f 312/1/137 292/1/137 293/1/137 313/1/137
f 311/1/138 291/1/138 292/1/138 312/1/138
f 310/1/153 290/1/153 291/1/153 311/1/153
f 309/1/154 289/1/154 290/1/154 310/1/154
f 308/1/155 288/1/155 289/1/155 309/1/155
f 307/1/142 287/1/142 288/1/142 308/1/142
f 285/1/143 287/1/143 307/1/143 305/1/143
f 286/1/144 285/1/144 305/1/144 306/1/144
f 295/1/145 286/1/145 306/1/145 314/1/145
f 299/1/156 295/1/156 314/1/156 315/1/156
f 300/1/157 299/1/157 315/1/157 316/1/157
f 301/1/158 300/1/158 316/1/158 317/1/158
f 318/1/149 302/1/149 301/1/149 317/1/149
f 320/1/150 304/1/150 302/1/150 318/1/150
f 319/1/151 303/1/151 304/1/151 320/1/151
f 313/1/159 293/1/159 303/1/159 319/1/159
f 689/1/160 688/1/160 687/1/160 686/1/160 694/1/160 695/1/160
f 703/1/160 704/1/160 705/1/160 730/1/160 729/1/160 706/1/160 707/1/160 708/1/160 731/1/160 725/1/160 726/1/160 741/1/160 743/1/160 745/1/160 746/1/160 744/1/160 749/1/160 750/1/160 677/1/160 681/1/160 678/1/160 674/1/160 1009/1/160 1010/1/160 1013/1/160 1014/1/160 1015/1/160 1012/1/160 1011/1/160 1019/1/160 1018/1/160 685/1/160 683/1/160 684/1/160 682/1/160 680/1/160 676/1/160 675/1/160 673/1/160 671/1/160 672/1/160 670/1/160 748/1/160 747/1/160 742/1/160 727/1/160 728/1/160 734/1/160 733/1/160 732/1/160 724/1/160 723/1/160 721/1/160 722/1/160 719/1/160 720/1/160 718/1/160 717/1/160 697/1/160 696/1/160 695/1/160 694/1/160 1032/1/160 1016/1/160 686/1/160 687/1/160 709/1/160 710/1/160 711/1/160
f 677/1/160 676/1/160 680/1/160 679/1/160 681/1/160
f 741/1/160 726/1/160 727/1/160 742/1/160
f 730/1/160 705/1/160 719/1/160 722/1/160
f 694/1/161 698/1/161 797/1/161 796/1/161 795/1/161
f 794/1/162 1034/1/162 1033/1/162
f 794/1/163 800/1/163 793/1/163 1034/1/163
f 1017/1/164 690/1/164 686/1/164 1016/1/164
f 686/1/165 693/1/165 698/1/165 694/1/165
f 1021/1/166 1016/1/166 1032/1/166 1037/1/166
f 693/1/167 713/1/167 702/1/167 699/1/167 700/1/167 698/1/167
f 764/1/167 763/1/167 768/1/167 766/1/167
f 763/1/167 770/1/167 769/1/167 762/1/167 753/1/167 754/1/167 761/1/167 756/1/167 752/1/167 751/1/167 792/1/167 791/1/167 790/1/167 786/1/167 785/1/167 787/1/167 779/1/167 778/1/167 712/1/167 716/1/167 715/1/167 714/1/167 713/1/167 693/1/167 1021/1/167 1037/1/167 698/1/167 700/1/167 701/1/167 782/1/167 783/1/167 784/1/167 780/1/167 781/1/167 789/1/167 788/1/167 735/1/167 736/1/167 737/1/167 739/1/167 740/1/167 738/1/167 759/1/167 758/1/167 757/1/167 760/1/167 755/1/167 772/1/167 773/1/167 774/1/167 765/1/167 764/1/167 766/1/167 775/1/167 776/1/167 777/1/167 771/1/167 1027/1/167 1028/1/167 1030/1/167 1031/1/167 1029/1/167 1026/1/167 1025/1/167 1022/1/167 1024/1/167 1023/1/167 767/1/167 768/1/167
f 756/1/167 758/1/167 759/1/167 752/1/167
f 781/1/167 779/1/167 787/1/167 789/1/167
f 793/1/168 797/1/168 698/1/168 1037/1/168 1034/1/168
f 800/1/163 794/1/163 795/1/163 796/1/163
f 694/1/169 795/1/169 794/1/169 1033/1/169 1032/1/169
f 1016/1/170 1021/1/170 1020/1/170
f 693/1/171 1020/1/171 1021/1/171
f 686/1/172 690/1/172 693/1/172
f 690/1/173 692/1/173 693/1/173
f 691/1/171 693/1/171 692/1/171
f 691/1/171 1020/1/171 693/1/171
f 1016/1/174 1020/1/174 1017/1/174
f 1034/1/175 1037/1/175 1032/1/175 1033/1/175
f 690/1/176 1020/1/176 691/1/176
f 690/1/176 1017/1/176 1020/1/176
f 690/1/177 691/1/177 692/1/177
f 782/1/178 697/1/178 717/1/178 783/1/178
f 701/1/179 696/1/179 697/1/179 782/1/179
f 700/1/180 695/1/180 696/1/180 701/1/180
f 699/1/181 689/1/181 695/1/181 700/1/181
f 702/1/182 688/1/182 689/1/182 699/1/182
f 713/1/183 687/1/183 688/1/183 702/1/183
f 714/1/184 709/1/184 687/1/184 713/1/184
f 715/1/185 710/1/185 709/1/185 714/1/185
f 711/1/186 710/1/186 715/1/186 716/1/186
f 703/1/187 711/1/187 716/1/187 712/1/187
f 704/1/188 703/1/188 712/1/188 778/1/188
f 705/1/189 704/1/189 778/1/189 779/1/189
f 781/1/190 719/1/190 705/1/190 779/1/190
f 780/1/191 720/1/191 719/1/191 781/1/191
f 784/1/192 718/1/192 720/1/192 780/1/192
f 783/1/193 717/1/193 718/1/193 784/1/193
f 737/1/178 732/1/178 733/1/178 739/1/178
f 736/1/179 724/1/179 732/1/179 737/1/179
f 735/1/194 723/1/194 724/1/194 736/1/194
f 788/1/181 721/1/181 723/1/181 735/1/181
f 722/1/195 721/1/195 788/1/195 789/1/195 787/1/195 730/1/195
f 785/1/183 729/1/183 730/1/183 787/1/183
f 786/1/184 706/1/184 729/1/184 785/1/184
f 790/1/196 707/1/196 706/1/196 786/1/196
f 708/1/186 707/1/186 790/1/186 791/1/186
f 731/1/187 708/1/187 791/1/187 792/1/187
f 751/1/188 725/1/188 731/1/188 792/1/188
f 726/1/197 725/1/197 751/1/197 752/1/197
f 759/1/198 727/1/198 726/1/198 752/1/198
f 738/1/191 728/1/191 727/1/191 759/1/191
f 740/1/192 734/1/192 728/1/192 738/1/192
f 739/1/199 733/1/199 734/1/199 740/1/199
f 772/1/178 672/1/178 671/1/178 773/1/178
f 755/1/179 670/1/179 672/1/179 772/1/179
f 760/1/194 748/1/194 670/1/194 755/1/194
f 757/1/200 747/1/200 748/1/200 760/1/200
f 741/1/195 742/1/195 747/1/195 757/1/195 758/1/195 756/1/195
f 761/1/183 743/1/183 741/1/183 756/1/183
f 754/1/184 745/1/184 743/1/184 761/1/184
f 753/1/196 746/1/196 745/1/196 754/1/196
f 744/1/186 746/1/186 753/1/186 762/1/186
f 749/1/187 744/1/187 762/1/187 769/1/187
f 750/1/188 749/1/188 769/1/188 770/1/188
f 763/1/197 677/1/197 750/1/197 770/1/197
f 764/1/190 676/1/190 677/1/190 763/1/190
f 765/1/191 675/1/191 676/1/191 764/1/191
f 774/1/192 673/1/192 675/1/192 765/1/192
f 773/1/199 671/1/199 673/1/199 774/1/199
f 771/1/178 685/1/178 1018/1/178 1027/1/178
f 777/1/179 683/1/179 685/1/179 771/1/179
f 776/1/180 684/1/180 683/1/180 777/1/180
f 775/1/181 682/1/181 684/1/181 776/1/181
f 679/1/182 680/1/182 682/1/182 775/1/182 766/1/182
f 678/1/183 681/1/183 679/1/183 766/1/183 768/1/183 767/1/183
f 1023/1/184 674/1/184 678/1/184 767/1/184
f 1024/1/185 1009/1/185 674/1/185 1023/1/185
f 1010/1/186 1009/1/186 1024/1/186 1022/1/186
f 1025/1/187 1013/1/187 1010/1/187 1022/1/187
f 1026/1/188 1014/1/188 1013/1/188 1025/1/188
f 1029/1/189 1015/1/189 1014/1/189 1026/1/189
f 1012/1/190 1015/1/190 1029/1/190 1031/1/190
f 1030/1/191 1011/1/191 1012/1/191 1031/1/191
f 1028/1/192 1019/1/192 1011/1/192 1030/1/192
f 1027/1/199 1018/1/199 1019/1/199 1028/1/199
f 1004/1/201 1002/1/201 876/1/201 875/1/201
f 872/1/202 876/1/202 873/1/202
f 917/1/203 916/1/203 947/1/203 918/1/203
f 875/1/204 947/1/204 932/1/204 931/1/204 942/1/204 938/1/204 939/1/204 940/1/204 941/1/204 943/1/204 944/1/204 945/1/204 946/1/204 953/1/204 952/1/204 951/1/204 958/1/204 1004/1/204 994/1/204 998/1/204 999/1/204 1000/1/204 997/1/204 996/1/204 995/1/204 992/1/204 991/1/204 977/1/204 985/1/204 983/1/204 984/1/204 986/1/204
f 875/1/204 986/1/204 987/1/204 993/1/204 994/1/204 1004/1/204
f 933/1/204 932/1/204 947/1/204 958/1/204 951/1/204 950/1/204
f 916/1/205 948/1/205 958/1/205 947/1/205
f 876/1/206 916/1/206 917/1/206
f 873/1/207 876/1/207 917/1/207
f 872/1/208 873/1/208 874/1/208
f 873/1/208 917/1/208 874/1/208
f 874/1/208 917/1/208 918/1/208
f 916/1/209 922/1/209 929/1/209 930/1/209 937/1/209 948/1/209
f 948/1/209 937/1/209 934/1/209 936/1/209 935/1/209 928/1/209 927/1/209 926/1/209 925/1/209 924/1/209 923/1/209 919/1/209 921/1/209 920/1/209 922/1/209 916/1/209 876/1/209 982/1/209 981/1/209 980/1/209 978/1/209 979/1/209 969/1/209 970/1/209 971/1/209 972/1/209 973/1/209 974/1/209 975/1/209 1001/1/209 990/1/209 1002/1/209
f 989/1/209 988/1/209 982/1/209 876/1/209 1002/1/209 990/1/209
f 958/1/210 956/1/210 976/1/210 1005/1/210 1004/1/210
f 876/1/211 872/1/211 874/1/211 875/1/211
f 1006/1/212 948/1/212 1002/1/212 1003/1/212
f 948/1/213 949/1/213 957/1/213
f 1003/1/214 1002/1/214 1004/1/214 1005/1/214
f 956/1/215 958/1/215 948/1/215 957/1/215
f 948/1/213 1006/1/213 949/1/213
f 918/1/216 947/1/216 875/1/216 874/1/216
f 940/1/217 924/1/217 925/1/217 941/1/217
f 940/1/218 939/1/218 923/1/218 924/1/218
f 919/1/219 923/1/219 939/1/219 938/1/219
f 942/1/220 921/1/220 919/1/220 938/1/220
f 931/1/221 920/1/221 921/1/221 942/1/221
f 932/1/222 922/1/222 920/1/222 931/1/222
f 933/1/223 929/1/223 922/1/223 932/1/223
f 950/1/224 930/1/224 929/1/224 933/1/224
f 930/1/225 950/1/225 951/1/225 937/1/225
f 952/1/226 934/1/226 937/1/226 951/1/226
f 953/1/227 936/1/227 934/1/227 952/1/227
f 946/1/228 935/1/228 936/1/228 953/1/228
f 945/1/229 928/1/229 935/1/229 946/1/229
f 944/1/230 927/1/230 928/1/230 945/1/230
f 943/1/231 926/1/231 927/1/231 944/1/231
f 941/1/232 925/1/232 926/1/232 943/1/232
f 984/1/217 981/1/217 982/1/217 986/1/217
f 980/1/218 981/1/218 984/1/218 983/1/218
f 978/1/219 980/1/219 983/1/219 985/1/219
f 977/1/220 979/1/220 978/1/220 985/1/220
f 991/1/221 969/1/221 979/1/221 977/1/221
f 992/1/222 970/1/222 969/1/222 991/1/222
f 995/1/233 971/1/233 970/1/233 992/1/233
f 996/1/224 972/1/224 971/1/224 995/1/224
f 997/1/225 973/1/225 972/1/225 996/1/225
f 1000/1/226 974/1/226 973/1/226 997/1/226
f 999/1/227 975/1/227 974/1/227 1000/1/227
f 975/1/228 999/1/228 998/1/228 1001/1/228
f 1001/1/229 998/1/229 994/1/229 990/1/229
f 993/1/230 989/1/230 990/1/230 994/1/230
f 989/1/231 993/1/231 987/1/231 988/1/231
f 986/1/232 982/1/232 988/1/232 987/1/232
f 484/1/234 482/1/234 481/1/234 483/1/234 466/1/234 489/1/234 485/1/234
f 541/1/234 540/1/234 533/1/234 512/1/234 511/1/234 510/1/234 522/1/234 523/1/234 524/1/234 525/1/234 526/1/234 527/1/234 530/1/234 466/1/234 483/1/234 468/1/234 494/1/234 504/1/234 505/1/234 506/1/234 507/1/234 508/1/234 509/1/234 488/1/234 487/1/234 486/1/234 485/1/234 489/1/234 549/1/234 542/1/234
f 530/1/234 527/1/234 543/1/234 544/1/234 545/1/234 542/1/234 549/1/234
f 467/1/235 466/1/235 530/1/235 529/1/235
f 465/1/236 467/1/236 521/1/236
f 465/1/237 521/1/237 520/1/237
f 464/1/237 465/1/237 520/1/237
f 539/1/238 520/1/238 530/1/238 549/1/238
f 474/1/239 475/1/239 476/1/239 477/1/239 499/1/239 498/1/239 497/1/239 496/1/239 495/1/239 493/1/239 492/1/239 463/1/239 462/1/239 464/1/239 520/1/239 518/1/239 517/1/239 516/1/239 515/1/239 513/1/239 514/1/239 500/1/239 501/1/239 502/1/239 503/1/239 534/1/239 535/1/239 536/1/239 539/1/239 478/1/239
f 536/1/239 538/1/239 537/1/239 519/1/239 518/1/239 520/1/239 539/1/239
f 462/1/239 471/1/239 472/1/239 473/1/239 474/1/239 478/1/239 464/1/239
f 467/1/236 529/1/236 521/1/236
f 521/1/236 529/1/236 528/1/236
f 520/1/240 521/1/240 528/1/240
f 465/1/241 464/1/241 466/1/241 467/1/241
f 466/1/242 464/1/242 478/1/242 489/1/242
f 478/1/243 480/1/243 479/1/243
f 546/1/244 539/1/244 549/1/244 550/1/244
f 531/1/243 478/1/243 539/1/243 546/1/243
f 478/1/243 531/1/243 480/1/243
f 520/1/245 528/1/245 529/1/245 530/1/245
f 489/1/246 490/1/246 491/1/246
f 489/1/246 491/1/246 532/1/246
f 549/1/246 489/1/246 532/1/246 550/1/246
f 489/1/247 478/1/247 479/1/247 490/1/247
f 468/1/248 463/1/248 492/1/248 494/1/248
f 483/1/249 462/1/249 463/1/249 468/1/249
f 481/1/250 471/1/250 462/1/250 483/1/250
f 472/1/251 471/1/251 481/1/251 482/1/251
f 473/1/252 472/1/252 482/1/252 484/1/252
f 474/1/253 473/1/253 484/1/253 485/1/253
f 475/1/254 474/1/254 485/1/254 486/1/254
f 476/1/255 475/1/255 486/1/255 487/1/255
f 477/1/256 476/1/256 487/1/256 488/1/256
f 499/1/257 477/1/257 488/1/257 509/1/257
f 498/1/258 499/1/258 509/1/258 508/1/258
f 507/1/259 497/1/259 498/1/259 508/1/259
f 506/1/260 496/1/260 497/1/260 507/1/260
f 505/1/261 495/1/261 496/1/261 506/1/261
f 504/1/262 493/1/262 495/1/262 505/1/262
f 494/1/263 492/1/263 493/1/263 504/1/263
f 523/1/248 513/1/248 515/1/248 524/1/248
f 522/1/249 514/1/249 513/1/249 523/1/249
f 510/1/250 500/1/250 514/1/250 522/1/250
f 501/1/251 500/1/251 510/1/251 511/1/251
f 502/1/252 501/1/252 511/1/252 512/1/252
f 503/1/253 502/1/253 512/1/253 533/1/253
f 534/1/254 503/1/254 533/1/254 540/1/254
f 535/1/255 534/1/255 540/1/255 541/1/255
f 536/1/256 535/1/256 541/1/256 542/1/256
f 538/1/257 536/1/257 542/1/257 545/1/257
f 537/1/258 538/1/258 545/1/258 544/1/258
f 543/1/259 519/1/259 537/1/259 544/1/259
f 527/1/260 518/1/260 519/1/260 543/1/260
f 526/1/261 517/1/261 518/1/261 527/1/261
f 525/1/262 516/1/262 517/1/262 526/1/262
f 524/1/263 515/1/263 516/1/263 525/1/263
f 831/1/264 832/1/264 837/1/264 835/1/264 836/1/264 834/1/264 833/1/264 828/1/264 827/1/264 826/1/264 825/1/264 822/1/264 823/1/264 803/1/264 871/1/264 899/1/264 898/1/264 897/1/264 893/1/264 894/1/264 895/1/264 896/1/264 901/1/264 902/1/264 903/1/264 904/1/264 908/1/264 907/1/264 914/1/264 857/1/264
f 871/1/264 914/1/264 907/1/264 906/1/264 905/1/264 900/1/264 899/1/264
f 803/1/264 823/1/264 824/1/264 829/1/264 830/1/264 831/1/264 857/1/264 847/1/264 866/1/264 865/1/264
f 909/1/265 859/1/265 857/1/265 914/1/265 915/1/265
f 801/1/266 802/1/266 804/1/266 803/1/266
f 801/1/267 803/1/267 865/1/267 844/1/267
f 847/1/267 857/1/267 855/1/267
f 842/1/268 843/1/268 852/1/268 864/1/268 910/1/268
f 869/1/269 912/1/269 914/1/269 871/1/269
f 841/1/268 842/1/268 910/1/268 911/1/268
f 840/1/268 841/1/268 911/1/268 913/1/268 912/1/268
f 815/1/270 814/1/270 809/1/270 808/1/270 801/1/270 844/1/270 845/1/270 816/1/270
f 869/1/270 883/1/270 884/1/270 890/1/270 891/1/270 892/1/270 912/1/270
f 889/1/270 888/1/270 887/1/270 886/1/270 885/1/270 879/1/270 878/1/270 880/1/270 877/1/270 881/1/270 882/1/270 883/1/270 869/1/270 801/1/270 808/1/270 807/1/270 806/1/270 810/1/270 813/1/270 811/1/270 812/1/270 818/1/270 819/1/270 821/1/270 820/1/270 817/1/270 816/1/270 845/1/270 846/1/270 840/1/270 912/1/270 892/1/270
f 912/1/271 913/1/271 915/1/271 914/1/271
f 852/1/272 853/1/272 855/1/272 857/1/272 859/1/272 864/1/272
f 870/1/273 868/1/273 869/1/273 871/1/273
f 801/1/274 869/1/274 867/1/274
f 805/1/274 802/1/274 801/1/274 867/1/274
f 803/1/275 804/1/275 870/1/275 871/1/275
f 867/1/274 869/1/274 868/1/274
f 802/1/276 805/1/276 804/1/276
f 804/1/276 805/1/276 867/1/276
f 804/1/276 867/1/276 870/1/276
f 867/1/276 868/1/276 870/1/276
f 811/1/277 813/1/277 827/1/277 828/1/277
f 812/1/278 811/1/278 828/1/278 833/1/278
f 834/1/279 818/1/279 812/1/279 833/1/279
f 836/1/280 819/1/280 818/1/280 834/1/280
f 835/1/281 821/1/281 819/1/281 836/1/281
f 837/1/282 820/1/282 821/1/282 835/1/282
f 832/1/283 817/1/283 820/1/283 837/1/283
f 831/1/284 816/1/284 817/1/284 832/1/284
f 830/1/285 815/1/285 816/1/285 831/1/285
f 829/1/286 814/1/286 815/1/286 830/1/286
f 824/1/287 809/1/287 814/1/287 829/1/287
f 823/1/288 808/1/288 809/1/288 824/1/288
f 822/1/289 807/1/289 808/1/289 823/1/289
f 825/1/290 806/1/290 807/1/290 822/1/290
f 810/1/291 806/1/291 825/1/291 826/1/291
f 813/1/292 810/1/292 826/1/292 827/1/292
f 883/1/277 882/1/277 898/1/277 899/1/277
f 884/1/278 883/1/278 899/1/278 900/1/278
f 884/1/279 900/1/279 905/1/279 890/1/279
f 906/1/293 891/1/293 890/1/293 905/1/293
f 907/1/281 892/1/281 891/1/281 906/1/281
f 908/1/282 889/1/282 892/1/282 907/1/282
f 904/1/283 888/1/283 889/1/283 908/1/283
f 903/1/284 887/1/284 888/1/284 904/1/284
f 902/1/285 886/1/285 887/1/285 903/1/285
f 901/1/294 885/1/294 886/1/294 902/1/294
f 896/1/287 879/1/287 885/1/287 901/1/287
f 895/1/288 878/1/288 879/1/288 896/1/288
f 894/1/295 880/1/295 878/1/295 895/1/295
f 893/1/290 877/1/290 880/1/290 894/1/290
f 881/1/291 877/1/291 893/1/291 897/1/291
f 882/1/292 881/1/292 897/1/292 898/1/292
f 458/1/296 461/1/296 862/1/296 854/1/296 860/1/296
f 429/1/297 838/1/297 839/1/297 846/1/297 845/1/297 844/1/297 865/1/297 866/1/297 452/1/297
f 276/1/298 446/1/298 445/1/298 275/1/298
f 434/1/298 441/1/298 443/1/298 442/1/298 449/1/298 450/1/298 448/1/298 447/1/298 446/1/298 276/1/298 277/1/298 278/1/298 279/1/298 280/1/298 271/1/298 270/1/298 269/1/298 268/1/298 267/1/298 266/1/298 249/1/298 250/1/298 251/1/298 252/1/298 253/1/298 274/1/298 275/1/298 445/1/298 444/1/298 435/1/298 436/1/298 438/1/298 437/1/298 439/1/298 440/1/298 452/1/298 866/1/298 847/1/298 855/1/298 853/1/298 856/1/298 858/1/298
f 839/1/299 843/1/299 842/1/299 841/1/299 840/1/299 846/1/299
f 459/1/299 863/1/299 861/1/299 862/1/299 461/1/299
f 452/1/299 440/1/299 441/1/299 434/1/299 453/1/299 454/1/299
f 459/1/299 461/1/299 460/1/299
f 852/1/300 843/1/300 839/1/300 838/1/300 849/1/300 850/1/300 856/1/300 853/1/300
f 854/1/300 862/1/300 861/1/300
f 426/1/301 425/1/301 429/1/301 457/1/301 433/1/301
f 424/1/301 416/1/301 420/1/301 418/1/301 417/1/301 419/1/301 421/1/301 260/1/301 259/1/301 258/1/301 248/1/301 247/1/301 246/1/301 245/1/301 254/1/301 255/1/301 257/1/301 256/1/301 265/1/301 261/1/301 264/1/301 263/1/301 262/1/301 273/1/301 272/1/301 422/1/301 423/1/301 430/1/301 431/1/301 432/1/301 427/1/301 428/1/301 426/1/301 433/1/301 849/1/301 838/1/301 429/1/301 425/1/301
f 260/1/301 421/1/301 422/1/301 272/1/301
f 429/1/302 452/1/302 454/1/302 451/1/302 457/1/302
f 458/1/302 460/1/302 461/1/302
f 440/1/303 425/1/303 426/1/303 441/1/303
f 439/1/304 424/1/304 425/1/304 440/1/304
f 437/1/305 416/1/305 424/1/305 439/1/305
f 438/1/306 420/1/306 416/1/306 437/1/306
f 436/1/307 418/1/307 420/1/307 438/1/307
f 435/1/308 417/1/308 418/1/308 436/1/308
f 419/1/309 417/1/309 435/1/309 444/1/309
f 421/1/310 419/1/310 444/1/310 445/1/310
f 446/1/311 422/1/311 421/1/311 445/1/311
f 447/1/312 423/1/312 422/1/312 446/1/312
f 423/1/313 447/1/313 448/1/313 430/1/313
f 450/1/314 431/1/314 430/1/314 448/1/314
f 449/1/315 432/1/315 431/1/315 450/1/315
f 442/1/316 427/1/316 432/1/316 449/1/316
f 443/1/317 428/1/317 427/1/317 442/1/317
f 441/1/318 426/1/318 428/1/318 443/1/318
f 259/1/303 260/1/303 272/1/303 273/1/303 277/1/303 276/1/303 275/1/303 274/1/303
f 253/1/304 258/1/304 259/1/304 274/1/304
f 252/1/319 248/1/319 258/1/319 253/1/319
f 251/1/306 247/1/306 248/1/306 252/1/306
f 250/1/307 246/1/307 247/1/307 251/1/307
f 249/1/308 245/1/308 246/1/308 250/1/308
f 266/1/320 254/1/320 245/1/320 249/1/320
f 267/1/310 255/1/310 254/1/310 266/1/310
f 257/1/311 255/1/311 267/1/311 268/1/311
f 269/1/312 256/1/312 257/1/312 268/1/312
f 270/1/321 265/1/321 256/1/321 269/1/321
f 271/1/322 261/1/322 265/1/322 270/1/322
f 280/1/315 264/1/315 261/1/315 271/1/315
f 279/1/316 263/1/316 264/1/316 280/1/316
f 278/1/323 262/1/323 263/1/323 279/1/323
f 277/1/318 273/1/318 262/1/318 278/1/318
f 212/1/324 215/1/324 213/1/324
f 92/1/325 94/1/325 95/1/325
f 94/1/8 212/1/8 213/1/8 95/1/8
f 212/1/326 94/1/326 92/1/326 227/1/326 228/1/326 237/1/326 236/1/326 209/1/326 210/1/326 211/1/326 218/1/326 219/1/326 216/1/326 215/1/326
f 92/1/327 95/1/327 238/1/327 213/1/327 215/1/327 216/1/327 220/1/327 221/1/327 222/1/327 224/1/327 226/1/327 241/1/327 231/1/327 229/1/327 227/1/327
f 95/1/328 213/1/328 238/1/328
f 153/1/329 150/1/329 207/1/329 208/1/329 237/1/329 228/1/329
f 240/1/330 236/1/330 237/1/330 239/1/330
f 142/1/331 145/1/331 218/1/331 211/1/331
f 221/1/332 223/1/332 222/1/332
f 209/1/333 236/1/333 240/1/333
f 147/1/334 146/1/334 145/1/334 142/1/334 150/1/334 153/1/334 152/1/334 151/1/334
f 149/1/335 148/1/335 152/1/335 153/1/335 228/1/335 227/1/335 229/1/335 231/1/335 230/1/335 234/1/335
f 224/1/336 232/1/336 226/1/336
f 224/1/337 222/1/337 223/1/337 234/1/337 233/1/337 225/1/337 232/1/337
f 211/1/334 210/1/334 209/1/334 240/1/334 239/1/334
f 230/1/338 231/1/338 241/1/338 242/1/338 235/1/338
f 214/1/331 143/1/331 144/1/331 217/1/331
f 145/1/339 143/1/339 214/1/339 219/1/339 218/1/339
f 220/1/340 223/1/340 221/1/340
f 226/1/339 232/1/339 242/1/339 241/1/339
f 148/1/334 144/1/334 143/1/334 145/1/334 146/1/334 147/1/334 151/1/334 152/1/334
f 144/1/333 148/1/333 149/1/333 234/1/333 217/1/333
f 230/1/333 235/1/333 234/1/333
f 216/1/341 219/1/341 214/1/341 217/1/341 234/1/341 223/1/341 220/1/341
f 232/1/341 225/1/341 233/1/341 234/1/341 235/1/341 242/1/341
f 203/1/338 195/1/338 196/1/338 188/1/338 187/1/338 186/1/338 183/1/338 189/1/338 182/1/338 181/1/338 173/1/338 174/1/338 177/1/338 175/1/338 176/1/338 192/1/338 193/1/338 190/1/338 191/1/338 199/1/338 200/1/338 8/1/338 6/1/338 202/1/338 205/1/338 206/1/338 204/1/338
f 8/1/338 200/1/338 194/1/338 198/1/338 197/1/338 204/1/338 206/1/338
f 141/1/331 5/1/331 7/1/331 166/1/331 165/1/331 164/1/331 163/1/331 162/1/331 156/1/331 157/1/331 155/1/331 154/1/331 169/1/331 170/1/331 172/1/331 171/1/331 178/1/331 179/1/331 180/1/331 184/1/331 185/1/331 158/1/331 161/1/331 160/1/331 159/1/331 168/1/331 201/1/331
f 167/1/331 166/1/331 7/1/331 201/1/331 168/1/331
f 5/1/334 6/1/334 8/1/334 7/1/334
f 201/1/333 7/1/333 8/1/333 206/1/333
f 205/1/341 141/1/341 201/1/341 206/1/341
f 179/1/342 178/1/342 189/1/342 183/1/342
f 180/1/343 179/1/343 183/1/343 186/1/343
f 187/1/344 184/1/344 180/1/344 186/1/344
f 185/1/345 184/1/345 187/1/345 188/1/345
f 196/1/346 158/1/346 185/1/346 188/1/346
f 195/1/347 161/1/347 158/1/347 196/1/347
f 160/1/348 161/1/348 195/1/348 203/1/348
f 159/1/349 160/1/349 203/1/349 204/1/349 197/1/349
f 168/1/350 159/1/350 197/1/350 198/1/350
f 167/1/351 168/1/351 198/1/351 194/1/351
f 166/1/352 167/1/352 194/1/352 200/1/352
f 165/1/353 166/1/353 200/1/353 199/1/353
f 164/1/354 165/1/354 199/1/354 191/1/354
f 163/1/355 164/1/355 191/1/355 190/1/355
f 193/1/356 162/1/356 163/1/356 190/1/356
f 156/1/357 162/1/357 193/1/357 192/1/357
f 176/1/358 157/1/358 156/1/358 192/1/358
f 175/1/359 155/1/359 157/1/359 176/1/359
f 154/1/360 155/1/360 175/1/360 177/1/360
f 174/1/361 169/1/361 154/1/361 177/1/361
f 170/1/362 169/1/362 174/1/362 173/1/362
f 172/1/363 170/1/363 173/1/363 181/1/363
f 171/1/364 172/1/364 181/1/364 182/1/364
f 178/1/365 171/1/365 182/1/365 189/1/365
f 654/1/366 653/1/366 663/1/366 664/1/366
f 650/1/367 647/1/367 659/1/367 662/1/367
f 645/1/368 651/1/368 667/1/368 658/1/368
f 652/1/369 654/1/369 664/1/369 665/1/369
f 656/1/370 657/1/370 660/1/370 661/1/370 658/1/370 667/1/370 662/1/370 659/1/370
f 663/1/371 665/1/371 664/1/371
f 642/1/372 643/1/372 656/1/372 659/1/372 647/1/372
f 645/1/373 649/1/373 648/1/373 642/1/373 647/1/373 650/1/373 651/1/373
f 652/1/373 653/1/373 654/1/373
f 655/1/368 644/1/368 646/1/368 666/1/368
f 646/1/369 645/1/369 658/1/369 666/1/369
f 657/1/370 656/1/370 655/1/370 666/1/370 658/1/370 661/1/370 660/1/370
f 643/1/372 644/1/372 655/1/372 656/1/372
f 645/1/373 646/1/373 644/1/373 643/1/373 642/1/373 648/1/373 649/1/373
f 1087/1/374 1084/1/374 1085/1/374 1089/1/374
f 1099/1/375 1100/1/375 1079/1/375 1077/1/375
f 1076/1/375 1077/1/375 1079/1/375
f 1087/1/376 1089/1/376 1088/1/376
f 1083/1/375 1058/1/375 1057/1/375 1056/1/375 1055/1/375 1054/1/375 961/1/375 963/1/375 962/1/375 964/1/375 965/1/375 967/1/375 968/1/375 1080/1/375 1081/1/375 1082/1/375 1091/1/375 1092/1/375 1093/1/375 1075/1/375 966/1/375 960/1/375 1067/1/375 1085/1/375 1084/1/375
f 1098/1/375 1100/1/375 1099/1/375
f 1071/1/377 1070/1/377 1047/1/377 1046/1/377 1045/1/377 1044/1/377 1043/1/377 1042/1/377 1041/1/377 1040/1/377 1051/1/377 1049/1/377 1050/1/377 1052/1/377 1053/1/377 1059/1/377 1060/1/377 1061/1/377 1062/1/377 1064/1/377 1065/1/377 1066/1/377 1068/1/377 1048/1/377 959/1/377 1074/1/377 1072/1/377 1097/1/377 1096/1/377
f 1063/1/377 1097/1/377 1072/1/377 1073/1/377 1066/1/377 1065/1/377
f 1079/1/378 1100/1/378 1069/1/378 1078/1/378
f 1067/1/379 960/1/379 1048/1/379 1068/1/379
f 1069/1/379 1100/1/379 1098/1/379
f 960/1/380 966/1/380 959/1/380 1048/1/380
f 959/1/381 966/1/381 1075/1/381 1074/1/381
f 1076/1/381 1079/1/381 1078/1/381
f 1086/1/382 1090/1/382 1063/1/382 1065/1/382
f 1063/1/383 1090/1/383 1095/1/383 1097/1/383
f 1095/1/384 1094/1/384 1096/1/384 1097/1/384
f 1071/1/385 1096/1/385 1094/1/385 1093/1/385 1092/1/385
f 1070/1/386 1071/1/386 1092/1/386 1091/1/386
f 1047/1/387 1070/1/387 1091/1/387 1082/1/387
f 1082/1/388 1081/1/388 1046/1/388 1047/1/388
f 1081/1/389 1080/1/389 1045/1/389 1046/1/389
f 1044/1/390 1045/1/390 1080/1/390 968/1/390
f 968/1/391 967/1/391 1043/1/391 1044/1/391
f 1042/1/392 1043/1/392 967/1/392 965/1/392
f 1041/1/393 1042/1/393 965/1/393 964/1/393
f 1040/1/394 1041/1/394 964/1/394 962/1/394
f 962/1/395 963/1/395 1051/1/395 1040/1/395
f 1049/1/396 1051/1/396 963/1/396 961/1/396
f 961/1/397 1054/1/397 1050/1/397 1049/1/397
f 1052/1/398 1050/1/398 1054/1/398 1055/1/398
f 1053/1/399 1052/1/399 1055/1/399 1056/1/399
f 1059/1/400 1053/1/400 1056/1/400 1057/1/400
f 1057/1/401 1058/1/401 1060/1/401 1059/1/401
f 1061/1/402 1060/1/402 1058/1/402 1083/1/402
f 1062/1/403 1061/1/403 1083/1/403 1084/1/403
f 1064/1/404 1062/1/404 1084/1/404 1087/1/404
f 1064/1/405 1087/1/405 1088/1/405 1086/1/405 1065/1/405
f 636/1/406 637/1/406 640/1/406 598/1/406 635/1/406
f 641/1/406 638/1/406 639/1/406
f 595/1/406 596/1/406 634/1/406 633/1/406 635/1/406 598/1/406 560/1/406 562/1/406 632/1/406 631/1/406 630/1/406 629/1/406 628/1/406 591/1/406 592/1/406 593/1/406 594/1/406
f 564/1/406 639/1/406 638/1/406 563/1/406
f 556/1/407 557/1/407 558/1/407
f 574/1/408 572/1/408 573/1/408
f 559/1/409 597/1/409 569/1/409 568/1/409 589/1/409 590/1/409 588/1/409 587/1/409 578/1/409 582/1/409 581/1/409 580/1/409 579/1/409 577/1/409 576/1/409 575/1/409 583/1/409 584/1/409 585/1/409 586/1/409 599/1/409 600/1/409 602/1/409 601/1/409 603/1/409 555/1/409 561/1/409
f 567/1/409 566/1/409 555/1/409 603/1/409 606/1/409 607/1/409 565/1/409 619/1/409 618/1/409 617/1/409 616/1/409 615/1/409 614/1/409 589/1/409 568/1/409
f 571/1/407 572/1/407 574/1/407 558/1/407 557/1/407 570/1/407
f 574/1/410 639/1/410 564/1/410 558/1/410
f 574/1/411 573/1/411 641/1/411 639/1/411
f 597/1/411 598/1/411 640/1/411 569/1/411
f 598/1/412 597/1/412 559/1/412 560/1/412
f 558/1/413 564/1/413 563/1/413 556/1/413
f 559/1/413 561/1/413 562/1/413 560/1/413
f 577/1/414 593/1/414 592/1/414
f 592/1/415 591/1/415 576/1/415 577/1/415
f 576/1/416 591/1/416 628/1/416 583/1/416 575/1/416
f 628/1/417 629/1/417 584/1/417 583/1/417
f 629/1/418 630/1/418 585/1/418 584/1/418
f 630/1/419 631/1/419 586/1/419 585/1/419
f 586/1/420 631/1/420 632/1/420 613/1/420 599/1/420
f 599/1/421 613/1/421 612/1/421 600/1/421
f 600/1/422 612/1/422 611/1/422 604/1/422 601/1/422 602/1/422
f 601/1/423 604/1/423 605/1/423 609/1/423 610/1/423 606/1/423 603/1/423
f 608/1/424 607/1/424 606/1/424 610/1/424
f 607/1/425 608/1/425 620/1/425 565/1/425
f 565/1/426 620/1/426 621/1/426 622/1/426 618/1/426 619/1/426
f 617/1/427 618/1/427 622/1/427 624/1/427 623/1/427
f 616/1/428 617/1/428 623/1/428 625/1/428
f 615/1/429 616/1/429 625/1/429 626/1/429 627/1/429 614/1/429
f 589/1/430 614/1/430 627/1/430 637/1/430 636/1/430
f 636/1/431 635/1/431 590/1/431 589/1/431
f 635/1/432 633/1/432 588/1/432 590/1/432
f 633/1/433 634/1/433 587/1/433 588/1/433
f 587/1/434 634/1/434 596/1/434 582/1/434 578/1/434
f 581/1/435 582/1/435 596/1/435 595/1/435 580/1/435
f 580/1/436 595/1/436 594/1/436 579/1/436
f 594/1/437 593/1/437 577/1/437 579/1/437
f 1101/1/438 1102/1/438 1103/1/438 1104/1/438
f 1105/1/439 1108/1/439 1107/1/439 1106/1/439
f 1101/1/440 1105/1/440 1106/1/440 1102/1/440
f 1102/1/441 1106/1/441 1107/1/441 1103/1/441
f 1103/1/442 1107/1/442 1108/1/442 1104/1/442
f 1104/1/443 1108/1/443 1105/1/443 1101/1/443
f 1111/1/440 1110/1/440 1109/1/440
f 1114/1/442 1112/1/442 1113/1/442
f 1111/1/444 1109/1/444 1112/1/444 1114/1/444
f 1110/1/438 1111/1/438 1114/1/438 1113/1/438
f 1109/1/445 1110/1/445 1113/1/445 1112/1/445
f 1119/1/446 1124/1/446 1120/1/446 1123/1/446
f 1116/1/447 1117/1/447 1125/1/447
f 1117/1/448 1116/1/448 1115/1/448
f 1124/1/449 1117/1/449 1115/1/449
f 1119/1/450 1117/1/450 1124/1/450
f 1126/1/451 1115/1/451 1116/1/451 1127/1/451
f 1115/1/452 1126/1/452 1130/1/452 1128/1/452
f 1127/1/453 1116/1/453 1121/1/453 1118/1/453 1129/1/453 1132/1/453 1131/1/453 1133/1/453 1134/1/453
f 1123/1/11 1121/1/11 1125/1/11
f 1121/1/11 1116/1/11 1125/1/11
f 1135/1/454 1129/1/454 1118/1/454 1124/1/454 1115/1/454 1128/1/454
f 1118/1/325 1120/1/325 1124/1/325
f 1120/1/455 1121/1/455 1123/1/455
f 1120/1/456 1118/1/456 1121/1/456
f 1117/1/457 1119/1/457 1123/1/457 1125/1/457
f 1130/1/458 1126/1/458 1122/1/458 1136/1/458
f 1137/1/459 1136/1/459 1122/1/459 1127/1/459 1134/1/459
f 1122/1/460 1126/1/460 1127/1/460
f 1132/1/461 1129/1/461 1135/1/461 1131/1/461
f 1131/1/462 1135/1/462 1128/1/462 1130/1/462 1136/1/462 1137/1/462 1134/1/462 1133/1/462
f 1138/1/463 1142/1/463 1143/1/463
f 1138/1/464 1143/1/464 1141/1/464
f 1138/1/465 1141/1/465 1147/1/465
f 1138/1/466 1147/1/466 1139/1/466
f 1138/1/467 1139/1/467 1142/1/467
f 1142/1/468 1144/1/468 1143/1/468
f 1139/1/469 1140/1/469 1142/1/469
f 1143/1/470 1144/1/470 1146/1/470
f 1143/1/471 1146/1/471 1145/1/471
f 1141/1/472 1143/1/472 1145/1/472
f 1141/1/18 1145/1/18 1146/1/18
f 1141/1/18 1146/1/18 1147/1/18
f 1142/1/473 1140/1/473 1146/1/473 1144/1/473
f 1139/1/474 1147/1/474 1146/1/474 1140/1/474
f 1153/1/475 1155/1/475 1157/1/475
f 1156/1/476 1157/1/476 1155/1/476
f 1149/1/477 1148/1/477 1155/1/477 1153/1/477
f 1154/1/478 1153/1/478 1157/1/478
f 1154/1/479 1149/1/479 1153/1/479
f 1157/1/480 1156/1/480 1150/1/480 1154/1/480
f 1150/1/18 1151/1/18 1154/1/18
f 1151/1/481 1150/1/481 1148/1/481
f 1154/1/482 1152/1/482 1149/1/482
f 1151/1/18 1152/1/18 1154/1/18
f 1155/1/483 1148/1/483 1150/1/483 1156/1/483
f 1151/1/484 1148/1/484 1149/1/484 1152/1/484
f 1158/1/485 1159/1/485 1160/1/485 1161/1/485
f 1162/1/17 1165/1/17 1164/1/17 1163/1/17
f 1158/1/486 1162/1/486 1163/1/486 1159/1/486
f 1159/1/58 1163/1/58 1164/1/58 1160/1/58
f 1160/1/487 1164/1/487 1165/1/487 1161/1/487
f 1161/1/59 1165/1/59 1162/1/59 1158/1/59
f 1173/1/488 1172/1/488 1167/1/488 1166/1/488 1168/1/488 1171/1/488
f 1176/1/8 1177/1/8 1174/1/8 1175/1/8 1170/1/8 1169/1/8
f 1176/1/489 1169/1/489 1166/1/489 1167/1/489 1178/1/489 1179/1/489
f 1167/1/92 1172/1/92 1180/1/92 1178/1/92
f 1170/1/490 1175/1/490 1171/1/490 1168/1/490
f 1168/1/102 1166/1/102 1169/1/102 1170/1/102
f 1174/1/491 1173/1/491 1171/1/491 1175/1/491
f 1180/1/492 1172/1/492 1173/1/492 1174/1/492 1177/1/492 1181/1/492
f 1176/1/493 1179/1/493 1181/1/493 1177/1/493
f 1181/1/494 1179/1/494 1178/1/494 1180/1/494
f 1182/1/495 1183/1/495 1184/1/495 1185/1/495
f 1186/1/1 1189/1/1 1188/1/1 1187/1/1
f 1182/1/496 1186/1/496 1187/1/496 1183/1/496
f 1183/1/128 1187/1/128 1188/1/128 1184/1/128
f 1184/1/497 1188/1/497 1189/1/497 1185/1/497
f 1185/1/127 1189/1/127 1186/1/127 1182/1/127
f 1190/1/498 1193/1/498 1192/1/498 1191/1/498
f 1194/1/2 1195/1/2 1196/1/2 1197/1/2
f 1190/1/499 1191/1/499 1195/1/499 1194/1/499
f 1191/1/166 1192/1/166 1196/1/166 1195/1/166
f 1192/1/500 1193/1/500 1197/1/500 1196/1/500
f 1193/1/165 1190/1/165 1194/1/165 1197/1/165
f 1198/1/501 1201/1/501 1200/1/501 1199/1/501
f 1208/1/5 1205/1/5 1202/1/5 1203/1/5 1204/1/5 1209/1/5 1210/1/5 1211/1/5 1207/1/5
f 1198/1/502 1199/1/502 1202/1/502 1205/1/502 1206/1/502 1214/1/502 1213/1/502 1212/1/502
f 1199/1/201 1200/1/201 1203/1/201 1202/1/201
f 1200/1/503 1201/1/503 1204/1/503 1203/1/503
f 1215/1/205 1209/1/205 1204/1/205 1201/1/205 1198/1/205 1212/1/205
f 1216/1/504 1214/1/504 1206/1/504
f 1206/1/505 1205/1/505 1208/1/505 1217/1/505 1216/1/505
f 1210/1/506 1209/1/506 1215/1/506
f 1217/1/507 1208/1/507 1207/1/507 1211/1/507 1213/1/507 1214/1/507 1216/1/507
f 1210/1/508 1215/1/508 1212/1/508 1213/1/508 1211/1/508
f 1218/1/509 1221/1/509 1220/1/509 1219/1/509
f 1228/1/12 1227/1/12 1223/1/12 1224/1/12 1222/1/12 1225/1/12 1226/1/12
f 1230/1/510 1225/1/510 1222/1/510 1218/1/510 1219/1/510 1229/1/510
f 1220/1/238 1223/1/238 1227/1/238 1231/1/238 1232/1/238 1229/1/238 1219/1/238
f 1220/1/511 1221/1/511 1224/1/511 1223/1/511
f 1221/1/242 1218/1/242 1222/1/242 1224/1/242
f 1230/1/512 1226/1/512 1225/1/512
f 1232/1/513 1228/1/513 1226/1/513 1230/1/513 1229/1/513
f 1231/1/514 1227/1/514 1228/1/514 1232/1/514
f 1233/1/515 1234/1/515 1235/1/515 1236/1/515
f 1237/1/7 1240/1/7 1239/1/7 1238/1/7
f 1233/1/516 1237/1/516 1238/1/516 1234/1/516
f 1234/1/269 1238/1/269 1239/1/269 1235/1/269
f 1235/1/517 1239/1/517 1240/1/517 1236/1/517
f 1236/1/267 1240/1/267 1237/1/267 1233/1/267
f 1243/1/518 1246/1/518 1247/1/518
f 1242/1/519 1247/1/519 1246/1/519
f 1241/1/520 1247/1/520 1242/1/520
f 1241/1/521 1243/1/521 1247/1/521
f 1243/1/9 1244/1/9 1246/1/9
f 1241/1/324 1244/1/324 1243/1/324
f 1244/1/522 1245/1/522 1246/1/522
f 1242/1/523 1246/1/523 1245/1/523
f 1245/1/524 1244/1/524 1241/1/524 1242/1/524
f 1248/1/525 1251/1/525 1249/1/525
f 1248/1/526 1249/1/526 1254/1/526
f 1248/1/527 1254/1/527 1250/1/527
f 1248/1/528 1250/1/528 1251/1/528
f 1249/1/529 1251/1/529 1252/1/529
f 1249/1/18 1252/1/18 1254/1/18
f 1250/1/530 1254/1/530 1253/1/530
f 1252/1/18 1253/1/18 1254/1/18
f 1253/1/531 1252/1/531 1251/1/531 1250/1/531
f 1256/1/532 1257/1/532 1258/1/532
f 1257/1/533 1259/1/533 1258/1/533
f 1256/1/534 1260/1/534 1255/1/534
f 1257/1/535 1256/1/535 1255/1/535
f 1261/1/536 1262/1/536 1257/1/536 1255/1/536 1263/1/536
f 1262/1/537 1264/1/537 1259/1/537 1257/1/537
f 1266/1/538 1265/1/538 1260/1/538 1259/1/538 1264/1/538
f 1260/1/539 1265/1/539 1263/1/539 1255/1/539
f 1259/1/540 1260/1/540 1256/1/540 1258/1/540
f 1262/1/541 1261/1/541 1266/1/541 1264/1/541
f 1263/1/542 1265/1/542 1266/1/542 1261/1/542
f 1271/1/543 1273/1/543 1272/1/543
f 1275/1/544 1276/1/544 1279/1/544 1278/1/544 1277/1/544 1273/1/544 1271/1/544 1269/1/544 1270/1/544 1280/1/544 1274/1/544
f 1267/1/545 1268/1/545 1272/1/545
f 1271/1/546 1272/1/546 1268/1/546
f 1269/1/547 1271/1/547 1268/1/547
f 1270/1/548 1269/1/548 1267/1/548
f 1267/1/549 1269/1/549 1268/1/549
f 1270/1/550 1267/1/550 1272/1/550 1273/1/550 1277/1/550 1285/1/550 1286/1/550 1281/1/550 1282/1/550 1283/1/550 1284/1/550 1287/1/550 1280/1/550
f 1277/1/551 1278/1/551 1286/1/551 1285/1/551
f 1283/1/552 1275/1/552 1274/1/552 1280/1/552 1287/1/552 1284/1/552
f 1279/1/553 1276/1/553 1275/1/553 1283/1/553 1282/1/553 1281/1/553 1286/1/553 1278/1/553
f 1290/1/554 1288/1/554 1294/1/554 1296/1/554 1297/1/554 1298/1/554 1295/1/554
f 1288/1/555 1291/1/555 1294/1/555
f 1294/1/15 1291/1/15 1293/1/15
f 1296/1/556 1294/1/556 1293/1/556 1290/1/556 1295/1/556 1300/1/556 1299/1/556
f 1290/1/557 1293/1/557 1289/1/557
f 1288/1/558 1290/1/558 1289/1/558
f 1291/1/15 1292/1/15 1293/1/15
f 1289/1/559 1293/1/559 1292/1/559
f 1291/1/560 1288/1/560 1289/1/560 1292/1/560
f 1296/1/561 1299/1/561 1297/1/561
f 1295/1/562 1298/1/562 1297/1/562 1299/1/562 1300/1/562
f 1301/1/563 1306/1/563 1303/1/563
f 1303/1/564 1306/1/564 1307/1/564
f 1302/1/565 1303/1/565 1307/1/565
f 1301/1/566 1303/1/566 1302/1/566
f 1301/1/567 1305/1/567 1306/1/567
f 1305/1/568 1307/1/568 1306/1/568
f 1304/1/569 1307/1/569 1305/1/569
f 1302/1/570 1307/1/570 1304/1/570
f 1301/1/571 1302/1/571 1304/1/571 1305/1/571
f 1308/1/569 1309/1/569 1310/1/569
f 1311/1/523 1312/1/523 1313/1/523
f 1311/1/9 1313/1/9 1310/1/9 1309/1/9
f 1312/1/572 1311/1/572 1309/1/572 1308/1/572
f 1313/1/573 1312/1/573 1308/1/573 1310/1/573
f 1321/1/324 1317/1/324 1318/1/324 1319/1/324 1320/1/324
f 1314/1/325 1315/1/325 1316/1/325
f 1319/1/9 1318/1/9 1315/1/9 1314/1/9 1322/1/9
f 1318/1/574 1317/1/574 1316/1/574 1315/1/574
f 1322/1/575 1314/1/575 1316/1/575 1317/1/575 1321/1/575 1323/1/575
f 1323/1/461 1320/1/461 1319/1/461 1322/1/461
f 1323/1/462 1321/1/462 1320/1/462
f 1324/1/569 1326/1/569 1325/1/569
f 1327/1/523 1329/1/523 1328/1/523
f 1329/1/1 1325/1/1 1326/1/1 1328/1/1
f 1327/1/576 1324/1/576 1325/1/576 1329/1/576
f 1328/1/577 1326/1/577 1324/1/577 1327/1/577
f 1331/1/548 1332/1/548 1339/1/548 1336/1/548
f 1330/1/548 1338/1/548 1337/1/548
f 1334/1/578 1333/1/578 1335/1/578
f 1332/1/10 1331/1/10 1333/1/10 1334/1/10
f 1340/1/579 1338/1/579 1330/1/579 1335/1/579 1333/1/579 1331/1/579 1336/1/579
f 1341/1/580 1339/1/580 1332/1/580 1334/1/580 1335/1/580 1330/1/580 1337/1/580
f 1340/1/581 1336/1/581 1339/1/581 1341/1/581
f 1337/1/582 1338/1/582 1340/1/582 1341/1/582
f 1348/1/566 1351/1/566 1342/1/566 1343/1/566 1350/1/566 1349/1/566
f 1344/1/583 1347/1/583 1346/1/583
f 1350/1/11 1343/1/11 1347/1/11 1344/1/11 1352/1/11 1353/1/11
f 1346/1/584 1347/1/584 1343/1/584 1342/1/584
f 1354/1/585 1352/1/585 1344/1/585 1346/1/585 1342/1/585 1351/1/585
f 1353/1/461 1352/1/461 1354/1/461 1345/1/461
f 1348/1/462 1345/1/462 1354/1/462 1351/1/462
f 1350/1/586 1353/1/586 1345/1/586 1348/1/586 1349/1/586
f 1357/1/566 1355/1/566 1356/1/566
f 1358/1/587 1359/1/587 1360/1/587
f 1358/1/9 1357/1/9 1356/1/9 1359/1/9
f 1360/1/588 1355/1/588 1357/1/588 1358/1/588
f 1359/1/589 1356/1/589 1355/1/589 1360/1/589
f 1361/1/590 1363/1/590 1362/1/590
f 1368/1/591 1364/1/591 1365/1/591 1366/1/591 1367/1/591
f 1369/1/18 1366/1/18 1365/1/18 1362/1/18 1363/1/18
f 1364/1/592 1361/1/592 1362/1/592 1365/1/592
f 1369/1/593 1363/1/593 1361/1/593 1364/1/593 1368/1/593 1370/1/593
f 1368/1/594 1367/1/594 1370/1/594
f 1367/1/595 1366/1/595 1369/1/595 1370/1/595
f 1371/1/529 1373/1/529 1372/1/529
f 1374/1/596 1375/1/596 1376/1/596
f 1375/1/17 1372/1/17 1373/1/17 1376/1/17
f 1374/1/597 1371/1/597 1372/1/597 1375/1/597
f 1376/1/598 1373/1/598 1371/1/598 1374/1/598
f 1377/1/599 1378/1/599 1379/1/599
f 1380/1/468 1381/1/468 1382/1/468
f 1381/1/16 1379/1/16 1378/1/16 1382/1/16
f 1380/1/600 1377/1/600 1379/1/600 1381/1/600
f 1382/1/601 1378/1/601 1377/1/601 1380/1/601
f 1383/1/529 1384/1/529 1385/1/529
f 1386/1/596 1387/1/596 1388/1/596
f 1388/1/18 1387/1/18 1383/1/18 1385/1/18
f 1386/1/602 1388/1/602 1385/1/602 1384/1/602
f 1387/1/603 1386/1/603 1384/1/603 1383/1/603
f 1389/1/599 1390/1/599 1391/1/599
f 1392/1/468 1394/1/468 1393/1/468
f 1393/1/2 1394/1/2 1391/1/2 1390/1/2
f 1392/1/604 1393/1/604 1390/1/604 1389/1/604
f 1394/1/605 1392/1/605 1389/1/605 1391/1/605
f 1400/1/530 1398/1/530 1399/1/530
f 1395/1/481 1396/1/481 1397/1/481
f 1399/1/18 1397/1/18 1396/1/18 1400/1/18
f 1400/1/606 1396/1/606 1395/1/606 1398/1/606
f 1398/1/607 1395/1/607 1397/1/607 1399/1/607
f 1406/1/530 1404/1/530 1405/1/530
f 1401/1/481 1403/1/481 1402/1/481
f 1406/1/608 1405/1/608 1402/1/608 1403/1/608
f 1401/1/609 1402/1/609 1405/1/609 1404/1/609
f 1403/1/610 1401/1/610 1404/1/610 1406/1/610
f 1410/1/532 1413/1/532 1412/1/532
f 1414/1/543 1408/1/543 1407/1/543 1409/1/543 1415/1/543
f 1417/1/543 1415/1/543 1409/1/543 1408/1/543 1414/1/543 1416/1/543
f 1413/1/611 1410/1/611 1408/1/611 1409/1/611
f 1410/1/612 1412/1/612 1407/1/612 1408/1/612
f 1412/1/613 1413/1/613 1409/1/613 1407/1/613
f 1416/1/614 1414/1/614 1411/1/614
f 1415/1/615 1411/1/615 1414/1/615
f 1417/1/616 1416/1/616 1411/1/616 1415/1/616
f 1419/1/532 1420/1/532 1421/1/532
f 1418/1/543 1427/1/543 1426/1/543
f 1429/1/13 1430/1/13 1423/1/13 1422/1/13 1431/1/13 1428/1/13
f 1419/1/617 1421/1/617 1424/1/617 1423/1/617 1430/1/617 1432/1/617 1427/1/617 1418/1/617
f 1425/1/618 1420/1/618 1419/1/618 1418/1/618 1426/1/618 1433/1/618 1431/1/618 1422/1/618
f 1422/1/561 1423/1/561 1424/1/561 1425/1/561
f 1421/1/619 1420/1/619 1425/1/619 1424/1/619
f 1432/1/541 1430/1/541 1429/1/541
f 1433/1/542 1426/1/542 1427/1/542 1432/1/542 1429/1/542 1428/1/542
f 1428/1/620 1431/1/620 1433/1/620
f 1434/1/555 1436/1/555 1435/1/555
f 1437/1/538 1438/1/538 1439/1/538 1440/1/538
f 1435/1/13 1436/1/13 1442/1/13 1441/1/13
f 1438/1/621 1437/1/621 1434/1/621 1435/1/621 1441/1/621 1444/1/621 1443/1/621
f 1436/1/622 1434/1/622 1437/1/622 1440/1/622 1445/1/622 1446/1/622 1442/1/622
f 1441/1/623 1442/1/623 1446/1/623 1444/1/623
f 1443/1/624 1444/1/624 1446/1/624 1445/1/624 1440/1/624 1439/1/624 1438/1/624
f 1449/1/559 1451/1/559 1450/1/559 1455/1/559 1454/1/559 1453/1/559
f 1452/1/625 1447/1/625 1448/1/625
f 1452/1/3 1448/1/3 1450/1/3 1451/1/3
f 1447/1/626 1452/1/626 1451/1/626 1449/1/626
f 1456/1/627 1455/1/627 1450/1/627 1448/1/627 1447/1/627 1449/1/627 1453/1/627
f 1454/1/628 1455/1/628 1456/1/628
f 1456/1/629 1453/1/629 1454/1/629
f 1463/1/630 1462/1/630 1461/1/630 1460/1/630
f 1457/1/476 1458/1/476 1459/1/476
f 1459/1/631 1458/1/631 1461/1/631 1462/1/631 1465/1/631 1464/1/631
f 1461/1/632 1458/1/632 1457/1/632 1460/1/632
f 1463/1/633 1460/1/633 1457/1/633 1459/1/633 1464/1/633 1466/1/633
f 1464/1/634 1465/1/634 1466/1/634
f 1465/1/635 1462/1/635 1463/1/635 1466/1/635
f 1473/1/630 1470/1/630 1474/1/630
f 1475/1/630 1472/1/630 1471/1/630 1476/1/630
f 1467/1/476 1469/1/476 1468/1/476
f 1471/1/5 1472/1/5 1468/1/5 1469/1/5
f 1474/1/636 1470/1/636 1467/1/636 1468/1/636 1472/1/636 1475/1/636 1477/1/636
f 1471/1/637 1469/1/637 1467/1/637 1470/1/637 1473/1/637 1478/1/637 1476/1/637
f 1477/1/638 1475/1/638 1476/1/638 1478/1/638
f 1478/1/635 1473/1/635 1474/1/635 1477/1/635
f 1479/1/11 1480/1/11 1481/1/11
f 1482/1/639 1484/1/639 1483/1/639
f 1479/1/640 1481/1/640 1484/1/640 1482/1/640
f 1480/1/641 1479/1/641 1482/1/641 1483/1/641
f 1481/1/642 1480/1/642 1483/1/642 1484/1/642
f 1585/1/643 1584/1/643 1536/1/643 1537/1/643 1534/1/643 1535/1/643 1587/1/643 1586/1/643
f 1495/1/644 1536/1/644 1584/1/644 1544/1/644
f 1587/1/645 1547/1/645 1545/1/645 1586/1/645
f 1535/1/646 1494/1/646 1548/1/646 1547/1/646 1587/1/646
f 1493/1/647 1494/1/647 1535/1/647 1534/1/647 1533/1/647
f 1496/1/643 1524/1/643 1525/1/643 1526/1/643 1549/1/643 1583/1/643 1582/1/643
f 1486/1/644 1485/1/644 1496/1/644 1582/1/644 1539/1/644 1538/1/644
f 1539/1/645 1582/1/645 1583/1/645 1543/1/645 1540/1/645
f 1526/1/646 1491/1/646 1541/1/646 1549/1/646
f 1485/1/647 1487/1/647 1489/1/647 1524/1/647 1496/1/647
f 1526/1/643 1525/1/643 1533/1/643 1534/1/643 1537/1/643 1536/1/643
f 1489/1/648 1490/1/648 1493/1/648
f 1518/1/645 1517/1/645 1516/1/645 1511/1/645 1512/1/645 1510/1/645 1513/1/645 1514/1/645 1515/1/645 1530/1/645 1531/1/645 1532/1/645 1522/1/645 1523/1/645 1521/1/645 1536/1/645 1495/1/645 1491/1/645 1526/1/645 1520/1/645 1519/1/645
f 1526/1/645 1536/1/645 1521/1/645 1520/1/645
f 1489/1/647 1493/1/647 1527/1/647 1503/1/647 1502/1/647 1501/1/647 1498/1/647 1497/1/647 1500/1/647 1499/1/647 1504/1/647 1505/1/647 1506/1/647 1507/1/647 1508/1/647 1509/1/647 1529/1/647 1533/1/647 1525/1/647 1524/1/647
f 1527/1/647 1493/1/647 1533/1/647 1529/1/647 1528/1/647
f 1583/1/643 1549/1/643 1584/1/643 1585/1/643 1586/1/643
f 1543/1/645 1583/1/645 1572/1/645 1571/1/645 1570/1/645 1569/1/645 1568/1/645 1567/1/645 1566/1/645 1578/1/645 1577/1/645 1579/1/645 1580/1/645 1581/1/645 1573/1/645 1574/1/645 1576/1/645 1586/1/645 1545/1/645
f 1575/1/645 1572/1/645 1583/1/645 1586/1/645 1576/1/645
f 1549/1/647 1541/1/647 1544/1/647 1557/1/647 1556/1/647 1555/1/647 1554/1/647 1551/1/647 1550/1/647 1553/1/647 1552/1/647 1559/1/647 1560/1/647 1561/1/647 1564/1/647 1565/1/647 1584/1/647
f 1562/1/647 1563/1/647 1558/1/647 1557/1/647 1544/1/647 1584/1/647 1565/1/647
f 1485/1/649 1486/1/649 1538/1/649
f 1491/1/643 1495/1/643 1544/1/643 1541/1/643
f 1546/1/650 1492/1/650 1488/1/650 1542/1/650
f 1487/1/644 1485/1/644 1538/1/644 1539/1/644 1540/1/644 1542/1/644 1488/1/644
f 1542/1/645 1540/1/645 1543/1/645 1545/1/645 1547/1/645 1546/1/645
f 1492/1/646 1546/1/646 1547/1/646 1548/1/646 1494/1/646
f 1490/1/647 1489/1/647 1487/1/647 1488/1/647 1492/1/647 1494/1/647 1493/1/647
f 1529/2/651 1532/3/651 1531/4/651 1528/5/651
f 1563/6/651 1574/7/651 1573/8/651 1558/9/651
f 1532/3/652 1529/2/652 1509/10/652 1522/11/652
f 1562/12/652 1576/13/652 1574/7/652 1563/6/652
f 1508/14/653 1523/15/653 1522/11/653 1509/10/653
f 1565/16/654 1575/17/654 1576/13/654 1562/12/654
f 1507/18/655 1520/19/655 1521/20/655 1523/15/655 1508/14/655
f 1564/21/655 1572/22/655 1575/17/655 1565/16/655
f 1506/23/656 1519/24/656 1520/19/656 1507/18/656
f 1561/25/656 1571/26/656 1572/22/656 1564/21/656
f 1505/27/657 1518/28/657 1519/24/657 1506/23/657
f 1560/29/657 1570/30/657 1571/26/657 1561/25/657
f 1504/31/658 1517/32/658 1518/28/658 1505/27/658
f 1559/33/658 1569/34/658 1570/30/658 1560/29/658
f 1499/35/659 1516/36/659 1517/32/659 1504/31/659
f 1552/37/659 1568/38/659 1569/34/659 1559/33/659
f 1500/39/660 1511/40/660 1516/36/660 1499/35/660
f 1553/41/660 1567/42/660 1568/38/660 1552/37/660
f 1497/43/661 1512/44/661 1511/40/661 1500/39/661
f 1550/45/661 1566/46/661 1567/42/661 1553/41/661
f 1498/47/662 1510/48/662 1512/44/662 1497/43/662
f 1551/49/662 1578/50/662 1566/46/662 1550/45/662
f 1501/51/663 1513/52/663 1510/48/663 1498/47/663
f 1554/53/663 1577/54/663 1578/50/663 1551/49/663
f 1502/55/664 1514/56/664 1513/52/664 1501/51/664
f 1555/57/664 1579/58/664 1577/54/664 1554/53/664
f 1503/59/665 1515/60/665 1514/56/665 1502/55/665
f 1556/61/665 1580/62/665 1579/58/665 1555/57/665
f 1515/60/666 1503/59/666 1527/63/666 1530/64/666
f 1557/65/666 1581/66/666 1580/62/666 1556/61/666
f 1528/67/667 1531/68/667 1530/64/667 1527/63/667
f 1558/69/667 1573/70/667 1581/66/667 1557/65/667
