# Blender 5.2.0 LTS
# www.blender.org
mtllib right_lower_face_v15.mtl
o PROPOSED__RIGHT_LOWER_FACE__V13_COMPONENT_001_INTEGRATED_V14
v -1.351500 20.353502 24.058498
v -1.127317 21.572920 25.363398
v 0.000000 39.511951 1.712930
v 0.000000 40.064999 -0.000003
v 0.175000 64.890411 23.798740
v 0.925000 65.467361 24.615517
v 4.675000 64.890411 23.798740
v 3.925000 65.467361 24.615517
v 0.523190 69.308830 11.322540
v 0.175000 68.577393 12.379189
v 0.523190 71.517815 12.035747
v 4.305793 69.352982 11.258760
v 4.305793 71.695305 12.015016
v 4.675000 68.577393 12.379189
v 0.523190 92.930779 18.949266
v 4.305793 91.988243 18.566917
v 0.175000 74.789558 21.511856
v 0.175000 73.587479 22.009773
v 0.175000 73.218964 22.561293
v 0.175000 73.089561 23.211855
v 0.175000 73.218964 23.862417
v 0.175000 74.139000 21.641260
v 0.175000 75.440117 21.641260
v 0.175000 73.587479 24.413937
v 0.175000 74.139000 24.782450
v 0.175000 74.789558 24.911856
v 0.175000 75.440117 24.782450
v 0.925000 70.225510 26.151760
v 0.175000 75.991638 22.009773
v 0.175000 76.360153 22.561293
v 0.175000 76.489555 23.211855
v 0.175000 76.360153 23.862417
v 0.175000 75.991638 24.413937
v 4.675000 74.789558 21.511854
v 4.675000 73.587479 22.009773
v 4.675000 73.218964 22.561293
v 4.675000 73.089561 23.211855
v 4.675000 73.218964 23.862417
v 4.675000 74.139000 21.641260
v 4.675000 75.440117 21.641260
v 3.925000 70.225510 26.151760
v 4.675000 73.587479 24.413937
v 4.675000 74.139000 24.782450
v 4.675000 74.789558 24.911854
v 4.675000 75.440117 24.782450
v 4.675000 75.991638 22.009773
v 4.675000 76.360153 22.561293
v 4.675000 76.489555 23.211855
v 4.675000 76.360153 23.862417
v 4.675000 75.991638 24.413937
v 0.175000 97.171883 28.738348
v 4.675000 97.171883 28.738346
v 0.175000 95.601288 29.787785
v 0.175000 95.969803 29.236265
v 0.175000 96.521324 28.867752
v 0.175000 95.471886 30.438347
v 0.175000 95.601288 31.088909
v 0.175000 95.969803 31.640429
v 0.175000 96.521324 32.008942
v 0.175000 97.822441 28.867752
v 0.175000 98.373962 29.236265
v 0.175000 98.742477 29.787785
v 0.175000 98.871880 30.438347
v 0.175000 98.742477 31.088909
v 0.175000 97.171883 32.138348
v 0.175000 97.822441 32.008942
v 0.175000 98.373962 31.640429
v 0.925000 99.155029 35.492126
v 4.675000 95.601288 29.787785
v 4.675000 95.969803 29.236265
v 4.675000 96.521324 28.867752
v 4.675000 95.471886 30.438347
v 4.675000 95.601288 31.088909
v 4.675000 95.969803 31.640429
v 4.675000 96.521324 32.008942
v 4.675000 97.822441 28.867752
v 4.675000 98.373962 29.236265
v 4.675000 98.742477 29.787785
v 4.675000 98.871880 30.438347
v 4.675000 98.742477 31.088909
v 4.675000 97.171883 32.138348
v 4.675000 97.822441 32.008942
v 4.675000 98.373962 31.640429
v 3.925000 99.155029 35.492126
v 0.523190 108.570381 23.998766
v 0.175000 108.545822 25.283640
v 4.305793 108.571861 23.921209
v 4.675000 108.545822 25.283640
v 0.175000 104.858841 36.703190
v 0.925000 103.913177 37.028370
v 3.925000 103.913177 37.028370
v 4.675000 104.858841 36.703190
v 0.522829 118.732559 27.281130
v 0.175000 118.001884 28.336685
v 4.326503 118.733963 27.279102
v 4.675000 118.001884 28.336685
v 0.175000 123.011971 37.967270
v 0.175000 123.563492 37.598755
v 0.175000 124.214050 37.469349
v 0.175000 124.864609 37.598755
v 0.175000 125.416130 37.967270
v 4.675000 123.011971 37.967266
v 4.675000 123.563492 37.598755
v 4.675000 124.214050 37.469349
v 4.675000 124.864609 37.598755
v 4.675000 125.416130 37.967266
v 0.175000 114.314903 39.756237
v 0.925000 114.891846 40.573009
v 3.925000 114.891846 40.573009
v 4.675000 114.314903 39.756237
v 0.175000 122.643456 38.518787
v 0.175000 122.514053 39.169350
v 0.175000 122.643456 39.819912
v 0.175000 123.011971 40.371433
v 0.175000 123.563492 40.739944
v 0.175000 125.784645 38.518787
v 0.175000 125.914047 39.169350
v 0.175000 124.864609 40.739944
v 0.175000 125.784645 39.819912
v 0.175000 125.416130 40.371433
v 0.175000 124.214050 40.869350
v 0.925000 119.649994 42.109257
v 3.925000 119.649994 42.109257
v 4.675000 122.643456 38.518787
v 4.675000 122.514053 39.169350
v 4.675000 122.643456 39.819912
v 4.675000 123.011971 40.371429
v 4.675000 123.563492 40.739944
v 4.675000 125.784645 38.518787
v 4.675000 125.914047 39.169350
v 4.675000 124.864609 40.739944
v 4.675000 125.784645 39.819912
v 4.675000 125.416130 40.371429
v 4.675000 124.214050 40.869350
v 40.504501 16.551003 20.420998
v 39.628422 17.492378 21.680481
v 31.466999 40.064999 -0.000003
v 31.600342 40.990150 1.538279
v 62.421608 24.493752 72.310959
v 58.491447 117.200005 22.418722
v 29.985817 11.829967 81.358902
v 30.778500 10.605006 82.413002
v 33.346500 50.113510 126.394501
v 32.636982 51.546989 125.568832
v 0.175000 145.945816 44.825245
v 0.175000 145.394287 45.193760
v 0.175000 146.596375 44.695839
v 0.175000 147.246933 44.825245
v 0.175000 145.025772 45.745277
v 0.175000 144.896378 46.395840
v 0.175000 145.025772 47.046402
v 0.175000 145.394287 47.597923
v 0.175000 145.945816 47.966434
v 0.175000 147.246933 47.966434
v 0.175000 147.798462 45.193760
v 0.175000 148.166962 45.745277
v 0.175000 148.296371 46.395840
v 0.175000 148.166962 47.046402
v 0.175000 147.798462 47.597923
v 4.675000 145.945816 44.825245
v 4.675000 145.394287 45.193756
v 4.675000 146.596375 44.695839
v 4.675000 147.246933 44.825245
v 4.675000 145.025787 45.745277
v 4.675000 144.896378 46.395840
v 4.675000 145.025787 47.046402
v 4.675000 145.394287 47.597919
v 4.675000 145.945816 47.966434
v 4.675000 147.246933 47.966434
v 4.675000 147.798462 45.193756
v 4.675000 148.166977 45.745277
v 4.675000 148.296371 46.395840
v 4.675000 148.166977 47.046402
v 4.675000 147.798462 47.597919
v 0.175000 146.596375 48.095840
v 4.675000 146.596375 48.095840
v 0.521433 157.994751 39.962742
v 0.175000 157.970306 41.241135
v 4.327899 157.994797 39.960278
v 4.675000 157.970306 41.241135
v 0.175000 154.283325 52.660683
v 0.925000 153.337677 52.985863
v 4.675000 154.283325 52.660683
v 3.925000 153.337677 52.985863
v 0.000000 188.338501 47.872486
v 0.000000 187.698990 49.555054
v 0.000000 187.785446 49.585419
v 0.175000 193.556519 53.086517
v 0.520351 194.334381 52.076763
v 4.675000 193.556519 53.086517
v 4.329144 194.335526 52.075283
v 0.175000 189.293152 64.303627
v 0.925000 189.827789 65.148712
v 0.175000 196.487854 62.441730
v 0.175000 197.039383 62.073215
v 0.175000 197.689941 61.943810
v 0.175000 198.340500 62.073215
v 0.175000 198.892029 62.441730
v 0.175000 196.119339 62.993248
v 0.175000 195.989944 63.643810
v 0.175000 196.119339 64.294373
v 0.175000 196.487854 64.845894
v 0.175000 197.039383 65.214409
v 0.175000 197.689941 65.343811
v 0.175000 199.260529 62.993248
v 0.175000 199.389938 63.643810
v 0.175000 199.260529 64.294373
v 0.175000 198.892029 64.845894
v 0.175000 198.340500 65.214409
v 0.925000 194.501587 66.925117
v 3.925000 189.827789 65.148712
v 4.675000 189.293152 64.303627
v 4.675000 196.487854 62.441727
v 4.675000 197.039383 62.073215
v 4.675000 197.689941 61.943810
v 4.675000 198.340500 62.073215
v 4.675000 198.892029 62.441727
v 3.925000 194.501587 66.925117
v 4.675000 196.119354 62.993248
v 4.675000 195.989944 63.643810
v 4.675000 196.119354 64.294373
v 4.675000 196.487854 64.845894
v 4.675000 197.039383 65.214401
v 4.675000 197.689941 65.343811
v 4.675000 199.260544 62.993248
v 4.675000 199.389938 63.643810
v 4.675000 199.260544 64.294373
v 4.675000 198.892029 64.845894
v 4.675000 198.340500 65.214401
v 0.175000 214.605835 69.327980
v 0.175000 214.237320 69.879501
v 0.175000 214.107925 70.530060
v 0.175000 214.237320 71.180618
v 0.175000 214.605835 71.732140
v 0.175000 215.157364 68.959465
v 0.175000 215.807922 68.830063
v 0.175000 216.458481 68.959465
v 0.175000 217.010010 69.327980
v 0.175000 215.157364 72.100655
v 0.175000 216.458481 72.100655
v 0.175000 217.378510 69.879501
v 0.175000 217.507919 70.530060
v 0.175000 217.378510 71.180618
v 0.175000 217.010010 71.732140
v 0.175000 215.807922 72.230057
v 4.675000 214.605835 69.327980
v 4.675000 214.237335 69.879501
v 4.675000 214.107925 70.530060
v 4.675000 214.237335 71.180618
v 4.675000 214.605835 71.732140
v 4.675000 215.157364 68.959465
v 4.675000 215.807922 68.830063
v 4.675000 216.458481 68.959465
v 4.675000 217.010010 69.327980
v 4.675000 215.157364 72.100655
v 4.675000 216.458481 72.100655
v 4.675000 217.378525 69.879501
v 4.675000 217.507919 70.530060
v 4.675000 217.378525 71.180618
v 4.675000 217.010010 71.732140
v 4.675000 215.807922 72.230057
v 0.520353 225.999252 64.111877
v 0.175000 225.910065 65.383392
v 0.000000 231.687424 65.801643
v 0.000000 233.274002 64.951485
v 0.000000 232.634491 66.634048
v 4.329142 225.999390 64.110023
v 4.675000 225.910065 65.383392
v 0.175000 221.646698 76.600510
v 0.925000 220.685730 76.877144
v 3.925000 220.685730 76.877144
v 4.675000 221.646698 76.600510
v 30.000000 233.274002 64.951485
v 29.863813 232.060425 66.273865
v 0.175000 228.151642 87.193230
v 0.925000 228.000626 88.181763
v 0.175000 234.486877 92.435280
v 0.175000 235.038406 92.066765
v 0.175000 234.118362 92.986801
v 0.175000 233.988968 93.637360
v 0.175000 234.118362 94.287918
v 0.175000 234.486877 94.839439
v 0.175000 235.038406 95.207954
v 0.925000 230.362167 92.588928
v 3.925000 228.000626 88.181763
v 4.675000 228.151642 87.193230
v 3.925000 230.362167 92.588928
v 4.675000 234.486877 92.435280
v 4.675000 235.038406 92.066765
v 4.675000 234.118378 92.986801
v 4.675000 233.988968 93.637360
v 4.675000 234.118378 94.287918
v 4.675000 234.486877 94.839439
v 4.675000 235.038406 95.207954
v 0.175000 238.728851 81.525520
v 0.520802 239.980026 81.273560
v 0.520803 241.068863 83.305573
v 4.325385 239.993820 81.270782
v 4.675000 238.728851 81.525520
v 0.175000 235.688965 91.937363
v 0.175000 236.339523 92.066765
v 0.175000 236.891052 92.435280
v 0.175000 237.259552 92.986801
v 0.175000 237.388962 93.637360
v 0.175000 237.259552 94.287918
v 0.175000 236.891052 94.839439
v 0.175000 235.688965 95.337357
v 0.175000 236.339523 95.207954
v 4.675000 235.688965 91.937363
v 4.675000 236.339523 92.066765
v 4.675000 236.891052 92.435280
v 4.675000 237.259567 92.986801
v 4.675000 237.388962 93.637360
v 4.675000 237.259567 94.287918
v 4.675000 236.891052 94.839439
v 4.675000 235.688965 95.337357
v 4.675000 236.339523 95.207954
v 0.520801 251.759659 103.256927
v 4.325387 251.684616 103.088356
v 0.175000 246.147125 112.798073
v 0.175000 246.797684 112.668671
v 0.175000 247.448242 112.798073
v 0.175000 245.595596 113.166588
v 0.175000 245.227081 113.718109
v 0.175000 245.097687 114.368668
v 0.175000 245.227081 115.019226
v 0.175000 247.999771 113.166588
v 0.175000 248.368271 113.718109
v 0.175000 248.497681 114.368668
v 0.175000 248.368271 115.019226
v 4.675000 246.147125 112.798073
v 4.675000 246.797684 112.668671
v 4.675000 247.448242 112.798073
v 4.675000 245.595596 113.166588
v 4.675000 245.227097 113.718109
v 4.675000 245.097687 114.368668
v 4.675000 245.227097 115.019226
v 4.675000 247.999771 113.166588
v 4.675000 248.368286 113.718109
v 4.675000 248.497681 114.368668
v 4.675000 248.368286 115.019226
v 0.175000 245.595596 115.570747
v 0.175000 246.147125 115.939262
v 0.175000 246.797684 116.068665
v 0.175000 247.448242 115.939262
v 0.175000 247.999771 115.570747
v 0.175000 247.988663 124.213417
v 0.925000 247.081940 123.791656
v 4.675000 245.595596 115.570747
v 4.675000 246.147125 115.939262
v 4.675000 246.797684 116.068665
v 4.675000 247.448242 115.939262
v 4.675000 247.999771 115.570747
v 3.925000 247.081940 123.791656
v 4.675000 247.988663 124.213417
v 0.520802 259.468597 117.643494
v 0.175000 258.565857 118.545700
v 4.325386 259.478546 117.633545
v 4.675000 258.565857 118.545700
v 1.799999 260.842010 130.966858
v 1.799999 261.270477 127.795670
v 1.799999 265.196625 128.326141
v 1.799999 267.391754 128.622726
v 1.799999 269.198456 128.866821
v 0.000000 267.757935 133.117142
v 0.000000 269.344513 132.266983
v 1.799999 267.058960 131.806824
v 1.799999 268.860962 131.364594
v 28.429405 263.004181 128.029922
v 28.299999 263.648895 128.117020
v 28.429405 264.293610 128.204132
v 28.797918 262.457642 127.956070
v 29.349438 262.092438 127.906723
v 28.797918 264.840149 128.277969
v 30.000000 261.964203 127.889397
v 30.650562 262.092438 127.906723
v 29.349438 265.205353 128.327316
v 29.482824 265.231659 128.330872
v 30.000000 265.314636 128.484848
v 30.510580 265.232941 128.331039
v 30.650562 265.205353 128.327316
v 28.429405 262.575714 131.201096
v 28.299999 263.220428 131.288208
v 28.429405 263.865143 131.375305
v 28.797918 262.029175 131.127258
v 29.349438 261.663971 131.077911
v 28.797918 264.411682 131.449158
v 29.349438 264.776886 131.498489
v 30.000000 261.535736 131.060593
v 30.650562 261.663971 131.077911
v 30.000000 264.905121 131.515823
v 30.650562 264.776886 131.498489
v 31.202082 262.457642 127.956070
v 31.570595 263.004181 128.029922
v 31.202082 264.840149 128.277969
v 31.700001 263.648895 128.117020
v 31.570595 264.293610 128.204132
v 31.202082 262.029175 131.127258
v 31.570595 262.575714 131.201096
v 31.202082 264.411682 131.449158
v 31.700001 263.220428 131.288208
v 31.570595 263.865143 131.375305
v 55.312630 251.524002 132.103500
v 55.710117 250.810852 133.050003
v 60.284332 251.257462 132.049713
v 60.215744 251.897125 131.888138
v 60.600101 250.690445 132.186676
v 60.003296 248.304276 133.584518
v 61.114983 250.282410 132.278198
v 61.750587 250.095459 132.310333
v 62.410152 250.158051 132.278198
v 58.200001 260.842010 130.966858
v 58.200001 261.270477 127.795670
v 58.200001 264.638428 128.250717
v 57.391293 265.269470 128.335983
v 58.200001 267.391754 128.622726
v 58.200001 269.198456 128.866821
v 58.200001 266.245087 130.159241
v 58.200001 267.130920 131.816544
v 58.200001 268.860962 131.364594
v 60.404781 252.512054 131.726578
v 60.822662 253.008636 131.589615
v 61.405773 253.311264 131.498093
v 62.065338 253.373856 131.465958
v 62.700943 253.186920 131.498093
v 61.457069 261.474365 129.413559
v 62.576302 262.633057 129.463531
v 59.565765 267.892731 133.238434
v 60.000000 269.344513 132.266983
v 61.563873 262.586792 133.772568
v 55.781315 251.552490 135.956009
v 60.391136 252.369904 136.408722
v 60.706905 251.802887 136.545685
v 61.221786 251.394852 136.637207
v 61.857391 251.207901 136.669342
v 62.516956 251.270493 136.637207
v 55.419434 252.636429 136.462509
v 60.322548 253.009567 136.247147
v 60.511585 253.624496 136.085587
v 60.929466 254.121063 135.948624
v 61.512577 254.423706 135.857101
v 62.172142 254.486298 135.824966
v 63.916500 23.506506 72.486000
v 63.275898 83.725777 40.722870
v 64.738503 83.321999 39.754494
v 81.229652 54.422821 84.851295
v 82.567497 53.224506 84.970490
v 92.249062 84.557434 114.914619
v 92.146698 85.529823 115.693375
v 92.335907 85.466362 118.686722
v 92.532875 84.462250 119.404655
v 102.799187 78.893890 114.127678
v 96.775330 88.438690 114.710793
v 96.859772 89.096550 114.719398
v 97.353142 87.274513 114.649590
v 96.948578 87.798882 114.686279
v 97.927429 86.945427 114.606308
v 98.584007 86.861717 114.563034
v 97.189041 89.672287 114.710793
v 97.713020 90.078270 114.686272
v 98.351936 90.252686 114.649590
v 99.222916 87.036125 114.526344
v 99.746902 87.442108 114.501831
v 100.076172 88.017853 114.493217
v 99.008514 90.168976 114.606308
v 99.582802 89.839882 114.563034
v 99.987366 89.315521 114.526344
v 100.160614 88.675705 114.501831
v 104.336700 78.543884 114.412537
v 105.536690 80.810699 114.381416
v 110.756294 90.670677 114.246017
v 104.548828 102.944824 114.526939
v 104.722076 102.305016 114.502426
v 104.633270 103.602684 114.535545
v 105.126640 101.780647 114.465736
v 105.700928 101.451561 114.422455
v 104.962540 104.178421 114.526939
v 105.486519 104.584404 114.502426
v 106.357506 101.367851 114.379181
v 106.125435 104.758820 114.465736
v 106.782013 104.675110 114.422455
v 106.130302 110.461227 114.586311
v 106.996414 101.542259 114.342491
v 107.520401 101.948242 114.317978
v 107.849670 102.523987 114.309364
v 107.356300 104.346016 114.379181
v 107.760864 103.821655 114.342491
v 107.934113 103.181839 114.317978
v 116.172028 100.901146 114.105537
v 116.680428 104.797684 113.799370
v 117.245064 104.265221 113.944290
v 97.059143 88.343506 119.200829
v 97.232391 87.703690 119.176308
v 97.636955 87.179329 119.139626
v 98.211243 86.850235 119.096344
v 98.867821 86.766525 119.053070
v 97.143585 89.001358 119.209435
v 97.472855 89.577103 119.200829
v 97.996841 89.983086 119.176308
v 98.635750 90.157494 119.139626
v 99.506737 86.940941 119.016380
v 100.030716 87.346924 118.991867
v 100.359985 87.922661 118.983253
v 99.292328 90.073784 119.096344
v 99.866615 89.744698 119.053070
v 100.271179 89.220329 119.016380
v 100.444427 88.580521 118.991867
v 102.899109 73.160675 118.569641
v 104.064003 71.788506 118.582489
v 103.083000 78.798706 118.617714
v 105.388382 78.282074 117.857834
v 104.832642 102.849640 119.016975
v 102.910736 105.616615 115.438782
v 105.410454 101.685463 118.955772
v 105.005890 102.209824 118.992455
v 104.917084 103.507492 119.025581
v 105.246353 104.083237 119.016975
v 105.770340 104.489220 118.992455
v 105.984741 101.356369 118.912491
v 106.641319 101.272659 118.869217
v 106.409248 104.663628 118.955772
v 105.272247 110.023445 115.382935
v 105.461456 109.959984 118.376282
v 106.414116 110.366043 119.076347
v 107.280235 101.447075 118.832527
v 107.804214 101.853058 118.808014
v 107.065826 104.579918 118.912491
v 107.640114 104.250832 118.869217
v 108.133484 102.428795 118.799400
v 108.217926 103.086655 118.808014
v 108.044678 103.726463 118.832527
v 115.399033 97.159065 117.649765
v 118.124046 103.497612 115.739799
v 118.572136 103.142555 117.583817
v 116.964241 104.702499 118.289406
v 121.843613 108.445168 118.853874
v 123.343498 107.766006 118.126495
v 92.575500 152.524506 59.146488
v 91.083153 152.733597 60.130955
v 88.945503 188.338501 47.872486
v 88.630424 187.507858 49.437973
v 62.993263 250.460693 132.186676
v 63.411144 250.957260 132.049713
v 63.531593 252.211853 131.726578
v 63.600182 251.572189 131.888138
v 63.215824 252.778870 131.589615
v 63.669281 264.459015 132.530441
v 70.152435 258.188782 130.407791
v 72.696098 243.628204 133.692627
v 73.210983 243.220154 133.784149
v 73.846588 243.033218 133.816284
v 74.506149 243.095810 133.784149
v 72.500778 245.449814 133.232529
v 72.311737 244.834869 133.394104
v 72.380325 244.195206 133.555664
v 72.918663 245.946381 133.095566
v 73.501770 246.249008 133.004044
v 74.796936 246.124664 133.004044
v 74.161331 246.311600 132.971909
v 75.089256 243.398438 133.692642
v 75.507141 243.895004 133.555664
v 75.311821 245.716614 133.095566
v 75.627594 245.149612 133.232544
v 75.696182 244.509933 133.394104
v 72.164001 257.008789 130.658524
v 63.100067 251.573135 136.545685
v 63.517948 252.069702 136.408722
v 62.807747 254.299362 135.857101
v 63.706985 252.684631 136.247147
v 63.638397 253.324295 136.085587
v 63.322628 253.891312 135.948624
v 71.643120 241.508331 135.033676
v 72.802895 244.740631 138.051651
v 72.487122 245.307648 137.914673
v 72.418533 245.947311 137.753113
v 72.607574 246.562241 137.591537
v 73.317780 244.332596 138.143158
v 73.025459 247.058823 137.454575
v 73.608566 247.361450 137.363052
v 73.953384 244.145645 138.175293
v 74.612946 244.208237 138.143158
v 74.268127 247.424042 137.330917
v 75.936302 239.001770 135.568192
v 76.007500 239.743408 138.474197
v 76.912636 238.912842 134.792709
v 77.019432 240.025269 139.151718
v 75.196053 244.510880 138.051636
v 75.613937 245.007446 137.914673
v 75.802979 245.622375 137.753113
v 74.903732 247.237106 137.363052
v 75.418617 246.829056 137.454575
v 75.734390 246.262039 137.591537
v 82.589874 231.061157 129.772934
v 82.351791 232.194992 129.303604
v 85.295395 227.312805 127.867653
v 83.644257 230.431000 132.509933
v 83.933365 231.249741 133.409103
v 89.805672 225.874710 124.976959
v 90.426636 225.932892 124.751137
v 90.998169 226.233826 124.600250
v 91.433258 226.731689 124.547264
v 91.665665 227.350677 124.600250
v 91.660011 227.996582 124.751137
v 91.417152 228.571030 124.976959
v 88.786728 226.483688 125.509697
v 88.543869 227.058136 125.735512
v 89.229813 226.068115 125.243324
v 90.811394 225.122864 129.348831
v 90.368309 225.538437 129.615204
v 90.125450 226.112885 129.841019
v 90.119789 226.758789 129.991898
v 88.538216 227.704041 125.886406
v 88.770622 228.323029 125.939384
v 89.205711 228.820892 125.886406
v 89.777245 229.121826 125.735519
v 90.398209 229.180008 125.509697
v 90.352203 227.377777 130.044891
v 90.787292 227.875641 129.991898
v 91.387253 224.929459 129.082458
v 92.008217 224.987640 128.856644
v 92.579750 225.288574 128.705750
v 93.014839 225.786438 128.652771
v 93.247246 226.405426 128.705750
v 93.241592 227.051331 128.856644
v 90.974068 228.986603 125.243324
v 91.979790 228.234756 129.615204
v 92.555649 228.041351 129.348831
v 92.998734 227.625778 129.082458
v 91.358826 228.176575 129.841019
v 83.057076 248.863220 132.102768
v 83.499718 250.359131 132.071365
v 91.519684 239.726089 127.505775
v 93.003693 240.311920 127.460548
v 93.101257 238.780838 131.611282
v 83.163872 249.975647 136.461777
v 83.993340 252.551315 135.080933
v 89.067451 250.617325 136.951813
v 90.000000 251.829010 136.001984
v 104.450470 200.774475 114.378357
v 105.078140 200.708847 113.299377
v 126.939003 200.652008 109.988983
v 125.536842 200.077469 110.960503
v 105.504852 200.144318 117.115356
v 106.659714 199.763596 117.404877
v 114.246033 208.239944 111.501541
v 115.389984 209.475204 111.763260
v 117.453972 209.885834 114.800949
v 101.513496 208.851456 116.547325
v 101.270638 209.425903 116.773140
v 101.264984 210.071808 116.924034
v 102.532440 208.242477 116.014587
v 101.956581 208.435883 116.280952
v 102.852219 208.480667 120.878647
v 102.846558 209.126556 121.029533
v 101.497398 210.690796 116.977013
v 101.932487 211.188660 116.924026
v 102.504021 211.489594 116.773140
v 103.153404 208.300659 115.788765
v 103.724937 208.601593 115.637878
v 104.160027 209.099457 115.584892
v 104.386780 210.364334 115.788765
v 104.392441 209.718445 115.637878
v 104.114014 207.297226 120.120087
v 104.734978 207.355408 119.894264
v 105.306511 207.656342 119.743378
v 105.741600 208.154205 119.690399
v 105.725502 209.993546 120.120079
v 105.974014 208.773193 119.743378
v 105.968361 209.419098 119.894264
v 103.095070 207.906204 120.652824
v 103.538155 207.490631 120.386459
v 103.078972 209.745544 121.082512
v 103.514061 210.243408 121.029533
v 105.282417 210.409119 120.386452
v 103.124985 211.547775 116.547325
v 103.700844 211.354370 116.280952
v 104.143929 210.938797 116.014580
v 104.085594 210.544342 120.878639
v 104.706558 210.602524 120.652824
v 104.578911 224.367279 119.344002
v 95.477531 240.199249 130.267715
v 115.827606 207.294693 115.607040
v 59.819290 115.069336 24.216354
v 61.094440 118.013382 25.166889
v 40.548664 66.349854 8.486486
v 59.151649 112.580933 24.944492
v 58.899940 114.341995 23.981522
v 114.015205 211.368927 112.727242
v 106.396767 221.863205 118.069313
v 62.268440 119.780487 27.296482
v 60.812542 118.785797 25.416277
v 61.578701 120.565933 25.991020
v 75.835304 157.659546 37.967293
v 83.880890 252.051926 134.395340
v 0.000000 187.785446 49.585419
v 0.000331 187.741730 49.571301
v 0.027834 187.741653 49.571259
v 0.006353 187.741714 49.571289
v 0.008249 232.005371 66.394928
v 0.019971 232.005417 66.394943
v 0.000000 187.741837 49.571339
v 0.049323 232.005554 66.394981
v 0.005960 232.005356 66.394920
v 0.000581 187.741730 49.571297
v 0.000000 232.005325 66.394913
v 0.000000 232.028549 66.403748
v 4.325386 241.094666 83.325195
v 107.251656 81.795624 117.819107
v 0.000765 187.741730 49.571297
v 0.003351 187.741730 49.571293
v 0.000000 231.986359 66.359535
v 0.409249 232.007248 66.395447
v 0.000000 232.008926 66.369087
v -0.326696 1.711704 48.013561
v 0.189000 0.000000 47.803501
v 0.337538 3.096850 54.022083
v 0.704487 1.799373 54.432850
v 2.555344 1.790928 54.443375
v 0.337538 15.095939 53.874241
v 1.084148 15.705789 54.669968
v 3.904406 0.457093 54.869778
v 4.084121 0.457103 54.870537
v 4.082444 0.461987 55.266975
v 4.132378 0.626206 54.817410
v 4.293904 3.097057 54.038818
v 4.837498 3.468952 54.036537
v 4.832425 3.111860 55.240257
v 4.836477 3.397080 54.278809
v 4.084121 15.705945 54.682655
v 4.837498 15.096173 53.893276
v 0.645086 1.976938 66.741798
v 0.312747 10.381330 59.793678
v 0.314277 10.932849 59.425171
v 0.314791 11.583411 59.295765
v 0.314209 12.233974 59.425171
v 0.310434 10.012815 60.345196
v 0.307689 9.883410 60.995750
v 0.304931 10.012815 61.646305
v 0.302579 10.381329 62.197823
v 0.312622 12.785493 59.793678
v 0.310270 13.154006 60.345196
v 0.307512 13.283411 60.995750
v 0.304767 13.154006 61.646305
v 0.302454 12.785492 62.197823
v 0.300992 10.932849 62.566334
v 0.300410 11.583410 62.695736
v 0.300924 12.233973 62.566334
v 4.446968 1.842926 58.663574
v 4.062972 15.767547 59.682228
v 4.812707 10.381565 59.812714
v 4.814237 10.933084 59.444202
v 4.814750 11.583647 59.314800
v 4.814169 12.234208 59.444202
v 4.810393 10.013051 60.364231
v 4.807649 9.883646 61.014786
v 4.804891 10.013051 61.665340
v 4.802538 10.381564 62.216858
v 4.812582 12.785728 59.812714
v 4.810230 13.154242 60.364231
v 4.807472 13.283647 61.014786
v 4.804727 13.154242 61.665340
v 4.802413 12.785728 62.216858
v 4.800951 10.933084 62.585365
v 4.800370 11.583646 62.714771
v 4.800883 12.234208 62.585365
v 4.393060 2.056700 73.488312
v 0.564256 2.218558 83.491188
v 0.552948 2.252362 85.834473
v 0.201458 3.493211 86.190971
v 0.234229 10.234777 78.359764
v 0.231484 10.105372 79.010323
v 0.238072 11.154811 77.439743
v 0.236543 10.603292 77.808250
v 0.238586 11.805373 77.310341
v 0.238005 12.455935 77.439743
v 0.228726 10.234777 79.660881
v 0.226374 10.603291 80.212395
v 0.224787 11.154811 80.580902
v 0.224206 11.805372 80.710304
v 0.224719 12.455935 80.580902
v 0.236417 13.007455 77.808250
v 0.234066 13.375968 78.359764
v 0.231307 13.505373 79.010323
v 0.228562 13.375968 79.660881
v 0.226249 13.007454 80.212395
v 0.975984 16.020836 80.239403
v 0.201458 15.492299 86.043129
v 0.954835 16.082436 85.238976
v 4.356768 2.200620 83.468796
v 4.348126 2.234891 85.845428
v 4.701418 3.493445 86.209999
v 4.734189 10.235013 78.378792
v 4.731444 10.105608 79.029350
v 4.738032 11.155046 77.458771
v 4.736502 10.603527 77.827278
v 4.738545 11.805609 77.329369
v 4.737964 12.456170 77.458771
v 4.728686 10.235013 79.679909
v 4.726334 10.603526 80.231422
v 4.724747 11.155046 80.599930
v 4.724165 11.805608 80.729332
v 4.724679 12.456170 80.599930
v 4.736377 13.007690 77.827278
v 4.734025 13.376204 78.378792
v 4.731267 13.505609 79.029350
v 4.728522 13.376204 79.679909
v 4.726209 13.007689 80.231422
v 3.954808 16.082592 85.251671
v 4.701418 15.492534 86.062157
v 0.000000 0.550500 92.482498
v 0.000000 2.350363 92.460320
v 20.215500 0.550500 92.482498
v 19.699804 2.262204 92.692558
v 29.799259 12.055448 82.834053
v 30.778500 10.605000 82.413002
v 6.556342 11.565503 64.232941
v 4.933773 10.899465 65.871124
v 7.421622 4.359385 65.676254
v 9.044190 5.025423 64.038071
v 10.062453 9.382609 66.818123
v 9.894733 9.705449 66.783257
v 9.787261 10.053020 66.818123
v 9.747356 10.401632 66.920334
v 9.755796 10.492160 66.965500
v 10.015865 9.472288 66.808441
v 10.278987 9.106500 66.920334
v 10.529581 8.895938 67.082932
v 9.777741 10.727532 67.082932
v 9.876345 11.008508 67.294830
v 10.797156 8.765272 67.294830
v 8.907016 8.229900 68.721115
v 9.174591 8.099236 68.933014
v 9.248569 8.087606 69.001556
v 9.440910 8.057370 69.179771
v 9.687830 8.107161 69.444580
v 9.898520 8.245212 69.709389
v 8.164696 9.386982 68.456306
v 8.272170 9.039413 68.421448
v 8.194549 9.290435 68.446625
v 8.318759 8.949736 68.431129
v 8.439888 8.716572 68.456306
v 8.135876 9.638758 68.530128
v 8.124791 9.735595 68.558517
v 8.146736 9.970967 68.675949
v 8.155176 10.061495 68.721115
v 8.656422 8.440463 68.558517
v 8.253779 10.342471 68.933014
v 8.413878 10.559374 69.179771
v 8.566044 10.659078 69.371025
v 8.624569 10.697426 69.444580
v 9.920816 11.068759 67.363373
v 10.036444 11.225411 67.541588
v 10.247134 11.363462 67.806396
v 10.494053 11.413253 68.071205
v 9.586368 10.422612 70.285477
v 9.655977 10.364122 70.330643
v 8.871488 10.747215 69.709389
v 9.137808 10.705350 69.956146
v 9.405383 10.574685 70.168045
v 10.058619 8.462115 69.956146
v 10.086009 8.540164 70.015007
v 10.157223 8.743091 70.168045
v 10.147703 9.417603 70.432854
v 9.872511 10.088013 70.432854
v 9.812363 10.164710 70.404465
v 9.946261 9.946054 70.448189
v 10.040231 9.765173 70.467720
v 9.993643 9.854852 70.458038
v 10.117849 9.514151 70.442543
v 10.187608 9.068990 70.330643
v 10.176523 9.165827 70.359039
v 13.876194 6.597104 72.979065
v 11.063476 8.723408 67.541588
v 11.310395 8.773197 67.806396
v 11.521086 8.911248 68.071205
v 11.636713 9.067901 68.249420
v 11.662794 10.431210 68.829529
v 10.760373 11.371387 68.317963
v 11.027948 11.240722 68.529861
v 11.278543 11.030160 68.692459
v 11.338691 10.953463 68.720848
v 11.495076 10.754050 68.794670
v 11.541665 10.664372 68.804352
v 11.568828 10.612088 68.809998
v 11.681185 9.128152 68.317963
v 11.779787 9.409128 68.529861
v 11.810173 9.735027 68.692459
v 11.770268 10.083640 68.794670
v 11.692648 10.334661 68.819847
v 13.010914 13.803222 71.535751
v 11.388346 13.137183 73.173935
v 15.498762 7.263143 71.340881
v 41.475246 19.931635 80.180511
v 42.028019 19.386318 81.317055
v 41.788368 20.016321 81.335823
v 41.048756 21.052790 80.213913
v 41.361877 21.137476 81.369232
v 42.004745 20.074842 82.134193
v 41.935940 21.292738 83.487335
v 41.966270 21.213011 83.484962
v 41.966270 21.213011 83.484962
v 50.024265 24.547194 77.525162
v 50.450756 23.426039 77.491760
v 50.763874 23.510725 78.647072
v 50.360237 24.571815 78.678688
v 50.337387 24.631880 78.680481
v 51.050323 22.757706 78.624634
v 51.022507 23.580675 79.601334
v 51.020657 23.635342 79.666206
v 50.988575 24.584396 80.792542
v 50.988575 24.584396 80.792542
v 50.911449 24.787142 80.798584
v 50.911449 24.787142 80.798584
v 41.788368 20.016321 81.335823
v 41.361877 21.137478 81.369232
v 41.379517 21.091105 81.367851
v 41.724327 20.667536 81.968391
v 42.004745 20.074844 82.134193
v 41.995991 20.333820 82.441544
v 41.963326 21.300146 83.588371
v 50.763874 23.510725 78.647072
v 50.337387 24.631882 78.680481
v 47.257118 23.358212 82.101479
v 51.022507 23.580675 79.601326
v 50.963638 24.801258 80.991135
v 50.982964 24.750458 80.989624
v 42.723003 19.375011 83.622322
v 42.801277 17.353573 81.256485
v 42.789978 17.383274 81.257370
v 43.427528 17.522949 83.567139
v 51.765488 20.877678 78.568619
v 51.776787 20.847977 78.567734
v 52.403038 21.017353 80.878387
v 51.698513 22.869415 80.933571
v 62.790787 58.731396 120.153442
v 59.880829 66.008987 118.550705
v 59.970184 66.558838 120.885162
v 65.238022 65.045090 118.572678
v 65.749237 64.124298 118.769989
v 65.323387 64.698479 118.651054
v 65.497757 64.384415 118.718346
v 65.449318 64.471657 118.699654
v 65.679382 64.196548 118.755646
v 65.247467 65.400635 118.488579
v 65.541824 66.042610 118.326103
v 65.615395 66.110023 118.307404
v 65.351089 65.740868 118.404472
v 66.060692 63.935852 118.802452
v 66.313622 63.860802 118.810448
v 66.410904 63.831932 118.813522
v 66.776001 63.819611 118.802452
v 65.806664 66.285301 118.258804
v 66.127579 66.452400 118.207161
v 66.482681 66.532516 118.174698
v 62.880142 59.281239 122.487900
v 65.587112 64.934265 121.052811
v 65.412743 65.248329 120.985512
v 65.327377 65.594933 120.907135
v 65.336823 65.950485 120.823036
v 65.440445 66.290718 120.738930
v 65.631180 66.592461 120.660561
v 65.838593 64.674141 121.104446
v 66.150047 64.485695 121.136909
v 66.500259 64.381783 121.147980
v 65.896027 66.835152 120.593262
v 66.216934 67.002251 120.541618
v 66.572037 67.082367 120.509155
v 67.032463 63.877472 118.779007
v 67.131104 63.899727 118.769989
v 67.452011 64.066826 118.718353
v 67.716858 64.309517 118.651047
v 66.847778 66.520195 118.163628
v 66.945061 66.491333 118.166702
v 67.197990 66.416275 118.174698
v 67.509445 66.227837 118.207161
v 67.760925 65.967712 118.258804
v 67.907593 64.611259 118.572678
v 68.011215 64.951492 118.488579
v 68.018036 65.208275 118.427834
v 67.935295 65.653648 118.326103
v 68.020660 65.307037 118.404472
v 66.865356 64.369453 121.136909
v 67.220459 64.449570 121.104446
v 67.541374 64.616676 121.052811
v 66.937134 67.070045 120.498085
v 67.287346 66.966125 120.509155
v 67.512283 66.830025 120.532600
v 67.598801 66.777679 120.541618
v 67.806213 64.859367 120.985512
v 67.859192 64.943184 120.963737
v 67.996948 65.161102 120.907135
v 68.024651 66.203499 120.660561
v 68.110016 65.856888 120.738930
v 68.100571 65.501343 120.823036
v 67.850281 66.517563 120.593262
v 73.959839 62.887627 118.746994
v 74.049194 63.437469 121.081451
v 71.049881 70.165215 117.144257
v 71.139236 70.715065 119.478714
v 101.704453 175.929932 82.964127
v 101.075317 177.809204 81.610428
v 105.181625 175.615509 80.911591
v 104.552490 177.494781 79.557892
v 108.958771 183.665955 86.077194
v 105.481598 183.980377 88.129730
v 106.110733 182.101105 89.483429
v 109.587906 181.786682 87.430893
v 101.704453 175.929932 82.964127
v 102.734726 175.836777 82.355972
v 101.307358 177.636353 81.617210
v 102.158012 177.559433 81.115082
v 101.127762 177.652634 81.723267
v 101.158569 177.560516 81.789566
v 105.534027 183.823776 88.242538
v 105.564850 183.731689 88.308868
v 105.713638 183.807526 88.136513
v 106.564293 183.730606 87.634384
v 106.110733 182.101105 89.483421
v 106.110733 182.101105 89.483429
v 107.140999 182.007935 88.875267
v 102.019020 174.990280 83.640976
v 102.158012 177.559433 81.115082
v 101.127739 177.652603 81.723236
v 103.049294 174.897110 83.032822
v 105.534019 183.823776 88.242538
v 106.564293 183.730606 87.634384
v 106.425301 181.161453 90.160278
v 107.455574 181.068283 89.552124
v 20.093767 0.129408 91.230354
v 30.179934 9.730028 81.615410
v 26.970789 11.528494 80.044777
v 16.884623 1.927873 89.659721
v 20.231085 3.026980 94.267662
v 30.317251 12.627600 84.652718
v 27.108107 14.426065 83.082085
v 17.021940 4.825445 92.697029
v 31.287823 11.724536 81.915779
v 33.821110 50.698929 125.302696
v 30.820992 52.751762 123.633812
v 28.287708 13.777371 80.246895
v 28.515907 9.459338 84.112450
v 31.049192 48.433731 127.499367
v 28.049076 50.486565 125.830482
v 25.515793 11.512174 82.443565
v 19.617001 42.842999 142.132507
v 20.215500 0.550500 92.482498
v 30.778500 10.605000 82.413002
v 33.346500 50.113499 126.394501
v 43.960499 63.055500 165.889496
v 18.346378 44.023026 141.649750
v 18.771383 1.359809 91.775711
v 29.380125 11.472342 81.683434
v 32.129272 51.344376 125.901245
v 42.943111 64.525711 165.681137
v 74.478683 47.166058 84.629387
v 77.181290 46.692654 81.718758
v 71.340935 50.593449 81.158440
v 76.524094 63.541248 82.841621
v 75.662773 53.906284 90.810875
v 77.925774 55.620735 93.628586
v 76.129578 60.853474 91.887283
v 79.203697 58.653942 78.531868
v 81.207039 61.847916 79.867958
v 81.187149 62.751648 92.374420
v 82.983345 57.518909 94.115723
v 86.246384 57.878452 91.830269
v 86.265297 178.588287 47.875172
v 81.721313 179.243484 51.419594
v 79.126801 190.040344 49.589134
v 81.654823 192.937973 50.690456
v 79.126801 187.979721 55.010738
v 84.516167 194.371582 54.671986
v 88.721153 179.760117 50.806992
v 88.168808 193.028305 55.596008
v 90.138535 192.473129 57.022991
v 92.682678 189.544724 56.047375
v 82.152756 190.087494 57.786613
v 86.802803 188.642380 59.822666
v 61.016953 75.196861 38.211098
v 56.927746 75.020508 43.945843
v 60.194458 80.257454 43.058220
v 62.151539 73.755798 41.765823
v 58.178349 85.073265 43.593441
v 60.690258 94.338600 42.874794
v 62.990467 91.701988 36.759460
v 60.336170 86.063980 41.163166
v 66.988335 79.274956 47.552559
v 64.308731 84.162254 51.862324
v 63.118423 82.459534 39.353241
v 65.278473 87.778198 46.198673
v 62.900669 83.156410 38.781715
v 62.049072 83.828796 37.451912
v 62.342213 86.280441 37.236290
v 65.082420 93.233887 39.227139
v 63.261063 82.842140 39.465263
v 62.301888 93.992188 41.656776
v 62.328796 94.011902 41.688545
v 60.821625 90.296806 40.616074
v 60.905476 88.829903 39.720482
v 60.324947 88.030220 40.544926
v 59.725540 83.912209 40.833504
v 60.166531 83.931969 40.106785
v 61.466908 87.509941 38.565395
v 60.337303 83.928650 39.866436
v 64.938660 88.778236 45.389633
v 64.929398 88.755234 45.383221
v 63.130363 91.944283 43.353973
v 64.316673 89.009377 45.789391
v 63.684521 82.471893 40.268738
v 67.486404 81.096283 46.873211
v 63.156075 79.066780 40.475155
v 63.156395 79.146004 40.450901
v 63.186352 80.821770 39.975616
v 65.588570 82.498245 50.250046
v 68.469620 81.636604 48.540482
v 66.139732 83.500175 50.699638
v 68.221634 81.488029 48.086792
v 65.837257 84.406731 49.922367
v 65.299118 87.757080 46.235500
v 65.288116 87.752510 46.220798
v 65.634918 84.930367 49.432438
v 64.927582 87.809319 46.614101
v 64.631714 87.855423 46.884132
v 64.838737 87.820396 46.698650
v 64.373192 87.372368 44.997520
v 61.924839 82.859505 40.576771
v 63.176899 82.737656 39.471928
v 63.219265 82.849518 39.504135
v 63.667564 87.383186 45.333492
v 63.710773 87.380386 45.311920
v 60.366882 86.060669 41.136150
v 60.366772 85.988914 41.155437
v 60.401505 83.355431 41.916542
v 63.176174 82.884407 39.433346
v 61.850704 83.142433 40.568470
v 61.503922 83.199501 40.868244
v 63.131866 82.465675 39.373158
v 63.562374 82.579063 40.036858
v 63.094723 82.367859 39.343410
v 63.039314 82.552994 39.646290
v 63.551025 82.580605 40.049259
v 63.178440 82.425377 39.554024
v 62.909393 82.449074 39.792103
v 28.697491 227.926193 70.478203
v 29.102182 237.126129 74.257683
v 34.130653 224.341934 62.626415
v 36.658676 227.239563 63.727737
v 34.130653 222.281311 68.048019
v 34.919250 234.713440 72.433403
v 32.445343 237.553131 73.780952
v 29.102182 232.013824 76.997070
v 29.742577 233.629135 77.088120
v 0.800000 39.986084 8.381157
v 0.800000 183.501434 54.717415
v 6.800000 183.501434 54.717415
v 6.800000 39.986084 8.381157
v 0.800000 42.136826 1.719753
v 0.800000 185.652191 48.056007
v 6.800000 185.652191 48.056007
v 6.800000 42.136826 1.719753
v 0.800000 227.403320 70.933556
v 0.800000 261.112274 133.841888
v 6.800000 261.112274 133.841888
v 6.800000 227.403320 70.933556
v 0.800000 233.573364 67.627388
v 0.800000 267.282318 130.535736
v 6.800000 267.282318 130.535736
v 6.800000 233.573364 67.627388
v 0.800000 187.833145 56.238785
v 0.800000 228.094833 71.541374
v 6.800000 228.094833 71.541374
v 6.800000 187.833145 56.238785
v 0.800000 190.320114 49.695465
v 0.800000 230.581802 64.998055
v 6.800000 230.581802 64.998055
v 6.800000 190.320114 49.695465
v 0.978418 8.030235 50.208107
v 0.810567 8.519135 89.887535
v 6.810514 8.519447 89.912910
v 6.978365 8.030548 50.233482
v 6.978365 1.031079 50.319725
v 0.825234 1.476946 86.506645
v 6.825294 1.476928 86.505157
v 0.810567 4.660316 89.935081
v 0.826056 1.759473 86.308754
v 6.810514 4.646435 89.960632
v 6.826060 1.740203 86.320747
v 6.110252 8.198989 63.904270
v 6.923435 8.190543 63.218830
v 6.918739 8.204222 64.328941
v 6.920966 6.013885 63.829361
v 6.978365 6.768473 50.249031
v 6.973573 6.728503 51.382553
v 4.039291 5.651486 50.250362
v 1.865493 1.104041 56.241371
v 0.957246 1.092434 55.299408
v 0.978418 5.285694 50.241924
v 0.952193 5.253602 56.442871
v 6.923536 7.355086 63.205070
v 6.963358 6.641783 53.798649
v 6.961647 7.409054 54.193794
v 6.928956 2.906554 61.978420
v 3.488885 6.183568 50.241478
v 3.829415 5.571672 50.250458
v 6.102286 1.031033 50.316021
v 6.886304 1.110790 56.789112
v 6.950682 1.133613 56.863602
v 6.978365 1.388191 50.315323
v 6.949848 2.110652 57.048679
v 6.948820 3.124986 57.279430
v 6.977138 1.366919 50.605812
v 6.213542 1.075063 50.315948
v 2.519646 1.052637 52.069408
v 1.448344 1.066189 53.169338
v 2.534864 1.549618 52.190166
v 120.494392 197.208740 114.172424
v 86.260918 244.637390 138.280151
v 82.579659 244.385162 133.548920
v 116.813133 196.956512 109.441177
v 90.286797 249.260712 134.901245
v 86.605537 249.008484 130.170013
v 121.690819 201.700470 110.480118
v 120.839012 201.579834 106.062256
v 123.572617 203.144989 111.460854
v 121.521942 203.798599 109.911865
v 122.443314 204.063400 111.371979
v 121.330505 201.613510 106.693939
v 122.806747 203.050278 112.061806
v 119.586159 201.096588 107.062836
v 120.369591 201.040756 106.456238
v 119.566284 200.118225 107.130455
v 122.585587 199.610275 112.417282
v 122.671402 201.821732 112.232613
v 122.781944 201.829376 112.146194
v 121.620041 199.815842 110.641754
v 121.692711 199.897110 110.585060
v 121.683586 199.886642 110.592697
v 121.766594 201.707809 110.519791
v 121.725182 201.701019 110.453644
v 98.296516 77.734756 120.088547
v 115.214500 109.305435 119.688400
v 113.663536 110.063736 113.942139
v 96.745552 78.493057 114.342285
v 104.195290 74.548233 118.075928
v 102.644325 75.306534 112.329666
v 115.551880 109.043655 113.297852
v 116.604416 101.357491 111.999481
v 119.572517 103.243706 117.712227
v 117.960342 107.822136 118.751541
v 116.800888 103.772591 118.530098
v 115.870255 108.879608 113.815620
v 115.519707 109.078140 114.658722
v 114.648415 108.714775 113.498299
v 112.754715 102.091751 113.135437
v 115.467033 108.710983 113.276848
v 117.201454 102.471619 111.985359
v 120.029663 105.679825 115.195038
v 118.354462 104.623245 111.958084
v 117.735886 104.752129 112.142052
v 58.247807 262.247314 136.444214
v 83.954628 247.238373 139.644714
v 82.673470 244.001923 134.757599
v 56.966648 259.010864 131.557098
v 61.509769 266.983154 132.452820
v 87.216591 251.974213 135.653320
v 85.935432 248.737762 130.766205
v 60.228611 263.746704 127.565697
v 33.835613 23.198174 16.734406
v 37.644695 23.692596 15.617969
v 34.557980 27.127411 20.939081
v 36.761734 20.869574 25.729635
v 38.619183 24.575642 29.339561
v 42.708389 24.751987 23.604816
v 43.842976 23.310930 27.159542
v 59.696766 28.115753 67.818169
v 59.346260 34.241966 75.855377
v 61.704712 35.239353 74.708199
v 59.650288 27.999857 79.108627
v 62.484013 30.814573 79.326324
v 67.545067 31.338554 75.268517
v 64.842461 31.811958 78.179146
v 53.437767 117.453819 28.212605
v 60.347679 108.757866 28.411779
v 58.047470 111.394478 34.527111
v 62.685421 110.469749 31.169388
v 62.392048 125.453598 27.091484
v 57.848064 126.108795 30.635904
v 63.586662 122.277962 29.210022
v 80.999176 151.488220 55.624443
v 85.543159 150.833023 52.080021
v 87.019913 155.699081 59.034855
v 86.737778 147.657379 54.198559
v 86.895447 155.466156 58.949707
v 83.619148 160.519211 57.313866
v 88.163132 159.864014 53.769447
v 90.618988 161.035843 56.701267
v 86.464622 153.405624 63.913132
v 88.481201 157.109421 60.412403
v 88.504372 155.271744 57.592319
v 88.186325 156.567825 60.924305
v 87.978851 156.978394 60.544224
v 84.955208 150.544678 57.583256
v 86.717232 148.089691 54.929173
v 86.582054 150.934341 59.736637
v 88.567917 155.685684 57.921467
v 88.502533 155.417343 57.815758
v 88.499908 155.625916 58.135826
v 87.602356 154.333969 60.221119
v 88.448364 155.194992 57.728165
v 86.942978 155.507019 58.980766
v 87.072090 155.653915 59.119904
v 86.915085 155.437378 58.961151
v 87.004196 155.169495 59.158710
v 28.421093 37.285809 4.499839
v 29.143461 41.215042 8.704514
v 35.951431 23.501886 24.087709
v 32.230175 37.780231 3.383401
v 38.238045 20.957401 20.145868
v 35.281704 19.858973 20.189428
v 35.127430 19.837082 19.653383
v 38.967262 20.251497 18.606428
v 38.073132 21.035728 18.027184
v 38.454151 21.135742 18.652935
v 30.472479 38.267403 7.898232
v 38.860710 21.464855 17.278629
v 39.822914 22.810663 18.402445
v 36.165688 23.454662 20.762526
v 33.167500 36.277592 4.414337
v 34.129704 37.623402 5.538153
v 37.257774 23.781460 22.365667
v 40.915001 23.137459 20.005587
v 41.811127 22.347736 21.609735
v 61.198708 79.024376 36.187611
v 62.094833 78.234650 37.791759
v 57.541481 79.668373 38.547691
v 36.973228 20.040606 28.026443
v 58.573704 79.555542 45.258957
v 62.662907 79.731895 39.524212
v 63.797497 78.290833 43.078938
v 38.741932 19.612392 27.288319
v 39.199730 19.831104 25.959126
v 38.849926 20.121538 25.394545
v 41.798935 22.246201 22.879267
v 43.650459 22.780495 27.005953
v 39.726250 19.991861 27.127981
v 39.647205 21.100466 27.602631
v 39.692501 20.617294 27.392298
v 38.900700 20.884935 25.940859
v 38.881027 20.513016 25.667421
v 56.951828 27.442160 74.100464
v 31.821077 49.315044 118.417152
v 33.758743 46.320690 120.993835
v 35.308727 47.555573 121.263298
v 58.544518 26.638670 75.400200
v 57.689381 26.302393 75.081245
v 60.120560 25.960268 77.509010
v 58.068520 25.162354 78.124893
v 57.285141 26.140265 78.149445
v 58.864365 26.762903 77.674683
v 61.612617 32.269417 71.858788
v 34.972801 49.478233 122.626007
v 34.668777 55.720337 119.372757
v 37.806526 52.292946 122.843704
v 64.750366 28.842024 75.329735
v 63.513672 28.600113 74.747833
v 63.979736 28.076563 75.270531
v 61.823700 27.935545 74.117508
v 63.852444 28.729937 76.030777
v 63.176384 28.462997 76.378349
v 60.741089 27.050465 77.185059
v 60.647385 27.465893 77.138649
v 59.200607 31.249382 73.032013
v 65.040962 27.348583 73.592331
v 73.845039 54.583420 82.834625
v 76.982788 51.156029 86.305573
v 79.685394 50.682625 83.394943
v 64.089081 27.515322 74.617485
v 63.214474 28.485456 73.614777
v 62.129715 28.049889 76.272163
v 63.852444 28.729937 76.030777
v 62.491264 28.065628 76.605316
v 63.176365 28.462990 76.378357
v 62.491009 28.192776 76.584396
v 62.188747 31.144438 74.783676
v 66.364922 28.806673 74.109550
v 65.742401 29.861559 72.528511
v 78.383553 50.003624 80.990166
v 74.829895 51.286503 83.245331
v 79.006073 48.948738 82.571205
v 58.442261 88.122688 37.776318
v 62.086105 87.517181 35.385551
v 54.972401 110.516273 26.816200
v 58.616245 109.910767 24.425432
v 59.702839 110.781731 25.860960
v 63.172699 88.388145 36.821079
v 59.658451 113.205956 26.234747
v 57.358242 115.842567 32.350079
v 61.996193 114.917839 28.992355
v 61.379482 89.890511 45.051826
v 62.197380 88.952995 42.877365
v 63.028152 89.561790 43.858242
v 63.400719 89.054337 38.055302
v 65.280022 93.724876 39.364857
v 62.323437 94.045982 41.671928
v 61.661201 92.392754 41.206341
v 55.123096 123.121552 27.694666
v 59.667080 122.466354 24.150246
v 60.861698 119.290718 26.268784
v 88.268127 153.820267 55.021259
v 83.724144 154.475464 58.565681
v 86.243004 152.793976 57.939812
v 88.782158 152.453827 55.932835
v 87.139465 148.097717 54.632122
v 62.753666 119.450043 27.754036
v 59.739395 118.579773 31.430553
v 63.257839 117.878250 28.883316
v 89.174744 148.414169 56.272060
v 88.841820 148.318054 56.678127
v 81.951241 142.929520 55.405273
v 84.924477 141.959869 52.728237
v 86.328926 145.478088 53.723240
v 89.302383 148.016235 56.557957
v 88.943893 147.942413 56.965080
v 88.218399 145.241287 55.824909
v 88.006180 145.530457 56.322136
v 61.356785 79.366425 46.040989
v 64.910439 78.083542 43.785824
v 65.911324 79.680817 44.454372
v 75.443359 55.586586 81.765854
v 78.997017 54.303707 79.510689
v 79.997902 55.900978 80.179237
v 62.749393 86.794609 47.907684
v 78.083435 60.908886 86.796257
v 80.763039 56.021584 82.486504
v 82.766380 59.215553 83.822594
v 64.274643 86.243088 46.939152
v 63.663540 85.127304 46.437405
v 69.283730 81.975906 49.629322
v 66.159668 80.673851 45.450970
v 66.548157 82.896873 51.529446
v 65.282608 82.371147 49.842117
v 36.749702 48.425171 120.982460
v 37.452007 50.035721 121.937912
v 34.369339 51.025265 118.349319
v 74.419792 53.556644 84.643166
v 76.800156 50.956551 87.276306
v 77.502464 52.567101 88.231758
v 30.255835 227.295792 63.749111
v 30.255835 225.235168 69.170715
v 32.783855 230.193420 64.850433
v 83.001625 185.025864 53.888039
v 83.001625 187.086487 48.466434
v 85.529648 189.984116 49.567757
v 26.578976 232.650787 73.341866
v 29.281744 236.574783 70.034698
v 31.755651 233.735092 68.687149
v 86.693878 250.724747 133.743637
v 81.517204 249.640442 138.398346
v 84.219971 253.564438 135.091187
v 27.274063 234.928101 70.155655
v 27.274063 229.815796 72.895042
v 30.997114 234.237350 68.866562
v 54.349075 262.369446 133.647308
v 54.349075 267.481750 130.907913
v 58.072124 266.790985 129.618820
v 34.849113 229.677414 64.428925
v 35.815315 230.326736 66.055222
v 34.022381 227.076752 68.418037
v 84.495049 191.831177 50.044403
v 85.461250 192.480499 51.670696
v 83.668312 189.230515 54.033520
v 32.611626 235.197952 70.070129
v 34.223045 234.016388 69.985115
v 32.172668 231.039566 72.493996
v 58.224144 265.993164 127.540764
v 57.785187 261.834778 129.964630
v 59.835564 264.811584 127.455750
v 33.651264 229.128601 70.958687
v 34.127201 233.668747 69.371109
v 35.444199 232.378586 68.595871
v 86.058617 245.335571 133.018158
v 86.534554 249.875717 131.430573
v 87.851555 248.585556 130.655334
v 78.744667 60.642368 88.555359
v 80.540863 55.409630 90.296661
v 83.803902 55.769173 88.011208
v 98.129410 70.598785 117.798157
v 96.333214 75.831520 116.056854
v 101.392448 70.958328 115.512703
v 82.076225 60.096954 89.344345
v 85.784019 58.094002 88.079262
v 85.331200 56.525799 89.234985
v 97.710793 73.598686 113.790588
v 100.965767 70.027519 113.681229
v 101.418587 71.595726 112.525505
v 88.644287 155.116867 55.263813
v 84.100304 155.772064 58.808235
v 85.784142 183.335434 46.380806
v 81.240158 183.990631 49.925224
v 88.239998 184.507263 49.312626
v 89.439407 156.166122 58.340977
v 90.422318 155.965271 57.386436
v 91.059639 156.688293 58.069839
v 89.274902 159.413635 62.018490
v 92.034683 158.479431 58.162220
v 93.046539 159.089920 59.775742
v 86.799675 183.834503 54.330971
v 89.559456 182.900299 50.474701
v 90.571312 183.510788 52.088223
v 82.104218 187.164978 53.729942
v 84.467628 191.449066 50.615314
v 88.120270 190.105789 51.539341
v 85.444458 250.263535 132.254150
v 89.097099 248.920258 133.178162
v 83.081047 245.979446 135.368774
v 84.230400 187.808685 55.616989
v 87.566132 191.639435 52.817314
v 90.110275 188.711029 51.841698
v 118.108070 198.788254 111.004410
v 120.715630 201.782776 108.815887
v 120.827171 199.205536 109.258553
v 121.079681 198.748047 102.474319
v 121.417862 202.610596 108.162323
v 119.870186 201.493042 107.480858
v 117.458984 198.127441 103.932137
v 87.981400 186.988144 55.863091
v 91.753036 186.664429 53.620342
v 91.706825 188.630936 53.258785
v 123.526573 198.943542 105.281654
v 123.282494 198.835907 105.452286
v 116.044121 196.083115 101.743515
v 119.204330 195.649567 98.981476
v 120.955116 198.086639 101.546951
v 123.555115 197.729126 105.504936
v 123.283730 197.563477 105.703766
v 122.824120 196.734390 104.419205
v 122.735573 196.820282 104.897659
v 119.801147 197.300751 107.885963
v 119.840530 197.318115 107.858437
v 119.841431 197.297287 107.862007
v 118.145332 196.764114 105.178825
v 88.492668 187.379135 55.964291
v 89.387207 191.227844 53.180897
v 91.023224 190.285233 53.840397
v 89.430664 243.855591 134.357788
v 90.325203 247.704300 131.574402
v 91.961220 246.761688 132.233902
v 78.353600 248.662094 134.652084
v 83.032509 243.056931 131.312103
v 85.395920 247.341019 128.197479
v 81.056366 252.586090 131.344925
v 89.048561 245.997742 129.121490
v 86.589859 246.303986 140.324631
vn 0.8305 -0.1445 -0.5379
vn 0.8312 -0.1464 -0.5364
vn 0.4868 0.0919 -0.8687
vn 0.4623 0.0920 -0.8819
vn 0.9007 -0.2181 -0.3759
vn 0.8075 -0.2918 -0.5126
vn 0.8076 -0.2916 -0.5125
vn 0.8427 -0.4552 -0.2875
vn 0.8074 -0.2920 -0.5127
vn -0.1245 -0.6775 -0.7249
vn 0.4404 -0.6805 0.5856
vn 0.5410 -0.5909 0.5984
vn 0.3097 -0.9022 0.3002
vn 0.8572 -0.0736 -0.5097
vn 0.5751 0.6605 -0.4827
vn 0.7996 -0.1594 -0.5789
vn 0.4624 0.0871 -0.8824
vn 0.3407 0.1640 -0.9258
vn 0.7834 -0.1130 -0.6111
vn 0.4075 0.7386 -0.5370
vn 0.4660 0.6766 -0.5702
vn 0.0001 0.3075 -0.9515
vn 0.0034 0.3134 -0.9496
vn -0.0000 0.3072 -0.9516
vn 0.0060 0.3044 -0.9525
vn -0.0000 0.8814 -0.4723
vn -0.0001 0.8814 -0.4723
vn -0.0000 0.3553 -0.9348
vn -0.8439 0.1542 0.5139
vn -0.7006 0.0326 0.7128
vn -0.8435 0.1531 0.5148
vn -0.7922 0.4479 -0.4144
vn -0.8452 0.1584 0.5105
vn -0.4792 -0.0857 0.8735
vn -0.9015 0.2137 0.3763
vn -0.8048 0.2881 0.5189
vn -0.8085 0.2823 0.5164
vn -0.8048 0.2883 0.5189
vn -0.6876 0.3715 0.6239
vn -0.8437 0.4506 0.2918
vn -0.8083 0.2826 0.5165
vn 0.1331 0.6708 0.7296
vn -0.4312 0.6839 -0.5885
vn -0.5386 0.5904 -0.6011
vn -0.3076 0.9018 -0.3034
vn -0.8621 0.0924 0.4983
vn -0.8074 -0.3411 -0.4815
vn -0.5752 -0.6621 0.4803
vn 0.8042 -0.0591 -0.5914
vn -0.4889 -0.0564 0.8705
vn -0.8215 0.1787 0.5415
vn -0.8049 0.1218 0.5808
vn -0.7924 0.4635 -0.3966
vn -0.4074 -0.7398 0.5355
vn -0.1808 -0.7806 0.5983
vn 0.3950 -0.7722 0.4977
vn -0.4676 -0.6762 0.5693
vn -0.0312 -0.8055 0.5918
vn 0.0196 -0.3072 0.9514
vn 0.0003 -0.3075 0.9516
vn 1.0000 0.0048 -0.0061
vn 0.0006 -0.3074 0.9516
vn 0.0005 -0.3314 0.9435
vn 0.0005 -0.3312 0.9435
vn 0.0035 -0.8814 0.4723
vn -0.0000 -0.9284 0.3716
vn 0.0016 -0.6591 0.7520
vn 0.0027 -0.8815 0.4722
vn 0.0010 -0.8817 0.4718
vn -0.0012 -0.6611 0.7503
vn 0.0005 -0.3553 0.9348
vn 0.0036 -0.6230 0.7822
vn 0.0003 -0.3514 0.9362
vn 0.0042 -0.3243 0.9459
vn -0.5444 -0.7621 0.3505
vn 0.3540 -0.1974 0.9142
vn 0.1958 0.8850 -0.4225
vn -0.0223 -0.8082 0.5885
vn -0.6564 0.6703 -0.3462
vn -0.9119 -0.2767 0.3032
vn 0.0350 -0.6388 -0.7686
vn 0.0848 0.0813 0.9931
vn 0.5510 -0.7592 0.3463
vn 0.5710 -0.0052 0.8210
vn 0.4626 -0.4068 0.7877
vn 0.1920 0.5083 0.8395
vn 0.1926 0.5093 0.8388
vn 0.1911 0.5069 0.8406
vn -1.0000 -0.0000 -0.0000
vn 0.0430 -0.8578 0.5122
vn -0.0000 0.5561 0.8311
vn 0.6247 -0.2399 0.7431
vn -0.0000 -0.8168 0.5770
vn -0.6247 -0.2399 0.7431
vn -0.0000 -0.3072 0.9516
vn -0.0000 0.9998 0.0191
vn 1.0000 -0.0000 -0.0000
vn -0.0000 -0.8222 -0.5692
vn 0.9622 0.0837 -0.2592
vn -0.9622 0.0837 -0.2592
vn -0.0000 0.3252 0.9457
vn 0.9622 0.0837 -0.2591
vn -0.0000 -0.9516 -0.3072
vn -0.0000 0.9516 0.3072
vn -0.9622 0.0837 -0.2591
vn -0.0000 0.1951 -0.9808
vn -0.0000 0.5556 -0.8315
vn -0.0000 0.8315 -0.5556
vn -0.0000 0.9808 -0.1951
vn -0.0000 0.9808 0.1951
vn -0.0000 0.8315 0.5556
vn -0.0000 0.5556 0.8315
vn -0.0000 0.1951 0.9808
vn -0.0000 -0.1951 0.9808
vn -0.0000 -0.5556 0.8315
vn -0.0000 -0.8315 0.5556
vn -0.0000 -0.9808 0.1951
vn -0.0000 -0.9808 -0.1951
vn -0.0000 -0.8315 -0.5556
vn -0.0000 -0.5556 -0.8315
vn -0.0000 -0.1951 -0.9808
vn -0.0000 -0.8168 0.5769
vn -0.0000 0.8315 -0.5555
vn -0.0000 0.8315 0.5555
vn -0.0000 -0.8315 0.5555
vn -0.0000 -0.8315 -0.5555
vn -0.6247 -0.6883 0.3688
vn -0.0000 0.4723 0.8814
vn 0.6247 -0.6883 0.3688
vn -0.0000 -0.4723 -0.8814
vn -0.9622 0.2400 -0.1286
vn -0.0000 0.7069 0.7073
vn -0.0000 -0.1974 -0.9803
vn -0.0000 -0.9885 -0.1510
vn -0.0000 -0.8814 0.4723
vn 0.9622 0.2400 -0.1286
vn 0.3934 -0.8103 0.4342
vn 0.7987 -0.5304 0.2842
vn -0.0000 -0.4218 0.9067
vn -0.0000 0.9808 -0.1952
vn -0.0000 0.9808 0.1952
vn -0.0000 -0.9808 -0.1952
vn -0.0000 -0.9808 0.1950
vn -0.0000 -0.9808 -0.1950
vn -0.0000 -0.9348 -0.3553
vn 0.6247 -0.2774 0.7299
vn -0.0000 -0.3553 0.9348
vn -0.0000 -0.7922 -0.6103
vn -0.6247 -0.2774 0.7299
vn -0.0000 0.2766 0.9610
vn -0.0000 0.9348 0.3553
vn -0.9622 0.0968 -0.2546
vn -0.0000 -0.8451 0.5347
vn -0.0000 -0.8451 0.5346
vn -0.0000 0.9975 0.0700
vn 0.9622 0.0968 -0.2546
vn -0.0000 0.5555 -0.8315
vn -0.0000 -0.5555 -0.8315
vn 0.3515 -0.2101 0.9123
vn 0.3514 -0.2101 0.9123
vn -0.8161 -0.3589 -0.4529
vn -0.8161 -0.3589 -0.4530
vn -0.2865 -0.9519 -0.1088
vn 0.5411 -0.7497 -0.3811
vn -0.5411 0.7497 0.3811
vn -0.7640 -0.6276 0.1498
vn -0.3515 0.2101 -0.9123
vn -0.3514 0.2101 -0.9123
vn 0.5181 -0.0597 0.8532
vn -0.9359 -0.0523 0.3485
vn 0.7970 0.5141 -0.3171
vn -0.1659 0.3491 -0.9223
vn -0.8074 -0.3410 -0.4815
vn -0.7589 -0.6316 0.1584
vn -0.3375 0.8806 0.3327
vn 0.7118 -0.5731 -0.4061
vn -0.3770 -0.6213 0.6869
vn 0.8682 -0.2916 -0.4016
vn 0.9362 0.0878 -0.3404
vn 0.9362 0.0877 -0.3405
vn 0.8617 0.4537 -0.2275
vn 0.8616 0.4537 -0.2275
vn 0.6559 0.7506 -0.0799
vn 0.3504 0.9332 0.0799
vn -0.0085 0.9737 0.2275
vn -0.3661 0.8660 0.3405
vn -0.3661 0.8661 0.3404
vn -0.6680 0.6265 0.4016
vn -0.8681 0.2916 0.4016
vn -0.8682 0.2916 0.4016
vn -0.9362 -0.0877 0.3404
vn -0.9362 -0.0878 0.3404
vn -0.8616 -0.4537 0.2275
vn -0.6559 -0.7506 0.0799
vn -0.6560 -0.7506 0.0799
vn -0.3504 -0.9332 -0.0799
vn 0.0085 -0.9737 -0.2275
vn 0.3661 -0.8661 -0.3404
vn 0.6680 -0.6265 -0.4016
vn 0.9362 0.0877 -0.3404
vn 0.6560 0.7506 -0.0799
vn -0.3661 0.8661 0.3405
vn 0.0631 -0.0211 0.9978
vn 0.0631 -0.0212 0.9978
vn 0.0630 -0.0212 0.9978
vn -0.6471 0.3553 0.6745
vn -0.8792 0.4720 0.0656
vn -0.7259 0.3818 -0.5721
vn 0.4723 0.8814 -0.0112
vn -0.0631 0.0212 -0.9978
vn -0.0630 0.0214 -0.9978
vn -0.0631 0.0211 -0.9978
vn -0.0632 0.0212 -0.9978
vn -0.7259 0.3817 -0.5721
vn -0.9867 -0.1513 0.0592
vn -0.4723 -0.8814 0.0112
vn 0.1597 -0.0980 -0.9823
vn 0.6896 0.7236 -0.0283
vn 0.6896 0.7236 -0.0282
vn -0.4200 0.9064 0.0458
vn 0.2818 -0.1390 0.9494
vn -0.4020 0.2230 0.8880
vn -0.2208 -0.9753 -0.0067
vn 0.9899 -0.1262 -0.0652
vn 0.9632 0.2629 -0.0553
vn 0.7900 0.6121 -0.0370
vn 0.4964 0.8680 -0.0130
vn 0.1273 0.9918 0.0130
vn -0.2612 0.9646 0.0370
vn -0.6099 0.7905 0.0553
vn -0.8658 0.4961 0.0652
vn -0.9899 0.1262 0.0652
vn -0.9632 -0.2629 0.0553
vn -0.7900 -0.6120 0.0370
vn -0.7899 -0.6121 0.0370
vn -0.4964 -0.8680 0.0130
vn -0.1273 -0.9918 -0.0130
vn 0.2612 -0.9646 -0.0370
vn 0.6099 -0.7905 -0.0553
vn 0.8658 -0.4961 -0.0652
vn 0.9632 0.2630 -0.0553
vn 0.7899 0.6121 -0.0370
vn 0.0237 0.2472 0.9687
vn 0.0237 0.2473 0.9686
vn 0.1413 0.4320 0.8907
vn 0.1056 -0.9641 0.2435
vn 0.1055 -0.9641 0.2435
vn -0.8586 0.5013 -0.1069
vn 0.0952 -0.0490 -0.9943
vn 0.0951 -0.0491 -0.9943
vn 0.8586 -0.5013 0.1069
vn -0.0237 -0.2472 -0.9687
vn -0.0234 -0.2472 -0.9687
vn -0.0237 -0.2470 -0.9687
vn 0.9580 -0.2825 0.0486
vn -0.7067 0.6895 -0.1586
vn -0.3850 -0.4931 0.7801
vn -0.3850 -0.4931 0.7802
vn -0.4147 -0.8019 -0.4301
vn -0.9248 -0.3626 0.1152
vn -0.4146 -0.8019 -0.4301
vn -0.5120 -0.8292 0.2242
vn -0.1034 0.9644 -0.2436
vn -0.4761 0.8548 -0.2065
vn -0.7762 0.6152 -0.1380
vn -0.9582 0.2818 -0.0484
vn -0.9944 -0.0944 0.0484
vn -0.8791 -0.4562 0.1380
vn -0.6300 -0.7486 0.2065
vn -0.2850 -0.9271 0.2436
vn 0.1034 -0.9644 0.2436
vn 0.4761 -0.8548 0.2065
vn 0.7762 -0.6152 0.1380
vn 0.9582 -0.2819 0.0485
vn 0.9582 -0.2818 0.0485
vn 0.9944 0.0944 -0.0485
vn 0.9944 0.0944 -0.0484
vn 0.8791 0.4562 -0.1380
vn 0.6300 0.7486 -0.2065
vn 0.2850 0.9271 -0.2436
vn -0.9582 0.2819 -0.0485
vn -0.8791 -0.4563 0.1380
vn 0.8791 0.4563 -0.1380
vn 0.6300 0.7487 -0.2065
vn -0.0000 0.9910 0.1339
vn -0.0000 -0.9910 -0.1339
vn -0.0000 0.1339 -0.9910
vn -0.0000 0.1338 -0.9910
vn -0.0000 -0.1339 0.9910
vn -0.1951 -0.9720 -0.1313
vn -0.5556 -0.8240 -0.1113
vn -0.8315 -0.5506 -0.0744
vn -0.9808 -0.1933 -0.0261
vn -0.9808 0.1933 0.0261
vn -0.8315 0.5506 0.0744
vn -0.5556 0.8240 0.1113
vn -0.1951 0.9720 0.1313
vn 0.1951 0.9720 0.1313
vn 0.5556 0.8240 0.1113
vn 0.8315 0.5506 0.0744
vn 0.9808 0.1933 0.0261
vn 0.9808 -0.1933 -0.0261
vn 0.8315 -0.5506 -0.0744
vn 0.5556 -0.8240 -0.1113
vn 0.1951 -0.9719 -0.1313
vn 0.1951 -0.9720 -0.1313
vn -0.5394 0.8420 -0.0000
vn 0.7071 -0.0000 0.7071
vn -0.6000 -0.0000 0.8000
vn -0.6000 -0.0001 0.8000
vn 0.0396 -0.3322 0.9424
vn 0.0024 -0.3140 0.9494
vn 0.0005 -0.3095 0.9509
vn 0.0006 -0.3137 0.9495
vn 0.0009 -0.3316 0.9434
vn -0.0000 -0.3290 0.9443
vn 0.0196 -0.3073 0.9514
vn 0.0011 -0.8816 0.4719
vn -0.9975 -0.0688 -0.0160
vn -0.9975 -0.0689 -0.0162
vn -0.9975 -0.0688 -0.0161
vn -0.0009 -0.6601 0.7512
vn 0.0028 -0.6594 0.7518
vn 0.0033 -0.6602 0.7511
vn 0.0012 -0.8819 0.4714
vn 0.0011 -0.8818 0.4716
vn 0.0010 -0.8818 0.4716
vn 0.0011 -0.8819 0.4715
vn 0.0011 -0.8819 0.4714
vn -0.4486 -0.8369 0.3135
vn 0.0024 0.0114 0.9999
vn 0.0420 0.9431 -0.3298
vn -0.0113 -0.7296 0.6838
vn -0.6730 0.5945 -0.4400
vn -0.8968 -0.3019 0.3235
vn -0.1336 -0.3656 -0.9211
vn -0.0591 0.4761 0.8774
vn 0.2583 -0.7880 0.5589
vn 0.6542 0.0856 0.7515
vn 0.4266 -0.4000 0.8112
vn 0.1906 0.5059 0.8413
vn -0.0029 0.4723 0.8814
vn -0.0000 0.8314 -0.5556
vn -0.0000 -0.9808 0.1952
vn -0.0000 0.8314 0.5556
vn 0.3515 -0.2100 0.9123
vn 0.3514 -0.2100 0.9123
vn 0.3514 -0.2100 0.9124
vn 0.3516 -0.2100 0.9123
vn -0.3515 0.2100 -0.9123
vn -0.3515 0.2102 -0.9123
vn -0.3514 0.2100 -0.9124
vn -0.3514 0.2100 -0.9123
vn -0.3375 0.8806 0.3328
vn 0.0634 -0.0211 0.9978
vn 0.0630 -0.0211 0.9978
vn 0.0633 -0.0211 0.9978
vn -0.0630 0.0211 -0.9978
vn -0.0625 0.0211 -0.9978
vn -0.0633 0.0210 -0.9978
vn 0.0238 0.2472 0.9687
vn 0.0237 0.2468 0.9688
vn -0.0239 -0.2472 -0.9687
vn -0.0236 -0.2473 -0.9687
vn -0.0238 -0.2472 -0.9687
vn -0.9582 0.2818 -0.0485
vn 0.9582 -0.2818 0.0484
vn -0.0000 0.1344 -0.9909
vn -0.0000 0.1343 -0.9909
vn -0.0000 0.1337 -0.9910
vn -0.0000 -0.1340 0.9910
vn -0.1950 -0.9720 -0.1313
vn 0.1952 -0.9719 -0.1313
vn 0.1950 -0.9720 -0.1313
vn 0.7118 -0.1934 0.6753
vn 0.8166 -0.1344 -0.5613
vn 0.0013 -0.1809 0.9835
vn 0.5440 -0.8058 -0.2339
vn -0.0000 -0.9999 0.0123
vn -0.5481 0.8025 0.2358
vn 0.0046 0.9999 -0.0144
vn 0.6165 0.1367 0.7754
vn 0.6148 0.4234 -0.6654
vn -0.0059 -0.0543 0.9985
vn -0.9894 -0.1455 0.0035
vn -0.0042 0.0123 0.9999
vn -0.0040 -0.2772 0.9608
vn -0.9622 -0.2724 -0.0007
vn 1.0000 0.0001 0.0042
vn 0.0040 -0.3008 -0.9537
vn -1.0000 -0.0001 -0.0042
vn 0.9622 -0.2723 0.0074
vn 0.9622 -0.2722 0.0074
vn -0.0025 0.8073 0.5901
vn -0.6247 0.7808 -0.0123
vn 0.0025 0.7926 -0.6098
vn 0.0042 -0.0123 -0.9999
vn 0.6247 0.7808 -0.0070
vn -0.0000 0.9999 -0.0123
vn 0.0041 0.1951 -0.9808
vn 0.0035 0.5556 -0.8315
vn 0.0023 0.8315 -0.5556
vn 0.0008 0.9808 -0.1951
vn -0.0009 0.9808 0.1951
vn -0.0024 0.8315 0.5556
vn -0.0035 0.5556 0.8315
vn -0.0042 0.1951 0.9808
vn -0.0041 -0.1951 0.9808
vn -0.0035 -0.5556 0.8315
vn -0.0023 -0.8315 0.5556
vn -0.0008 -0.9808 0.1951
vn 0.0009 -0.9808 -0.1951
vn 0.0024 -0.8315 -0.5556
vn 0.0035 -0.5556 -0.8315
vn 0.0042 -0.1951 -0.9808
vn -0.6761 -0.2775 0.6826
vn 0.6761 0.2775 -0.6826
vn 0.3554 -0.9343 -0.0278
vn 0.6455 0.2238 0.7303
vn -0.3554 0.9343 0.0278
vn -0.6455 -0.2238 -0.7303
vn -0.5484 -0.4209 -0.7226
vn -0.5316 -0.4800 -0.6979
vn -0.3332 -0.7111 -0.6191
vn -0.1335 -0.8649 -0.4839
vn 0.1092 -0.9539 -0.2797
vn 0.3153 -0.9462 -0.0724
vn 0.4589 -0.8833 0.0954
vn 0.5904 -0.7563 0.2817
vn 0.6905 -0.5741 0.4400
vn 0.7321 -0.3575 0.5798
vn 0.7330 -0.1587 0.6615
vn 0.6883 0.1000 0.7185
vn -0.6760 -0.2775 0.6826
vn 0.5765 0.3777 0.7246
vn 0.4031 0.6361 0.6579
vn 0.1780 0.8374 0.5168
vn 0.0416 0.9105 0.4114
vn -0.1092 0.9539 0.2797
vn -0.2941 0.9510 0.0954
vn -0.4977 0.8551 -0.1452
vn -0.6388 0.6825 -0.3552
vn -0.6857 0.5761 -0.4449
vn -0.7284 0.3918 -0.5621
vn -0.7243 0.0800 -0.6848
vn -0.6756 -0.1362 -0.7246
vn 0.6757 0.2776 -0.6829
vn 0.4312 -0.6839 0.5885
vn -0.2609 -0.0706 -0.9628
vn 0.8976 0.3494 -0.2689
vn -0.8976 -0.3494 0.2689
vn 0.2610 0.0706 0.9628
vn -0.8975 -0.3494 0.2689
vn 0.2611 0.0706 0.9627
vn -0.2883 -0.0812 -0.9541
vn 0.8975 0.3494 -0.2689
vn -0.4404 0.6805 -0.5856
vn 0.2609 0.0706 0.9628
vn -0.2610 -0.0706 -0.9628
vn -0.0372 -0.2291 -0.9727
vn 0.0372 0.2291 0.9727
vn 0.3637 -0.9097 0.2003
vn -0.9308 -0.3464 0.1172
vn -0.3637 0.9097 -0.2003
vn 0.9308 0.3464 -0.1172
vn 0.2835 0.9309 -0.2301
vn 0.4885 0.8450 -0.2177
vn 0.7490 0.6379 -0.1789
vn 0.8781 0.4572 -0.1413
vn 0.9716 0.2192 -0.0888
vn 0.9990 -0.0337 -0.0303
vn 0.9582 -0.2843 0.0303
vn 0.8522 -0.5156 0.0888
vn 0.6881 -0.7117 0.1413
vn 0.5366 -0.8257 0.1739
vn 0.2336 -0.9484 0.2144
vn -0.0258 -0.9728 0.2301
vn -0.3658 -0.9027 0.2266
vn -0.5219 -0.8256 0.2144
vn -0.7247 -0.6640 0.1841
vn -0.8781 -0.4572 0.1413
vn -0.9716 -0.2192 0.0888
vn -0.9990 0.0337 0.0303
vn -0.9582 0.2844 -0.0303
vn -0.8522 0.5156 -0.0888
vn -0.6452 0.7488 -0.1517
vn -0.4266 0.8838 -0.1918
vn -0.2336 0.9484 -0.2144
vn 0.0259 0.9728 -0.2301
vn -0.2621 0.7830 -0.5640
vn 0.2621 -0.7830 0.5640
vn 0.8586 -0.0776 -0.5068
vn -0.4406 -0.6171 -0.6519
vn -0.8586 0.0776 0.5068
vn 0.4406 0.6171 0.6519
vn -0.8588 0.0773 0.5064
vn -0.0000 -0.0000 -0.0000
vn 0.4407 0.6171 0.6519
vn -0.0327 -0.6899 -0.7232
vn 0.0327 0.6899 0.7232
vn 0.8023 -0.4496 0.3927
vn 0.5960 0.5674 -0.5682
vn -0.8023 0.4496 -0.3927
vn -0.5960 -0.5674 0.5682
vn 0.6600 0.5393 -0.5230
vn -0.6600 -0.5393 0.5230
vn 0.7500 -0.5132 0.4172
vn 0.0434 0.6676 0.7432
vn -0.7500 0.5132 -0.4172
vn -0.0434 -0.6676 -0.7432
vn 0.5652 -0.8168 0.1158
vn -0.8022 0.4503 -0.3920
vn -0.7495 0.5141 -0.4170
vn -0.5664 0.8159 -0.1164
vn -0.6444 -0.5848 0.4926
vn -0.0378 -0.6864 -0.7263
vn 0.6692 0.5318 -0.5190
vn -0.5496 -0.2681 0.7913
vn 0.7589 0.5292 -0.3795
vn 0.2223 -0.7516 0.6210
vn 0.5430 0.8376 -0.0597
vn 0.4885 0.4219 0.7638
vn 0.4076 -0.7737 0.4849
vn -0.4432 -0.5624 0.6981
vn -0.7642 -0.0483 0.6432
vn -0.8341 -0.2860 0.4716
vn -0.5008 -0.7980 -0.3352
vn -0.0712 -0.2455 -0.9668
vn 0.7985 -0.2774 -0.5343
vn 0.8479 -0.2802 -0.4502
vn -0.9508 0.2434 0.1916
vn -0.3612 0.8980 0.2511
vn -0.5862 0.3308 -0.7396
vn -0.3119 0.5265 -0.7909
vn -0.1861 0.2521 0.9496
vn -0.4460 -0.4504 0.7735
vn -0.4676 -0.3799 0.7982
vn 0.3094 -0.6437 0.7000
vn -0.7750 0.5908 0.2245
vn -0.9643 -0.2477 -0.0941
vn 0.4189 0.3026 -0.8561
vn -0.6158 -0.2733 -0.7390
vn 0.0962 -0.9494 0.2989
vn 0.5145 0.1667 0.8411
vn -0.7211 0.6239 0.3012
vn 0.4072 0.7261 -0.5541
vn 0.3771 0.9112 -0.1660
vn 0.4954 0.5553 -0.6680
vn 0.7576 0.0422 -0.6514
vn 0.5560 0.6540 -0.5130
vn -0.1177 0.6375 0.7614
vn 0.7976 -0.1468 -0.5850
vn 0.8311 -0.1585 -0.5331
vn -0.7636 0.2531 0.5940
vn -0.7912 0.1195 0.5998
vn 0.3119 -0.5265 0.7909
vn 0.0405 -0.7001 0.7129
vn -0.1378 0.8896 -0.4354
vn -0.8831 0.2067 -0.4213
vn -0.8527 0.0880 -0.5150
vn -0.8526 0.0880 -0.5150
vn -0.3292 -0.9070 -0.2626
vn -0.8140 0.0464 -0.5790
vn 0.8545 -0.3946 -0.3378
vn 0.8500 -0.3346 -0.4069
vn 0.5486 0.6519 0.5236
vn 0.5679 0.6429 0.5139
vn 0.3910 -0.3901 0.8336
vn 0.0635 0.9943 -0.0853
vn 0.8138 -0.1725 -0.5550
vn 0.0108 0.9535 -0.3013
vn 0.5770 -0.4202 0.7003
vn 0.5296 -0.4197 0.7371
vn -0.3910 0.3898 -0.8338
vn 0.7997 -0.1571 -0.5795
vn 0.3633 0.9032 0.2285
vn 0.3672 0.9027 0.2243
vn 0.0738 0.9351 -0.3466
vn -0.1741 -0.6963 0.6963
vn 0.0835 -0.9674 0.2391
vn -0.8120 0.1447 0.5655
vn -0.8119 0.1447 0.5655
vn 0.6810 0.2053 0.7029
vn 0.8126 -0.1989 -0.5478
vn -0.1101 0.9691 -0.2209
vn 0.8043 -0.4301 0.4101
vn 0.6327 0.1957 0.7493
vn 0.0297 0.6321 0.7743
vn -0.7963 0.2857 0.5331
vn 0.6555 -0.2990 0.6935
vn 0.5291 0.6932 -0.4894
vn 0.8105 -0.2399 0.5343
vn -0.7196 0.2907 -0.6306
vn -0.9986 0.0249 0.0464
vn -0.5222 -0.7076 0.4761
vn 0.7750 -0.5908 -0.2245
vn -0.7489 -0.6195 -0.2354
vn -0.2613 0.6030 -0.7537
vn -0.0000 0.9516 0.3073
vn 0.0002 0.5737 0.8191
vn -0.0041 -0.7812 0.6243
vn 0.4548 0.1985 -0.8682
vn 0.6316 0.2087 0.7467
vn 0.3553 -0.9342 -0.0320
vn 0.3551 -0.9343 -0.0314
vn 0.7061 0.1888 -0.6824
vn -0.6471 -0.3502 0.6772
vn -0.3763 0.9256 0.0405
vn 0.3364 -0.9417 -0.0039
vn -0.3678 0.9293 0.0331
vn -0.3780 0.9234 0.0660
vn 0.7247 0.1416 -0.6743
vn -0.7024 0.1883 -0.6864
vn -0.5751 -0.6605 0.4827
vn 0.6135 0.0420 0.7885
vn -0.6135 -0.0420 -0.7885
vn 0.5411 -0.7497 -0.3810
vn 0.3418 -0.7868 0.5139
vn 0.8488 -0.0536 -0.5259
vn -0.4423 -0.6078 -0.6595
vn 0.5899 0.0477 0.8061
vn 0.0852 -0.9961 0.0216
vn 0.8725 -0.0742 -0.4830
vn -0.8427 0.4552 0.2875
vn 0.2585 -0.1264 0.9577
vn -0.2585 0.1264 -0.9577
vn 0.8137 -0.1725 -0.5551
vn 0.0756 0.9345 -0.3479
vn 0.0642 -0.9651 0.2540
vn 0.8126 -0.2025 -0.5465
vn -0.8118 0.1515 0.5639
vn 0.0899 0.9321 -0.3508
vn -0.4660 -0.6766 0.5702
vn 0.2135 0.5394 0.8145
vn -0.2135 -0.5394 -0.8145
vn -0.9317 -0.0530 0.3594
vn 0.7780 -0.4553 -0.4329
vn 0.3292 0.9070 0.2626
vn 0.1107 -0.7214 0.6836
vn 0.3037 0.9492 -0.0827
vn -0.2787 0.7251 -0.6297
vn 0.2592 -0.9359 -0.2387
vn 0.4398 0.5573 -0.7043
vn 0.5008 0.7980 0.3352
vn 0.3862 -0.9224 -0.0079
vn -0.9987 -0.0511 -0.0046
vn -0.5354 0.6603 -0.5266
vn -0.4533 0.3945 0.7993
vn 0.0289 0.7242 0.6890
vn -0.5035 0.4611 -0.7307
vn -0.0610 -0.0713 -0.9956
vn -0.7824 -0.6223 -0.0260
vn -0.7105 0.1709 0.6827
vn 0.5450 0.5974 0.5882
vn 0.7549 -0.1431 -0.6401
vn 0.7993 -0.1572 -0.5800
vn 0.1378 -0.8896 0.4354
vn 0.4778 0.1772 0.8604
vn -0.4134 -0.7887 0.4550
vn 0.9282 -0.3083 0.2085
vn 0.0135 0.6829 0.7303
vn -0.8411 0.1466 0.5207
vn -0.5450 -0.5975 -0.5882
vn -0.0962 0.9494 -0.2989
vn -0.5577 0.3061 -0.7715
vn 0.3399 -0.7867 0.5153
vn 0.5547 0.6055 0.5707
vn 0.8499 -0.0570 -0.5238
vn 0.5278 -0.4195 0.7385
vn 0.5277 -0.4195 0.7386
vn -0.2468 -0.9104 -0.3321
vn 0.8017 -0.1588 -0.5762
vn 0.8015 -0.1586 -0.5766
vn 0.2787 -0.7251 0.6297
vn -0.9523 -0.1236 0.2791
vn 0.8546 0.4864 0.1818
vn -0.7289 -0.4501 0.5158
vn 0.3468 -0.9359 -0.0616
vn 0.4811 0.6729 0.5619
vn -0.7819 -0.5520 -0.2896
vn -0.4481 0.3949 -0.8021
vn 0.0640 -0.2989 0.9521
vn 0.2836 -0.3603 0.8887
vn -0.7448 0.4204 -0.5182
vn 0.8714 0.2430 -0.4262
vn 0.7448 -0.4205 0.5181
vn 0.3800 -0.9236 -0.0509
vn 0.4533 -0.3945 -0.7993
vn -0.7750 -0.6174 -0.1347
vn 0.5233 0.8437 -0.1197
vn -0.2271 -0.1574 -0.9611
vn 0.3665 -0.9304 -0.0008
vn 0.7084 0.7037 0.0544
vn -0.8903 -0.2438 -0.3846
vn -0.2264 -0.1584 -0.9611
vn -0.8370 -0.4763 0.2692
vn 0.3664 -0.9305 -0.0022
vn -0.6757 0.1184 0.7277
vn 0.2491 0.2381 -0.9388
vn -0.2264 -0.1586 -0.9610
vn 0.3669 -0.9303 -0.0023
vn -0.3113 0.5274 -0.7905
vn -0.0508 -0.3595 0.9318
vn 0.8281 -0.1376 -0.5434
vn -0.5433 -0.4355 -0.7178
vn 0.1519 0.4534 0.8783
vn 0.5844 0.4280 0.6894
vn -0.9351 -0.2618 -0.2389
vn 0.5296 -0.4198 0.7371
vn 0.7995 -0.1570 -0.5797
vn -0.5450 -0.5974 -0.5882
vn -0.2987 0.7939 -0.5296
vn -0.1989 -0.5894 0.7829
vn 0.5276 -0.4195 0.7386
vn 0.5450 0.5974 0.5883
vn 0.2521 -0.7859 0.5646
vn -0.5604 0.7814 -0.2745
vn 0.5280 -0.4196 0.7384
vn -0.8281 0.1804 0.5308
vn 0.7160 -0.4258 0.5532
vn -0.5004 -0.7986 -0.3343
vn 0.1214 0.8477 0.5164
vn 0.5008 0.7985 0.3340
vn -0.8707 -0.4916 0.0161
vn 0.0739 0.9351 -0.3467
vn 0.8128 -0.1990 -0.5476
vn 0.7642 0.0483 -0.6432
vn -0.3512 -0.8053 -0.4777
vn 0.0958 0.9776 0.1873
vn -0.6320 -0.7244 -0.2753
vn 0.5203 0.3946 0.7573
vn -0.6327 -0.1957 -0.7493
vn -0.6185 0.7099 0.3369
vn 0.2446 -0.9685 0.0464
vn 0.3656 0.4396 0.8204
vn -0.3656 -0.4396 -0.8204
vn -0.9308 0.1727 0.3223
vn 0.7662 -0.6426 0.0028
vn 0.4831 0.3247 0.8131
vn -0.6084 -0.6012 -0.5180
vn 0.4660 0.6765 -0.5702
vn 0.8057 -0.5908 -0.0425
vn -0.9263 0.2579 0.2746
vn 0.6327 0.1957 0.7492
vn -0.6327 -0.1957 -0.7492
vn 0.6585 -0.6451 -0.3876
vn -0.7681 0.2816 0.5751
vn -0.4885 -0.4219 -0.7638
vn -0.8158 -0.0899 0.5714
vn 0.4957 0.5862 -0.6408
vn 0.2264 0.7841 -0.5779
vn -0.5548 -0.5254 0.6450
vn -0.6140 -0.2930 -0.7330
vn 0.0606 0.3053 0.9503
vn 0.3398 -0.7867 0.5154
vn 0.5059 0.3052 0.8068
vn -0.8153 -0.2474 -0.5235
vn -0.0097 -0.5845 -0.8113
vn 0.0097 0.5845 0.8113
vn -0.9132 0.3358 -0.2310
vn 0.5204 -0.6958 0.4950
vn -0.5145 -0.1667 -0.8411
vn -0.6360 0.7321 0.2439
vn 0.1971 -0.9776 0.0733
vn 0.0231 -0.9833 0.1808
vn -0.3757 0.9256 0.0463
vn 0.3415 -0.7867 0.5142
vn -0.8630 0.0980 0.4957
vn 0.6308 -0.7350 0.2487
vn 0.5139 0.1663 0.8416
vn 0.0229 -0.9832 0.1811
vn -0.3756 0.9256 0.0460
vn 0.8487 -0.0538 -0.5261
vn 0.8180 -0.4713 0.3298
vn -0.9827 0.1558 -0.1005
vn 0.4056 0.6931 -0.5958
vn 0.6514 0.7488 0.1225
vn 0.4727 -0.8719 0.1276
vn -0.5241 -0.7141 0.4641
vn -0.2438 0.7177 0.6523
vn -0.6832 -0.1392 -0.7169
s 1
usemtl V15_RIGHT_BLUE
f 445//1 135//2 137//3
f 683//4 445//1 137//3
f 445//5 443//5 135//5
f 447//6 443//7 445//6
f 537//8 509//8 447//8
f 537//9 447//6 445//6
f 137//10 135//10 1//10
f 142//11 443//11 143//11
f 143//12 443//12 447//12
f 447//13 509//13 143//13
f 641//14 538//14 540//14
f 540//15 638//15 641//15
f 445//16 684//17 538//16
f 540//18 538//19 684//17
f 540//20 273//20 638//20
f 273//21 429//21 638//21
f 685//22 691//23 683//4
f 185//24 540//18 693//25
f 366//26 368//26 363//26
f 416//27 420//26 429//26
f 540//28 185//28 273//28
f 444//29 138//30 136//31
f 685//22 687//32 140//33
f 686//34 138//30 444//29
f 444//35 136//35 139//35
f 446//36 444//37 139//38
f 511//39 446//40 508//40
f 536//41 444//37 491//41
f 138//42 2//42 136//42
f 141//43 144//43 139//43
f 144//44 446//44 139//44
f 446//45 144//45 508//45
f 642//46 541//46 539//46
f 689//47 633//48 541//48
f 647//48 642//48 637//48
f 687//32 691//23 140//49
f 690//50 444//51 539//51
f 539//52 693//25 692//53
f 541//54 637//54 274//54
f 636//55 694//56 637//57
f 274//57 631//58 414//57
f 3//59 9//59 11//59
f 93//60 695//61 85//60
f 179//62 697//63 698//64
f 296//65 699//66 700//67
f 365//68 362//69 367//69
f 700//67 703//70 262//71
f 274//72 267//73 541//74
f 693//25 690//50 691//23
f 685//22 140//49 691//23
f 136//75 443//75 139//75
f 536//76 508//76 537//76
f 445//77 536//77 537//77
f 1//78 135//78 136//78
f 137//79 1//79 138//79
f 144//80 141//80 143//80
f 141//81 139//81 142//81
f 508//82 143//82 509//82
f 538//83 641//83 642//83
f 638//84 642//84 641//84
f 539//85 445//85 538//85
f 428//86 637//87 638//88
f 3//89 186//89 185//89
f 701//89 185//89 186//89
f 137//90 138//90 3//90
f 365//89 706//89 705//89
f 713//89 705//89 706//89
f 711//89 713//89 264//89
f 366//91 428//91 429//91
f 185//89 264//89 265//89
f 265//89 713//89 266//89
f 89//89 86//89 64//89
f 59//89 5//89 89//89
f 18//89 10//89 19//89
f 91//92 84//92 92//92
f 8//93 6//93 7//93
f 89//94 68//94 90//94
f 84//92 41//92 7//92
f 84//92 7//92 92//92
f 28//95 6//95 41//95
f 87//96 85//96 88//96
f 89//94 5//94 68//94
f 5//94 28//94 68//94
f 35//97 36//97 14//97
f 79//97 88//97 92//97
f 40//97 14//97 88//97
f 68//95 28//95 84//95
f 41//92 8//92 7//92
f 90//95 68//95 91//95
f 12//98 14//98 9//98
f 16//99 88//99 14//99
f 87//99 88//99 16//99
f 5//94 6//94 28//94
f 85//100 15//100 86//100
f 15//100 10//100 86//100
f 91//101 92//101 89//101
f 13//102 14//99 12//99
f 7//103 10//103 14//103
f 92//104 88//104 86//104
f 11//105 9//100 10//100
f 25//106 44//106 43//106
f 42//107 24//107 43//107
f 42//108 38//108 21//108
f 38//109 37//109 20//109
f 37//110 36//110 19//110
f 36//111 35//111 18//111
f 22//112 18//112 39//112
f 17//113 39//113 34//113
f 23//114 17//114 40//114
f 29//115 23//115 46//115
f 29//116 47//116 30//116
f 30//117 48//117 31//117
f 31//118 49//118 32//118
f 32//119 50//119 33//119
f 45//120 27//120 50//120
f 26//121 45//121 44//121
f 75//106 59//106 81//106
f 74//107 58//107 75//107
f 74//108 73//108 57//108
f 73//109 72//109 56//109
f 72//110 69//110 53//110
f 69//111 70//111 54//111
f 55//112 54//112 71//112
f 51//113 71//113 52//113
f 60//114 51//114 76//114
f 61//115 60//115 77//115
f 61//116 78//116 62//116
f 62//117 79//117 63//117
f 63//118 80//118 64//118
f 64//119 83//119 67//119
f 82//120 66//120 83//120
f 81//121 65//121 82//121
f 109//122 108//93 110//93
f 181//89 178//89 158//89
f 153//89 107//89 181//89
f 111//89 94//89 112//89
f 184//92 123//92 110//92
f 184//92 110//92 183//92
f 94//103 110//103 107//103
f 179//96 177//96 180//96
f 181//94 107//94 182//94
f 107//94 122//94 182//94
f 182//95 122//95 184//95
f 123//92 109//92 110//92
f 122//95 108//95 123//95
f 95//98 96//98 93//98
f 177//105 93//100 94//100
f 102//97 124//97 110//97
f 174//97 173//97 180//97
f 105//97 96//97 180//97
f 107//94 108//94 122//94
f 179//102 180//102 96//102
f 183//104 180//104 178//104
f 184//101 183//101 181//101
f 128//106 115//106 134//106
f 114//107 128//107 127//107
f 113//108 127//108 126//108
f 126//109 125//109 112//109
f 125//110 124//110 111//110
f 97//111 124//111 102//111
f 98//112 97//112 103//112
f 99//113 98//113 104//113
f 100//114 99//114 105//114
f 101//115 100//115 106//115
f 101//116 129//116 116//116
f 116//117 130//117 117//117
f 117//118 132//118 119//118
f 119//119 133//119 120//119
f 118//120 133//120 131//120
f 134//121 121//121 131//121
f 168//106 153//106 176//106
f 153//107 168//107 167//107
f 151//108 167//123 166//123
f 150//109 166//109 165//109
f 149//110 165//110 164//110
f 146//111 164//124 161//124
f 145//112 146//112 160//112
f 147//113 145//113 162//113
f 148//114 147//114 163//114
f 155//115 148//115 170//115
f 155//125 171//116 156//125
f 157//117 171//117 172//117
f 157//118 173//118 158//118
f 158//126 174//119 159//126
f 154//120 174//120 169//120
f 176//121 175//121 169//121
f 326//89 275//89 347//89
f 357//89 345//89 347//89
f 275//89 278//89 300//89
f 275//127 276//127 284//127
f 357//128 347//128 359//128
f 275//127 284//127 348//127
f 275//127 348//127 347//127
f 309//97 286//97 310//97
f 359//97 355//97 353//97
f 312//97 299//97 359//97
f 285//129 286//129 287//129
f 286//130 275//130 299//130
f 297//131 296//131 295//131
f 358//132 356//132 359//132
f 318//131 295//131 357//131
f 298//133 299//133 296//133
f 354//129 286//129 355//129
f 287//129 286//129 354//129
f 285//134 275//134 286//134
f 276//135 287//135 284//135
f 284//135 354//135 348//135
f 356//131 318//131 357//131
f 299//136 298//137 707//138
f 319//138 359//136 299//136
f 347//139 348//139 355//139
f 358//136 359//136 319//138
f 294//106 283//106 316//106
f 293//107 282//107 294//107
f 282//123 293//123 292//123
f 281//109 292//140 291//109
f 279//110 291//110 290//141
f 277//124 290//124 288//124
f 278//112 277//112 289//112
f 300//113 278//113 309//113
f 301//114 300//114 310//114
f 302//115 301//115 311//115
f 303//125 311//125 312//125
f 304//117 312//117 313//117
f 304//118 314//118 305//142
f 305//126 315//126 306//126
f 317//120 308//120 315//120
f 316//121 307//121 317//121
f 350//106 343//106 351//106
f 349//107 342//107 350//107
f 342//108 349//123 337//123
f 326//109 337//109 336//109
f 324//110 336//110 335//110
f 323//111 335//124 334//124
f 320//112 323//112 331//112
f 321//113 320//113 332//113
f 322//114 321//114 333//114
f 327//115 322//115 338//115
f 328//125 338//125 339//125
f 328//143 340//117 329//143
f 329//118 341//144 330//142
f 330//126 353//126 346//126
f 352//120 345//120 353//120
f 351//121 344//121 352//121
f 188//145 212//145 192//145
f 271//146 218//146 212//146
f 271//146 212//146 272//146
f 210//147 193//147 218//147
f 191//148 190//148 189//148
f 269//149 192//149 270//149
f 192//149 210//149 270//149
f 270//147 210//147 271//147
f 218//146 211//146 212//146
f 271//150 272//150 269//150
f 272//151 268//151 263//151
f 262//152 189//152 263//152
f 211//153 193//154 212//153
f 213//97 219//97 212//97
f 260//97 259//97 268//97
f 216//97 190//97 268//97
f 192//149 193//149 210//149
f 267//155 262//155 268//155
f 269//89 263//89 243//89
f 239//89 192//89 269//89
f 194//89 192//89 199//89
f 268//156 190//156 191//156
f 204//106 224//106 223//106
f 203//107 223//157 222//157
f 202//123 222//123 221//123
f 201//109 221//109 220//109
f 199//110 220//110 219//110
f 194//124 219//124 213//124
f 195//112 213//112 214//112
f 196//113 195//113 215//113
f 197//114 196//114 216//114
f 198//115 197//115 217//115
f 205//125 217//125 225//125
f 206//117 225//117 226//117
f 206//118 227//118 207//118
f 207//126 228//126 208//126
f 209//120 228//158 229//158
f 204//121 229//121 224//121
f 255//106 239//106 261//106
f 250//107 234//107 255//107
f 234//108 250//123 249//123
f 233//109 249//109 248//109
f 231//110 248//110 247//110
f 230//111 247//124 246//124
f 235//112 230//112 251//112
f 236//113 235//113 252//113
f 237//114 236//114 253//114
f 238//115 237//115 254//115
f 241//125 254//116 257//116
f 242//117 257//117 258//117
f 242//118 259//118 243//118
f 243//126 260//119 244//126
f 256//120 240//120 260//120
f 261//121 245//121 256//121
f 670//159 597//159 644//159
f 618//159 629//160 634//159
f 666//159 665//159 682//159
f 594//161 595//162 593//161
f 639//163 644//163 643//163
f 640//164 682//164 644//164
f 632//165 594//165 634//165
f 594//161 640//161 639//161
f 594//161 639//161 595//162
f 593//166 595//166 596//166
f 595//166 639//166 596//166
f 596//166 639//166 643//166
f 660//167 640//167 659//168
f 632//167 645//167 677//167
f 594//167 616//167 615//167
f 681//169 682//169 647//169
f 597//170 594//170 593//170
f 680//171 645//172 632//172
f 645//172 688//173 646//174
f 633//175 634//175 681//175
f 646//176 682//176 645//176
f 645//172 689//47 688//173
f 597//177 596//177 644//177
f 672//178 654//178 650//178
f 654//179 653//179 649//180
f 653//181 670//181 648//182
f 652//183 670//183 671//183
f 651//184 671//184 663//184
f 663//185 664//185 651//185
f 664//186 665//186 659//187
f 666//188 659//188 665//188
f 668//189 662//190 666//189
f 669//191 662//192 668//191
f 677//193 661//193 669//193
f 674//194 676//195 667//194
f 679//196 675//196 674//196
f 678//197 675//197 679//197
f 656//198 678//198 673//198
f 673//199 655//199 656//199
f 617//178 611//178 613//178
f 611//200 610//200 606//180
f 605//182 606//182 609//182
f 609//183 608//183 607//201
f 598//184 608//184 619//184
f 598//185 619//185 620//185
f 600//187 620//187 621//202
f 622//188 601//188 621//188
f 623//190 601//190 622//190
f 603//191 602//191 623//191
f 628//193 604//193 624//193
f 604//194 628//194 627//194
f 626//196 616//196 627//196
f 616//197 626//197 629//197
f 615//198 629//198 618//198
f 618//199 617//199 614//199
f 495//203 451//204 496//205
f 529//204 510//204 535//204
f 528//203 531//204 535//204
f 450//206 451//206 523//206
f 450//207 513//207 449//207
f 513//208 482//208 449//208
f 449//208 482//208 448//208
f 535//209 490//209 482//209
f 448//210 482//210 474//210
f 482//210 487//211 486//210
f 457//212 458//213 448//210
f 523//207 513//207 450//207
f 523//207 522//207 513//207
f 522//214 482//208 513//208
f 449//215 448//215 450//215
f 448//216 510//216 451//216
f 452//217 470//217 469//217
f 533//218 490//219 534//218
f 471//217 490//217 489//217
f 452//217 471//217 470//217
f 482//220 523//220 524//220
f 510//221 511//39 708//222
f 510//221 708//222 532//222
f 535//221 532//222 534//221
f 469//223 511//223 510//223
f 497//224 492//224 454//224
f 492//225 493//225 453//225
f 493//226 494//226 456//226
f 457//227 455//227 495//227
f 496//228 458//228 495//228
f 462//229 496//229 501//229
f 463//230 501//230 502//230
f 503//231 464//231 463//231
f 507//232 468//232 503//232
f 467//233 468//233 506//233
f 505//234 466//235 506//234
f 466//236 505//236 504//236
f 461//237 504//237 500//237
f 461//238 500//238 499//238
f 459//239 499//239 498//239
f 498//240 497//240 459//240
f 516//224 512//224 472//224
f 512//225 515//225 473//241
f 515//242 514//242 475//242
f 476//227 475//227 519//227
f 520//228 479//228 519//228
f 483//229 479//229 525//229
f 484//230 525//230 526//230
f 529//231 485//231 484//231
f 530//232 488//232 529//232
f 487//233 488//233 531//233
f 486//235 487//235 528//235
f 486//236 528//236 527//236
f 480//237 527//237 521//237
f 478//238 521//238 518//238
f 477//239 518//239 517//239
f 517//240 516//240 477//240
f 434//243 437//243 586//243
f 589//244 588//243 586//243
f 440//243 441//243 430//243
f 547//245 430//245 636//245
f 585//246 586//247 584//247
f 403//248 430//248 426//248
f 427//249 548//250 426//249
f 635//251 586//251 585//251
f 548//250 565//249 426//249
f 565//249 631//249 630//249
f 403//252 426//252 422//252
f 563//252 585//252 564//253
f 424//252 630//252 425//254
f 635//255 694//56 636//55
f 547//256 427//256 430//256
f 437//257 584//258 586//258
f 403//259 585//259 572//259
f 403//259 572//259 408//259
f 437//260 403//260 431//260
f 572//259 585//259 583//261
f 404//262 408//262 431//262
f 408//262 572//262 431//262
f 572//262 584//262 431//262
f 583//262 584//262 572//262
f 436//263 411//263 410//263
f 566//264 542//264 411//264
f 567//265 543//265 566//265
f 569//266 543//266 567//266
f 570//267 544//267 569//267
f 571//268 546//268 570//268
f 425//269 571//269 568//269
f 424//270 568//270 442//270
f 423//271 442//271 441//271
f 422//272 441//272 440//272
f 440//273 439//273 422//273
f 439//274 438//274 421//275
f 438//276 432//276 405//277
f 432//278 433//278 405//278
f 434//279 409//279 407//279
f 435//280 410//280 409//280
f 581//263 552//263 551//263
f 560//264 552//264 587//264
f 588//265 560//265 587//265
f 589//281 564//281 588//281
f 592//267 564//267 589//267
f 591//282 563//268 592//282
f 558//269 591//269 590//269
f 590//270 582//270 558//270
f 557//271 582//271 579//271
f 579//272 578//272 557//272
f 578//273 576//273 556//273
f 576//274 575//274 554//275
f 575//277 574//277 554//277
f 574//278 573//278 549//283
f 550//279 549//279 577//284
f 551//280 577//280 580//280
f 420//285 417//285 364//285
f 412//286 360//286 413//286
f 362//287 374//287 371//287
f 381//288 414//287 395//287
f 364//287 416//287 363//287
f 376//287 413//287 375//287
f 418//97 419//97 413//97
f 417//97 420//97 416//97
f 389//289 360//289 412//289
f 367//289 391//289 419//289
f 367//89 362//89 360//89
f 364//89 363//89 368//89
f 380//290 392//290 391//290
f 381//291 400//291 392//291
f 400//292 395//292 402//292
f 402//293 396//293 401//293
f 401//294 394//294 399//294
f 399//295 393//295 398//295
f 398//296 393//296 390//296
f 375//297 390//297 376//297
f 386//298 389//298 375//298
f 386//299 373//299 385//299
f 382//300 385//300 372//300
f 383//301 382//301 369//301
f 384//302 383//302 370//302
f 374//303 384//303 371//303
f 387//304 377//304 388//304
f 378//305 391//306 388//306
f 185//24 137//3 4//24
f 273//26 363//26 416//27
f 265//26 366//26 273//26
f 429//26 420//26 366//26
f 368//26 366//26 420//26
f 366//26 363//26 273//26
f 273//26 416//27 429//26
f 265//28 273//28 185//28
f 536//40 533//40 534//40
f 536//40 534//40 532//222
f 489//40 446//40 471//40
f 470//307 471//307 469//307
f 536//40 708//222 511//39
f 471//40 446//40 469//40
f 536//40 511//39 508//40
f 469//40 446//40 511//39
f 489//41 444//37 446//36
f 536//41 491//41 533//41
f 491//41 444//37 489//41
f 541//48 642//48 647//48
f 541//48 647//48 646//174
f 633//48 681//48 637//48
f 680//171 633//308 689//47
f 541//48 633//48 637//48
f 681//48 647//48 637//48
f 636//55 637//57 428//57
f 548//309 631//309 565//310
f 694//56 631//58 637//57
f 274//57 414//57 415//57
f 414//57 428//57 418//57
f 547//57 636//55 428//57
f 427//57 547//57 428//57
f 414//57 427//57 428//57
f 414//57 548//57 427//57
f 274//57 637//57 631//58
f 414//57 631//58 548//57
f 87//59 16//59 138//59
f 16//59 13//59 138//59
f 701//311 85//59 695//61
f 3//59 15//59 85//59
f 13//59 12//59 138//59
f 12//59 9//59 138//59
f 3//59 11//59 15//59
f 9//59 3//59 138//59
f 87//312 138//30 686//34
f 95//313 87//312 541//74
f 177//62 179//62 698//64
f 93//314 87//312 95//313
f 177//62 709//315 704//316
f 93//317 85//317 87//317
f 179//62 95//313 541//74
f 319//138 274//72 358//318
f 318//319 296//320 297//321
f 274//72 707//138 298//137
f 296//65 274//72 298//137
f 356//65 705//322 703//70
f 318//65 703//70 699//66
f 712//323 296//65 702//324
f 356//65 358//318 365//68
f 274//72 415//325 358//318
f 378//69 380//326 379//327
f 358//318 415//325 380//326
f 418//325 428//328 419//329
f 419//329 428//328 367//69
f 358//318 380//326 378//69
f 358//318 378//69 362//69
f 367//69 428//328 365//68
f 365//68 358//318 362//69
f 541//74 191//71 697//63
f 697//63 189//71 698//64
f 262//71 712//323 702//324
f 189//71 704//316 709//315
f 267//73 274//72 712//323
f 267//73 191//71 541//74
f 135//330 443//330 136//330
f 508//331 509//331 537//331
f 445//332 444//332 536//332
f 1//333 136//333 2//333
f 2//334 138//334 1//334
f 143//335 141//335 142//335
f 139//336 443//336 142//336
f 144//337 143//337 508//337
f 538//338 642//338 539//338
f 638//339 637//339 642//339
f 444//340 445//340 539//340
f 429//341 428//86 638//88
f 3//89 185//89 4//89
f 4//103 137//103 3//103
f 366//89 266//89 706//89
f 266//89 713//89 706//89
f 366//342 365//342 428//342
f 711//89 185//89 187//89
f 63//89 86//89 62//89
f 67//89 89//89 64//89
f 63//89 64//89 86//89
f 61//89 62//89 86//89
f 10//89 22//89 17//89
f 23//89 10//89 17//89
f 60//89 61//89 86//89
f 60//89 86//89 51//89
f 23//89 86//89 10//89
f 29//89 86//89 23//89
f 86//89 55//89 51//89
f 55//89 86//89 29//89
f 30//89 55//89 29//89
f 55//89 30//89 54//89
f 31//89 54//89 30//89
f 54//89 31//89 53//89
f 32//89 53//89 31//89
f 53//89 32//89 56//89
f 33//89 56//89 32//89
f 56//89 33//89 57//89
f 27//89 57//89 33//89
f 57//89 27//89 58//89
f 26//89 58//89 27//89
f 58//89 26//89 59//89
f 25//89 59//89 26//89
f 5//89 21//89 20//89
f 89//89 67//89 66//89
f 89//89 66//89 65//89
f 5//89 24//89 21//89
f 24//89 5//89 25//89
f 65//89 59//89 89//89
f 5//89 59//89 25//89
f 20//89 10//89 5//89
f 19//89 10//89 20//89
f 10//89 18//89 22//89
f 5//93 7//93 6//93
f 8//95 41//95 6//95
f 85//96 86//96 88//96
f 37//97 7//97 14//97
f 14//97 39//97 35//97
f 36//97 37//97 14//97
f 83//97 80//97 92//97
f 79//97 78//97 88//97
f 92//97 80//97 79//97
f 92//97 82//97 83//97
f 7//97 37//97 38//97
f 7//97 38//97 42//97
f 92//97 81//97 82//97
f 81//97 92//97 75//97
f 42//97 43//97 7//97
f 43//97 44//97 7//97
f 75//97 92//97 7//97
f 74//97 75//97 7//97
f 7//97 44//97 74//97
f 73//97 74//97 44//97
f 44//97 45//97 73//97
f 72//97 73//97 45//97
f 45//97 50//97 72//97
f 69//97 72//97 50//97
f 50//97 49//97 69//97
f 70//97 69//97 49//97
f 49//97 48//97 70//97
f 71//97 70//97 48//97
f 48//97 47//97 71//97
f 52//97 71//97 47//97
f 47//97 46//97 52//97
f 76//97 52//97 46//97
f 46//97 40//97 76//97
f 77//97 88//97 78//97
f 76//97 88//97 77//97
f 14//97 34//97 39//97
f 88//97 76//97 40//97
f 40//97 34//97 14//97
f 41//95 84//95 28//95
f 84//95 91//95 68//95
f 9//98 14//98 10//98
f 16//99 14//99 13//102
f 15//100 11//105 10//100
f 89//101 90//101 91//101
f 10//103 7//103 5//103
f 86//104 89//104 92//104
f 26//106 44//106 25//106
f 25//107 43//107 24//107
f 21//108 24//108 42//108
f 20//109 21//109 38//109
f 19//110 20//110 37//110
f 18//111 19//111 36//111
f 35//112 39//112 18//112
f 17//113 22//113 39//113
f 17//114 34//114 40//114
f 40//115 46//115 23//115
f 47//116 29//116 46//116
f 48//117 30//117 47//117
f 49//118 31//118 48//118
f 50//119 32//119 49//119
f 33//120 50//120 27//120
f 27//121 45//121 26//121
f 65//106 81//106 59//106
f 59//107 75//107 58//107
f 57//108 58//108 74//108
f 56//109 57//109 73//109
f 53//110 56//110 72//110
f 54//111 53//111 69//111
f 70//112 71//112 54//112
f 51//113 55//113 71//113
f 51//114 52//114 76//114
f 76//115 77//115 60//115
f 78//116 61//116 77//116
f 79//117 62//117 78//117
f 80//118 63//118 79//118
f 83//119 64//119 80//119
f 67//120 83//120 66//120
f 66//121 82//121 65//121
f 107//93 110//93 108//93
f 157//89 178//89 156//89
f 159//89 181//89 158//89
f 157//89 158//89 178//89
f 155//89 156//89 178//89
f 94//89 98//89 99//89
f 100//89 94//89 99//89
f 148//89 155//89 178//89
f 148//89 178//89 147//89
f 100//89 178//89 94//89
f 101//89 178//89 100//89
f 178//89 145//89 147//89
f 145//89 178//89 101//89
f 116//89 145//89 101//89
f 145//89 116//89 146//89
f 117//89 146//89 116//89
f 146//89 117//89 149//89
f 119//89 149//89 117//89
f 149//89 119//89 150//89
f 120//89 150//89 119//89
f 150//89 120//89 151//89
f 118//89 151//89 120//89
f 151//89 118//89 152//89
f 121//89 152//89 118//89
f 152//89 121//89 153//89
f 115//89 153//89 121//89
f 107//89 113//89 112//89
f 181//89 159//89 154//89
f 181//89 154//89 175//89
f 107//89 114//89 113//89
f 114//89 107//89 115//89
f 175//89 153//89 181//89
f 107//89 153//89 115//89
f 94//89 97//89 98//89
f 112//89 94//89 107//89
f 97//89 94//89 111//89
f 110//103 94//103 96//103
f 177//96 178//96 180//96
f 123//95 184//95 122//95
f 109//95 123//95 108//95
f 93//98 96//98 94//98
f 177//105 94//100 178//105
f 96//97 103//97 110//97
f 103//97 102//97 110//97
f 125//97 110//97 124//97
f 172//97 171//97 180//97
f 183//97 174//97 180//97
f 172//97 180//97 173//97
f 183//97 169//97 174//97
f 110//97 125//97 126//97
f 110//97 126//97 127//97
f 183//97 176//97 169//97
f 176//97 183//97 168//97
f 127//97 128//97 110//97
f 128//97 134//97 110//97
f 168//97 183//97 110//97
f 167//97 168//97 110//97
f 110//97 134//97 167//97
f 166//97 167//97 134//97
f 134//97 131//97 166//97
f 165//97 166//97 131//97
f 131//97 133//97 165//97
f 164//97 165//97 133//97
f 133//97 132//97 164//97
f 161//97 164//97 132//97
f 132//97 130//97 161//97
f 160//97 161//97 130//97
f 130//97 129//97 160//97
f 162//97 160//97 129//97
f 129//97 106//97 162//97
f 163//97 162//97 106//97
f 106//97 105//97 163//97
f 170//97 180//97 171//97
f 163//97 180//97 170//97
f 96//97 104//97 103//97
f 180//97 163//97 105//97
f 105//97 104//97 96//97
f 179//102 96//102 95//102
f 178//104 181//104 183//104
f 181//101 182//101 184//101
f 121//106 134//106 115//106
f 115//107 128//107 114//107
f 113//108 114//108 127//108
f 112//109 113//109 126//109
f 111//110 112//110 125//110
f 97//111 111//111 124//111
f 97//112 102//112 103//112
f 103//113 104//113 98//113
f 104//114 105//114 99//114
f 100//115 105//115 106//115
f 101//116 106//116 129//116
f 130//117 116//117 129//117
f 132//118 117//118 130//118
f 119//119 132//119 133//119
f 120//120 133//120 118//120
f 118//121 131//121 121//121
f 175//106 176//106 153//106
f 153//107 167//107 152//107
f 151//108 152//343 167//123
f 150//109 151//109 166//109
f 149//110 150//110 165//110
f 146//111 149//111 164//124
f 146//112 161//112 160//112
f 160//113 162//113 145//113
f 162//114 163//114 147//114
f 148//115 163//115 170//115
f 155//125 170//116 171//116
f 156//117 171//117 157//117
f 157//118 172//118 173//118
f 158//126 173//119 174//119
f 159//120 174//120 154//120
f 154//121 169//121 175//121
f 357//89 329//89 330//89
f 301//89 302//89 295//89
f 303//89 295//89 302//89
f 329//89 357//89 328//89
f 328//89 357//89 327//89
f 303//89 357//89 295//89
f 304//89 357//89 303//89
f 327//89 357//89 322//89
f 322//89 357//89 304//89
f 305//89 322//89 304//89
f 322//89 305//89 321//89
f 306//89 321//89 305//89
f 321//89 306//89 320//89
f 308//89 320//89 306//89
f 320//89 308//89 323//89
f 307//89 323//89 308//89
f 323//89 307//89 324//89
f 283//89 324//89 307//89
f 324//89 283//89 325//89
f 282//89 325//89 283//89
f 325//89 282//89 326//89
f 281//89 326//89 282//89
f 277//89 275//89 279//89
f 343//89 347//89 344//89
f 343//89 342//89 347//89
f 275//89 280//89 279//89
f 280//89 275//89 281//89
f 326//89 347//89 342//89
f 275//89 326//89 281//89
f 346//89 357//89 330//89
f 347//89 345//89 344//89
f 345//89 357//89 346//89
f 275//89 301//89 295//89
f 275//89 277//89 278//89
f 300//89 301//89 275//89
f 355//128 359//128 347//128
f 286//97 289//97 288//97
f 286//97 299//97 310//97
f 286//97 309//97 289//97
f 355//97 351//97 352//97
f 353//97 341//97 359//97
f 352//97 353//97 355//97
f 350//97 351//97 355//97
f 288//97 290//97 286//97
f 286//97 290//97 291//97
f 350//97 355//97 349//97
f 337//97 349//97 355//97
f 291//97 292//97 286//97
f 292//97 293//97 286//97
f 337//97 355//97 286//97
f 336//97 337//97 286//97
f 286//97 293//97 336//97
f 335//97 336//97 293//97
f 293//97 294//97 335//97
f 334//97 335//97 294//97
f 294//97 316//97 334//97
f 331//97 334//97 316//97
f 316//97 317//97 331//97
f 332//97 331//97 317//97
f 317//97 315//97 332//97
f 333//97 332//97 315//97
f 315//97 314//97 333//97
f 338//97 333//97 314//97
f 314//97 313//97 338//97
f 339//97 338//97 313//97
f 313//97 312//97 339//97
f 359//97 341//97 340//97
f 340//97 339//97 359//97
f 310//97 299//97 311//97
f 359//97 339//97 312//97
f 312//97 311//97 299//97
f 295//130 299//130 275//130
f 356//132 357//132 359//132
f 297//131 295//131 318//131
f 296//133 299//133 295//133
f 275//134 285//134 276//134
f 287//135 276//135 285//135
f 354//135 284//135 287//135
f 299//136 707//138 319//138
f 354//139 355//139 348//139
f 307//106 316//106 283//106
f 283//107 294//107 282//107
f 281//123 282//123 292//123
f 280//109 281//109 291//109
f 279//110 280//110 291//110
f 277//124 279//124 290//124
f 288//112 289//112 277//112
f 289//113 309//113 278//113
f 309//114 310//114 300//114
f 310//115 311//115 301//115
f 302//125 311//125 303//125
f 303//344 312//117 304//117
f 304//118 313//118 314//118
f 305//126 314//126 315//126
f 306//120 315//120 308//120
f 308//121 317//121 307//121
f 344//106 351//106 343//106
f 343//107 350//107 342//107
f 326//343 342//108 337//123
f 325//109 326//109 336//109
f 324//110 325//110 336//110
f 323//111 324//345 335//124
f 334//112 331//112 323//112
f 331//113 332//113 320//113
f 332//114 333//114 321//114
f 333//115 338//115 322//115
f 327//125 338//125 328//125
f 328//143 339//344 340//117
f 329//118 340//144 341//144
f 330//126 341//126 353//126
f 346//120 353//120 345//120
f 345//121 352//121 344//121
f 212//145 188//145 190//145
f 211//147 218//147 193//147
f 189//148 190//148 188//148
f 218//147 271//147 210//147
f 269//150 270//150 271//150
f 263//151 269//151 272//151
f 263//152 189//152 188//152
f 192//154 212//153 193//154
f 190//97 214//97 212//97
f 214//97 213//97 212//97
f 220//97 212//97 219//97
f 258//97 257//97 268//97
f 272//97 260//97 268//97
f 258//97 268//97 259//97
f 272//97 256//97 260//97
f 220//97 221//97 212//97
f 212//97 221//97 222//97
f 272//97 261//97 256//97
f 261//97 272//97 255//97
f 222//97 223//97 212//97
f 223//97 224//97 212//97
f 255//97 272//97 212//97
f 250//97 255//97 212//97
f 212//97 224//97 250//97
f 249//97 250//97 224//97
f 224//97 229//97 249//97
f 248//97 249//97 229//97
f 229//97 228//97 248//97
f 247//97 248//97 228//97
f 228//97 227//97 247//97
f 246//97 247//97 227//97
f 227//97 226//97 246//97
f 251//97 246//97 226//97
f 226//97 225//97 251//97
f 252//97 251//97 225//97
f 225//97 217//97 252//97
f 253//97 252//97 217//97
f 217//97 216//97 253//97
f 254//97 268//97 257//97
f 253//97 268//97 254//97
f 190//97 215//97 214//97
f 268//97 253//97 216//97
f 216//97 215//97 190//97
f 262//155 263//155 268//155
f 242//89 263//89 241//89
f 244//89 269//89 243//89
f 242//89 243//89 263//89
f 238//89 241//89 263//89
f 188//89 195//89 196//89
f 197//89 188//89 196//89
f 263//89 188//89 238//89
f 238//89 188//89 237//89
f 197//89 198//89 188//89
f 198//89 205//89 188//89
f 237//89 188//89 236//89
f 236//89 188//89 235//89
f 235//89 188//89 205//89
f 235//89 205//89 230//89
f 206//89 230//89 205//89
f 230//89 206//89 231//89
f 207//89 231//89 206//89
f 231//89 207//89 232//89
f 208//89 232//89 207//89
f 232//89 208//89 233//89
f 209//89 233//89 208//89
f 233//89 209//89 234//89
f 204//89 234//89 209//89
f 234//89 204//89 239//89
f 203//89 239//89 204//89
f 200//89 192//89 201//89
f 269//89 244//89 240//89
f 269//89 240//89 245//89
f 192//89 202//89 201//89
f 202//89 192//89 203//89
f 245//89 239//89 269//89
f 192//89 239//89 203//89
f 188//89 192//89 195//89
f 200//89 199//89 192//89
f 195//89 192//89 194//89
f 267//156 268//156 191//156
f 204//106 223//106 203//106
f 203//107 222//157 202//107
f 201//123 202//123 221//123
f 200//109 201//109 220//109
f 199//110 200//110 220//110
f 194//124 199//124 219//124
f 195//112 194//112 213//112
f 214//113 215//113 195//113
f 215//114 216//114 196//114
f 197//115 216//115 217//115
f 198//125 217//125 205//125
f 205//117 225//117 206//117
f 206//118 226//118 227//118
f 207//126 227//126 228//126
f 208//120 228//158 209//120
f 209//121 229//121 204//121
f 245//106 261//106 239//106
f 239//107 255//107 234//107
f 233//108 234//108 249//123
f 232//109 233//109 248//109
f 231//110 232//110 248//110
f 230//111 231//111 247//124
f 246//112 251//112 230//112
f 251//113 252//113 235//113
f 252//114 253//114 236//114
f 253//115 254//115 237//115
f 238//125 254//116 241//125
f 241//117 257//117 242//117
f 242//118 258//118 259//118
f 243//126 259//119 260//119
f 244//120 260//120 240//120
f 240//121 256//121 245//121
f 626//159 627//159 634//159
f 627//159 628//159 634//159
f 669//346 668//346 682//159
f 667//160 669//346 682//159
f 634//159 628//159 682//159
f 628//159 624//347 682//159
f 674//348 667//160 682//159
f 679//159 674//348 682//159
f 624//347 623//159 682//159
f 623//159 622//347 682//159
f 622//347 679//159 682//159
f 622//347 621//159 679//159
f 621//159 678//160 679//159
f 621//159 620//159 678//160
f 673//159 678//160 620//159
f 620//159 619//159 673//159
f 619//159 672//346 673//159
f 619//159 608//349 672//346
f 608//349 654//160 672//346
f 608//349 609//159 654//160
f 654//160 609//159 653//346
f 653//346 609//159 670//159
f 597//159 611//346 617//159
f 664//346 663//346 644//159
f 663//346 671//159 644//159
f 611//346 597//159 610//159
f 610//159 597//159 609//159
f 671//159 670//159 644//159
f 609//159 597//159 670//159
f 597//159 617//159 634//159
f 617//159 618//159 634//159
f 629//160 626//159 634//159
f 664//346 644//159 682//159
f 668//346 666//159 682//159
f 665//159 664//346 682//159
f 640//163 644//163 639//163
f 682//164 640//164 645//164
f 594//165 597//165 634//165
f 662//350 645//167 640//167
f 659//168 640//167 658//167
f 662//350 640//167 660//167
f 594//167 613//167 612//350
f 612//350 606//168 594//167
f 658//167 640//167 651//167
f 651//167 640//167 652//350
f 606//168 605//351 594//167
f 605//351 607//167 594//167
f 652//350 640//167 648//350
f 648//350 640//167 594//167
f 607//167 648//350 594//167
f 649//352 648//350 607//167
f 598//167 649//352 607//167
f 650//353 649//352 598//167
f 599//167 650//353 598//167
f 599//167 655//167 650//353
f 600//350 655//167 599//167
f 655//167 600//350 656//167
f 601//167 656//167 600//350
f 601//167 657//168 656//167
f 602//350 657//168 601//167
f 602//350 675//167 657//168
f 603//168 675//167 602//350
f 603//168 676//168 675//167
f 604//167 676//168 603//168
f 604//167 677//167 676//168
f 616//167 632//167 625//167
f 625//167 632//167 604//167
f 661//350 645//167 662//350
f 632//167 677//167 604//167
f 677//167 645//167 661//350
f 594//167 614//168 613//167
f 594//167 632//167 616//167
f 594//167 615//167 614//168
f 681//169 634//169 682//169
f 597//170 593//170 596//170
f 633//172 680//171 632//172
f 633//175 632//354 634//175
f 647//176 682//176 646//176
f 596//177 643//177 644//177
f 650//178 655//178 672//178
f 650//180 654//179 649//180
f 649//182 653//181 648//182
f 652//183 648//183 670//183
f 651//184 652//184 671//184
f 658//185 651//185 664//185
f 659//187 658//187 664//186
f 666//188 660//188 659//188
f 662//190 660//190 666//189
f 661//192 662//192 669//191
f 667//193 677//193 669//193
f 677//195 667//194 676//195
f 676//196 674//196 675//196
f 675//197 678//197 657//197
f 657//198 678//198 656//198
f 673//199 672//199 655//199
f 613//178 611//178 612//178
f 612//180 611//200 606//180
f 610//182 609//182 606//182
f 607//201 605//201 609//183
f 598//184 607//184 608//184
f 599//185 598//185 620//185
f 600//187 599//187 620//187
f 621//188 601//188 600//188
f 602//190 601//190 623//190
f 624//191 603//191 623//191
f 604//193 603//193 624//193
f 604//194 627//194 625//194
f 625//196 627//196 616//196
f 616//197 629//197 615//197
f 615//198 618//198 614//198
f 617//199 613//199 614//199
f 493//204 451//204 494//204
f 501//204 451//204 510//204
f 496//205 451//204 501//204
f 494//204 451//204 495//203
f 518//204 521//204 524//204
f 492//204 451//204 493//204
f 451//204 492//204 497//204
f 517//205 518//204 524//204
f 516//204 517//205 524//204
f 451//204 497//204 524//204
f 497//204 498//355 524//204
f 498//355 516//204 524//204
f 498//355 499//204 516//204
f 499//204 512//205 516//204
f 499//204 500//356 512//205
f 512//205 500//356 515//204
f 500//356 504//204 515//204
f 515//204 504//204 514//204
f 504//204 505//204 514//204
f 514//204 505//204 519//204
f 505//204 506//204 519//204
f 519//204 506//204 520//204
f 506//204 507//204 520//204
f 520//204 507//204 525//204
f 507//204 503//204 525//204
f 525//204 503//204 526//357
f 502//204 501//204 510//204
f 526//357 503//204 529//204
f 503//204 502//204 510//204
f 530//204 529//204 535//204
f 503//204 510//204 529//204
f 524//204 521//204 535//204
f 521//204 527//204 535//204
f 531//204 530//204 535//204
f 527//204 528//203 535//204
f 523//206 451//206 524//206
f 482//209 524//209 535//209
f 488//210 490//210 485//210
f 463//210 452//210 462//210
f 464//210 452//210 463//210
f 485//210 490//210 452//210
f 484//210 485//210 452//210
f 468//210 452//210 464//210
f 468//210 484//210 452//210
f 483//212 484//210 468//210
f 467//210 483//212 468//210
f 479//210 483//212 467//210
f 466//210 479//210 467//210
f 476//210 479//210 466//210
f 465//210 476//210 466//210
f 475//210 476//210 465//210
f 461//358 475//210 465//210
f 473//210 475//210 461//358
f 460//210 473//210 461//358
f 472//358 473//210 460//210
f 459//359 472//358 460//210
f 459//359 474//210 472//358
f 454//210 474//210 459//359
f 453//212 456//210 448//210
f 478//210 482//210 480//210
f 477//360 482//210 478//210
f 448//210 454//210 453//212
f 474//210 482//210 477//360
f 448//210 474//210 454//210
f 482//210 481//210 480//210
f 482//210 490//210 488//210
f 482//210 488//210 487//211
f 482//210 486//210 481//210
f 462//210 452//210 448//210
f 456//210 455//210 448//210
f 455//210 457//212 448//210
f 458//213 462//210 448//210
f 450//215 448//215 451//215
f 510//216 448//216 452//216
f 491//219 490//219 533//218
f 490//219 535//218 534//218
f 452//217 490//217 471//217
f 490//217 491//217 489//217
f 522//220 523//220 482//220
f 510//221 532//222 535//221
f 452//223 469//223 510//223
f 454//224 492//224 453//224
f 453//225 493//225 456//225
f 456//226 494//226 455//226
f 455//227 494//227 495//227
f 457//228 495//228 458//228
f 458//229 496//229 462//229
f 462//230 501//230 463//230
f 503//231 463//231 502//231
f 468//232 464//232 503//232
f 506//233 468//233 507//233
f 466//235 467//235 506//234
f 465//236 466//236 504//236
f 504//237 461//237 465//237
f 460//238 461//238 499//238
f 460//239 499//239 459//239
f 497//240 454//240 459//240
f 474//224 516//224 472//224
f 472//241 512//225 473//241
f 473//242 515//242 475//242
f 475//227 514//227 519//227
f 476//228 519//228 479//228
f 479//229 520//229 525//229
f 483//230 525//230 484//230
f 529//231 484//231 526//231
f 488//232 485//232 529//232
f 531//233 488//233 530//233
f 528//235 487//235 531//235
f 481//236 486//236 527//236
f 527//237 480//237 481//237
f 480//238 521//238 478//238
f 478//239 518//239 477//239
f 516//240 474//240 477//240
f 591//243 592//361 635//243
f 430//243 442//243 635//243
f 442//243 568//244 635//243
f 590//243 591//243 635//243
f 582//243 590//243 635//243
f 568//244 571//243 635//243
f 571//243 570//243 635//243
f 579//243 582//243 635//243
f 570//243 579//243 635//243
f 570//243 569//243 579//243
f 569//243 578//243 579//243
f 569//243 567//243 578//243
f 567//243 576//243 578//243
f 567//243 566//243 576//243
f 566//243 575//243 576//243
f 566//243 436//243 575//243
f 575//243 436//243 574//361
f 436//243 435//362 574//361
f 574//361 435//362 573//243
f 435//362 434//243 573//243
f 573//243 434//243 577//243
f 581//243 580//243 586//243
f 438//243 437//243 432//243
f 432//243 437//243 433//243
f 580//243 577//243 586//243
f 433//243 437//243 434//243
f 577//243 434//243 586//243
f 587//243 581//243 586//243
f 592//361 586//243 635//243
f 592//361 589//244 586//243
f 588//243 587//243 586//243
f 437//243 438//243 430//243
f 438//243 439//243 430//243
f 430//243 441//243 442//243
f 439//243 440//243 430//243
f 430//245 635//245 636//245
f 583//246 585//246 584//247
f 430//248 403//248 437//248
f 585//251 630//251 635//251
f 565//249 630//249 426//249
f 403//252 421//252 406//252
f 426//252 424//252 423//252
f 403//252 422//252 421//252
f 422//252 426//252 423//252
f 560//252 585//252 552//252
f 561//252 585//252 560//252
f 563//252 630//252 585//252
f 564//253 585//252 561//252
f 552//252 585//252 551//252
f 406//252 405//252 403//252
f 405//252 407//252 403//252
f 551//252 585//252 550//363
f 550//363 585//252 549//252
f 407//252 409//364 403//252
f 409//364 410//252 403//252
f 549//252 585//252 403//252
f 555//252 549//252 403//252
f 410//252 555//252 403//252
f 554//252 555//252 410//252
f 411//252 554//252 410//252
f 411//252 553//252 554//252
f 542//365 553//252 411//252
f 542//365 556//252 553//252
f 543//252 556//252 542//365
f 543//252 557//252 556//252
f 545//252 557//252 543//252
f 545//252 559//252 557//252
f 544//252 559//252 545//252
f 544//252 558//252 559//252
f 546//252 558//252 544//252
f 562//252 630//252 563//252
f 425//254 558//252 546//252
f 558//252 630//252 562//252
f 426//252 630//252 424//252
f 425//254 630//252 558//252
f 635//255 630//255 631//58
f 427//256 426//256 430//256
f 437//257 431//257 584//258
f 403//259 408//259 404//259
f 431//260 403//260 404//260
f 410//263 435//263 436//263
f 411//264 436//264 566//264
f 542//265 566//265 543//265
f 543//266 569//266 545//366
f 545//267 569//267 544//267
f 544//268 570//268 546//268
f 571//269 425//269 546//269
f 568//270 424//270 425//270
f 442//271 423//271 424//271
f 423//272 441//272 422//272
f 439//273 421//273 422//273
f 406//367 421//275 438//274
f 405//277 406//277 438//276
f 407//278 405//278 433//278
f 407//279 433//279 434//279
f 409//280 434//280 435//280
f 551//263 580//263 581//263
f 552//264 581//264 587//264
f 588//265 561//265 560//265
f 561//281 588//281 564//281
f 592//267 563//267 564//267
f 591//282 562//268 563//268
f 591//269 558//269 562//269
f 559//270 558//270 582//270
f 582//271 557//271 559//271
f 556//272 557//272 578//272
f 576//273 553//273 556//273
f 576//274 554//275 553//275
f 555//277 554//277 574//277
f 574//278 549//283 555//283
f 549//279 573//284 577//284
f 550//280 577//280 551//280
f 364//285 368//285 420//285
f 361//286 413//286 360//286
f 362//287 370//287 361//287
f 362//287 378//368 377//369
f 362//287 377//369 374//287
f 362//287 371//287 370//287
f 396//287 414//287 413//287
f 397//287 414//287 396//287
f 415//287 414//287 380//370
f 380//370 414//287 381//288
f 395//287 414//287 397//287
f 416//287 364//287 417//287
f 370//287 369//287 361//287
f 369//287 372//287 361//287
f 396//287 413//287 394//287
f 394//287 413//287 393//287
f 372//287 373//287 361//287
f 373//287 375//287 361//287
f 393//287 413//287 376//287
f 375//287 413//287 361//287
f 419//97 412//97 413//97
f 414//97 418//97 413//97
f 383//289 360//289 382//289
f 401//289 399//289 412//289
f 399//289 398//289 412//289
f 382//289 360//289 385//289
f 385//289 360//289 386//289
f 398//289 390//289 412//289
f 386//289 360//289 389//289
f 390//289 389//289 412//289
f 367//289 360//289 383//289
f 367//289 383//289 384//289
f 401//289 412//289 419//289
f 402//289 401//289 419//289
f 367//289 384//289 387//289
f 367//289 387//289 388//289
f 400//289 402//289 419//289
f 392//371 400//289 419//289
f 367//289 388//289 391//289
f 391//289 392//371 419//289
f 361//89 360//89 362//89
f 379//290 380//290 391//290
f 380//290 381//372 392//290
f 381//291 395//291 400//291
f 395//292 397//292 402//292
f 397//293 396//293 402//293
f 396//294 394//294 401//294
f 394//295 393//295 399//295
f 376//296 390//296 393//296
f 375//297 389//297 390//297
f 373//298 386//298 375//298
f 372//299 385//299 373//299
f 369//300 382//300 372//300
f 370//301 383//301 369//301
f 371//302 384//302 370//302
f 387//303 384//303 374//303
f 374//304 377//304 387//304
f 377//373 378//305 388//306
f 378//305 379//374 391//306
f 445//16 683//4 684//17
f 692//53 684//17 691//23
f 684//17 683//4 691//23
f 683//4 137//3 685//22
f 685//22 137//3 185//24
f 540//18 684//17 693//25
f 684//17 692//53 693//25
f 693//25 691//23 185//24
f 691//23 687//32 185//24
f 687//32 685//22 185//24
f 541//48 646//174 688//173
f 688//173 689//47 541//48
f 539//51 692//53 690//50
f 692//53 691//23 690//50
f 690//50 686//34 444//51
f 539//52 541//52 693//25
f 93//60 696//375 695//61
f 179//62 541//74 697//63
f 296//65 318//65 699//66
f 705//322 701//311 262//71
f 701//311 695//61 696//375
f 696//375 704//316 701//311
f 704//316 262//71 701//311
f 700//67 699//66 703//70
f 703//70 705//322 262//71
f 262//71 702//324 700//67
f 693//25 541//376 690//50
f 3//89 701//89 186//89
f 701//89 187//89 185//89
f 365//89 366//89 706//89
f 713//89 711//89 705//89
f 185//89 711//89 264//89
f 265//89 264//89 713//89
f 645//172 680//171 689//47
f 635//255 631//58 694//56
f 536//40 532//222 708//222
f 701//311 3//59 85//59
f 686//34 690//50 87//312
f 690//50 541//74 87//312
f 698//64 710//377 709//315
f 709//315 177//62 698//64
f 704//316 696//375 177//62
f 696//375 93//60 177//62
f 274//72 319//138 707//138
f 356//65 365//68 705//322
f 318//65 356//65 703//70
f 712//323 274//72 296//65
f 296//65 700//67 702//324
f 191//71 189//71 697//63
f 189//71 710//377 698//64
f 262//71 267//73 712//323
f 709//315 710//377 189//71
f 189//71 262//71 704//316
f 366//89 265//89 266//89
f 187//89 701//89 705//89
f 705//89 711//89 187//89
s 0
f 715//378 815//378 724//378 721//378 723//378 812//378
f 812//378 723//378 724//378 815//378
f 715//379 812//379 810//379
f 714//380 718//380 725//380 726//380 728//380 727//380 748//380 813//380 814//380
f 748//381 766//381 789//381 790//381 768//381 767//381 731//381 717//381 718//381 714//381 811//381 813//381
f 812//382 815//382 814//382 813//382
f 815//383 715//383 714//383 814//383
f 813//384 811//384 810//384 812//384
f 811//385 714//385 715//385 810//385
f 809//386 787//386 769//386 791//386
f 769//387 768//387 790//387 791//387
f 721//379 722//379 723//379
f 716//388 717//388 731//388
f 728//389 726//389 730//389 753//389 752//389 751//389 750//389
f 802//389 807//389 806//389 805//389 804//389 803//389 797//389 796//389 794//389 795//389 792//389 793//389 798//389 799//389 791//389 727//389 728//389 750//389 754//389 755//389 756//389 757//389 763//389 764//389 765//389 762//389 761//389 760//389 759//389 758//389 753//389 730//389 809//389
f 791//389 799//389 800//389 801//389 802//389 809//389
f 769//388 716//388 731//388 767//388
f 718//390 717//390 716//390 725//390
f 721//390 724//390 722//390
f 779//391 778//391 777//391 769//391 787//391 780//391
f 719//391 735//391 740//391 741//391 742//391 743//391 744//391 747//391 746//391 745//391 739//391 738//391 737//391 736//391 732//391 716//391 769//391 777//391 776//391 771//391 770//391 773//391 772//391 774//391 775//391 781//391 782//391 783//391 784//391 785//391 780//391 787//391
f 719//391 716//391 732//391 733//391 734//391 735//391
f 766//392 748//392 727//392 791//392
f 722//393 724//393 723//393
f 766//392 791//392 789//392
f 767//388 768//388 769//388
f 808//394 788//394 787//394 809//394
f 719//395 787//395 720//395
f 719//396 720//396 729//396 730//396
f 716//397 719//397 730//397 726//397 725//397
f 729//398 749//398 730//398
f 730//398 749//398 809//398
f 789//392 791//392 790//392
f 720//399 749//399 729//399
f 720//395 787//395 786//395
f 720//399 786//399 749//399
f 786//395 787//395 788//395
f 749//399 786//399 808//399
f 749//398 808//398 809//398
f 786//399 788//399 808//399
f 763//400 745//400 746//400 764//400
f 757//401 739//401 745//401 763//401
f 756//402 738//402 739//402 757//402
f 755//403 737//403 738//403 756//403
f 754//404 736//404 737//404 755//404
f 750//405 732//405 736//405 754//405
f 733//406 732//406 750//406 751//406
f 734//407 733//407 751//407 752//407
f 753//408 735//408 734//408 752//408
f 758//409 740//409 735//409 753//409
f 759//410 741//410 740//410 758//410
f 760//411 742//411 741//411 759//411
f 761//412 743//412 742//412 760//412
f 762//413 744//413 743//413 761//413
f 765//414 747//414 744//414 762//414
f 764//415 746//415 747//415 765//415
f 800//400 778//400 779//400 801//400
f 799//401 777//401 778//401 800//401
f 798//402 776//402 777//402 799//402
f 793//403 771//403 776//403 798//403
f 792//404 770//404 771//404 793//404
f 795//405 773//405 770//405 792//405
f 772//406 773//406 795//406 794//406
f 774//407 772//407 794//407 796//407
f 797//408 775//408 774//408 796//408
f 803//409 781//409 775//409 797//409
f 804//410 782//410 781//410 803//410
f 805//411 783//411 782//411 804//411
f 806//412 784//412 783//412 805//412
f 807//413 785//413 784//413 806//413
f 802//414 780//414 785//414 807//414
f 801//415 779//415 780//415 802//415
f 855//416 856//416 891//416 817//416 818//416 872//416 866//416 868//416 867//416 869//416 863//416 871//416 870//416 862//416 861//416 860//416 836//416 835//416 834//416 833//416 832//416 831//416 846//416 841//416 840//416 838//416 839//416 837//416 842//416 843//416 844//416 845//416 847//416 848//416 849//416 850//416 857//416 858//416 859//416
f 866//416 872//416 891//416 856//416 865//416 864//416
f 877//417 892//417 819//417 816//417 890//417 884//417 883//417 882//417 881//417 880//417 879//417 878//417 854//417 853//417 852//417 851//417 829//417 828//417 824//417 823//417 822//417 821//417 825//417 820//417 826//417 827//417 830//417 873//417 874//417 875//417 876//417 885//417 886//417 887//417 888//417 889//417
f 884//417 890//417 892//417 877//417
f 892//418 872//418 818//418 819//418
f 890//419 891//419 872//419 892//419
f 891//420 890//420 816//420 817//420
f 817//421 816//421 819//421 818//421
f 882//422 883//422 889//422 867//422 868//422 881//422
f 864//423 865//423 880//423 881//423 868//423 866//423
f 855//424 879//424 880//424 865//424 856//424
f 858//425 878//425 879//425 855//425 859//425
f 854//426 878//426 858//426 857//426
f 849//427 853//427 854//427 857//427 850//427
f 848//428 853//428 849//428
f 845//429 851//429 852//429 853//429 848//429 847//429
f 829//430 851//430 845//430 844//430 828//430
f 824//431 828//431 844//431 843//431
f 824//432 843//432 842//432 822//432 823//432
f 821//433 822//433 842//433 837//433 839//433 840//433
f 838//434 840//434 839//434
f 841//435 825//435 821//435 840//435
f 820//436 825//436 841//436 846//436 831//436 826//436
f 827//437 826//437 831//437 832//437
f 830//438 827//438 832//438 833//438
f 873//439 830//439 833//439 834//439
f 874//440 873//440 834//440 835//440
f 835//441 836//441 876//441 875//441 874//441
f 836//442 860//442 886//442 885//442 876//442
f 860//443 861//443 886//443
f 870//444 871//444 887//444 886//444 861//444 862//444
f 869//445 888//445 887//445 871//445 863//445
f 889//446 888//446 869//446 867//446
f 889//447 883//447 884//447 877//447
f 898//448 908//448 909//448 910//448 901//448
f 894//448 907//448 909//448 911//448 900//448
f 897//449 906//449 905//449 907//449 894//449
f 905//450 909//450 907//450
f 894//451 900//451 899//451 897//451
f 900//452 911//452 912//452 899//452
f 910//452 913//452 899//452 901//452
f 902//449 903//449 893//449 896//449
f 895//418 904//418 908//418 898//418
f 893//418 903//418 904//418 895//418
f 906//450 913//450 910//450 909//450 905//450
f 902//450 912//450 911//450 909//450 908//450 904//450 903//450
f 912//420 902//420 896//420 899//420
f 899//420 913//420 906//420 897//420
f 898//453 901//453 899//453 896//453 893//453 895//453
f 918//448 924//448 926//448 923//448 920//448 919//448
f 923//454 926//454 925//454
f 915//455 922//455 921//455 914//455 917//455 916//455
f 921//456 922//456 925//456 926//456 924//456
f 915//420 920//420 923//420 925//420 922//420
f 917//453 919//453 920//453 915//453 916//453
f 914//418 921//418 924//418 918//418
f 914//451 918//451 919//451 917//451
f 934//457 931//457 929//457 927//457
f 930//458 933//458 934//458 927//458
f 931//459 932//459 928//459 929//459
f 932//418 933//418 930//418 928//418
f 934//456 933//456 932//456 931//456
f 928//451 930//451 927//451 929//451
f 936//460 998//460 973//460 972//460 954//460 953//460 952//460 946//460 945//460 947//460 944//460 938//460 940//460 942//460 941//460 943//460 939//460 948//460 949//460 950//460 951//460 968//460 969//460 970//460 971//460 977//460 978//460 979//460 996//460 935//460
f 973//460 998//460 996//460 979//460 981//460 980//460 976//460 975//460 974//460
f 986//461 987//461 999//461 937//461 955//461 997//461 993//461 994//461 991//461 990//461 989//461 984//461 983//461 982//461 964//461 963//461 962//461 956//461 957//461 958//461 959//461 960//461 961//461 965//461 966//461 967//461 985//461
f 992//461 993//461 997//461 999//461 987//461 988//461 995//461
f 996//462 997//462 955//462 935//462
f 935//463 955//463 937//463 936//463
f 999//464 998//464 936//464 937//464
f 998//465 999//465 997//465 996//465
f 963//466 964//466 950//466 949//466
f 939//467 943//467 962//467 963//467 949//467 948//467
f 941//468 942//468 956//468 962//468 943//468
f 957//469 956//469 942//469 940//469
f 958//470 957//470 940//470 938//470
f 959//471 958//471 938//471 944//471
f 960//472 959//472 944//472 947//472
f 961//473 960//473 947//473 945//473
f 946//474 965//474 961//474 945//474
f 953//475 966//475 965//475 946//475 952//475
f 967//476 966//476 953//476 954//476
f 985//477 967//477 954//477 972//477
f 975//478 986//478 985//478 972//478 973//478 974//478
f 975//479 988//479 987//479 986//479
f 995//480 988//480 975//480 976//480
f 992//481 995//481 976//481 980//481
f 993//482 992//482 980//482 981//482
f 978//483 994//483 993//483 981//483 979//483
f 991//484 994//484 978//484 977//484
f 990//485 991//485 977//485 971//485
f 984//486 989//486 990//486 971//486 970//486 969//486
f 968//487 983//487 984//487 969//487
f 951//488 982//488 983//488 968//488
f 950//489 964//489 982//489 951//489
f 1001//490 1005//490 1004//490 1003//490
f 1000//491 1002//491 1007//491 1006//491
f 1004//492 1007//492 1002//492 1003//492
f 1000//493 1001//493 1003//493 1002//493
f 1000//494 1006//494 1005//494 1001//494
f 1005//495 1006//495 1007//495 1004//495
f 1008//491 1009//491 1020//491 1018//491
f 1008//493 1013//493 1010//493 1011//493 1009//493
f 1008//496 1018//496 1019//496 1015//496 1014//496 1012//497 1010//497 1013//496
f 1014//498 1015//498 1016//498
f 1010//490 1012//490 1014//490 1016//490 1017//490 1011//490
f 1020//492 1009//492 1011//492 1017//492
f 1019//495 1018//495 1020//495 1017//495 1016//495 1015//495
f 1023//490 1025//490 1026//490 1022//490
f 1028//491 1027//491 1021//491 1024//491
f 1022//492 1026//492 1028//492 1024//492
f 1022//493 1024//493 1021//493 1023//493
f 1027//494 1025//494 1023//494 1021//494
f 1025//495 1027//495 1028//495 1026//495
f 1029//499 1032//499 1031//499 1030//499
f 1033//500 1034//500 1035//500 1036//500
f 1029//501 1030//501 1034//501 1033//501
f 1030//502 1031//502 1035//502 1034//502
f 1031//503 1032//503 1036//503 1035//503
f 1032//504 1029//504 1033//504 1036//504
f 1037//505 1040//505 1039//505 1038//505
f 1041//506 1042//506 1043//506 1044//506
f 1037//507 1038//507 1042//507 1041//507
f 1038//508 1039//508 1043//508 1042//508
f 1039//509 1040//509 1044//509 1043//509
f 1040//510 1037//510 1041//510 1044//510
f 1045//501 1046//501 1047//501
f 1045//507 1047//507 1048//507
f 1045//511 1048//511 1049//511
f 1050//512 1052//512 1051//512
f 1050//513 1053//513 1052//513
f 1050//514 1054//514 1053//514
f 1046//515 1045//515 1050//515 1051//515
f 1047//516 1046//516 1051//516 1052//516
f 1048//517 1047//517 1052//517 1053//517
f 1045//518 1049//518 1054//518 1050//518
f 1049//519 1048//519 1053//519 1054//519
f 1055//520 1065//520 1060//520
f 1063//521 1058//521 1064//521 1066//521
f 1064//522 1065//522 1066//522
f 1065//523 1055//523 1056//523 1066//523
f 1055//524 1060//524 1059//524
f 1059//525 1060//525 1061//525
f 1055//526 1059//526 1057//526
f 1055//527 1057//527 1056//527
f 1056//528 1057//528 1062//528
f 1056//529 1062//529 1063//529
f 1056//530 1063//530 1066//530
f 1061//531 1058//531 1057//531 1059//531
f 1058//532 1061//532 1064//532
f 1057//533 1058//533 1062//533
f 1058//534 1063//534 1062//534
f 1061//535 1060//535 1065//535 1064//535
f 1068//536 1078//536 1071//536
f 1071//537 1078//537 1077//537
f 1078//538 1068//538 1073//538 1076//538
f 1069//539 1071//539 1070//539
f 1068//540 1071//540 1069//540
f 1067//541 1069//541 1070//541 1076//541
f 1067//542 1068//542 1069//542
f 1067//543 1073//543 1068//543
f 1075//544 1078//544 1076//544
f 1072//545 1070//545 1071//545 1077//545
f 1070//546 1072//546 1074//546
f 1072//547 1075//547 1074//547
f 1070//548 1074//548 1076//548
f 1067//549 1076//549 1073//549
f 1075//550 1076//550 1074//550
f 1072//551 1077//551 1078//551 1075//551
f 1093//552 1085//552 1094//552
f 1138//553 1109//553 1113//553 1112//553 1111//553 1110//553 1079//553 1092//553 1091//553 1095//553 1089//553 1137//553 1139//553
f 1088//554 1084//554 1083//554
f 1088//555 1083//555 1080//555
f 1088//556 1087//556 1115//556 1114//556 1116//556
f 1088//557 1080//557 1082//557 1087//557
f 1096//558 1094//558 1085//558 1084//558 1097//558
f 1100//559 1083//559 1084//559 1085//559 1099//559 1098//559
f 1101//560 1102//560 1080//560 1083//560 1100//560
f 1099//561 1085//561 1103//561
f 1079//562 1082//562 1080//562
f 1092//563 1079//563 1080//563 1102//563 1104//563
f 1103//563 1085//563 1093//563
f 1117//564 1115//564 1087//564 1082//564
f 1110//565 1117//565 1082//565 1079//565
f 1120//566 1090//566 1106//566 1108//566 1107//566 1097//566 1084//566 1088//566 1116//566 1118//566 1121//566 1123//566
f 1124//567 1122//567 1123//567
f 1108//568 1106//568 1105//568
f 1122//569 1119//569 1120//569 1123//569
f 1106//570 1090//570 1120//570 1125//570
f 1137//571 1089//571 1126//571 1140//571
f 1126//572 1089//572 1095//572 1128//572 1127//572
f 1099//573 1103//573 1093//573 1094//573 1096//573 1098//573
f 1108//574 1105//574 1106//574 1125//574 1130//574 1129//574
f 1132//575 1133//575 1101//575 1100//575 1098//575 1096//575 1097//575 1107//575 1108//575 1129//575 1131//575
f 1128//576 1095//576 1091//576 1092//576 1104//576 1102//576 1101//576 1133//576 1136//576 1135//576 1134//576
f 1141//577 1109//577 1138//577
f 1117//578 1110//578 1111//578 1081//578 1114//578 1115//578
f 1120//579 1119//579 1125//579
f 1129//580 1130//580 1125//580 1119//580 1122//580 1124//580 1123//580 1086//580 1131//580
f 1113//581 1109//581 1141//581 1142//581
f 1128//582 1134//582 1127//582
f 1126//583 1127//583 1134//583 1135//583 1136//583 1133//583 1132//583 1131//583 1086//583 1081//583 1111//583 1112//583 1113//583 1142//583 1143//583 1140//583
f 1118//584 1116//584 1114//584 1081//584 1086//584 1123//584 1121//584
f 1138//585 1139//585 1143//585 1142//585 1141//585
f 1143//586 1139//586 1137//586 1140//586
f 1149//587 1150//587 1152//587
f 1145//588 1152//588 1150//588
f 1145//589 1151//589 1152//589
f 1148//590 1152//590 1151//590
f 1147//591 1150//591 1149//591
f 1149//592 1152//592 1148//592 1147//592
f 1144//593 1145//593 1146//593
f 1144//594 1151//594 1145//594
f 1144//595 1148//595 1151//595
f 1146//596 1147//596 1148//596
f 1144//597 1146//597 1148//597
f 1147//598 1146//598 1145//598 1150//598
f 1153//95 1156//95 1155//95 1154//95
f 1157//24 1158//24 1159//24 1160//24
f 1153//89 1154//89 1158//89 1157//89
f 1154//599 1155//599 1159//599 1158//599
f 1155//97 1156//97 1160//97 1159//97
f 1156//103 1153//103 1157//103 1160//103
f 1161//135 1164//135 1163//135 1162//135
f 1165//26 1166//26 1167//26 1168//26
f 1161//89 1162//89 1166//89 1165//89
f 1162//128 1163//128 1167//128 1166//128
f 1163//97 1164//97 1168//97 1167//97
f 1164//130 1161//130 1165//130 1168//130
f 1169//147 1172//147 1171//147 1170//147
f 1173//28 1174//28 1175//28 1176//28
f 1169//89 1170//89 1174//89 1173//89
f 1170//151 1171//151 1175//151 1174//151
f 1171//97 1172//97 1176//97 1175//97
f 1172//145 1169//145 1173//145 1176//145
f 1188//399 1189//399 1180//399 1177//399 1178//399 1179//399 1190//399
f 1206//379 1205//379 1181//379 1183//379 1182//379 1196//379 1195//379 1214//379 1213//379
f 1185//391 1184//391 1178//391 1177//391 1197//391 1198//391 1196//391 1182//391
f 1186//386 1179//386 1178//386 1184//386
f 1193//389 1192//389 1180//389 1189//389 1191//389 1190//389 1179//389 1186//389 1187//389 1183//389 1181//389 1208//389 1211//389 1207//389 1209//389 1210//389 1202//389 1199//389 1201//389 1200//389
f 1181//397 1205//397 1212//397 1208//397
f 1177//397 1180//397 1192//397 1194//397 1204//397 1203//397 1197//397
f 1183//600 1187//600 1185//600 1182//600
f 1186//601 1184//601 1185//601 1187//601
f 1190//602 1191//602 1188//602
f 1188//603 1191//603 1189//603
f 1194//604 1193//604 1200//604 1204//604
f 1193//605 1194//605 1192//605
f 1202//606 1195//606 1196//606 1198//606 1199//606
f 1200//607 1201//607 1203//607 1204//607
f 1195//608 1202//608 1210//608 1215//608 1214//608
f 1203//609 1201//609 1199//609 1198//609 1197//609
f 1211//610 1212//610 1205//610 1206//610 1207//610
f 1212//611 1211//611 1208//611
f 1209//612 1207//612 1206//612 1213//612 1215//612 1210//612
f 1214//613 1215//613 1213//613
f 1218//614 1219//614 1216//614 1217//614
f 1223//15 1221//15 1220//15 1224//15 1226//15 1225//15 1227//15
f 1233//615 1234//615 1228//615 1224//615 1220//615 1217//615 1216//615 1232//615
f 1217//165 1220//165 1221//165 1218//165
f 1219//616 1218//616 1221//616 1223//616 1230//616 1229//616 1231//616
f 1216//164 1219//164 1231//164 1236//164 1237//164 1235//164 1232//164
f 1230//617 1223//617 1227//617
f 1229//618 1230//618 1227//618 1225//618
f 1236//619 1231//619 1229//619 1225//619 1226//619 1228//619 1234//619 1238//619 1239//619
f 1226//620 1224//620 1228//620
f 1222//621 1235//621 1237//621 1236//621 1239//621
f 1233//622 1222//622 1239//622 1238//622 1234//622
f 1235//623 1222//623 1233//623 1232//623
f 1240//624 1241//624 1242//624 1243//624
f 1244//8 1245//8 1247//8 1248//8
f 1241//625 1240//625 1244//625 1248//625 1250//625 1249//625
f 1252//209 1251//209 1246//209 1242//209 1241//209 1249//209
f 1254//626 1247//626 1245//626 1243//626 1242//626 1246//626 1255//626 1253//626
f 1243//216 1245//216 1244//216 1240//216
f 1251//627 1255//627 1246//627
f 1248//628 1247//628 1254//628 1250//628
f 1255//629 1251//629 1252//629 1253//629
f 1249//630 1250//630 1254//630 1253//630 1252//630
f 1256//8 1258//8 1257//8
f 1259//626 1258//626 1256//626
f 1256//631 1257//631 1259//631
f 1259//632 1257//632 1258//632
f 1260//633 1263//633 1262//633 1261//633
f 1264//21 1265//21 1266//21 1267//21
f 1260//634 1261//634 1265//634 1264//634
f 1261//251 1262//251 1266//251 1265//251
f 1262//635 1263//635 1267//635 1266//635
f 1263//248 1260//248 1264//248 1267//248
f 1270//636 1268//636 1271//636 1272//636
f 1274//637 1269//637 1273//637
f 1272//638 1274//638 1273//638
f 1272//639 1271//639 1274//639
f 1273//640 1269//640 1270//640 1272//640
f 1270//641 1269//641 1268//641
f 1268//642 1269//642 1274//642 1271//642
f 1275//643 1277//643 1280//643
f 1277//644 1281//644 1280//644
f 1279//12 1280//12 1281//12
f 1278//12 1280//12 1279//12
f 1275//645 1280//645 1278//645
f 1275//646 1278//646 1276//646
f 1275//647 1276//647 1277//647
f 1276//648 1278//648 1279//648
f 1277//649 1276//649 1279//649 1281//649
f 1282//650 1287//650 1286//650
f 1282//651 1286//651 1283//651
f 1282//652 1283//652 1284//652
f 1282//653 1284//653 1287//653
f 1286//654 1287//654 1288//654
f 1283//655 1286//655 1288//655
f 1283//656 1288//656 1285//656
f 1283//657 1285//657 1284//657
f 1287//658 1284//658 1285//658 1288//658
f 1297//659 1289//659 1292//659 1303//659 1302//659 1304//659
f 1305//660 1306//660 1299//660 1309//660 1303//660 1292//660 1296//660 1298//660 1307//660
f 1308//660 1300//660 1297//660 1304//660
f 1301//661 1298//661 1296//661 1294//661 1297//661 1300//661
f 1297//662 1294//662 1289//662
f 1296//19 1292//19 1290//19 1295//19
f 1289//663 1290//663 1292//663
f 1294//664 1296//664 1295//664
f 1289//665 1294//665 1295//665 1290//665
f 1311//666 1307//666 1298//666 1301//666 1293//666 1299//666 1306//666 1310//666
f 1309//667 1299//667 1293//667 1313//667 1312//667
f 1308//668 1313//668 1293//668 1301//668 1300//668
f 1312//669 1302//669 1303//669 1309//669
f 1306//670 1305//670 1291//670 1310//670
f 1311//671 1291//671 1305//671 1307//671
f 1310//672 1291//672 1311//672
f 1308//673 1304//673 1302//673 1312//673 1313//673
f 1314//641 1315//641 1317//641
f 1316//674 1319//674 1318//674
f 1314//10 1317//10 1321//10 1322//10 1320//10
f 1316//675 1315//675 1314//675 1320//675 1319//675
f 1321//676 1317//676 1315//676 1316//676 1318//676 1323//676
f 1321//677 1323//677 1322//677
f 1318//678 1319//678 1320//678 1322//678 1323//678
f 1324//641 1329//641 1328//641
f 1327//674 1325//674 1326//674
f 1326//2 1325//2 1328//2 1329//2
f 1324//679 1327//679 1326//679 1329//679
f 1327//680 1324//680 1328//680 1325//680
f 1330//562 1331//562 1332//562
f 1333//638 1335//638 1334//638
f 1334//2 1332//2 1331//2 1333//2
f 1335//681 1333//681 1331//681 1330//681
f 1335//682 1330//682 1332//682 1334//682
f 1342//562 1341//562 1340//562 1336//562
f 1337//638 1339//638 1338//638
f 1338//5 1339//5 1344//5 1343//5
f 1346//683 1344//683 1339//683 1337//683 1336//683 1340//683 1345//683 1347//683
f 1336//684 1337//684 1338//684 1343//684 1348//684 1349//684 1342//684
f 1340//605 1341//605 1345//605
f 1347//685 1345//685 1341//685 1342//685 1348//685 1346//685
f 1342//686 1349//686 1348//686
f 1343//687 1344//687 1346//687 1348//687
f 1350//688 1354//688 1355//688
f 1351//648 1352//648 1353//648
f 1356//11 1353//11 1352//11 1357//11
f 1357//689 1352//689 1351//689 1350//689 1355//689 1358//689
f 1354//690 1350//690 1351//690 1353//690 1356//690 1359//690
f 1356//691 1357//691 1358//691 1359//691
f 1355//692 1354//692 1359//692 1358//692
f 1360//688 1364//688 1366//688 1365//688 1367//688
f 1361//648 1363//648 1362//648
f 1368//12 1366//12 1364//12 1363//12 1361//12 1370//12 1369//12
f 1364//693 1360//693 1362//693 1363//693
f 1371//694 1370//694 1361//694 1362//694 1360//694 1367//694
f 1370//695 1371//695 1369//695
f 1365//696 1366//696 1368//696
f 1371//697 1367//697 1365//697 1368//697 1369//697
f 1379//527 1372//527 1373//527 1377//527 1378//527
f 1374//644 1375//644 1376//644
f 1380//12 1377//12 1373//12 1376//12 1375//12 1381//12 1382//12
f 1383//698 1381//698 1375//698 1374//698 1372//698 1379//698
f 1376//699 1373//699 1372//699 1374//699
f 1383//700 1382//700 1381//700
f 1377//696 1380//696 1378//696
f 1383//701 1379//701 1378//701 1380//701 1382//701
f 1384//527 1386//527 1385//527
f 1387//644 1388//644 1389//644
f 1387//7 1389//7 1385//7 1386//7
f 1388//702 1387//702 1386//702 1384//702
f 1389//703 1388//703 1384//703 1385//703
f 1392//558 1394//558 1393//558
f 1390//657 1391//657 1395//657
f 1394//704 1395//704 1391//704 1393//704
f 1393//705 1391//705 1390//705 1392//705
f 1392//706 1390//706 1395//706 1394//706
f 1396//558 1397//558 1398//558
f 1399//657 1400//657 1401//657
f 1396//16 1398//16 1403//16 1402//16
f 1398//707 1397//707 1399//707 1401//707 1404//707 1403//707
f 1400//708 1399//708 1397//708 1396//708 1402//708 1405//708
f 1402//709 1403//709 1404//709 1405//709
f 1405//710 1404//710 1401//710 1400//710
f 1406//711 1407//711 1408//711
f 1409//654 1410//654 1411//654 1412//654
f 1408//19 1407//19 1409//19 1412//19 1413//19
f 1410//712 1409//712 1407//712 1406//712
f 1410//713 1406//713 1408//713 1413//713 1411//713
f 1411//714 1413//714 1412//714
f 1414//663 1416//663 1415//663
f 1417//715 1418//715 1423//715 1422//715
f 1416//16 1414//16 1417//16 1422//16 1424//16
f 1425//716 1420//716 1419//716 1415//716 1416//716 1424//716
f 1418//717 1417//717 1414//717 1415//717 1419//717 1421//717
f 1419//718 1420//718 1421//718
f 1418//719 1421//719 1420//719 1425//719 1423//719
f 1424//720 1422//720 1423//720 1425//720
f 1429//556 1430//556 1431//556
f 1426//534 1428//534 1427//534
f 1427//7 1428//7 1431//7 1430//7
f 1426//721 1427//721 1430//721 1429//721
f 1428//722 1426//722 1429//722 1431//722
f 1433//556 1434//556 1435//556
f 1432//534 1436//534 1437//534
f 1435//9 1434//9 1439//9 1438//9
f 1432//723 1433//723 1435//723 1438//723 1440//723 1436//723
f 1434//724 1433//724 1432//724 1437//724 1441//724 1439//724
f 1439//725 1441//725 1440//725 1438//725
f 1437//726 1436//726 1440//726 1441//726
f 1445//727 1447//727 1446//727
f 1442//525 1443//525 1444//525
f 1447//12 1443//12 1442//12 1446//12
f 1446//728 1442//728 1444//728 1445//728
f 1445//729 1444//729 1443//729 1447//729
f 1451//596 1452//596 1453//596
f 1448//539 1449//539 1450//539
f 1453//28 1452//28 1448//28 1450//28
f 1452//730 1451//730 1449//730 1448//730
f 1451//731 1453//731 1450//731 1449//731
f 1457//587 1459//587 1458//587
f 1454//732 1455//732 1456//732
f 1457//21 1456//21 1455//21 1459//21
f 1459//733 1455//733 1454//733 1458//733
f 1458//734 1454//734 1456//734 1457//734
f 1463//735 1465//735 1464//735
f 1460//736 1462//736 1461//736
f 1465//26 1462//26 1460//26 1464//26
f 1464//737 1460//737 1461//737 1463//737
f 1463//738 1461//738 1462//738 1465//738
f 1469//596 1470//596 1471//596
f 1466//539 1468//539 1467//539
f 1469//20 1466//20 1467//20 1470//20
f 1470//739 1467//739 1468//739 1471//739
f 1471//740 1468//740 1466//740 1469//740
f 1475//735 1476//735 1477//735
f 1472//736 1473//736 1474//736
f 1475//741 1477//741 1473//741 1472//741
f 1477//742 1476//742 1474//742 1473//742
f 1476//743 1475//743 1472//743 1474//743
f 1481//744 1483//744 1482//744
f 1478//745 1479//745 1480//745
f 1482//20 1483//20 1480//20 1479//20
f 1483//746 1481//746 1478//746 1480//746
f 1481//747 1482//747 1479//747 1478//747
f 1484//748 1486//748 1485//748
f 1487//522 1489//522 1488//522
f 1487//13 1485//13 1486//13 1489//13
f 1488//749 1484//749 1485//749 1487//749
f 1489//750 1486//750 1484//750 1488//750
f 1490//748 1491//748 1492//748
f 1493//522 1494//522 1495//522
f 1495//8 1494//8 1492//8 1491//8
f 1493//751 1495//751 1491//751 1490//751
f 1494//752 1493//752 1490//752 1492//752
f 1498//664 1499//664 1500//664
f 1497//543 1496//543 1502//543 1501//543
f 1502//19 1496//19 1498//19 1500//19 1503//19
f 1498//753 1496//753 1497//753 1499//753
f 1500//754 1499//754 1497//754 1501//754 1503//754
f 1501//755 1502//755 1503//755
f 1507//664 1509//664 1508//664
f 1504//543 1505//543 1506//543
f 1506//14 1505//14 1508//14 1509//14
f 1507//756 1504//756 1506//756 1509//756
f 1505//757 1504//757 1507//757 1508//757
f 1510//758 1511//758 1512//758
f 1513//759 1515//759 1514//759
f 1513//20 1514//20 1512//20 1511//20
f 1515//760 1513//760 1511//760 1510//760
f 1515//761 1510//761 1512//761 1514//761
f 1520//544 1519//544 1521//544
f 1516//762 1517//762 1518//762
f 1517//15 1523//15 1522//15 1518//15
f 1524//763 1523//763 1517//763 1516//763 1519//763 1520//763
f 1519//764 1516//764 1518//764 1522//764 1525//764 1521//764
f 1522//618 1523//618 1524//618 1525//618
f 1524//619 1520//619 1521//619 1525//619
f 1534//544 1529//544 1530//544 1535//544
f 1526//762 1528//762 1527//762
f 1536//14 1527//14 1528//14 1529//14 1534//14
f 1537//765 1532//765 1531//765 1526//765 1527//765 1536//765
f 1530//766 1529//766 1528//766 1526//766 1531//766 1533//766
f 1531//767 1532//767 1533//767
f 1530//768 1533//768 1532//768 1537//768 1535//768
f 1535//769 1537//769 1536//769 1534//769
f 1539//770 1538//770 1540//770
f 1538//771 1541//771 1540//771
f 1538//772 1539//772 1541//772
f 1540//773 1541//773 1539//773
f 1542//758 1543//758 1544//758
f 1545//759 1547//759 1546//759
f 1547//15 1544//15 1543//15 1546//15
f 1545//774 1542//774 1544//774 1547//774
f 1546//775 1543//775 1542//775 1545//775
f 1549//758 1550//758 1552//758
f 1550//776 1551//776 1552//776
f 1551//777 1553//777 1552//777
f 1549//778 1552//778 1553//778
f 1548//779 1549//779 1553//779
f 1548//780 1553//780 1551//780
f 1550//781 1549//781 1548//781 1551//781
