# Blender 5.2.0 LTS
# www.blender.org
mtllib right_eye_bucket_with_both_eye_flange_roots_v16.mtl
o PROPOSED__RIGHT_EYE_BUCKET_WITH_BOTH_EYE_FLANGES__V16
v 103.741959 91.154106 178.890518
v 66.067764 65.240875 122.794243
v 66.379227 65.052437 122.826706
v 65.851212 64.746193 121.405563
v 95.832054 82.551788 146.127304
v 65.745445 65.628586 122.715263
v 66.162674 64.557755 121.438026
v 65.816284 65.500992 122.742607
v 65.965599 65.346550 122.773270
v 97.241592 83.031570 146.188889
v 65.528893 65.133904 121.326584
v 65.641914 65.815063 122.675308
v 66.587166 64.990738 122.833282
v 95.568932 83.200623 145.940308
v 65.599731 65.006310 121.353928
v 66.729439 64.948517 122.837784
v 96.853340 88.452057 177.690186
v 67.094536 64.936195 122.826706
v 67.305382 64.983772 122.807434
v 65.749046 64.851868 121.384590
v 95.701538 82.863388 145.987869
v 66.908142 66.048210 127.506691
v 65.425362 65.320381 121.286629
v 67.273239 66.035889 127.495621
v 96.978470 83.680405 146.001892
v 60.199352 67.125580 122.574959
v 66.370613 64.496056 121.444603
v 65.556549 66.161674 122.596939
v 66.512886 64.453835 121.449104
v 65.565994 66.517220 122.512833
v 65.669617 66.857445 122.428726
v 95.951576 82.287056 146.349121
v 66.877983 64.441513 121.438026
v 104.178452 90.062469 179.130936
v 96.051964 82.087227 146.638184
v 65.747101 66.980034 122.396889
v 67.088829 64.489090 121.418755
v 96.068237 82.060692 146.711823
v 97.111076 83.343170 146.049454
v 60.378063 68.225266 127.243874
v 42.182407 65.744629 168.328140
v 66.624802 68.668678 126.900330
v 59.982807 66.630898 121.186279
v 65.339996 65.666992 121.208260
v 66.979904 68.748795 126.867867
v 96.126373 81.965919 146.974808
v 66.246468 66.340569 127.463158
v 65.349442 66.022537 121.124153
v 65.994987 66.600685 127.411522
v 65.735252 67.261360 127.265846
v 97.361115 82.766838 146.410706
v 65.820618 66.914749 127.344223
v 65.453064 66.362762 121.040047
v 65.744698 67.616905 127.181747
v 96.135857 81.958366 147.053833
v 41.745914 66.836266 168.087723
v 66.557930 66.152130 127.495621
v 65.848320 67.957138 127.097641
v 97.461502 82.567009 146.699768
v 65.530548 66.485352 121.008209
v 66.039047 68.258888 127.019272
v 95.772644 83.278328 148.731812
v 66.303894 68.501579 126.951973
v 67.449638 65.016319 122.794243
v 95.870819 83.012794 148.694656
v 102.645805 89.243530 178.140823
v 96.169739 81.931404 147.336060
v 97.477776 82.540474 146.773407
v 96.171783 81.943352 147.415085
v 96.179100 81.986031 147.697311
v 60.161518 67.730583 125.855194
v 66.408249 68.173996 125.511650
v 102.209312 90.335167 177.900406
v 65.986450 89.710938 170.212997
v 66.763351 68.254112 125.479187
v 96.173569 82.016663 147.770950
v 71.368408 71.281807 121.168510
v 68.006676 68.444115 126.900330
v 96.153824 82.126076 148.033936
v 67.345001 68.736473 126.856796
v 96.095619 82.342003 148.322998
v 67.695213 68.632553 126.867867
v 68.214096 66.525795 127.344215
v 67.628342 66.116005 127.463158
v 37.089977 78.480415 165.523346
v 67.949249 66.283104 127.411522
v 96.008476 82.619087 148.544815
v 68.255821 66.591805 127.327072
v 68.404823 66.827545 127.265846
v 68.508446 67.167778 127.181740
v 68.517891 67.523315 127.097641
v 65.596382 89.662003 170.490585
v 68.432526 67.869934 127.019264
v 68.258156 68.183998 126.951965
v 95.984375 82.688950 148.575317
v 71.547119 72.381493 125.837425
v 95.898315 82.938446 148.684250
v 65.955460 89.823921 170.178879
v 97.414680 80.162582 154.157486
v 67.233086 64.521637 121.405563
v 94.508888 84.860847 140.835220
v 65.999962 89.712631 170.203384
v 95.265015 84.076332 146.300598
v 95.333099 83.859863 146.127304
v 95.245949 84.136948 146.349121
v 67.022568 86.095192 171.276093
v 95.187752 84.352867 146.638184
v 66.798073 86.043137 171.447342
v 95.162476 84.492912 146.974808
v 95.169785 84.535591 147.257034
v 95.443260 83.540497 145.987869
v 65.343094 89.681931 170.645981
v 71.151855 70.787125 119.779831
v 67.790123 67.949432 125.511650
v 95.171837 84.547539 147.336060
v 95.273331 84.418251 147.960297
v 67.128448 68.241791 125.468117
v 67.478661 68.137871 125.479187
v 67.076553 86.118774 171.285187
v 67.430756 86.273552 171.344849
v 95.289612 84.391716 148.033936
v 95.215202 84.513023 147.697311
v 95.368042 84.235603 148.259766
v 68.039268 66.097122 125.938393
v 95.389999 84.191887 148.322998
v 68.188271 66.332863 125.877167
v 68.291893 66.673096 125.793060
v 65.977081 86.005035 172.764938
v 68.301338 67.028633 125.708961
v 95.640038 83.615555 148.684250
v 68.215973 67.375252 125.630585
v 69.716682 87.272369 171.729874
v 68.041603 67.689316 125.563286
v 95.611488 83.683716 148.653748
v 95.483376 83.985069 148.496292
v 95.509521 83.927155 148.544815
v 68.374115 86.839249 172.200775
v 74.044128 63.553761 121.372826
v 94.504723 87.440170 152.554733
v 98.824219 80.642365 154.219070
v 69.804710 87.310829 171.744690
v 68.714111 86.964905 172.154037
v 69.859612 87.334824 171.753937
v 96.674553 84.556114 146.362183
v 69.047005 87.108307 172.200775
v 96.742638 84.339645 146.188889
v 69.997444 87.395050 171.777161
v 96.655487 84.616730 146.410706
v 69.350121 87.259682 172.337799
v 96.597290 84.832649 146.699768
v 70.176582 87.473320 171.807327
v 98.980080 86.566353 140.461441
v 96.572014 84.972694 147.036392
v 70.340660 87.545013 171.834961
v 96.579323 85.015373 147.318619
v 69.602798 87.408722 172.555771
v 96.852798 84.020279 146.049454
v 100.623314 83.650932 146.815536
v 96.581375 85.027321 147.397644
v 100.640930 83.636909 146.962296
v 70.459465 87.596924 171.854980
v 69.787819 87.545258 172.839844
v 70.531647 87.628464 171.867142
v 99.861191 85.897392 147.949234
v 99.980713 85.632660 148.171051
v 98.975914 89.145676 152.180954
v 69.892563 87.659996 173.170654
v 100.479668 84.324585 148.171051
v 100.369507 84.643951 148.310486
v 70.567879 87.644295 171.873245
v 100.650291 83.691536 147.323547
v 100.625015 83.831581 147.660172
v 69.909912 87.745110 173.525650
v 100.566818 84.047501 147.949234
v 70.579430 87.649345 171.875183
v 100.243835 84.983826 148.358047
v 100.111229 85.321060 148.310486
v 100.294891 84.845749 148.338730
v 69.838661 87.794807 173.880661
v 71.069939 87.863670 171.957794
v 71.133926 87.910896 172.056061
v 69.426582 91.047928 170.771301
v 95.914261 87.919952 152.616318
v 103.299576 79.768547 142.125778
v 69.380898 91.010986 170.700180
v 69.282486 91.257103 170.645981
v 69.706268 91.274101 171.206726
v 69.678947 91.549690 171.254700
v 99.086021 102.798256 176.326126
v 97.553375 101.979317 175.336014
v 72.547356 82.834953 139.979813
v 62.205593 76.627907 130.580093
v 60.707348 75.617195 128.710953
v 61.952915 76.478867 130.362122
v 63.961178 77.375946 130.789276
v 60.013229 75.404312 129.004578
v 100.389618 87.046135 140.523026
v 63.660572 72.989113 131.381470
v 62.390610 76.764442 130.864166
v 63.340252 76.837494 129.471680
v 62.162327 71.978401 129.512314
v 61.468208 71.765518 129.805939
v 102.032852 84.130714 146.877121
v 61.649799 76.327492 130.225098
v 102.050468 84.116692 147.023880
v 63.407898 72.840080 131.163498
v 63.845589 73.125656 131.665543
v 62.495361 76.879181 131.194977
v 62.512703 76.964294 131.549973
v 101.270729 86.377174 148.010818
v 63.736717 77.130081 130.080399
v 101.390251 86.112442 148.232635
v 100.385452 89.625458 152.242538
v 62.149265 76.193748 128.710953
v 101.889206 84.804367 148.232635
v 60.855835 71.623528 130.273041
v 59.400856 75.262321 129.471680
v 101.779045 85.123734 148.372070
v 62.890888 72.247665 129.412170
v 102.059830 84.171318 147.385132
v 102.034554 84.311363 147.721756
v 61.435909 75.886459 128.610809
v 61.316902 76.184090 130.178360
v 101.976357 84.527283 148.010818
v 101.653374 85.463608 148.419632
v 64.795227 73.198700 130.273041
v 63.950340 73.240395 131.996353
v 101.520767 85.800842 148.372070
v 63.967682 73.325508 132.351349
v 101.704430 85.325531 148.400314
v 62.441456 77.013992 131.904984
v 65.191696 73.491287 130.881760
v 62.798801 76.518127 129.004578
v 60.034843 71.585426 131.590637
v 60.366943 71.562103 130.881760
v 58.911964 75.200897 130.080399
v 58.579865 75.224220 130.789276
v 63.604244 72.554955 129.512314
v 60.976906 76.058434 130.225098
v 63.104782 72.688698 131.026474
v 63.896435 73.375198 132.706360
v 62.286476 77.024872 132.235794
v 65.416161 73.737152 131.590637
v 64.253784 72.879333 129.805939
v 59.023251 75.950005 133.279846
v 59.146324 76.008972 133.324158
v 60.652985 75.959091 130.362122
v 62.771881 72.545296 130.979736
v 62.431885 72.419640 131.026474
v 62.175789 77.010971 132.373611
v 65.453323 73.919540 132.351349
v 63.998341 77.558334 131.549988
v 58.427197 75.330704 131.549988
v 59.882175 71.691910 132.351349
v 74.092178 82.979774 138.717850
v 78.639137 71.608177 141.222198
v 78.440521 71.519073 141.150299
v 77.548180 71.118599 140.827271
v 63.350433 73.687416 135.115402
v 63.209507 73.619888 135.064651
v 63.206623 73.618507 135.063614
v 63.196877 73.613838 135.060104
v 63.177685 73.604645 135.053192
v 63.146763 73.589828 135.042068
v 63.105366 73.569992 135.027161
v 63.061810 73.549118 135.011475
v 63.029408 73.533592 134.999802
v 63.016758 73.527534 134.995255
v 62.996777 73.517960 134.988052
v 60.478233 72.311211 134.081207
v 60.355179 72.252251 134.036911
v 60.262798 72.207985 134.003647
v 61.895462 77.326210 134.314041
v 27.489534 62.064770 121.847275
v 58.807812 75.846771 133.202271
v 61.865505 77.311859 134.303253
v 61.822021 77.291023 134.287598
v 59.597355 76.225082 133.486557
v 59.565662 76.209900 133.475159
v 59.545029 76.200012 133.467728
v 59.490009 76.173645 133.447906
v 59.410774 76.135681 133.419388
v 59.329205 76.096603 133.390015
v 59.263840 76.065277 133.366470
v 59.221180 76.044838 133.351120
v 59.198853 76.034142 133.343079
v 58.900196 75.891037 133.235535
v 58.464359 75.513092 132.310699
v 59.912834 75.924736 131.549973
v 60.367210 75.892822 130.580093
v 62.107964 72.320297 131.163498
v 63.882626 73.376167 132.735825
v 63.741455 73.386086 133.037155
v 63.867287 73.845932 134.896759
v 63.845673 77.664818 132.310699
v 59.919338 71.874298 133.112061
v 101.720642 89.906410 175.951874
v 101.828438 89.636810 176.011246
v 28.840704 62.891567 123.068237
v 32.145473 50.420624 124.411674
v 36.241783 52.576866 125.874222
v 36.349537 52.307384 125.933571
v 37.080936 52.957348 126.177757
v 62.469872 61.177284 124.832817
v 62.450188 60.686871 123.227272
v 103.291824 73.130531 118.477325
v 100.541908 82.817245 153.742126
v 102.331200 83.387314 153.617294
v 63.024681 77.626717 133.628296
v 62.412308 77.484726 134.095398
v 63.513306 73.357414 133.321228
v 63.227531 73.291153 133.539200
v 62.903610 73.191811 133.676239
v 62.563614 73.066154 133.722961
v 62.230717 72.922752 133.676239
v 61.927597 72.771370 133.539200
v 61.674923 72.622337 133.321228
v 60.143799 72.120163 133.820938
v 58.688820 75.758957 133.019577
v 59.930176 76.009850 131.904984
v 60.034927 76.124588 132.235794
v 60.219944 76.261131 132.519852
v 60.472618 76.410164 132.737839
v 60.775734 76.561546 132.874863
v 61.108635 76.704948 132.921600
v 61.448631 76.830605 132.874863
v 59.984081 75.875046 131.194977
v 60.139061 75.864159 130.864166
v 61.822189 72.254036 131.381470
v 62.058327 76.996208 132.519852
v 64.968552 74.049347 133.820938
v 65.300652 74.026024 133.112061
v 102.657776 82.570580 153.797165
v 102.232498 88.902321 177.487305
v 101.821625 89.709564 176.260513
v 101.794685 89.997261 177.246170
v 38.745163 78.711967 164.424835
v 34.846348 51.846588 126.099403
v 33.496643 51.247421 125.632629
v 74.077934 63.614323 121.832260
v 103.837440 71.765984 118.777840
v 62.447990 60.610176 122.983177
v 62.908817 59.457687 123.236992
v 33.572765 51.645760 126.195267
v 33.532539 51.746368 126.173103
v 34.627041 52.081882 126.052361
v 33.585735 51.613331 126.202408
v 33.592857 51.595516 126.206329
v 34.734795 51.812393 126.111710
v 33.640297 51.476875 126.232460
v 34.076790 50.385242 126.472878
v 33.587994 50.231571 126.527702
v 33.586628 50.234985 126.526947
v 34.050255 50.377106 126.475800
v 62.891312 59.349979 122.779694
v 60.070709 67.177422 123.511414
v 68.097473 65.779686 123.533386
v 68.201096 66.119926 123.449287
v 68.210541 66.475471 123.365181
v 68.125175 66.822083 123.286812
v 67.950806 67.136147 123.219513
v 71.150406 70.783798 119.770508
v 74.060364 63.506210 121.373245
v 102.819672 79.585106 142.167099
v 102.819649 80.160538 144.780029
v 103.309036 79.771767 142.126190
v 100.399078 87.049355 140.523438
v 98.159317 88.775925 152.429840
v 100.394913 89.628677 152.242950
v 103.304871 82.351089 153.845703
v 102.819557 82.165970 153.886276
v 63.513573 77.688141 133.019577
v 64.479660 73.987923 134.429657
v 61.772552 76.929947 132.737839
v 61.489906 72.485794 133.037155
v 61.367813 72.285942 132.351349
v 61.385155 72.371063 132.706360
v 61.439060 72.236252 131.996353
v 61.594040 72.225365 131.665543
v 101.742218 89.977562 177.239975
v 101.495308 88.629433 177.399719
v 100.949692 89.993980 177.099213
v 101.634323 90.247414 177.180557
v 77.013000 71.426506 142.452698
v 77.094231 71.463554 142.484116
v 76.070389 70.996391 142.087967
v 33.933136 50.155781 125.873047
v 32.581966 49.328983 124.652084
v 34.945293 50.775875 126.790108
v 35.443775 52.458538 126.368164
v 34.399677 52.140423 126.489594
v 33.569431 51.807476 126.329079
v 34.078712 50.430885 126.622261
v 33.677719 51.536659 126.388718
v 34.114212 50.445019 126.629143
v 33.623158 51.673111 126.358673
v 33.632133 51.650658 126.363617
v 33.592598 51.749538 126.341835
v 59.981354 66.627571 121.176956
v 65.451614 66.359451 121.030724
v 65.347992 66.019218 121.114830
v 65.338547 65.663673 121.198929
v 65.423912 65.317062 121.277306
v 65.549843 65.090240 121.325905
v 65.598282 65.002998 121.344597
v 66.161217 64.554436 121.428703
v 66.511429 64.450516 121.439774
v 66.876526 64.438194 121.428703
v 67.132988 64.496056 121.405258
v 67.959717 65.561768 123.589989
v 68.111740 65.570076 121.114830
v 68.121185 65.925621 121.030724
v 68.035820 66.272232 120.952354
v 67.861450 66.586296 120.885056
v 67.609970 66.846420 120.833412
v 101.942154 84.275726 146.326416
v 99.606171 83.622810 146.224243
v 102.059929 84.119904 147.024292
v 102.069290 84.174538 147.385544
v 102.044014 84.314583 147.722168
v 102.001984 84.470528 147.930939
v 101.788506 85.126945 148.372482
v 43.837593 65.976181 167.229630
v 66.715858 89.871056 169.921753
v 68.841202 90.687233 170.234039
v 68.186592 90.375542 169.937622
v 67.461678 90.097160 169.831116
v 66.309174 85.981712 172.056061
v 64.854195 89.620506 171.254700
v 66.649582 90.036804 169.885254
v 64.522102 89.643829 171.963577
v 68.050194 86.739906 172.337799
v 67.259132 90.603691 171.352661
v 67.895142 90.898476 171.536423
v 67.592026 90.747101 171.399399
v 68.147820 91.047516 171.754395
v 68.332840 91.184052 172.038467
v 68.437584 91.298790 172.369278
v 68.454933 91.383904 172.724274
v 69.809525 88.265541 176.071060
v 69.903412 91.795555 171.963577
v 68.741035 90.937737 170.178879
v 71.358391 88.156761 172.764938
v 101.026863 89.782150 176.321609
v 75.937859 71.356789 143.433594
v 76.483475 69.992241 143.734100
v 40.679188 65.012283 163.234772
v 67.817383 64.928101 121.277298
v 34.597122 53.005219 130.227737
v 65.996552 67.453735 123.219513
v 65.642349 66.661194 120.952354
v 65.779907 64.815132 121.381897
v 65.849762 64.742874 121.396240
v 66.414146 64.479385 121.436699
v 67.231628 64.518311 121.396240
v 67.552536 64.685410 121.344604
v 68.008118 65.229843 121.198929
v 68.118561 65.826859 121.054085
v 67.037659 67.688629 123.124336
v 66.583206 67.151100 120.800949
v 101.985817 84.530510 148.011230
v 101.841766 84.475563 146.037354
v 102.016563 84.154427 146.663040
v 98.826431 85.883293 147.211182
v 101.062027 86.736046 147.024292
v 99.486649 83.887543 146.002426
v 99.519844 83.814011 146.064041
v 101.898666 84.807587 148.233047
v 101.662834 85.466827 148.420044
v 49.935463 69.653122 168.201599
v 68.091499 90.613358 169.885254
v 67.378143 90.306068 169.785110
v 65.027519 90.471153 174.802597
v 67.764420 86.673637 172.555771
v 66.595207 90.378693 171.536423
v 66.919136 90.478043 171.399399
v 68.383682 91.433594 173.079285
v 71.395554 88.339149 173.525650
v 69.824852 87.795776 173.910126
v 69.940575 91.977943 172.724289
v 43.401100 67.067818 166.989212
v 65.715919 66.728607 120.933655
v 66.672562 67.700951 123.135406
v 66.228104 67.070984 120.833412
v 66.948303 67.138779 120.789879
v 101.722244 84.740295 145.815536
v 98.817070 85.828667 146.849930
v 101.052666 86.681419 146.663040
v 101.105392 86.701530 147.385544
v 99.356133 84.199142 145.862991
v 101.567062 85.710381 148.385696
v 65.824409 86.111519 173.525650
v 64.369431 89.750313 172.724289
v 65.855064 90.344345 172.724274
v 64.406593 89.932701 173.485001
v 67.536263 86.644974 172.839844
v 68.228706 91.444481 173.410095
v 70.910789 88.468956 174.995239
v 69.115402 88.052658 176.364685
v 71.242882 88.445633 174.286362
v 69.787903 92.084427 173.485001
v 68.118019 91.430573 173.547913
v 65.907188 66.903885 120.885056
v 67.298515 67.034859 120.800949
v 67.045586 67.109917 120.792953
v 101.591728 85.051895 145.676102
v 98.824089 85.789764 146.756424
v 101.077942 86.541374 146.326416
v 101.179802 86.580223 147.722168
v 99.223526 84.536369 145.815430
v 101.399712 86.115662 148.233047
v 101.530228 85.804054 148.372482
v 65.861572 86.293907 174.286362
v 65.872406 90.429459 173.079285
v 65.926308 90.294647 172.369278
v 64.631058 90.178566 174.193878
v 67.381287 86.655861 173.170654
v 66.309441 90.312431 171.754395
v 66.081284 90.283768 172.038467
v 70.421890 88.407532 175.603958
v 67.660423 91.691452 175.563324
v 68.354546 91.904335 175.269699
v 69.683685 87.805687 174.211456
v 69.455811 92.107750 174.193878
v 101.459122 85.389122 145.628540
v 101.136147 86.325447 146.037354
v 101.070923 86.580269 146.419922
v 101.280190 86.380386 148.011230
v 99.097855 84.876251 145.862991
v 66.482498 86.832359 175.603958
v 66.086037 86.539772 174.995239
v 65.977150 90.544197 173.410095
v 67.310043 86.705551 173.525650
v 67.327385 86.790665 173.880661
v 68.966911 92.046326 174.802597
v 66.931862 91.422188 175.663467
v 68.386841 87.783394 176.464828
v 69.455536 87.777023 174.495529
v 68.000557 91.415817 173.694168
v 101.333450 85.729004 145.676102
v 101.199081 86.125328 145.877151
v 101.119980 86.385422 146.117645
v 98.987694 85.195610 146.002426
v 66.162170 90.680733 173.694168
v 65.568970 90.790520 175.269699
v 67.023949 87.151726 176.071060
v 66.218506 91.114899 175.563324
v 67.673485 87.476105 176.364685
v 69.169762 87.710762 174.713516
v 67.714783 91.349556 173.912140
v 101.223289 86.048363 145.815536
v 67.617149 87.041946 174.495529
v 66.414848 90.829773 173.912140
v 67.432137 86.905403 174.211456
v 68.845840 87.611420 174.850540
v 67.390862 91.250206 174.049164
v 67.869827 87.190979 174.713516
v 66.717964 90.981148 174.049164
v 68.505844 87.485764 174.897278
v 68.172943 87.342361 174.850540
v 67.050865 91.124550 174.095901
v 98.247063 82.085785 153.901184
v 100.540276 82.816414 153.741196
v 100.541939 82.816940 153.741074
v 102.646851 80.017090 142.070847
v 102.819458 79.585411 142.165909
v 102.819458 79.585640 142.166977
v 103.296524 79.776405 142.125168
v 103.299339 79.769379 142.126709
v 103.299332 79.769402 142.126709
v 103.299576 79.768784 142.126846
v 103.299278 79.769516 142.126678
v 103.299248 79.769608 142.126663
v 103.299316 79.769440 142.126694
v 103.299171 79.769798 142.126617
v 103.299202 79.769707 142.126633
v 100.441544 86.916519 140.552689
v 100.389832 87.045830 140.524216
v 100.389870 87.045746 140.524231
v 100.389900 87.045662 140.524246
v 99.714325 83.410316 146.548431
v 99.714447 83.410072 146.548782
v 99.743393 83.362885 146.679733
v 98.161102 88.771233 152.429749
v 98.159630 88.774902 152.428940
v 99.598343 85.176796 153.221359
v 100.385689 89.614487 152.195267
v 100.389832 87.046013 140.525055
v 100.389832 87.045944 140.524734
v 100.389832 87.045975 140.524872
v 100.389832 87.045990 140.524948
v 100.389832 87.045876 140.524414
v 100.389832 87.045891 140.524506
v 100.389832 87.045921 140.524643
v 98.159317 88.775688 152.428772
v 100.385666 89.624916 152.242661
v 100.385666 89.624725 152.241806
v 100.385666 89.624748 152.241882
v 100.385666 89.624748 152.241913
v 100.385666 89.624916 152.242645
v 100.385666 89.624489 152.240692
v 100.385666 89.624519 152.240845
v 100.385666 89.624565 152.241058
v 100.385666 89.624619 152.241287
v 100.385666 89.624664 152.241501
v 100.385666 89.624702 152.241669
v 99.605766 83.623528 146.222702
v 99.605957 83.623116 146.223053
v 99.608429 83.618309 146.230759
v 101.840118 84.236801 146.334946
v 102.050560 84.116478 147.023987
v 102.050690 84.116379 147.025070
v 102.050621 84.116432 147.024521
v 102.060005 84.170784 147.384827
v 102.060043 84.171013 147.386322
v 102.060036 84.170952 147.385941
v 102.034767 84.311058 147.722946
v 102.034798 84.310921 147.722610
v 102.059944 84.171593 147.387711
v 101.992668 84.467247 147.932037
v 101.992912 84.466354 147.930847
v 98.159615 88.774940 152.428940
v 98.826218 85.883598 147.209991
v 98.826180 85.883408 147.208740
v 98.159447 88.775375 152.428848
v 98.826393 85.883461 147.211472
v 99.486320 83.888115 146.001114
v 99.486435 83.887848 146.001236
v 99.545944 83.756027 146.111679
v 99.664040 83.510399 146.403656
v 99.679581 83.479469 146.448395
v 101.743172 84.426956 146.059326
v 102.007370 84.150864 146.664230
v 102.007210 84.151123 146.663498
v 102.050522 84.116508 147.023682
v 102.032906 84.130539 146.876923
v 101.976570 84.526985 148.012009
v 101.976593 84.526886 148.011871
v 101.976631 84.526756 148.011703
v 101.976471 84.527298 148.012253
v 101.976212 84.528130 148.012924
v 101.889420 84.804062 148.233826
v 101.889297 84.804428 148.233978
v 101.779594 85.122467 148.372833
v 101.779343 85.123184 148.373154
v 101.779266 85.123421 148.373260
v 101.704765 85.324905 148.401443
v 101.703934 85.327156 148.401764
v 101.654106 85.461899 148.420624
v 101.653587 85.463303 148.420822
v 98.159584 88.775017 152.428925
v 98.794411 80.697395 154.113602
v 98.794235 80.699257 154.119995
v 98.791977 80.722992 154.201309
v 98.795059 80.690536 154.090103
v 98.794746 80.693848 154.101440
v 98.794685 80.694534 154.103806
v 98.794464 80.696831 154.111679
v 100.271950 81.194588 154.098038
v 99.832817 80.947166 153.771835
v 99.823181 81.051590 154.129364
v 98.824646 80.379097 153.022873
v 98.795631 80.684555 154.069595
v 98.795570 80.685158 154.071671
v 98.795372 80.687286 154.078964
v 98.816887 85.828766 146.848251
v 98.816856 85.828972 146.848740
v 98.825195 85.877647 147.170639
v 98.820496 85.850227 146.989273
v 98.847984 85.866272 147.391357
v 98.159462 88.775330 152.428848
v 99.355850 84.199615 145.861771
v 99.355919 84.199448 145.861801
v 99.420906 84.044296 145.931229
v 101.889473 84.803902 148.233688
v 101.653038 85.464699 148.420624
v 101.653046 85.464684 148.420624
v 98.159554 88.775101 152.428909
v 98.823906 85.789879 146.754761
v 98.159485 88.775269 152.428864
v 101.096146 86.698006 147.386322
v 101.096092 86.698051 147.385864
v 101.083679 86.693314 147.386902
v 99.223305 84.536682 145.814240
v 99.223282 84.536751 145.814255
v 99.289886 84.367371 145.838120
v 101.557671 85.707245 148.386414
v 101.391006 86.110847 148.234390
v 101.390465 86.112137 148.233826
v 98.159538 88.775131 152.428894
v 98.829437 85.759239 146.681122
v 98.829926 85.757431 146.678696
v 98.159508 88.775215 152.428879
v 101.096405 86.697540 147.387268
v 101.060097 86.683693 147.390305
v 101.170860 86.576103 147.723801
v 101.170517 86.576660 147.722260
v 99.160210 84.707321 145.838120
v 99.097641 84.876556 145.861801
v 101.520988 85.800529 148.373260
v 101.520554 85.801559 148.372787
v 101.390327 86.112442 148.233566
v 98.159515 88.775192 152.428879
v 98.865952 85.609978 146.436844
v 98.861511 85.634552 146.495911
v 98.878082 85.565826 146.380569
v 98.848534 85.688385 146.586258
v 101.021393 86.578499 146.462326
v 101.006523 86.660965 146.660522
v 99.373413 85.983032 146.674149
v 101.061630 86.577003 146.421310
v 101.058678 86.593346 146.460602
v 101.170975 86.575874 147.724136
v 101.260468 86.372696 148.012100
v 101.265892 86.375389 148.011154
v 101.265915 86.375336 148.011215
v 101.271301 86.376068 148.012665
v 101.270706 86.377266 148.010941
v 101.171333 86.575081 147.724792
v 101.166756 86.572304 147.726227
v 98.987503 85.195839 146.001205
v 99.042786 85.035583 145.931229
v 101.390114 86.112907 148.233170
v 98.987473 85.195923 146.001236
v 98.925476 85.393433 146.160797
v 98.926308 85.390404 146.156937
v 98.935799 85.360222 146.132767
v 98.953575 85.303703 146.087524
v 101.061951 86.575691 146.419113
v 100.213806 86.215622 146.452789
v 101.125832 86.349045 146.149170
v 100.721626 86.348099 146.349915
v 101.062309 86.574539 146.418198
v 96.883247 81.170967 152.401520
v 96.892357 81.075035 152.072708
v 96.891197 81.087212 152.114456
v 96.887337 81.127945 152.254059
v 96.886391 81.137894 152.288162
v 98.251404 82.040092 153.744568
v 96.903389 80.958801 151.674316
v 96.903717 80.955345 151.662476
v 96.897919 81.016403 151.871750
v 96.843330 81.591476 153.842804
v 96.907990 80.910347 151.508270
v 96.906975 80.921036 151.544922
v 96.936661 80.608246 150.472824
v 96.937584 80.598557 150.439636
v 96.941452 80.557831 150.300049
v 96.945732 80.512703 150.145355
v 96.949944 80.468369 149.993408
v 97.127556 78.597237 143.580185
v 97.124626 78.628151 143.686142
v 97.126923 78.603905 143.603058
v 97.141319 78.452240 143.083221
v 97.142639 78.438385 143.035736
v 97.138496 78.482018 143.185272
v 97.134247 78.526733 143.338547
v 97.135040 78.518425 143.310074
v 97.130455 78.566696 143.475525
v 97.131233 78.558540 143.447556
v 97.143425 78.430092 143.007309
v 97.143799 78.426132 142.993744
v 97.145828 78.404785 142.920578
v 97.147682 78.385231 142.853592
v 97.148361 78.378059 142.828995
v 97.150993 78.350365 142.734055
v 99.476501 78.959938 142.135712
v 97.163094 78.222878 142.297104
v 100.877899 79.406425 142.037933
v 101.480049 79.598267 141.995926
v 101.733940 79.679161 141.978210
v 101.729599 79.724854 142.134842
v 99.756828 83.341019 146.740723
v 99.756775 83.341064 146.740280
v 100.481979 83.617622 146.680130
v 100.490250 83.611198 146.747879
v 100.627930 83.635040 146.798233
v 100.637260 83.619827 146.840454
v 100.613281 83.658913 146.731979
v 97.415031 79.946991 153.177902
v 98.240639 80.412186 153.791245
v 97.390274 80.207649 154.071106
v 97.390129 80.209175 154.076355
v 97.388283 80.228607 154.142944
v 97.390800 80.202034 154.051880
v 97.390549 80.204742 154.061157
v 97.390495 80.205307 154.063095
v 97.390312 80.207184 154.069534
v 98.232765 80.497711 154.084015
v 98.501961 80.583488 154.065231
v 97.391266 80.197136 154.035080
v 97.391220 80.197624 154.036774
v 97.391060 80.199371 154.042755
v 98.600204 80.614792 154.058380
v 98.861549 85.855347 147.503708
v 98.861389 85.855606 147.502975
v 99.710526 86.179184 147.432724
v 99.286957 86.017616 147.468124
v 99.718719 86.172661 147.501007
v 98.908508 85.778786 147.716156
v 98.908730 85.778419 147.717163
v 98.911819 85.773384 147.731140
v 98.915047 85.766960 147.740433
v 99.809898 86.007866 147.839737
v 99.579872 86.020546 147.684860
v 99.719040 86.172150 147.502426
v 99.764030 86.090790 147.669479
v 99.757484 86.102631 147.645172
v 99.837814 85.962364 147.966003
v 99.946350 85.734413 148.224304
v 99.908997 85.808777 148.116745
v 99.856003 85.926140 148.018402
v 97.269585 82.943932 146.123810
v 97.156479 83.203575 145.955597
v 97.169212 83.173164 145.969208
v 97.209419 83.077179 146.012161
v 95.958855 87.773582 152.481873
v 95.954414 87.784683 152.479431
v 101.025780 81.485046 141.747192
v 95.914314 87.884964 152.457336
v 99.008141 89.065079 152.198700
v 99.008186 89.036957 152.070938
v 99.008179 89.039764 152.083664
v 99.008179 89.040489 152.086960
v 99.008141 89.064705 152.197006
v 99.009369 88.305496 148.747437
v 99.008247 89.000809 151.906693
v 99.008240 89.005524 151.928101
v 99.008224 89.012558 151.960052
v 99.008209 89.020233 151.994919
v 99.008202 89.027206 152.026611
v 99.008194 89.032822 152.052139
v 100.311333 84.842682 148.521408
v 100.276009 84.938225 148.534775
v 100.428185 84.521484 148.453659
v 100.414307 84.561729 148.471222
v 100.401672 84.598343 148.487213
v 100.511833 84.278984 148.347778
v 100.504410 84.300507 148.357178
v 100.657181 83.785973 147.836899
v 100.616913 83.935379 148.036911
v 100.680756 83.655365 147.522949
v 100.663269 83.752274 147.755875
v 100.673729 83.594986 147.163361
v 100.680206 83.632782 147.413330
v 100.650475 83.609314 146.950531
v 100.648376 83.610977 146.933090
v 99.850212 85.937675 148.001709
v 99.960701 85.702637 148.250931
v 100.004829 85.604897 148.332825
v 100.044296 85.512062 148.381332
v 100.079437 85.428162 148.418869
v 100.134598 85.296448 148.477814
v 100.143394 85.275452 148.487213
v 100.194870 85.144539 148.505676
v 100.232903 85.047844 148.519318
v 100.235153 85.042107 148.520126
v 95.938614 87.824188 152.470718
v 95.935783 87.831276 152.469162
v 95.939461 87.822090 152.471191
v 95.943039 87.813141 152.473160
v 95.944092 87.810509 152.473740
v 95.949272 87.797539 152.476593
v 95.948112 87.800453 152.475952
v 96.575722 85.051819 147.441849
v 96.592567 85.038414 147.582169
v 96.616547 84.999329 147.690628
v 95.933250 87.837616 152.467773
v 96.569923 85.056435 147.393509
v 95.932930 87.838409 152.467590
v 96.562561 85.062294 147.332199
v 96.549736 85.072502 147.225357
v 95.931862 87.841087 152.466995
v 96.539841 85.018303 146.859665
v 96.544907 85.047836 147.054947
v 96.545372 84.987694 146.786102
v 96.547791 85.064659 147.166245
v 96.549210 85.072929 147.220917
v 97.511940 82.484779 146.927948
v 97.510307 82.486084 146.914352
v 97.503738 82.491310 146.859665
v 97.481834 82.527023 146.760559
v 97.480820 82.528679 146.755966
v 97.465607 82.553474 146.687149
v 96.577202 84.847679 146.528061
v 96.557335 84.921394 146.626740
v 96.663361 84.535034 146.132080
v 96.710472 84.385246 146.012161
v 96.714348 84.374001 146.007248
v 96.652451 84.569710 146.159836
v 96.648094 84.583565 146.170929
v 96.639259 84.611649 146.193405
v 96.631348 84.640442 146.230103
v 96.602226 84.746376 146.365158
v 96.597603 84.771988 146.426727
v 96.820747 84.065575 145.872681
v 96.820633 84.065887 145.872726
v 96.744408 84.286873 145.969208
v 97.078911 83.388779 145.872726
v 97.069382 83.413002 145.869308
v 97.440598 82.594254 146.574005
v 97.409668 82.655815 146.484955
v 97.374397 82.724251 146.375290
v 97.292130 82.893997 146.165649
v 97.328949 82.812447 146.233978
v 96.942101 83.737358 145.826752
v 96.907585 83.830711 145.839813
v 96.946304 83.726006 145.825165
v 96.987152 83.622124 145.839813
v 96.765167 85.757050 152.925964
v 95.953278 87.787529 152.478790
v 99.012253 86.520744 140.638168
v 99.017365 86.507965 140.640991
v 99.022263 86.495705 140.643692
v 99.012207 86.548271 140.763214
v 99.012222 86.537689 140.715149
v 99.012215 86.542305 140.736130
v 99.012207 86.544678 140.746887
v 99.012245 86.520897 140.638840
v 99.012238 86.527298 140.667923
v 99.012238 86.530136 140.680832
v 99.012230 86.534782 140.701935
v 100.341576 84.760880 148.509964
v 100.344925 84.751831 148.508698
v 100.393204 84.621246 148.490417
v 100.519302 84.255234 148.328766
v 100.572136 84.087257 148.194290
v 100.660828 83.765778 147.788345
v 100.598984 84.001900 148.125961
v 100.608009 83.968414 148.081131
v 100.602654 83.988289 148.107742
v 100.682465 83.645927 147.500275
v 100.681007 83.637436 147.444077
v 100.660912 83.601006 147.037476
v 100.662941 83.599388 147.054428
v 100.673096 83.591301 147.139023
v 98.952461 83.034264 146.807526
v 97.866478 85.476105 147.586136
v 100.012886 85.587051 148.347778
v 62.496853 61.816460 126.923874
v 62.499538 61.883369 127.142921
v 62.471233 61.178185 124.834267
v 62.471214 61.177696 124.832672
v 73.881065 64.169632 121.897850
v 73.879478 64.114410 121.722069
v 74.043602 63.700176 121.813354
v 74.044945 63.700584 121.813202
v 60.074978 67.170517 123.512878
v 60.072247 67.177345 123.511375
v 61.297226 64.113762 124.186058
v 68.097816 65.779587 123.533394
v 67.928604 65.511871 123.602936
v 68.059647 65.719208 123.549080
v 67.985458 65.601822 123.579567
v 68.201782 66.119690 123.449318
v 68.201775 66.119682 123.449318
v 68.098549 65.780754 123.533096
v 68.150146 65.950165 123.491219
v 68.211578 66.475052 123.365242
v 68.211578 66.475037 123.365242
v 68.204987 66.226974 123.423927
v 68.202171 66.120987 123.448997
v 68.209694 66.404007 123.382042
v 68.126686 66.821388 123.286919
v 68.126686 66.821373 123.286919
v 68.169113 66.649124 123.325867
v 68.211617 66.476524 123.364891
v 67.953110 67.135002 123.219696
v 68.038712 66.980827 123.252731
v 68.126678 66.821404 123.286919
v 68.126251 66.823143 123.286522
v 67.953102 67.135010 123.219688
v 67.816475 67.275093 123.191925
v 67.825623 67.267799 123.193291
v 67.951881 67.137207 123.219223
v 71.150772 70.786064 119.780121
v 71.150810 70.785965 119.780144
v 71.150856 70.785851 119.780167
v 71.162758 70.756088 119.786720
v 71.150940 70.785652 119.780212
v 71.150902 70.785744 119.780190
v 71.207542 70.644089 119.811386
v 71.191559 70.684067 119.802582
v 71.221924 70.608124 119.819305
v 74.042854 63.564621 121.406784
v 74.042786 63.553349 121.372971
v 60.072212 67.177429 123.511353
v 65.348785 66.022881 121.124100
v 65.451981 66.361717 121.040337
v 65.348709 66.022621 121.124161
v 65.348358 66.021484 121.124443
v 65.338951 65.667404 121.208206
v 65.338951 65.667183 121.208252
v 65.338913 65.665939 121.208549
v 65.423927 65.320755 121.286598
v 65.423935 65.320724 121.286606
v 65.424278 65.319328 121.286919
v 65.549690 65.093437 121.335320
v 65.550407 65.092148 121.335594
v 65.598648 65.005264 121.354218
v 65.598930 65.004974 121.354271
v 65.599686 65.004189 121.354431
v 66.161583 64.556702 121.438316
v 66.160301 64.557472 121.438179
v 66.511795 64.452782 121.449394
v 66.510353 64.453209 121.449348
v 66.511948 64.452774 121.449387
v 66.513298 64.452728 121.449348
v 66.876892 64.440460 121.438316
v 66.876976 64.440475 121.438309
v 66.878357 64.440788 121.438187
v 67.133766 64.498413 121.414841
v 67.135086 64.499100 121.414627
v 67.137367 64.502419 121.424835
v 67.616074 66.883965 120.992821
v 67.610405 66.938934 121.190666
v 67.534859 67.495773 123.150726
v 67.545311 67.491150 123.151413
v 67.554207 67.484062 123.152740
v 60.072010 67.177849 123.510971
v 60.072021 67.177910 123.511246
v 71.150299 70.785889 119.780182
v 71.150528 70.785973 119.780151
v 71.150757 70.786057 119.780121
v 71.150131 70.785820 119.780205
v 71.104774 70.768944 119.785912
v 59.983036 66.630325 121.186409
v 59.983879 66.630638 121.186302
v 59.983051 66.630424 121.186836
v 59.984459 66.630852 121.186226
v 59.984371 66.630821 121.186241
v 59.984161 66.630745 121.186264
v 59.983997 66.630684 121.186287
v 59.984993 66.631050 121.186157
v 59.984894 66.631020 121.186172
v 59.984829 66.630989 121.186180
v 59.984692 66.630943 121.186195
v 59.984604 66.630905 121.186211
v 60.072189 67.177490 123.511337
v 65.996468 67.453728 123.219521
v 65.641930 66.662216 120.962288
v 65.642715 66.663460 120.961967
v 65.530144 66.485359 121.008224
v 65.452660 66.362785 121.040054
v 65.424545 65.318848 121.287018
v 65.528046 65.132423 121.326965
v 65.780563 64.817101 121.391571
v 65.748199 64.850571 121.384926
v 65.850128 64.745140 121.405853
v 65.850380 64.744987 121.405876
v 66.161797 64.556641 121.438324
v 66.413475 64.481956 121.446281
v 66.369682 64.494957 121.444901
v 67.087769 64.488037 121.419044
v 67.232513 64.521080 121.405716
v 67.233315 64.521263 121.405640
v 67.235336 64.527336 121.426331
v 67.233490 64.524109 121.416061
v 67.553879 64.688675 121.353943
v 67.552902 64.687675 121.354218
v 67.597496 66.887894 120.962738
v 67.038841 67.689651 123.124054
v 67.213112 67.637939 123.129562
v 67.222572 67.633759 123.130180
v 60.072174 67.177528 123.511330
v 66.224541 67.572456 123.182823
v 66.222870 67.572075 123.182976
v 66.063072 67.488869 123.208694
v 65.997620 67.454788 123.219223
v 65.721527 66.899925 121.769279
v 65.643684 66.664345 120.961723
v 67.233826 64.521530 121.405563
v 66.673874 67.701996 123.135109
v 66.856934 67.695816 123.129562
v 67.038727 67.689682 123.124046
v 66.492607 67.660347 123.151855
v 66.495346 67.661781 123.151413
v 66.673630 67.702003 123.135117
v 66.123405 67.244049 121.912308
v 66.224960 67.076180 120.865799
v 66.229317 67.078445 120.865097
v 67.598221 66.855568 120.841866
v 67.297440 67.037552 120.810516
v 67.129494 67.458473 122.306412
v 66.042427 66.981125 120.895119
v 67.045555 67.112297 120.802551
v 67.043037 67.295731 121.541512
v 66.959251 67.137901 120.799828
v 65.651680 63.275093 128.207962
v 62.699688 61.944706 127.120819
v 63.142586 62.506203 128.485092
v 63.099007 62.492847 128.489914
v 62.714325 62.309364 128.314667
v 62.716991 62.375782 128.532104
v 63.475719 62.608288 128.448303
v 63.422024 62.591831 128.454224
v 63.349693 62.569668 128.462219
v 63.272236 62.545933 128.470779
v 63.201027 62.524109 128.478638
v 66.520035 63.541195 128.112045
v 66.524483 63.542557 128.111557
v 66.552338 63.551090 128.108475
v 66.606682 63.567745 128.102478
v 66.689629 63.593166 128.093307
v 66.800781 63.627228 128.081039
v 66.935020 63.668365 128.066208
v 67.080887 63.713066 128.050095
v 67.220673 63.755901 128.034653
v 67.334068 63.790646 128.022125
v 67.404480 63.812225 128.014359
v 73.620934 65.717209 127.327713
v 73.733589 65.751740 127.315269
v 73.275490 65.611351 127.365868
v 73.238907 65.600143 127.369911
v 73.187637 65.584435 127.375572
v 72.909859 65.499306 127.406250
v 72.972351 65.518456 127.399353
v 73.122391 65.564430 127.382782
v 73.064987 65.546844 127.389122
v 73.047523 65.541489 127.391045
v 73.832359 65.781998 127.304359
v 73.932159 65.812584 127.293335
v 74.021080 65.839828 127.283516
v 74.092659 65.861771 127.275612
v 74.145004 65.877808 127.269829
v 74.147339 65.878525 127.269569
v 74.145660 65.836555 127.132179
v 74.144714 65.812958 127.054916
v 74.144928 65.818321 127.072472
v 74.144661 65.811691 127.050781
v 74.112045 64.999107 124.390465
v 74.114410 65.058075 124.583542
v 74.099213 64.679314 123.343513
v 74.090927 64.472977 122.668007
v 74.039772 64.457298 122.673660
v 73.890778 64.411636 122.690117
v 74.101562 64.737915 123.535393
v 67.921646 65.500870 123.605797
v 67.920647 65.499954 123.606049
v 67.447243 64.952522 122.809357
v 67.251839 64.850777 122.840805
v 67.309792 64.880951 122.831482
v 67.855370 65.440140 123.622635
v 67.920647 65.499947 123.606049
v 67.787338 65.384674 123.638298
v 67.804718 65.393723 123.635506
v 65.931358 67.394066 123.236069
v 65.931252 67.393898 123.236107
v 67.483299 64.960663 122.806061
v 67.483299 64.960663 122.806061
v 67.753159 65.174362 122.745407
v 67.608696 65.025948 122.785889
v 65.846428 67.137177 122.356079
v 65.779724 67.076050 122.373024
v 68.354057 67.575272 125.578186
v 68.377716 67.532661 125.587318
v 68.442505 67.269608 125.646797
v 68.403900 67.426353 125.611359
v 60.233192 67.040947 122.593597
v 60.235649 67.056068 122.657799
v 60.399620 67.102875 122.572639
v 60.375473 67.093887 122.575684
v 60.357983 67.087379 122.577881
v 60.353966 67.784103 125.748810
v 67.781143 69.849693 121.643135
v 60.522217 67.148499 122.557205
v 60.507725 67.143105 122.559029
v 60.498058 67.139511 122.560242
v 60.477776 67.131958 122.562798
v 60.464867 67.127159 122.564423
v 60.443420 67.119179 122.567123
v 60.430218 67.114265 122.568787
v 72.041512 69.036499 121.671593
v 66.469055 64.820381 122.877930
v 66.567696 64.791107 122.881050
v 66.121956 64.952820 122.860016
v 65.952332 65.073433 122.838097
v 65.835190 65.156731 122.822968
v 65.839607 65.153587 122.823540
v 65.654541 65.343582 122.785873
v 65.618866 65.407837 122.772102
v 65.605423 65.432045 122.766914
v 65.551949 65.528366 122.746277
v 65.420982 65.897957 122.664238
v 65.394806 66.004265 122.640205
v 65.401352 66.250763 122.581894
v 65.404251 66.359810 122.556099
v 65.436028 66.464157 122.530304
v 65.507874 66.700035 122.471992
v 65.561592 66.785027 122.449921
v 65.701317 66.952003 122.405243
v 65.624062 66.859680 122.429947
v 65.719490 66.980759 122.397774
v 66.122765 68.006607 125.470169
v 66.126915 68.027504 125.556923
v 66.080521 67.861282 124.901443
v 67.187881 64.836342 122.846657
v 66.932793 64.778786 122.869972
v 66.944176 64.781357 122.868935
v 67.078972 64.811775 122.856613
v 66.589417 64.790375 122.880394
v 66.679665 64.787331 122.877655
v 68.421860 66.726158 125.775589
v 68.457214 66.965134 125.717949
v 68.455360 66.895248 125.734482
v 68.453636 66.830505 125.749794
v 68.395065 66.638184 125.797333
v 68.078056 66.114090 125.932915
v 68.222946 66.289238 125.886116
v 68.241508 66.318611 125.878487
v 68.188217 66.234291 125.900383
v 68.159286 66.188522 125.912270
v 68.055656 66.093559 125.938606
v 68.011360 66.052971 125.949860
v 68.350014 66.490273 125.833900
v 68.326248 66.452675 125.843666
v 67.629387 68.284561 125.438866
v 67.735931 68.237488 125.445877
v 67.918404 68.092094 125.473137
v 67.304893 68.394844 125.425316
v 67.532997 68.327156 125.432526
v 67.290192 68.399200 125.424850
v 67.037071 68.407745 125.432526
v 66.959785 68.410355 125.434868
v 66.757751 68.356522 125.455284
v 66.604347 68.321915 125.469307
v 66.925095 68.411522 125.435921
v 66.816185 68.386948 125.445877
v 66.249084 68.164307 125.520027
v 66.247185 68.162560 125.520508
v 60.357094 67.803360 125.830566
v 60.379993 67.746094 125.843178
v 66.511559 68.300980 125.477791
v 66.289070 68.185127 125.513588
v 60.382080 67.740868 125.844330
v 66.200859 68.120110 125.532280
v 66.133125 68.034927 125.554939
v 66.167854 68.089874 125.540665
v 60.385662 67.731911 125.846298
v 60.390686 67.719353 125.849068
v 60.396862 67.703903 125.852470
v 60.410130 67.670723 125.859779
v 62.029469 63.620880 126.751671
v 60.403610 67.687027 125.856186
v 68.182137 67.868668 125.515663
v 68.126221 67.926498 125.504181
v 68.463081 67.186043 125.665695
v 68.461906 67.141747 125.676170
v 68.203346 67.846725 125.520020
v 68.324242 67.628983 125.566681
v 71.172119 71.111542 121.216125
v 71.206665 71.124397 121.211777
v 71.138710 71.099106 121.220337
v 71.114006 71.089912 121.223442
v 71.206665 71.124390 121.211777
v 71.212883 71.108849 121.215202
v 71.219643 71.091942 121.218925
v 71.231514 71.062256 121.225464
v 71.226128 71.075714 121.222496
v 66.448395 64.826515 122.877274
v 66.361649 64.852249 122.874535
v 66.217484 64.895027 122.869972
v 66.248138 64.885933 122.870941
v 65.758057 65.236511 122.807129
v 65.695763 65.300941 122.794342
v 65.519829 65.586212 122.733879
v 65.480171 65.657654 122.718575
v 65.428764 65.866386 122.671379
v 65.399734 66.189888 122.596298
v 65.455986 66.529686 122.514107
v 66.042328 67.729904 124.387283
v 67.966354 65.776016 124.773994
v 67.559464 65.000313 122.793808
v 67.147591 64.827255 122.850342
vn -0.2180 0.1259 0.9678
vn -0.2180 0.1260 0.9678
vn 0.5324 0.0265 -0.8461
vn 0.5324 0.0266 -0.8461
vn -0.3105 0.9102 -0.2740
vn -0.3094 0.9105 -0.2742
vn -0.5063 -0.3736 -0.7772
vn -0.5056 -0.3740 -0.7775
vn -0.5059 -0.3739 -0.7774
vn 0.3637 -0.9097 0.2003
vn 0.3634 -0.9098 0.2002
vn 0.3638 -0.9097 0.2004
vn 0.3638 -0.9097 0.2003
vn 0.3639 -0.9097 0.2002
vn 0.3644 -0.9095 0.2001
vn 0.3637 -0.9097 0.2004
vn 0.3641 -0.9095 0.2006
vn 0.3640 -0.9096 0.2005
vn 0.7819 0.1814 -0.5964
vn 0.7819 0.1813 -0.5964
vn 0.7820 0.1813 -0.5964
vn 0.7820 0.1813 -0.5963
vn -0.3094 0.9105 -0.2743
vn -0.3093 0.9106 -0.2742
vn -0.3638 0.9097 -0.2003
vn -0.3637 0.9097 -0.2003
vn -0.3639 0.9096 -0.2003
vn -0.6243 -0.0784 0.7773
vn -0.6242 -0.0784 0.7773
vn -0.2866 -0.3139 -0.9052
vn -0.2866 -0.3139 -0.9051
vn -0.3638 0.9097 -0.2004
vn -0.7819 -0.1813 0.5964
vn -0.5062 -0.3736 -0.7773
vn -0.0474 -0.2329 -0.9713
vn -0.0474 -0.2329 -0.9714
vn -0.4240 0.0298 0.9052
vn -0.4241 0.0298 0.9051
vn -0.8863 -0.2718 0.3749
vn -0.9303 -0.3438 0.1279
vn 0.8863 0.2718 -0.3749
vn -0.6914 -0.4078 -0.5964
vn 0.1949 -0.1360 -0.9713
vn -0.1949 0.1360 0.9713
vn -0.9109 -0.3924 -0.1279
vn -0.3636 0.9097 -0.2004
vn 0.6243 0.0784 -0.7773
vn 0.4240 -0.0298 -0.9052
vn 0.4240 -0.0298 -0.9051
vn -0.8294 -0.4142 -0.3749
vn 0.0475 0.2329 0.9713
vn 0.0474 0.2329 0.9713
vn -0.8290 -0.4146 -0.3752
vn 0.9303 0.3438 -0.1279
vn 0.3633 -0.0595 -0.9298
vn 0.3633 -0.0594 -0.9298
vn 0.3600 -0.0594 -0.9310
vn 0.3631 -0.0615 -0.9297
vn 0.3630 -0.0599 -0.9298
vn 0.3636 -0.0593 -0.9297
vn 0.3636 -0.0601 -0.9296
vn 0.3633 -0.0591 -0.9298
vn 0.3634 -0.0600 -0.9297
vn 0.3625 -0.0574 -0.9302
vn 0.3640 -0.0594 -0.9295
vn 0.3635 -0.0592 -0.9297
vn 0.3633 -0.0598 -0.9298
vn 0.3624 -0.0570 -0.9303
vn 0.3631 -0.0596 -0.9298
vn 0.3638 -0.0660 -0.9291
vn 0.3577 -0.0526 -0.9324
vn 0.3594 -0.0819 -0.9296
vn 0.3659 -0.0661 -0.9283
vn 0.3605 -0.0878 -0.9286
vn 0.3602 -0.0749 -0.9299
vn 0.3603 -0.0745 -0.9299
vn 0.3658 -0.0533 -0.9292
vn 0.3658 -0.0595 -0.9288
vn 0.3578 -0.0617 -0.9318
vn 0.3699 -0.0550 -0.9275
vn 0.3669 -0.0675 -0.9278
vn 0.3543 -0.0649 -0.9329
vn 0.3580 -0.0549 -0.9321
vn 0.3642 -0.0619 -0.9292
vn 0.3632 -0.0581 -0.9299
vn 0.2866 0.3139 0.9052
vn -0.8292 -0.4144 -0.3752
vn 0.9109 0.3924 0.1279
vn 0.7746 0.1759 -0.6075
vn -0.3093 0.9104 -0.2748
vn -0.3093 0.9104 -0.2747
vn -0.3080 0.9108 -0.2748
vn -0.3082 0.9108 -0.2747
vn -0.3094 0.9099 -0.2764
vn -0.3090 0.9106 -0.2744
vn -0.3098 0.9104 -0.2742
vn -0.3099 0.9104 -0.2742
vn -0.3093 0.9103 -0.2750
vn -0.3097 0.9104 -0.2743
vn -0.3034 0.9119 -0.2765
vn -0.3088 0.9108 -0.2739
vn -0.3082 0.9113 -0.2732
vn -0.3095 0.9104 -0.2744
vn -0.3094 0.9092 -0.2784
vn -0.3095 0.9105 -0.2743
vn -0.3093 0.9105 -0.2743
vn -0.3096 0.9105 -0.2743
vn -0.3093 0.9106 -0.2743
vn -0.3089 0.9106 -0.2745
vn -0.3098 0.9104 -0.2743
vn -0.2943 0.9166 -0.2705
vn -0.3099 0.9107 -0.2730
vn -0.3081 0.9115 -0.2724
vn -0.3094 0.9096 -0.2774
vn -0.3094 0.9093 -0.2784
vn -0.3092 0.9106 -0.2742
vn -0.3080 0.9117 -0.2719
vn -0.3082 0.9115 -0.2723
vn -0.3034 0.9158 -0.2633
vn -0.3094 0.9105 -0.2744
vn -0.3093 0.9105 -0.2744
vn -0.3640 0.9095 -0.2009
vn 0.2866 0.3140 0.9051
vn 0.3623 -0.9102 0.2007
vn 0.3639 -0.9095 0.2008
vn 0.3644 -0.9094 0.2003
vn 0.3620 -0.9104 0.2004
vn 0.3636 -0.9098 0.2004
vn 0.3636 -0.9097 0.2004
vn 0.3640 -0.9096 0.2003
vn 0.3642 -0.9095 0.2003
vn 0.3643 -0.9096 0.2000
vn 0.3634 -0.9098 0.2004
vn 0.3639 -0.9097 0.2003
vn -0.3641 0.9095 -0.2004
vn -0.3637 0.9097 -0.2004
vn -0.3639 0.9096 -0.2004
vn -0.3636 0.9098 -0.2000
vn -0.3645 0.9093 -0.2007
vn -0.3640 0.9094 -0.2011
vn 0.5062 0.3736 0.7773
vn -0.6913 -0.4078 -0.5965
vn 0.9315 0.3552 -0.0782
vn 0.3094 -0.9105 0.2742
vn -0.0371 -0.2291 -0.9727
vn -0.0371 -0.2290 -0.9727
vn -0.0371 -0.2293 -0.9727
vn -0.0371 -0.2287 -0.9728
vn -0.0371 -0.2285 -0.9728
vn -0.0361 -0.2269 -0.9732
vn -0.0380 -0.2335 -0.9716
vn -0.0063 -0.2699 -0.9629
vn -0.0061 -0.2700 -0.9628
vn -0.0058 -0.2701 -0.9628
vn -0.0356 -0.2255 -0.9736
vn -0.3095 0.9080 -0.2825
vn -0.9308 -0.3464 0.1172
vn -0.9308 -0.3463 0.1172
vn 0.0381 0.2312 0.9722
vn 0.0379 0.2301 0.9724
vn 0.0369 0.2127 0.9764
vn 0.0378 0.2303 0.9724
vn 0.0486 0.2270 0.9727
vn 0.0421 0.2271 0.9730
vn 0.0435 0.2270 0.9729
vn 0.0169 0.1023 0.9946
vn 0.0219 0.1331 0.9909
vn 0.0375 0.2275 0.9731
vn 0.0375 0.2271 0.9731
vn 0.0378 0.2290 0.9727
vn 0.0237 0.1439 0.9893
vn 0.0146 0.0885 0.9960
vn 0.0377 0.2294 0.9726
vn 0.0373 0.2300 0.9725
vn -0.0319 0.1547 0.9874
vn -0.1271 0.0245 0.9916
vn 0.0380 0.2301 0.9724
vn 0.0376 0.2292 0.9727
vn 0.0102 0.1330 0.9911
vn 0.0378 0.2311 0.9722
vn 0.0729 0.4368 0.8966
vn 0.1635 0.9632 0.2134
vn 0.0392 0.2260 0.9733
vn 0.0374 0.2278 0.9730
vn 0.0350 0.2277 0.9731
vn 0.9307 0.3466 -0.1164
vn 0.9310 0.3462 -0.1159
vn 0.9308 0.3466 -0.1164
vn 0.9298 0.3475 -0.1217
vn 0.9308 0.3466 -0.1162
vn 0.9308 0.3466 -0.1161
vn 0.9308 0.3464 -0.1169
vn 0.9308 0.3464 -0.1167
vn 0.9308 0.3463 -0.1172
vn -0.3095 0.9080 -0.2824
vn 0.0014 -0.2193 -0.9757
vn 0.0007 -0.2160 -0.9764
vn 0.0009 -0.2169 -0.9762
vn 0.0004 -0.2149 -0.9766
vn 0.0003 -0.2153 -0.9765
vn 0.0003 -0.2154 -0.9765
vn -0.9186 -0.3899 0.0641
vn -0.9307 -0.3559 0.0838
vn -0.9321 -0.3520 0.0847
vn -0.9507 -0.3049 0.0567
vn -0.9304 -0.3566 0.0845
vn -0.0003 0.2149 0.9766
vn -0.0003 0.2150 0.9766
vn -0.2866 -0.3140 -0.9051
vn -0.2867 -0.3139 -0.9051
vn -0.0475 -0.2329 -0.9713
vn 0.4241 -0.0298 -0.9051
vn 0.6243 0.0785 -0.7772
vn 0.6914 0.4078 0.5964
vn 0.8294 0.4142 0.3749
vn 0.3098 -0.9105 0.2741
vn 0.3095 -0.9105 0.2742
vn -0.1700 0.1466 0.9745
vn -0.1705 0.1467 0.9744
vn -0.1700 0.1465 0.9745
vn -0.3806 0.0512 0.9233
vn -0.3805 0.0512 0.9234
vn 0.6382 0.0867 -0.7650
vn 0.3094 -0.9099 0.2763
vn 0.3095 -0.9080 0.2825
vn 0.3072 -0.9099 0.2787
vn -0.3806 0.0511 0.9233
vn -0.3094 0.9095 -0.2777
vn -0.3094 0.9089 -0.2797
vn 0.9004 0.2883 -0.3259
vn 0.9004 0.2882 -0.3259
vn 0.3093 -0.9106 0.2742
vn -0.2347 0.1202 0.9646
vn -0.2341 0.1184 0.9650
vn -0.2342 0.1188 0.9649
vn -0.2352 0.1174 0.9648
vn -0.2345 0.1189 0.9648
vn -0.2342 0.1189 0.9649
vn -0.2354 0.1164 0.9649
vn -0.2228 0.1178 0.9677
vn -0.2227 0.1178 0.9678
vn -0.2227 0.1178 0.9677
vn 0.0337 0.1854 0.9821
vn 0.9583 -0.2841 0.0303
vn 0.9582 -0.2844 0.0305
vn 0.9582 -0.2845 0.0305
vn 0.9584 -0.2837 0.0300
vn 0.9990 -0.0336 -0.0311
vn 0.9989 -0.0336 -0.0318
vn 0.9989 -0.0335 -0.0330
vn 0.9716 0.2191 -0.0895
vn 0.9716 0.2195 -0.0888
vn 0.9715 0.2201 -0.0877
vn 0.8780 0.4574 -0.1409
vn 0.8773 0.4585 -0.1416
vn 0.8773 0.4587 -0.1415
vn 0.7239 0.6650 -0.1839
vn 0.7216 0.6673 -0.1846
vn 0.7230 0.6659 -0.1842
vn 0.5220 0.8257 -0.2141
vn 0.5229 0.8251 -0.2139
vn 0.5243 0.8243 -0.2136
vn 0.2840 0.9308 -0.2301
vn 0.2850 0.9306 -0.2296
vn 0.2866 0.9303 -0.2288
vn 0.0320 0.9731 -0.2280
vn 0.0286 0.9730 -0.2292
vn 0.0265 0.9728 -0.2300
vn -0.2397 0.9470 -0.2138
vn -0.2365 0.9477 -0.2142
vn -0.2343 0.9482 -0.2146
vn -0.4847 0.8582 -0.1689
vn -0.4767 0.8618 -0.1735
vn 0.0371 0.2288 0.9728
vn 0.0367 0.2288 0.9728
vn 0.0372 0.2287 0.9728
vn 0.2925 0.0709 0.9536
vn 0.5060 -0.2732 0.8181
vn 0.6744 -0.2887 0.6796
vn 0.5930 -0.7769 -0.2114
vn -0.9582 0.2844 -0.0303
vn -0.9990 0.0337 0.0303
vn -0.9716 -0.2192 0.0888
vn -0.8781 -0.4572 0.1413
vn -0.7247 -0.6640 0.1841
vn -0.5221 -0.8255 0.2144
vn -0.5222 -0.8254 0.2145
vn -0.5226 -0.8251 0.2147
vn 0.0387 0.2320 0.9719
vn -0.3653 0.9092 -0.1995
vn -0.3755 0.9060 -0.1952
vn -0.3689 0.9081 -0.1980
vn -0.3636 0.9099 -0.1999
vn -0.3636 0.9098 -0.1999
vn -0.3638 0.9097 -0.2002
vn -0.3605 0.9126 -0.1927
vn -0.3572 0.9155 -0.1853
vn -0.3639 0.9097 -0.2002
vn -0.3619 0.9102 -0.2013
vn -0.3649 0.9088 -0.2023
vn -0.3647 0.9090 -0.2019
vn 0.9163 -0.1615 -0.3663
vn -0.0000 0.8944 0.4472
vn 0.1204 -0.9631 -0.2408
vn -0.0372 -0.2290 -0.9727
vn -0.0372 -0.2291 -0.9727
vn 0.9315 0.3553 -0.0779
vn -0.3681 0.9082 -0.1991
vn -1.0000 -0.0000 -0.0000
vn -0.0050 -0.0000 1.0000
vn -0.3650 0.9091 -0.2006
vn -0.3652 0.9095 -0.1985
vn -0.3651 0.9091 -0.2006
vn -0.3659 0.9088 -0.2007
vn -0.0083 -1.0000 -0.0000
vn -0.0106 -0.9999 -0.0000
vn -0.3597 0.9103 -0.2048
vn -0.9695 -0.0011 -0.2452
vn 0.9997 -0.0263 -0.0002
vn 0.9968 0.0035 -0.0803
vn -0.0000 -0.0000 -1.0000
vn -0.3660 0.9087 -0.2007
vn -0.3055 0.9298 -0.2053
vn -0.9266 -0.3697 0.0692
vn -0.9310 -0.3570 0.0758
vn -0.9206 -0.3860 0.0594
vn -0.9313 -0.3558 0.0777
vn -0.3015 0.8738 0.3815
vn -0.3801 0.9153 0.1331
vn -0.3440 0.9302 0.1277
vn -0.3436 0.9301 0.1300
vn -0.3438 0.9301 0.1290
vn -0.3708 0.9185 -0.1375
vn -0.3642 0.9221 -0.1308
vn -0.3668 0.9207 -0.1335
vn -0.3576 0.8524 -0.3815
vn -0.3569 0.8531 -0.3805
vn -0.3545 0.8558 -0.3769
vn -0.3507 0.8597 -0.3713
vn -0.3270 0.7224 -0.6093
vn -0.3270 0.7243 -0.6070
vn -0.3270 0.7224 -0.6092
vn -0.9740 -0.2209 0.0502
vn -0.3097 0.9104 -0.2742
vn -0.3094 0.9106 -0.2742
vn -0.3092 0.9107 -0.2740
vn -0.2866 -0.3138 -0.9052
vn 0.0474 0.2329 0.9714
vn -0.4240 0.0298 0.9051
vn -0.6243 -0.0785 0.7773
vn -0.9109 -0.3923 -0.1279
vn 0.6242 0.0785 -0.7773
vn 0.6243 0.0785 -0.7773
vn -0.7606 -0.1659 0.6277
vn -0.7606 -0.1658 0.6277
vn 0.3050 -0.9119 0.2745
vn 0.3085 -0.9108 0.2743
vn -0.7489 -0.1577 0.6437
vn -0.3071 0.9108 -0.2760
vn -0.3042 0.9110 -0.2784
vn -0.3072 0.9107 -0.2760
vn -0.9045 -0.2936 0.3092
vn -0.9046 -0.2936 0.3092
vn 0.3093 -0.9105 0.2743
vn 0.3088 -0.9108 0.2741
vn -0.3948 0.0442 0.9177
vn -0.3948 0.0443 0.9177
vn 0.0432 0.1868 0.9815
vn 0.0796 0.4244 0.9019
vn 0.0433 0.2512 0.9670
vn 0.0705 0.3813 0.9218
vn 0.8523 -0.5154 0.0893
vn 0.8524 -0.5150 0.0902
vn 0.8523 -0.5152 0.0896
vn 0.8527 -0.5150 0.0872
vn 0.8523 -0.5154 0.0892
vn -0.3651 0.4971 -0.7871
vn 0.9990 -0.0337 -0.0309
vn -0.0370 -0.2293 -0.9727
vn 0.9716 0.2190 -0.0897
vn 0.8781 0.4572 -0.1410
vn 0.8781 0.4573 -0.1407
vn 0.7241 0.6647 -0.1839
vn 0.7245 0.6643 -0.1839
vn 0.5217 0.8258 -0.2142
vn 0.2836 0.9309 -0.2303
vn 0.2835 0.9309 -0.2303
vn 0.0259 0.9728 -0.2302
vn -0.2337 0.9483 -0.2146
vn -0.2347 0.9387 -0.2523
vn -0.2349 0.9386 -0.2526
vn -0.7280 0.6730 -0.1306
vn -0.8522 0.5156 -0.0888
vn 0.0370 0.2309 0.9723
vn 0.0363 0.2255 0.9736
vn 0.0366 0.2280 0.9730
vn 0.0503 0.2259 0.9728
vn 0.0373 0.2671 0.9629
vn -0.9325 -0.3522 0.0800
vn -0.9326 -0.3531 0.0747
vn -0.9326 -0.3523 0.0785
vn -0.9328 -0.3526 0.0750
vn -0.9179 -0.3318 0.2175
vn -0.9237 -0.3753 0.0770
vn -0.9324 -0.3531 0.0778
vn -0.9318 -0.3548 0.0763
vn -0.9326 -0.3524 0.0783
vn -0.9315 -0.3554 0.0780
vn -0.2385 0.7581 0.6069
vn -0.2912 0.8777 0.3806
vn -0.3436 0.9301 0.1302
vn -0.3634 0.9225 -0.1301
vn 0.9315 0.3554 -0.0779
vn 0.9315 0.3552 -0.0783
vn -0.3269 0.7245 -0.6068
vn -0.3270 0.7246 -0.6066
vn -0.2743 0.5267 -0.8046
vn -0.2732 0.5470 -0.7913
vn -0.2744 0.5472 -0.7907
vn -0.2735 0.5553 -0.7854
vn -0.1972 0.3442 -0.9179
vn -0.2001 0.3377 -0.9197
vn -0.2028 0.3319 -0.9213
vn -0.2032 0.3320 -0.9211
vn -0.2047 0.3345 -0.9199
vn -0.2067 0.3379 -0.9182
vn -0.1188 0.1018 -0.9877
vn -0.1187 0.0959 -0.9883
vn -0.1187 0.0943 -0.9884
vn -0.1189 0.1110 -0.9867
vn -0.9352 -0.3301 0.1284
vn 0.2275 -0.1218 -0.9661
vn 0.4240 -0.0297 -0.9052
vn 0.1949 -0.1359 -0.9714
vn -0.0474 -0.2330 -0.9713
vn 0.2866 0.3139 0.9051
vn 0.3640 -0.9095 0.2008
vn 0.3068 -0.9115 0.2739
vn 0.3070 -0.9109 0.2756
vn 0.3085 -0.9100 0.2769
vn 0.3066 -0.9111 0.2753
vn 0.3081 -0.9101 0.2771
vn 0.3107 -0.9093 0.2768
vn 0.3094 -0.9114 0.2715
vn 0.3067 -0.9116 0.2736
vn 0.3068 -0.9116 0.2736
vn 0.3073 -0.9115 0.2734
vn 0.3064 -0.9118 0.2735
vn 0.3110 -0.9094 0.2763
vn 0.3115 -0.9103 0.2725
vn 0.3090 -0.9114 0.2717
vn 0.3060 -0.9119 0.2736
vn 0.3066 -0.9115 0.2740
vn -0.0026 -0.6005 0.7996
vn -0.8926 -0.0534 -0.4476
vn 0.8340 0.3618 -0.4165
vn -0.8937 0.0023 -0.4487
vn 0.3118 -0.9102 0.2726
vn -0.0369 -0.2291 -0.9727
vn -0.0372 -0.2294 -0.9726
vn 0.0345 0.2088 0.9773
vn 0.6881 -0.7117 0.1413
vn 0.6881 -0.7118 0.1413
vn -0.0373 -0.2291 -0.9727
vn -0.9652 -0.1826 0.1873
vn -0.9985 -0.0386 0.0396
vn -0.8982 -0.3069 0.3148
vn 0.0394 0.9938 0.1037
vn 0.1929 0.9783 -0.0760
vn 0.2880 0.9382 -0.1919
vn 0.7248 0.6640 -0.1839
vn -0.1261 -0.9515 0.2805
vn -0.1564 -0.7746 0.6128
vn -0.1622 -0.3840 0.9090
vn 0.3412 0.2398 0.9089
vn -0.4918 0.2222 0.8419
vn 0.9740 0.0578 0.2189
vn -0.4774 0.8591 -0.1844
vn -0.6885 0.7092 -0.1519
vn -0.2818 -0.9212 0.2683
vn 0.0367 0.2298 0.9725
vn 0.0372 0.2332 0.9717
vn 0.0371 0.2322 0.9720
vn 0.0366 0.2289 0.9728
vn -0.0372 -0.2289 -0.9727
vn -0.9318 -0.3549 0.0763
vn -0.9325 -0.3535 0.0747
vn -0.9326 -0.3532 0.0744
vn -0.9328 -0.3527 0.0737
vn -0.9402 -0.3391 0.0308
vn -0.9316 -0.3555 0.0757
vn -0.9315 -0.3556 0.0764
vn -0.9314 -0.3557 0.0773
vn -0.3891 -0.6411 -0.6615
vn -0.2536 -0.6733 -0.6945
vn -0.5260 -0.5920 -0.6106
vn -0.1914 0.6996 0.6884
vn -0.6424 -0.5982 -0.4790
vn -0.6619 -0.4866 -0.5702
vn -0.6061 -0.7045 -0.3692
vn -0.1338 0.5323 0.8359
vn -0.2793 0.5615 -0.7789
vn -0.2746 0.5464 -0.7913
vn -0.0259 -0.1519 -0.9881
vn -0.0260 -0.1688 -0.9853
vn -0.0259 -0.1582 -0.9871
vn -0.9474 -0.2770 0.1606
vn 0.9315 0.3553 -0.0778
vn -0.8290 -0.4145 -0.3753
vn -0.8293 -0.4143 -0.3751
vn -0.0372 -0.2292 -0.9727
vn 0.4771 -0.8593 0.1841
vn 0.4764 -0.8597 0.1843
vn 0.4769 -0.8594 0.1842
vn 0.4755 -0.8601 0.1846
vn -0.5230 -0.8340 0.1760
vn -0.0258 -0.9728 0.2301
vn -0.0259 -0.9728 0.2301
vn 0.2336 -0.9484 0.2144
vn -0.1592 0.5909 0.7909
vn -0.1592 0.5908 0.7910
vn -0.1592 0.5908 0.7909
vn -0.9317 -0.3546 0.0781
vn -0.9316 -0.3551 0.0769
vn 0.3628 -0.9227 0.1301
vn 0.3629 -0.9227 0.1301
vn -0.9039 -0.4063 0.1337
vn 0.3438 -0.9300 -0.1301
vn -0.9313 -0.3553 0.0801
vn -0.9313 -0.3550 0.0810
vn -0.9313 -0.3558 0.0780
vn -0.0692 0.3832 0.9211
vn -0.0259 -0.1501 -0.9883
vn 0.0680 -0.3822 -0.9216
vn 0.0656 -0.3815 -0.9220
vn 0.0696 -0.3827 -0.9213
vn -0.8859 -0.3745 0.2738
vn -0.3636 0.9098 -0.2004
vn -0.2836 -0.9309 0.2300
vn -0.2837 -0.9309 0.2300
vn -0.2836 -0.9310 0.2301
vn -0.2835 -0.9309 0.2301
vn -0.2835 -0.9310 0.2301
vn -0.9318 -0.3545 0.0784
vn -0.9316 -0.3551 0.0774
vn 0.3571 -0.8526 0.3816
vn -0.9667 -0.2349 0.1014
vn -0.9328 -0.3510 0.0817
vn 0.2773 -0.8323 -0.4800
vn 0.9314 0.3557 -0.0777
vn 0.7287 0.4931 -0.4753
vn 0.6918 0.5418 -0.4774
vn 0.7659 0.4378 -0.4708
vn 0.3278 -0.8634 -0.3836
vn -0.9314 -0.3545 0.0833
vn -0.9320 -0.3539 0.0785
vn -0.9320 -0.3538 0.0783
vn 0.0256 0.1495 0.9884
vn 0.0256 0.1494 0.9884
vn -0.0259 -0.1500 -0.9883
vn 0.0700 -0.3828 -0.9212
vn 0.1667 -0.5799 -0.7974
vn 0.1633 -0.5855 -0.7940
vn 0.1603 -0.5905 -0.7910
vn -0.9363 -0.3511 -0.0000
vn 0.9109 0.3924 0.1278
vn 0.8294 0.4142 0.3750
vn 0.5063 0.3736 0.7773
vn -0.5999 0.3426 -0.7230
vn -0.0775 -0.8725 -0.4825
vn -0.4625 -0.3460 -0.8164
vn -0.9317 -0.3549 0.0773
vn -0.9316 -0.3551 0.0773
vn -0.9090 -0.2250 -0.3508
vn -0.5493 0.8083 -0.2120
vn -0.5055 -0.8405 -0.1951
vn 0.9316 0.3552 -0.0776
vn 0.2600 -0.7342 -0.6271
vn 0.2649 -0.7477 -0.6089
vn 0.2658 -0.7475 -0.6087
vn -0.9326 -0.3532 0.0735
vn -0.9314 -0.3546 0.0819
vn -0.9317 -0.3543 0.0800
vn 0.1187 -0.0945 0.9884
vn 0.1187 -0.0944 0.9884
vn 0.1601 -0.5908 -0.7908
vn 0.1165 -0.6071 -0.7860
vn 0.1225 -0.6044 -0.7872
vn -0.5062 -0.3736 -0.7772
vn -0.9305 -0.3556 0.0877
vn 0.3531 -0.7777 0.5200
vn 0.3520 -0.7810 0.5159
vn 0.3521 -0.7809 0.5160
vn 0.9316 0.3551 -0.0780
vn 0.3251 -0.6856 0.6514
vn 0.2036 -0.3319 0.9211
vn 0.8863 0.2718 -0.3750
vn 0.3636 -0.9098 0.2003
vn -0.5062 -0.3737 -0.7772
vn 0.2157 -0.5649 0.7964
vn 0.2179 -0.5672 0.7942
vn 0.2747 -0.5468 0.7909
vn 0.1950 -0.1360 -0.9713
vn -0.2190 0.1234 0.9679
vn -0.2180 0.1267 0.9677
vn -0.2181 0.1264 0.9677
vn -0.2180 0.1256 0.9678
vn -0.2181 0.1263 0.9677
vn -0.2180 0.1258 0.9678
vn -0.2187 0.1257 0.9677
vn -0.2179 0.1252 0.9679
vn -0.2181 0.1259 0.9678
vn 0.9420 0.3238 -0.0883
vn 0.9318 0.3550 -0.0761
vn -0.9315 -0.3553 0.0779
vn -0.9314 -0.3557 0.0769
vn 0.3642 -0.9094 0.2007
vn 0.0003 -0.2149 -0.9766
vn -0.0002 0.2141 0.9768
vn -0.1186 0.0944 -0.9884
vn -0.2036 0.3317 -0.9211
vn -0.2036 0.3326 -0.9208
vn -0.3270 0.7243 -0.6069
vn -0.3571 0.8526 -0.3815
vn -0.3629 0.9227 -0.1301
vn -0.3439 0.9300 0.1301
vn -0.2344 0.7597 0.6065
vn -0.2510 0.7829 0.5693
vn -0.9315 -0.3554 0.0776
vn -0.0692 0.3833 0.9210
vn 0.0256 0.1496 0.9884
vn 0.2747 -0.5464 0.7912
vn 0.3086 -0.7312 0.6083
vn 0.9315 0.3555 -0.0774
vn 0.3571 -0.8526 0.3815
vn 0.3439 -0.9300 -0.1301
vn 0.3013 -0.8733 -0.3828
vn -0.0000 0.4472 -0.8944
vn 0.2385 -0.7581 -0.6070
vn 0.1592 -0.5908 -0.7909
vn 0.0692 -0.3832 -0.9211
vn -0.0256 -0.1495 -0.9884
vn 0.9147 0.4002 -0.0572
vn 0.9347 0.3505 -0.0584
vn 0.8664 0.4874 -0.1083
vn 0.9782 0.2038 -0.0408
vn 0.8889 0.4444 -0.1111
vn 0.9363 0.3511 -0.0000
vn 0.9316 0.3548 -0.0788
vn 1.0000 -0.0000 -0.0000
vn 0.9172 0.3931 -0.0655
vn 0.9343 0.3464 -0.0840
vn 0.9345 0.3480 -0.0746
vn 0.9314 0.3555 -0.0781
vn 0.9309 0.3569 -0.0776
vn -0.1028 -0.9058 0.4111
vn 0.9302 0.3590 -0.0765
vn 0.5556 0.7018 -0.4459
vn 0.8571 0.4286 -0.2857
vn 0.9309 0.3563 -0.0804
vn 0.9129 0.3651 -0.1826
vn 0.9302 0.3579 -0.0812
vn 0.8641 0.4713 -0.1767
vn 0.9277 0.3653 -0.0769
vn 0.8930 0.2233 0.3907
vn 0.9238 0.3752 -0.0759
vn 0.9296 0.3575 -0.0894
vn 0.9291 0.3636 -0.0675
vn 0.9435 0.3145 -0.1048
vn 0.9464 0.3114 -0.0853
vn 0.9053 0.3457 -0.2469
vn 0.9356 0.3509 -0.0390
vn 0.9310 0.3621 -0.0453
vn 0.9545 0.2983 -0.0000
vn 0.9628 0.2562 0.0854
vn 0.9321 0.3523 -0.0840
vn 0.8999 0.4350 -0.0300
vn 0.9246 0.3770 -0.0539
vn 0.9298 0.3602 -0.0763
vn 0.8296 0.5185 -0.2074
vn 0.9490 0.2969 -0.1060
vn 0.8972 0.4403 -0.0332
vn 0.9295 0.3585 -0.0861
vn 0.9313 0.3574 -0.0705
vn 0.9346 0.3521 -0.0503
vn 0.7809 0.6247 -0.0000
vn 0.9325 0.3519 -0.0807
vn -0.9315 -0.3552 0.0783
vn -0.9303 -0.3577 0.0809
vn -0.9314 -0.3557 0.0775
vn -0.9307 -0.3576 0.0772
vn -0.9322 -0.3537 0.0774
vn -0.9316 -0.3552 0.0773
vn -0.9295 -0.3609 0.0765
vn -0.9315 -0.3552 0.0776
vn -0.9324 -0.3529 0.0784
vn -0.9318 -0.3547 0.0775
vn -0.9314 -0.3555 0.0778
vn -0.9317 -0.3548 0.0779
vn -0.9315 -0.3553 0.0778
vn -0.9327 -0.3540 0.0688
vn -0.9315 -0.3552 0.0779
vn -0.9311 -0.3566 0.0773
vn -0.9319 -0.3540 0.0793
vn -0.9286 -0.3634 0.0757
vn -0.9314 -0.3558 0.0770
vn -0.9315 -0.3553 0.0780
vn -0.9316 -0.3551 0.0780
vn -0.9315 -0.3554 0.0778
vn -0.9317 -0.3548 0.0778
vn -0.9309 -0.3560 0.0816
vn 0.9642 -0.2109 0.1607
vn -0.0000 -1.0000 -0.0000
vn -0.2166 -0.0542 -0.9748
vn -0.1622 -0.1622 0.9733
vn -0.0000 -0.6402 0.7682
vn 0.2182 0.4364 0.8729
vn -0.2425 -0.0000 0.9701
vn -0.2350 -0.5317 -0.8137
vn -0.0004 0.2149 0.9766
vn -0.1187 0.0945 -0.9884
vn -0.1187 0.0946 -0.9884
vn -0.1187 0.0947 -0.9884
vn -0.2036 0.3319 -0.9211
vn -0.2747 0.5468 -0.7909
vn -0.3572 0.8526 -0.3815
vn -0.3270 0.7244 -0.6069
vn -0.3628 0.9227 -0.1301
vn -0.3568 0.8528 -0.3814
vn -0.3439 0.9300 0.1302
vn -0.3625 0.9228 -0.1302
vn -0.3437 0.9300 0.1301
vn -0.3015 0.8738 0.3816
vn -0.1593 0.5908 0.7910
vn -0.0692 0.3831 0.9211
vn 0.3754 -0.8454 0.3799
vn 0.2747 -0.5469 0.7909
vn 0.3131 -0.7133 0.6270
vn 0.3029 -0.8717 -0.3852
vn 0.3628 -0.9228 0.1300
vn 0.1739 -0.5707 -0.8025
vn 0.2200 -0.6600 -0.7183
vn 0.0692 -0.3830 -0.9212
vn 0.1592 -0.5912 -0.7907
vn 0.0692 -0.3838 -0.9208
vn -0.0256 -0.1494 -0.9884
vn 0.9316 0.3551 -0.0778
vn -0.1186 0.0943 -0.9885
vn -0.2036 0.3320 -0.9211
vn -0.2036 0.3318 -0.9211
vn -0.3438 0.9300 0.1301
vn -0.3438 0.9300 0.1302
vn -0.2345 0.7596 0.6066
vn -0.9314 -0.3555 0.0777
vn -0.0692 0.3834 0.9210
vn 0.2036 -0.3320 0.9210
vn 0.2746 -0.5470 0.7908
vn 0.3014 -0.8738 -0.3815
vn 0.2385 -0.7581 -0.6069
vn 0.9311 0.3563 -0.0782
vn 0.9319 0.3543 -0.0772
vn 0.9312 0.3562 -0.0778
vn 0.9318 0.3546 -0.0779
vn 0.9318 0.3543 -0.0782
vn 0.9322 0.3535 -0.0778
vn 0.9315 0.3554 -0.0777
vn 0.8889 0.4444 0.1111
vn 0.9315 0.3552 -0.0778
vn 0.9314 0.3557 -0.0778
vn 0.9316 0.3547 -0.0793
vn 0.9315 0.3553 -0.0780
vn 0.9315 0.3554 -0.0774
vn 0.9315 0.3554 -0.0776
vn 0.9315 0.3552 -0.0779
vn 0.9314 0.3553 -0.0784
vn 0.9316 0.3551 -0.0779
vn 0.9318 0.3547 -0.0770
vn 0.9313 0.3556 -0.0786
vn 0.9318 0.3546 -0.0776
vn 0.9313 0.3559 -0.0779
vn 0.9315 0.3554 -0.0778
vn 0.9322 0.3542 -0.0746
vn -0.9315 -0.3554 0.0781
vn -0.9356 -0.3439 0.0800
vn -0.9314 -0.3559 0.0765
vn -0.9296 -0.3601 0.0786
vn -0.9315 -0.3551 0.0792
vn -0.9318 -0.3546 0.0774
vn -0.9323 -0.3533 0.0770
vn -0.9306 -0.3565 0.0826
vn -0.9315 -0.3554 0.0779
vn -0.9316 -0.3551 0.0776
vn -0.9315 -0.3552 0.0778
vn -0.9315 -0.3553 0.0777
vn -0.9313 -0.3559 0.0772
vn -0.2063 0.3094 0.9283
vn -0.0003 0.2154 0.9765
vn -0.1187 0.0938 -0.9885
vn -0.3573 0.8525 -0.3816
vn -0.3014 0.8738 0.3815
vn 0.3755 -0.8454 0.3799
vn 0.2747 -0.5467 0.7910
vn 0.2385 -0.7582 -0.6069
vn 0.3015 -0.8738 -0.3815
vn 0.1593 -0.5908 -0.7909
vn 0.2384 -0.7582 -0.6068
vn 0.1593 -0.5907 -0.7910
vn 0.0692 -0.3836 -0.9209
vn -0.0349 -0.0000 -0.9994
vn -0.0377 -0.2313 -0.9721
vn -0.0362 -0.2309 -0.9723
vn 0.0372 0.2291 0.9727
vn 0.2835 0.9310 -0.2301
vn 0.5848 0.7858 -0.2016
vn 0.8780 0.4572 -0.1413
vn 0.8781 0.4571 -0.1413
vn 0.9716 0.2192 -0.0888
vn 0.9990 -0.0337 -0.0303
vn 0.9583 -0.2843 0.0303
vn 0.8522 -0.5156 0.0888
vn 0.7767 -0.6198 0.1121
vn 0.8513 -0.5200 0.0696
vn 0.4762 -0.8637 0.1649
vn 0.2340 -0.9456 0.2258
vn -0.4058 -0.8835 0.2339
vn -0.4058 -0.8835 0.2338
vn -0.7246 -0.6641 0.1842
vn 0.0372 0.2289 0.9727
vn -0.9990 0.0336 0.0303
vn -0.9582 0.2843 -0.0303
vn -0.2336 0.9484 -0.2144
vn 0.0260 0.9728 -0.2301
vn -0.0357 -0.0000 -0.9994
vn -0.0499 -0.0000 -0.9988
vn -0.0280 -0.5968 -0.8019
vn -0.0501 0.4010 -0.9147
vn -0.0166 -0.5314 -0.8469
vn -0.0320 -0.2303 -0.9726
vn -0.0427 -0.0000 -0.9991
vn -0.0338 -0.2373 -0.9709
vn -0.0490 -0.1959 -0.9794
vn -0.0110 -0.1781 -0.9839
vn -0.0733 -0.1956 -0.9779
vn -0.0245 -0.1961 -0.9803
vn -0.0830 -0.0000 -0.9965
vn -0.0343 -0.2276 -0.9731
vn -0.0356 -0.1984 -0.9795
vn -0.0366 -0.2274 -0.9731
vn -0.0357 -0.2217 -0.9745
vn -0.0382 -0.2219 -0.9743
vn -0.0376 -0.2271 -0.9732
vn -0.0370 -0.2316 -0.9721
vn -0.0372 -0.2415 -0.9697
vn -0.0367 -0.2397 -0.9702
vn -0.0364 -0.2295 -0.9726
vn -0.0360 -0.2358 -0.9711
vn -0.0341 -0.2599 -0.9650
vn -0.0387 -0.2348 -0.9713
vn -0.0315 -0.4036 -0.9144
vn -0.0409 -0.2205 -0.9745
vn -0.0394 -0.2657 -0.9632
vn -0.0382 -0.2306 -0.9723
vn -0.0372 -0.2262 -0.9734
vn -0.0368 -0.2272 -0.9731
vn -0.0569 -0.1518 -0.9868
vn -0.0341 -0.2268 -0.9733
vn -0.0292 -0.3510 -0.9359
vn 0.0372 0.2300 0.9725
vn 0.0372 0.2292 0.9727
vn 0.0372 0.2290 0.9727
vn 0.0371 0.2304 0.9724
vn 0.0373 0.2292 0.9727
vn 0.0373 0.2278 0.9730
vn 0.0372 0.2303 0.9724
vn 0.0372 0.2279 0.9730
vn 0.0372 0.2293 0.9726
vn 0.0373 0.2303 0.9724
vn -0.9285 -0.3550 0.1092
vn 0.2836 0.9309 -0.2301
vn 0.5219 0.8256 -0.2144
vn 0.7247 0.6640 -0.1841
vn 0.8781 0.4572 -0.1413
vn 0.9582 -0.2844 0.0303
vn 0.4770 -0.8594 0.1841
vn -0.6290 -0.7535 0.1913
vn -0.8780 -0.4572 0.1413
vn -0.8522 0.5157 -0.0888
vn -0.4771 0.8593 -0.1842
vn -0.4836 0.8563 -0.1813
vn -0.2335 0.9484 -0.2144
vn 0.0259 0.9728 -0.2301
vn 0.3117 -0.9011 0.3015
vn 0.9308 0.3464 -0.1172
vn -0.0371 -0.2292 -0.9727
vn 0.7767 -0.6199 0.1121
vn 0.8512 -0.5201 0.0696
vn 0.4763 -0.8637 0.1649
vn -0.4057 -0.8836 0.2339
vn -0.7246 -0.6641 0.1841
vn -0.9583 0.2843 -0.0303
vn -0.6881 0.7117 -0.1413
vn 0.0258 0.9728 -0.2301
vn -0.0372 -0.2266 -0.9733
vn -0.0376 -0.2293 -0.9726
vn -0.0373 -0.2307 -0.9723
vn -0.0372 -0.2279 -0.9730
vn -0.0372 -0.2311 -0.9722
vn -0.0373 -0.2288 -0.9728
vn -0.0372 -0.2300 -0.9725
vn -0.0373 -0.2284 -0.9729
vn -0.0369 -0.2305 -0.9724
vn -0.0372 -0.2293 -0.9727
vn -0.0373 -0.2290 -0.9727
vn -0.0373 -0.2282 -0.9729
vn -0.0373 -0.2279 -0.9730
vn -0.0373 -0.2293 -0.9726
vn -0.0370 -0.2296 -0.9726
vn -0.9308 -0.3461 0.1172
vn 0.2835 0.9309 -0.2301
vn 0.7246 0.6641 -0.1842
vn 0.6881 -0.7117 0.1414
vn 0.4774 -0.8592 0.1840
vn 0.2337 -0.9484 0.2145
vn -0.0260 -0.9728 0.2301
vn -0.9990 0.0338 0.0303
vn -0.8523 0.5155 -0.0888
vn -0.6880 0.7118 -0.1414
vn -0.4771 0.8593 -0.1841
vt 0.000000 0.000000
vt 1.000000 0.703125
vt 0.983073 0.703125
vt 0.988287 0.760885
vt 1.000000 0.760885
vt 0.958333 0.703125
vt 0.948306 0.760885
vt 0.953556 0.760885
vt 0.958333 0.760885
vt 0.916669 0.760885
vt 0.919380 0.760885
vt 0.916667 0.703125
vt 0.833332 0.760885
vt 0.862163 0.760885
vt 0.875000 0.703125
vt 0.833332 0.703125
vt 0.794473 0.760885
vt 0.823304 0.760885
vt 0.833333 0.703125
vt 0.791665 0.703125
vt 0.750001 0.703125
vt 0.752808 0.760885
vt 0.781638 0.760886
vt 0.726249 0.760886
vt 0.728260 0.760885
vt 0.733074 0.703125
vt 0.708434 0.703125
vt 0.715562 0.760885
vt 0.656579 0.796488
vt 0.650131 0.796488
vt 0.675471 0.890625
vt 0.671050 0.796488
vt 0.670999 0.796488
vt 0.666799 0.707017
vt 0.627056 0.707066
vt 0.626023 0.796487
vt 0.625000 0.796487
vt 0.625000 0.890625
vt 0.673139 0.890625
vt 0.648970 0.796487
vt 0.665245 0.890625
vt 0.583333 0.890625
vt 0.583333 0.796487
vt 0.583296 0.796488
vt 0.562412 0.796488
vt 0.500000 0.890625
vt 0.520919 0.796488
vt 0.499999 0.796488
vt 0.499991 0.796487
vt 0.479080 0.796487
vt 0.416666 0.890625
vt 0.437586 0.796487
vt 0.416676 0.796488
vt 0.416665 0.796488
vt 0.384114 0.890626
vt 0.400457 0.796487
vt 0.391961 0.796488
vt 0.325620 0.796487
vt 0.312751 0.796488
vt 0.312413 0.796488
vt 0.333332 0.890625
vt 0.373579 0.890625
vt 0.292350 0.704693
vt 0.307657 0.773567
vt 0.322012 0.703125
vt 0.321863 0.703125
vt 0.321574 0.703125
vt 0.316710 0.703125
vt 0.360618 0.703125
vt 0.291724 0.796487
vt 0.291667 0.796487
vt 0.291667 0.890625
vt 0.331915 0.890625
vt 0.311707 0.796487
vt 0.302902 0.796487
vt 0.250000 0.890625
vt 0.250000 0.796487
vt 0.249829 0.796487
vt 0.229082 0.796487
vt 0.208243 0.703646
vt 0.208241 0.703125
vt 0.208068 0.703125
vt 0.208069 0.704648
vt 0.140503 0.760885
vt 0.142910 0.760885
vt 0.148057 0.760885
vt 0.166594 0.703125
vt 0.125000 0.703125
vt 0.125010 0.703327
vt 0.166083 0.703334
vt 0.124925 0.703564
vt 0.083333 0.703125
vt 0.086142 0.760885
vt 0.101525 0.760885
vt 0.106528 0.760885
vt 0.062087 0.760885
vt 0.073306 0.760885
vt 0.041667 0.703125
vt 0.044475 0.760886
vt 0.025492 0.760885
vt 0.041666 0.760885
vt 0.041666 0.703125
vt 0.000001 0.703125
vt 0.012836 0.760885
vt 0.013545 0.760885
vt 0.977151 0.760885
vt 0.978259 0.760885
vt 0.961141 0.760885
vt 0.988288 0.760885
vt 0.961046 0.760885
vt 0.919474 0.760885
vt 0.913097 0.760885
vt 0.916668 0.760885
vt 0.916668 0.703125
vt 0.875001 0.703125
vt 0.887837 0.760886
vt 0.827528 0.760885
vt 0.823646 0.760885
vt 0.872373 0.760885
vt 0.874999 0.760885
vt 0.874999 0.703125
vt 0.868538 0.760885
vt 0.875000 0.760885
vt 0.887399 0.760885
vt 0.791666 0.760885
vt 0.781979 0.760886
vt 0.785405 0.760885
vt 0.791666 0.760885
vt 0.750001 0.760886
vt 0.733651 0.703125
vt 0.738688 0.760885
vt 0.740576 0.760885
vt 0.750001 0.760885
vt 0.738288 0.760885
vt 0.728261 0.760885
vt 0.687414 0.796488
vt 0.694911 0.830216
vt 0.694908 0.796487
vt 0.693946 0.830217
vt 0.686707 0.796488
vt 0.693949 0.890626
vt 0.624935 0.796487
vt 0.604079 0.796487
vt 0.541666 0.796487
vt 0.541666 0.890625
vt 0.623579 0.890626
vt 0.603372 0.796488
vt 0.541666 0.890625
vt 0.541646 0.796487
vt 0.458333 0.890625
vt 0.458333 0.796487
vt 0.401009 0.796488
vt 0.385222 0.890626
vt 0.437585 0.796487
vt 0.416665 0.890625
vt 0.299308 0.704693
vt 0.375000 0.890626
vt 0.347433 0.796488
vt 0.341101 0.796488
vt 0.330622 0.739086
vt 0.320553 0.704693
vt 0.387420 0.796488
vt 0.374998 0.890625
vt 0.391959 0.796488
vt 0.340097 0.718457
vt 0.364894 0.703125
vt 0.320403 0.703125
vt 0.320554 0.704694
vt 0.330624 0.739086
vt 0.355473 0.796488
vt 0.386869 0.796488
vt 0.259117 0.890625
vt 0.275459 0.796487
vt 0.254540 0.796488
vt 0.275460 0.796487
vt 0.208246 0.703646
vt 0.208078 0.704648
vt 0.208077 0.760885
vt 0.208246 0.760886
vt 0.250139 0.796487
vt 0.250000 0.796488
vt 0.258804 0.890625
vt 0.254384 0.796487
vt 0.216209 0.838209
vt 0.216208 0.890625
vt 0.216210 0.796487
vt 0.125000 0.703327
vt 0.124926 0.703564
vt 0.073647 0.760885
vt 0.083332 0.760885
vt 0.083333 0.760885
vt 0.086141 0.760885
vt 0.044473 0.760885
vt 0.000001 0.760885
vt 0.012835 0.760885
vt -0.000000 0.703125
vt 1.000000 0.890625
vt 0.925781 0.890625
vt 0.958333 0.890625
vt 0.958335 0.703125
vt 0.916668 0.890625
vt 0.925472 0.890625
vt 0.833335 0.890625
vt 0.791667 0.703125
vt 0.800781 0.890625
vt 0.759113 0.890625
vt 0.750002 0.703125
vt 0.724076 0.708313
vt 0.716262 0.708318
vt 0.716259 0.738727
vt 0.716207 0.738728
vt 0.716208 0.772456
vt 0.716209 0.832865
vt 0.714641 0.832865
vt 0.717448 0.890625
vt 0.723436 0.703125
vt 0.717136 0.890626
vt 0.714424 0.832865
vt 0.708331 0.832865
vt 0.708333 0.890625
vt 0.672758 0.832865
vt 0.659923 0.832865
vt 0.673139 0.890625
vt 0.658310 0.832865
vt 0.643755 0.832865
vt 0.624999 0.832865
vt 0.665245 0.890625
vt 0.583331 0.832865
vt 0.570496 0.832865
vt 0.512834 0.832865
vt 0.499999 0.832865
vt 0.500000 0.832865
vt 0.498607 0.832865
vt 0.487164 0.832865
vt 0.429501 0.832865
vt 0.418133 0.832865
vt 0.416666 0.832865
vt 0.394141 0.832865
vt 0.388926 0.832865
vt 0.334238 0.832865
vt 0.320498 0.832865
vt 0.333333 0.890625
vt 0.373581 0.890625
vt 0.348347 0.832865
vt 0.300463 0.832865
vt 0.291668 0.832865
vt 0.319516 0.832865
vt 0.250000 0.890625
vt 0.250000 0.832865
vt 0.249488 0.832865
vt 0.237165 0.832865
vt 0.168522 0.738727
vt 0.168397 0.738727
vt 0.175782 0.890625
vt 0.194910 0.780449
vt 0.194909 0.738727
vt 0.194818 0.738727
vt 0.194821 0.720888
vt 0.194819 0.703125
vt 0.168523 0.703125
vt 0.165327 0.703125
vt 0.134114 0.890625
vt 0.165328 0.710848
vt 0.092448 0.890625
vt 0.050780 0.890625
vt 0.041666 0.890625
vt 0.967448 0.890625
vt 0.958334 0.703125
vt 0.967139 0.890626
vt 0.925783 0.890625
vt 0.916667 0.890625
vt 0.875000 0.703125
vt 0.833333 0.890625
vt 0.801890 0.890625
vt 0.875000 0.890625
vt 0.875001 0.890625
vt 0.915250 0.890625
vt 0.875000 0.703125
vt 0.791667 0.890625
vt 0.760223 0.890626
vt 0.800780 0.890626
vt 0.750000 0.890625
vt 0.708332 0.832865
vt 0.696066 0.832865
vt 0.695498 0.832865
vt 0.706914 0.890626
vt 0.694514 0.832865
vt 0.686287 0.832865
vt 0.672759 0.832865
vt 0.612164 0.832865
vt 0.566430 0.832865
vt 0.541666 0.832865
vt 0.611182 0.832865
vt 0.603589 0.832865
vt 0.538673 0.832865
vt 0.512836 0.832865
vt 0.458370 0.832865
vt 0.458333 0.832865
vt 0.487163 0.832865
vt 0.394908 0.832865
vt 0.385221 0.890625
vt 0.351486 0.832866
vt 0.358086 0.832865
vt 0.386843 0.832865
vt 0.382621 0.832866
vt 0.384113 0.890626
vt 0.388927 0.832865
vt 0.377379 0.832865
vt 0.269145 0.832863
vt 0.256308 0.832864
vt 0.291667 0.832865
vt 0.269144 0.832865
vt 0.195367 0.832865
vt 0.195367 0.780449
vt 0.176892 0.890625
vt 0.208333 0.890625
vt 0.208334 0.832865
vt 0.256091 0.832865
vt 0.250001 0.832865
vt 0.224519 0.832865
vt 0.208333 0.832865
vt 0.230093 0.832865
vt 0.165372 0.738727
vt 0.165371 0.710847
vt 0.135223 0.890625
vt 0.166666 0.890625
vt 0.166666 0.738727
vt 0.166668 0.738727
vt 0.093557 0.890625
vt 0.125000 0.890625
vt 0.051892 0.890625
vt 0.083333 0.890625
vt -0.000000 0.890625
vt 0.983074 0.703125
vt 0.988265 0.760631
vt 1.000000 0.760630
vt 0.958333 0.703125
vt 0.900315 0.703125
vt 0.905330 0.760631
vt 0.905951 0.760631
vt 0.921762 0.760631
vt 0.945554 0.760631
vt 0.916666 0.703125
vt 0.866766 0.760630
vt 0.875000 0.760631
vt 0.875000 0.703125
vt 0.858648 0.703125
vt 0.863663 0.760631
vt 0.858071 0.703124
vt 0.850484 0.760631
vt 0.863263 0.760630
vt 0.791666 0.703125
vt 0.791665 0.760631
vt 0.804445 0.760631
vt 0.749999 0.703125
vt 0.749999 0.760631
vt 0.762778 0.760631
vt 0.749998 0.703125
vt 0.737220 0.760631
vt 0.696596 0.760631
vt 0.708332 0.760630
vt 0.708332 0.703125
vt 0.691405 0.703125
vt 0.691405 0.703125
vt 0.671475 0.760631
vt 0.685365 0.760631
vt 0.696597 0.760631
vt 0.690561 0.703125
vt 0.666688 0.703125
vt 0.659376 0.736031
vt 0.653910 0.760631
vt 0.666618 0.760631
vt 0.670454 0.760631
vt 0.622611 0.864165
vt 0.616501 0.796490
vt 0.595753 0.796490
vt 0.583333 0.890625
vt 0.619861 0.890626
vt 0.619968 0.887137
vt 0.584027 0.704012
vt 0.583481 0.704011
vt 0.562929 0.796489
vt 0.562586 0.796489
vt 0.541665 0.890625
vt 0.606920 0.704009
vt 0.601679 0.745129
vt 0.606921 0.704009
vt 0.541666 0.890625
vt 0.595331 0.796489
vt 0.595135 0.796489
vt 0.500000 0.796489
vt 0.500000 0.890624
vt 0.520747 0.796489
vt 0.458586 0.703125
vt 0.419720 0.703125
vt 0.498823 0.703125
vt 0.488555 0.703125
vt 0.499986 0.796489
vt 0.479252 0.796489
vt 0.458334 0.890625
vt 0.492225 0.732839
vt 0.485414 0.763485
vt 0.439422 0.796489
vt 0.438127 0.796489
vt 0.458333 0.890625
vt 0.479253 0.796489
vt 0.478082 0.796489
vt 0.420430 0.708006
vt 0.375001 0.796489
vt 0.375000 0.890625
vt 0.395920 0.796489
vt 0.456914 0.890625
vt 0.375001 0.890625
vt 0.416667 0.890625
vt 0.333334 0.796489
vt 0.333333 0.890624
vt 0.354254 0.796489
vt 0.291667 0.890625
vt 0.333334 0.890624
vt 0.312415 0.796489
vt 0.291667 0.796489
vt 0.283168 0.796489
vt 0.291668 0.796489
vt 0.291496 0.796489
vt 0.291494 0.796489
vt 0.229082 0.796488
vt 0.250000 0.890624
vt 0.250001 0.796489
vt 0.249842 0.796489
vt 0.249841 0.796489
vt 0.171206 0.796489
vt 0.175781 0.890625
vt 0.183628 0.796489
vt 0.072439 0.703546
vt 0.083333 0.703547
vt 0.083334 0.703125
vt 0.066983 0.703125
vt 0.071997 0.760631
vt 0.079247 0.760631
vt 0.066406 0.703125
vt 0.041667 0.703125
vt 0.041667 0.760631
vt 0.043003 0.760631
vt 0.058820 0.760631
vt 0.002480 0.760632
vt 0.012779 0.760632
vt -0.000000 0.703126
vt -0.000000 0.760632
vt 0.975486 0.760631
vt 0.985806 0.760631
vt 0.958333 0.760630
vt 0.982230 0.703125
vt 0.961856 0.760631
vt 0.974901 0.760631
vt 0.899738 0.703125
vt 0.892151 0.760631
vt 0.904930 0.760631
vt 0.881830 0.760631
vt 0.858072 0.703125
vt 0.833332 0.703125
vt 0.833332 0.760631
vt 0.842811 0.760631
vt 0.850485 0.760631
vt 0.808240 0.760631
vt 0.791667 0.703125
vt 0.769913 0.760631
vt 0.729195 0.760631
vt 0.625175 0.796490
vt 0.625000 0.796490
vt 0.625001 0.843398
vt 0.635069 0.796490
vt 0.624999 0.843398
vt 0.624999 0.796489
vt 0.622610 0.864165
vt 0.541666 0.796489
vt 0.541639 0.796489
vt 0.418380 0.717141
vt 0.416661 0.709141
vt 0.397251 0.796489
vt 0.456913 0.890625
vt 0.436708 0.796489
vt 0.435413 0.796489
vt 0.374709 0.796489
vt 0.374708 0.796489
vt 0.354253 0.796489
vt 0.333125 0.796489
vt 0.333124 0.796489
vt 0.333122 0.796489
vt 0.333335 0.796489
vt 0.262421 0.796489
vt 0.200124 0.796489
vt 0.208333 0.890625
vt 0.208334 0.796489
vt 0.208179 0.796488
vt 0.208335 0.796489
vt 0.183627 0.796489
vt 0.208335 0.890625
vt 0.199836 0.796489
vt 0.175471 0.890625
vt 0.171052 0.796489
vt 0.169584 0.796489
vt 0.169583 0.843403
vt 0.169582 0.890625
vt 0.084753 0.703124
vt 0.084935 0.703968
vt 0.109261 0.760630
vt 0.118814 0.760631
vt 0.124987 0.760631
vt 0.124986 0.703125
vt 0.083522 0.703968
vt 0.083333 0.703125
vt 0.071598 0.760631
vt 0.058819 0.760631
vt 0.066871 0.760631
vt 0.041666 0.703125
vt -0.000000 0.703126
vt 0.012779 0.760631
vt 0.041666 0.760631
vt 0.983073 0.703125
vt 0.999999 0.890625
vt 0.916667 0.890625
vt 0.900315 0.703125
vt 0.916666 0.703125
vt 0.874999 0.703125
vt 0.858649 0.703125
vt 0.875000 0.890625
vt 0.858073 0.703125
vt 0.833333 0.890625
vt 0.791667 0.703125
vt 0.791665 0.890624
vt 0.833332 0.890624
vt 0.750000 0.890625
vt 0.791667 0.890625
vt 0.708333 0.890625
vt 0.708332 0.890625
vt 0.626418 0.890626
vt 0.666666 0.890626
vt 0.691407 0.703125
vt 0.708331 0.890625
vt 0.647560 0.829630
vt 0.647466 0.833120
vt 0.646349 0.833120
vt 0.661634 0.738984
vt 0.661613 0.738984
vt 0.651188 0.785892
vt 0.648880 0.806659
vt 0.646328 0.829631
vt 0.669603 0.703125
vt 0.625000 0.890626
vt 0.645107 0.833120
vt 0.637778 0.833120
vt 0.590919 0.833120
vt 0.583333 0.890626
vt 0.619808 0.833119
vt 0.561774 0.833120
vt 0.554445 0.833119
vt 0.541667 0.890625
vt 0.590662 0.833120
vt 0.579774 0.833120
vt 0.500000 0.833119
vt 0.500000 0.890625
vt 0.528887 0.833119
vt 0.499999 0.833119
vt 0.498250 0.833119
vt 0.471112 0.833119
vt 0.445989 0.833119
vt 0.459179 0.833120
vt 0.375000 0.833120
vt 0.387780 0.833119
vt 0.378515 0.833119
vt 0.456914 0.890625
vt 0.375000 0.890625
vt 0.333334 0.833118
vt 0.333334 0.890624
vt 0.346112 0.833119
vt 0.338988 0.833119
vt 0.291668 0.890625
vt 0.320555 0.833119
vt 0.301713 0.833119
vt 0.291667 0.833119
vt 0.286476 0.833119
vt 0.291666 0.890625
vt 0.291667 0.833119
vt 0.237222 0.833119
vt 0.250002 0.890624
vt 0.250001 0.833119
vt 0.172986 0.833119
vt 0.180573 0.833119
vt 0.125000 0.738983
vt 0.125000 0.890625
vt 0.166668 0.890625
vt 0.153889 0.833120
vt 0.150363 0.833119
vt 0.143396 0.833119
vt 0.143396 0.785897
vt 0.132970 0.738983
vt 0.066983 0.703125
vt 0.083333 0.890625
vt 0.041668 0.890626
vt 0.066406 0.703125
vt -0.000000 0.890625
vt 0.041666 0.890625
vt 0.958333 0.890625
vt 1.000000 0.890625
vt 0.958333 0.890625
vt 0.982230 0.703125
vt 0.899739 0.703125
vt 0.875000 0.703125
vt 0.833333 0.703125
vt 0.833332 0.703125
vt 0.791665 0.703125
vt 0.750000 0.703125
vt 0.637779 0.833120
vt 0.632587 0.833120
vt 0.625289 0.833120
vt 0.624999 0.833120
vt 0.632328 0.833120
vt 0.619807 0.833120
vt 0.624998 0.833120
vt 0.554446 0.833119
vt 0.541667 0.833119
vt 0.537707 0.833120
vt 0.387779 0.833119
vt 0.456913 0.890625
vt 0.444570 0.833119
vt 0.418019 0.833119
vt 0.375001 0.890625
vt 0.375001 0.833119
vt 0.333335 0.833119
vt 0.250001 0.833119
vt 0.257587 0.833118
vt 0.265778 0.833119
vt 0.203319 0.833119
vt 0.208334 0.833119
vt 0.208335 0.833119
vt 0.237222 0.833119
vt 0.226448 0.833119
vt 0.180574 0.833119
vt 0.203142 0.833119
vt 0.184630 0.833119
vt 0.166668 0.833119
vt 0.166667 0.890625
vt 0.172771 0.833119
vt 0.166668 0.833119
vt 0.153887 0.833119
vt 0.166668 0.890625
vt 0.143396 0.738983
vt 0.143239 0.738983
vt 0.132970 0.738983
vt 0.143395 0.785897
vt 0.084753 0.703125
vt 0.122821 0.738983
vt 0.122821 0.703125
vt 0.083334 0.890625
vt 0.083333 0.703125
vt 0.041666 0.890625
vt 0.083335 0.890626
vt 0.066405 0.703125
s 1
usemtl PROPOSED__V16_EYE_CYAN
f 1/1/1 17/1/1 34/1/1
f 41/1/2 34/1/1 17/1/1
f 17/1/1 56/1/2 41/1/2
f 1/1/3 34/1/4 66/1/3
f 73/1/3 1/1/3 66/1/3
f 74/1/5 85/1/6 92/1/6
f 98/1/7 102/1/8 74/1/9
f 92/1/7 106/1/7 108/1/7
f 92/1/7 98/1/7 74/1/9
f 112/1/7 92/1/7 108/1/7
f 112/1/7 98/1/7 92/1/7
f 108/1/10 106/1/11 119/1/12
f 108/1/10 119/1/12 120/1/13
f 108/1/10 120/1/13 128/1/10
f 120/1/13 132/1/14 128/1/10
f 137/1/13 132/1/14 141/1/15
f 128/1/10 132/1/14 137/1/13
f 142/1/16 141/1/15 143/1/12
f 137/1/13 141/1/15 142/1/16
f 145/1/16 143/1/12 147/1/10
f 142/1/16 143/1/12 145/1/16
f 149/1/10 147/1/10 151/1/10
f 145/1/16 147/1/10 149/1/10
f 151/1/10 154/1/10 156/1/13
f 149/1/10 151/1/10 156/1/13
f 154/1/10 161/1/16 162/1/10
f 156/1/13 154/1/10 162/1/10
f 163/1/13 167/1/10 162/1/10
f 161/1/16 163/1/13 162/1/10
f 163/1/13 170/1/17 167/1/10
f 170/1/17 173/1/10 167/1/10
f 170/1/17 175/1/18 173/1/10
f 175/1/18 179/1/16 173/1/10
f 175/1/18 180/1/12 181/1/12
f 175/1/18 181/1/12 179/1/16
f 182/1/19 185/1/19 186/1/20
f 187/1/21 186/1/20 188/1/20
f 187/1/21 182/1/19 186/1/20
f 181/1/22 180/1/22 187/1/21
f 181/1/22 187/1/21 188/1/20
f 189/1/6 190/1/6 187/1/23
f 190/1/6 182/1/24 187/1/23
f 190/1/6 189/1/6 191/1/6
f 192/1/25 193/1/26 194/1/27
f 195/1/25 193/1/26 192/1/25
f 193/1/26 196/1/26 194/1/27
f 192/1/28 194/1/28 198/1/29
f 195/1/25 192/1/25 199/1/25
f 200/1/26 193/1/26 195/1/25
f 201/1/30 196/1/31 193/1/31
f 202/1/30 196/1/31 201/1/30
f 194/1/27 196/1/26 204/1/32
f 194/1/28 206/1/29 198/1/29
f 198/1/33 207/1/33 192/1/33
f 195/1/25 199/1/25 208/1/25
f 195/1/25 208/1/25 209/1/26
f 207/1/33 199/1/33 192/1/33
f 200/1/26 195/1/25 211/1/25
f 200/1/26 214/1/26 193/1/26
f 201/1/13 216/1/10 202/1/12
f 217/1/34 196/1/34 202/1/34
f 217/1/34 202/1/34 216/1/34
f 219/1/35 193/1/35 222/1/36
f 201/1/35 193/1/35 219/1/35
f 204/1/32 196/1/26 223/1/25
f 194/1/37 204/1/37 206/1/38
f 206/1/10 226/1/10 198/1/10
f 226/1/10 207/1/13 198/1/10
f 207/1/39 227/1/39 208/1/39
f 207/1/39 208/1/39 199/1/39
f 227/1/40 209/1/40 208/1/40
f 229/1/40 209/1/40 227/1/40
f 195/1/25 209/1/26 231/1/26
f 232/1/41 211/1/41 195/1/41
f 226/1/20 200/1/20 211/1/20
f 214/1/26 200/1/26 233/1/32
f 214/1/26 222/1/32 193/1/26
f 216/1/10 201/1/13 234/1/10
f 235/1/42 236/1/42 217/1/42
f 216/1/42 235/1/42 217/1/42
f 237/1/26 196/1/26 217/1/26
f 201/1/13 219/1/13 238/1/10
f 214/1/43 238/1/43 219/1/43
f 222/1/43 214/1/43 219/1/43
f 223/1/25 196/1/26 239/1/26
f 204/1/44 223/1/44 240/1/44
f 204/1/37 240/1/38 206/1/38
f 240/1/10 226/1/10 206/1/10
f 226/1/10 227/1/13 207/1/13
f 226/1/10 229/1/10 227/1/13
f 241/1/45 209/1/45 229/1/45
f 241/1/45 231/1/45 209/1/45
f 195/1/25 231/1/26 242/1/46
f 243/1/41 232/1/41 195/1/41
f 232/1/20 226/1/20 211/1/20
f 200/1/47 226/1/47 244/1/47
f 233/1/47 200/1/47 244/1/47
f 214/1/48 233/1/48 238/1/49
f 201/1/13 226/1/10 234/1/10
f 216/1/10 234/1/10 235/1/10
f 235/1/50 237/1/50 236/1/50
f 234/1/50 237/1/50 235/1/50
f 237/1/26 217/1/26 236/1/26
f 237/1/26 245/1/25 246/1/25
f 196/1/26 237/1/26 246/1/25
f 201/1/13 238/1/10 226/1/10
f 196/1/26 247/1/25 239/1/26
f 239/1/51 248/1/52 223/1/51
f 239/1/51 249/1/52 248/1/52
f 223/1/44 248/1/44 240/1/44
f 248/1/10 226/1/10 240/1/10
f 226/1/10 241/1/13 229/1/10
f 241/1/53 242/1/50 231/1/50
f 250/1/26 195/1/25 242/1/46
f 251/1/10 232/1/10 243/1/12
f 252/1/54 251/1/54 243/1/54
f 252/1/54 243/1/54 195/1/54
f 226/1/10 232/1/10 241/1/13
f 226/1/10 238/1/10 244/1/12
f 233/1/48 244/1/49 238/1/49
f 234/1/10 226/1/10 249/1/10
f 234/1/45 253/1/45 237/1/45
f 254/1/45 253/1/45 234/1/45
f 255/1/55 256/1/55 257/1/55
f 255/1/55 257/1/55 258/1/55
f 259/1/56 255/1/55 258/1/55
f 260/1/57 259/1/56 258/1/55
f 261/1/58 260/1/57 258/1/55
f 262/1/59 261/1/58 258/1/55
f 263/1/60 262/1/59 258/1/55
f 264/1/61 263/1/60 258/1/55
f 265/1/62 264/1/61 258/1/55
f 266/1/63 265/1/62 258/1/55
f 267/1/64 266/1/63 258/1/55
f 268/1/65 267/1/64 258/1/55
f 269/1/66 268/1/65 258/1/55
f 270/1/67 269/1/66 258/1/55
f 271/1/67 270/1/67 258/1/55
f 272/1/55 271/1/67 258/1/55
f 273/1/67 255/1/55 259/1/56
f 274/1/68 275/1/69 272/1/55
f 274/1/68 272/1/55 258/1/55
f 273/1/67 274/1/70 255/1/55
f 276/1/71 274/1/70 273/1/67
f 277/1/72 274/1/70 276/1/71
f 278/1/73 274/1/70 277/1/72
f 274/1/70 278/1/73 279/1/74
f 274/1/68 279/1/75 280/1/76
f 274/1/68 280/1/76 281/1/77
f 274/1/68 281/1/77 282/1/78
f 274/1/68 282/1/78 283/1/79
f 274/1/68 283/1/79 284/1/80
f 274/1/68 284/1/80 285/1/81
f 274/1/68 285/1/81 286/1/82
f 274/1/68 286/1/82 246/1/83
f 274/1/68 246/1/83 245/1/84
f 274/1/68 245/1/84 287/1/85
f 274/1/68 287/1/85 275/1/69
f 288/1/26 287/1/25 245/1/25
f 237/1/26 288/1/26 245/1/25
f 289/1/26 246/1/25 286/1/26
f 196/1/26 246/1/25 289/1/26
f 196/1/26 290/1/26 247/1/25
f 239/1/86 291/1/86 249/1/86
f 247/1/86 291/1/86 239/1/86
f 249/1/10 226/1/10 248/1/10
f 292/1/87 242/1/50 241/1/53
f 293/1/42 250/1/42 242/1/42
f 195/1/25 250/1/26 252/1/25
f 232/1/10 251/1/10 294/1/13
f 295/1/88 251/1/88 252/1/88
f 232/1/10 294/1/13 241/1/13
f 234/1/10 249/1/10 291/1/12
f 234/1/10 296/1/13 254/1/13
f 254/1/40 288/1/40 253/1/40
f 296/1/40 288/1/40 254/1/40
f 288/1/26 237/1/26 253/1/25
f 256/1/89 255/1/89 297/1/89
f 297/1/89 255/1/89 189/1/89
f 1/1/89 298/1/89 297/1/89
f 1/1/89 297/1/89 189/1/89
f 299/1/6 255/1/6 274/1/6
f 300/1/55 301/1/55 302/1/55
f 303/1/55 274/1/68 258/1/55
f 274/1/68 303/1/55 301/1/55
f 274/1/68 301/1/55 300/1/55
f 941/1/90 940/1/91 942/1/92 304/1/93 303/1/94 258/1/95 1089/1/23 1095/1/96 1096/1/97 1097/1/97 1098/1/97 1099/1/97 1091/1/97 1092/1/97 1094/1/98 1093/1/98 1090/1/99
f 304/1/93 942/1/92 943/1/100
f 1089/1/23 258/1/95 1100/1/101
f 1100/1/101 258/1/95 1101/1/102
f 1101/1/102 258/1/95 1102/1/103
f 1102/1/103 258/1/95 1103/1/23
f 303/1/94 304/1/93 305/1/104
f 1103/1/23 258/1/95 1104/1/105
f 1104/1/105 258/1/95 1105/1/23
f 1105/1/23 258/1/95 1106/1/105
f 1106/1/105 258/1/95 1107/1/23
f 1107/1/23 258/1/95 1108/1/23
f 1108/1/23 258/1/95 1109/1/106
f 1109/1/106 258/1/95 1110/1/106
f 1110/1/106 258/1/95 1112/1/106 1111/1/23 1113/1/23 1114/1/23 1115/1/23 1118/1/23 1119/1/23 1120/1/23 1117/1/23 1116/1/23
f 1112/1/106 258/1/95 1121/1/106
f 1121/1/106 258/1/95 1122/1/23
f 1122/1/23 258/1/95 1123/1/23
f 1123/1/23 258/1/95 1124/1/107
f 1124/1/107 258/1/95 1125/1/108
f 1126/1/109 1125/1/108 258/1/95 1127/1/110
f 1127/1/110 258/1/95 1128/1/111 1129/1/112
f 1128/1/111 258/1/95 1130/1/113
f 1132/1/106 258/1/95 257/1/108 1131/1/106
f 1130/1/113 258/1/95 1132/1/106
f 306/1/114 944/1/115 1136/1/106 1135/1/106 1134/1/106 1133/1/106
f 1137/1/106 306/1/114 1133/1/106
f 1131/1/106 257/1/108 306/1/114 1137/1/106
f 741/1/116 256/1/116 297/1/116 307/1/117 563/1/118 562/1/116 739/1/116 743/1/116 734/1/116 738/1/116 737/1/116 736/1/116 735/1/116 742/1/116 740/1/116
f 307/1/117 564/1/119 563/1/118
f 746/1/108 256/1/116 741/1/116 745/1/116 744/1/116
f 746/1/108 747/1/106 256/1/116
f 747/1/106 748/1/116 256/1/116
f 748/1/116 749/1/24 256/1/116
f 749/1/24 750/1/24 256/1/116
f 297/1/116 308/1/116 307/1/117
f 755/1/106 256/1/116 750/1/24 752/1/116 753/1/116 751/1/116 759/1/116 760/1/116 757/1/116 758/1/116 756/1/116 754/1/116
f 761/1/120 762/1/121 256/1/116 755/1/106
f 763/1/108 256/1/116 762/1/121
f 763/1/108 764/1/106 256/1/116
f 764/1/106 765/1/24 256/1/116
f 765/1/24 766/1/116 256/1/116
f 767/1/116 256/1/116 766/1/116 768/1/116
f 306/1/114 257/1/108 256/1/116
f 771/1/116 772/1/116 565/1/116 306/1/114 769/1/116 770/1/116
f 769/1/116 306/1/114 256/1/116 767/1/116
f 309/1/25 277/1/25 276/1/32
f 295/1/26 277/1/25 309/1/25
f 310/1/26 276/1/32 273/1/122
f 309/1/25 276/1/32 310/1/26
f 273/1/123 259/1/86 294/1/86
f 273/1/123 294/1/86 310/1/123
f 260/1/124 294/1/13 259/1/125
f 292/1/126 294/1/13 260/1/124
f 293/1/10 260/1/124 261/1/127
f 292/1/126 260/1/124 293/1/10
f 311/1/10 261/1/127 262/1/128
f 293/1/10 261/1/127 311/1/10
f 312/1/10 311/1/10 262/1/128
f 312/1/10 262/1/128 263/1/129
f 312/1/10 263/1/129 264/1/13
f 313/1/10 312/1/10 264/1/13
f 313/1/10 264/1/13 265/1/13
f 314/1/10 313/1/10 265/1/13
f 314/1/10 265/1/13 266/1/130
f 315/1/10 314/1/10 266/1/130
f 315/1/10 266/1/130 267/1/131
f 316/1/16 315/1/10 267/1/131
f 316/1/16 267/1/131 268/1/132
f 268/1/132 317/1/12 316/1/16
f 317/1/12 268/1/132 269/1/133
f 269/1/133 234/1/10 317/1/12
f 234/1/10 269/1/133 270/1/10
f 296/1/13 270/1/10 271/1/10
f 234/1/10 270/1/10 296/1/13
f 318/1/12 271/1/10 272/1/134
f 296/1/13 271/1/10 318/1/12
f 272/1/33 275/1/33 319/1/33
f 318/1/33 272/1/33 319/1/33
f 287/1/25 319/1/26 275/1/135
f 288/1/26 319/1/26 287/1/25
f 320/1/32 286/1/26 285/1/26
f 289/1/26 286/1/26 320/1/32
f 321/1/136 285/1/26 284/1/137
f 320/1/32 285/1/26 321/1/136
f 321/1/136 284/1/137 283/1/136
f 321/1/136 283/1/136 322/1/26
f 322/1/26 283/1/136 282/1/26
f 323/1/26 322/1/26 282/1/26
f 323/1/26 282/1/26 281/1/32
f 324/1/26 323/1/26 281/1/32
f 324/1/26 281/1/32 280/1/32
f 325/1/138 324/1/26 280/1/32
f 325/1/138 280/1/32 279/1/139
f 279/1/139 326/1/32 325/1/138
f 326/1/32 279/1/139 278/1/140
f 278/1/140 295/1/26 326/1/32
f 295/1/26 278/1/140 277/1/25
f 196/1/26 289/1/26 327/1/136
f 196/1/26 328/1/25 290/1/26
f 247/1/141 290/1/141 329/1/141
f 247/1/141 329/1/141 291/1/141
f 293/1/50 242/1/50 292/1/87
f 241/1/13 294/1/13 292/1/126
f 293/1/42 330/1/142 250/1/42
f 252/1/25 250/1/26 295/1/26
f 251/1/10 331/1/10 294/1/13
f 295/1/88 332/1/88 251/1/88
f 234/1/10 291/1/12 329/1/10
f 296/1/39 318/1/39 319/1/39
f 296/1/39 319/1/39 288/1/39
f 191/1/6 189/1/6 255/1/6
f 333/1/143 308/1/143 298/1/143
f 308/1/143 297/1/143 298/1/143
f 334/1/143 298/1/143 335/1/143
f 333/1/143 298/1/143 334/1/143
f 336/1/143 334/1/143 335/1/143
f 298/1/144 1/1/144 335/1/144
f 191/1/6 255/1/6 299/1/6
f 274/1/6 337/1/6 299/1/6
f 300/1/144 302/1/144 338/1/144
f 300/1/144 338/1/144 339/1/144
f 947/1/145 945/1/145 306/1/146 340/1/145 946/1/145
f 340/1/145 306/1/146 341/1/146
f 302/1/146 301/1/146 342/1/146
f 302/1/146 342/1/146 343/1/145
f 344/1/147 345/1/145 346/1/145
f 347/1/148 344/1/147 346/1/145
f 348/1/149 346/1/145 349/1/145
f 348/1/149 347/1/148 346/1/145
f 350/1/145 348/1/149 349/1/145
f 351/1/150 349/1/145 338/1/145
f 351/1/150 338/1/145 302/1/146
f 351/1/150 302/1/146 343/1/145
f 351/1/150 350/1/145 349/1/145
f 352/1/151 353/1/151 354/1/151
f 352/1/152 354/1/153 351/1/154
f 352/1/155 351/1/150 341/1/146
f 351/1/150 343/1/145 341/1/146
f 343/1/145 340/1/145 341/1/146
f 303/1/94 305/1/104 342/1/156
f 303/1/94 342/1/156 301/1/156
f 355/1/157 343/1/158 342/1/157
f 305/1/158 304/1/158 356/1/157
f 305/1/158 356/1/157 342/1/157
f 342/1/157 356/1/157 355/1/157
f 356/1/159 948/1/160 949/1/161
f 356/1/159 304/1/162 943/1/162 950/1/162 948/1/160
f 1138/1/163 952/1/163 954/1/163 953/1/163 951/1/164 357/1/165 1139/1/163
f 956/1/166 955/1/167 358/1/168
f 958/1/169 956/1/166 358/1/168 357/1/165 951/1/164 957/1/169
f 359/1/170 960/1/171 959/1/172
f 963/1/173 960/1/171 359/1/170 358/1/168 955/1/167 962/1/173 961/1/173
f 360/1/174 965/1/175 964/1/176
f 360/1/174 359/1/170 959/1/172 967/1/177 966/1/177 965/1/175
f 361/1/178 360/1/174 970/1/179 971/1/180 969/1/180 968/1/181
f 360/1/174 964/1/176 970/1/179
f 361/1/178 968/1/181 972/1/182
f 973/1/183 361/1/178 972/1/182 975/1/184 974/1/185
f 980/1/186 979/1/187 362/1/188 976/1/186 977/1/186 978/1/186 981/1/186
f 362/1/188 983/1/189 982/1/190
f 986/1/191 985/1/192 363/1/193 362/1/188 982/1/190 984/1/191
f 946/1/194 340/1/194 363/1/193 985/1/192
f 362/1/188 979/1/187 983/1/189
f 944/1/115 306/1/114 945/1/195
f 566/1/143 567/1/143 364/1/143 306/1/143 565/1/143
f 306/1/143 364/1/143 365/1/143
f 574/1/196 572/1/196 573/1/196 576/1/196 575/1/196 568/1/197 366/1/198 364/1/196 567/1/196 571/1/196 569/1/196 570/1/196
f 577/1/199 367/1/200 366/1/198 568/1/197
f 579/1/201 578/1/201 367/1/200 577/1/199 580/1/201
f 773/1/202 581/1/202 582/1/202 583/1/202 774/1/202
f 584/1/203 368/1/204 585/1/205
f 586/1/206 564/1/206 307/1/206 368/1/204 584/1/203
f 368/1/207 308/1/207 369/1/207
f 308/1/207 370/1/208 369/1/207
f 333/1/207 370/1/208 308/1/207
f 371/1/208 370/1/208 333/1/207
f 307/1/208 308/1/207 368/1/207
f 295/1/26 309/1/25 372/1/26
f 310/1/141 294/1/141 373/1/141
f 309/1/141 310/1/141 373/1/141
f 293/1/42 311/1/42 330/1/142
f 374/1/7 311/1/34 312/1/34
f 313/1/31 374/1/209 312/1/210
f 314/1/36 325/1/211 313/1/36
f 325/1/43 314/1/43 315/1/43
f 324/1/49 315/1/212 316/1/212
f 323/1/213 316/1/47 317/1/47
f 317/1/12 234/1/10 375/1/16
f 320/1/54 376/1/54 289/1/54
f 377/1/41 320/1/41 321/1/41
f 375/1/20 321/1/20 322/1/20
f 322/1/213 323/1/213 317/1/47
f 323/1/49 324/1/49 316/1/212
f 324/1/43 325/1/43 315/1/43
f 313/1/36 325/1/211 326/1/211
f 326/1/32 295/1/26 374/1/32
f 289/1/88 376/1/88 378/1/88
f 289/1/88 378/1/88 327/1/88
f 196/1/26 327/1/136 328/1/25
f 329/1/214 290/1/214 328/1/214
f 295/1/26 250/1/26 330/1/32
f 331/1/10 251/1/10 332/1/13
f 294/1/13 331/1/10 373/1/12
f 372/1/215 331/1/215 332/1/215
f 372/1/215 332/1/215 295/1/215
f 234/1/10 329/1/10 379/1/13
f 380/1/216 336/1/217 73/1/144
f 335/1/144 1/1/144 73/1/144
f 335/1/144 73/1/144 336/1/217
f 341/1/143 306/1/143 365/1/143
f 371/1/143 333/1/143 334/1/143
f 341/1/143 371/1/143 334/1/143
f 341/1/143 365/1/143 371/1/143
f 380/1/218 381/1/218 334/1/218
f 380/1/218 382/1/218 381/1/218
f 336/1/219 380/1/218 334/1/218
f 383/1/220 382/1/218 380/1/218
f 191/1/221 384/1/221 385/1/222
f 299/1/221 386/1/221 191/1/221
f 191/1/221 386/1/221 384/1/221
f 274/1/6 85/1/6 337/1/6
f 300/1/223 339/1/223 387/1/223
f 300/1/223 387/1/223 388/1/223
f 339/1/144 338/1/144 349/1/144
f 389/1/224 352/1/225 341/1/226
f 343/1/10 355/1/10 363/1/10
f 343/1/10 363/1/10 340/1/10
f 346/1/221 339/1/221 349/1/227
f 299/1/221 346/1/221 390/1/221
f 299/1/221 339/1/221 346/1/221
f 390/1/221 386/1/221 299/1/221
f 391/1/228 345/1/156 392/1/156
f 346/1/156 345/1/156 391/1/228
f 390/1/229 346/1/156 391/1/228
f 351/1/230 339/1/231 350/1/231
f 351/1/230 387/1/230 339/1/231
f 387/1/144 351/1/144 354/1/144
f 353/1/144 393/1/232 41/1/144
f 387/1/144 354/1/144 353/1/144
f 388/1/144 387/1/144 353/1/144
f 41/1/144 388/1/144 353/1/144
f 393/1/233 353/1/233 352/1/233
f 389/1/234 394/1/235 395/1/236
f 391/1/235 396/1/237 397/1/238
f 391/1/235 397/1/238 394/1/235
f 391/1/235 392/1/238 398/1/235
f 391/1/235 398/1/235 396/1/237
f 391/1/235 394/1/235 389/1/234
f 352/1/239 389/1/234 395/1/236
f 352/1/240 395/1/241 393/1/242
f 355/1/157 356/1/157 399/1/157
f 356/1/159 949/1/161 987/1/243
f 988/1/244 401/1/245 400/1/246 989/1/246
f 401/1/245 988/1/244 990/1/247 991/1/247
f 402/1/248 992/1/249 993/1/250 994/1/250
f 403/1/251 995/1/252 996/1/253 997/1/253
f 404/1/254 998/1/255 999/1/256
f 405/1/257 1000/1/258 1001/1/258 1002/1/259
f 406/1/260 1004/1/261 1003/1/262
f 407/1/263 1006/1/264 1005/1/265
f 1007/1/266 1008/1/267 407/1/268 1005/1/266
f 1010/1/269 1011/1/270 408/1/271 1009/1/269
f 1012/1/272 1013/1/272 409/1/272
f 1140/1/273 1014/1/273 1141/1/273 1142/1/273
f 1143/1/274 1144/1/274 410/1/275 1145/1/276 1146/1/274
f 1139/1/277 357/1/278 410/1/279 1144/1/280
f 411/1/281 357/1/281 358/1/281
f 411/1/282 358/1/282 359/1/282
f 412/1/283 359/1/283 413/1/283
f 413/1/283 359/1/283 360/1/283
f 413/1/284 360/1/284 414/1/284
f 414/1/284 360/1/284 361/1/284
f 415/1/285 361/1/285 973/1/285 1015/1/285
f 1016/1/286 415/1/287 1015/1/288
f 1017/1/289 1019/1/289 1018/1/289
f 356/1/290 1021/1/291 1020/1/292
f 1024/1/293 976/1/293 362/1/294 1026/1/295 1025/1/293 1022/1/293 1023/1/293
f 1037/1/296 1035/1/297 1034/1/298 1026/1/295 362/1/294 399/1/298 356/1/290 1020/1/292 1027/1/299 1028/1/298 1033/1/300 1031/1/301 1030/1/298 1038/1/298
f 1020/1/292 1029/1/302 1027/1/299
f 1037/1/296 1036/1/303 1035/1/297
f 1033/1/300 1032/1/304 1031/1/301
f 412/1/305 362/1/306 363/1/306
f 371/1/10 365/1/13 370/1/10
f 365/1/13 364/1/10 366/1/10
f 370/1/10 365/1/13 366/1/10
f 366/1/307 367/1/307 416/1/307
f 593/1/308 594/1/309 589/1/310
f 367/1/311 578/1/311 592/1/311 593/1/308 590/1/312 591/1/311 588/1/311 587/1/313 369/1/314
f 593/1/308 589/1/310 590/1/312
f 605/1/315 606/1/309 597/1/316
f 602/1/317 604/1/318 598/1/319
f 587/1/313 601/1/320 602/1/317
f 605/1/315 597/1/316 598/1/319 604/1/318
f 602/1/317 603/1/321 604/1/318
f 596/1/322 595/1/322 368/1/322 369/1/314 587/1/313 602/1/317 599/1/323 600/1/322
f 602/1/317 598/1/319 599/1/323
f 417/1/324 607/1/325 608/1/326 609/1/327
f 773/1/328 775/1/328 416/1/328 610/1/328 581/1/328
f 776/1/329 416/1/329 775/1/329
f 612/1/330 418/1/331 611/1/332 613/1/330
f 615/1/333 419/1/334 614/1/335 616/1/333
f 618/1/336 617/1/336 420/1/336 419/1/337 619/1/338
f 619/1/338 419/1/337 615/1/339
f 620/1/340 421/1/341 621/1/342
f 585/1/205 368/1/204 622/1/343
f 422/1/307 369/1/307 370/1/307
f 373/1/214 372/1/214 309/1/214
f 373/1/214 331/1/214 372/1/214
f 374/1/7 330/1/7 311/1/34
f 313/1/31 326/1/209 374/1/209
f 234/1/10 377/1/13 375/1/16
f 317/1/20 375/1/20 322/1/20
f 320/1/54 377/1/54 376/1/54
f 375/1/41 377/1/41 321/1/41
f 295/1/26 330/1/32 374/1/32
f 234/1/10 378/1/10 376/1/16
f 328/1/215 378/1/215 379/1/215
f 327/1/215 378/1/215 328/1/215
f 379/1/214 329/1/214 328/1/214
f 234/1/10 379/1/13 378/1/10
f 41/1/144 423/1/144 34/1/144
f 74/1/5 337/1/6 85/1/6
f 102/1/344 337/1/6 74/1/5
f 424/1/6 337/1/6 102/1/344
f 190/1/6 425/1/6 185/1/345
f 190/1/6 185/1/345 182/1/24
f 190/1/6 337/1/6 426/1/345
f 426/1/345 337/1/6 427/1/346
f 427/1/346 337/1/6 424/1/6
f 190/1/6 426/1/345 425/1/6
f 428/1/42 429/1/42 112/1/42
f 108/1/42 428/1/42 112/1/42
f 102/1/347 98/1/347 430/1/30
f 102/1/347 430/1/30 424/1/30
f 431/1/25 98/1/26 112/1/136
f 108/1/10 128/1/10 428/1/10
f 128/1/10 137/1/13 432/1/10
f 433/1/51 137/1/348 142/1/348
f 433/1/44 142/1/44 145/1/44
f 434/1/37 435/1/349 145/1/37
f 434/1/37 145/1/37 149/1/37
f 434/1/28 149/1/28 156/1/28
f 436/1/350 434/1/28 156/1/28
f 156/1/33 162/1/33 437/1/33
f 156/1/33 437/1/33 436/1/33
f 167/1/39 438/1/39 437/1/39
f 162/1/39 167/1/39 437/1/39
f 167/1/40 439/1/40 438/1/40
f 173/1/40 439/1/40 167/1/40
f 179/1/45 439/1/45 173/1/351
f 181/1/12 440/1/10 179/1/16
f 186/1/25 441/1/26 188/1/25
f 442/1/213 186/1/352 185/1/353
f 442/1/213 185/1/353 425/1/213
f 181/1/41 188/1/41 441/1/41
f 443/1/41 181/1/41 441/1/41
f 383/1/354 73/1/354 190/1/354
f 380/1/355 73/1/354 383/1/354
f 444/1/354 383/1/354 190/1/354
f 191/1/354 444/1/354 190/1/354
f 385/1/354 444/1/354 191/1/354
f 334/1/356 381/1/357 341/1/226
f 445/1/358 381/1/358 382/1/358
f 446/1/358 381/1/358 445/1/358
f 444/1/359 382/1/360 383/1/360
f 382/1/360 444/1/359 445/1/361
f 385/1/108 384/1/23 445/1/361
f 445/1/361 444/1/359 385/1/108
f 391/1/228 445/1/361 390/1/229
f 445/1/361 386/1/106 390/1/229
f 384/1/23 386/1/106 445/1/361
f 388/1/362 447/1/363 300/1/362
f 446/1/364 389/1/224 341/1/226
f 355/1/306 448/1/306 363/1/306
f 447/1/363 41/1/363 56/1/363
f 388/1/362 41/1/363 447/1/363
f 395/1/365 423/1/144 41/1/144
f 393/1/232 395/1/365 41/1/144
f 449/1/231 395/1/231 394/1/230
f 423/1/231 395/1/231 449/1/231
f 389/1/366 445/1/367 391/1/366
f 355/1/306 399/1/306 400/1/306
f 356/1/159 987/1/243 1039/1/368
f 1148/1/369 450/1/370 1040/1/371 1147/1/369
f 451/1/372 1042/1/373 1041/1/374
f 989/1/375 400/1/376 451/1/372 1041/1/374 1043/1/376
f 1043/1/376 1044/1/377 989/1/375
f 992/1/249 402/1/248 401/1/378 991/1/378
f 401/1/379 355/1/306 400/1/306
f 995/1/252 403/1/251 402/1/380 994/1/380
f 404/1/254 403/1/381 997/1/381 1045/1/381 1046/1/381 998/1/255
f 1000/1/382 405/1/382 404/1/254 999/1/256
f 1048/1/383 1047/1/384 452/1/384 405/1/257 1002/1/259
f 1004/1/261 406/1/260 453/1/385 1049/1/385 1050/1/385
f 1052/1/386 454/1/386 406/1/387 1003/1/387 1051/1/387 1053/1/387
f 1006/1/264 407/1/263 454/1/386 1052/1/386
f 408/1/388 407/1/268 1008/1/267 1009/1/388
f 1012/1/389 409/1/389 408/1/271 1011/1/270 1054/1/389
f 1056/1/390 455/1/390 409/1/390 1013/1/390 1055/1/390
f 1150/1/391 1057/1/391 1058/1/391 1014/1/391 1140/1/391 1149/1/391
f 410/1/392 456/1/392 1060/1/392 1059/1/392 1152/1/392 1151/1/392 1145/1/392
f 457/1/393 410/1/393 357/1/393
f 457/1/281 357/1/281 411/1/281
f 411/1/282 359/1/282 458/1/282
f 458/1/282 359/1/282 412/1/282
f 412/1/305 413/1/306 362/1/306
f 414/1/285 361/1/285 415/1/285
f 413/1/306 414/1/306 362/1/306
f 1017/1/286 1061/1/286 415/1/287 1016/1/286 1019/1/286
f 459/1/394 1064/1/395 1063/1/395 1062/1/396
f 356/1/159 1065/1/397 1021/1/398
f 460/1/306 399/1/306 362/1/306
f 458/1/305 412/1/305 363/1/306
f 366/1/307 461/1/307 370/1/307
f 367/1/307 462/1/307 416/1/307
f 366/1/307 416/1/307 463/1/307
f 623/1/399 624/1/400 464/1/401 626/1/402
f 625/1/403 368/1/204 595/1/404
f 465/1/307 367/1/307 369/1/307
f 607/1/325 417/1/324 466/1/405 627/1/406 628/1/407 629/1/407
f 630/1/408 631/1/408 467/1/408 417/1/324 609/1/327
f 610/1/409 416/1/409 462/1/409 632/1/409
f 634/1/410 633/1/410 463/1/410 416/1/410 776/1/410 779/1/410 777/1/410 778/1/410
f 636/1/411 635/1/411 611/1/332 418/1/331 463/1/411 633/1/411
f 614/1/335 419/1/334 418/1/412 612/1/412
f 366/1/307 419/1/413 420/1/414
f 617/1/415 621/1/342 421/1/341 420/1/415
f 639/1/416 638/1/416 637/1/416 461/1/416 421/1/341 620/1/340
f 637/1/417 640/1/418 461/1/419
f 640/1/418 641/1/420 461/1/419
f 642/1/421 643/1/422 468/1/423
f 422/1/424 644/1/425 645/1/426 646/1/426
f 649/1/427 469/1/428 422/1/429 646/1/429 647/1/429 648/1/429
f 649/1/427 650/1/430 469/1/428
f 622/1/343 368/1/204 651/1/431
f 422/1/307 469/1/307 369/1/307
f 468/1/307 422/1/307 370/1/307
f 234/1/10 376/1/16 377/1/13
f 423/1/144 66/1/144 34/1/144
f 470/1/432 73/1/432 66/1/432
f 426/1/433 442/1/433 425/1/433
f 471/1/433 442/1/433 426/1/433
f 427/1/43 471/1/434 426/1/434
f 472/1/43 471/1/434 427/1/43
f 424/1/35 430/1/35 472/1/435
f 424/1/35 472/1/435 427/1/435
f 428/1/50 431/1/50 429/1/50
f 128/1/50 431/1/50 428/1/50
f 431/1/25 112/1/136 429/1/26
f 430/1/25 98/1/26 434/1/295
f 98/1/26 431/1/25 473/1/26
f 128/1/10 432/1/10 474/1/10
f 475/1/436 432/1/123 137/1/123
f 476/1/51 137/1/348 433/1/51
f 435/1/44 433/1/44 145/1/44
f 434/1/295 98/1/26 435/1/32
f 436/1/26 430/1/25 434/1/295
f 441/1/26 436/1/26 437/1/26
f 441/1/26 437/1/26 438/1/26
f 441/1/26 438/1/26 439/1/25
f 179/1/45 477/1/45 439/1/45
f 181/1/12 478/1/13 440/1/10
f 179/1/16 440/1/10 479/1/437
f 186/1/25 430/1/25 441/1/26
f 471/1/26 186/1/25 442/1/26
f 480/1/54 478/1/54 443/1/54
f 480/1/54 443/1/54 441/1/54
f 478/1/13 181/1/12 443/1/10
f 788/1/438 782/1/438 783/1/438 784/1/439 789/1/440 790/1/440 654/1/441 661/1/442 659/1/443 381/1/357 446/1/364 662/1/444 663/1/445 664/1/445 665/1/445 655/1/446 657/1/447 652/1/448 653/1/445 794/1/449 781/1/450 780/1/451 791/1/452 785/1/453 786/1/438 787/1/438
f 793/1/454 785/1/453 792/1/455
f 792/1/455 785/1/453 791/1/452
f 653/1/445 654/1/441 790/1/440 794/1/449
f 657/1/447 655/1/446 656/1/456
f 658/1/457 652/1/448 657/1/447
f 662/1/444 446/1/364 341/1/226 381/1/357 659/1/443 660/1/458
f 389/1/366 446/1/367 445/1/367
f 355/1/306 456/1/459 448/1/306
f 448/1/306 457/1/306 363/1/306
f 423/1/231 449/1/231 481/1/231
f 400/1/306 399/1/306 451/1/460
f 356/1/159 1039/1/368 1065/1/397
f 1040/1/371 450/1/370 1066/1/461 1067/1/461 1068/1/461 1069/1/461
f 1154/1/462 1070/1/462 482/1/462 450/1/462 1148/1/462 1153/1/462
f 1071/1/463 1042/1/463 451/1/463 482/1/462 1070/1/462
f 402/1/464 355/1/306 401/1/379
f 355/1/306 402/1/464 403/1/306
f 404/1/465 405/1/466 403/1/467
f 405/1/468 452/1/469 453/1/470
f 1049/1/471 453/1/471 452/1/384 1047/1/384
f 355/1/306 453/1/306 406/1/306
f 406/1/472 454/1/473 407/1/474
f 355/1/306 407/1/306 408/1/306
f 409/1/475 455/1/476 408/1/477
f 1060/1/478 456/1/478 455/1/478 1056/1/478 1072/1/478
f 456/1/479 410/1/479 448/1/479
f 448/1/393 410/1/393 457/1/393
f 457/1/306 411/1/306 363/1/306
f 411/1/306 458/1/305 363/1/306
f 414/1/306 415/1/306 362/1/306
f 1064/1/480 459/1/480 415/1/480 1061/1/480
f 483/1/481 459/1/394 1062/1/396 1075/1/482 1074/1/482 1073/1/483
f 1076/1/484 483/1/481 1073/1/483 1078/1/484 1077/1/484
f 484/1/485 399/1/306 460/1/306
f 485/1/306 460/1/306 362/1/306
f 366/1/307 420/1/414 461/1/307
f 461/1/307 468/1/307 370/1/307
f 367/1/307 486/1/307 462/1/307
f 366/1/307 463/1/307 418/1/307
f 666/1/486 487/1/487 464/1/401 624/1/400 668/1/488 669/1/488 667/1/488
f 670/1/489 626/1/402 464/1/401 795/1/489 796/1/489
f 671/1/490 368/1/204 625/1/403
f 488/1/307 367/1/307 465/1/307
f 489/1/307 465/1/307 369/1/307
f 674/1/491 627/1/406 466/1/405 490/1/492 672/1/493 673/1/491
f 467/1/494 466/1/495 417/1/496
f 462/1/497 467/1/497 631/1/497 632/1/497
f 366/1/307 418/1/307 419/1/413
f 421/1/498 461/1/499 420/1/500
f 641/1/420 675/1/501 642/1/502
f 642/1/502 468/1/503 461/1/419 641/1/420
f 422/1/424 468/1/423 643/1/422 644/1/425
f 469/1/504 650/1/505 677/1/505 676/1/506
f 651/1/431 368/1/204 678/1/507
f 469/1/307 491/1/508 369/1/307
f 481/1/432 470/1/432 423/1/432
f 66/1/432 423/1/432 470/1/432
f 471/1/26 472/1/26 430/1/25
f 492/1/45 431/1/45 128/1/45
f 492/1/45 493/1/45 431/1/45
f 98/1/26 473/1/26 494/1/26
f 431/1/25 495/1/25 473/1/26
f 128/1/10 474/1/10 496/1/10
f 475/1/141 474/1/141 432/1/141
f 475/1/436 137/1/123 476/1/436
f 433/1/26 98/1/26 476/1/136
f 435/1/32 98/1/26 433/1/26
f 441/1/26 430/1/25 436/1/26
f 441/1/26 439/1/25 477/1/32
f 179/1/509 497/1/50 477/1/50
f 478/1/13 498/1/13 440/1/10
f 479/1/437 440/1/10 499/1/10
f 479/1/510 497/1/50 179/1/509
f 186/1/25 471/1/26 430/1/25
f 480/1/88 500/1/88 478/1/88
f 501/1/88 500/1/88 480/1/88
f 441/1/26 502/1/26 480/1/26
f 355/1/306 455/1/306 456/1/459
f 451/1/460 399/1/306 482/1/511
f 450/1/512 1079/1/512 1066/1/512
f 1080/1/513 484/1/514 1081/1/515
f 482/1/462 503/1/462 450/1/462
f 355/1/306 403/1/306 405/1/306
f 355/1/306 405/1/306 453/1/306
f 355/1/306 406/1/306 407/1/306
f 355/1/306 408/1/306 455/1/306
f 415/1/306 504/1/306 362/1/306
f 1083/1/516 504/1/516 415/1/516 459/1/516 1084/1/516 1082/1/516
f 483/1/517 460/1/517 485/1/517
f 483/1/517 485/1/517 459/1/518
f 1081/1/519 484/1/519 483/1/519 1076/1/519
f 484/1/519 460/1/519 483/1/519
f 503/1/306 399/1/306 484/1/485
f 505/1/306 485/1/306 362/1/306
f 367/1/307 506/1/307 486/1/307
f 467/1/520 462/1/521 486/1/522
f 666/1/486 679/1/523 507/1/524 487/1/487
f 464/1/525 487/1/525 465/1/526
f 487/1/525 488/1/526 465/1/526
f 680/1/527 368/1/204 671/1/490
f 797/1/528 798/1/528 465/1/528 489/1/528 681/1/528 682/1/528 683/1/528 799/1/528
f 795/1/528 464/1/528 465/1/528 798/1/528
f 508/1/307 367/1/307 488/1/307
f 509/1/307 489/1/307 369/1/307
f 672/1/493 490/1/492 510/1/529 685/1/530 684/1/531 686/1/531
f 466/1/532 506/1/532 490/1/532
f 466/1/532 486/1/532 506/1/532
f 467/1/520 486/1/522 466/1/520
f 491/1/533 469/1/504 676/1/506 687/1/533
f 688/1/534 689/1/535 511/1/536
f 678/1/507 368/1/204 690/1/537
f 491/1/508 512/1/508 369/1/307
f 128/1/10 513/1/13 492/1/16
f 492/1/40 495/1/40 493/1/40
f 513/1/40 495/1/40 492/1/40
f 495/1/25 431/1/25 493/1/25
f 494/1/26 473/1/26 514/1/26
f 98/1/26 494/1/26 515/1/538
f 473/1/26 495/1/25 516/1/25
f 128/1/10 496/1/10 517/1/13
f 496/1/214 474/1/214 518/1/214
f 496/1/214 518/1/214 519/1/214
f 475/1/141 518/1/141 474/1/141
f 98/1/26 475/1/25 476/1/136
f 441/1/26 477/1/32 497/1/26
f 498/1/13 478/1/13 500/1/13
f 440/1/10 498/1/13 520/1/12
f 521/1/86 499/1/86 440/1/86
f 521/1/86 440/1/86 522/1/86
f 479/1/437 499/1/10 523/1/13
f 523/1/50 497/1/50 479/1/510
f 524/1/215 498/1/215 500/1/215
f 524/1/215 500/1/215 501/1/215
f 480/1/26 502/1/26 501/1/25
f 502/1/26 441/1/26 497/1/26
f 482/1/511 399/1/306 503/1/306
f 450/1/512 503/1/512 484/1/514 1080/1/513 1085/1/512 1079/1/512
f 504/1/306 505/1/306 362/1/306
f 505/1/539 504/1/540 1083/1/540 1086/1/541
f 459/1/542 1087/1/543 1084/1/542
f 459/1/542 485/1/543 505/1/539 1086/1/541 1088/1/543 1087/1/543
f 367/1/307 525/1/307 506/1/307
f 691/1/544 692/1/545 507/1/524 679/1/523
f 487/1/546 507/1/546 488/1/546
f 693/1/547 368/1/204 680/1/527
f 801/1/548 800/1/548 803/1/548 802/1/548
f 694/1/549 681/1/549 489/1/549 804/1/549 807/1/549 805/1/549 803/1/549 800/1/549 808/1/549 806/1/549 695/1/549
f 526/1/550 367/1/307 508/1/307
f 527/1/551 508/1/552 488/1/553
f 489/1/554 509/1/554 696/1/554 697/1/554 809/1/554 804/1/554
f 528/1/307 509/1/307 369/1/307
f 698/1/555 685/1/530 510/1/529 529/1/556 699/1/557
f 510/1/558 506/1/559 525/1/559
f 490/1/558 506/1/559 510/1/558
f 512/1/560 491/1/533 687/1/533 700/1/560
f 701/1/561 688/1/534 511/1/536 512/1/561 700/1/561
f 689/1/562 702/1/563 511/1/564
f 690/1/537 368/1/204 703/1/565
f 512/1/508 511/1/307 369/1/307
f 128/1/10 530/1/10 513/1/13
f 513/1/39 531/1/39 516/1/39
f 513/1/39 516/1/39 495/1/39
f 514/1/26 473/1/26 532/1/26
f 514/1/54 533/1/54 494/1/54
f 514/1/54 534/1/54 533/1/54
f 494/1/566 517/1/88 515/1/566
f 98/1/26 515/1/538 519/1/25
f 530/1/33 473/1/33 516/1/33
f 531/1/33 530/1/33 516/1/33
f 128/1/10 517/1/13 533/1/13
f 515/1/567 517/1/215 496/1/215
f 98/1/26 519/1/25 518/1/26
f 515/1/567 496/1/215 519/1/567
f 98/1/26 518/1/26 475/1/25
f 520/1/214 498/1/214 524/1/214
f 520/1/214 524/1/214 535/1/214
f 522/1/568 440/1/568 520/1/568
f 535/1/568 522/1/568 520/1/568
f 535/1/136 521/1/26 522/1/25
f 536/1/52 537/1/52 499/1/52
f 536/1/52 499/1/52 521/1/52
f 523/1/13 499/1/10 538/1/13
f 538/1/42 539/1/42 497/1/42
f 523/1/42 538/1/42 497/1/42
f 501/1/25 535/1/136 524/1/26
f 501/1/25 502/1/26 539/1/26
f 497/1/569 539/1/570 502/1/571
f 525/1/307 367/1/307 540/1/307
f 706/1/572 705/1/572 704/1/572
f 707/1/573 507/1/524 692/1/545
f 712/1/546 711/1/546 527/1/546 488/1/546 507/1/546 710/1/546 709/1/546 708/1/546
f 703/1/565 368/1/204 693/1/547
f 541/1/307 367/1/307 526/1/550
f 542/1/574 526/1/575 508/1/576
f 541/1/307 508/1/577 527/1/577
f 713/1/578 696/1/578 509/1/578
f 714/1/579 810/1/579 811/1/579 720/1/579 715/1/579 716/1/579
f 718/1/580 719/1/580 509/1/580 528/1/580 717/1/580
f 511/1/307 528/1/307 369/1/307
f 722/1/581 699/1/557 529/1/556 543/1/582 721/1/583
f 510/1/584 525/1/585 540/1/585
f 510/1/584 540/1/585 529/1/584
f 723/1/586 717/1/586 528/1/586 511/1/564 702/1/563
f 719/1/587 713/1/587 509/1/587
f 811/1/588 812/1/588 720/1/588
f 128/1/10 499/1/10 530/1/10
f 513/1/13 530/1/10 531/1/13
f 532/1/26 473/1/26 544/1/25
f 534/1/41 514/1/41 532/1/41
f 494/1/566 533/1/88 517/1/88
f 128/1/10 533/1/13 534/1/16
f 545/1/28 473/1/28 530/1/28
f 545/1/28 530/1/28 546/1/350
f 501/1/25 521/1/26 535/1/136
f 536/1/44 547/1/44 548/1/44
f 536/1/44 548/1/44 537/1/44
f 548/1/10 499/1/10 537/1/10
f 521/1/26 547/1/26 536/1/26
f 549/1/10 538/1/13 499/1/10
f 550/1/34 539/1/34 538/1/589
f 501/1/25 539/1/26 550/1/26
f 540/1/307 367/1/307 551/1/307
f 721/1/583 543/1/582 725/1/590 726/1/590 727/1/590 728/1/590 724/1/590
f 711/1/591 729/1/591 527/1/591
f 507/1/592 707/1/592 710/1/592
f 705/1/593 706/1/593 730/1/593
f 551/1/307 367/1/307 541/1/307
f 541/1/307 526/1/550 542/1/594
f 541/1/307 542/1/594 508/1/577
f 731/1/595 732/1/595 543/1/595 541/1/595 527/1/595 733/1/595
f 543/1/596 540/1/596 551/1/596
f 529/1/596 540/1/596 543/1/596
f 499/1/10 128/1/10 552/1/13
f 530/1/10 499/1/10 548/1/10
f 553/1/25 544/1/25 473/1/26
f 554/1/20 532/1/20 544/1/20
f 554/1/597 534/1/41 532/1/41
f 128/1/10 534/1/16 554/1/598
f 530/1/10 548/1/10 546/1/10
f 547/1/37 545/1/37 546/1/38
f 547/1/37 546/1/38 548/1/38
f 547/1/26 473/1/26 545/1/136
f 501/1/25 473/1/26 521/1/26
f 521/1/26 473/1/26 547/1/26
f 555/1/13 549/1/10 499/1/10
f 550/1/34 538/1/589 549/1/599
f 556/1/136 501/1/25 550/1/26
f 527/1/600 729/1/600 733/1/600
f 543/1/601 732/1/601 725/1/601
f 543/1/602 551/1/602 541/1/602
f 552/1/13 128/1/10 554/1/598
f 499/1/10 552/1/13 557/1/128
f 558/1/26 553/1/25 473/1/26
f 544/1/47 553/1/47 552/1/213
f 552/1/20 554/1/20 544/1/20
f 473/1/26 501/1/25 556/1/136
f 559/1/13 555/1/13 499/1/10
f 555/1/30 550/1/209 549/1/30
f 555/1/30 556/1/209 550/1/209
f 553/1/47 557/1/213 552/1/213
f 557/1/128 560/1/13 499/1/10
f 561/1/137 558/1/26 473/1/26
f 553/1/48 558/1/48 557/1/212
f 473/1/26 556/1/136 561/1/137
f 560/1/13 559/1/13 499/1/10
f 555/1/211 561/1/36 556/1/36
f 559/1/211 561/1/36 555/1/211
f 558/1/48 560/1/212 557/1/212
f 561/1/43 559/1/603 560/1/603
f 558/1/43 561/1/43 560/1/603
f 106/1/1 85/1/2 56/1/2
f 92/1/1 85/1/2 106/1/1
f 17/1/1 187/1/1 180/1/2
f 17/1/1 180/1/2 175/1/604
f 17/1/1 175/1/604 170/1/605
f 17/1/1 170/1/605 163/1/606
f 17/1/1 163/1/606 161/1/2
f 17/1/1 161/1/2 154/1/607
f 17/1/1 154/1/607 151/1/608
f 17/1/1 151/1/608 147/1/609
f 17/1/1 147/1/609 143/1/610
f 17/1/1 143/1/610 141/1/611
f 17/1/1 141/1/611 132/1/1
f 17/1/1 132/1/1 120/1/612
f 17/1/1 120/1/612 119/1/612
f 17/1/1 119/1/612 106/1/1
f 17/1/1 106/1/1 56/1/2
f 189/1/1 17/1/1 1/1/1
f 189/1/1 187/1/1 17/1/1
f 300/1/362 85/1/363 274/1/362
f 447/1/363 56/1/363 85/1/363
f 300/1/362 447/1/363 85/1/363
f 339/1/231 299/1/231 345/1/230
f 392/1/230 345/1/230 299/1/231
f 344/1/230 339/1/231 345/1/230
f 337/1/230 398/1/230 392/1/230
f 337/1/230 392/1/230 299/1/231
f 347/1/230 339/1/231 344/1/230
f 348/1/231 339/1/231 347/1/230
f 350/1/231 339/1/231 348/1/231
f 449/1/231 394/1/230 397/1/231
f 449/1/231 397/1/231 396/1/231
f 449/1/231 396/1/231 398/1/230
f 481/1/231 449/1/231 337/1/230
f 398/1/230 337/1/230 449/1/231
f 470/1/432 190/1/432 73/1/432
f 337/1/432 470/1/432 481/1/432
f 337/1/432 190/1/432 470/1/432
s 0
f 578/1/613 197/1/613 592/1/613
f 642/1/614 675/1/614 215/1/614 218/1/614 645/1/614 644/1/614 643/1/614
f 815/1/615 816/1/615 813/1/615 10/1/615 39/1/615 814/1/615
f 817/1/616 183/1/616 818/1/616
f 567/1/617 566/1/617 184/1/617 571/1/617
f 184/1/618 566/1/618 565/1/618 772/1/618 819/1/618
f 183/1/25 213/1/25 826/1/25 827/1/25 828/1/25 829/1/25 830/1/25 831/1/25 832/1/25 822/1/25 823/1/25 824/1/25 825/1/25 821/1/25 820/1/25
f 140/1/619 659/1/619 661/1/619
f 225/2/620 230/3/620 833/4/620 834/5/620
f 218/6/621 835/7/621 836/8/621 837/9/621
f 838/10/622 839/11/622 215/12/622
f 840/13/623 841/14/623 224/15/623 221/16/623
f 842/17/624 843/18/624 221/19/624 220/20/624
f 220/20/625 205/21/625 844/22/625 845/23/625
f 847/24/626 846/25/626 203/26/626 634/27/626 778/28/626
f 631/29/627 630/30/627 68/31/627 582/32/627 581/33/627 610/34/627 632/35/627
f 609/36/628 608/37/628 51/38/628 68/39/628 630/40/628
f 59/41/629 68/39/629 51/38/629
f 10/42/630 628/43/630 627/44/630 674/45/630
f 25/46/631 686/47/631 684/48/631
f 25/46/584 684/48/584 685/49/584 698/50/584
f 146/51/596 722/52/596 721/53/596 724/54/596
f 144/55/632 728/56/632 727/57/632
f 707/58/633 692/59/633 691/60/633 150/61/633 148/62/633 709/63/633 710/64/633
f 733/65/634 729/66/634 711/67/634 712/68/634 731/69/634
f 666/70/635 667/71/635 153/72/635 150/73/635 691/74/635 679/75/635
f 159/76/636 623/77/636 626/78/636 670/79/636
f 683/80/637 682/81/637 694/82/637 695/83/637
f 812/84/638 848/85/638 809/86/638
f 809/86/639 697/87/639 210/88/639 715/89/639 720/90/639 812/84/639
f 714/91/640 210/88/640 212/92/640 850/93/640 849/94/640 810/95/640
f 852/96/641 851/97/641 212/92/641 228/98/641 853/99/641
f 855/100/642 854/101/642 228/102/642 225/103/642 857/104/642 856/105/642
f 591/1/643 197/1/643 588/1/643
f 590/1/644 197/1/644 591/1/644
f 589/1/645 197/1/645 590/1/645
f 594/1/646 197/1/646 589/1/646
f 593/1/647 197/1/647 594/1/647
f 592/1/648 197/1/648 593/1/648
f 677/1/649 650/1/649 649/1/649 648/1/649 230/1/649 225/1/649
f 599/1/650 598/1/650 213/1/650
f 639/1/651 224/1/651 638/1/651
f 184/1/652 569/1/652 571/1/652
f 205/1/653 613/1/653 611/1/653 635/1/653
f 614/1/654 612/1/654 613/1/654 205/1/654 220/1/654 616/1/654
f 618/1/655 221/1/655 224/1/655 639/1/655 621/1/655 617/1/655
f 639/1/656 620/1/656 621/1/656
f 615/1/657 616/1/657 220/1/657 221/1/657 618/1/657
f 618/1/658 619/1/658 615/1/658
f 598/1/659 597/1/659 213/1/659
f 687/1/660 676/1/660 677/1/660 225/1/660 228/1/660 701/1/660 700/1/660
f 597/1/661 606/1/661 213/1/661
f 702/1/662 689/1/662 688/1/662 701/1/662 228/1/662 212/1/662 723/1/662
f 184/1/663 574/1/663 570/1/663
f 633/1/664 634/1/664 203/1/664 636/1/664
f 184/1/665 570/1/665 569/1/665
f 636/1/666 203/1/666 205/1/666 635/1/666
f 213/1/667 606/1/667 605/1/667
f 723/1/668 212/1/668 210/1/668 718/1/668 717/1/668
f 605/1/669 604/1/669 213/1/669
f 719/1/670 718/1/670 210/1/670 697/1/670 696/1/670 713/1/670
f 184/1/671 572/1/671 574/1/671
f 681/1/672 694/1/672 682/1/672
f 213/1/673 604/1/673 603/1/673
f 603/1/674 602/1/674 213/1/674
f 184/1/675 573/1/675 572/1/675
f 577/1/676 568/1/676 575/1/676 184/1/676 197/1/676 580/1/676
f 184/1/677 576/1/677 573/1/677
f 184/1/678 575/1/678 576/1/678
f 588/1/679 197/1/679 213/1/679 601/1/679 587/1/679
f 602/1/680 601/1/680 213/1/680
f 197/1/681 579/1/681 580/1/681
f 197/1/682 578/1/682 579/1/682
f 647/1/683 646/1/683 645/1/683 218/1/683 230/1/683
f 647/1/684 230/1/684 648/1/684
f 599/1/685 213/1/685 600/1/685
f 600/1/686 213/1/686 596/1/686
f 640/1/687 637/1/687 638/1/687 224/1/687 215/1/687 675/1/687 641/1/687
f 858/1/688 183/1/688 859/1/688
f 860/1/689 183/1/689 858/1/689
f 861/1/690 183/1/690 860/1/690
f 862/1/691 183/1/691 861/1/691
f 863/1/692 183/1/692 864/1/692
f 864/1/693 183/1/693 862/1/693
f 658/1/694 140/1/694 652/1/694
f 657/1/695 140/1/695 658/1/695
f 656/1/696 140/1/696 657/1/696
f 655/1/697 140/1/697 656/1/697
f 159/1/698 867/1/698 866/1/698 865/1/698
f 183/1/699 868/1/699 859/1/699
f 155/1/700 159/1/700 865/1/700 869/1/700
f 183/1/701 870/1/701 868/1/701
f 662/1/702 140/1/702 663/1/702
f 665/1/703 140/1/703 655/1/703
f 664/1/704 140/1/704 665/1/704
f 663/1/705 140/1/705 664/1/705
f 871/1/615 872/1/615 153/1/615 155/1/615 869/1/615
f 183/1/706 873/1/706 870/1/706
f 876/1/615 153/1/615 872/1/615 878/1/615 877/1/615 875/1/615 874/1/615
f 873/1/707 183/1/707 820/1/707
f 880/1/708 879/1/708 68/1/708 882/1/708 881/1/708
f 883/1/709 882/1/709 68/1/709 59/1/709 884/1/709
f 885/1/615 150/1/615 153/1/615 876/1/615 886/1/615
f 889/1/700 146/1/700 144/1/700 891/1/700 890/1/700 887/1/700 888/1/700
f 893/1/615 892/1/615 891/1/615 144/1/615 148/1/615
f 895/1/615 894/1/615 893/1/615 148/1/615 150/1/615 885/1/615
f 898/1/615 897/1/615 896/1/615 157/1/615 146/1/615 889/1/615
f 814/1/700 39/1/700 900/1/700 899/1/700
f 902/1/615 901/1/615 884/1/615 59/1/615 51/1/615 903/1/615
f 904/1/615 905/1/615 903/1/615 51/1/615 10/1/615 813/1/615
f 907/1/700 906/1/700 25/1/700 157/1/700 896/1/700
f 900/1/615 39/1/615 25/1/615 906/1/615 908/1/615 909/1/615
f 652/1/710 140/1/710 653/1/710
f 653/1/615 140/1/615 654/1/615
f 739/1/615 562/1/615 183/1/615 817/1/615 910/1/615
f 911/1/709 183/1/709 863/1/709
f 818/1/711 183/1/711 911/1/711
f 140/1/10 660/1/10 659/1/10
f 140/1/13 662/1/13 660/1/13
f 913/1/618 912/1/618 197/1/618 184/1/618 819/1/618 914/1/618
f 197/1/26 912/1/26 919/1/26 920/1/26 916/1/26 918/1/26 915/1/26 826/1/26 213/1/26
f 916/1/712 917/1/712 918/1/712
f 920/1/713 921/1/713 922/1/713 916/1/713
f 595/1/714 671/1/714 625/1/714
f 680/1/715 703/1/715 693/1/715
f 213/1/208 183/1/208 586/1/208 584/1/208 585/1/208 622/1/208 651/1/208 678/1/208 690/1/208 595/1/208 596/1/208
f 595/1/716 690/1/716 703/1/716
f 680/1/717 671/1/717 595/1/717
f 703/1/718 680/1/718 595/1/718
f 586/1/207 183/1/207 562/1/207 564/1/207
f 562/1/719 563/1/719 564/1/719
f 140/1/720 661/1/720 654/1/720
f 924/106/721 923/107/721 230/3/721 218/6/721 925/108/721
f 923/107/722 833/109/722 230/3/722
f 837/9/723 925/110/723 218/6/723
f 218/6/724 215/12/724 839/111/724 835/7/724
f 926/112/725 838/113/725 215/114/725 224/115/725 927/116/725
f 928/117/726 840/13/726 221/16/726 843/118/726
f 931/119/727 929/120/727 224/121/727 841/14/727 930/122/727
f 929/123/725 927/124/725 224/15/725
f 932/125/728 220/20/728 845/126/728 933/127/728
f 842/17/729 220/20/729 932/128/729
f 936/129/730 205/21/730 203/130/730 934/131/730 935/132/730
f 844/22/731 205/21/731 936/133/731
f 934/134/732 203/26/732 846/135/732
f 583/136/328 937/137/328 774/138/328
f 937/139/733 583/140/733 582/32/733 68/31/733 879/141/733
f 51/38/734 608/37/734 607/142/734 629/143/734
f 673/144/735 39/145/735 10/42/735 674/45/735
f 51/146/522 629/147/522 628/43/522 10/42/522
f 39/148/559 673/144/559 672/149/559 686/47/559 25/46/559
f 157/150/585 25/46/585 698/50/585 699/151/585
f 728/152/602 144/153/602 146/51/602 724/54/602
f 157/150/596 699/151/596 722/154/596 146/155/596
f 709/156/736 148/157/736 704/158/736 705/159/736 730/160/736 708/161/736
f 726/162/737 148/163/737 144/55/737 727/164/737
f 732/165/738 731/166/738 712/167/738 708/168/738 730/169/738 706/170/738 704/158/738 148/157/738 726/162/738 725/171/738
f 155/172/526 669/173/526 668/174/526
f 155/172/525 153/72/525 667/71/525 669/175/525
f 683/176/739 695/177/739 806/178/739 799/179/739
f 624/180/740 623/181/740 159/76/740 155/182/740 668/183/740
f 938/184/528 867/185/528 159/76/528 670/79/528 796/186/528
f 716/187/741 210/88/741 714/188/741
f 210/88/742 716/187/742 715/89/742
f 851/189/743 939/190/743 212/92/743
f 939/191/744 850/192/744 212/92/744
f 854/101/745 853/193/745 228/102/745
f 834/194/746 857/195/746 225/196/746
f 919/1/747 152/1/747 920/1/747
f 926/1/508 168/1/508 169/1/508 836/1/508 835/1/508 839/1/508 838/1/508
f 755/1/615 754/1/615 5/1/615 21/1/615 761/1/615
f 62/1/615 139/1/615 130/1/615
f 768/1/618 101/1/618 770/1/618 769/1/618 767/1/618
f 139/1/26 166/1/26 101/1/26
f 99/1/720 794/1/720 790/1/720 789/1/720
f 62/197/748 176/2/748 178/3/748
f 95/198/749 97/199/749 169/200/749
f 87/201/750 95/202/750 168/12/750
f 174/121/727 172/16/727 79/203/727
f 172/19/624 171/204/624 76/205/624
f 69/206/728 171/204/728 160/207/728
f 776/208/751 775/209/751 773/210/751 774/211/751 937/212/751 879/213/751 880/214/751 55/215/751 158/26/751 779/216/751
f 55/217/752 880/218/752 881/219/752 46/220/752
f 38/31/753 901/221/753 902/222/753
f 38/223/628 902/224/628 903/225/628 905/226/628 32/38/628
f 35/227/754 38/223/754 32/38/754
f 5/42/755 816/228/755 815/229/755
f 14/46/558 909/230/558 908/231/558
f 14/46/585 908/232/585 906/233/585 907/234/585
f 104/155/756 898/235/756 889/236/756 888/237/756
f 103/55/757 887/238/757 890/239/757
f 885/240/633 886/241/633 107/242/633 105/243/633 895/244/633
f 876/245/635 874/246/635 109/72/635 107/73/635 886/247/635
f 115/248/528 878/249/528 872/250/528 871/251/528
f 800/252/758 801/253/758 116/254/758 938/255/758 796/256/758 795/257/758 798/258/758 797/259/758 808/260/758
f 807/261/759 164/88/759 123/262/759 805/263/759
f 135/264/640 164/88/640 165/92/640
f 134/265/641 165/92/641 177/98/641
f 130/266/746 177/102/746 176/103/746
f 918/1/760 152/1/760 915/1/760
f 917/1/761 152/1/761 918/1/761
f 916/1/762 152/1/762 917/1/762
f 922/1/763 152/1/763 916/1/763
f 921/1/307 152/1/307 922/1/307
f 920/1/764 152/1/764 921/1/764
f 166/1/765 824/1/765 823/1/765
f 178/1/307 176/1/307 855/1/307 856/1/307
f 930/1/766 174/1/766 931/1/766
f 934/1/767 846/1/767 847/1/767 935/1/767
f 847/1/768 160/1/768 935/1/768
f 935/1/307 160/1/307 171/1/307 933/1/307 845/1/307 844/1/307 936/1/307
f 928/1/307 172/1/307 174/1/307 930/1/307 841/1/307 840/1/307
f 933/1/307 171/1/307 172/1/307 928/1/307 843/1/307 842/1/307 932/1/307
f 823/1/769 822/1/769 166/1/769
f 854/1/508 855/1/508 176/1/508 177/1/508 852/1/508 853/1/508
f 822/1/770 832/1/770 166/1/770
f 851/1/307 852/1/307 177/1/307 165/1/307 849/1/307 850/1/307 939/1/307
f 777/1/771 779/1/771 158/1/771
f 847/1/307 778/1/307 777/1/307 158/1/307 160/1/307
f 832/1/772 831/1/772 166/1/772
f 849/1/307 165/1/307 164/1/307 848/1/307 812/1/307 811/1/307 810/1/307
f 166/1/773 831/1/773 830/1/773
f 164/1/774 807/1/774 804/1/774 809/1/774 848/1/774
f 830/1/775 829/1/775 166/1/775
f 797/1/776 799/1/776 806/1/776 808/1/776
f 829/1/777 828/1/777 166/1/777
f 772/1/508 771/1/508 152/1/508 914/1/508 819/1/508
f 826/1/413 915/1/413 152/1/413 166/1/413 827/1/413
f 828/1/778 827/1/778 166/1/778
f 152/1/779 913/1/779 914/1/779
f 152/1/780 919/1/780 912/1/780 913/1/780
f 836/1/508 169/1/508 178/1/508 924/1/508 925/1/508 837/1/508
f 923/1/508 924/1/508 178/1/508 856/1/508 857/1/508 834/1/508 833/1/508
f 166/1/781 825/1/781 824/1/781
f 825/1/782 166/1/782 821/1/782
f 931/1/307 174/1/307 168/1/307 926/1/307 927/1/307 929/1/307
f 116/1/700 139/1/700 122/1/700
f 121/1/783 139/1/783 116/1/783
f 123/1/700 139/1/700 121/1/700
f 125/1/700 139/1/700 123/1/700
f 136/1/615 139/1/615 135/1/615
f 135/1/615 139/1/615 125/1/615
f 782/1/784 788/1/784 99/1/784
f 737/1/709 738/1/709 65/1/709 97/1/709
f 788/1/785 787/1/785 99/1/785
f 736/1/615 737/1/615 97/1/615 95/1/615
f 787/1/786 786/1/786 99/1/786
f 735/1/615 736/1/615 95/1/615 87/1/615
f 786/1/787 785/1/787 99/1/787
f 742/1/615 735/1/615 87/1/615 81/1/615
f 122/1/615 139/1/615 115/1/615
f 115/1/408 139/1/408 110/1/408
f 780/1/700 99/1/700 791/1/700
f 744/1/615 70/1/615 752/1/615 750/1/615 749/1/615 748/1/615 747/1/615 746/1/615
f 785/1/788 793/1/788 99/1/788
f 740/1/615 742/1/615 81/1/615 79/1/615
f 792/1/789 99/1/789 793/1/789
f 740/1/615 79/1/615 76/1/615 745/1/615 741/1/615
f 792/1/790 791/1/790 99/1/790
f 745/1/709 76/1/709 70/1/709 744/1/709
f 110/1/700 139/1/700 109/1/700
f 109/1/615 139/1/615 101/1/615
f 752/1/791 70/1/791 69/1/791 753/1/791
f 753/1/792 69/1/792 67/1/792 751/1/792
f 55/1/615 759/1/615 751/1/615 67/1/615
f 759/1/793 55/1/793 46/1/793 760/1/793
f 38/1/615 757/1/615 760/1/615 46/1/615
f 757/1/794 38/1/794 35/1/794 758/1/794
f 107/1/615 109/1/615 101/1/615
f 104/1/615 103/1/615 101/1/615
f 103/1/791 105/1/791 101/1/791
f 105/1/615 107/1/615 101/1/615
f 111/1/615 104/1/615 101/1/615
f 21/1/615 101/1/615 768/1/615 766/1/615 765/1/615 764/1/615 763/1/615 762/1/615 761/1/615
f 32/1/615 756/1/615 758/1/615 35/1/615
f 756/1/700 32/1/700 5/1/700 754/1/700
f 14/1/615 111/1/615 101/1/615
f 101/1/615 21/1/615 14/1/615
f 783/1/795 782/1/795 99/1/795
f 738/1/615 734/1/615 62/1/615 65/1/615
f 784/1/700 783/1/700 99/1/700
f 743/1/615 139/1/615 62/1/615 734/1/615
f 134/1/615 139/1/615 136/1/615
f 130/1/615 139/1/615 134/1/615
f 794/1/10 99/1/10 781/1/10
f 99/1/13 780/1/13 781/1/13
f 101/1/618 152/1/618 771/1/618 770/1/618
f 166/1/26 152/1/26 101/1/26
f 863/1/207 864/1/207 862/1/207 861/1/207 858/1/207 859/1/207 868/1/207 870/1/207 873/1/207 820/1/207 821/1/207 166/1/207 139/1/207 910/1/207 817/1/207 818/1/207 911/1/207
f 861/1/796 860/1/796 858/1/796
f 139/1/207 743/1/207 739/1/207 910/1/207
f 789/1/797 784/1/797 99/1/797
f 65/267/722 178/3/722 169/268/722
f 65/267/721 62/197/721 178/3/721
f 97/199/798 65/269/798 169/6/798
f 95/270/724 169/6/724 168/12/724
f 87/271/725 168/12/725 174/272/725
f 79/273/624 172/16/624 76/274/624
f 81/275/341 174/121/341 79/273/341
f 81/276/725 87/277/725 174/278/725
f 70/279/728 171/20/728 69/280/728
f 76/281/799 171/20/799 70/279/799
f 67/282/626 160/207/626 158/130/626
f 69/206/728 160/207/728 67/282/728
f 67/282/626 158/26/626 55/215/626
f 46/220/800 881/283/800 882/284/800 883/285/800
f 46/286/800 883/287/800 884/288/800 901/289/800 38/31/800
f 32/38/522 905/226/522 904/290/522
f 814/291/532 899/292/532 21/145/532 5/42/532 815/229/532
f 32/146/522 904/293/522 813/294/522 816/228/522 5/42/522
f 900/295/558 909/296/558 14/46/558 21/148/558 899/292/558
f 896/297/584 897/298/584 111/150/584 14/46/584 907/299/584
f 887/300/602 103/301/602 104/51/602 888/237/602
f 111/150/596 897/298/596 898/235/596 104/155/596
f 895/302/801 105/157/801 894/303/801
f 891/304/802 892/305/802 105/157/802 103/306/802 890/307/802
f 894/303/738 105/157/738 892/305/738 893/308/738
f 110/172/526 875/309/526 877/310/526
f 110/172/525 109/72/525 874/311/525 875/312/525
f 867/313/758 938/314/758 116/315/758 122/316/758 866/317/758
f 115/248/526 110/182/526 877/318/526 878/319/526
f 865/320/636 866/321/636 122/316/636 115/248/636 871/251/636 869/322/636
f 803/323/803 805/324/803 123/325/803 121/326/803 802/327/803
f 801/253/804 802/328/804 121/326/804 116/254/804
f 135/329/805 125/330/805 164/88/805
f 125/330/806 123/262/806 164/88/806
f 134/331/641 136/332/641 165/92/641
f 136/332/807 135/264/807 165/92/807
f 130/266/808 134/265/808 177/102/808
f 62/333/642 130/266/642 176/196/642
f 1028/1/809 43/1/809 1033/1/809
f 994/1/810 993/1/810 44/1/810 23/1/810 996/1/810 995/1/810
f 979/1/811 980/1/811 113/1/811 984/1/811 982/1/811 983/1/811
f 131/1/812 1157/1/812 1158/1/812 1156/1/812 1155/1/812
f 1039/1/157 987/1/157 949/1/157 948/1/157 950/1/157 940/1/157 941/1/157 71/1/157 43/1/157 1029/1/157 1020/1/157 1021/1/157 1065/1/157
f 113/1/26 43/1/26 71/1/26 1164/1/26 1160/1/26 1159/1/26 1163/1/26 1162/1/26 1161/1/26 1172/1/26 1171/1/26 1170/1/26 1169/1/26 1168/1/26 1167/1/26 1166/1/26 1165/1/26
f 138/1/194 113/1/194 1173/1/194 1136/1/194 944/1/194 945/1/194 947/1/194
f 29/2/813 27/334/813 1174/335/813 1175/336/813
f 7/337/814 20/338/814 1178/339/814 1179/340/814 1177/341/814 1176/342/814
f 4/343/148 20/338/148 7/337/148
f 1181/344/815 1180/345/815 15/346/815 11/347/815 1182/348/815
f 11/349/816 1183/350/816 1182/351/816
f 44/352/817 1185/353/817 1184/354/817
f 48/355/818 1187/356/818 1186/357/818
f 48/358/819 1188/359/819 1187/356/819
f 1190/360/820 1189/361/820 53/362/820 60/363/820
f 60/364/821 1191/365/821 1192/366/821 1190/367/821
f 60/368/822 1071/369/822 1070/370/822 1154/371/822 1193/372/822 1191/373/822
f 1196/374/512 1068/375/512 1067/376/512 72/377/512 1195/378/512 1194/379/512
f 1080/380/823 1081/381/823 1076/382/823 1077/383/823 75/384/823 1085/385/823
f 1079/386/824 1085/387/824 75/388/824 72/377/824 1067/389/824 1066/390/824
f 1075/391/518 117/392/518 75/388/518 1074/393/518
f 1083/394/305 1082/395/305 1088/396/305 1086/397/305
f 117/392/542 1075/391/542 1062/398/542 1063/399/542 118/400/542
f 1087/401/825 1088/396/825 1082/395/825 1084/402/825
f 1017/403/826 1018/404/826 118/405/826 1063/406/826 1064/407/826 1061/408/826
f 975/409/827 133/410/827 974/411/827
f 118/412/828 133/413/828 114/414/828
f 971/415/284 131/416/284 969/417/284
f 129/418/283 131/419/283 966/420/283 967/421/283
f 963/422/829 129/418/829 967/423/829 959/424/829 960/425/829
f 958/426/830 127/427/830 962/428/830 955/429/830 956/430/830
f 952/431/393 124/432/393 954/433/393
f 1014/434/831 1058/435/831 100/436/831 37/437/831 1197/438/831 1141/439/831
f 37/440/831 33/441/831 1198/442/831 1199/443/831 1200/444/831
f 1201/445/832 1202/446/832 29/447/832 1175/448/832
f 1035/1/833 43/1/833 1034/1/833
f 1036/1/834 43/1/834 1035/1/834
f 1037/1/835 43/1/835 1036/1/835
f 1038/1/836 43/1/836 1037/1/836
f 1030/1/837 43/1/837 1038/1/837
f 1043/1/838 1041/1/838 1042/1/838 1071/1/838 60/1/838
f 1031/1/839 43/1/839 1030/1/839
f 1043/1/840 60/1/840 53/1/840 1044/1/840
f 978/1/841 977/1/841 113/1/841
f 113/1/842 977/1/842 976/1/842 1024/1/842
f 1024/1/843 1023/1/843 113/1/843
f 1023/1/844 1022/1/844 113/1/844
f 1022/1/845 1025/1/845 113/1/845
f 1072/1/846 100/1/846 1059/1/846 1060/1/846
f 1055/1/847 100/1/847 1072/1/847 1056/1/847
f 1011/1/848 1010/1/848 33/1/848 37/1/848 1054/1/848
f 1012/1/849 1054/1/849 37/1/849 100/1/849 1055/1/849 1013/1/849
f 1034/1/850 43/1/850 113/1/850 1025/1/850 1026/1/850
f 7/1/851 27/1/851 1053/1/851 1051/1/851
f 1053/1/852 27/1/852 29/1/852 1007/1/852 1005/1/852 1006/1/852 1052/1/852
f 1007/1/853 29/1/853 33/1/853 1010/1/853 1009/1/853 1008/1/853
f 1001/1/854 15/1/854 20/1/854 1048/1/854 1002/1/854
f 1047/1/855 1048/1/855 20/1/855 4/1/855 1050/1/855 1049/1/855
f 1051/1/856 1003/1/856 1004/1/856 1050/1/856 4/1/856 7/1/856
f 1027/1/857 43/1/857 1028/1/857
f 997/1/858 996/1/858 23/1/858 1045/1/858
f 1032/1/859 43/1/859 1031/1/859
f 1044/1/860 53/1/860 48/1/860 990/1/860 988/1/860 989/1/860
f 1033/1/861 43/1/861 1032/1/861
f 992/1/862 991/1/862 990/1/862 48/1/862 44/1/862 993/1/862
f 23/1/863 11/1/863 1046/1/863 1045/1/863
f 1046/1/864 11/1/864 15/1/864 1001/1/864 1000/1/864 999/1/864 998/1/864
f 981/1/865 978/1/865 113/1/865
f 984/1/866 113/1/866 138/1/866 986/1/866
f 980/1/867 981/1/867 113/1/867
f 1204/1/812 129/1/812 127/1/812 1207/1/812 1203/1/812 1206/1/812 1205/1/812
f 1210/1/812 126/1/812 124/1/812 1213/1/812 1208/1/812 1212/1/812 1211/1/812 1209/1/812
f 124/1/868 1214/1/868 1213/1/868
f 1207/1/812 127/1/812 126/1/812 1210/1/812 1216/1/812 1215/1/812
f 118/1/812 114/1/812 1219/1/812 1218/1/812 1217/1/812
f 117/1/812 118/1/812 1217/1/812 1221/1/812 1220/1/812
f 75/1/869 117/1/869 1220/1/869 1222/1/869 1223/1/869 1224/1/869
f 72/1/870 75/1/870 1224/1/870 1227/1/870 1228/1/870 1225/1/870 1226/1/870
f 71/1/812 1232/1/812 1231/1/812
f 1230/1/870 72/1/870 1226/1/870 1233/1/870 1234/1/870 1229/1/870
f 71/1/871 1235/1/871 1232/1/871
f 1237/1/872 1195/1/872 72/1/872 1230/1/872 1236/1/872 1238/1/872
f 71/1/873 1239/1/873 1235/1/873
f 71/1/874 1240/1/874 1239/1/874
f 71/1/875 1241/1/875 1240/1/875
f 71/1/812 941/1/812 1090/1/812 1243/1/812 1242/1/812
f 71/1/876 1244/1/876 1241/1/876
f 71/1/877 1242/1/877 1244/1/877
f 114/1/812 133/1/812 1245/1/812 1246/1/812 1219/1/812
f 129/1/812 1204/1/812 1248/1/812 1247/1/812 1157/1/812 131/1/812
f 133/1/812 131/1/812 1155/1/812 1250/1/812 1249/1/812 1245/1/812
f 1027/1/878 1029/1/878 43/1/878
f 943/1/157 942/1/157 940/1/157 950/1/157
f 71/1/26 1231/1/26 1164/1/26
f 1252/1/26 113/1/26 1165/1/26 1254/1/26 1253/1/26 1251/1/26
f 113/1/194 1252/1/194 1255/1/194 1256/1/194 1257/1/194 1259/1/194 1258/1/194 1173/1/194
f 1174/335/879 27/334/879 1261/449/879 1260/450/879
f 7/337/880 1176/342/880 1262/451/880
f 27/452/813 7/337/813 1262/451/813 1263/453/813 1261/454/813
f 20/455/881 1264/456/881 1178/457/881
f 20/455/881 15/346/881 1180/345/881 1265/458/881 1264/456/881
f 11/459/882 23/460/882 1267/461/882 1266/462/882 1183/463/882
f 1268/464/817 1267/461/817 23/460/817 44/465/817 1184/354/817
f 1269/466/818 1185/353/818 44/352/818 48/355/818 1186/357/818
f 1270/467/883 1188/359/883 48/355/883 53/362/883 1189/361/883
f 1040/468/462 1069/469/462 1271/470/462 1147/471/462
f 1271/472/884 1069/473/884 1068/375/884 1196/474/884
f 1077/383/519 1078/475/519 75/384/519
f 1074/393/518 75/388/518 1078/475/518 1073/476/518
f 1016/477/885 1015/478/885 973/479/885 974/411/885 133/410/885 118/480/885 1018/481/885 1019/482/885
f 972/483/886 968/484/886 969/485/886 131/416/886 133/410/886 975/409/886
f 970/486/283 964/487/283 965/488/283 966/420/283 131/416/283 971/489/283
f 962/428/282 127/427/282 961/490/282
f 961/490/282 127/427/282 129/418/282 963/422/282
f 953/491/393 126/492/393 957/493/393 951/494/393
f 126/492/281 127/427/281 958/426/281 957/495/281
f 954/496/393 124/432/393 126/497/393 953/498/393
f 124/499/887 952/500/887 1138/501/887 1272/502/887 1214/503/887
f 100/504/888 1057/505/888 1150/506/888 1273/507/888 1152/508/888 1059/509/888
f 1058/435/889 1057/510/889 100/511/889
f 1197/512/890 37/440/890 1200/513/890 1274/514/890
f 33/515/891 29/516/891 1202/517/891 1198/518/891
f 985/1/892 986/1/892 138/1/892 947/1/892 946/1/892
f 1163/1/145 26/1/145 1162/1/145
f 1269/1/306 28/1/306 12/1/306 1268/1/306 1184/1/306 1185/1/306
f 77/1/306 1135/1/306 1136/1/306 1173/1/306 1258/1/306
f 1091/1/812 49/1/812 52/1/812 1092/1/812
f 1111/1/812 96/1/812 93/1/812 1113/1/812
f 1094/1/157 40/1/157 26/1/157 1160/1/157 1164/1/157 1231/1/157 1232/1/157 1235/1/157 1239/1/157 1240/1/157 1241/1/157 1244/1/157 1242/1/157 1243/1/157 1093/1/157
f 40/1/26 77/1/26 26/1/26
f 1134/1/893 77/1/893 1129/1/893 1128/1/893 1130/1/893 1132/1/893 1131/1/893 1137/1/893 1133/1/893
f 13/519/879 22/520/879 16/2/879
f 47/521/814 3/337/814 9/522/814
f 2/523/894 9/522/894 3/337/894
f 8/524/882 6/525/882 49/526/882
f 6/527/882 52/528/882 49/526/882
f 28/529/817 50/530/817 52/531/817
f 30/355/818 54/532/818 50/533/818
f 30/355/883 58/534/883 54/532/883
f 58/535/870 63/536/870 61/537/870
f 31/362/820 36/538/820 58/534/820
f 63/536/895 58/539/895 36/538/895 1194/540/895 1195/541/895 1237/542/895
f 1148/543/822 1147/544/822 1271/545/822 1196/546/822 1194/547/822 36/368/822 1153/548/822
f 63/549/896 1237/550/896 1238/551/896
f 1233/552/512 42/553/512 63/549/512 1234/554/512
f 1225/555/897 1228/556/897 45/557/897
f 1225/555/824 45/557/824 42/553/824 1233/558/824 1226/559/824
f 1222/560/518 80/561/518 45/557/518 1223/562/518
f 80/561/542 1222/563/542 1220/564/542 1221/565/542 82/405/542
f 1218/566/898 82/405/898 1221/565/898 1217/567/898
f 1249/568/899 94/410/899 1246/569/899 1245/570/899
f 82/571/812 94/572/812 78/414/812
f 1156/573/284 93/574/284 1250/575/284 1155/576/284
f 91/577/283 93/416/283 1158/578/283 1157/579/283 1247/580/283
f 1248/581/282 91/582/282 1247/583/282
f 1203/584/900 90/585/900 1206/586/900
f 1211/587/393 88/432/393 1209/588/393
f 1146/589/901 86/590/901 83/591/901 1208/592/901 1213/593/901 1214/594/901 1272/595/901 1143/596/901
f 19/597/831 84/598/831 64/436/831
f 24/599/831 19/600/831 18/441/831
f 22/601/902 24/602/902 16/516/902
f 1167/1/903 26/1/903 1166/1/903
f 1168/1/904 26/1/904 1167/1/904
f 1169/1/460 26/1/460 1168/1/460
f 1170/1/905 26/1/905 1169/1/905
f 1171/1/906 26/1/906 1170/1/906
f 1153/1/511 36/1/511 1193/1/511 1154/1/511
f 1172/1/907 26/1/907 1171/1/907
f 1193/1/464 36/1/464 31/1/464 1192/1/464 1191/1/464
f 1257/1/908 1256/1/908 77/1/908
f 1256/1/460 1255/1/460 77/1/460
f 77/1/909 1255/1/909 1252/1/909 1251/1/909
f 1251/1/910 1253/1/910 77/1/910
f 1253/1/911 1254/1/911 77/1/911
f 1273/1/485 64/1/485 1151/1/485 1152/1/485
f 1150/1/912 1149/1/912 1140/1/912 1142/1/912 64/1/912 1273/1/912
f 1200/1/306 1199/1/306 18/1/306 19/1/306 1274/1/306
f 1197/1/913 1274/1/913 19/1/913 64/1/913 1142/1/913 1141/1/913
f 1166/1/306 26/1/306 77/1/306 1254/1/306 1165/1/306
f 1261/1/306 1263/1/306 3/1/306 13/1/306 1260/1/306
f 1174/1/511 1260/1/511 13/1/511 16/1/511 1201/1/511 1175/1/511
f 1202/1/306 1201/1/306 16/1/306 18/1/306 1199/1/306 1198/1/306
f 1264/1/306 1265/1/306 8/1/306 9/1/306 1179/1/306 1178/1/306
f 9/1/913 2/1/913 1177/1/913 1179/1/913
f 1177/1/306 2/1/306 3/1/306 1263/1/306 1262/1/306 1176/1/306
f 1159/1/464 26/1/464 1163/1/464
f 1267/1/306 1268/1/306 12/1/306 1266/1/306
f 1161/1/914 26/1/914 1172/1/914
f 1192/1/306 31/1/306 30/1/306 1270/1/306 1189/1/306 1190/1/306
f 1162/1/464 26/1/464 1161/1/464
f 1270/1/306 30/1/306 28/1/306 1269/1/306 1186/1/306 1187/1/306 1188/1/306
f 12/1/306 6/1/306 1181/1/306 1182/1/306 1183/1/306 1266/1/306
f 6/1/306 8/1/306 1265/1/306 1180/1/306 1181/1/306
f 1259/1/915 1257/1/915 77/1/915
f 1135/1/916 77/1/916 1134/1/916
f 1258/1/917 1259/1/917 77/1/917
f 1114/1/812 91/1/812 90/1/812 1115/1/812
f 1118/1/870 89/1/870 88/1/870 1119/1/870
f 1119/1/828 88/1/828 83/1/828 1120/1/828
f 1115/1/812 90/1/812 89/1/812 1118/1/812
f 78/1/812 96/1/812 82/1/812
f 82/1/812 96/1/812 80/1/812
f 1120/1/812 83/1/812 86/1/812 1117/1/812
f 80/1/812 96/1/812 45/1/812
f 45/1/812 96/1/812 42/1/812
f 1110/1/812 1116/1/812 84/1/812 1095/1/812 1089/1/812 1100/1/812 1101/1/812 1102/1/812 1103/1/812 1104/1/812 1105/1/812 1106/1/812 1107/1/812 1108/1/812 1109/1/812
f 1117/1/812 86/1/812 84/1/812 1116/1/812
f 42/1/812 96/1/812 40/1/812
f 63/1/870 42/1/870 40/1/870
f 1095/1/812 84/1/812 24/1/812 1096/1/812
f 1096/1/812 24/1/812 22/1/812 1097/1/812
f 61/1/870 63/1/870 40/1/870
f 58/1/812 61/1/812 40/1/812
f 1097/1/812 22/1/812 57/1/812 1098/1/812
f 1098/1/812 57/1/812 47/1/812 1099/1/812
f 54/1/812 58/1/812 40/1/812
f 52/1/812 40/1/812 1094/1/812 1092/1/812
f 50/1/812 54/1/812 40/1/812
f 40/1/812 52/1/812 50/1/812
f 1099/1/812 47/1/812 49/1/812 1091/1/812
f 94/1/812 96/1/812 78/1/812
f 1113/1/812 93/1/812 91/1/812 1114/1/812
f 93/1/812 96/1/812 94/1/812
f 1126/1/812 96/1/812 1111/1/812 1112/1/812 1121/1/812 1122/1/812 1123/1/812 1124/1/812 1125/1/812
f 1159/1/918 1160/1/918 26/1/918
f 1090/1/157 1093/1/157 1243/1/157
f 40/1/26 96/1/26 77/1/26
f 77/1/893 96/1/893 1126/1/893 1127/1/893 1129/1/893
f 57/603/813 22/604/813 13/519/813
f 47/521/880 57/605/880 3/337/880
f 57/605/919 13/606/919 3/337/919
f 9/607/881 49/526/881 47/521/881
f 9/607/920 8/608/920 49/526/920
f 6/349/882 12/609/882 52/528/882
f 12/610/817 28/611/817 52/528/817
f 28/611/818 30/355/818 50/533/818
f 30/612/883 31/362/883 58/534/883
f 1238/613/921 1236/614/921 63/549/921
f 1230/615/462 1229/616/462 63/549/462 1236/617/462
f 1234/618/922 63/549/922 1229/619/922
f 1228/620/923 1227/621/923 45/557/923
f 1223/562/924 45/557/924 1227/621/924 1224/622/924
f 1246/623/885 94/410/885 82/624/885 1218/625/885 1219/626/885
f 1250/575/284 93/416/284 94/627/284 1249/628/284
f 1158/578/283 93/574/283 1156/629/283
f 1206/630/925 90/427/925 1205/631/925
f 1205/631/282 90/427/282 91/582/282 1248/581/282 1204/632/282
f 1216/633/926 89/492/926 1215/634/926
f 1215/635/281 89/492/281 90/427/281 1203/636/281 1207/637/281
f 1209/638/393 88/432/393 89/497/393 1216/639/393 1210/640/393
f 1212/641/393 83/642/393 88/499/393 1211/643/393
f 1212/644/901 1208/645/901 83/646/901
f 1138/647/927 1139/648/927 1144/648/927 1143/649/927 1272/650/927
f 64/651/928 86/590/928 1146/589/928 1145/652/928 1151/653/928
f 84/654/888 86/590/888 64/655/888
f 24/656/831 84/657/831 19/658/831
f 16/516/891 24/602/891 18/515/891
