# Blender 5.2.0 LTS
# www.blender.org
mtllib right_eye_bucket_with_both_eye_flange_roots_freecad_transfer_v16.mtl
o PROPOSED__RIGHT_EYE_BUCKET_WITH_BOTH_EYE_FLANGES__V16
v 103.741959 91.154106 178.890518
v 66.067764 65.240875 122.794243
v 66.379227 65.052437 122.826706
v 65.851212 64.746193 121.405563
v 95.832054 82.551788 146.127304
v 65.745445 65.628586 122.715263
v 66.162674 64.557755 121.438026
v 65.816284 65.500992 122.742607
v 65.965599 65.346550 122.773270
v 97.241592 83.031570 146.188889
v 65.528893 65.133904 121.326584
v 65.641914 65.815063 122.675308
v 66.587166 64.990738 122.833282
v 95.568932 83.200623 145.940308
v 65.599731 65.006310 121.353928
v 66.729439 64.948517 122.837784
v 96.853340 88.452057 177.690186
v 67.094536 64.936195 122.826706
v 67.305382 64.983772 122.807434
v 65.749046 64.851868 121.384590
v 95.701538 82.863388 145.987869
v 66.908142 66.048210 127.506691
v 65.425362 65.320381 121.286629
v 67.273239 66.035889 127.495621
v 96.978470 83.680405 146.001892
v 60.199352 67.125580 122.574959
v 66.370613 64.496056 121.444603
v 65.556549 66.161674 122.596939
v 66.512886 64.453835 121.449104
v 65.565994 66.517220 122.512833
v 65.669617 66.857445 122.428726
v 95.951576 82.287056 146.349121
v 66.877983 64.441513 121.438026
v 104.178452 90.062469 179.130936
v 96.051964 82.087227 146.638184
v 65.747101 66.980034 122.396889
v 67.088829 64.489090 121.418755
v 96.068237 82.060692 146.711823
v 97.111076 83.343170 146.049454
v 60.378063 68.225266 127.243874
v 42.182407 65.744629 168.328140
v 66.624802 68.668678 126.900330
v 59.982807 66.630898 121.186279
v 65.339996 65.666992 121.208260
v 66.979904 68.748795 126.867867
v 96.126373 81.965919 146.974808
v 66.246468 66.340569 127.463158
v 65.349442 66.022537 121.124153
v 65.994987 66.600685 127.411522
v 65.735252 67.261360 127.265846
v 97.361115 82.766838 146.410706
v 65.820618 66.914749 127.344223
v 65.453064 66.362762 121.040047
v 65.744698 67.616905 127.181747
v 96.135857 81.958366 147.053833
v 41.745914 66.836266 168.087723
v 66.557930 66.152130 127.495621
v 65.848320 67.957138 127.097641
v 97.461502 82.567009 146.699768
v 65.530548 66.485352 121.008209
v 66.039047 68.258888 127.019272
v 95.772644 83.278328 148.731812
v 66.303894 68.501579 126.951973
v 67.449638 65.016319 122.794243
v 95.870819 83.012794 148.694656
v 102.645805 89.243530 178.140823
v 96.169739 81.931404 147.336060
v 97.477776 82.540474 146.773407
v 96.171783 81.943352 147.415085
v 96.179100 81.986031 147.697311
v 60.161518 67.730583 125.855194
v 66.408249 68.173996 125.511650
v 102.209312 90.335167 177.900406
v 65.986450 89.710938 170.212997
v 66.763351 68.254112 125.479187
v 96.173569 82.016663 147.770950
v 71.368408 71.281807 121.168510
v 68.006676 68.444115 126.900330
v 96.153824 82.126076 148.033936
v 67.345001 68.736473 126.856796
v 96.095619 82.342003 148.322998
v 67.695213 68.632553 126.867867
v 68.214096 66.525795 127.344215
v 67.628342 66.116005 127.463158
v 37.089977 78.480415 165.523346
v 67.949249 66.283104 127.411522
v 96.008476 82.619087 148.544815
v 68.255821 66.591805 127.327072
v 68.404823 66.827545 127.265846
v 68.508446 67.167778 127.181740
v 68.517891 67.523315 127.097641
v 65.596382 89.662003 170.490585
v 68.432526 67.869934 127.019264
v 68.258156 68.183998 126.951965
v 95.984375 82.688950 148.575317
v 71.547119 72.381493 125.837425
v 95.898315 82.938446 148.684250
v 65.955460 89.823921 170.178879
v 97.414680 80.162582 154.157486
v 67.233086 64.521637 121.405563
v 94.508888 84.860847 140.835220
v 65.999962 89.712631 170.203384
v 95.265015 84.076332 146.300598
v 95.333099 83.859863 146.127304
v 95.245949 84.136948 146.349121
v 67.022568 86.095192 171.276093
v 95.187752 84.352867 146.638184
v 66.798073 86.043137 171.447342
v 95.162476 84.492912 146.974808
v 95.169785 84.535591 147.257034
v 95.443260 83.540497 145.987869
v 65.343094 89.681931 170.645981
v 71.151855 70.787125 119.779831
v 67.790123 67.949432 125.511650
v 95.171837 84.547539 147.336060
v 95.273331 84.418251 147.960297
v 67.128448 68.241791 125.468117
v 67.478661 68.137871 125.479187
v 67.076553 86.118774 171.285187
v 67.430756 86.273552 171.344849
v 95.289612 84.391716 148.033936
v 95.215202 84.513023 147.697311
v 95.368042 84.235603 148.259766
v 68.039268 66.097122 125.938393
v 95.389999 84.191887 148.322998
v 68.188271 66.332863 125.877167
v 68.291893 66.673096 125.793060
v 65.977081 86.005035 172.764938
v 68.301338 67.028633 125.708961
v 95.640038 83.615555 148.684250
v 68.215973 67.375252 125.630585
v 69.716682 87.272369 171.729874
v 68.041603 67.689316 125.563286
v 95.611488 83.683716 148.653748
v 95.483376 83.985069 148.496292
v 95.509521 83.927155 148.544815
v 68.374115 86.839249 172.200775
v 74.044128 63.553761 121.372826
v 94.504723 87.440170 152.554733
v 98.824219 80.642365 154.219070
v 69.804710 87.310829 171.744690
v 68.714111 86.964905 172.154037
v 69.859612 87.334824 171.753937
v 96.674553 84.556114 146.362183
v 69.047005 87.108307 172.200775
v 96.742638 84.339645 146.188889
v 69.997444 87.395050 171.777161
v 96.655487 84.616730 146.410706
v 69.350121 87.259682 172.337799
v 96.597290 84.832649 146.699768
v 70.176582 87.473320 171.807327
v 98.980080 86.566353 140.461441
v 96.572014 84.972694 147.036392
v 70.340660 87.545013 171.834961
v 96.579323 85.015373 147.318619
v 69.602798 87.408722 172.555771
v 96.852798 84.020279 146.049454
v 100.623314 83.650932 146.815536
v 96.581375 85.027321 147.397644
v 100.640930 83.636909 146.962296
v 70.459465 87.596924 171.854980
v 69.787819 87.545258 172.839844
v 70.531647 87.628464 171.867142
v 99.861191 85.897392 147.949234
v 99.980713 85.632660 148.171051
v 98.975914 89.145676 152.180954
v 69.892563 87.659996 173.170654
v 100.479668 84.324585 148.171051
v 100.369507 84.643951 148.310486
v 70.567879 87.644295 171.873245
v 100.650291 83.691536 147.323547
v 100.625015 83.831581 147.660172
v 69.909912 87.745110 173.525650
v 100.566818 84.047501 147.949234
v 70.579430 87.649345 171.875183
v 100.243835 84.983826 148.358047
v 100.111229 85.321060 148.310486
v 100.294891 84.845749 148.338730
v 69.838661 87.794807 173.880661
v 71.069939 87.863670 171.957794
v 71.133926 87.910896 172.056061
v 69.426582 91.047928 170.771301
v 95.914261 87.919952 152.616318
v 103.299576 79.768547 142.125778
v 69.380898 91.010986 170.700180
v 69.282486 91.257103 170.645981
v 69.706268 91.274101 171.206726
v 69.678947 91.549690 171.254700
v 99.086021 102.798256 176.326126
v 97.553375 101.979317 175.336014
v 72.547356 82.834953 139.979813
v 62.205593 76.627907 130.580093
v 60.707348 75.617195 128.710953
v 61.952915 76.478867 130.362122
v 63.961178 77.375946 130.789276
v 60.013229 75.404312 129.004578
v 100.389618 87.046135 140.523026
v 63.660572 72.989113 131.381470
v 62.390610 76.764442 130.864166
v 63.340252 76.837494 129.471680
v 62.162327 71.978401 129.512314
v 61.468208 71.765518 129.805939
v 102.032852 84.130714 146.877121
v 61.649799 76.327492 130.225098
v 102.050468 84.116692 147.023880
v 63.407898 72.840080 131.163498
v 63.845589 73.125656 131.665543
v 62.495361 76.879181 131.194977
v 62.512703 76.964294 131.549973
v 101.270729 86.377174 148.010818
v 63.736717 77.130081 130.080399
v 101.390251 86.112442 148.232635
v 100.385452 89.625458 152.242538
v 62.149265 76.193748 128.710953
v 101.889206 84.804367 148.232635
v 60.855835 71.623528 130.273041
v 59.400856 75.262321 129.471680
v 101.779045 85.123734 148.372070
v 62.890888 72.247665 129.412170
v 102.059830 84.171318 147.385132
v 102.034554 84.311363 147.721756
v 61.435909 75.886459 128.610809
v 61.316902 76.184090 130.178360
v 101.976357 84.527283 148.010818
v 101.653374 85.463608 148.419632
v 64.795227 73.198700 130.273041
v 63.950340 73.240395 131.996353
v 101.520767 85.800842 148.372070
v 63.967682 73.325508 132.351349
v 101.704430 85.325531 148.400314
v 62.441456 77.013992 131.904984
v 65.191696 73.491287 130.881760
v 62.798801 76.518127 129.004578
v 60.034843 71.585426 131.590637
v 60.366943 71.562103 130.881760
v 58.911964 75.200897 130.080399
v 58.579865 75.224220 130.789276
v 63.604244 72.554955 129.512314
v 60.976906 76.058434 130.225098
v 63.104782 72.688698 131.026474
v 63.896435 73.375198 132.706360
v 62.286476 77.024872 132.235794
v 65.416161 73.737152 131.590637
v 64.253784 72.879333 129.805939
v 59.023251 75.950005 133.279846
v 59.146324 76.008972 133.324158
v 60.652985 75.959091 130.362122
v 62.771881 72.545296 130.979736
v 62.431885 72.419640 131.026474
v 62.175789 77.010971 132.373611
v 65.453323 73.919540 132.351349
v 63.998341 77.558334 131.549988
v 58.427197 75.330704 131.549988
v 59.882175 71.691910 132.351349
v 74.092178 82.979774 138.717850
v 78.639137 71.608177 141.222198
v 78.440521 71.519073 141.150299
v 77.548180 71.118599 140.827271
v 63.350433 73.687416 135.115402
v 63.209507 73.619888 135.064651
v 63.206623 73.618507 135.063614
v 63.196877 73.613838 135.060104
v 63.177685 73.604645 135.053192
v 63.146763 73.589828 135.042068
v 63.105366 73.569992 135.027161
v 63.061810 73.549118 135.011475
v 63.029408 73.533592 134.999802
v 63.016758 73.527534 134.995255
v 62.996777 73.517960 134.988052
v 60.478233 72.311211 134.081207
v 60.355179 72.252251 134.036911
v 60.262798 72.207985 134.003647
v 61.895462 77.326210 134.314041
v 27.489534 62.064770 121.847275
v 58.807812 75.846771 133.202271
v 61.865505 77.311859 134.303253
v 61.822021 77.291023 134.287598
v 59.597355 76.225082 133.486557
v 59.565662 76.209900 133.475159
v 59.545029 76.200012 133.467728
v 59.490009 76.173645 133.447906
v 59.410774 76.135681 133.419388
v 59.329205 76.096603 133.390015
v 59.263840 76.065277 133.366470
v 59.221180 76.044838 133.351120
v 59.198853 76.034142 133.343079
v 58.900196 75.891037 133.235535
v 58.464359 75.513092 132.310699
v 59.912834 75.924736 131.549973
v 60.367210 75.892822 130.580093
v 62.107964 72.320297 131.163498
v 63.882626 73.376167 132.735825
v 63.741455 73.386086 133.037155
v 63.867287 73.845932 134.896759
v 63.845673 77.664818 132.310699
v 59.919338 71.874298 133.112061
v 101.720642 89.906410 175.951874
v 101.828438 89.636810 176.011246
v 28.840704 62.891567 123.068237
v 32.145473 50.420624 124.411674
v 36.241783 52.576866 125.874222
v 36.349537 52.307384 125.933571
v 37.080936 52.957348 126.177757
v 62.469872 61.177284 124.832817
v 62.450188 60.686871 123.227272
v 103.291824 73.130531 118.477325
v 100.541908 82.817245 153.742126
v 102.331200 83.387314 153.617294
v 63.024681 77.626717 133.628296
v 62.412308 77.484726 134.095398
v 63.513306 73.357414 133.321228
v 63.227531 73.291153 133.539200
v 62.903610 73.191811 133.676239
v 62.563614 73.066154 133.722961
v 62.230717 72.922752 133.676239
v 61.927597 72.771370 133.539200
v 61.674923 72.622337 133.321228
v 60.143799 72.120163 133.820938
v 58.688820 75.758957 133.019577
v 59.930176 76.009850 131.904984
v 60.034927 76.124588 132.235794
v 60.219944 76.261131 132.519852
v 60.472618 76.410164 132.737839
v 60.775734 76.561546 132.874863
v 61.108635 76.704948 132.921600
v 61.448631 76.830605 132.874863
v 59.984081 75.875046 131.194977
v 60.139061 75.864159 130.864166
v 61.822189 72.254036 131.381470
v 62.058327 76.996208 132.519852
v 64.968552 74.049347 133.820938
v 65.300652 74.026024 133.112061
v 102.657776 82.570580 153.797165
v 102.232498 88.902321 177.487305
v 101.821625 89.709564 176.260513
v 101.794685 89.997261 177.246170
v 38.745163 78.711967 164.424835
v 34.846348 51.846588 126.099403
v 33.496643 51.247421 125.632629
v 74.077934 63.614323 121.832260
v 103.837440 71.765984 118.777840
v 62.447990 60.610176 122.983177
v 62.908817 59.457687 123.236992
v 33.572765 51.645760 126.195267
v 33.532539 51.746368 126.173103
v 34.627041 52.081882 126.052361
v 33.585735 51.613331 126.202408
v 33.592857 51.595516 126.206329
v 34.734795 51.812393 126.111710
v 33.640297 51.476875 126.232460
v 34.076790 50.385242 126.472878
v 33.587994 50.231571 126.527702
v 33.586628 50.234985 126.526947
v 34.050255 50.377106 126.475800
v 62.891312 59.349979 122.779694
v 60.070709 67.177422 123.511414
v 68.097473 65.779686 123.533386
v 68.201096 66.119926 123.449287
v 68.210541 66.475471 123.365181
v 68.125175 66.822083 123.286812
v 67.950806 67.136147 123.219513
v 71.150406 70.783798 119.770508
v 74.060364 63.506210 121.373245
v 102.819672 79.585106 142.167099
v 102.819649 80.160538 144.780029
v 103.309036 79.771767 142.126190
v 100.399078 87.049355 140.523438
v 98.159317 88.775925 152.429840
v 100.394913 89.628677 152.242950
v 103.304871 82.351089 153.845703
v 102.819557 82.165970 153.886276
v 63.513573 77.688141 133.019577
v 64.479660 73.987923 134.429657
v 61.772552 76.929947 132.737839
v 61.489906 72.485794 133.037155
v 61.367813 72.285942 132.351349
v 61.385155 72.371063 132.706360
v 61.439060 72.236252 131.996353
v 61.594040 72.225365 131.665543
v 101.742218 89.977562 177.239975
v 101.495308 88.629433 177.399719
v 100.949692 89.993980 177.099213
v 101.634323 90.247414 177.180557
v 77.013000 71.426506 142.452698
v 77.094231 71.463554 142.484116
v 76.070389 70.996391 142.087967
v 33.933136 50.155781 125.873047
v 32.581966 49.328983 124.652084
v 34.945293 50.775875 126.790108
v 35.443775 52.458538 126.368164
v 34.399677 52.140423 126.489594
v 33.569431 51.807476 126.329079
v 34.078712 50.430885 126.622261
v 33.677719 51.536659 126.388718
v 34.114212 50.445019 126.629143
v 33.623158 51.673111 126.358673
v 33.632133 51.650658 126.363617
v 33.592598 51.749538 126.341835
v 59.981354 66.627571 121.176956
v 65.451614 66.359451 121.030724
v 65.347992 66.019218 121.114830
v 65.338547 65.663673 121.198929
v 65.423912 65.317062 121.277306
v 65.549843 65.090240 121.325905
v 65.598282 65.002998 121.344597
v 66.161217 64.554436 121.428703
v 66.511429 64.450516 121.439774
v 66.876526 64.438194 121.428703
v 67.132988 64.496056 121.405258
v 67.959717 65.561768 123.589989
v 68.111740 65.570076 121.114830
v 68.121185 65.925621 121.030724
v 68.035820 66.272232 120.952354
v 67.861450 66.586296 120.885056
v 67.609970 66.846420 120.833412
v 101.942154 84.275726 146.326416
v 99.606171 83.622810 146.224243
v 102.059929 84.119904 147.024292
v 102.069290 84.174538 147.385544
v 102.044014 84.314583 147.722168
v 102.001984 84.470528 147.930939
v 101.788506 85.126945 148.372482
v 43.837593 65.976181 167.229630
v 66.715858 89.871056 169.921753
v 68.841202 90.687233 170.234039
v 68.186592 90.375542 169.937622
v 67.461678 90.097160 169.831116
v 66.309174 85.981712 172.056061
v 64.854195 89.620506 171.254700
v 66.649582 90.036804 169.885254
v 64.522102 89.643829 171.963577
v 68.050194 86.739906 172.337799
v 67.259132 90.603691 171.352661
v 67.895142 90.898476 171.536423
v 67.592026 90.747101 171.399399
v 68.147820 91.047516 171.754395
v 68.332840 91.184052 172.038467
v 68.437584 91.298790 172.369278
v 68.454933 91.383904 172.724274
v 69.809525 88.265541 176.071060
v 69.903412 91.795555 171.963577
v 68.741035 90.937737 170.178879
v 71.358391 88.156761 172.764938
v 101.026863 89.782150 176.321609
v 75.937859 71.356789 143.433594
v 76.483475 69.992241 143.734100
v 40.679188 65.012283 163.234772
v 67.817383 64.928101 121.277298
v 34.597122 53.005219 130.227737
v 65.996552 67.453735 123.219513
v 65.642349 66.661194 120.952354
v 65.779907 64.815132 121.381897
v 65.849762 64.742874 121.396240
v 66.414146 64.479385 121.436699
v 67.231628 64.518311 121.396240
v 67.552536 64.685410 121.344604
v 68.008118 65.229843 121.198929
v 68.118561 65.826859 121.054085
v 67.037659 67.688629 123.124336
v 66.583206 67.151100 120.800949
v 101.985817 84.530510 148.011230
v 101.841766 84.475563 146.037354
v 102.016563 84.154427 146.663040
v 98.826431 85.883293 147.211182
v 101.062027 86.736046 147.024292
v 99.486649 83.887543 146.002426
v 99.519844 83.814011 146.064041
v 101.898666 84.807587 148.233047
v 101.662834 85.466827 148.420044
v 49.935463 69.653122 168.201599
v 68.091499 90.613358 169.885254
v 67.378143 90.306068 169.785110
v 65.027519 90.471153 174.802597
v 67.764420 86.673637 172.555771
v 66.595207 90.378693 171.536423
v 66.919136 90.478043 171.399399
v 68.383682 91.433594 173.079285
v 71.395554 88.339149 173.525650
v 69.824852 87.795776 173.910126
v 69.940575 91.977943 172.724289
v 43.401100 67.067818 166.989212
v 65.715919 66.728607 120.933655
v 66.672562 67.700951 123.135406
v 66.228104 67.070984 120.833412
v 66.948303 67.138779 120.789879
v 101.722244 84.740295 145.815536
v 98.817070 85.828667 146.849930
v 101.052666 86.681419 146.663040
v 101.105392 86.701530 147.385544
v 99.356133 84.199142 145.862991
v 101.567062 85.710381 148.385696
v 65.824409 86.111519 173.525650
v 64.369431 89.750313 172.724289
v 65.855064 90.344345 172.724274
v 64.406593 89.932701 173.485001
v 67.536263 86.644974 172.839844
v 68.228706 91.444481 173.410095
v 70.910789 88.468956 174.995239
v 69.115402 88.052658 176.364685
v 71.242882 88.445633 174.286362
v 69.787903 92.084427 173.485001
v 68.118019 91.430573 173.547913
v 65.907188 66.903885 120.885056
v 67.298515 67.034859 120.800949
v 67.045586 67.109917 120.792953
v 101.591728 85.051895 145.676102
v 98.824089 85.789764 146.756424
v 101.077942 86.541374 146.326416
v 101.179802 86.580223 147.722168
v 99.223526 84.536369 145.815430
v 101.399712 86.115662 148.233047
v 101.530228 85.804054 148.372482
v 65.861572 86.293907 174.286362
v 65.872406 90.429459 173.079285
v 65.926308 90.294647 172.369278
v 64.631058 90.178566 174.193878
v 67.381287 86.655861 173.170654
v 66.309441 90.312431 171.754395
v 66.081284 90.283768 172.038467
v 70.421890 88.407532 175.603958
v 67.660423 91.691452 175.563324
v 68.354546 91.904335 175.269699
v 69.683685 87.805687 174.211456
v 69.455811 92.107750 174.193878
v 101.459122 85.389122 145.628540
v 101.136147 86.325447 146.037354
v 101.070923 86.580269 146.419922
v 101.280190 86.380386 148.011230
v 99.097855 84.876251 145.862991
v 66.482498 86.832359 175.603958
v 66.086037 86.539772 174.995239
v 65.977150 90.544197 173.410095
v 67.310043 86.705551 173.525650
v 67.327385 86.790665 173.880661
v 68.966911 92.046326 174.802597
v 66.931862 91.422188 175.663467
v 68.386841 87.783394 176.464828
v 69.455536 87.777023 174.495529
v 68.000557 91.415817 173.694168
v 101.333450 85.729004 145.676102
v 101.199081 86.125328 145.877151
v 101.119980 86.385422 146.117645
v 98.987694 85.195610 146.002426
v 66.162170 90.680733 173.694168
v 65.568970 90.790520 175.269699
v 67.023949 87.151726 176.071060
v 66.218506 91.114899 175.563324
v 67.673485 87.476105 176.364685
v 69.169762 87.710762 174.713516
v 67.714783 91.349556 173.912140
v 101.223289 86.048363 145.815536
v 67.617149 87.041946 174.495529
v 66.414848 90.829773 173.912140
v 67.432137 86.905403 174.211456
v 68.845840 87.611420 174.850540
v 67.390862 91.250206 174.049164
v 67.869827 87.190979 174.713516
v 66.717964 90.981148 174.049164
v 68.505844 87.485764 174.897278
v 68.172943 87.342361 174.850540
v 67.050865 91.124550 174.095901
v 98.247063 82.085785 153.901184
v 100.540276 82.816414 153.741196
v 100.541939 82.816940 153.741074
v 102.646851 80.017090 142.070847
v 102.819458 79.585411 142.165909
v 102.819458 79.585640 142.166977
v 103.296524 79.776405 142.125168
v 103.299339 79.769379 142.126709
v 103.299332 79.769402 142.126709
v 103.299576 79.768784 142.126846
v 103.299278 79.769516 142.126678
v 103.299248 79.769608 142.126663
v 103.299316 79.769440 142.126694
v 103.299171 79.769798 142.126617
v 103.299202 79.769707 142.126633
v 100.441544 86.916519 140.552689
v 100.389832 87.045830 140.524216
v 100.389870 87.045746 140.524231
v 100.389900 87.045662 140.524246
v 99.714325 83.410316 146.548431
v 99.714447 83.410072 146.548782
v 99.743393 83.362885 146.679733
v 98.161102 88.771233 152.429749
v 98.159630 88.774902 152.428940
v 99.598343 85.176796 153.221359
v 100.385689 89.614487 152.195267
v 100.389832 87.046013 140.525055
v 100.389832 87.045944 140.524734
v 100.389832 87.045975 140.524872
v 100.389832 87.045990 140.524948
v 100.389832 87.045876 140.524414
v 100.389832 87.045891 140.524506
v 100.389832 87.045921 140.524643
v 98.159317 88.775688 152.428772
v 100.385666 89.624916 152.242661
v 100.385666 89.624725 152.241806
v 100.385666 89.624748 152.241882
v 100.385666 89.624748 152.241913
v 100.385666 89.624916 152.242645
v 100.385666 89.624489 152.240692
v 100.385666 89.624519 152.240845
v 100.385666 89.624565 152.241058
v 100.385666 89.624619 152.241287
v 100.385666 89.624664 152.241501
v 100.385666 89.624702 152.241669
v 99.605766 83.623528 146.222702
v 99.605957 83.623116 146.223053
v 99.608429 83.618309 146.230759
v 101.840118 84.236801 146.334946
v 102.050560 84.116478 147.023987
v 102.050690 84.116379 147.025070
v 102.050621 84.116432 147.024521
v 102.060005 84.170784 147.384827
v 102.060043 84.171013 147.386322
v 102.060036 84.170952 147.385941
v 102.034767 84.311058 147.722946
v 102.034798 84.310921 147.722610
v 102.059944 84.171593 147.387711
v 101.992668 84.467247 147.932037
v 101.992912 84.466354 147.930847
v 98.159615 88.774940 152.428940
v 98.826218 85.883598 147.209991
v 98.826180 85.883408 147.208740
v 98.159447 88.775375 152.428848
v 98.826393 85.883461 147.211472
v 99.486320 83.888115 146.001114
v 99.486435 83.887848 146.001236
v 99.545944 83.756027 146.111679
v 99.664040 83.510399 146.403656
v 99.679581 83.479469 146.448395
v 101.743172 84.426956 146.059326
v 102.007370 84.150864 146.664230
v 102.007210 84.151123 146.663498
v 102.050522 84.116508 147.023682
v 102.032906 84.130539 146.876923
v 101.976570 84.526985 148.012009
v 101.976593 84.526886 148.011871
v 101.976631 84.526756 148.011703
v 101.976471 84.527298 148.012253
v 101.976212 84.528130 148.012924
v 101.889420 84.804062 148.233826
v 101.889297 84.804428 148.233978
v 101.779594 85.122467 148.372833
v 101.779343 85.123184 148.373154
v 101.779266 85.123421 148.373260
v 101.704765 85.324905 148.401443
v 101.703934 85.327156 148.401764
v 101.654106 85.461899 148.420624
v 101.653587 85.463303 148.420822
v 98.159584 88.775017 152.428925
v 98.794411 80.697395 154.113602
v 98.794235 80.699257 154.119995
v 98.791977 80.722992 154.201309
v 98.795059 80.690536 154.090103
v 98.794746 80.693848 154.101440
v 98.794685 80.694534 154.103806
v 98.794464 80.696831 154.111679
v 100.271950 81.194588 154.098038
v 99.832817 80.947166 153.771835
v 99.823181 81.051590 154.129364
v 98.824646 80.379097 153.022873
v 98.795631 80.684555 154.069595
v 98.795570 80.685158 154.071671
v 98.795372 80.687286 154.078964
v 98.816887 85.828766 146.848251
v 98.816856 85.828972 146.848740
v 98.825195 85.877647 147.170639
v 98.820496 85.850227 146.989273
v 98.847984 85.866272 147.391357
v 98.159462 88.775330 152.428848
v 99.355850 84.199615 145.861771
v 99.355919 84.199448 145.861801
v 99.420906 84.044296 145.931229
v 101.889473 84.803902 148.233688
v 101.653038 85.464699 148.420624
v 101.653046 85.464684 148.420624
v 98.159554 88.775101 152.428909
v 98.823906 85.789879 146.754761
v 98.159485 88.775269 152.428864
v 101.096146 86.698006 147.386322
v 101.096092 86.698051 147.385864
v 101.083679 86.693314 147.386902
v 99.223305 84.536682 145.814240
v 99.223282 84.536751 145.814255
v 99.289886 84.367371 145.838120
v 101.557671 85.707245 148.386414
v 101.391006 86.110847 148.234390
v 101.390465 86.112137 148.233826
v 98.159538 88.775131 152.428894
v 98.829437 85.759239 146.681122
v 98.829926 85.757431 146.678696
v 98.159508 88.775215 152.428879
v 101.096405 86.697540 147.387268
v 101.060097 86.683693 147.390305
v 101.170860 86.576103 147.723801
v 101.170517 86.576660 147.722260
v 99.160210 84.707321 145.838120
v 99.097641 84.876556 145.861801
v 101.520988 85.800529 148.373260
v 101.520554 85.801559 148.372787
v 101.390327 86.112442 148.233566
v 98.159515 88.775192 152.428879
v 98.865952 85.609978 146.436844
v 98.861511 85.634552 146.495911
v 98.878082 85.565826 146.380569
v 98.848534 85.688385 146.586258
v 101.021393 86.578499 146.462326
v 101.006523 86.660965 146.660522
v 99.373413 85.983032 146.674149
v 101.061630 86.577003 146.421310
v 101.058678 86.593346 146.460602
v 101.170975 86.575874 147.724136
v 101.260468 86.372696 148.012100
v 101.265892 86.375389 148.011154
v 101.265915 86.375336 148.011215
v 101.271301 86.376068 148.012665
v 101.270706 86.377266 148.010941
v 101.171333 86.575081 147.724792
v 101.166756 86.572304 147.726227
v 98.987503 85.195839 146.001205
v 99.042786 85.035583 145.931229
v 101.390114 86.112907 148.233170
v 98.987473 85.195923 146.001236
v 98.925476 85.393433 146.160797
v 98.926308 85.390404 146.156937
v 98.935799 85.360222 146.132767
v 98.953575 85.303703 146.087524
v 101.061951 86.575691 146.419113
v 100.213806 86.215622 146.452789
v 101.125832 86.349045 146.149170
v 100.721626 86.348099 146.349915
v 101.062309 86.574539 146.418198
v 96.883247 81.170967 152.401520
v 96.892357 81.075035 152.072708
v 96.891197 81.087212 152.114456
v 96.887337 81.127945 152.254059
v 96.886391 81.137894 152.288162
v 98.251404 82.040092 153.744568
v 96.903389 80.958801 151.674316
v 96.903717 80.955345 151.662476
v 96.897919 81.016403 151.871750
v 96.843330 81.591476 153.842804
v 96.907990 80.910347 151.508270
v 96.906975 80.921036 151.544922
v 96.936661 80.608246 150.472824
v 96.937584 80.598557 150.439636
v 96.941452 80.557831 150.300049
v 96.945732 80.512703 150.145355
v 96.949944 80.468369 149.993408
v 97.127556 78.597237 143.580185
v 97.124626 78.628151 143.686142
v 97.126923 78.603905 143.603058
v 97.141319 78.452240 143.083221
v 97.142639 78.438385 143.035736
v 97.138496 78.482018 143.185272
v 97.134247 78.526733 143.338547
v 97.135040 78.518425 143.310074
v 97.130455 78.566696 143.475525
v 97.131233 78.558540 143.447556
v 97.143425 78.430092 143.007309
v 97.143799 78.426132 142.993744
v 97.145828 78.404785 142.920578
v 97.147682 78.385231 142.853592
v 97.148361 78.378059 142.828995
v 97.150993 78.350365 142.734055
v 99.476501 78.959938 142.135712
v 97.163094 78.222878 142.297104
v 100.877899 79.406425 142.037933
v 101.480049 79.598267 141.995926
v 101.733940 79.679161 141.978210
v 101.729599 79.724854 142.134842
v 99.756828 83.341019 146.740723
v 99.756775 83.341064 146.740280
v 100.481979 83.617622 146.680130
v 100.490250 83.611198 146.747879
v 100.627930 83.635040 146.798233
v 100.637260 83.619827 146.840454
v 100.613281 83.658913 146.731979
v 97.415031 79.946991 153.177902
v 98.240639 80.412186 153.791245
v 97.390274 80.207649 154.071106
v 97.390129 80.209175 154.076355
v 97.388283 80.228607 154.142944
v 97.390800 80.202034 154.051880
v 97.390549 80.204742 154.061157
v 97.390495 80.205307 154.063095
v 97.390312 80.207184 154.069534
v 98.232765 80.497711 154.084015
v 98.501961 80.583488 154.065231
v 97.391266 80.197136 154.035080
v 97.391220 80.197624 154.036774
v 97.391060 80.199371 154.042755
v 98.600204 80.614792 154.058380
v 98.861549 85.855347 147.503708
v 98.861389 85.855606 147.502975
v 99.710526 86.179184 147.432724
v 99.286957 86.017616 147.468124
v 99.718719 86.172661 147.501007
v 98.908508 85.778786 147.716156
v 98.908730 85.778419 147.717163
v 98.911819 85.773384 147.731140
v 98.915047 85.766960 147.740433
v 99.809898 86.007866 147.839737
v 99.579872 86.020546 147.684860
v 99.719040 86.172150 147.502426
v 99.764030 86.090790 147.669479
v 99.757484 86.102631 147.645172
v 99.837814 85.962364 147.966003
v 99.946350 85.734413 148.224304
v 99.908997 85.808777 148.116745
v 99.856003 85.926140 148.018402
v 97.269585 82.943932 146.123810
v 97.156479 83.203575 145.955597
v 97.169212 83.173164 145.969208
v 97.209419 83.077179 146.012161
v 95.958855 87.773582 152.481873
v 95.954414 87.784683 152.479431
v 101.025780 81.485046 141.747192
v 95.914314 87.884964 152.457336
v 99.008141 89.065079 152.198700
v 99.008186 89.036957 152.070938
v 99.008179 89.039764 152.083664
v 99.008179 89.040489 152.086960
v 99.008141 89.064705 152.197006
v 99.009369 88.305496 148.747437
v 99.008247 89.000809 151.906693
v 99.008240 89.005524 151.928101
v 99.008224 89.012558 151.960052
v 99.008209 89.020233 151.994919
v 99.008202 89.027206 152.026611
v 99.008194 89.032822 152.052139
v 100.311333 84.842682 148.521408
v 100.276009 84.938225 148.534775
v 100.428185 84.521484 148.453659
v 100.414307 84.561729 148.471222
v 100.401672 84.598343 148.487213
v 100.511833 84.278984 148.347778
v 100.504410 84.300507 148.357178
v 100.657181 83.785973 147.836899
v 100.616913 83.935379 148.036911
v 100.680756 83.655365 147.522949
v 100.663269 83.752274 147.755875
v 100.673729 83.594986 147.163361
v 100.680206 83.632782 147.413330
v 100.650475 83.609314 146.950531
v 100.648376 83.610977 146.933090
v 99.850212 85.937675 148.001709
v 99.960701 85.702637 148.250931
v 100.004829 85.604897 148.332825
v 100.044296 85.512062 148.381332
v 100.079437 85.428162 148.418869
v 100.134598 85.296448 148.477814
v 100.143394 85.275452 148.487213
v 100.194870 85.144539 148.505676
v 100.232903 85.047844 148.519318
v 100.235153 85.042107 148.520126
v 95.938614 87.824188 152.470718
v 95.935783 87.831276 152.469162
v 95.939461 87.822090 152.471191
v 95.943039 87.813141 152.473160
v 95.944092 87.810509 152.473740
v 95.949272 87.797539 152.476593
v 95.948112 87.800453 152.475952
v 96.575722 85.051819 147.441849
v 96.592567 85.038414 147.582169
v 96.616547 84.999329 147.690628
v 95.933250 87.837616 152.467773
v 96.569923 85.056435 147.393509
v 95.932930 87.838409 152.467590
v 96.562561 85.062294 147.332199
v 96.549736 85.072502 147.225357
v 95.931862 87.841087 152.466995
v 96.539841 85.018303 146.859665
v 96.544907 85.047836 147.054947
v 96.545372 84.987694 146.786102
v 96.547791 85.064659 147.166245
v 96.549210 85.072929 147.220917
v 97.511940 82.484779 146.927948
v 97.510307 82.486084 146.914352
v 97.503738 82.491310 146.859665
v 97.481834 82.527023 146.760559
v 97.480820 82.528679 146.755966
v 97.465607 82.553474 146.687149
v 96.577202 84.847679 146.528061
v 96.557335 84.921394 146.626740
v 96.663361 84.535034 146.132080
v 96.710472 84.385246 146.012161
v 96.714348 84.374001 146.007248
v 96.652451 84.569710 146.159836
v 96.648094 84.583565 146.170929
v 96.639259 84.611649 146.193405
v 96.631348 84.640442 146.230103
v 96.602226 84.746376 146.365158
v 96.597603 84.771988 146.426727
v 96.820747 84.065575 145.872681
v 96.820633 84.065887 145.872726
v 96.744408 84.286873 145.969208
v 97.078911 83.388779 145.872726
v 97.069382 83.413002 145.869308
v 97.440598 82.594254 146.574005
v 97.409668 82.655815 146.484955
v 97.374397 82.724251 146.375290
v 97.292130 82.893997 146.165649
v 97.328949 82.812447 146.233978
v 96.942101 83.737358 145.826752
v 96.907585 83.830711 145.839813
v 96.946304 83.726006 145.825165
v 96.987152 83.622124 145.839813
v 96.765167 85.757050 152.925964
v 95.953278 87.787529 152.478790
v 99.012253 86.520744 140.638168
v 99.017365 86.507965 140.640991
v 99.022263 86.495705 140.643692
v 99.012207 86.548271 140.763214
v 99.012222 86.537689 140.715149
v 99.012215 86.542305 140.736130
v 99.012207 86.544678 140.746887
v 99.012245 86.520897 140.638840
v 99.012238 86.527298 140.667923
v 99.012238 86.530136 140.680832
v 99.012230 86.534782 140.701935
v 100.341576 84.760880 148.509964
v 100.344925 84.751831 148.508698
v 100.393204 84.621246 148.490417
v 100.519302 84.255234 148.328766
v 100.572136 84.087257 148.194290
v 100.660828 83.765778 147.788345
v 100.598984 84.001900 148.125961
v 100.608009 83.968414 148.081131
v 100.602654 83.988289 148.107742
v 100.682465 83.645927 147.500275
v 100.681007 83.637436 147.444077
v 100.660912 83.601006 147.037476
v 100.662941 83.599388 147.054428
v 100.673096 83.591301 147.139023
v 98.952461 83.034264 146.807526
v 97.866478 85.476105 147.586136
v 100.012886 85.587051 148.347778
v 62.496853 61.816460 126.923874
v 62.499538 61.883369 127.142921
v 62.471233 61.178185 124.834267
v 62.471214 61.177696 124.832672
v 73.881065 64.169632 121.897850
v 73.879478 64.114410 121.722069
v 74.043602 63.700176 121.813354
v 74.044945 63.700584 121.813202
v 60.074978 67.170517 123.512878
v 60.072247 67.177345 123.511375
v 61.297226 64.113762 124.186058
v 68.097816 65.779587 123.533394
v 67.928604 65.511871 123.602936
v 68.059647 65.719208 123.549080
v 67.985458 65.601822 123.579567
v 68.201782 66.119690 123.449318
v 68.201775 66.119682 123.449318
v 68.098549 65.780754 123.533096
v 68.150146 65.950165 123.491219
v 68.211578 66.475052 123.365242
v 68.211578 66.475037 123.365242
v 68.204987 66.226974 123.423927
v 68.202171 66.120987 123.448997
v 68.209694 66.404007 123.382042
v 68.126686 66.821388 123.286919
v 68.126686 66.821373 123.286919
v 68.169113 66.649124 123.325867
v 68.211617 66.476524 123.364891
v 67.953110 67.135002 123.219696
v 68.038712 66.980827 123.252731
v 68.126678 66.821404 123.286919
v 68.126251 66.823143 123.286522
v 67.953102 67.135010 123.219688
v 67.816475 67.275093 123.191925
v 67.825623 67.267799 123.193291
v 67.951881 67.137207 123.219223
v 71.150772 70.786064 119.780121
v 71.150810 70.785965 119.780144
v 71.150856 70.785851 119.780167
v 71.162758 70.756088 119.786720
v 71.150940 70.785652 119.780212
v 71.150902 70.785744 119.780190
v 71.207542 70.644089 119.811386
v 71.191559 70.684067 119.802582
v 71.221924 70.608124 119.819305
v 74.042854 63.564621 121.406784
v 74.042786 63.553349 121.372971
v 60.072212 67.177429 123.511353
v 65.348785 66.022881 121.124100
v 65.451981 66.361717 121.040337
v 65.348709 66.022621 121.124161
v 65.348358 66.021484 121.124443
v 65.338951 65.667404 121.208206
v 65.338951 65.667183 121.208252
v 65.338913 65.665939 121.208549
v 65.423927 65.320755 121.286598
v 65.423935 65.320724 121.286606
v 65.424278 65.319328 121.286919
v 65.549690 65.093437 121.335320
v 65.550407 65.092148 121.335594
v 65.598648 65.005264 121.354218
v 65.598930 65.004974 121.354271
v 65.599686 65.004189 121.354431
v 66.161583 64.556702 121.438316
v 66.160301 64.557472 121.438179
v 66.511795 64.452782 121.449394
v 66.510353 64.453209 121.449348
v 66.511948 64.452774 121.449387
v 66.513298 64.452728 121.449348
v 66.876892 64.440460 121.438316
v 66.876976 64.440475 121.438309
v 66.878357 64.440788 121.438187
v 67.133766 64.498413 121.414841
v 67.135086 64.499100 121.414627
v 67.137367 64.502419 121.424835
v 67.616074 66.883965 120.992821
v 67.610405 66.938934 121.190666
v 67.534859 67.495773 123.150726
v 67.545311 67.491150 123.151413
v 67.554207 67.484062 123.152740
v 60.072010 67.177849 123.510971
v 60.072021 67.177910 123.511246
v 71.150299 70.785889 119.780182
v 71.150528 70.785973 119.780151
v 71.150757 70.786057 119.780121
v 71.150131 70.785820 119.780205
v 71.104774 70.768944 119.785912
v 59.983036 66.630325 121.186409
v 59.983879 66.630638 121.186302
v 59.983051 66.630424 121.186836
v 59.984459 66.630852 121.186226
v 59.984371 66.630821 121.186241
v 59.984161 66.630745 121.186264
v 59.983997 66.630684 121.186287
v 59.984993 66.631050 121.186157
v 59.984894 66.631020 121.186172
v 59.984829 66.630989 121.186180
v 59.984692 66.630943 121.186195
v 59.984604 66.630905 121.186211
v 60.072189 67.177490 123.511337
v 65.996468 67.453728 123.219521
v 65.641930 66.662216 120.962288
v 65.642715 66.663460 120.961967
v 65.530144 66.485359 121.008224
v 65.452660 66.362785 121.040054
v 65.424545 65.318848 121.287018
v 65.528046 65.132423 121.326965
v 65.780563 64.817101 121.391571
v 65.748199 64.850571 121.384926
v 65.850128 64.745140 121.405853
v 65.850380 64.744987 121.405876
v 66.161797 64.556641 121.438324
v 66.413475 64.481956 121.446281
v 66.369682 64.494957 121.444901
v 67.087769 64.488037 121.419044
v 67.232513 64.521080 121.405716
v 67.233315 64.521263 121.405640
v 67.235336 64.527336 121.426331
v 67.233490 64.524109 121.416061
v 67.553879 64.688675 121.353943
v 67.552902 64.687675 121.354218
v 67.597496 66.887894 120.962738
v 67.038841 67.689651 123.124054
v 67.213112 67.637939 123.129562
v 67.222572 67.633759 123.130180
v 60.072174 67.177528 123.511330
v 66.224541 67.572456 123.182823
v 66.222870 67.572075 123.182976
v 66.063072 67.488869 123.208694
v 65.997620 67.454788 123.219223
v 65.721527 66.899925 121.769279
v 65.643684 66.664345 120.961723
v 67.233826 64.521530 121.405563
v 66.673874 67.701996 123.135109
v 66.856934 67.695816 123.129562
v 67.038727 67.689682 123.124046
v 66.492607 67.660347 123.151855
v 66.495346 67.661781 123.151413
v 66.673630 67.702003 123.135117
v 66.123405 67.244049 121.912308
v 66.224960 67.076180 120.865799
v 66.229317 67.078445 120.865097
v 67.598221 66.855568 120.841866
v 67.297440 67.037552 120.810516
v 67.129494 67.458473 122.306412
v 66.042427 66.981125 120.895119
v 67.045555 67.112297 120.802551
v 67.043037 67.295731 121.541512
v 66.959251 67.137901 120.799828
v 65.651680 63.275093 128.207962
v 62.699688 61.944706 127.120819
v 63.142586 62.506203 128.485092
v 63.099007 62.492847 128.489914
v 62.714325 62.309364 128.314667
v 62.716991 62.375782 128.532104
v 63.475719 62.608288 128.448303
v 63.422024 62.591831 128.454224
v 63.349693 62.569668 128.462219
v 63.272236 62.545933 128.470779
v 63.201027 62.524109 128.478638
v 66.520035 63.541195 128.112045
v 66.524483 63.542557 128.111557
v 66.552338 63.551090 128.108475
v 66.606682 63.567745 128.102478
v 66.689629 63.593166 128.093307
v 66.800781 63.627228 128.081039
v 66.935020 63.668365 128.066208
v 67.080887 63.713066 128.050095
v 67.220673 63.755901 128.034653
v 67.334068 63.790646 128.022125
v 67.404480 63.812225 128.014359
v 73.620934 65.717209 127.327713
v 73.733589 65.751740 127.315269
v 73.275490 65.611351 127.365868
v 73.238907 65.600143 127.369911
v 73.187637 65.584435 127.375572
v 72.909859 65.499306 127.406250
v 72.972351 65.518456 127.399353
v 73.122391 65.564430 127.382782
v 73.064987 65.546844 127.389122
v 73.047523 65.541489 127.391045
v 73.832359 65.781998 127.304359
v 73.932159 65.812584 127.293335
v 74.021080 65.839828 127.283516
v 74.092659 65.861771 127.275612
v 74.145004 65.877808 127.269829
v 74.147339 65.878525 127.269569
v 74.145660 65.836555 127.132179
v 74.144714 65.812958 127.054916
v 74.144928 65.818321 127.072472
v 74.144661 65.811691 127.050781
v 74.112045 64.999107 124.390465
v 74.114410 65.058075 124.583542
v 74.099213 64.679314 123.343513
v 74.090927 64.472977 122.668007
v 74.039772 64.457298 122.673660
v 73.890778 64.411636 122.690117
v 74.101562 64.737915 123.535393
v 67.921646 65.500870 123.605797
v 67.920647 65.499954 123.606049
v 67.447243 64.952522 122.809357
v 67.251839 64.850777 122.840805
v 67.309792 64.880951 122.831482
v 67.855370 65.440140 123.622635
v 67.920647 65.499947 123.606049
v 67.787338 65.384674 123.638298
v 67.804718 65.393723 123.635506
v 65.931358 67.394066 123.236069
v 65.931252 67.393898 123.236107
v 67.483299 64.960663 122.806061
v 67.483299 64.960663 122.806061
v 67.753159 65.174362 122.745407
v 67.608696 65.025948 122.785889
v 65.846428 67.137177 122.356079
v 65.779724 67.076050 122.373024
v 68.354057 67.575272 125.578186
v 68.377716 67.532661 125.587318
v 68.442505 67.269608 125.646797
v 68.403900 67.426353 125.611359
v 60.233192 67.040947 122.593597
v 60.235649 67.056068 122.657799
v 60.399620 67.102875 122.572639
v 60.375473 67.093887 122.575684
v 60.357983 67.087379 122.577881
v 60.353966 67.784103 125.748810
v 67.781143 69.849693 121.643135
v 60.522217 67.148499 122.557205
v 60.507725 67.143105 122.559029
v 60.498058 67.139511 122.560242
v 60.477776 67.131958 122.562798
v 60.464867 67.127159 122.564423
v 60.443420 67.119179 122.567123
v 60.430218 67.114265 122.568787
v 72.041512 69.036499 121.671593
v 66.469055 64.820381 122.877930
v 66.567696 64.791107 122.881050
v 66.121956 64.952820 122.860016
v 65.952332 65.073433 122.838097
v 65.835190 65.156731 122.822968
v 65.839607 65.153587 122.823540
v 65.654541 65.343582 122.785873
v 65.618866 65.407837 122.772102
v 65.605423 65.432045 122.766914
v 65.551949 65.528366 122.746277
v 65.420982 65.897957 122.664238
v 65.394806 66.004265 122.640205
v 65.401352 66.250763 122.581894
v 65.404251 66.359810 122.556099
v 65.436028 66.464157 122.530304
v 65.507874 66.700035 122.471992
v 65.561592 66.785027 122.449921
v 65.701317 66.952003 122.405243
v 65.624062 66.859680 122.429947
v 65.719490 66.980759 122.397774
v 66.122765 68.006607 125.470169
v 66.126915 68.027504 125.556923
v 66.080521 67.861282 124.901443
v 67.187881 64.836342 122.846657
v 66.932793 64.778786 122.869972
v 66.944176 64.781357 122.868935
v 67.078972 64.811775 122.856613
v 66.589417 64.790375 122.880394
v 66.679665 64.787331 122.877655
v 68.421860 66.726158 125.775589
v 68.457214 66.965134 125.717949
v 68.455360 66.895248 125.734482
v 68.453636 66.830505 125.749794
v 68.395065 66.638184 125.797333
v 68.078056 66.114090 125.932915
v 68.222946 66.289238 125.886116
v 68.241508 66.318611 125.878487
v 68.188217 66.234291 125.900383
v 68.159286 66.188522 125.912270
v 68.055656 66.093559 125.938606
v 68.011360 66.052971 125.949860
v 68.350014 66.490273 125.833900
v 68.326248 66.452675 125.843666
v 67.629387 68.284561 125.438866
v 67.735931 68.237488 125.445877
v 67.918404 68.092094 125.473137
v 67.304893 68.394844 125.425316
v 67.532997 68.327156 125.432526
v 67.290192 68.399200 125.424850
v 67.037071 68.407745 125.432526
v 66.959785 68.410355 125.434868
v 66.757751 68.356522 125.455284
v 66.604347 68.321915 125.469307
v 66.925095 68.411522 125.435921
v 66.816185 68.386948 125.445877
v 66.249084 68.164307 125.520027
v 66.247185 68.162560 125.520508
v 60.357094 67.803360 125.830566
v 60.379993 67.746094 125.843178
v 66.511559 68.300980 125.477791
v 66.289070 68.185127 125.513588
v 60.382080 67.740868 125.844330
v 66.200859 68.120110 125.532280
v 66.133125 68.034927 125.554939
v 66.167854 68.089874 125.540665
v 60.385662 67.731911 125.846298
v 60.390686 67.719353 125.849068
v 60.396862 67.703903 125.852470
v 60.410130 67.670723 125.859779
v 62.029469 63.620880 126.751671
v 60.403610 67.687027 125.856186
v 68.182137 67.868668 125.515663
v 68.126221 67.926498 125.504181
v 68.463081 67.186043 125.665695
v 68.461906 67.141747 125.676170
v 68.203346 67.846725 125.520020
v 68.324242 67.628983 125.566681
v 71.172119 71.111542 121.216125
v 71.206665 71.124397 121.211777
v 71.138710 71.099106 121.220337
v 71.114006 71.089912 121.223442
v 71.206665 71.124390 121.211777
v 71.212883 71.108849 121.215202
v 71.219643 71.091942 121.218925
v 71.231514 71.062256 121.225464
v 71.226128 71.075714 121.222496
v 66.448395 64.826515 122.877274
v 66.361649 64.852249 122.874535
v 66.217484 64.895027 122.869972
v 66.248138 64.885933 122.870941
v 65.758057 65.236511 122.807129
v 65.695763 65.300941 122.794342
v 65.519829 65.586212 122.733879
v 65.480171 65.657654 122.718575
v 65.428764 65.866386 122.671379
v 65.399734 66.189888 122.596298
v 65.455986 66.529686 122.514107
v 66.042328 67.729904 124.387283
v 67.966354 65.776016 124.773994
v 67.559464 65.000313 122.793808
v 67.147591 64.827255 122.850342
vn -0.2180 0.1259 0.9678
vn -0.2180 0.1260 0.9678
vn 0.5324 0.0265 -0.8461
vn 0.5324 0.0266 -0.8461
vn -0.3105 0.9102 -0.2740
vn -0.3094 0.9105 -0.2742
vn -0.5063 -0.3736 -0.7772
vn -0.5056 -0.3740 -0.7775
vn -0.5059 -0.3739 -0.7774
vn 0.3637 -0.9097 0.2003
vn 0.3634 -0.9098 0.2002
vn 0.3638 -0.9097 0.2004
vn 0.3638 -0.9097 0.2003
vn 0.3639 -0.9097 0.2002
vn 0.3644 -0.9095 0.2001
vn 0.3637 -0.9097 0.2004
vn 0.3641 -0.9095 0.2006
vn 0.3640 -0.9096 0.2005
vn 0.7819 0.1814 -0.5964
vn 0.7819 0.1813 -0.5964
vn 0.7820 0.1813 -0.5964
vn 0.7820 0.1813 -0.5963
vn -0.3094 0.9105 -0.2743
vn -0.3093 0.9106 -0.2742
vn -0.3638 0.9097 -0.2003
vn -0.3637 0.9097 -0.2003
vn -0.3639 0.9096 -0.2003
vn -0.6243 -0.0784 0.7773
vn -0.6242 -0.0784 0.7773
vn -0.2866 -0.3139 -0.9052
vn -0.2866 -0.3139 -0.9051
vn -0.3638 0.9097 -0.2004
vn -0.7819 -0.1813 0.5964
vn -0.5062 -0.3736 -0.7773
vn -0.0474 -0.2329 -0.9713
vn -0.0474 -0.2329 -0.9714
vn -0.4240 0.0298 0.9052
vn -0.4241 0.0298 0.9051
vn -0.8863 -0.2718 0.3749
vn -0.9303 -0.3438 0.1279
vn 0.8863 0.2718 -0.3749
vn -0.6914 -0.4078 -0.5964
vn 0.1949 -0.1360 -0.9713
vn -0.1949 0.1360 0.9713
vn -0.9109 -0.3924 -0.1279
vn -0.3636 0.9097 -0.2004
vn 0.6243 0.0784 -0.7773
vn 0.4240 -0.0298 -0.9052
vn 0.4240 -0.0298 -0.9051
vn -0.8294 -0.4142 -0.3749
vn 0.0475 0.2329 0.9713
vn 0.0474 0.2329 0.9713
vn -0.8290 -0.4146 -0.3752
vn 0.9303 0.3438 -0.1279
vn 0.3633 -0.0595 -0.9298
vn 0.3633 -0.0594 -0.9298
vn 0.3600 -0.0594 -0.9310
vn 0.3631 -0.0615 -0.9297
vn 0.3630 -0.0599 -0.9298
vn 0.3636 -0.0593 -0.9297
vn 0.3636 -0.0601 -0.9296
vn 0.3633 -0.0591 -0.9298
vn 0.3634 -0.0600 -0.9297
vn 0.3625 -0.0574 -0.9302
vn 0.3640 -0.0594 -0.9295
vn 0.3635 -0.0592 -0.9297
vn 0.3633 -0.0598 -0.9298
vn 0.3624 -0.0570 -0.9303
vn 0.3631 -0.0596 -0.9298
vn 0.3638 -0.0660 -0.9291
vn 0.3577 -0.0526 -0.9324
vn 0.3594 -0.0819 -0.9296
vn 0.3659 -0.0661 -0.9283
vn 0.3605 -0.0878 -0.9286
vn 0.3602 -0.0749 -0.9299
vn 0.3603 -0.0745 -0.9299
vn 0.3658 -0.0533 -0.9292
vn 0.3658 -0.0595 -0.9288
vn 0.3578 -0.0617 -0.9318
vn 0.3699 -0.0550 -0.9275
vn 0.3669 -0.0675 -0.9278
vn 0.3543 -0.0649 -0.9329
vn 0.3580 -0.0549 -0.9321
vn 0.3642 -0.0619 -0.9292
vn 0.3632 -0.0581 -0.9299
vn 0.2866 0.3139 0.9052
vn -0.8292 -0.4144 -0.3752
vn 0.9109 0.3924 0.1279
vn 0.7746 0.1759 -0.6075
vn -0.3090 0.9106 -0.2744
vn -0.3099 0.9104 -0.2742
vn -0.3094 0.9103 -0.2750
vn -0.3085 0.9104 -0.2757
vn -0.3081 0.9106 -0.2753
vn -0.3034 0.9119 -0.2765
vn -0.3088 0.9108 -0.2739
vn -0.3082 0.9113 -0.2732
vn -0.3095 0.9104 -0.2744
vn -0.3094 0.9099 -0.2764
vn -0.3094 0.9092 -0.2784
vn -0.3095 0.9105 -0.2743
vn -0.3093 0.9105 -0.2743
vn -0.7072 -0.0000 -0.7070
vn -0.3096 0.9105 -0.2743
vn -0.3076 0.9109 -0.2749
vn -0.3097 0.9104 -0.2742
vn -0.3105 0.9104 -0.2735
vn -0.2944 0.9166 -0.2706
vn -0.3081 0.9115 -0.2724
vn -0.3093 0.9106 -0.2743
vn -0.3094 0.9096 -0.2774
vn -0.3099 0.9101 -0.2749
vn -0.3076 0.9105 -0.2762
vn -0.3092 0.9106 -0.2742
vn -0.3092 0.9106 -0.2743
vn -0.3097 0.9115 -0.2706
vn -0.3034 0.9158 -0.2633
vn -0.3093 0.9114 -0.2715
vn -0.3091 0.9106 -0.2742
vn -0.3094 0.9105 -0.2744
vn -0.3640 0.9095 -0.2009
vn 0.2866 0.3140 0.9051
vn 0.3623 -0.9102 0.2007
vn 0.3639 -0.9095 0.2008
vn 0.3644 -0.9094 0.2003
vn 0.3620 -0.9104 0.2004
vn 0.3636 -0.9098 0.2004
vn 0.3636 -0.9097 0.2004
vn 0.3640 -0.9096 0.2003
vn 0.3642 -0.9095 0.2003
vn 0.3643 -0.9096 0.2000
vn 0.3634 -0.9098 0.2004
vn 0.3639 -0.9097 0.2003
vn -0.3641 0.9095 -0.2004
vn -0.3637 0.9097 -0.2004
vn -0.3639 0.9096 -0.2004
vn -0.3636 0.9098 -0.2000
vn -0.3645 0.9093 -0.2007
vn -0.3640 0.9094 -0.2011
vn 0.5062 0.3736 0.7773
vn -0.6913 -0.4078 -0.5965
vn 0.9315 0.3552 -0.0782
vn 0.3094 -0.9105 0.2742
vn -0.0381 -0.2307 -0.9723
vn -0.0371 -0.2290 -0.9727
vn -0.0371 -0.2291 -0.9727
vn -0.0371 -0.2293 -0.9727
vn -0.0371 -0.2287 -0.9728
vn -0.0371 -0.2285 -0.9728
vn -0.0361 -0.2269 -0.9732
vn -0.0380 -0.2335 -0.9716
vn -0.0063 -0.2699 -0.9629
vn -0.0061 -0.2700 -0.9628
vn -0.0058 -0.2701 -0.9628
vn -0.0356 -0.2255 -0.9736
vn -0.3095 0.9080 -0.2825
vn -0.9308 -0.3464 0.1172
vn -0.9308 -0.3463 0.1172
vn 0.0381 0.2313 0.9721
vn 0.0380 0.2312 0.9722
vn 0.0369 0.2127 0.9764
vn 0.0336 0.2282 0.9730
vn 0.0398 0.2228 0.9740
vn -0.0000 0.1415 0.9899
vn 0.0421 0.2221 0.9741
vn 0.0317 0.2193 0.9751
vn 0.0162 0.1000 0.9949
vn 0.0211 0.1267 0.9917
vn 0.0362 0.2213 0.9745
vn 0.0464 0.2275 0.9727
vn 0.0351 0.2309 0.9723
vn 0.0368 0.2307 0.9723
vn 0.0249 0.1432 0.9894
vn 0.0135 0.0905 0.9958
vn 0.0372 0.2265 0.9733
vn 0.0322 0.2289 0.9729
vn 0.0359 0.2295 0.9726
vn -0.0302 0.1552 0.9874
vn -0.1271 0.0245 0.9916
vn 0.0356 0.2322 0.9720
vn 0.0353 0.2276 0.9731
vn 0.0351 0.2312 0.9723
vn 0.0743 0.4349 0.8974
vn 0.0093 0.1316 0.9913
vn 0.0379 0.2245 0.9737
vn 0.1640 0.9630 0.2139
vn 0.0373 0.2226 0.9742
vn 0.0357 0.2287 0.9728
vn 0.9310 0.3462 -0.1159
vn 0.9326 0.3444 -0.1082
vn -0.2370 -0.9193 -0.3141
vn 0.9309 0.3461 -0.1168
vn 0.9298 0.3475 -0.1217
vn 0.9308 0.3464 -0.1169
vn 0.9308 0.3463 -0.1169
vn 0.9406 0.3262 -0.0938
vn 0.9308 0.3464 -0.1172
vn 0.9308 0.3463 -0.1171
vn -0.3094 0.9093 -0.2784
vn -0.3095 0.9080 -0.2824
vn 0.9324 0.3530 -0.0775
vn 0.9320 0.3537 -0.0785
vn 0.0140 -0.3720 -0.9281
vn 0.0002 -0.2161 -0.9764
vn -0.0161 -0.3264 -0.9451
vn 0.0008 -0.2153 -0.9765
vn 0.0001 -0.2154 -0.9765
vn -0.0178 -0.0000 -0.9998
vn 0.0001 -0.2129 -0.9771
vn -0.0174 -0.1106 -0.9937
vn -0.9347 -0.3506 0.0584
vn -0.9520 -0.3060 -0.0000
vn -0.8909 -0.4454 0.0891
vn -0.9301 -0.3539 0.0986
vn -0.9320 -0.3517 0.0870
vn -0.9507 -0.3049 0.0567
vn -0.9332 -0.3548 0.0568
vn -0.9302 -0.3596 0.0734
vn -0.0003 0.2149 0.9766
vn -0.0003 0.2150 0.9766
vn -0.2866 -0.3140 -0.9051
vn -0.2867 -0.3139 -0.9051
vn -0.0475 -0.2329 -0.9713
vn 0.4241 -0.0298 -0.9051
vn 0.6243 0.0785 -0.7772
vn 0.6914 0.4078 0.5964
vn 0.8294 0.4142 0.3749
vn 0.3098 -0.9105 0.2741
vn 0.3095 -0.9105 0.2742
vn -0.1700 0.1466 0.9745
vn -0.1705 0.1467 0.9744
vn -0.1700 0.1465 0.9745
vn -0.3806 0.0512 0.9233
vn -0.3805 0.0512 0.9234
vn 0.6382 0.0867 -0.7650
vn 0.3094 -0.9099 0.2763
vn 0.3095 -0.9080 0.2825
vn 0.3072 -0.9099 0.2787
vn -0.3806 0.0511 0.9233
vn -0.3094 0.9095 -0.2777
vn -0.3094 0.9089 -0.2797
vn 0.9004 0.2883 -0.3259
vn 0.9004 0.2882 -0.3259
vn 0.3093 -0.9106 0.2742
vn -0.2347 0.1202 0.9646
vn -0.2341 0.1184 0.9650
vn -0.2342 0.1188 0.9649
vn -0.2352 0.1174 0.9648
vn -0.2345 0.1189 0.9648
vn -0.2342 0.1189 0.9649
vn -0.2354 0.1164 0.9649
vn -0.2228 0.1178 0.9677
vn -0.2227 0.1178 0.9678
vn -0.2227 0.1178 0.9677
vn 0.0337 0.1854 0.9821
vn 0.9586 -0.2835 0.0270
vn 0.9582 -0.2844 0.0305
vn 0.9582 -0.2845 0.0306
vn 0.9587 -0.2831 0.0267
vn 0.9583 -0.2841 0.0316
vn 0.9989 -0.0336 -0.0317
vn 0.9992 -0.0211 -0.0347
vn 0.9988 -0.0381 -0.0317
vn 0.9716 0.2187 -0.0906
vn 0.9788 0.2048 -0.0078
vn 0.9710 0.2206 -0.0920
vn 0.8781 0.4574 -0.1407
vn 0.8772 0.4587 -0.1416
vn 0.8774 0.4586 -0.1413
vn 0.7239 0.6650 -0.1837
vn 0.7180 0.6714 -0.1834
vn 0.7249 0.6636 -0.1847
vn 0.5220 0.8257 -0.2138
vn 0.5229 0.8252 -0.2137
vn 0.5243 0.8243 -0.2136
vn 0.2843 0.9306 -0.2306
vn 0.2852 0.9305 -0.2299
vn 0.2866 0.9303 -0.2288
vn 0.0526 0.9734 -0.2229
vn 0.0265 0.9729 -0.2297
vn 0.0786 0.9732 -0.2163
vn -0.2526 0.9406 -0.2269
vn -0.2337 0.9484 -0.2144
vn -0.2757 0.9305 -0.2412
vn -0.4847 0.8582 -0.1689
vn -0.4767 0.8618 -0.1735
vn -0.4766 0.8618 -0.1735
vn 0.0371 0.2282 0.9729
vn 0.0368 0.2291 0.9727
vn 0.0367 0.2287 0.9728
vn -0.0000 -0.0000 -0.0000
vn 0.3471 -0.1414 0.9271
vn -0.9582 0.2844 -0.0303
vn -0.9990 0.0337 0.0303
vn -0.9716 -0.2192 0.0888
vn -0.8781 -0.4572 0.1413
vn -0.7247 -0.6640 0.1841
vn -0.7248 -0.6639 0.1841
vn -0.5224 -0.8253 0.2145
vn -0.5218 -0.8257 0.2144
vn -0.5226 -0.8251 0.2147
vn 0.0387 0.2320 0.9719
vn -0.3644 0.9098 -0.1990
vn -0.3755 0.9060 -0.1952
vn -0.3683 0.9084 -0.1976
vn -0.3635 0.9098 -0.2001
vn -0.3763 0.9043 -0.2016
vn -0.3481 0.9141 -0.2080
vn -0.3646 0.9095 -0.1997
vn -0.3686 0.9079 -0.1997
vn -0.3416 0.9171 -0.2054
vn 0.9163 -0.1615 -0.3663
vn -0.3690 0.9074 -0.2009
vn -0.0000 0.0114 -0.9999
vn -0.0000 0.8944 0.4472
vn -0.1470 0.9046 -0.4001
vn -0.0005 1.0000 -0.0030
vn 0.1204 -0.9631 -0.2408
vn -0.3719 0.7407 -0.5595
vn -0.0372 -0.2290 -0.9727
vn -0.0372 -0.2291 -0.9727
vn 0.9315 0.3553 -0.0779
vn -0.3821 0.9045 -0.1896
vn -1.0000 -0.0000 -0.0000
vn -0.0050 -0.0000 1.0000
vn -0.3644 0.9093 -0.2009
vn -0.3574 0.9122 -0.2006
vn -0.3648 0.9092 -0.2008
vn 1.0000 -0.0000 -0.0000
vn -0.3601 0.9107 -0.2021
vn -0.9694 -0.0000 -0.2454
vn 1.0000 -0.0000 -0.0002
vn 0.9968 0.0035 -0.0803
vn -0.0000 -0.0000 -1.0000
vn -0.3655 0.9090 -0.2004
vn -0.3080 0.9289 -0.2059
vn -0.8089 0.5727 -0.1326
vn -0.9266 -0.3679 0.0775
vn -0.9277 -0.3691 0.0558
vn -0.9312 -0.3560 0.0776
vn -0.3014 0.8738 0.3815
vn -0.3019 0.8735 0.3818
vn -0.3015 0.8738 0.3815
vn -0.3801 0.9153 0.1331
vn -0.3439 0.9299 0.1301
vn -0.3418 0.9311 0.1276
vn -0.3470 0.9268 0.1439
vn -0.3637 0.9223 -0.1307
vn -0.3764 0.9147 -0.1472
vn -0.3848 0.9079 -0.1660
vn -0.3485 0.8613 -0.3699
vn -0.3579 0.8525 -0.3811
vn -0.3542 0.8558 -0.3769
vn -0.3564 0.8533 -0.3806
vn -0.3507 0.8597 -0.3713
vn -0.3272 0.7224 -0.6092
vn -0.3280 0.7242 -0.6066
vn -0.3280 0.7222 -0.6089
vn -0.9740 -0.2209 0.0502
vn -0.3094 0.9106 -0.2742
vn -0.3092 0.9107 -0.2740
vn -0.2866 -0.3138 -0.9052
vn 0.0474 0.2329 0.9714
vn -0.4240 0.0298 0.9051
vn -0.6243 -0.0785 0.7773
vn -0.9109 -0.3923 -0.1279
vn 0.6242 0.0785 -0.7773
vn 0.6243 0.0785 -0.7773
vn -0.7606 -0.1659 0.6277
vn -0.7606 -0.1658 0.6277
vn 0.3050 -0.9119 0.2745
vn 0.3085 -0.9108 0.2743
vn -0.7489 -0.1577 0.6437
vn -0.3071 0.9108 -0.2760
vn -0.3042 0.9110 -0.2784
vn -0.3072 0.9107 -0.2760
vn -0.9045 -0.2936 0.3092
vn -0.9046 -0.2936 0.3092
vn 0.3093 -0.9105 0.2743
vn 0.3088 -0.9108 0.2741
vn -0.3948 0.0442 0.9177
vn -0.3948 0.0443 0.9177
vn 0.0432 0.1868 0.9815
vn 0.0674 0.4152 0.9072
vn 0.0696 0.2889 0.9548
vn 0.8524 -0.5151 0.0900
vn 0.8524 -0.5150 0.0902
vn 0.8524 -0.5151 0.0901
vn 0.8525 -0.5152 0.0884
vn 0.8519 -0.5161 0.0883
vn -0.3651 0.4971 -0.7871
vn 0.8530 -0.5148 0.0864
vn 0.9992 -0.0216 -0.0341
vn 0.9990 -0.0337 -0.0301
vn -0.0370 -0.2293 -0.9727
vn 0.9782 0.2064 -0.0209
vn 0.9716 0.2194 -0.0886
vn 0.9716 0.2194 -0.0885
vn 0.8783 0.4566 -0.1419
vn 0.8788 0.4565 -0.1390
vn 0.8779 0.4575 -0.1410
vn 0.8779 0.4575 -0.1411
vn 0.7241 0.6647 -0.1841
vn 0.7248 0.6640 -0.1839
vn 0.5219 0.8256 -0.2144
vn 0.5270 0.8231 -0.2117
vn 0.2834 0.9310 -0.2301
vn 0.2839 0.9291 -0.2369
vn 0.2836 0.9309 -0.2301
vn 0.0259 0.9727 -0.2306
vn 0.0263 0.9729 -0.2297
vn -0.2337 0.9484 -0.2145
vn -0.2319 0.9490 -0.2136
vn -0.2338 0.9482 -0.2152
vn -0.2348 0.9387 -0.2523
vn -0.2347 0.9387 -0.2524
vn -0.2344 0.9393 -0.2505
vn -0.2349 0.9386 -0.2525
vn -0.2349 0.9387 -0.2525
vn -0.6153 -0.4290 -0.6613
vn -0.7280 0.6730 -0.1306
vn -0.7325 0.6687 -0.1277
vn -0.8522 0.5156 -0.0888
vn -0.5216 -0.8258 0.2143
vn -0.5217 -0.8257 0.2145
vn 0.0363 0.2228 0.9742
vn 0.0363 0.2298 0.9726
vn 0.0258 0.2194 0.9753
vn 0.0503 0.2259 0.9728
vn 0.0373 0.2671 0.9629
vn -0.9332 -0.3504 0.0794
vn -0.9340 -0.3475 0.0831
vn -0.9445 -0.3208 0.0714
vn -0.9179 -0.3318 0.2175
vn -0.9237 -0.3753 0.0770
vn -0.9311 -0.3600 0.0594
vn -0.9370 -0.3338 0.1027
vn -0.9316 -0.3549 0.0786
vn -0.9314 -0.3556 0.0778
vn -0.2384 0.7581 0.6070
vn -0.2385 0.7581 0.6069
vn -0.2922 0.8796 0.3754
vn -0.2912 0.8777 0.3806
vn -0.2912 0.8777 0.3807
vn -0.3460 0.9292 0.1301
vn -0.3390 0.9329 0.1212
vn -0.3433 0.9302 0.1300
vn -0.3653 0.9218 -0.1296
vn -0.3641 0.9222 -0.1304
vn 0.9315 0.3554 -0.0779
vn 0.9315 0.3552 -0.0783
vn -0.3256 0.7249 -0.6071
vn -0.3255 0.7249 -0.6071
vn -0.3142 0.7574 -0.5724
vn -0.3271 0.7251 -0.6060
vn -0.2743 0.5267 -0.8046
vn -0.2732 0.5470 -0.7913
vn -0.2743 0.5473 -0.7907
vn -0.2734 0.5553 -0.7854
vn -0.1972 0.3442 -0.9179
vn -0.2004 0.3378 -0.9196
vn -0.2032 0.3320 -0.9211
vn -0.2029 0.3321 -0.9212
vn -0.2089 0.3226 -0.9232
vn -0.2133 0.2912 -0.9326
vn -0.1191 0.0962 -0.9882
vn -0.1191 0.0946 -0.9884
vn -0.1177 0.0927 -0.9887
vn -0.1190 0.1020 -0.9876
vn -0.1189 0.1110 -0.9867
vn -0.9352 -0.3301 0.1284
vn 0.2275 -0.1218 -0.9661
vn 0.4240 -0.0297 -0.9052
vn 0.1949 -0.1359 -0.9714
vn -0.0474 -0.2330 -0.9713
vn -0.3638 0.9097 -0.2002
vn 0.2866 0.3139 0.9051
vn 0.3640 -0.9095 0.2008
vn 0.3095 -0.9113 0.2714
vn 0.3066 -0.9116 0.2737
vn 0.3090 -0.9114 0.2717
vn -0.0026 -0.6005 0.7996
vn -0.9824 0.1865 -0.0012
vn -0.8926 -0.0534 -0.4476
vn 0.3060 -0.9119 0.2735
vn 0.3067 -0.9111 0.2753
vn 0.3110 -0.9093 0.2763
vn 0.3067 -0.9116 0.2738
vn 0.3067 -0.9117 0.2735
vn 0.3072 -0.9114 0.2738
vn 0.8340 0.3618 -0.4165
vn -0.8937 0.0023 -0.4487
vn 0.3061 -0.9118 0.2738
vn 0.3107 -0.9093 0.2768
vn -0.0369 -0.2291 -0.9727
vn -0.0372 -0.2294 -0.9726
vn 0.0302 0.2254 0.9738
vn 0.0380 0.2038 0.9783
vn 0.6881 -0.7118 0.1413
vn 0.6892 -0.7107 0.1410
vn 0.6873 -0.7123 0.1423
vn 0.6875 -0.7122 0.1417
vn -0.0373 -0.2291 -0.9727
vn -0.9652 -0.1826 0.1873
vn -0.9985 -0.0386 0.0396
vn -0.8982 -0.3069 0.3148
vn 0.0394 0.9938 0.1037
vn 0.1929 0.9783 -0.0760
vn 0.2880 0.9382 -0.1919
vn 0.7245 0.6642 -0.1842
vn -0.1261 -0.9515 0.2805
vn -0.1564 -0.7746 0.6128
vn -0.1622 -0.3840 0.9090
vn 0.3412 0.2398 0.9089
vn -0.4918 0.2222 0.8419
vn 0.9740 0.0578 0.2189
vn -0.4772 0.8592 -0.1844
vn -0.4816 0.8548 -0.1931
vn -0.6256 0.5181 -0.5832
vn -0.6885 0.7092 -0.1519
vn -0.2818 -0.9212 0.2682
vn -0.2818 -0.9212 0.2683
vn 0.0131 0.2244 0.9744
vn 0.0365 0.2593 0.9651
vn 0.0372 0.2294 0.9726
vn 0.0439 0.2408 0.9696
vn 0.0364 0.2282 0.9729
vn -0.0372 -0.2289 -0.9727
vn -0.9340 -0.3493 0.0746
vn -0.9328 -0.3481 0.0933
vn -0.9446 -0.3184 0.0794
vn -0.9225 -0.3777 0.0792
vn -0.9225 -0.3779 0.0792
vn -0.9402 -0.3391 0.0308
vn -0.9315 -0.3552 0.0787
vn -0.9254 -0.3719 0.0733
vn -0.3891 -0.6411 -0.6615
vn -0.2536 -0.6733 -0.6945
vn -0.5260 -0.5920 -0.6106
vn -0.1914 0.6996 0.6884
vn -0.1914 0.6994 0.6887
vn -0.6424 -0.5982 -0.4790
vn -0.6619 -0.4866 -0.5702
vn -0.6061 -0.7045 -0.3692
vn -0.1338 0.5323 0.8359
vn -0.2795 0.5614 -0.7790
vn -0.2747 0.5462 -0.7913
vn -0.2035 0.3413 -0.9176
vn -0.0261 -0.1523 -0.9880
vn -0.0559 -0.0190 -0.9983
vn -0.0494 -0.0416 -0.9979
vn -0.9474 -0.2770 0.1606
vn 0.9315 0.3553 -0.0778
vn -0.8290 -0.4145 -0.3753
vn -0.8293 -0.4143 -0.3751
vn -0.0372 -0.2292 -0.9727
vn 0.4771 -0.8593 0.1841
vn 0.4771 -0.8594 0.1841
vn 0.4764 -0.8597 0.1843
vn 0.4769 -0.8594 0.1841
vn 0.4755 -0.8601 0.1846
vn 0.6881 -0.7117 0.1413
vn -0.5230 -0.8341 0.1756
vn -0.5230 -0.8340 0.1759
vn -0.5229 -0.8341 0.1756
vn -0.0258 -0.9728 0.2301
vn -0.0259 -0.9728 0.2301
vn 0.2311 -0.9490 0.2143
vn 0.2336 -0.9484 0.2144
vn 0.2336 -0.9484 0.2145
vn 0.2333 -0.9485 0.2144
vn -0.1592 0.5909 0.7909
vn -0.1592 0.5908 0.7910
vn -0.1592 0.5908 0.7909
vn -0.9349 -0.3465 0.0765
vn -0.9292 -0.3607 0.0805
vn 0.3628 -0.9227 0.1301
vn 0.3629 -0.9227 0.1301
vn -0.9039 -0.4063 0.1337
vn 0.3438 -0.9300 -0.1301
vn 0.3832 -0.9110 -0.1527
vn 0.3439 -0.9300 -0.1301
vn 0.3439 -0.9299 -0.1301
vn -0.9235 -0.3582 0.1376
vn -0.9322 -0.3602 0.0361
vn -0.0692 0.3832 0.9211
vn -0.0257 -0.1493 -0.9885
vn 0.0680 -0.3819 -0.9217
vn 0.0656 -0.3815 -0.9220
vn 0.0696 -0.3822 -0.9215
vn -0.8859 -0.3745 0.2738
vn -0.3636 0.9098 -0.2004
vn -0.2838 -0.9309 0.2302
vn -0.2837 -0.9309 0.2300
vn -0.2837 -0.9309 0.2301
vn -0.2835 -0.9309 0.2301
vn -0.2836 -0.9309 0.2301
vn -0.2830 -0.9311 0.2299
vn -0.2830 -0.9312 0.2298
vn -0.9316 -0.3547 0.0788
vn -0.9313 -0.3556 0.0785
vn 0.3571 -0.8526 0.3816
vn 0.3567 -0.8528 0.3814
vn -0.9667 -0.2349 0.1014
vn -0.9584 -0.2771 0.0690
vn -0.9317 -0.3544 0.0798
vn -0.9307 -0.3568 0.0801
vn 0.2774 -0.8320 -0.4804
vn 0.2768 -0.8321 -0.4807
vn 0.2782 -0.8322 -0.4796
vn 0.9314 0.3557 -0.0777
vn 0.7287 0.4931 -0.4753
vn 0.6918 0.5418 -0.4774
vn 0.7659 0.4378 -0.4708
vn 0.3278 -0.8634 -0.3836
vn 0.4384 -0.8192 -0.3697
vn 0.3278 -0.8633 -0.3837
vn -0.9288 -0.3563 0.1017
vn -0.9319 -0.3542 0.0783
vn -0.9343 -0.3502 0.0664
vn 0.0256 0.1495 0.9884
vn 0.0256 0.1494 0.9884
vn -0.0259 -0.1503 -0.9883
vn -0.0259 -0.1504 -0.9883
vn 0.0690 -0.3843 -0.9206
vn 0.0732 -0.3807 -0.9218
vn 0.1667 -0.5799 -0.7974
vn 0.1647 -0.5851 -0.7941
vn 0.1586 -0.5887 -0.7926
vn -0.9363 -0.3511 -0.0000
vn 0.9109 0.3924 0.1278
vn 0.8294 0.4142 0.3750
vn 0.5063 0.3736 0.7773
vn -0.5999 0.3426 -0.7230
vn -0.0775 -0.8725 -0.4825
vn -0.4625 -0.3460 -0.8164
vn -0.9317 -0.3549 0.0773
vn -0.9316 -0.3551 0.0773
vn -0.9316 -0.3551 0.0774
vn 0.3577 -0.8522 0.3818
vn 0.3552 -0.8542 0.3796
vn -0.9090 -0.2250 -0.3508
vn -0.5493 0.8083 -0.2120
vn -0.5055 -0.8405 -0.1951
vn 0.9316 0.3552 -0.0776
vn 0.2600 -0.7342 -0.6271
vn 0.2662 -0.7430 -0.6141
vn 0.2649 -0.7477 -0.6090
vn 0.2366 -0.7236 -0.6484
vn 0.0023 -0.5753 -0.8179
vn 0.2660 -0.7482 -0.6078
vn 0.2623 -0.7458 -0.6124
vn -0.9284 -0.3613 0.0864
vn -0.9255 -0.3717 0.0732
vn 0.1187 -0.0945 0.9884
vn 0.1187 -0.0944 0.9884
vn 0.1600 -0.5921 -0.7898
vn 0.1165 -0.6071 -0.7860
vn 0.1225 -0.6044 -0.7872
vn -0.5062 -0.3736 -0.7772
vn -0.9330 -0.3502 0.0830
vn -0.9299 -0.3577 0.0859
vn 0.3531 -0.7777 0.5200
vn 0.3520 -0.7810 0.5159
vn 0.3521 -0.7809 0.5160
vn 0.9316 0.3551 -0.0780
vn 0.3254 -0.6856 0.6512
vn 0.3251 -0.6856 0.6514
vn 0.3248 -0.6856 0.6516
vn 0.2036 -0.3319 0.9211
vn 0.8863 0.2718 -0.3750
vn 0.3636 -0.9098 0.2003
vn -0.5062 -0.3737 -0.7772
vn 0.2157 -0.5649 0.7964
vn 0.2179 -0.5672 0.7942
vn 0.2747 -0.5468 0.7909
vn 0.1950 -0.1360 -0.9713
vn -0.2190 0.1234 0.9679
vn -0.2180 0.1267 0.9677
vn -0.2181 0.1264 0.9677
vn -0.2180 0.1256 0.9678
vn -0.2181 0.1263 0.9677
vn -0.2180 0.1258 0.9678
vn -0.2187 0.1257 0.9677
vn -0.2179 0.1252 0.9679
vn -0.2181 0.1259 0.9678
vn 0.9420 0.3238 -0.0883
vn 0.9324 0.3522 -0.0808
vn -0.9316 -0.3552 0.0779
vn -0.9314 -0.3557 0.0769
vn 0.3681 -0.9081 0.1995
vn 0.0003 -0.2149 -0.9766
vn -0.0002 0.2141 0.9768
vn -0.1186 0.0945 -0.9884
vn -0.2036 0.3321 -0.9210
vn -0.2036 0.3326 -0.9208
vn -0.3270 0.7244 -0.6069
vn -0.3571 0.8526 -0.3816
vn -0.3629 0.9227 -0.1301
vn -0.3440 0.9299 0.1301
vn -0.2344 0.7597 0.6065
vn -0.2510 0.7829 0.5693
vn -0.9315 -0.3554 0.0776
vn 0.0256 0.1496 0.9884
vn 0.1186 -0.0943 0.9884
vn 0.1976 -0.2721 0.9418
vn 0.2747 -0.5464 0.7912
vn 0.3086 -0.7311 0.6085
vn 0.9264 0.3369 -0.1684
vn 0.3572 -0.8525 0.3817
vn 0.3038 -0.8721 -0.3836
vn -0.0000 0.4472 -0.8944
vn 0.2371 -0.7588 -0.6066
vn 0.1592 -0.5907 -0.7910
vn 0.0692 -0.3831 -0.9211
vn -0.0256 -0.1494 -0.9884
vn 0.9147 0.4002 -0.0572
vn 0.9347 0.3505 -0.0584
vn 0.8664 0.4874 -0.1083
vn 0.9782 0.2038 -0.0408
vn 0.8889 0.4444 -0.1111
vn 0.9363 0.3511 -0.0000
vn 0.9345 0.3460 -0.0839
vn 0.9172 0.3931 -0.0655
vn 0.9343 0.3464 -0.0840
vn 0.9326 0.3566 -0.0549
vn 0.9253 0.3701 -0.0823
vn 0.9325 0.3554 -0.0646
vn -0.1028 -0.9058 0.4111
vn 0.9298 0.3592 -0.0799
vn 0.5556 0.7018 -0.4459
vn 0.8571 0.4286 -0.2857
vn 0.9297 0.3605 -0.0759
vn 0.9129 0.3651 -0.1826
vn 0.9404 0.3319 -0.0738
vn 0.8641 0.4713 -0.1767
vn 0.9173 0.3903 -0.0793
vn 0.8930 0.2233 0.3907
vn 0.9101 0.4063 -0.0813
vn 0.9296 0.3575 -0.0894
vn 0.9335 0.3454 -0.0960
vn 0.9435 0.3145 -0.1048
vn 0.9281 0.3656 -0.0703
vn 0.9053 0.3457 -0.2469
vn 0.9356 0.3509 -0.0390
vn 0.9310 0.3621 -0.0453
vn 0.9545 0.2983 -0.0000
vn 0.9628 0.2562 0.0854
vn 0.9320 0.3486 -0.0996
vn 0.8999 0.4350 -0.0300
vn 0.9246 0.3770 -0.0539
vn 0.6674 0.6894 0.2818
vn 0.8296 0.5185 -0.2074
vn 0.9490 0.2969 -0.1060
vn 0.8972 0.4403 -0.0332
vn 0.9327 0.3502 -0.0858
vn 0.9313 0.3574 -0.0705
vn 0.9346 0.3521 -0.0503
vn 0.7809 0.6247 -0.0000
vn 0.8729 0.4364 -0.2182
vn -0.9315 -0.3552 0.0783
vn -0.9303 -0.3577 0.0809
vn -0.9314 -0.3557 0.0775
vn -0.9307 -0.3576 0.0772
vn -0.9322 -0.3537 0.0774
vn -0.9316 -0.3552 0.0773
vn -0.9295 -0.3609 0.0765
vn -0.9315 -0.3552 0.0776
vn -0.9324 -0.3529 0.0784
vn -0.9318 -0.3547 0.0775
vn -0.9315 -0.3554 0.0779
vn -0.9317 -0.3548 0.0779
vn -0.9315 -0.3553 0.0779
vn -0.9327 -0.3540 0.0688
vn -0.9315 -0.3552 0.0779
vn -0.9311 -0.3566 0.0773
vn -0.9319 -0.3540 0.0793
vn -0.9286 -0.3634 0.0757
vn -0.9314 -0.3558 0.0770
vn -0.9315 -0.3553 0.0780
vn -0.9317 -0.3548 0.0778
vn -0.9317 -0.3550 0.0776
vn -0.9316 -0.3552 0.0774
vn -0.9314 -0.3555 0.0779
vn -0.9315 -0.3553 0.0778
vn -0.9316 -0.3551 0.0778
vn -0.9315 -0.3554 0.0774
vn -0.9315 -0.3553 0.0776
vn -0.9315 -0.3554 0.0778
vn -0.9309 -0.3560 0.0816
vn 0.0003 -0.2150 -0.9766
vn -0.3633 0.9101 -0.1994
vn 0.9642 -0.2109 0.1607
vn 0.9635 -0.2142 0.1606
vn -0.2166 -0.0542 -0.9748
vn -0.1622 -0.1622 0.9733
vn -0.0293 0.0697 0.9971
vn -0.0000 -0.6402 0.7682
vn 0.2182 0.4364 0.8729
vn -0.2425 -0.0000 0.9701
vn -0.2350 -0.5317 -0.8137
vn -0.0004 0.2149 0.9766
vn -0.1187 0.0942 -0.9885
vn -0.1187 0.0946 -0.9884
vn -0.1187 0.0947 -0.9884
vn -0.2036 0.3320 -0.9210
vn -0.2747 0.5467 -0.7910
vn -0.3572 0.8526 -0.3815
vn -0.3271 0.7244 -0.6069
vn -0.2747 0.5468 -0.7909
vn -0.3630 0.9227 -0.1301
vn -0.3568 0.8528 -0.3814
vn -0.3437 0.9301 0.1297
vn -0.3625 0.9228 -0.1302
vn -0.3437 0.9300 0.1301
vn -0.3014 0.8738 0.3816
vn 0.0202 0.3880 0.9214
vn 0.2747 -0.5469 0.7909
vn 0.3754 -0.8454 0.3799
vn 0.2747 -0.5471 0.7907
vn 0.3131 -0.7133 0.6271
vn 0.3628 -0.9227 0.1302
vn 0.3052 -0.8715 -0.3839
vn 0.3627 -0.9228 0.1299
vn 0.3439 -0.9300 -0.1302
vn 0.1739 -0.5707 -0.8025
vn 0.2200 -0.6600 -0.7183
vn 0.0692 -0.3830 -0.9212
vn 0.1592 -0.5912 -0.7907
vn 0.0692 -0.3838 -0.9208
vn 0.9316 0.3551 -0.0778
vn -0.0003 0.2146 0.9767
vn -0.1186 0.0943 -0.9885
vn -0.2036 0.3320 -0.9211
vn -0.2036 0.3318 -0.9211
vn -0.3571 0.8526 -0.3815
vn -0.3628 0.9227 -0.1301
vn -0.3440 0.9299 0.1302
vn -0.3438 0.9300 0.1301
vn -0.2345 0.7596 0.6066
vn -0.2511 0.7829 0.5693
vn -0.9314 -0.3555 0.0777
vn -0.0692 0.3834 0.9210
vn 0.1187 -0.0943 0.9884
vn 0.2035 -0.3326 0.9208
vn 0.2746 -0.5470 0.7908
vn 0.3086 -0.7312 0.6083
vn 0.3571 -0.8526 0.3815
vn 0.3014 -0.8738 -0.3815
vn 0.2385 -0.7582 -0.6069
vn 0.1592 -0.5908 -0.7909
vn 0.0692 -0.3832 -0.9211
vn 0.9311 0.3563 -0.0782
vn 0.9319 0.3543 -0.0772
vn 0.9312 0.3562 -0.0778
vn 0.9318 0.3546 -0.0779
vn 0.9318 0.3543 -0.0782
vn 0.9322 0.3535 -0.0778
vn 0.9315 0.3554 -0.0777
vn -0.0000 1.0000 -0.0000
vn 0.9315 0.3552 -0.0778
vn 0.9314 0.3557 -0.0778
vn 0.9316 0.3547 -0.0793
vn 0.9314 0.3555 -0.0778
vn 0.9315 0.3553 -0.0780
vn 0.9315 0.3554 -0.0774
vn 0.9315 0.3553 -0.0777
vn 0.9315 0.3554 -0.0776
vn 0.9315 0.3552 -0.0779
vn 0.9314 0.3553 -0.0784
vn 0.9315 0.3552 -0.0780
vn 0.9318 0.3547 -0.0770
vn 0.9313 0.3556 -0.0786
vn 0.9318 0.3546 -0.0776
vn 0.9314 0.3555 -0.0783
vn 0.9313 0.3558 -0.0777
vn 0.9315 0.3554 -0.0778
vn 0.9322 0.3542 -0.0746
vn -0.9315 -0.3554 0.0781
vn -0.9356 -0.3439 0.0800
vn -0.9314 -0.3559 0.0765
vn -0.9296 -0.3601 0.0786
vn -0.9315 -0.3551 0.0792
vn -0.9315 -0.3554 0.0780
vn -0.9318 -0.3546 0.0774
vn -0.9323 -0.3533 0.0770
vn -0.9306 -0.3565 0.0826
vn -0.9314 -0.3556 0.0780
vn -0.9319 -0.3545 0.0766
vn -0.9315 -0.3551 0.0786
vn -0.9314 -0.3557 0.0777
vn -0.9315 -0.3554 0.0777
vn -0.9315 -0.3553 0.0777
vn -0.9313 -0.3559 0.0772
vn -0.0004 0.2142 0.9768
vn -0.2063 0.3094 0.9283
vn -0.0003 0.2154 0.9765
vn -0.1187 0.0945 -0.9884
vn -0.1187 0.0938 -0.9885
vn -0.2036 0.3319 -0.9211
vn -0.3270 0.7243 -0.6070
vn -0.3573 0.8525 -0.3816
vn -0.3439 0.9300 0.1301
vn -0.3017 0.8733 0.3825
vn -0.1592 0.5911 0.7907
vn 0.0256 0.1501 0.9883
vn 0.2036 -0.3318 0.9211
vn 0.3755 -0.8454 0.3799
vn 0.2746 -0.5466 0.7911
vn 0.3131 -0.7133 0.6270
vn 0.3015 -0.8738 -0.3816
vn 0.3629 -0.9227 0.1303
vn 0.2386 -0.7572 -0.6080
vn 0.3015 -0.8738 -0.3815
vn 0.1593 -0.5908 -0.7909
vn 0.2384 -0.7582 -0.6068
vn 0.1593 -0.5907 -0.7910
vn 0.0692 -0.3836 -0.9209
vn -0.0256 -0.1495 -0.9884
vn -0.0349 -0.0000 -0.9994
vn -0.0370 -0.2318 -0.9721
vn -0.0358 -0.2299 -0.9725
vn 0.0374 0.2293 0.9726
vn -0.9346 -0.3371 0.1135
vn -0.0000 -1.0000 -0.0000
vn 0.9308 0.3463 -0.1172
vn 0.2834 0.9310 -0.2302
vn 0.5847 0.7858 -0.2016
vn 0.8780 0.4573 -0.1413
vn 0.8781 0.4571 -0.1413
vn 0.9716 0.2192 -0.0888
vn 0.9990 -0.0337 -0.0303
vn 0.9583 -0.2843 0.0303
vn 0.8522 -0.5156 0.0888
vn 0.7767 -0.6198 0.1121
vn 0.8513 -0.5200 0.0696
vn 0.4780 -0.8631 0.1627
vn 0.2374 -0.9450 0.2250
vn -0.2239 -0.9517 0.2099
vn -0.4058 -0.8835 0.2339
vn -0.4057 -0.8836 0.2339
vn -0.7246 -0.6641 0.1842
vn 0.0372 0.2289 0.9727
vn -0.0000 -0.0000 1.0000
vn -0.9593 0.2807 -0.0292
vn -0.2338 0.9484 -0.2144
vn -0.2336 0.9484 -0.2144
vn 0.0262 0.9728 -0.2300
vn -0.0357 -0.0000 -0.9994
vn -0.0499 -0.0000 -0.9988
vn -0.0280 -0.5968 -0.8019
vn -0.0501 0.4010 -0.9147
vn -0.0166 -0.5314 -0.8469
vn -0.0263 -0.2363 -0.9713
vn -0.0427 -0.0000 -0.9991
vn -0.0215 -0.2153 -0.9763
vn -0.0490 -0.1959 -0.9794
vn 0.4586 0.5446 -0.7022
vn -0.0733 -0.1956 -0.9779
vn -0.0245 -0.1961 -0.9803
vn -0.0830 -0.0000 -0.9965
vn -0.0293 -0.2342 -0.9718
vn -0.0433 -0.2167 -0.9753
vn -0.0364 -0.2150 -0.9759
vn -0.0392 -0.2686 -0.9625
vn -0.0382 -0.2185 -0.9751
vn -0.0374 -0.2339 -0.9715
vn -0.0416 -0.3068 -0.9509
vn -0.0372 -0.2420 -0.9696
vn -0.0361 -0.2424 -0.9695
vn -0.0390 -0.2282 -0.9728
vn -0.0362 -0.2343 -0.9715
vn -0.0341 -0.2599 -0.9650
vn -0.0405 -0.2339 -0.9714
vn -0.0315 -0.4036 -0.9144
vn -0.0358 -0.2221 -0.9744
vn -0.0394 -0.2657 -0.9632
vn -0.0405 -0.2340 -0.9714
vn -0.0349 -0.2273 -0.9732
vn -0.0387 -0.2292 -0.9726
vn -0.0569 -0.1518 -0.9868
vn -0.0339 -0.2294 -0.9727
vn -0.0292 -0.3510 -0.9359
vn 0.0372 0.2291 0.9727
vn 0.0373 0.2290 0.9727
vn 0.0372 0.2300 0.9725
vn 0.0373 0.2293 0.9726
vn 0.0373 0.2291 0.9727
vn 0.0371 0.2304 0.9724
vn 0.0372 0.2292 0.9727
vn 0.0373 0.2278 0.9730
vn 0.0372 0.2303 0.9724
vn 0.0372 0.2279 0.9730
vn 0.0372 0.2293 0.9726
vn 0.0373 0.2303 0.9724
vn 0.0372 0.2290 0.9727
vn -0.9285 -0.3550 0.1092
vn -0.9304 -0.3466 0.1193
vn -0.3640 0.9096 -0.2003
vn 0.9309 0.3459 -0.1173
vn 0.2840 0.9308 -0.2301
vn 0.2835 0.9310 -0.2301
vn 0.7247 0.6640 -0.1841
vn 0.8781 0.4572 -0.1413
vn 0.9582 -0.2844 0.0303
vn 0.6881 -0.7117 0.1412
vn 0.4771 -0.8593 0.1840
vn -0.6290 -0.7535 0.1913
vn -0.8780 -0.4573 0.1413
vn -0.8716 -0.4903 -0.0000
vn -0.8521 0.5158 -0.0889
vn -0.8522 0.5155 -0.0888
vn -0.8515 0.5168 -0.0891
vn -0.4771 0.8594 -0.1841
vn -0.4836 0.8563 -0.1813
vn -0.2332 0.9485 -0.2144
vn 0.0258 0.9728 -0.2301
vn 0.3042 -0.9027 0.3042
vn 0.0375 0.2290 0.9727
vn -0.0558 -0.4465 -0.8930
vn 0.5848 0.7858 -0.2016
vn -0.0371 -0.2292 -0.9727
vn 0.8515 -0.5198 0.0696
vn 0.8512 -0.5201 0.0696
vn 0.4771 -0.8593 0.1842
vn 0.4763 -0.8637 0.1649
vn 0.2340 -0.9456 0.2258
vn -0.7247 -0.6640 0.1842
vn -0.9583 0.2843 -0.0303
vn -0.6881 0.7117 -0.1413
vn -0.0372 -0.2266 -0.9733
vn -0.0376 -0.2293 -0.9726
vn -0.0373 -0.2307 -0.9723
vn -0.0372 -0.2279 -0.9730
vn -0.0372 -0.2311 -0.9722
vn -0.0375 -0.2287 -0.9728
vn -0.0373 -0.2288 -0.9728
vn -0.0372 -0.2300 -0.9725
vn -0.0373 -0.2284 -0.9729
vn -0.0369 -0.2305 -0.9724
vn -0.0372 -0.2299 -0.9725
vn -0.0373 -0.2292 -0.9727
vn -0.0373 -0.2296 -0.9726
vn -0.0373 -0.2290 -0.9727
vn -0.0373 -0.2282 -0.9729
vn -0.0372 -0.2293 -0.9726
vn -0.0373 -0.2279 -0.9730
vn -0.0373 -0.2293 -0.9726
vn -0.0370 -0.2296 -0.9726
vn 0.0372 0.2295 0.9726
vn 0.0371 0.2281 0.9729
vn 0.0372 0.2288 0.9728
vn 0.0373 0.2294 0.9726
vn 0.0369 0.2295 0.9726
vn 0.0374 0.2289 0.9727
vn -0.9308 -0.3461 0.1172
vn 0.2835 0.9309 -0.2301
vn 0.7246 0.6641 -0.1842
vn 0.6881 -0.7117 0.1414
vn 0.4774 -0.8592 0.1840
vn 0.2337 -0.9484 0.2145
vn -0.8780 -0.4572 0.1413
vn -0.9990 0.0338 0.0303
vn -0.8523 0.5155 -0.0888
vn -0.6892 0.7104 -0.1424
vn -0.4771 0.8593 -0.1842
vn 0.0259 0.9728 -0.2301
vn -0.3093 0.9104 -0.2748
vn -0.0000 1.0000 -0.0004
vn -0.3098 0.9104 -0.2743
vn -1.0000 -0.0005 0.0001
vn -0.0940 0.9956 0.0001
vn 0.0617 -0.9981 0.0001
vn 0.9690 -0.0456 -0.2429
vn -0.3098 0.9104 -0.2742
vn -0.1260 -0.4029 -0.9065
vn 0.1313 -0.7010 0.7010
vn 0.0874 0.9327 0.3498
vn 0.2981 0.5963 0.7454
vn -0.0934 0.9956 -0.0000
vn -0.3095 0.9105 -0.2742
vn -0.0000 0.7071 -0.7071
vn -0.0000 0.7809 -0.6247
vn -0.9829 0.1843 -0.0000
vn -0.9961 -0.0310 0.0829
vn 0.9981 -0.0624 -0.0000
vn -0.0000 0.5300 0.8480
vn 0.5391 -0.8423 -0.0000
vn -0.0401 -0.2340 -0.9714
vn 0.0305 0.2194 0.9752
vn 0.0425 0.2193 0.9747
vn 0.0541 0.2166 0.9748
vn 0.9880 0.1544 -0.0000
vn 0.2425 -0.0000 0.9701
vn 0.0400 0.2271 0.9730
vn -0.4419 0.8971 -0.0000
vn 0.2425 0.9701 -0.0000
vn 0.1790 0.2386 0.9545
vn 0.9308 0.3465 -0.1165
vn 0.9332 0.3503 -0.0804
vn 0.0075 -0.0569 -0.9984
vn 0.4685 0.6247 -0.6247
vn 0.0128 -0.2518 -0.9677
vn 0.0035 -0.2290 -0.9734
vn 0.0008 -0.2131 -0.9770
vn -0.0356 -0.1747 -0.9840
vn -0.0043 0.0150 -0.9999
vn -0.9347 -0.3505 0.0584
vn 0.7097 0.6810 -0.1806
vn -0.4768 0.8617 -0.1735
vn 0.0368 0.2286 0.9728
vn 0.2429 -0.1356 0.9605
vn -0.4729 0.8613 -0.1858
vn -0.6172 0.7715 -0.1543
vn -0.3636 0.9097 -0.2006
vn -0.0000 0.8944 -0.4472
vn -0.3455 0.9129 -0.2174
vn 0.1233 -0.9923 -0.0081
vn -0.3935 0.8902 -0.2295
vn -0.4039 0.8918 -0.2039
vn -0.6911 0.7062 -0.1539
vn -0.3718 0.9058 -0.2030
vn -0.9267 -0.3659 0.0861
vn -0.3019 0.8735 0.3819
vn -0.3381 0.8705 -0.3575
vn 0.0866 0.3871 0.9180
vn 0.8794 0.4564 -0.1356
vn 0.2875 0.4928 0.8213
vn 0.5324 0.8203 -0.2089
vn 0.2836 0.9308 -0.2304
vn 0.1240 -0.0000 -0.9923
vn -0.2341 0.9399 -0.2487
vn -0.2349 0.9386 -0.2526
vn -0.7271 0.6741 -0.1303
vn -0.7238 0.6773 -0.1318
vn -0.7280 0.6730 -0.1307
vn 0.0363 0.2299 0.9725
vn -0.9319 -0.3556 0.0719
vn -0.9329 -0.3546 0.0631
vn -0.9191 -0.3939 -0.0000
vn -0.9316 -0.3548 0.0786
vn -0.2932 0.8834 0.3655
vn -0.2923 0.8781 0.3788
vn -0.2910 0.8778 0.3804
vn -0.2911 0.8777 0.3806
vn 0.7614 0.5616 -0.3240
vn -0.3432 0.9302 0.1300
vn 0.7654 0.1008 -0.6356
vn -0.3128 0.7903 -0.5269
vn -0.1422 0.0393 -0.9891
vn -0.1192 0.0946 -0.9884
vn -0.8820 0.1675 0.4404
vn 0.9859 -0.1670 0.0002
vn -0.9170 -0.3989 -0.0012
vn 0.3070 -0.9110 0.2756
vn 0.0040 -0.9903 -0.1387
vn 0.3085 -0.9100 0.2770
vn 0.6224 -0.7827 -0.0001
vn -0.9884 -0.1520 -0.0013
vn 0.3081 -0.9101 0.2771
vn 0.9742 -0.1956 -0.1126
vn 0.0213 0.6794 -0.7335
vn 0.3115 -0.9104 0.2724
vn 0.0026 -1.0000 -0.0016
vn 0.0301 0.2254 0.9738
vn 0.1111 -0.8889 -0.4444
vn 0.6860 -0.7131 0.1444
vn -0.4768 0.8596 -0.1838
vn 0.0395 0.2285 0.9727
vn -0.9545 -0.1790 0.2386
vn -0.6228 -0.7785 0.0778
vn -0.9282 -0.3629 0.0820
vn -0.0253 -0.1721 -0.9847
vn -0.5227 -0.8340 0.1767
vn 0.3435 -0.9301 -0.1301
vn 0.3443 -0.9297 -0.1306
vn 0.0624 -0.9981 -0.0000
vn -0.7093 -0.3152 0.6305
vn -0.9593 -0.2741 0.0685
vn 0.3141 -0.6441 -0.6975
vn 0.2651 -0.8398 -0.4737
vn 0.2734 -0.8318 -0.4832
vn 0.2773 -0.8322 -0.4800
vn 0.2773 -0.8324 -0.4798
vn 0.2772 -0.8323 -0.4800
vn 0.2773 -0.8323 -0.4800
vn 0.3282 -0.8632 -0.3837
vn 0.3315 -0.8620 -0.3834
vn -0.9344 -0.3501 0.0663
vn 0.7071 0.7071 -0.0000
vn 0.3560 -0.8528 0.3822
vn 0.3563 -0.8527 0.3821
vn 0.3578 -0.8523 0.3814
vn 0.2648 -0.7477 -0.6089
vn 0.2020 -0.6925 -0.6925
vn 0.2665 -0.7478 -0.6081
vn -0.4472 -0.0000 -0.8944
vn 0.8944 -0.4472 -0.0000
vn 0.1599 -0.5921 -0.7898
vn -0.9212 -0.3814 0.0770
vn 0.3251 -0.6855 0.6514
vn 0.8872 0.4436 -0.1267
vn 0.9314 0.3531 -0.0883
vn 0.9294 0.3645 -0.0583
vn 0.8990 0.4286 0.0903
vn 0.3604 -0.9107 0.2019
vn 0.0004 -0.2149 -0.9766
vn -0.9496 -0.2049 0.2374
vn -0.9676 -0.1940 -0.1613
vn -0.3638 0.9096 -0.2005
vn 0.9978 -0.0658 -0.0000
vn -0.3654 0.9090 -0.2003
vn -0.3639 0.9096 -0.2005
vn -0.1186 0.0944 -0.9884
vn -0.2036 0.3314 -0.9212
vn 0.7517 0.6578 0.0470
vn -0.2344 0.7597 0.6066
vn -0.2185 0.7905 0.5721
vn -0.7454 -0.2981 0.5963
vn -0.2510 0.7828 0.5693
vn -0.0701 0.4299 0.9001
vn 0.1370 -0.4390 0.8880
vn 0.9737 0.1992 0.1106
vn 0.3086 -0.7313 0.6082
vn 0.3086 -0.7313 0.6083
vn 0.9364 0.3485 -0.0416
vn 0.9316 0.3551 -0.0772
vn 0.3532 -0.8549 0.3800
vn 0.3413 -0.9316 -0.1253
vn 0.2999 -0.8737 -0.3829
vn 0.2385 -0.7582 -0.6068
vn 0.2391 -0.7562 -0.6091
vn 0.2385 -0.7597 -0.6050
vn 0.1601 -0.5954 -0.7873
vn 0.4472 -0.0000 0.8944
vn 0.0692 -0.3833 -0.9211
vn -0.0000 -0.4472 -0.8944
vn -0.0256 -0.1484 -0.9886
vn 0.9347 0.3486 -0.0697
vn 0.9295 0.3611 -0.0745
vn 0.9346 0.3464 -0.0806
vn 0.9269 0.3641 -0.0910
vn 0.9545 -0.1790 0.2386
vn 0.9327 0.3498 -0.0874
vn 0.9330 0.3509 -0.0803
vn 0.9358 0.3448 -0.0739
vn 0.9299 0.3596 -0.0780
vn 0.9309 0.3569 -0.0783
vn 0.9309 0.3521 -0.0974
vn 0.9303 0.3603 -0.0686
vn 0.9325 0.3522 -0.0804
vn 0.9448 0.3223 -0.0586
vn 0.9292 0.3626 -0.0718
vn 0.9288 0.3628 -0.0751
vn 0.9376 0.3409 0.0682
vn 0.9289 0.3594 -0.0896
vn 0.9372 0.3408 -0.0745
vn 0.9354 0.3464 -0.0710
vn 0.9277 0.3680 -0.0625
vn 0.9236 0.3833 -0.0004
vn 0.9193 0.3668 -0.1426
vn 0.9450 0.3233 -0.0497
vn 0.9630 0.2593 -0.0741
vn 0.1052 -0.2746 0.9558
vn 0.9286 0.3617 -0.0835
vn 0.9300 0.3572 -0.0862
vn 0.9312 0.3552 -0.0818
vn 0.9295 0.3596 -0.0813
vn 0.9270 0.3679 -0.0721
vn 0.9448 0.3149 -0.0900
vn 0.8483 0.4948 0.1885
vn 0.9358 0.3463 -0.0655
vn 0.9311 0.3536 -0.0895
vn 0.8452 0.5071 0.1690
vn -0.9314 -0.3555 0.0778
vn -0.0000 -0.9701 0.2425
vn -0.9323 -0.3529 0.0787
vn -0.9755 0.1829 0.1219
vn -0.9315 -0.3554 0.0775
vn -0.9309 -0.3567 0.0784
vn -0.9316 -0.3550 0.0780
vn 0.5744 0.2154 0.7898
vn -0.9313 -0.3558 0.0774
vn -0.9317 -0.3547 0.0778
vn -0.0000 0.2425 0.9701
vn -0.9316 -0.3550 0.0779
vn -0.9314 -0.3554 0.0779
vn -0.9316 -0.3551 0.0777
vn -0.8814 -0.4168 0.2222
vn -0.9313 -0.3558 0.0780
vn -0.9315 -0.3552 0.0780
vn -0.9312 -0.3567 0.0751
vn 0.0006 -0.2131 -0.9770
vn -0.0901 -0.0521 -0.9946
vn 0.8877 0.4035 -0.2219
vn 0.9629 0.2699 -0.0000
vn -0.3621 0.9102 -0.2009
vn -0.3642 0.9095 -0.2006
vn -0.9722 -0.2003 -0.1215
vn -0.0027 0.2147 0.9767
vn 0.0053 0.2524 0.9676
vn -0.0003 0.2212 0.9752
vn 0.0426 -0.1462 0.9883
vn -0.0000 0.2060 0.9785
vn 0.0320 0.4462 0.8944
vn -0.1188 0.0954 -0.9883
vn -0.1187 0.0944 -0.9884
vn -0.2747 0.5463 -0.7913
vn -0.3626 0.9228 -0.1300
vn -0.3438 0.9300 0.1302
vn -0.3439 0.9299 0.1302
vn -0.3013 0.8740 0.3813
vn -0.3015 0.8737 0.3816
vn -0.1644 0.5875 0.7924
vn -0.0692 0.3831 0.9211
vn 0.0256 0.1492 0.9885
vn 0.3754 -0.8454 0.3800
vn 0.3752 -0.8455 0.3799
vn 0.2746 -0.5467 0.7910
vn 0.3135 -0.7108 0.6297
vn 0.3131 -0.7132 0.6271
vn 0.3130 -0.7134 0.6269
vn 0.3131 -0.7134 0.6269
vn 0.3126 -0.7151 0.6253
vn 0.3006 -0.8719 -0.3865
vn 0.7178 0.6021 -0.3495
vn 0.3438 -0.9300 -0.1302
vn 0.9314 0.3555 -0.0779
vn -0.0007 0.2162 0.9764
vn -0.3250 0.9353 0.1403
vn -0.3447 0.9295 0.1309
vn -0.3497 0.9247 0.1503
vn -0.3436 0.9301 0.1300
vn -0.3439 0.9299 0.1303
vn -0.2510 0.7829 0.5692
vn 0.1186 -0.0948 0.9884
vn 0.2036 -0.3320 0.9211
vn 0.3086 -0.7312 0.6084
vn -0.5070 -0.8238 0.2535
vn 0.3448 -0.9295 -0.1307
vn 0.2966 -0.8756 -0.3813
vn 0.3016 -0.8737 -0.3817
vn 0.1939 -0.9307 -0.3102
vn 0.2981 -0.8824 -0.3642
vn 0.3013 -0.8738 -0.3818
vn 0.2385 -0.7581 -0.6069
vn 0.8889 0.4444 0.1111
vn 0.9315 0.3551 -0.0781
vn 0.9315 0.3552 -0.0781
vn 0.9316 0.3552 -0.0778
vn 0.9923 0.1240 -0.0000
vn 0.9314 0.3556 -0.0776
vn 0.9312 0.3561 -0.0780
vn 0.9314 0.3552 -0.0799
vn 0.9316 0.3551 -0.0779
vn 0.9319 0.3548 -0.0755
vn 0.9317 0.3550 -0.0777
vn 0.9325 0.3540 -0.0712
vn 0.9271 0.3699 -0.0599
vn 0.9315 0.3552 -0.0777
vn 0.0874 0.3498 -0.9327
vn 0.9315 0.3552 -0.0784
vn 0.9350 0.3476 -0.0705
vn -0.9317 -0.3549 0.0775
vn -0.9314 -0.3555 0.0781
vn 0.9490 -0.2076 -0.2373
vn -0.9317 -0.3550 0.0774
vn -0.9315 -0.3553 0.0783
vn -0.0000 -0.4472 0.8944
vn 0.3333 -0.6667 0.6667
vn 0.6000 0.8000 -0.0000
vn -0.7167 -0.2205 -0.6616
vn -0.2182 0.4364 0.8729
vn 0.1913 0.2686 0.9441
vn -0.0003 0.2147 0.9767
vn -0.1111 -0.4444 -0.8889
vn -0.0003 0.2153 0.9766
vn -0.0005 0.2174 0.9761
vn -0.3014 0.8739 0.3815
vn 0.9300 -0.3487 -0.1162
vn -0.1592 0.5907 0.7910
vn 0.1213 -0.1213 0.9852
vn 0.2036 -0.3320 0.9210
vn 0.3131 -0.7131 0.6272
vn 0.3014 -0.8739 -0.3815
vn 0.3628 -0.9228 0.1300
vn 0.3440 -0.9299 -0.1301
vn 0.2384 -0.7583 -0.6068
vn 0.3017 -0.8736 -0.3819
vn -0.0562 -0.2216 -0.9735
vn -0.0324 -0.2322 -0.9721
vn -0.0507 0.1970 -0.9791
vn -0.0361 -0.2320 -0.9720
vn -0.0407 -0.2529 -0.9666
vn -0.0343 -0.2235 -0.9741
vn -0.9701 -0.2425 -0.0000
vn -0.3333 -0.6667 0.6667
vn -0.9311 -0.3456 0.1167
vn -0.9271 -0.3529 0.1264
vn 0.6778 -0.1820 -0.7124
vn 0.7454 -0.2981 -0.5963
vn -0.9236 -0.3621 0.1259
vn 0.9984 -0.0353 -0.0434
vn 0.0411 0.9856 -0.1643
vn -0.0416 -0.9991 -0.0000
vn -0.0624 -0.9981 -0.0000
vn 0.1279 -0.9809 -0.1466
vn -0.7071 -0.0000 0.7071
vn -0.1240 0.9923 -0.0000
vn 0.9307 0.3464 -0.1173
vn 0.5849 0.7855 -0.2020
vn 0.5848 0.7857 -0.2015
vn 0.7767 -0.6199 0.1122
vn -0.9904 0.0619 0.1238
vn 0.8513 -0.5201 0.0696
vn 0.4770 -0.8594 0.1842
vn 0.4772 -0.8593 0.1842
vn 0.4735 -0.8650 0.1659
vn 0.4784 -0.8625 0.1652
vn 0.4762 -0.8637 0.1649
vn 0.2341 -0.9456 0.2259
vn 0.2340 -0.9457 0.2258
vn 0.2339 -0.9457 0.2258
vn -0.0374 -0.2278 -0.9730
vn -0.2835 -0.9310 0.2301
vn -0.4078 -0.8827 0.2335
vn -0.4054 -0.8837 0.2338
vn -0.4058 -0.8835 0.2338
vn -0.9990 0.0330 0.0298
vn -0.0000 -0.0672 -0.9977
vn -0.2331 0.9486 -0.2142
vn -0.2341 0.9481 -0.2149
vn -0.2336 0.9484 -0.2143
vn 0.0259 0.9728 -0.2302
vn -0.0375 -0.2247 -0.9737
vn -0.0350 -0.2523 -0.9670
vn -0.0464 -0.2597 -0.9646
vn -0.0341 -0.2102 -0.9771
vn -0.0393 -0.2210 -0.9745
vn -0.0253 -0.1737 -0.9845
vn 0.0361 -0.8449 0.5336
vn -0.0366 -0.2385 -0.9704
vn -0.0391 -0.2085 -0.9772
vn -0.0344 -0.2219 -0.9745
vn -0.0360 -0.2272 -0.9732
vn -0.0381 -0.2252 -0.9736
vn -0.0381 -0.2135 -0.9762
vn -0.0379 -0.2209 -0.9746
vn -0.0378 -0.2283 -0.9729
vn -0.0366 -0.2342 -0.9715
vn -0.0411 -0.7519 -0.6579
vn -0.0367 -0.2293 -0.9727
vn -0.0323 -0.2284 -0.9730
vn -0.0373 -0.2219 -0.9743
vn -0.0239 -0.7641 -0.6447
vn -0.0357 -0.2234 -0.9741
vn -0.0377 -0.2257 -0.9735
vn -0.0374 -0.2279 -0.9730
vn -0.0336 -0.2357 -0.9712
vn -0.0542 -0.2166 -0.9748
vn -0.0262 -0.2255 -0.9739
vn -0.0362 -0.2326 -0.9719
vn -0.0357 -0.2259 -0.9735
vn -0.0386 -0.2297 -0.9725
vn -0.0390 -0.2558 -0.9659
vn -0.0383 -0.2257 -0.9735
vn -0.4465 -0.0558 -0.8930
vn -0.0395 -0.2345 -0.9713
vn -0.0314 -0.2283 -0.9731
vn -0.0376 -0.2221 -0.9743
vn -0.0348 -0.2286 -0.9729
vn -0.0605 -0.2421 -0.9684
vn -0.0342 -0.2243 -0.9739
vn 0.0371 0.2285 0.9728
vn 0.5300 0.8480 -0.0000
vn 0.0373 0.2292 0.9727
vn 0.0370 0.2302 0.9724
vn 0.0372 0.2285 0.9728
vn 0.0371 0.2297 0.9726
vn 0.0371 0.2287 0.9728
vn -0.4497 -0.7574 0.4734
vn 0.0382 0.2271 0.9731
vn 0.0368 0.2296 0.9726
vn -0.0624 -0.0078 0.9980
vn 0.0374 0.2295 0.9726
vn -0.0000 0.9701 -0.2425
vn 0.9306 0.3467 -0.1173
vn 0.9308 0.3463 -0.1170
vn 0.7248 0.6639 -0.1841
vn 0.8780 0.4572 -0.1413
vn 0.2425 -0.9701 -0.0000
vn 0.6878 -0.7118 0.1420
vn -0.0441 -0.9725 0.2286
vn 0.9343 -0.3036 0.1869
vn -0.6291 -0.7534 0.1913
vn -0.6281 -0.7542 0.1916
vn -0.8780 -0.4573 0.1415
vn -0.9717 -0.2188 0.0887
vn -0.8564 0.5089 -0.0868
vn -0.8522 0.5156 -0.0887
vn -0.8521 0.5157 -0.0889
vn -0.4772 0.8593 -0.1841
vn -0.4770 0.8594 -0.1842
vn -0.4771 0.8593 -0.1841
vn 0.3074 -0.9025 0.3017
vn 0.3140 -0.9010 0.2994
vn 0.3180 -0.4240 -0.8480
vn -0.9307 -0.3464 0.1172
vn -0.7561 -0.6076 -0.2430
vn -0.2182 0.4364 -0.8729
vn -0.3180 -0.8480 -0.4240
vn -0.1111 0.8889 0.4444
vn 0.9307 0.3465 -0.1172
vn 0.9490 -0.2076 0.2373
vn 0.9670 -0.2357 -0.0967
vn -0.5604 -0.7794 -0.2802
vn 0.7767 -0.6199 0.1121
vn 0.7766 -0.6199 0.1121
vn 0.7769 -0.6196 0.1120
vn 0.8546 -0.5112 0.0916
vn -0.8944 -0.0000 -0.4472
vn 0.8514 -0.5200 0.0696
vn -0.7247 -0.6641 0.1841
vn -0.6882 0.7117 -0.1413
vn -0.1111 -0.8889 0.4444
vn -0.6881 0.7118 -0.1413
vn -0.0374 -0.2289 -0.9727
vn -0.0372 -0.2298 -0.9725
vn -0.0372 -0.2288 -0.9728
vn -0.1036 -0.0000 -0.9946
vn -0.0182 -0.9979 -0.0624
vn -0.0371 -0.2295 -0.9726
vn -0.0372 -0.2282 -0.9729
vn -0.0362 -0.2384 -0.9705
vn -0.0373 -0.2304 -0.9724
vn -0.0372 -0.2293 -0.9727
vn -0.0371 -0.2293 -0.9726
vn -0.0605 0.9684 0.2421
vn 0.0371 0.2291 0.9727
vn -0.1829 0.9755 -0.1219
vn -0.1204 0.9631 0.2408
vn 0.0359 0.2308 0.9723
vn -0.0000 0.6247 0.7809
vn 0.0624 -0.0000 0.9981
vn 0.0374 0.2291 0.9727
vn 0.9308 0.3464 -0.1171
vn 0.6881 -0.7119 0.1404
vn -0.8523 0.5155 -0.0889
vn 0.6961 -0.0000 0.7179
vn -0.6880 0.7118 -0.1413
vn -0.4776 0.8591 -0.1841
vt 0.000000 0.000000
vt 1.000000 0.703125
vt 0.988287 0.760885
vt 1.000000 0.760885
vt 0.958333 0.703125
vt 0.953556 0.760885
vt 0.958333 0.760885
vt 0.916669 0.760885
vt 0.919380 0.760885
vt 0.916667 0.703125
vt 0.862163 0.760885
vt 0.833332 0.703125
vt 0.833332 0.760885
vt 0.823304 0.760885
vt 0.791665 0.703125
vt 0.794473 0.760885
vt 0.750001 0.703125
vt 0.781638 0.760886
vt 0.728260 0.760885
vt 0.708434 0.703125
vt 0.715562 0.760885
vt 0.656579 0.796488
vt 0.670999 0.796488
vt 0.627056 0.707066
vt 0.625000 0.796487
vt 0.673139 0.890625
vt 0.648970 0.796487
vt 0.665245 0.890625
vt 0.625000 0.890625
vt 0.583333 0.890625
vt 0.583296 0.796488
vt 0.562412 0.796488
vt 0.500000 0.890625
vt 0.520919 0.796488
vt 0.499999 0.796488
vt 0.499991 0.796487
vt 0.479080 0.796487
vt 0.416666 0.890625
vt 0.416676 0.796488
vt 0.416665 0.796488
vt 0.384114 0.890626
vt 0.400457 0.796487
vt 0.391961 0.796488
vt 0.325620 0.796487
vt 0.373579 0.890625
vt 0.292350 0.704693
vt 0.322012 0.703125
vt 0.321574 0.703125
vt 0.360618 0.703125
vt 0.291667 0.890625
vt 0.311707 0.796487
vt 0.302902 0.796487
vt 0.250000 0.890625
vt 0.249829 0.796487
vt 0.229082 0.796487
vt 0.208243 0.703646
vt 0.208068 0.703125
vt 0.208069 0.704648
vt 0.140503 0.760885
vt 0.142910 0.760885
vt 0.148057 0.760885
vt 0.166594 0.703125
vt 0.125010 0.703327
vt 0.166083 0.703334
vt 0.125000 0.703125
vt 0.086142 0.760885
vt 0.101525 0.760885
vt 0.073306 0.760885
vt 0.041667 0.703125
vt 0.044475 0.760886
vt 0.041666 0.760885
vt 0.000001 0.703125
vt 0.013545 0.760885
vt 0.977151 0.760885
vt 0.983073 0.703125
vt 0.961141 0.760885
vt 0.978259 0.760885
vt 0.988288 0.760885
vt 0.961046 0.760885
vt 0.948306 0.760885
vt 0.913097 0.760885
vt 0.916668 0.703125
vt 0.887837 0.760886
vt 0.827528 0.760885
vt 0.823646 0.760885
vt 0.874999 0.760885
vt 0.874999 0.703125
vt 0.868538 0.760885
vt 0.875000 0.760885
vt 0.887399 0.760885
vt 0.875000 0.703125
vt 0.785405 0.760885
vt 0.791666 0.760885
vt 0.791666 0.760885
vt 0.738688 0.760885
vt 0.740576 0.760885
vt 0.752808 0.760885
vt 0.750001 0.760885
vt 0.738288 0.760885
vt 0.733074 0.703125
vt 0.728261 0.760885
vt 0.687414 0.796488
vt 0.694911 0.830216
vt 0.694908 0.796487
vt 0.686707 0.796488
vt 0.675471 0.890625
vt 0.693949 0.890626
vt 0.624935 0.796487
vt 0.604079 0.796487
vt 0.541666 0.890625
vt 0.541666 0.796487
vt 0.603372 0.796488
vt 0.623579 0.890626
vt 0.541646 0.796487
vt 0.458333 0.890625
vt 0.458333 0.796487
vt 0.401009 0.796488
vt 0.437585 0.796487
vt 0.416665 0.890625
vt 0.299308 0.704693
vt 0.341101 0.796488
vt 0.320553 0.704693
vt 0.387420 0.796488
vt 0.391959 0.796488
vt 0.355473 0.796488
vt 0.375000 0.890626
vt 0.386869 0.796488
vt 0.259117 0.890625
vt 0.275459 0.796487
vt 0.254540 0.796488
vt 0.275460 0.796487
vt 0.208078 0.704648
vt 0.208246 0.760886
vt 0.208246 0.703646
vt 0.250000 0.796488
vt 0.258804 0.890625
vt 0.254384 0.796487
vt 0.216209 0.838209
vt 0.216210 0.796487
vt 0.125000 0.703327
vt 0.124926 0.703564
vt 0.073647 0.760885
vt 0.083332 0.760885
vt 0.083333 0.703125
vt 0.083333 0.760885
vt 0.086141 0.760885
vt 0.044473 0.760885
vt 0.041666 0.703125
vt 0.000001 0.760885
vt 0.012835 0.760885
vt -0.000000 0.703125
vt 1.000000 0.890625
vt 0.925781 0.890625
vt 0.958333 0.890625
vt 0.958335 0.703125
vt 0.916668 0.890625
vt 0.925472 0.890625
vt 0.833335 0.890625
vt 0.833333 0.703125
vt 0.791667 0.703125
vt 0.800781 0.890625
vt 0.759113 0.890625
vt 0.750002 0.703125
vt 0.724076 0.708313
vt 0.716209 0.832865
vt 0.714424 0.832865
vt 0.708333 0.890625
vt 0.717136 0.890626
vt 0.672758 0.832865
vt 0.659923 0.832865
vt 0.658310 0.832865
vt 0.643755 0.832865
vt 0.665245 0.890625
vt 0.673139 0.890625
vt 0.583331 0.832865
vt 0.570496 0.832865
vt 0.512834 0.832865
vt 0.499999 0.832865
vt 0.498607 0.832865
vt 0.487164 0.832865
vt 0.418133 0.832865
vt 0.416666 0.832865
vt 0.394141 0.832865
vt 0.388926 0.832865
vt 0.334238 0.832865
vt 0.333333 0.890625
vt 0.348347 0.832865
vt 0.291668 0.832865
vt 0.331915 0.890625
vt 0.319516 0.832865
vt 0.250000 0.890625
vt 0.249488 0.832865
vt 0.237165 0.832865
vt 0.175782 0.890625
vt 0.194818 0.738727
vt 0.168523 0.703125
vt 0.165328 0.710848
vt 0.165327 0.703125
vt 0.092448 0.890625
vt 0.050780 0.890625
vt 0.041666 0.890625
vt 0.967448 0.890625
vt 0.958334 0.703125
vt 0.967139 0.890626
vt 0.925783 0.890625
vt 0.916667 0.890625
vt 0.875000 0.703125
vt 0.833333 0.890625
vt 0.801890 0.890625
vt 0.875000 0.890625
vt 0.875001 0.890625
vt 0.915250 0.890625
vt 0.875000 0.703125
vt 0.791667 0.890625
vt 0.760223 0.890626
vt 0.800780 0.890626
vt 0.750000 0.890625
vt 0.733651 0.703125
vt 0.717448 0.890625
vt 0.696066 0.832865
vt 0.695498 0.832865
vt 0.694514 0.832865
vt 0.672759 0.832865
vt 0.624999 0.832865
vt 0.612164 0.832865
vt 0.541666 0.832865
vt 0.611182 0.832865
vt 0.603589 0.832865
vt 0.538673 0.832865
vt 0.458370 0.832865
vt 0.487163 0.832865
vt 0.394908 0.832865
vt 0.429501 0.832865
vt 0.351486 0.832866
vt 0.358086 0.832865
vt 0.382621 0.832866
vt 0.384113 0.890626
vt 0.388927 0.832865
vt 0.377379 0.832865
vt 0.269145 0.832863
vt 0.256308 0.832864
vt 0.269144 0.832865
vt 0.195367 0.832865
vt 0.176892 0.890625
vt 0.208334 0.832865
vt 0.256091 0.832865
vt 0.250001 0.832865
vt 0.208333 0.890625
vt 0.230093 0.832865
vt 0.165372 0.738727
vt 0.135223 0.890625
vt 0.166666 0.738727
vt 0.168397 0.738727
vt 0.166666 0.890625
vt 0.093557 0.890625
vt 0.125000 0.890625
vt 0.134114 0.890625
vt 0.051892 0.890625
vt 0.083333 0.890625
vt -0.000000 0.890625
vt 0.988265 0.760631
vt 1.000000 0.760630
vt 0.900315 0.703125
vt 0.905951 0.760631
vt 0.921762 0.760631
vt 0.916666 0.703125
vt 0.958333 0.703125
vt 0.875000 0.760631
vt 0.858648 0.703125
vt 0.863663 0.760631
vt 0.858071 0.703124
vt 0.850484 0.760631
vt 0.863263 0.760630
vt 0.791666 0.703125
vt 0.791665 0.760631
vt 0.804445 0.760631
vt 0.749999 0.703125
vt 0.749999 0.760631
vt 0.762778 0.760631
vt 0.749998 0.703125
vt 0.737220 0.760631
vt 0.696596 0.760631
vt 0.708332 0.703125
vt 0.691405 0.703125
vt 0.691405 0.703125
vt 0.685365 0.760631
vt 0.696597 0.760631
vt 0.666688 0.703125
vt 0.653910 0.760631
vt 0.666618 0.760631
vt 0.616501 0.796490
vt 0.583333 0.890625
vt 0.619968 0.887137
vt 0.584027 0.704012
vt 0.562929 0.796489
vt 0.541665 0.890625
vt 0.541666 0.890625
vt 0.595331 0.796489
vt 0.595135 0.796489
vt 0.500000 0.890624
vt 0.520747 0.796489
vt 0.500000 0.796489
vt 0.419720 0.703125
vt 0.488555 0.703125
vt 0.458586 0.703125
vt 0.499986 0.796489
vt 0.458334 0.890625
vt 0.492225 0.732839
vt 0.485414 0.763485
vt 0.439422 0.796489
vt 0.458333 0.890625
vt 0.478082 0.796489
vt 0.375001 0.796489
vt 0.375000 0.890625
vt 0.395920 0.796489
vt 0.456914 0.890625
vt 0.375001 0.890625
vt 0.416667 0.890625
vt 0.333334 0.796489
vt 0.333333 0.890624
vt 0.354254 0.796489
vt 0.291667 0.890625
vt 0.312415 0.796489
vt 0.291667 0.796489
vt 0.291496 0.796489
vt 0.291494 0.796489
vt 0.250000 0.890624
vt 0.250001 0.796489
vt 0.249841 0.796489
vt 0.171206 0.796489
vt 0.175781 0.890625
vt 0.183628 0.796489
vt 0.072439 0.703546
vt 0.066983 0.703125
vt 0.079247 0.760631
vt 0.041667 0.703125
vt 0.043003 0.760631
vt 0.058820 0.760631
vt 0.002480 0.760632
vt -0.000000 0.703126
vt -0.000000 0.760632
vt 0.983074 0.703125
vt 0.985806 0.760631
vt 0.945554 0.760631
vt 0.958333 0.760630
vt 0.961856 0.760631
vt 0.974901 0.760631
vt 0.899738 0.703125
vt 0.892151 0.760631
vt 0.904930 0.760631
vt 0.875000 0.703125
vt 0.881830 0.760631
vt 0.833332 0.703125
vt 0.842811 0.760631
vt 0.850485 0.760631
vt 0.833332 0.760631
vt 0.791667 0.703125
vt 0.769913 0.760631
vt 0.708332 0.760630
vt 0.625175 0.796490
vt 0.625001 0.843398
vt 0.635069 0.796490
vt 0.624999 0.843398
vt 0.622610 0.864165
vt 0.562586 0.796489
vt 0.541666 0.796489
vt 0.541639 0.796489
vt 0.397251 0.796489
vt 0.456913 0.890625
vt 0.435413 0.796489
vt 0.374709 0.796489
vt 0.354253 0.796489
vt 0.333125 0.796489
vt 0.333124 0.796489
vt 0.262421 0.796489
vt 0.283168 0.796489
vt 0.208333 0.890625
vt 0.208179 0.796488
vt 0.200124 0.796489
vt 0.229082 0.796488
vt 0.208335 0.796489
vt 0.199836 0.796489
vt 0.183627 0.796489
vt 0.171052 0.796489
vt 0.169583 0.843403
vt 0.169582 0.890625
vt 0.084935 0.703968
vt 0.118814 0.760631
vt 0.124986 0.703125
vt 0.083333 0.703547
vt 0.083522 0.703968
vt 0.083333 0.703125
vt 0.066406 0.703125
vt 0.066871 0.760631
vt 0.071598 0.760631
vt 0.041666 0.703125
vt 0.012779 0.760631
vt 0.041666 0.760631
vt 0.983073 0.703125
vt 0.999999 0.890625
vt 0.916667 0.890625
vt 0.900315 0.703125
vt 0.916666 0.703125
vt 0.874999 0.703125
vt 0.858649 0.703125
vt 0.875000 0.890625
vt 0.858073 0.703125
vt 0.833333 0.890625
vt 0.791667 0.703125
vt 0.791665 0.890624
vt 0.833332 0.890624
vt 0.750000 0.890625
vt 0.791667 0.890625
vt 0.708333 0.890625
vt 0.708332 0.890625
vt 0.626418 0.890626
vt 0.666666 0.890626
vt 0.691407 0.703125
vt 0.708331 0.890625
vt 0.647560 0.829630
vt 0.647466 0.833120
vt 0.661634 0.738984
vt 0.646328 0.829631
vt 0.669603 0.703125
vt 0.625000 0.890626
vt 0.645107 0.833120
vt 0.637778 0.833120
vt 0.590919 0.833120
vt 0.619808 0.833119
vt 0.561774 0.833120
vt 0.554445 0.833119
vt 0.541667 0.890625
vt 0.590662 0.833120
vt 0.579774 0.833120
vt 0.500000 0.890625
vt 0.528887 0.833119
vt 0.500000 0.833119
vt 0.499999 0.833119
vt 0.498250 0.833119
vt 0.459179 0.833120
vt 0.445989 0.833119
vt 0.378515 0.833119
vt 0.375000 0.833120
vt 0.456914 0.890625
vt 0.375000 0.890625
vt 0.333334 0.890624
vt 0.338988 0.833119
vt 0.333334 0.833118
vt 0.301713 0.833119
vt 0.291667 0.833119
vt 0.286476 0.833119
vt 0.291666 0.890625
vt 0.291667 0.833119
vt 0.237222 0.833119
vt 0.250002 0.890624
vt 0.250001 0.833119
vt 0.172986 0.833119
vt 0.180573 0.833119
vt 0.125000 0.890625
vt 0.143396 0.833119
vt 0.132970 0.738983
vt 0.066983 0.703125
vt 0.083333 0.890625
vt 0.083334 0.703125
vt 0.041668 0.890626
vt 0.066406 0.703125
vt -0.000000 0.890625
vt 0.041666 0.890625
vt -0.000000 0.703126
vt 0.958333 0.890625
vt 1.000000 0.890625
vt 0.958333 0.890625
vt 0.982230 0.703125
vt 0.899739 0.703125
vt 0.875000 0.703125
vt 0.833333 0.703125
vt 0.833332 0.703125
vt 0.791665 0.703125
vt 0.750000 0.703125
vt 0.637779 0.833120
vt 0.632587 0.833120
vt 0.625289 0.833120
vt 0.632328 0.833120
vt 0.619807 0.833120
vt 0.624998 0.833120
vt 0.554446 0.833119
vt 0.541667 0.833119
vt 0.537707 0.833120
vt 0.444570 0.833119
vt 0.418019 0.833119
vt 0.346112 0.833119
vt 0.375001 0.890625
vt 0.375001 0.833119
vt 0.320555 0.833119
vt 0.333335 0.833119
vt 0.250001 0.833119
vt 0.257587 0.833118
vt 0.265778 0.833119
vt 0.203319 0.833119
vt 0.208334 0.833119
vt 0.237222 0.833119
vt 0.226448 0.833119
vt 0.203142 0.833119
vt 0.184630 0.833119
vt 0.166667 0.890625
vt 0.172771 0.833119
vt 0.166668 0.833119
vt 0.166668 0.833119
vt 0.153887 0.833119
vt 0.166668 0.890625
vt 0.143396 0.738983
vt 0.143239 0.738983
vt 0.143395 0.785897
vt 0.084753 0.703125
vt 0.122821 0.738983
vt 0.083334 0.890625
vt 0.083333 0.703125
vt 0.041666 0.890625
vt 0.083335 0.890626
vt 0.066405 0.703125
vt 0.726249 0.760886
vt 0.650131 0.796488
vt 0.671050 0.796488
vt 0.666799 0.707017
vt 0.626023 0.796487
vt 0.583333 0.796487
vt 0.437586 0.796487
vt 0.312751 0.796488
vt 0.312413 0.796488
vt 0.333332 0.890625
vt 0.307657 0.773567
vt 0.321863 0.703125
vt 0.316710 0.703125
vt 0.291724 0.796487
vt 0.291667 0.796487
vt 0.250000 0.796487
vt 0.208241 0.703125
vt 0.106528 0.760885
vt 0.124925 0.703564
vt 0.062087 0.760885
vt 0.025492 0.760885
vt 0.012836 0.760885
vt 0.919474 0.760885
vt 0.916668 0.760885
vt 0.875001 0.703125
vt 0.872373 0.760885
vt 0.781979 0.760886
vt 0.750001 0.760886
vt 0.693946 0.830217
vt 0.541666 0.890625
vt 0.385222 0.890626
vt 0.347433 0.796488
vt 0.330622 0.739086
vt 0.374998 0.890625
vt 0.340097 0.718457
vt 0.364894 0.703125
vt 0.320403 0.703125
vt 0.320554 0.704694
vt 0.330624 0.739086
vt 0.208077 0.760885
vt 0.250139 0.796487
vt 0.216208 0.890625
vt 0.716262 0.708318
vt 0.716259 0.738727
vt 0.716207 0.738728
vt 0.716208 0.772456
vt 0.714641 0.832865
vt 0.723436 0.703125
vt 0.708331 0.832865
vt 0.500000 0.832865
vt 0.320498 0.832865
vt 0.373581 0.890625
vt 0.300463 0.832865
vt 0.250000 0.832865
vt 0.168522 0.738727
vt 0.194910 0.780449
vt 0.194909 0.738727
vt 0.194821 0.720888
vt 0.194819 0.703125
vt 0.708332 0.832865
vt 0.706914 0.890626
vt 0.686287 0.832865
vt 0.566430 0.832865
vt 0.512836 0.832865
vt 0.458333 0.832865
vt 0.385221 0.890625
vt 0.386843 0.832865
vt 0.291667 0.832865
vt 0.195367 0.780449
vt 0.224519 0.832865
vt 0.208333 0.832865
vt 0.165371 0.710847
vt 0.166668 0.738727
vt 0.905330 0.760631
vt 0.866766 0.760630
vt 0.671475 0.760631
vt 0.670454 0.760631
vt 0.690561 0.703125
vt 0.659376 0.736031
vt 0.622611 0.864165
vt 0.595753 0.796490
vt 0.619861 0.890626
vt 0.583481 0.704011
vt 0.606920 0.704009
vt 0.601679 0.745129
vt 0.606921 0.704009
vt 0.498823 0.703125
vt 0.479252 0.796489
vt 0.438127 0.796489
vt 0.479253 0.796489
vt 0.420430 0.708006
vt 0.333334 0.890624
vt 0.291668 0.796489
vt 0.249842 0.796489
vt 0.071997 0.760631
vt 0.041667 0.760631
vt 0.012779 0.760632
vt 0.975486 0.760631
vt 0.982230 0.703125
vt 0.858072 0.703125
vt 0.808240 0.760631
vt 0.729195 0.760631
vt 0.625000 0.796490
vt 0.624999 0.796489
vt 0.418380 0.717141
vt 0.416661 0.709141
vt 0.436708 0.796489
vt 0.374708 0.796489
vt 0.333122 0.796489
vt 0.333335 0.796489
vt 0.208334 0.796489
vt 0.208335 0.890625
vt 0.175471 0.890625
vt 0.169584 0.796489
vt 0.084753 0.703124
vt 0.109261 0.760630
vt 0.124987 0.760631
vt 0.058819 0.760631
vt 0.646349 0.833120
vt 0.661613 0.738984
vt 0.651188 0.785892
vt 0.648880 0.806659
vt 0.583333 0.890626
vt 0.471112 0.833119
vt 0.387780 0.833119
vt 0.291668 0.890625
vt 0.125000 0.738983
vt 0.166668 0.890625
vt 0.153889 0.833120
vt 0.150363 0.833119
vt 0.143396 0.785897
vt 0.624999 0.833120
vt 0.387779 0.833119
vt 0.456913 0.890625
vt 0.208335 0.833119
vt 0.180574 0.833119
vt 0.132970 0.738983
vt 0.122821 0.703125
s 1
usemtl PROPOSED__V16_EYE_CYAN
f 1/1/1 17/1/1 34/1/1
f 41/1/2 34/1/1 17/1/1
f 17/1/1 56/1/2 41/1/2
f 1/1/3 34/1/4 66/1/3
f 73/1/3 1/1/3 66/1/3
f 74/1/5 85/1/6 92/1/6
f 98/1/7 102/1/8 74/1/9
f 92/1/7 106/1/7 108/1/7
f 92/1/7 98/1/7 74/1/9
f 112/1/7 92/1/7 108/1/7
f 112/1/7 98/1/7 92/1/7
f 108/1/10 106/1/11 119/1/12
f 108/1/10 119/1/12 120/1/13
f 108/1/10 120/1/13 128/1/10
f 120/1/13 132/1/14 128/1/10
f 137/1/13 132/1/14 141/1/15
f 128/1/10 132/1/14 137/1/13
f 142/1/16 141/1/15 143/1/12
f 137/1/13 141/1/15 142/1/16
f 145/1/16 143/1/12 147/1/10
f 142/1/16 143/1/12 145/1/16
f 149/1/10 147/1/10 151/1/10
f 145/1/16 147/1/10 149/1/10
f 151/1/10 154/1/10 156/1/13
f 149/1/10 151/1/10 156/1/13
f 154/1/10 161/1/16 162/1/10
f 156/1/13 154/1/10 162/1/10
f 163/1/13 167/1/10 162/1/10
f 161/1/16 163/1/13 162/1/10
f 163/1/13 170/1/17 167/1/10
f 170/1/17 173/1/10 167/1/10
f 170/1/17 175/1/18 173/1/10
f 175/1/18 179/1/16 173/1/10
f 175/1/18 180/1/12 181/1/12
f 175/1/18 181/1/12 179/1/16
f 182/1/19 185/1/19 186/1/20
f 187/1/21 186/1/20 188/1/20
f 187/1/21 182/1/19 186/1/20
f 181/1/22 180/1/22 187/1/21
f 181/1/22 187/1/21 188/1/20
f 189/1/6 190/1/6 187/1/23
f 190/1/6 182/1/24 187/1/23
f 190/1/6 189/1/6 191/1/6
f 192/1/25 193/1/26 194/1/27
f 195/1/25 193/1/26 192/1/25
f 193/1/26 196/1/26 194/1/27
f 192/1/28 194/1/28 198/1/29
f 195/1/25 192/1/25 199/1/25
f 200/1/26 193/1/26 195/1/25
f 201/1/30 196/1/31 193/1/31
f 202/1/30 196/1/31 201/1/30
f 194/1/27 196/1/26 204/1/32
f 194/1/28 206/1/29 198/1/29
f 198/1/33 207/1/33 192/1/33
f 195/1/25 199/1/25 208/1/25
f 195/1/25 208/1/25 209/1/26
f 207/1/33 199/1/33 192/1/33
f 200/1/26 195/1/25 211/1/25
f 200/1/26 214/1/26 193/1/26
f 201/1/13 216/1/10 202/1/12
f 217/1/34 196/1/34 202/1/34
f 217/1/34 202/1/34 216/1/34
f 219/1/35 193/1/35 222/1/36
f 201/1/35 193/1/35 219/1/35
f 204/1/32 196/1/26 223/1/25
f 194/1/37 204/1/37 206/1/38
f 206/1/10 226/1/10 198/1/10
f 226/1/10 207/1/13 198/1/10
f 207/1/39 227/1/39 208/1/39
f 207/1/39 208/1/39 199/1/39
f 227/1/40 209/1/40 208/1/40
f 229/1/40 209/1/40 227/1/40
f 195/1/25 209/1/26 231/1/26
f 232/1/41 211/1/41 195/1/41
f 226/1/20 200/1/20 211/1/20
f 214/1/26 200/1/26 233/1/32
f 214/1/26 222/1/32 193/1/26
f 216/1/10 201/1/13 234/1/10
f 235/1/42 236/1/42 217/1/42
f 216/1/42 235/1/42 217/1/42
f 237/1/26 196/1/26 217/1/26
f 201/1/13 219/1/13 238/1/10
f 214/1/43 238/1/43 219/1/43
f 222/1/43 214/1/43 219/1/43
f 223/1/25 196/1/26 239/1/26
f 204/1/44 223/1/44 240/1/44
f 204/1/37 240/1/38 206/1/38
f 240/1/10 226/1/10 206/1/10
f 226/1/10 227/1/13 207/1/13
f 226/1/10 229/1/10 227/1/13
f 241/1/45 209/1/45 229/1/45
f 241/1/45 231/1/45 209/1/45
f 195/1/25 231/1/26 242/1/46
f 243/1/41 232/1/41 195/1/41
f 232/1/20 226/1/20 211/1/20
f 200/1/47 226/1/47 244/1/47
f 233/1/47 200/1/47 244/1/47
f 214/1/48 233/1/48 238/1/49
f 201/1/13 226/1/10 234/1/10
f 216/1/10 234/1/10 235/1/10
f 235/1/50 237/1/50 236/1/50
f 234/1/50 237/1/50 235/1/50
f 237/1/26 217/1/26 236/1/26
f 237/1/26 245/1/25 246/1/25
f 196/1/26 237/1/26 246/1/25
f 201/1/13 238/1/10 226/1/10
f 196/1/26 247/1/25 239/1/26
f 239/1/51 248/1/52 223/1/51
f 239/1/51 249/1/52 248/1/52
f 223/1/44 248/1/44 240/1/44
f 248/1/10 226/1/10 240/1/10
f 226/1/10 241/1/13 229/1/10
f 241/1/53 242/1/50 231/1/50
f 250/1/26 195/1/25 242/1/46
f 251/1/10 232/1/10 243/1/12
f 252/1/54 251/1/54 243/1/54
f 252/1/54 243/1/54 195/1/54
f 226/1/10 232/1/10 241/1/13
f 226/1/10 238/1/10 244/1/12
f 233/1/48 244/1/49 238/1/49
f 234/1/10 226/1/10 249/1/10
f 234/1/45 253/1/45 237/1/45
f 254/1/45 253/1/45 234/1/45
f 255/1/55 256/1/55 257/1/55
f 255/1/55 257/1/55 258/1/55
f 259/1/56 255/1/55 258/1/55
f 260/1/57 259/1/56 258/1/55
f 261/1/58 260/1/57 258/1/55
f 262/1/59 261/1/58 258/1/55
f 263/1/60 262/1/59 258/1/55
f 264/1/61 263/1/60 258/1/55
f 265/1/62 264/1/61 258/1/55
f 266/1/63 265/1/62 258/1/55
f 267/1/64 266/1/63 258/1/55
f 268/1/65 267/1/64 258/1/55
f 269/1/66 268/1/65 258/1/55
f 270/1/67 269/1/66 258/1/55
f 271/1/67 270/1/67 258/1/55
f 272/1/55 271/1/67 258/1/55
f 273/1/67 255/1/55 259/1/56
f 274/1/68 275/1/69 272/1/55
f 274/1/68 272/1/55 258/1/55
f 273/1/67 274/1/70 255/1/55
f 276/1/71 274/1/70 273/1/67
f 277/1/72 274/1/70 276/1/71
f 278/1/73 274/1/70 277/1/72
f 274/1/70 278/1/73 279/1/74
f 274/1/68 279/1/75 280/1/76
f 274/1/68 280/1/76 281/1/77
f 274/1/68 281/1/77 282/1/78
f 274/1/68 282/1/78 283/1/79
f 274/1/68 283/1/79 284/1/80
f 274/1/68 284/1/80 285/1/81
f 274/1/68 285/1/81 286/1/82
f 274/1/68 286/1/82 246/1/83
f 274/1/68 246/1/83 245/1/84
f 274/1/68 245/1/84 287/1/85
f 274/1/68 287/1/85 275/1/69
f 288/1/26 287/1/25 245/1/25
f 237/1/26 288/1/26 245/1/25
f 289/1/26 246/1/25 286/1/26
f 196/1/26 246/1/25 289/1/26
f 196/1/26 290/1/26 247/1/25
f 239/1/86 291/1/86 249/1/86
f 247/1/86 291/1/86 239/1/86
f 249/1/10 226/1/10 248/1/10
f 292/1/87 242/1/50 241/1/53
f 293/1/42 250/1/42 242/1/42
f 195/1/25 250/1/26 252/1/25
f 232/1/10 251/1/10 294/1/13
f 295/1/88 251/1/88 252/1/88
f 232/1/10 294/1/13 241/1/13
f 234/1/10 249/1/10 291/1/12
f 234/1/10 296/1/13 254/1/13
f 254/1/40 288/1/40 253/1/40
f 296/1/40 288/1/40 254/1/40
f 288/1/26 237/1/26 253/1/25
f 256/1/89 255/1/89 297/1/89
f 297/1/89 255/1/89 189/1/89
f 1/1/89 298/1/89 297/1/89
f 1/1/89 297/1/89 189/1/89
f 299/1/6 255/1/6 274/1/6
f 300/1/55 301/1/55 302/1/55
f 303/1/55 274/1/68 258/1/55
f 274/1/68 303/1/55 301/1/55
f 274/1/68 301/1/55 300/1/55
f 258/1/90 1098/1/91 1094/1/92
f 304/1/93 942/1/94 943/1/95
f 1089/1/23 258/1/90 1100/1/96
f 1100/1/96 258/1/90 1101/1/97
f 1101/1/97 258/1/90 1102/1/98
f 1102/1/98 258/1/90 1103/1/23
f 303/1/99 304/1/93 305/1/100
f 1103/1/23 258/1/90 1104/1/101
f 1104/1/101 258/1/90 1105/1/23
f 1105/1/23 258/1/90 1106/1/101
f 1106/1/101 258/1/90 1107/1/23
f 1107/1/23 258/1/90 1108/1/23
f 1108/1/23 258/1/90 1109/1/102
f 1109/1/102 258/1/90 1110/1/102
f 1111/1/101 1118/1/103 1117/1/23
f 1112/1/23 258/1/90 1121/1/102
f 1121/1/102 258/1/90 1122/1/23
f 1122/1/23 258/1/90 1123/1/23
f 1123/1/23 258/1/90 1124/1/104
f 1124/1/104 258/1/90 1125/1/105
f 1126/1/105 258/1/90 1127/1/106
f 258/1/90 1129/1/107 1127/1/106
f 1128/1/108 258/1/90 1130/1/109
f 1132/1/23 257/1/110 1131/1/102
f 1130/1/109 258/1/90 1132/1/23
f 306/1/111 1135/1/112 1134/1/113
f 1137/1/102 306/1/111 1133/1/102
f 1131/1/102 306/1/111 1137/1/102
f 256/1/114 743/1/114 736/1/115
f 307/1/116 564/1/117 563/1/118
f 256/1/114 745/1/114 744/1/119
f 746/1/110 747/1/102 256/1/114
f 747/1/102 748/1/114 256/1/114
f 748/1/114 749/1/24 256/1/114
f 749/1/24 750/1/24 256/1/114
f 297/1/114 308/1/114 307/1/116
f 256/1/114 759/1/24 758/1/114
f 761/1/23 256/1/114 755/1/24
f 763/1/110 256/1/114 762/1/120
f 763/1/110 764/1/102 256/1/114
f 764/1/102 765/1/24 256/1/114
f 765/1/24 766/1/114 256/1/114
f 256/1/114 768/1/24 767/1/114
f 306/1/111 257/1/110 256/1/114
f 771/1/110 306/1/111 770/1/114
f 306/1/111 767/1/114 769/1/114
f 309/1/25 277/1/25 276/1/32
f 295/1/26 277/1/25 309/1/25
f 310/1/26 276/1/32 273/1/121
f 309/1/25 276/1/32 310/1/26
f 273/1/122 259/1/86 294/1/86
f 273/1/122 294/1/86 310/1/122
f 260/1/123 294/1/13 259/1/124
f 292/1/125 294/1/13 260/1/123
f 293/1/10 260/1/123 261/1/126
f 292/1/125 260/1/123 293/1/10
f 311/1/10 261/1/126 262/1/127
f 293/1/10 261/1/126 311/1/10
f 312/1/10 311/1/10 262/1/127
f 312/1/10 262/1/127 263/1/128
f 312/1/10 263/1/128 264/1/13
f 313/1/10 312/1/10 264/1/13
f 313/1/10 264/1/13 265/1/13
f 314/1/10 313/1/10 265/1/13
f 314/1/10 265/1/13 266/1/129
f 315/1/10 314/1/10 266/1/129
f 315/1/10 266/1/129 267/1/130
f 316/1/16 315/1/10 267/1/130
f 316/1/16 267/1/130 268/1/131
f 268/1/131 317/1/12 316/1/16
f 317/1/12 268/1/131 269/1/132
f 269/1/132 234/1/10 317/1/12
f 234/1/10 269/1/132 270/1/10
f 296/1/13 270/1/10 271/1/10
f 234/1/10 270/1/10 296/1/13
f 318/1/12 271/1/10 272/1/133
f 296/1/13 271/1/10 318/1/12
f 272/1/33 275/1/33 319/1/33
f 318/1/33 272/1/33 319/1/33
f 287/1/25 319/1/26 275/1/134
f 288/1/26 319/1/26 287/1/25
f 320/1/32 286/1/26 285/1/26
f 289/1/26 286/1/26 320/1/32
f 321/1/135 285/1/26 284/1/136
f 320/1/32 285/1/26 321/1/135
f 321/1/135 284/1/136 283/1/135
f 321/1/135 283/1/135 322/1/26
f 322/1/26 283/1/135 282/1/26
f 323/1/26 322/1/26 282/1/26
f 323/1/26 282/1/26 281/1/32
f 324/1/26 323/1/26 281/1/32
f 324/1/26 281/1/32 280/1/32
f 325/1/137 324/1/26 280/1/32
f 325/1/137 280/1/32 279/1/138
f 279/1/138 326/1/32 325/1/137
f 326/1/32 279/1/138 278/1/139
f 278/1/139 295/1/26 326/1/32
f 295/1/26 278/1/139 277/1/25
f 196/1/26 289/1/26 327/1/135
f 196/1/26 328/1/25 290/1/26
f 247/1/140 290/1/140 329/1/140
f 247/1/140 329/1/140 291/1/140
f 293/1/50 242/1/50 292/1/87
f 241/1/13 294/1/13 292/1/125
f 293/1/42 330/1/141 250/1/42
f 252/1/25 250/1/26 295/1/26
f 251/1/10 331/1/10 294/1/13
f 295/1/88 332/1/88 251/1/88
f 234/1/10 291/1/12 329/1/10
f 296/1/39 318/1/39 319/1/39
f 296/1/39 319/1/39 288/1/39
f 191/1/6 189/1/6 255/1/6
f 333/1/142 308/1/142 298/1/142
f 308/1/142 297/1/142 298/1/142
f 334/1/142 298/1/142 335/1/142
f 333/1/142 298/1/142 334/1/142
f 336/1/142 334/1/142 335/1/142
f 298/1/143 1/1/143 335/1/143
f 191/1/6 255/1/6 299/1/6
f 274/1/6 337/1/6 299/1/6
f 300/1/143 302/1/143 338/1/143
f 300/1/143 338/1/143 339/1/143
f 947/1/144 306/1/145 340/1/146
f 340/1/146 306/1/145 341/1/145
f 302/1/145 301/1/145 342/1/145
f 302/1/145 342/1/145 343/1/146
f 344/1/147 345/1/146 346/1/146
f 347/1/148 344/1/147 346/1/146
f 348/1/149 346/1/146 349/1/146
f 348/1/149 347/1/148 346/1/146
f 350/1/146 348/1/149 349/1/146
f 351/1/150 349/1/146 338/1/146
f 351/1/150 338/1/146 302/1/145
f 351/1/150 302/1/145 343/1/146
f 351/1/150 350/1/146 349/1/146
f 352/1/151 353/1/151 354/1/151
f 352/1/152 354/1/153 351/1/154
f 352/1/155 351/1/150 341/1/145
f 351/1/150 343/1/146 341/1/145
f 343/1/146 340/1/146 341/1/145
f 303/1/99 305/1/100 342/1/156
f 303/1/99 342/1/156 301/1/156
f 355/1/157 343/1/158 342/1/157
f 305/1/158 304/1/158 356/1/157
f 305/1/158 356/1/157 342/1/157
f 342/1/157 356/1/157 355/1/157
f 356/1/159 948/1/160 949/1/161
f 304/1/162 950/1/163 948/1/160
f 953/1/164 951/1/165 1139/1/166
f 956/1/167 955/1/168 358/1/169
f 956/1/167 357/1/170 957/1/171
f 359/1/172 960/1/173 959/1/174
f 358/1/169 962/1/175 961/1/176
f 360/1/177 965/1/178 964/1/179
f 359/1/172 967/1/180 966/1/181
f 360/1/177 971/1/182 968/1/183
f 360/1/177 964/1/179 970/1/184
f 361/1/185 968/1/183 972/1/186
f 361/1/185 975/1/187 974/1/188
f 979/1/189 976/1/190 978/1/191
f 362/1/192 983/1/193 982/1/194
f 363/1/195 982/1/194 984/1/196
f 340/1/197 985/1/198 946/1/197
f 362/1/192 979/1/189 983/1/193
f 944/1/199 306/1/111 945/1/200
f 566/1/201 364/1/202 306/1/142
f 306/1/142 364/1/202 365/1/142
f 574/1/203 366/1/204 570/1/205
f 577/1/206 366/1/204 568/1/207
f 579/1/208 367/1/209 580/1/210
f 581/1/211 583/1/212 774/1/213
f 584/1/214 368/1/215 585/1/216
f 586/1/217 307/1/218 584/1/214
f 368/1/219 308/1/219 369/1/219
f 308/1/219 370/1/220 369/1/219
f 333/1/219 370/1/220 308/1/219
f 371/1/220 370/1/220 333/1/219
f 307/1/220 308/1/219 368/1/219
f 295/1/26 309/1/25 372/1/26
f 310/1/140 294/1/140 373/1/140
f 309/1/140 310/1/140 373/1/140
f 293/1/42 311/1/42 330/1/141
f 374/1/7 311/1/34 312/1/34
f 313/1/31 374/1/221 312/1/222
f 314/1/36 325/1/223 313/1/36
f 325/1/43 314/1/43 315/1/43
f 324/1/49 315/1/224 316/1/224
f 323/1/225 316/1/47 317/1/47
f 317/1/12 234/1/10 375/1/16
f 320/1/54 376/1/54 289/1/54
f 377/1/41 320/1/41 321/1/41
f 375/1/20 321/1/20 322/1/20
f 322/1/225 323/1/225 317/1/47
f 323/1/49 324/1/49 316/1/224
f 324/1/43 325/1/43 315/1/43
f 313/1/36 325/1/223 326/1/223
f 326/1/32 295/1/26 374/1/32
f 289/1/88 376/1/88 378/1/88
f 289/1/88 378/1/88 327/1/88
f 196/1/26 327/1/135 328/1/25
f 329/1/226 290/1/226 328/1/226
f 295/1/26 250/1/26 330/1/32
f 331/1/10 251/1/10 332/1/13
f 294/1/13 331/1/10 373/1/12
f 372/1/227 331/1/227 332/1/227
f 372/1/227 332/1/227 295/1/227
f 234/1/10 329/1/10 379/1/13
f 380/1/228 336/1/229 73/1/143
f 335/1/143 1/1/143 73/1/143
f 335/1/143 73/1/143 336/1/229
f 341/1/142 306/1/142 365/1/142
f 371/1/142 333/1/142 334/1/142
f 341/1/142 371/1/142 334/1/142
f 341/1/142 365/1/142 371/1/142
f 380/1/230 381/1/230 334/1/230
f 380/1/230 382/1/230 381/1/230
f 336/1/231 380/1/230 334/1/230
f 383/1/232 382/1/230 380/1/230
f 191/1/233 384/1/233 385/1/234
f 299/1/233 386/1/233 191/1/233
f 191/1/233 386/1/233 384/1/233
f 274/1/6 85/1/6 337/1/6
f 300/1/235 339/1/235 387/1/235
f 300/1/235 387/1/235 388/1/235
f 339/1/143 338/1/143 349/1/143
f 389/1/236 352/1/237 341/1/238
f 343/1/10 355/1/10 363/1/10
f 343/1/10 363/1/10 340/1/10
f 346/1/233 339/1/233 349/1/239
f 299/1/233 346/1/233 390/1/233
f 299/1/233 339/1/233 346/1/233
f 390/1/233 386/1/233 299/1/233
f 391/1/240 345/1/156 392/1/156
f 346/1/156 345/1/156 391/1/240
f 390/1/241 346/1/156 391/1/240
f 351/1/242 339/1/243 350/1/243
f 351/1/242 387/1/242 339/1/243
f 387/1/143 351/1/143 354/1/143
f 353/1/143 393/1/244 41/1/143
f 387/1/143 354/1/143 353/1/143
f 388/1/143 387/1/143 353/1/143
f 41/1/143 388/1/143 353/1/143
f 393/1/245 353/1/245 352/1/245
f 389/1/246 394/1/247 395/1/248
f 391/1/247 396/1/249 397/1/250
f 391/1/247 397/1/250 394/1/247
f 391/1/247 392/1/250 398/1/247
f 391/1/247 398/1/247 396/1/249
f 391/1/247 394/1/247 389/1/246
f 352/1/251 389/1/246 395/1/248
f 352/1/252 395/1/253 393/1/254
f 355/1/157 356/1/157 399/1/157
f 356/1/159 949/1/161 987/1/255
f 988/1/256 400/1/257 989/1/257
f 401/1/258 990/1/259 991/1/260
f 402/1/261 993/1/262 994/1/263
f 403/1/264 996/1/265 997/1/266
f 404/1/267 998/1/268 999/1/269
f 405/1/270 1001/1/271 1002/1/272
f 406/1/273 1004/1/274 1003/1/275
f 407/1/276 1006/1/277 1005/1/278
f 1007/1/279 407/1/280 1005/1/281
f 1010/1/282 408/1/283 1009/1/284
f 1012/1/285 1013/1/285 409/1/285
f 1014/1/286 1142/1/286 1140/1/287
f 1143/1/288 410/1/289 1146/1/290
f 1139/1/291 410/1/292 1144/1/291
f 411/1/293 357/1/293 358/1/293
f 411/1/294 358/1/294 359/1/294
f 412/1/295 359/1/295 413/1/295
f 413/1/295 359/1/295 360/1/295
f 413/1/296 360/1/296 414/1/296
f 414/1/296 360/1/296 361/1/296
f 361/1/297 1015/1/298 415/1/297
f 1016/1/299 415/1/300 1015/1/301
f 1017/1/302 1019/1/302 1018/1/302
f 356/1/303 1021/1/304 1020/1/305
f 362/1/306 1025/1/307 1023/1/308
f 399/1/309 1028/1/310 1030/1/311
f 1020/1/305 1029/1/312 1027/1/313
f 1037/1/314 1036/1/315 1035/1/316
f 1033/1/317 1032/1/318 1031/1/319
f 412/1/320 362/1/321 363/1/321
f 371/1/10 365/1/13 370/1/10
f 365/1/13 364/1/10 366/1/10
f 370/1/10 365/1/13 366/1/10
f 366/1/322 367/1/322 416/1/322
f 593/1/323 594/1/324 589/1/325
f 367/1/326 590/1/327 587/1/328
f 593/1/323 589/1/325 590/1/327
f 605/1/329 606/1/324 597/1/324
f 602/1/330 604/1/331 598/1/332
f 587/1/328 601/1/333 602/1/330
f 605/1/329 598/1/332 604/1/331
f 602/1/330 603/1/334 604/1/331
f 369/1/335 599/1/336 600/1/337
f 602/1/330 598/1/332 599/1/336
f 417/1/338 608/1/339 609/1/340
f 775/1/341 610/1/342 581/1/343
f 776/1/344 416/1/344 775/1/344
f 418/1/345 613/1/346 612/1/347
f 419/1/348 616/1/349 615/1/350
f 618/1/351 420/1/352 619/1/353
f 619/1/353 419/1/354 615/1/355
f 620/1/356 421/1/357 621/1/358
f 585/1/216 368/1/215 622/1/359
f 422/1/322 369/1/322 370/1/322
f 373/1/226 372/1/226 309/1/226
f 373/1/226 331/1/226 372/1/226
f 374/1/7 330/1/7 311/1/34
f 313/1/31 326/1/221 374/1/221
f 234/1/10 377/1/13 375/1/16
f 317/1/20 375/1/20 322/1/20
f 320/1/54 377/1/54 376/1/54
f 375/1/41 377/1/41 321/1/41
f 295/1/26 330/1/32 374/1/32
f 234/1/10 378/1/10 376/1/16
f 328/1/227 378/1/227 379/1/227
f 327/1/227 378/1/227 328/1/227
f 379/1/226 329/1/226 328/1/226
f 234/1/10 379/1/13 378/1/10
f 41/1/143 423/1/143 34/1/143
f 74/1/5 337/1/6 85/1/6
f 102/1/106 337/1/6 74/1/5
f 424/1/6 337/1/6 102/1/106
f 190/1/6 425/1/6 185/1/360
f 190/1/6 185/1/360 182/1/24
f 190/1/6 337/1/6 426/1/360
f 426/1/360 337/1/6 427/1/361
f 427/1/361 337/1/6 424/1/6
f 190/1/6 426/1/360 425/1/6
f 428/1/42 429/1/42 112/1/42
f 108/1/42 428/1/42 112/1/42
f 102/1/362 98/1/362 430/1/30
f 102/1/362 430/1/30 424/1/30
f 431/1/25 98/1/26 112/1/135
f 108/1/10 128/1/10 428/1/10
f 128/1/10 137/1/13 432/1/10
f 433/1/51 137/1/363 142/1/363
f 433/1/44 142/1/44 145/1/44
f 434/1/37 435/1/364 145/1/37
f 434/1/37 145/1/37 149/1/37
f 434/1/28 149/1/28 156/1/28
f 436/1/365 434/1/28 156/1/28
f 156/1/33 162/1/33 437/1/33
f 156/1/33 437/1/33 436/1/33
f 167/1/39 438/1/39 437/1/39
f 162/1/39 167/1/39 437/1/39
f 167/1/40 439/1/40 438/1/40
f 173/1/40 439/1/40 167/1/40
f 179/1/45 439/1/45 173/1/366
f 181/1/12 440/1/10 179/1/16
f 186/1/25 441/1/26 188/1/25
f 442/1/225 186/1/367 185/1/368
f 442/1/225 185/1/368 425/1/225
f 181/1/41 188/1/41 441/1/41
f 443/1/41 181/1/41 441/1/41
f 383/1/369 73/1/369 190/1/369
f 380/1/370 73/1/369 383/1/369
f 444/1/369 383/1/369 190/1/369
f 191/1/369 444/1/369 190/1/369
f 385/1/369 444/1/369 191/1/369
f 334/1/371 381/1/372 341/1/238
f 445/1/373 381/1/373 382/1/373
f 446/1/373 381/1/373 445/1/373
f 444/1/374 382/1/375 383/1/375
f 382/1/375 444/1/374 445/1/376
f 385/1/110 384/1/23 445/1/376
f 445/1/376 444/1/374 385/1/110
f 391/1/240 445/1/376 390/1/241
f 445/1/376 386/1/102 390/1/241
f 384/1/23 386/1/102 445/1/376
f 388/1/377 447/1/378 300/1/377
f 446/1/379 389/1/236 341/1/238
f 355/1/321 448/1/321 363/1/321
f 447/1/378 41/1/378 56/1/378
f 388/1/377 41/1/378 447/1/378
f 395/1/380 423/1/143 41/1/143
f 393/1/244 395/1/380 41/1/143
f 449/1/243 395/1/243 394/1/242
f 423/1/243 395/1/243 449/1/243
f 389/1/381 445/1/382 391/1/381
f 355/1/321 399/1/321 400/1/321
f 356/1/159 987/1/255 1039/1/383
f 450/1/384 1147/1/385 1148/1/385
f 451/1/386 1042/1/387 1041/1/388
f 400/1/389 1041/1/388 1043/1/390
f 1043/1/390 1044/1/391 989/1/392
f 992/1/393 401/1/394 991/1/394
f 401/1/395 355/1/321 400/1/321
f 995/1/396 402/1/397 994/1/398
f 403/1/399 1045/1/400 998/1/268
f 405/1/401 999/1/269 1000/1/402
f 1048/1/403 452/1/404 1002/1/272
f 406/1/273 453/1/405 1050/1/406
f 454/1/407 1003/1/408 1053/1/409
f 1006/1/277 454/1/407 1052/1/407
f 408/1/410 1008/1/411 1009/1/410
f 409/1/412 1011/1/413 1054/1/414
f 455/1/415 1013/1/416 1055/1/417
f 1057/1/418 1140/1/419 1149/1/420
f 410/1/421 1059/1/422 1151/1/421
f 457/1/423 410/1/423 357/1/423
f 457/1/293 357/1/293 411/1/293
f 411/1/294 359/1/294 458/1/294
f 458/1/294 359/1/294 412/1/294
f 412/1/320 413/1/321 362/1/321
f 414/1/297 361/1/297 415/1/297
f 413/1/321 414/1/321 362/1/321
f 1061/1/424 1016/1/299 1019/1/425
f 459/1/426 1063/1/427 1062/1/428
f 356/1/159 1065/1/429 1021/1/430
f 460/1/321 399/1/321 362/1/321
f 458/1/320 412/1/320 363/1/321
f 366/1/322 461/1/322 370/1/322
f 367/1/322 462/1/322 416/1/322
f 366/1/322 416/1/322 463/1/322
f 623/1/431 464/1/432 626/1/433
f 625/1/434 368/1/215 595/1/435
f 465/1/322 367/1/322 369/1/322
f 417/1/338 627/1/436 629/1/437
f 630/1/438 467/1/439 609/1/340
f 416/1/440 632/1/441 610/1/440
f 634/1/442 416/1/443 777/1/444
f 636/1/445 611/1/446 463/1/447
f 614/1/448 418/1/449 612/1/449
f 366/1/322 419/1/450 420/1/451
f 621/1/358 420/1/452 617/1/453
f 638/1/454 461/1/455 620/1/356
f 637/1/456 640/1/457 461/1/458
f 640/1/457 641/1/459 461/1/458
f 642/1/460 643/1/461 468/1/462
f 422/1/463 645/1/464 646/1/465
f 469/1/466 646/1/467 647/1/468
f 649/1/469 650/1/470 469/1/466
f 622/1/359 368/1/215 651/1/471
f 422/1/322 469/1/322 369/1/322
f 468/1/322 422/1/322 370/1/322
f 234/1/10 376/1/16 377/1/13
f 423/1/143 66/1/143 34/1/143
f 470/1/472 73/1/472 66/1/472
f 426/1/473 442/1/473 425/1/473
f 471/1/473 442/1/473 426/1/473
f 427/1/43 471/1/474 426/1/474
f 472/1/43 471/1/474 427/1/43
f 424/1/35 430/1/35 472/1/475
f 424/1/35 472/1/475 427/1/475
f 428/1/50 431/1/50 429/1/50
f 128/1/50 431/1/50 428/1/50
f 431/1/25 112/1/135 429/1/26
f 430/1/25 98/1/26 434/1/476
f 98/1/26 431/1/25 473/1/26
f 128/1/10 432/1/10 474/1/10
f 475/1/477 432/1/122 137/1/122
f 476/1/51 137/1/363 433/1/51
f 435/1/44 433/1/44 145/1/44
f 434/1/476 98/1/26 435/1/32
f 436/1/26 430/1/25 434/1/476
f 441/1/26 436/1/26 437/1/26
f 441/1/26 437/1/26 438/1/26
f 441/1/26 438/1/26 439/1/25
f 179/1/45 477/1/45 439/1/45
f 181/1/12 478/1/13 440/1/10
f 179/1/16 440/1/10 479/1/478
f 186/1/25 430/1/25 441/1/26
f 471/1/26 186/1/25 442/1/26
f 480/1/54 478/1/54 443/1/54
f 480/1/54 443/1/54 441/1/54
f 478/1/13 181/1/12 443/1/10
f 662/1/479 665/1/480 780/1/481
f 793/1/482 785/1/483 792/1/484
f 792/1/484 785/1/483 791/1/485
f 654/1/486 794/1/487 653/1/488
f 657/1/489 655/1/490 656/1/491
f 658/1/492 652/1/493 657/1/489
f 662/1/479 341/1/238 659/1/494
f 389/1/381 446/1/382 445/1/382
f 355/1/321 456/1/495 448/1/321
f 448/1/321 457/1/321 363/1/321
f 423/1/243 449/1/243 481/1/243
f 400/1/321 399/1/321 451/1/496
f 356/1/159 1039/1/383 1065/1/429
f 450/1/384 1067/1/497 1069/1/498
f 482/1/499 1148/1/499 1153/1/500
f 1071/1/501 451/1/502 482/1/499
f 402/1/503 355/1/321 401/1/395
f 355/1/321 402/1/503 403/1/321
f 404/1/504 405/1/505 403/1/506
f 405/1/507 452/1/508 453/1/509
f 453/1/510 1047/1/404 1049/1/510
f 355/1/321 453/1/321 406/1/321
f 406/1/511 454/1/512 407/1/513
f 355/1/321 407/1/321 408/1/321
f 409/1/514 455/1/515 408/1/516
f 456/1/517 1056/1/518 1072/1/519
f 456/1/520 410/1/520 448/1/520
f 448/1/423 410/1/423 457/1/423
f 457/1/321 411/1/321 363/1/321
f 411/1/321 458/1/320 363/1/321
f 414/1/321 415/1/321 362/1/321
f 459/1/521 1061/1/522 1064/1/521
f 459/1/426 1075/1/523 1074/1/524
f 483/1/525 1078/1/526 1077/1/527
f 484/1/528 399/1/321 460/1/321
f 485/1/321 460/1/321 362/1/321
f 366/1/322 420/1/451 461/1/322
f 461/1/322 468/1/322 370/1/322
f 367/1/322 486/1/322 462/1/322
f 366/1/322 463/1/322 418/1/322
f 487/1/529 668/1/530 667/1/531
f 626/1/433 795/1/532 796/1/533
f 671/1/534 368/1/215 625/1/434
f 488/1/322 367/1/322 465/1/322
f 489/1/322 465/1/322 369/1/322
f 627/1/436 490/1/535 673/1/536
f 467/1/537 466/1/538 417/1/539
f 467/1/540 632/1/541 462/1/541
f 366/1/322 418/1/322 419/1/450
f 421/1/542 461/1/543 420/1/544
f 641/1/459 675/1/545 642/1/546
f 468/1/547 641/1/459 642/1/546
f 468/1/462 644/1/548 422/1/463
f 469/1/549 677/1/550 676/1/551
f 651/1/471 368/1/215 678/1/552
f 469/1/322 491/1/553 369/1/322
f 481/1/472 470/1/472 423/1/472
f 66/1/472 423/1/472 470/1/472
f 471/1/26 472/1/26 430/1/25
f 492/1/45 431/1/45 128/1/45
f 492/1/45 493/1/45 431/1/45
f 98/1/26 473/1/26 494/1/26
f 431/1/25 495/1/25 473/1/26
f 128/1/10 474/1/10 496/1/10
f 475/1/140 474/1/140 432/1/140
f 475/1/477 137/1/122 476/1/477
f 433/1/26 98/1/26 476/1/135
f 435/1/32 98/1/26 433/1/26
f 441/1/26 430/1/25 436/1/26
f 441/1/26 439/1/25 477/1/32
f 179/1/554 497/1/50 477/1/50
f 478/1/13 498/1/13 440/1/10
f 479/1/478 440/1/10 499/1/10
f 479/1/555 497/1/50 179/1/554
f 186/1/25 471/1/26 430/1/25
f 480/1/88 500/1/88 478/1/88
f 501/1/88 500/1/88 480/1/88
f 441/1/26 502/1/26 480/1/26
f 355/1/321 455/1/321 456/1/495
f 451/1/496 399/1/321 482/1/556
f 450/1/557 1079/1/558 1066/1/557
f 1080/1/559 484/1/560 1081/1/561
f 482/1/499 503/1/562 450/1/499
f 355/1/321 403/1/321 405/1/321
f 355/1/321 405/1/321 453/1/321
f 355/1/321 406/1/321 407/1/321
f 355/1/321 408/1/321 455/1/321
f 415/1/321 504/1/321 362/1/321
f 415/1/563 1084/1/564 1082/1/565
f 483/1/566 460/1/566 485/1/566
f 483/1/566 485/1/566 459/1/567
f 1081/1/568 483/1/569 1076/1/570
f 484/1/571 460/1/569 483/1/569
f 503/1/321 399/1/321 484/1/528
f 505/1/321 485/1/321 362/1/321
f 367/1/322 506/1/322 486/1/322
f 467/1/572 462/1/573 486/1/574
f 666/1/575 507/1/576 487/1/529
f 464/1/577 487/1/577 465/1/578
f 487/1/577 488/1/578 465/1/578
f 680/1/579 368/1/215 671/1/534
f 465/1/580 682/1/581 799/1/580
f 464/1/582 798/1/582 795/1/583
f 508/1/322 367/1/322 488/1/322
f 509/1/322 489/1/322 369/1/322
f 490/1/535 685/1/584 686/1/585
f 466/1/586 506/1/586 490/1/586
f 466/1/586 486/1/586 506/1/586
f 467/1/572 486/1/574 466/1/572
f 491/1/587 676/1/551 687/1/587
f 688/1/588 689/1/589 511/1/590
f 678/1/552 368/1/215 690/1/591
f 491/1/553 512/1/553 369/1/322
f 128/1/10 513/1/13 492/1/16
f 492/1/40 495/1/40 493/1/40
f 513/1/40 495/1/40 492/1/40
f 495/1/25 431/1/25 493/1/25
f 494/1/26 473/1/26 514/1/26
f 98/1/26 494/1/26 515/1/592
f 473/1/26 495/1/25 516/1/25
f 128/1/10 496/1/10 517/1/13
f 496/1/226 474/1/226 518/1/226
f 496/1/226 518/1/226 519/1/226
f 475/1/140 518/1/140 474/1/140
f 98/1/26 475/1/25 476/1/135
f 441/1/26 477/1/32 497/1/26
f 498/1/13 478/1/13 500/1/13
f 440/1/10 498/1/13 520/1/12
f 521/1/86 499/1/86 440/1/86
f 521/1/86 440/1/86 522/1/86
f 479/1/478 499/1/10 523/1/13
f 523/1/50 497/1/50 479/1/555
f 524/1/227 498/1/227 500/1/227
f 524/1/227 500/1/227 501/1/227
f 480/1/26 502/1/26 501/1/25
f 502/1/26 441/1/26 497/1/26
f 482/1/556 399/1/321 503/1/321
f 503/1/557 1080/1/559 1085/1/558
f 504/1/321 505/1/321 362/1/321
f 505/1/593 1083/1/594 1086/1/595
f 459/1/596 1087/1/597 1084/1/596
f 485/1/598 1086/1/595 1088/1/599
f 367/1/322 525/1/322 506/1/322
f 691/1/600 507/1/576 679/1/601
f 487/1/602 507/1/602 488/1/603
f 693/1/604 368/1/215 680/1/579
f 801/1/605 803/1/606 802/1/607
f 805/1/608 808/1/609 695/1/610
f 526/1/611 367/1/322 508/1/322
f 527/1/612 508/1/613 488/1/614
f 489/1/615 697/1/616 804/1/617
f 528/1/322 509/1/322 369/1/322
f 698/1/618 510/1/619 699/1/620
f 510/1/621 506/1/622 525/1/622
f 490/1/621 506/1/622 510/1/621
f 512/1/623 687/1/587 700/1/624
f 688/1/588 512/1/625 700/1/626
f 689/1/627 702/1/628 511/1/629
f 690/1/591 368/1/215 703/1/630
f 512/1/553 511/1/322 369/1/322
f 128/1/10 530/1/10 513/1/13
f 513/1/39 531/1/39 516/1/39
f 513/1/39 516/1/39 495/1/39
f 514/1/26 473/1/26 532/1/26
f 514/1/54 533/1/54 494/1/54
f 514/1/54 534/1/54 533/1/54
f 494/1/631 517/1/88 515/1/631
f 98/1/26 515/1/592 519/1/25
f 530/1/33 473/1/33 516/1/33
f 531/1/33 530/1/33 516/1/33
f 128/1/10 517/1/13 533/1/13
f 515/1/632 517/1/227 496/1/227
f 98/1/26 519/1/25 518/1/26
f 515/1/632 496/1/227 519/1/632
f 98/1/26 518/1/26 475/1/25
f 520/1/226 498/1/226 524/1/226
f 520/1/226 524/1/226 535/1/226
f 522/1/633 440/1/633 520/1/633
f 535/1/633 522/1/633 520/1/633
f 535/1/135 521/1/26 522/1/25
f 536/1/52 537/1/52 499/1/52
f 536/1/52 499/1/52 521/1/52
f 523/1/13 499/1/10 538/1/13
f 538/1/42 539/1/42 497/1/42
f 523/1/42 538/1/42 497/1/42
f 501/1/25 535/1/135 524/1/26
f 501/1/25 502/1/26 539/1/26
f 497/1/634 539/1/635 502/1/636
f 525/1/322 367/1/322 540/1/322
f 706/1/637 705/1/637 704/1/637
f 707/1/638 507/1/576 692/1/639
f 712/1/640 488/1/603 709/1/641
f 703/1/630 368/1/215 693/1/604
f 541/1/322 367/1/322 526/1/611
f 542/1/642 526/1/643 508/1/644
f 541/1/322 508/1/645 527/1/645
f 713/1/646 696/1/646 509/1/646
f 714/1/647 811/1/648 715/1/649
f 718/1/650 509/1/651 717/1/652
f 511/1/322 528/1/322 369/1/322
f 699/1/620 543/1/653 721/1/654
f 510/1/655 525/1/656 540/1/656
f 510/1/655 540/1/656 529/1/655
f 717/1/657 511/1/629 702/1/628
f 719/1/658 713/1/658 509/1/658
f 811/1/659 812/1/659 720/1/659
f 128/1/10 499/1/10 530/1/10
f 513/1/13 530/1/10 531/1/13
f 532/1/26 473/1/26 544/1/25
f 534/1/41 514/1/41 532/1/41
f 494/1/631 533/1/88 517/1/88
f 128/1/10 533/1/13 534/1/16
f 545/1/28 473/1/28 530/1/28
f 545/1/28 530/1/28 546/1/365
f 501/1/25 521/1/26 535/1/135
f 536/1/44 547/1/44 548/1/44
f 536/1/44 548/1/44 537/1/44
f 548/1/10 499/1/10 537/1/10
f 521/1/26 547/1/26 536/1/26
f 549/1/10 538/1/13 499/1/10
f 550/1/34 539/1/34 538/1/660
f 501/1/25 539/1/26 550/1/26
f 540/1/322 367/1/322 551/1/322
f 543/1/653 726/1/661 728/1/662
f 711/1/663 729/1/663 527/1/663
f 507/1/664 707/1/664 710/1/664
f 705/1/665 706/1/665 730/1/665
f 551/1/322 367/1/322 541/1/322
f 541/1/322 526/1/611 542/1/666
f 541/1/322 542/1/666 508/1/645
f 731/1/667 541/1/668 733/1/669
f 543/1/670 540/1/670 551/1/670
f 529/1/670 540/1/670 543/1/670
f 499/1/10 128/1/10 552/1/13
f 530/1/10 499/1/10 548/1/10
f 553/1/25 544/1/25 473/1/26
f 554/1/20 532/1/20 544/1/20
f 554/1/671 534/1/41 532/1/41
f 128/1/10 534/1/16 554/1/672
f 530/1/10 548/1/10 546/1/10
f 547/1/37 545/1/37 546/1/38
f 547/1/37 546/1/38 548/1/38
f 547/1/26 473/1/26 545/1/135
f 501/1/25 473/1/26 521/1/26
f 521/1/26 473/1/26 547/1/26
f 555/1/13 549/1/10 499/1/10
f 550/1/34 538/1/660 549/1/673
f 556/1/135 501/1/25 550/1/26
f 527/1/674 729/1/674 733/1/674
f 543/1/675 732/1/675 725/1/675
f 543/1/676 551/1/676 541/1/676
f 552/1/13 128/1/10 554/1/672
f 499/1/10 552/1/13 557/1/127
f 558/1/26 553/1/25 473/1/26
f 544/1/47 553/1/47 552/1/225
f 552/1/20 554/1/20 544/1/20
f 473/1/26 501/1/25 556/1/135
f 559/1/13 555/1/13 499/1/10
f 555/1/30 550/1/221 549/1/30
f 555/1/30 556/1/221 550/1/221
f 553/1/47 557/1/225 552/1/225
f 557/1/127 560/1/13 499/1/10
f 561/1/136 558/1/26 473/1/26
f 553/1/48 558/1/48 557/1/224
f 473/1/26 556/1/135 561/1/136
f 560/1/13 559/1/13 499/1/10
f 555/1/223 561/1/36 556/1/36
f 559/1/223 561/1/36 555/1/223
f 558/1/48 560/1/224 557/1/224
f 561/1/43 559/1/677 560/1/677
f 558/1/43 561/1/43 560/1/677
f 106/1/1 85/1/2 56/1/2
f 92/1/1 85/1/2 106/1/1
f 17/1/1 187/1/1 180/1/2
f 17/1/1 180/1/2 175/1/678
f 17/1/1 175/1/678 170/1/679
f 17/1/1 170/1/679 163/1/680
f 17/1/1 163/1/680 161/1/2
f 17/1/1 161/1/2 154/1/681
f 17/1/1 154/1/681 151/1/682
f 17/1/1 151/1/682 147/1/683
f 17/1/1 147/1/683 143/1/684
f 17/1/1 143/1/684 141/1/685
f 17/1/1 141/1/685 132/1/1
f 17/1/1 132/1/1 120/1/686
f 17/1/1 120/1/686 119/1/686
f 17/1/1 119/1/686 106/1/1
f 17/1/1 106/1/1 56/1/2
f 189/1/1 17/1/1 1/1/1
f 189/1/1 187/1/1 17/1/1
f 300/1/377 85/1/378 274/1/377
f 447/1/378 56/1/378 85/1/378
f 300/1/377 447/1/378 85/1/378
f 339/1/243 299/1/243 345/1/242
f 392/1/242 345/1/242 299/1/243
f 344/1/242 339/1/243 345/1/242
f 337/1/242 398/1/242 392/1/242
f 337/1/242 392/1/242 299/1/243
f 347/1/242 339/1/243 344/1/242
f 348/1/243 339/1/243 347/1/242
f 350/1/243 339/1/243 348/1/243
f 449/1/243 394/1/242 397/1/243
f 449/1/243 397/1/243 396/1/243
f 449/1/243 396/1/243 398/1/242
f 481/1/243 449/1/243 337/1/242
f 398/1/242 337/1/242 449/1/243
f 470/1/472 190/1/472 73/1/472
f 337/1/472 470/1/472 481/1/472
f 337/1/472 190/1/472 470/1/472
s 0
f 578/1/687 197/1/687 592/1/687
f 675/1/688 218/1/688 644/1/688
f 816/1/689 10/1/689 814/1/689
f 817/1/690 183/1/690 818/1/690
f 566/1/691 571/1/691 567/1/691
f 184/1/692 565/1/692 819/1/692
f 213/1/25 831/1/25 825/1/25
f 140/1/693 659/1/693 661/1/693
f 225/2/694 833/3/694 834/4/694
f 218/5/695 836/6/695 837/7/695
f 838/8/696 839/9/696 215/10/696
f 841/11/697 221/12/697 840/13/697
f 843/14/698 220/15/698 842/16/698
f 205/17/699 845/18/699 220/15/699
f 846/19/700 634/20/700 778/21/700
f 631/22/701 581/23/701 632/24/701
f 608/25/702 68/26/702 630/27/702
f 59/28/703 68/26/703 51/29/703
f 10/30/586 627/31/586 674/32/586
f 25/33/704 686/34/704 684/35/704
f 25/33/705 685/36/705 698/37/705
f 146/38/706 721/39/706 724/40/706
f 144/41/707 728/42/707 727/43/707
f 707/44/708 148/45/708 709/46/708
f 733/47/709 711/48/709 731/49/709
f 153/50/710 691/51/710 679/52/710
f 159/53/583 626/54/583 670/55/583
f 683/56/711 694/57/711 695/58/711
f 812/59/712 848/60/712 809/61/712
f 697/62/713 715/63/713 720/64/713
f 210/65/714 850/66/714 849/67/714
f 851/68/715 228/69/715 853/70/715
f 854/71/716 225/72/716 856/73/716
f 591/1/717 197/1/717 588/1/717
f 590/1/718 197/1/718 591/1/718
f 589/1/719 197/1/719 590/1/719
f 594/1/720 197/1/720 589/1/720
f 593/1/721 197/1/721 594/1/721
f 592/1/722 197/1/722 593/1/722
f 649/1/723 230/1/723 225/1/723
f 599/1/329 598/1/329 213/1/329
f 639/1/724 224/1/724 638/1/724
f 184/1/725 569/1/725 571/1/725
f 205/1/726 611/1/726 635/1/726
f 612/1/727 205/1/727 616/1/727
f 221/1/728 639/1/728 621/1/728
f 639/1/729 620/1/729 621/1/729
f 616/1/730 221/1/730 618/1/730
f 618/1/731 619/1/731 615/1/731
f 598/1/732 597/1/732 213/1/732
f 687/1/733 225/1/733 701/1/733
f 597/1/734 606/1/734 213/1/734
f 688/1/735 228/1/735 723/1/735
f 184/1/736 574/1/736 570/1/736
f 633/1/737 203/1/737 636/1/737
f 184/1/738 570/1/738 569/1/738
f 203/1/739 635/1/739 636/1/739
f 213/1/740 606/1/740 605/1/740
f 212/1/741 718/1/741 717/1/741
f 605/1/742 604/1/742 213/1/742
f 719/1/743 697/1/743 713/1/743
f 184/1/744 572/1/744 574/1/744
f 681/1/745 694/1/745 682/1/745
f 213/1/746 604/1/746 603/1/746
f 603/1/747 602/1/747 213/1/747
f 184/1/748 573/1/748 572/1/748
f 577/1/749 575/1/749 197/1/749
f 184/1/750 576/1/750 573/1/750
f 184/1/751 575/1/751 576/1/751
f 197/1/752 601/1/752 587/1/752
f 602/1/753 601/1/753 213/1/753
f 197/1/754 579/1/754 580/1/754
f 197/1/755 578/1/755 579/1/755
f 646/1/756 218/1/756 230/1/756
f 647/1/757 230/1/757 648/1/757
f 599/1/758 213/1/758 600/1/758
f 600/1/759 213/1/759 596/1/759
f 638/1/760 215/1/760 641/1/760
f 858/1/761 183/1/761 859/1/761
f 860/1/762 183/1/762 858/1/762
f 861/1/763 183/1/763 860/1/763
f 862/1/764 183/1/764 861/1/764
f 863/1/765 183/1/765 864/1/765
f 864/1/766 183/1/766 862/1/766
f 658/1/767 140/1/767 652/1/767
f 657/1/768 140/1/768 658/1/768
f 656/1/769 140/1/769 657/1/769
f 655/1/770 140/1/770 656/1/770
f 159/1/771 866/1/771 865/1/771
f 183/1/772 868/1/772 859/1/772
f 159/1/773 869/1/773 155/1/773
f 183/1/774 870/1/774 868/1/774
f 662/1/775 140/1/775 663/1/775
f 665/1/776 140/1/776 655/1/776
f 664/1/777 140/1/777 665/1/777
f 663/1/778 140/1/778 664/1/778
f 872/1/773 155/1/773 869/1/773
f 183/1/779 873/1/779 870/1/779
f 153/1/773 877/1/773 874/1/773
f 873/1/780 183/1/780 820/1/780
f 880/1/781 68/1/781 881/1/781
f 882/1/782 59/1/782 884/1/782
f 150/1/773 876/1/773 886/1/773
f 146/1/783 891/1/783 887/1/783
f 892/1/773 144/1/773 148/1/773
f 895/1/784 893/1/784 150/1/784
f 898/1/785 896/1/785 146/1/785
f 39/1/785 899/1/785 814/1/785
f 902/1/786 884/1/786 51/1/786
f 905/1/773 51/1/773 813/1/773
f 907/1/780 25/1/780 896/1/780
f 39/1/787 906/1/787 909/1/787
f 652/1/781 140/1/781 653/1/781
f 653/1/773 140/1/773 654/1/773
f 562/1/788 817/1/788 910/1/788
f 911/1/789 183/1/789 863/1/789
f 818/1/790 183/1/790 911/1/790
f 140/1/10 660/1/10 659/1/10
f 140/1/13 662/1/13 660/1/13
f 913/1/791 197/1/791 819/1/791
f 916/1/792 918/1/792 213/1/792
f 916/1/793 917/1/793 918/1/793
f 920/1/794 922/1/794 916/1/794
f 595/1/795 671/1/795 625/1/795
f 680/1/796 703/1/796 693/1/796
f 183/1/797 651/1/797 690/1/797
f 595/1/798 690/1/798 703/1/798
f 680/1/799 671/1/799 595/1/799
f 703/1/800 680/1/800 595/1/800
f 586/1/220 562/1/220 564/1/220
f 562/1/801 563/1/801 564/1/801
f 140/1/802 661/1/802 654/1/802
f 924/74/803 230/75/803 925/76/803
f 923/77/804 833/78/804 230/75/804
f 837/7/805 925/79/805 218/5/805
f 215/10/806 835/80/806 218/5/806
f 926/81/807 215/82/807 927/83/807
f 928/84/808 221/12/808 843/85/808
f 929/86/809 224/87/809 930/88/809
f 929/89/810 927/90/810 224/91/810
f 220/15/811 933/92/811 932/93/811
f 842/16/812 220/15/812 932/94/812
f 205/17/813 934/95/813 935/96/813
f 844/97/814 205/17/814 936/98/814
f 934/99/815 203/100/815 846/101/815
f 583/102/343 937/103/343 774/104/343
f 583/105/816 68/106/816 879/107/816
f 51/29/573 607/108/573 629/109/573
f 39/110/586 674/32/586 673/111/586
f 629/112/574 10/30/574 51/113/574
f 673/111/817 672/114/817 25/33/817
f 157/115/655 698/37/655 699/116/655
f 728/117/818 146/38/818 724/40/818
f 157/115/670 722/118/670 146/119/670
f 709/120/819 705/121/819 708/122/819
f 726/123/820 144/41/820 727/124/820
f 706/125/821 148/126/821 725/127/821
f 155/128/578 669/129/578 668/130/578
f 153/50/822 669/131/822 155/128/822
f 695/132/823 799/133/823 683/134/823
f 623/135/824 155/136/824 668/137/824
f 938/138/825 159/53/825 796/139/825
f 716/140/826 210/65/826 714/141/826
f 210/65/827 716/140/827 715/63/827
f 851/142/828 939/143/828 212/144/828
f 939/145/829 850/146/829 212/144/829
f 854/71/830 853/147/830 228/148/830
f 834/149/716 857/150/716 225/151/716
f 919/1/831 152/1/831 920/1/831
f 168/1/322 836/1/322 839/1/322
f 754/1/785 21/1/785 761/1/785
f 62/1/773 139/1/773 130/1/773
f 101/1/692 769/1/692 767/1/692
f 139/1/26 166/1/26 101/1/26
f 99/1/832 790/1/832 789/1/832
f 62/152/833 176/2/833 178/75/833
f 95/153/834 97/154/834 169/155/834
f 87/156/835 95/157/835 168/10/835
f 174/87/697 172/12/697 79/158/697
f 172/159/836 171/160/836 76/161/836
f 69/162/837 171/160/837 160/163/837
f 776/164/838 879/165/838 158/100/838
f 880/166/839 46/167/839 55/168/839
f 38/106/840 901/169/840 902/170/840
f 902/171/841 903/172/841 32/29/841
f 35/173/842 38/174/842 32/29/842
f 5/30/843 816/175/843 815/176/843
f 14/33/621 909/177/621 908/178/621
f 14/33/844 906/179/844 907/180/844
f 104/119/845 889/181/845 888/182/845
f 103/41/846 887/183/846 890/184/846
f 885/185/847 107/186/847 895/187/847
f 874/188/848 107/189/848 886/190/848
f 115/191/580 872/192/580 871/193/580
f 116/194/849 795/195/849 808/196/849
f 164/65/850 805/197/850 807/198/850
f 135/199/851 164/65/851 165/144/851
f 134/200/852 165/144/852 177/69/852
f 130/201/716 177/148/716 176/72/716
f 918/1/853 152/1/853 915/1/853
f 917/1/854 152/1/854 918/1/854
f 916/1/855 152/1/855 917/1/855
f 922/1/856 152/1/856 916/1/856
f 921/1/322 152/1/322 922/1/322
f 920/1/857 152/1/857 921/1/857
f 166/1/858 824/1/858 823/1/858
f 176/1/322 856/1/322 178/1/322
f 930/1/859 174/1/859 931/1/859
f 846/1/860 935/1/860 934/1/860
f 847/1/861 160/1/861 935/1/861
f 160/1/861 845/1/861 844/1/861
f 172/1/553 930/1/553 840/1/553
f 171/1/322 928/1/322 842/1/322
f 823/1/862 822/1/862 166/1/862
f 855/1/322 177/1/322 853/1/322
f 822/1/863 832/1/863 166/1/863
f 851/1/864 177/1/864 850/1/864
f 777/1/865 779/1/865 158/1/865
f 778/1/831 158/1/831 160/1/831
f 832/1/866 831/1/866 166/1/866
f 165/1/867 848/1/867 811/1/867
f 166/1/868 831/1/868 830/1/868
f 164/1/869 804/1/869 848/1/869
f 830/1/870 829/1/870 166/1/870
f 797/1/871 806/1/871 808/1/871
f 829/1/872 828/1/872 166/1/872
f 771/1/867 914/1/867 819/1/867
f 826/1/553 152/1/553 827/1/553
f 828/1/873 827/1/873 166/1/873
f 152/1/874 913/1/874 914/1/874
f 152/1/875 912/1/875 913/1/875
f 169/1/322 924/1/322 925/1/322
f 924/1/876 857/1/876 833/1/876
f 166/1/877 825/1/877 824/1/877
f 825/1/878 166/1/878 821/1/878
f 174/1/553 926/1/553 927/1/553
f 116/1/785 139/1/785 122/1/785
f 121/1/879 139/1/879 116/1/879
f 123/1/785 139/1/785 121/1/785
f 125/1/785 139/1/785 123/1/785
f 136/1/773 139/1/773 135/1/773
f 135/1/773 139/1/773 125/1/773
f 782/1/880 788/1/880 99/1/880
f 737/1/439 65/1/439 97/1/439
f 788/1/881 787/1/881 99/1/881
f 736/1/773 97/1/773 95/1/773
f 787/1/882 786/1/882 99/1/882
f 735/1/773 95/1/773 87/1/773
f 786/1/883 785/1/883 99/1/883
f 742/1/773 87/1/773 81/1/773
f 122/1/773 139/1/773 115/1/773
f 115/1/884 139/1/884 110/1/884
f 780/1/785 99/1/785 791/1/785
f 70/1/771 749/1/771 747/1/771
f 785/1/885 793/1/885 99/1/885
f 740/1/773 81/1/773 79/1/773
f 792/1/886 99/1/886 793/1/886
f 79/1/773 745/1/773 741/1/773
f 792/1/887 791/1/887 99/1/887
f 76/1/785 744/1/785 745/1/785
f 110/1/785 139/1/785 109/1/785
f 109/1/773 139/1/773 101/1/773
f 752/1/888 69/1/888 753/1/888
f 753/1/889 67/1/889 751/1/889
f 55/1/773 751/1/773 67/1/773
f 759/1/890 46/1/890 760/1/890
f 38/1/773 760/1/773 46/1/773
f 757/1/891 35/1/891 758/1/891
f 107/1/773 109/1/773 101/1/773
f 104/1/773 103/1/773 101/1/773
f 103/1/771 105/1/771 101/1/771
f 105/1/773 107/1/773 101/1/773
f 111/1/773 104/1/773 101/1/773
f 101/1/892 763/1/892 762/1/892
f 32/1/773 758/1/773 35/1/773
f 756/1/893 5/1/893 754/1/893
f 14/1/773 111/1/773 101/1/773
f 101/1/773 21/1/773 14/1/773
f 783/1/894 782/1/894 99/1/894
f 738/1/773 62/1/773 65/1/773
f 784/1/785 783/1/785 99/1/785
f 139/1/773 734/1/773 743/1/773
f 134/1/773 139/1/773 136/1/773
f 130/1/773 139/1/773 134/1/773
f 794/1/10 99/1/10 781/1/10
f 99/1/13 780/1/13 781/1/13
f 152/1/692 770/1/692 101/1/692
f 166/1/26 152/1/26 101/1/26
f 863/1/895 858/1/895 139/1/895
f 861/1/896 860/1/896 858/1/896
f 743/1/219 910/1/219 139/1/219
f 789/1/897 784/1/897 99/1/897
f 65/202/804 178/75/804 169/203/804
f 65/202/898 62/152/898 178/75/898
f 97/154/899 65/204/899 169/5/899
f 95/205/900 169/5/900 168/10/900
f 87/206/810 168/10/810 174/207/810
f 79/208/836 172/12/836 76/209/836
f 81/210/901 174/87/901 79/208/901
f 81/211/810 87/212/810 174/213/810
f 70/214/837 171/15/837 69/215/837
f 76/216/902 171/15/902 70/214/902
f 67/217/903 160/163/903 158/218/903
f 69/162/837 160/163/837 67/217/837
f 67/217/903 158/100/903 55/219/903
f 46/167/904 882/220/904 883/221/904
f 883/222/816 901/223/816 38/106/816
f 32/29/574 905/224/574 904/225/574
f 899/226/586 5/30/586 815/176/586
f 904/227/905 813/228/905 5/30/905
f 900/229/906 14/33/906 899/226/906
f 896/230/656 111/115/656 907/231/656
f 887/232/676 104/38/676 888/182/676
f 111/115/907 898/233/907 104/119/907
f 895/234/908 105/126/908 894/235/908
f 892/236/909 103/237/909 890/238/909
f 105/126/910 893/239/910 894/235/910
f 110/128/578 875/240/578 877/241/578
f 109/50/577 875/242/577 110/128/577
f 867/243/911 116/244/911 866/245/911
f 115/191/912 877/246/912 878/247/912
f 122/248/582 871/193/582 869/249/582
f 803/250/913 123/251/913 802/252/913
f 801/253/914 121/254/914 116/194/914
f 135/255/915 125/256/915 164/65/915
f 125/256/916 123/257/916 164/65/916
f 134/258/852 136/259/852 165/144/852
f 136/259/917 135/199/917 165/144/917
f 130/201/918 134/200/918 177/148/918
f 62/260/919 130/201/919 176/151/919
f 1028/1/920 43/1/920 1033/1/920
f 993/1/921 23/1/921 995/1/921
f 113/1/922 982/1/922 983/1/922
f 1157/1/923 1156/1/923 1155/1/923
f 1039/1/924 71/1/924 1021/1/924
f 1161/1/925 1171/1/925 1168/1/925
f 113/1/926 944/1/926 945/1/926
f 29/2/927 1174/261/927 1175/262/927
f 20/263/928 1179/264/928 1177/265/928
f 4/266/148 20/263/148 7/267/148
f 1180/268/929 11/269/929 1182/270/929
f 11/271/930 1183/272/930 1182/273/930
f 44/274/931 1185/275/931 1184/276/931
f 48/277/932 1187/278/932 1186/279/932
f 48/280/933 1188/281/933 1187/278/933
f 1190/282/934 53/283/934 60/284/934
f 60/285/935 1192/286/935 1190/287/935
f 1071/288/936 1154/289/936 1193/290/936
f 1068/291/557 72/292/557 1194/293/557
f 1080/294/937 1076/295/937 75/296/937
f 75/297/938 1067/298/938 1066/299/938
f 117/300/567 1074/301/567 1075/302/567
f 1082/303/496 1086/304/496 1083/305/496
f 1075/302/939 1062/306/939 118/307/939
f 1087/308/940 1082/303/940 1084/309/940
f 1017/310/941 118/311/941 1064/312/941
f 975/313/942 133/314/942 974/315/942
f 118/316/943 133/317/943 114/318/943
f 971/319/296 131/320/296 969/321/296
f 129/322/295 966/323/295 967/324/295
f 129/322/944 959/325/944 960/326/944
f 127/327/945 962/328/945 956/329/945
f 952/330/423 124/331/423 954/332/423
f 1014/333/946 37/334/946 1141/335/946
f 33/336/947 1199/337/947 1200/338/947
f 1201/339/948 29/340/948 1175/341/948
f 1035/1/949 43/1/949 1034/1/949
f 1036/1/950 43/1/950 1035/1/950
f 1037/1/951 43/1/951 1036/1/951
f 1038/1/952 43/1/952 1037/1/952
f 1030/1/953 43/1/953 1038/1/953
f 1041/1/954 1071/1/954 60/1/954
f 1031/1/955 43/1/955 1030/1/955
f 1043/1/956 53/1/956 1044/1/956
f 978/1/957 977/1/957 113/1/957
f 113/1/958 976/1/958 1024/1/958
f 1024/1/959 1023/1/959 113/1/959
f 1023/1/960 1022/1/960 113/1/960
f 1022/1/961 1025/1/961 113/1/961
f 100/1/962 1060/1/962 1072/1/962
f 100/1/963 1056/1/963 1055/1/963
f 1010/1/964 37/1/964 1054/1/964
f 37/1/965 1055/1/965 1013/1/965
f 43/1/966 113/1/966 1026/1/966
f 7/1/967 1053/1/967 1051/1/967
f 27/1/968 1007/1/968 1006/1/968
f 29/1/969 1010/1/969 1008/1/969
f 15/1/970 1048/1/970 1002/1/970
f 1047/1/971 20/1/971 1050/1/971
f 1004/1/972 4/1/972 7/1/972
f 1027/1/973 43/1/973 1028/1/973
f 997/1/974 23/1/974 1045/1/974
f 1032/1/975 43/1/975 1031/1/975
f 53/1/976 990/1/976 989/1/976
f 1033/1/977 43/1/977 1032/1/977
f 991/1/978 48/1/978 993/1/978
f 11/1/979 1045/1/979 23/1/979
f 11/1/980 1001/1/980 999/1/980
f 981/1/981 978/1/981 113/1/981
f 984/1/982 138/1/982 986/1/982
f 980/1/983 981/1/983 113/1/983
f 129/1/984 1207/1/984 1206/1/984
f 1213/1/985 1212/1/985 1209/1/985
f 124/1/986 1214/1/986 1213/1/986
f 127/1/984 1210/1/984 1216/1/984
f 114/1/984 1218/1/984 1217/1/984
f 118/1/984 1221/1/984 1220/1/984
f 117/1/984 1222/1/984 1223/1/984
f 75/1/987 1227/1/987 1225/1/987
f 71/1/984 1232/1/984 1231/1/984
f 72/1/988 1233/1/988 1229/1/988
f 71/1/989 1235/1/989 1232/1/989
f 1237/1/990 72/1/990 1236/1/990
f 71/1/991 1239/1/991 1235/1/991
f 71/1/992 1240/1/992 1239/1/992
f 71/1/993 1241/1/993 1240/1/993
f 941/1/984 1243/1/984 1242/1/984
f 71/1/994 1244/1/994 1241/1/994
f 71/1/995 1242/1/995 1244/1/995
f 133/1/988 1246/1/988 1219/1/988
f 1204/1/984 1247/1/984 131/1/984
f 131/1/996 1250/1/996 1245/1/996
f 1027/1/997 1029/1/997 43/1/997
f 942/1/998 950/1/998 943/1/998
f 71/1/26 1231/1/26 1164/1/26
f 113/1/999 1254/1/999 1251/1/999
f 113/1/1000 1257/1/1000 1259/1/1000
f 27/342/1001 1260/343/1001 1174/261/1001
f 7/267/405 1176/344/405 1262/345/405
f 7/267/1002 1263/346/1002 1261/347/1002
f 20/348/1003 1264/349/1003 1178/350/1003
f 15/351/1003 1265/352/1003 1264/349/1003
f 23/353/1004 1266/354/1004 1183/355/1004
f 1267/356/931 44/357/931 1184/276/931
f 1269/358/932 44/274/932 1186/279/932
f 1188/281/1005 53/283/1005 1189/359/1005
f 1040/360/1006 1271/361/1006 1147/362/1006
f 1271/363/1007 1068/291/1007 1196/364/1007
f 1077/365/569 1078/366/569 75/296/569
f 75/297/566 1073/367/566 1074/301/566
f 973/368/1008 118/369/1008 1019/370/1008
f 972/371/1009 969/372/1009 133/314/1009
f 970/373/1010 964/374/1010 131/320/1010
f 962/328/294 127/327/294 961/375/294
f 961/375/294 129/322/294 963/376/294
f 126/377/1011 951/378/1011 953/379/1011
f 126/377/293 958/380/293 957/381/293
f 124/331/1012 953/382/1012 954/383/1012
f 952/384/1013 1272/385/1013 1214/386/1013
f 1057/387/1014 1273/388/1014 1059/389/1014
f 1058/390/1015 1057/391/1015 100/392/1015
f 37/393/1016 1274/394/1016 1197/395/1016
f 33/396/1017 1202/397/1017 1198/398/1017
f 985/1/1018 138/1/1018 946/1/1018
f 1163/1/146 26/1/146 1162/1/146
f 28/1/556 1268/1/556 1185/1/556
f 1135/1/556 1173/1/556 1258/1/556
f 1091/1/1019 52/1/1019 1092/1/1019
f 96/1/984 1113/1/984 1111/1/984
f 1235/1/1020 1241/1/1020 1242/1/1020
f 40/1/26 77/1/26 26/1/26
f 77/1/197 1128/1/197 1131/1/197
f 13/399/409 22/400/409 16/2/409
f 47/401/1021 3/267/1021 9/402/1021
f 2/403/1022 9/402/1022 3/267/1022
f 8/404/1004 6/405/1004 49/406/1004
f 6/407/1004 52/408/1004 49/406/1004
f 28/409/931 50/410/931 52/411/931
f 30/277/932 54/412/932 50/413/932
f 30/277/1005 58/414/1005 54/412/1005
f 58/415/996 63/416/996 61/417/996
f 31/283/934 36/418/934 58/414/934
f 58/419/935 1194/420/935 1195/421/935
f 1148/422/1023 1194/423/1023 1153/424/1023
f 63/425/1024 1237/426/1024 1238/427/1024
f 1233/428/1025 63/425/1025 1234/429/1025
f 1225/430/1026 1228/431/1026 45/432/1026
f 45/432/1027 1233/433/1027 1226/434/1027
f 80/435/566 1223/436/566 1222/437/566
f 1222/438/594 1220/439/594 82/311/594
f 82/311/941 1217/440/941 1218/441/941
f 94/314/1028 1245/442/1028 1249/443/1028
f 82/444/984 94/445/984 78/318/984
f 93/446/1009 1155/447/1009 1156/448/1009
f 93/320/295 1157/449/295 1247/450/295
f 1248/451/294 91/452/294 1247/453/294
f 1203/454/1029 90/455/1029 1206/456/1029
f 1211/457/423 88/331/423 1209/458/423
f 86/459/1030 1214/460/1030 1143/461/1030
f 19/462/947 84/463/947 64/464/947
f 24/465/947 19/466/947 18/336/947
f 22/467/1017 24/468/1017 16/469/1017
f 1167/1/1031 26/1/1031 1166/1/1031
f 1168/1/1032 26/1/1032 1167/1/1032
f 1169/1/496 26/1/496 1168/1/496
f 1170/1/1033 26/1/1033 1169/1/1033
f 1171/1/1034 26/1/1034 1170/1/1034
f 36/1/1022 1154/1/1022 1153/1/1022
f 1172/1/1035 26/1/1035 1171/1/1035
f 36/1/1036 1192/1/1036 1191/1/1036
f 1257/1/1037 1256/1/1037 77/1/1037
f 1256/1/496 1255/1/496 77/1/496
f 77/1/1038 1252/1/1038 1251/1/1038
f 1251/1/1039 1253/1/1039 77/1/1039
f 1253/1/1040 1254/1/1040 77/1/1040
f 64/1/1041 1152/1/1041 1273/1/1041
f 1150/1/528 1140/1/528 64/1/528
f 1200/1/1042 18/1/1042 1274/1/1042
f 1274/1/1043 64/1/1043 1141/1/1043
f 26/1/321 1254/1/321 1165/1/321
f 1263/1/321 13/1/321 1260/1/321
f 1260/1/321 16/1/321 1175/1/321
f 1202/1/556 16/1/556 1199/1/556
f 1264/1/321 8/1/321 1179/1/321
f 2/1/1044 1179/1/1044 9/1/1044
f 2/1/321 1263/1/321 1176/1/321
f 1159/1/503 26/1/503 1163/1/503
f 1267/1/1042 12/1/1042 1266/1/1042
f 1161/1/1045 26/1/1045 1172/1/1045
f 31/1/528 1270/1/528 1190/1/528
f 1162/1/503 26/1/503 1161/1/503
f 30/1/556 1269/1/556 1187/1/556
f 6/1/503 1182/1/503 1183/1/503
f 8/1/1046 1180/1/1046 1181/1/1046
f 1259/1/1047 1257/1/1047 77/1/1047
f 1135/1/1048 77/1/1048 1134/1/1048
f 1258/1/1049 1259/1/1049 77/1/1049
f 91/1/943 1115/1/943 1114/1/943
f 89/1/1050 1119/1/1050 1118/1/1050
f 88/1/1051 1120/1/1051 1119/1/1051
f 90/1/1052 1118/1/1052 1115/1/1052
f 78/1/984 96/1/984 82/1/984
f 82/1/984 96/1/984 80/1/984
f 83/1/1053 1117/1/1053 1120/1/1053
f 80/1/984 96/1/984 45/1/984
f 45/1/984 96/1/984 42/1/984
f 84/1/984 1104/1/984 1107/1/984
f 86/1/943 1116/1/943 1117/1/943
f 42/1/984 96/1/984 40/1/984
f 63/1/996 42/1/996 40/1/996
f 1095/1/1054 24/1/1054 1096/1/1054
f 1096/1/1055 22/1/1055 1097/1/1055
f 61/1/996 63/1/996 40/1/996
f 58/1/984 61/1/984 40/1/984
f 1097/1/1053 57/1/1053 1098/1/1053
f 1098/1/994 47/1/994 1099/1/994
f 54/1/984 58/1/984 40/1/984
f 40/1/984 1092/1/984 52/1/984
f 50/1/984 54/1/984 40/1/984
f 40/1/984 52/1/984 50/1/984
f 1099/1/996 49/1/996 1091/1/996
f 94/1/984 96/1/984 78/1/984
f 93/1/988 1114/1/988 1113/1/988
f 93/1/984 96/1/984 94/1/984
f 96/1/996 1122/1/996 1124/1/996
f 1159/1/1056 1160/1/1056 26/1/1056
f 1090/1/157 1093/1/157 1243/1/157
f 40/1/26 96/1/26 77/1/26
f 96/1/197 1127/1/197 1129/1/197
f 57/470/1002 22/471/1002 13/399/1002
f 47/401/405 57/472/405 3/267/405
f 57/472/1057 13/473/1057 3/267/1057
f 9/474/1003 49/406/1003 47/401/1003
f 9/474/1058 8/475/1058 49/406/1058
f 6/271/1004 12/476/1004 52/408/1004
f 12/477/931 28/478/931 52/408/931
f 28/478/932 30/277/932 50/413/932
f 30/479/1005 31/283/1005 58/414/1005
f 1238/480/1059 1236/481/1059 63/425/1059
f 1230/482/562 63/425/562 1236/483/562
f 1234/484/1060 63/425/1060 1229/485/1060
f 1228/486/1061 1227/487/1061 45/432/1061
f 45/432/567 1224/488/567 1223/436/567
f 94/314/1008 1218/489/1008 1219/490/1008
f 1250/491/1062 94/492/1062 1249/493/1062
f 1158/494/295 93/446/295 1156/495/295
f 1206/496/1063 90/327/1063 1205/497/1063
f 90/327/294 1248/451/294 1204/498/294
f 1216/499/1064 89/377/1064 1215/500/1064
f 89/377/293 1203/501/293 1207/502/293
f 88/331/423 1216/503/423 1210/504/423
f 83/505/423 1211/506/423 1212/507/423
f 1212/508/1030 1208/509/1030 83/510/1030
f 1138/511/1065 1144/512/1065 1272/513/1065
f 64/514/1014 86/459/1014 1145/515/1014
f 84/516/1066 86/459/1066 64/517/1066
f 24/518/947 84/519/947 19/520/947
f 16/469/1067 24/468/1067 18/396/1067
s 1
f 941/1/1068 940/1/1069 942/1/94
f 942/1/94 304/1/93 303/1/99
f 258/1/90 1089/1/23 1095/1/1070
f 1099/1/1071 1091/1/1072 1092/1/1073
f 1094/1/92 1093/1/1074 1090/1/1070
f 1099/1/1071 1092/1/1073 1094/1/92
f 1098/1/91 1099/1/1071 1094/1/92
f 1094/1/92 1090/1/1070 941/1/1068
f 941/1/1068 942/1/94 303/1/99
f 258/1/90 1095/1/1070 1096/1/91
f 258/1/90 1096/1/91 1097/1/1075
f 1094/1/92 941/1/1068 303/1/99
f 258/1/90 1097/1/1075 1098/1/91
f 1094/1/92 303/1/99 258/1/90
f 1116/1/23 1110/1/102 258/1/90
f 258/1/90 1112/1/23 1111/1/101
f 1111/1/101 1113/1/1076 1114/1/1077
f 1114/1/1077 1115/1/1078 1118/1/103
f 1118/1/103 1119/1/1079 1120/1/1080
f 1117/1/23 1116/1/23 258/1/90
f 1118/1/103 1120/1/1080 1117/1/23
f 1111/1/101 1114/1/1077 1118/1/103
f 1117/1/23 258/1/90 1111/1/101
f 1126/1/105 1125/1/105 258/1/90
f 258/1/90 1128/1/108 1129/1/107
f 1132/1/23 258/1/90 257/1/110
f 306/1/111 944/1/199 1136/1/102
f 306/1/111 1136/1/102 1135/1/112
f 1134/1/113 1133/1/102 306/1/111
f 1131/1/102 257/1/110 306/1/111
f 740/1/6 741/1/1081 256/1/114
f 297/1/114 307/1/116 563/1/118
f 562/1/114 739/1/114 743/1/114
f 297/1/114 563/1/118 562/1/114
f 742/1/114 740/1/6 256/1/114
f 736/1/115 735/1/1082 742/1/114
f 738/1/1083 737/1/1084 736/1/115
f 734/1/1085 738/1/1083 736/1/115
f 736/1/115 742/1/114 256/1/114
f 297/1/114 562/1/114 743/1/114
f 743/1/114 734/1/1085 736/1/115
f 256/1/114 297/1/114 743/1/114
f 744/1/119 746/1/110 256/1/114
f 256/1/114 741/1/1081 745/1/114
f 754/1/24 755/1/24 256/1/114
f 256/1/114 750/1/24 752/1/114
f 753/1/114 751/1/1086 759/1/24
f 256/1/114 752/1/114 753/1/114
f 756/1/114 754/1/24 256/1/114
f 760/1/1087 757/1/1088 758/1/114
f 758/1/114 756/1/114 256/1/114
f 256/1/114 753/1/114 759/1/24
f 759/1/24 760/1/1087 758/1/114
f 761/1/23 762/1/120 256/1/114
f 256/1/114 766/1/114 768/1/24
f 771/1/110 772/1/110 565/1/24
f 306/1/111 769/1/114 770/1/114
f 771/1/110 565/1/24 306/1/111
f 306/1/111 256/1/114 767/1/114
f 947/1/144 945/1/145 306/1/145
f 340/1/146 946/1/1089 947/1/144
f 948/1/160 356/1/159 304/1/162
f 304/1/162 943/1/162 950/1/163
f 1139/1/166 1138/1/1090 952/1/1091
f 1139/1/166 952/1/1091 954/1/1092
f 951/1/165 357/1/170 1139/1/166
f 1139/1/166 954/1/1092 953/1/164
f 957/1/171 958/1/329 956/1/167
f 956/1/167 358/1/169 357/1/170
f 357/1/170 951/1/165 957/1/171
f 961/1/176 963/1/1093 960/1/173
f 960/1/173 359/1/172 358/1/169
f 358/1/169 955/1/168 962/1/175
f 961/1/176 960/1/173 358/1/169
f 965/1/178 360/1/177 359/1/172
f 359/1/172 959/1/174 967/1/180
f 966/1/181 965/1/178 359/1/172
f 968/1/183 361/1/185 360/1/177
f 360/1/177 970/1/184 971/1/182
f 971/1/182 969/1/1094 968/1/183
f 974/1/188 973/1/1095 361/1/185
f 361/1/185 972/1/186 975/1/187
f 981/1/1096 980/1/1097 979/1/189
f 979/1/189 362/1/192 976/1/190
f 976/1/190 977/1/1098 978/1/191
f 978/1/191 981/1/1096 979/1/189
f 986/1/1099 985/1/198 363/1/195
f 363/1/195 362/1/192 982/1/194
f 984/1/196 986/1/1099 363/1/195
f 340/1/197 363/1/195 985/1/198
f 566/1/201 567/1/1100 364/1/202
f 306/1/142 565/1/142 566/1/201
f 573/1/1101 576/1/1102 575/1/1103
f 575/1/1103 568/1/207 366/1/204
f 366/1/204 364/1/1104 567/1/1104
f 366/1/204 567/1/1104 571/1/1105
f 573/1/1101 575/1/1103 366/1/204
f 366/1/204 571/1/1105 569/1/1106
f 572/1/1107 573/1/1101 366/1/204
f 574/1/203 572/1/1107 366/1/204
f 366/1/204 569/1/1106 570/1/205
f 577/1/206 367/1/209 366/1/204
f 579/1/208 578/1/334 367/1/209
f 367/1/209 577/1/206 580/1/210
f 774/1/213 773/1/213 581/1/211
f 581/1/211 582/1/1108 583/1/212
f 586/1/217 564/1/218 307/1/218
f 307/1/218 368/1/215 584/1/214
f 988/1/256 401/1/258 400/1/257
f 401/1/258 988/1/256 990/1/259
f 402/1/261 992/1/393 993/1/262
f 403/1/264 995/1/396 996/1/265
f 405/1/270 1000/1/1109 1001/1/271
f 1007/1/279 1008/1/411 407/1/280
f 1010/1/282 1011/1/413 408/1/283
f 1014/1/286 1141/1/1110 1142/1/286
f 1143/1/288 1144/1/1053 410/1/289
f 410/1/289 1145/1/1111 1146/1/290
f 1139/1/291 357/1/1112 410/1/292
f 361/1/297 973/1/297 1015/1/298
f 1024/1/1113 976/1/1114 362/1/306
f 362/1/306 1026/1/1115 1025/1/307
f 1025/1/307 1022/1/1116 1023/1/308
f 1023/1/308 1024/1/1113 362/1/306
f 1038/1/1117 1037/1/314 1035/1/316
f 1038/1/1117 1035/1/316 1034/1/1118
f 1033/1/317 1031/1/319 1030/1/311
f 1038/1/1117 1034/1/1118 1026/1/1115
f 356/1/303 1020/1/305 1027/1/313
f 1026/1/1115 362/1/306 399/1/309
f 1038/1/1117 1026/1/1115 399/1/309
f 399/1/309 356/1/303 1027/1/313
f 1028/1/310 1033/1/317 1030/1/311
f 399/1/309 1027/1/313 1028/1/310
f 1030/1/311 1038/1/1117 399/1/309
f 367/1/326 578/1/1119 592/1/1120
f 591/1/925 588/1/925 587/1/328
f 587/1/328 369/1/335 367/1/326
f 367/1/326 592/1/1120 593/1/323
f 590/1/327 591/1/925 587/1/328
f 367/1/326 593/1/323 590/1/327
f 605/1/329 597/1/324 598/1/332
f 596/1/1121 595/1/1122 368/1/1122
f 369/1/335 587/1/328 602/1/330
f 596/1/1121 368/1/1122 369/1/335
f 369/1/335 602/1/330 599/1/336
f 600/1/337 596/1/1121 369/1/335
f 417/1/338 607/1/1123 608/1/339
f 581/1/343 773/1/343 775/1/341
f 775/1/341 416/1/1124 610/1/342
f 418/1/345 611/1/446 613/1/346
f 419/1/348 614/1/448 616/1/349
f 618/1/351 617/1/1125 420/1/352
f 420/1/352 419/1/354 619/1/353
f 450/1/384 1040/1/1126 1147/1/385
f 1043/1/390 989/1/392 400/1/389
f 400/1/389 451/1/386 1041/1/388
f 992/1/393 402/1/261 401/1/394
f 995/1/396 403/1/264 402/1/397
f 998/1/268 404/1/267 403/1/399
f 403/1/399 997/1/1127 1045/1/400
f 1045/1/400 1046/1/1128 998/1/268
f 405/1/401 404/1/267 999/1/269
f 1048/1/403 1047/1/404 452/1/404
f 452/1/404 405/1/270 1002/1/272
f 1050/1/406 1004/1/274 406/1/273
f 453/1/405 1049/1/1129 1050/1/406
f 1053/1/409 1052/1/407 454/1/407
f 454/1/407 406/1/1130 1003/1/408
f 1003/1/408 1051/1/1131 1053/1/409
f 1006/1/277 407/1/276 454/1/407
f 408/1/410 407/1/280 1008/1/411
f 1054/1/414 1012/1/947 409/1/412
f 409/1/412 408/1/283 1011/1/413
f 1055/1/417 1056/1/1132 455/1/415
f 455/1/415 409/1/416 1013/1/416
f 1057/1/418 1058/1/415 1014/1/1133
f 1057/1/418 1014/1/1133 1140/1/419
f 1149/1/420 1150/1/925 1057/1/418
f 456/1/1134 1060/1/1135 1059/1/422
f 1059/1/422 1152/1/1136 1151/1/421
f 1151/1/421 1145/1/1136 410/1/421
f 410/1/421 456/1/1134 1059/1/422
f 1019/1/425 1017/1/425 1061/1/424
f 1061/1/424 415/1/300 1016/1/299
f 459/1/426 1064/1/1137 1063/1/427
f 623/1/431 624/1/1138 464/1/432
f 629/1/437 607/1/1123 417/1/338
f 417/1/338 466/1/1139 627/1/436
f 627/1/436 628/1/1140 629/1/437
f 630/1/438 631/1/1141 467/1/439
f 467/1/439 417/1/338 609/1/340
f 416/1/440 462/1/441 632/1/441
f 634/1/442 633/1/1142 463/1/1143
f 416/1/443 776/1/1144 779/1/1145
f 777/1/444 778/1/443 634/1/442
f 416/1/443 779/1/1145 777/1/444
f 634/1/442 463/1/1143 416/1/443
f 636/1/445 635/1/1146 611/1/446
f 611/1/446 418/1/345 463/1/447
f 463/1/447 633/1/1147 636/1/445
f 614/1/448 419/1/348 418/1/449
f 621/1/358 421/1/357 420/1/452
f 620/1/356 639/1/1148 638/1/454
f 638/1/454 637/1/1149 461/1/455
f 461/1/455 421/1/357 620/1/356
f 422/1/463 644/1/548 645/1/464
f 648/1/1150 649/1/469 469/1/466
f 469/1/466 422/1/1151 646/1/467
f 647/1/468 648/1/1150 469/1/466
f 788/1/1152 782/1/1153 783/1/1154
f 784/1/1155 789/1/1156 790/1/1157
f 788/1/1152 783/1/1154 784/1/1155
f 786/1/1158 787/1/1159 788/1/1152
f 791/1/485 785/1/483 786/1/1158
f 791/1/485 786/1/1158 788/1/1152
f 784/1/1155 790/1/1157 654/1/486
f 791/1/485 788/1/1152 784/1/1155
f 661/1/1160 659/1/494 381/1/372
f 662/1/479 663/1/1161 664/1/1162
f 662/1/479 664/1/1162 665/1/480
f 654/1/486 661/1/1160 381/1/372
f 784/1/1155 654/1/486 381/1/372
f 652/1/493 653/1/488 794/1/487
f 652/1/493 794/1/487 781/1/1163
f 784/1/1155 381/1/372 446/1/379
f 791/1/485 784/1/1155 446/1/379
f 657/1/489 652/1/493 781/1/1163
f 780/1/481 791/1/485 446/1/379
f 657/1/489 781/1/1163 780/1/481
f 655/1/490 657/1/489 780/1/481
f 780/1/481 446/1/379 662/1/479
f 665/1/480 655/1/490 780/1/481
f 654/1/486 790/1/1157 794/1/487
f 662/1/479 446/1/379 341/1/238
f 341/1/238 381/1/372 659/1/494
f 659/1/494 660/1/1164 662/1/479
f 1069/1/498 1040/1/1126 450/1/384
f 450/1/384 1066/1/1165 1067/1/497
f 1067/1/497 1068/1/1166 1069/1/498
f 1153/1/500 1154/1/562 1070/1/562
f 482/1/499 450/1/499 1148/1/499
f 1153/1/500 1070/1/562 482/1/499
f 1071/1/501 1042/1/1167 451/1/502
f 482/1/499 1070/1/562 1071/1/501
f 453/1/510 452/1/404 1047/1/404
f 1072/1/519 1060/1/517 456/1/517
f 456/1/517 455/1/1168 1056/1/518
f 459/1/521 415/1/522 1061/1/522
f 1073/1/1169 483/1/525 459/1/426
f 459/1/426 1062/1/428 1075/1/523
f 1074/1/524 1073/1/1169 459/1/426
f 1077/1/527 1076/1/527 483/1/525
f 483/1/525 1073/1/1169 1078/1/526
f 667/1/531 666/1/575 487/1/529
f 487/1/529 464/1/432 624/1/1138
f 668/1/530 669/1/1170 667/1/531
f 487/1/529 624/1/1138 668/1/530
f 796/1/533 670/1/1171 626/1/433
f 626/1/433 464/1/432 795/1/532
f 673/1/536 674/1/944 627/1/436
f 627/1/436 466/1/1139 490/1/535
f 490/1/535 672/1/1172 673/1/536
f 467/1/540 631/1/540 632/1/541
f 468/1/547 461/1/458 641/1/459
f 468/1/462 643/1/461 644/1/548
f 469/1/549 650/1/1173 677/1/550
f 1082/1/565 1083/1/1174 504/1/1174
f 415/1/563 459/1/564 1084/1/564
f 1082/1/565 504/1/1174 415/1/563
f 1081/1/568 484/1/571 483/1/569
f 666/1/575 679/1/601 507/1/576
f 797/1/583 798/1/582 465/1/580
f 465/1/580 489/1/1175 681/1/1176
f 682/1/581 683/1/1177 799/1/580
f 465/1/580 681/1/1176 682/1/581
f 799/1/580 797/1/583 465/1/580
f 464/1/582 465/1/580 798/1/582
f 686/1/585 672/1/1172 490/1/535
f 490/1/535 510/1/619 685/1/584
f 685/1/584 684/1/1178 686/1/585
f 491/1/587 469/1/549 676/1/551
f 1079/1/558 450/1/557 503/1/557
f 503/1/557 484/1/560 1080/1/559
f 1085/1/558 1079/1/558 503/1/557
f 505/1/593 504/1/594 1083/1/594
f 1087/1/597 459/1/596 485/1/598
f 485/1/598 505/1/593 1086/1/595
f 1088/1/599 1087/1/597 485/1/598
f 691/1/600 692/1/639 507/1/576
f 801/1/605 800/1/1179 803/1/606
f 694/1/1180 681/1/1181 489/1/1182
f 489/1/1182 804/1/1183 807/1/1184
f 805/1/608 803/1/1185 800/1/1185
f 489/1/1182 807/1/1184 805/1/608
f 694/1/1180 489/1/1182 805/1/608
f 805/1/608 800/1/1185 808/1/609
f 808/1/609 806/1/1186 695/1/610
f 695/1/610 694/1/1180 805/1/608
f 489/1/615 509/1/1187 696/1/1188
f 697/1/616 809/1/617 804/1/617
f 489/1/615 696/1/1188 697/1/616
f 698/1/618 685/1/584 510/1/619
f 510/1/619 529/1/1189 699/1/620
f 512/1/623 491/1/587 687/1/587
f 700/1/626 701/1/1190 688/1/588
f 688/1/588 511/1/590 512/1/625
f 712/1/640 711/1/1191 527/1/1192
f 488/1/603 507/1/602 710/1/602
f 709/1/641 708/1/1193 712/1/640
f 488/1/603 710/1/602 709/1/641
f 712/1/640 527/1/1192 488/1/603
f 714/1/647 810/1/648 811/1/648
f 811/1/648 720/1/1194 715/1/649
f 715/1/649 716/1/1195 714/1/647
f 718/1/650 719/1/651 509/1/651
f 509/1/651 528/1/1196 717/1/652
f 721/1/654 722/1/1197 699/1/620
f 699/1/620 529/1/1189 543/1/653
f 702/1/628 723/1/1198 717/1/657
f 717/1/657 528/1/1199 511/1/629
f 724/1/1200 721/1/654 543/1/653
f 543/1/653 725/1/661 726/1/661
f 726/1/661 727/1/324 728/1/662
f 728/1/662 724/1/1200 543/1/653
f 731/1/667 732/1/1201 543/1/668
f 541/1/668 527/1/669 733/1/669
f 731/1/667 543/1/668 541/1/668
s 0
f 643/1/1202 642/1/1202 675/1/1202
f 675/1/1203 215/1/1203 218/1/1203
f 218/1/1204 645/1/1204 644/1/1204
f 644/1/1205 643/1/1205 675/1/1205
f 814/1/1094 815/1/1094 816/1/1094
f 816/1/773 813/1/773 10/1/773
f 10/1/771 39/1/771 814/1/771
f 566/1/1206 184/1/1206 571/1/1206
f 184/1/1207 566/1/1207 565/1/1207
f 565/1/692 772/1/692 819/1/692
f 820/1/135 183/1/135 213/1/135
f 213/1/25 826/1/25 827/1/25
f 831/1/1208 832/1/1208 822/1/1208
f 831/1/1209 822/1/1209 823/1/1209
f 829/1/860 830/1/860 831/1/860
f 213/1/1210 827/1/1210 828/1/1210
f 821/1/26 820/1/26 213/1/26
f 823/1/1211 824/1/1211 825/1/1211
f 825/1/1212 821/1/1212 213/1/1212
f 213/1/1213 828/1/1213 829/1/1213
f 831/1/860 823/1/860 825/1/860
f 213/1/46 829/1/46 831/1/46
f 225/2/1214 230/75/1214 833/3/1214
f 218/5/1215 835/80/1215 836/6/1215
f 841/11/697 224/91/697 221/12/697
f 843/14/836 221/159/836 220/15/836
f 205/17/699 844/97/699 845/18/699
f 778/21/1216 847/521/1216 846/19/1216
f 846/19/839 203/100/839 634/20/839
f 631/22/1217 630/522/1217 68/106/1217
f 68/106/1218 582/523/1218 581/23/1218
f 581/23/1217 610/524/1217 632/24/1217
f 631/22/1217 68/106/1217 581/23/1217
f 630/27/1219 609/525/1219 608/25/1219
f 608/25/1220 51/29/1220 68/26/1220
f 10/30/1221 628/526/1221 627/31/1221
f 25/33/1222 684/35/1222 685/36/1222
f 146/38/670 722/527/670 721/39/670
f 707/44/1223 692/528/1223 691/529/1223
f 691/529/847 150/530/847 148/45/847
f 709/46/1224 710/531/1224 707/44/1224
f 707/44/1225 691/529/1225 148/45/1225
f 733/47/1226 729/532/1226 711/48/1226
f 711/48/1227 712/533/1227 731/49/1227
f 666/534/1228 667/535/1228 153/50/1228
f 153/50/848 150/189/848 691/51/848
f 679/52/848 666/534/848 153/50/848
f 159/53/1229 623/536/1229 626/54/1229
f 683/56/1230 682/537/1230 694/57/1230
f 812/59/1231 809/61/1231 697/62/1231
f 697/62/1232 210/65/1232 715/63/1232
f 720/64/1233 812/59/1233 697/62/1233
f 810/538/1234 714/539/1234 210/65/1234
f 210/65/851 212/144/851 850/66/851
f 849/67/851 810/538/851 210/65/851
f 853/70/1235 852/540/1235 851/68/1235
f 851/68/1236 212/144/1236 228/69/1236
f 856/73/1237 855/541/1237 854/71/1237
f 854/71/919 228/148/919 225/72/919
f 225/72/1238 857/542/1238 856/73/1238
f 225/1/1239 677/1/1239 650/1/1239
f 649/1/1240 648/1/1240 230/1/1240
f 225/1/1241 650/1/1241 649/1/1241
f 205/1/1242 613/1/1242 611/1/1242
f 616/1/1243 614/1/1243 612/1/1243
f 612/1/1244 613/1/1244 205/1/1244
f 205/1/1245 220/1/1245 616/1/1245
f 617/1/1246 618/1/1246 221/1/1246
f 221/1/1247 224/1/1247 639/1/1247
f 621/1/1248 617/1/1248 221/1/1248
f 618/1/1249 615/1/1249 616/1/1249
f 616/1/1250 220/1/1250 221/1/1250
f 676/1/712 677/1/712 225/1/712
f 225/1/1251 228/1/1251 701/1/1251
f 701/1/1252 700/1/1252 687/1/1252
f 687/1/1253 676/1/1253 225/1/1253
f 723/1/324 702/1/324 689/1/324
f 688/1/1254 701/1/1254 228/1/1254
f 723/1/1255 689/1/1255 688/1/1255
f 228/1/1256 212/1/1256 723/1/1256
f 633/1/1257 634/1/1257 203/1/1257
f 203/1/1258 205/1/1258 635/1/1258
f 717/1/1259 723/1/1259 212/1/1259
f 212/1/1260 210/1/1260 718/1/1260
f 719/1/1261 718/1/1261 210/1/1261
f 697/1/1262 696/1/1262 713/1/1262
f 719/1/1263 210/1/1263 697/1/1263
f 577/1/1264 568/1/1264 575/1/1264
f 575/1/1265 184/1/1265 197/1/1265
f 197/1/1266 580/1/1266 577/1/1266
f 587/1/1267 588/1/1267 197/1/1267
f 197/1/1268 213/1/1268 601/1/1268
f 230/1/1269 647/1/1269 646/1/1269
f 646/1/1270 645/1/1270 218/1/1270
f 640/1/1271 637/1/1271 638/1/1271
f 638/1/1272 224/1/1272 215/1/1272
f 215/1/1273 675/1/1273 641/1/1273
f 641/1/1274 640/1/1274 638/1/1274
f 159/1/1275 867/1/1275 866/1/1275
f 159/1/893 865/1/893 869/1/893
f 869/1/1276 871/1/1276 872/1/1276
f 872/1/773 153/1/773 155/1/773
f 874/1/771 876/1/771 153/1/771
f 153/1/1277 872/1/1277 878/1/1277
f 877/1/1278 875/1/1278 874/1/1278
f 153/1/1279 878/1/1279 877/1/1279
f 880/1/1280 879/1/1280 68/1/1280
f 68/1/1281 882/1/1281 881/1/1281
f 884/1/1282 883/1/1282 882/1/1282
f 882/1/1283 68/1/1283 59/1/1283
f 886/1/780 885/1/780 150/1/780
f 150/1/773 153/1/773 876/1/773
f 888/1/1284 889/1/1284 146/1/1284
f 146/1/771 144/1/771 891/1/771
f 891/1/1285 890/1/1285 887/1/1285
f 887/1/771 888/1/771 146/1/771
f 148/1/1286 893/1/1286 892/1/1286
f 892/1/1287 891/1/1287 144/1/1287
f 895/1/1288 894/1/1288 893/1/1288
f 893/1/773 148/1/773 150/1/773
f 150/1/785 885/1/785 895/1/785
f 898/1/1289 897/1/1289 896/1/1289
f 896/1/785 157/1/785 146/1/785
f 146/1/771 889/1/771 898/1/771
f 39/1/703 900/1/703 899/1/703
f 902/1/1290 901/1/1290 884/1/1290
f 884/1/784 59/1/784 51/1/784
f 51/1/1291 903/1/1291 902/1/1291
f 813/1/944 904/1/944 905/1/944
f 905/1/780 903/1/780 51/1/780
f 51/1/771 10/1/771 813/1/771
f 907/1/773 906/1/773 25/1/773
f 25/1/785 157/1/785 896/1/785
f 909/1/884 900/1/884 39/1/884
f 39/1/775 25/1/775 906/1/775
f 906/1/1292 908/1/1292 909/1/1292
f 910/1/773 739/1/773 562/1/773
f 562/1/773 183/1/773 817/1/773
f 913/1/1293 912/1/1293 197/1/1293
f 197/1/791 184/1/791 819/1/791
f 819/1/1294 914/1/1294 913/1/1294
f 213/1/26 197/1/26 912/1/26
f 912/1/1295 919/1/1295 920/1/1295
f 912/1/1296 920/1/1296 916/1/1296
f 915/1/26 826/1/26 213/1/26
f 918/1/1297 915/1/1297 213/1/1297
f 213/1/1298 912/1/1298 916/1/1298
f 920/1/1299 921/1/1299 922/1/1299
f 596/1/1300 213/1/1300 183/1/1300
f 183/1/219 586/1/219 584/1/219
f 595/1/1301 596/1/1301 183/1/1301
f 183/1/1302 584/1/1302 585/1/1302
f 183/1/1303 585/1/1303 622/1/1303
f 690/1/1304 595/1/1304 183/1/1304
f 651/1/324 678/1/324 690/1/324
f 183/1/1305 622/1/1305 651/1/1305
f 586/1/220 183/1/220 562/1/220
f 924/74/1306 923/77/1306 230/75/1306
f 230/75/1307 218/5/1307 925/76/1307
f 215/10/835 839/543/835 835/80/835
f 926/81/1308 838/544/1308 215/82/1308
f 215/82/810 224/545/810 927/83/810
f 928/84/808 840/13/808 221/12/808
f 930/88/324 931/546/324 929/86/324
f 224/87/697 841/11/697 930/88/697
f 220/15/1309 845/547/1309 933/92/1309
f 935/96/1310 936/548/1310 205/17/1310
f 205/17/1311 203/218/1311 934/95/1311
f 879/107/1312 937/549/1312 583/105/1312
f 583/105/1313 582/523/1313 68/106/1313
f 51/29/1314 608/25/1314 607/108/1314
f 39/110/1315 10/30/1315 674/32/1315
f 629/112/573 628/526/573 10/30/573
f 25/33/622 39/550/622 673/111/622
f 672/114/1316 686/34/1316 25/33/1316
f 157/115/656 25/33/656 698/37/656
f 728/117/676 144/551/676 146/38/676
f 157/115/670 699/116/670 722/118/670
f 148/126/1317 704/552/1317 705/121/1317
f 705/121/1318 730/553/1318 708/122/1318
f 709/120/819 148/126/819 705/121/819
f 726/123/1319 148/554/1319 144/41/1319
f 732/555/910 731/556/910 712/557/910
f 712/557/1320 708/558/1320 730/559/1320
f 706/125/1321 704/552/1321 148/126/1321
f 712/557/1322 730/559/1322 706/125/1322
f 725/127/1323 732/555/1323 712/557/1323
f 148/126/1324 726/123/1324 725/127/1324
f 725/127/910 712/557/910 706/125/910
f 153/50/577 667/535/577 669/131/577
f 695/132/1325 806/560/1325 799/133/1325
f 668/137/1326 624/561/1326 623/135/1326
f 623/135/577 159/53/577 155/136/577
f 938/138/580 867/562/580 159/53/580
f 159/53/1327 670/55/1327 796/139/1327
f 838/1/1328 926/1/1328 168/1/1328
f 168/1/553 169/1/553 836/1/553
f 836/1/944 835/1/944 839/1/944
f 839/1/867 838/1/867 168/1/867
f 761/1/630 755/1/630 754/1/630
f 754/1/773 5/1/773 21/1/773
f 767/1/692 768/1/692 101/1/692
f 101/1/791 770/1/791 769/1/791
f 99/1/1329 794/1/1329 790/1/1329
f 776/164/839 775/563/839 773/564/839
f 773/564/1330 774/565/1330 937/566/1330
f 879/165/1331 880/567/1331 55/219/1331
f 773/564/1332 937/566/1332 879/165/1332
f 158/100/839 779/568/839 776/164/839
f 776/164/815 773/564/815 879/165/815
f 879/165/1333 55/219/1333 158/100/1333
f 880/166/1334 881/569/1334 46/167/1334
f 32/29/702 38/174/702 902/171/702
f 903/172/1335 905/224/1335 32/29/1335
f 14/33/1336 908/570/1336 906/179/1336
f 104/119/1337 898/233/1337 889/181/1337
f 885/185/1338 886/571/1338 107/186/1338
f 107/186/847 105/572/847 895/187/847
f 886/190/1339 876/573/1339 874/188/1339
f 874/188/848 109/50/848 107/189/848
f 115/191/1340 878/574/1340 872/192/1340
f 800/575/1341 801/253/1341 116/194/1341
f 116/194/1342 938/576/1342 796/577/1342
f 795/195/1343 798/578/1343 797/579/1343
f 116/194/1344 796/577/1344 795/195/1344
f 808/196/1345 800/575/1345 116/194/1345
f 795/195/914 797/579/914 808/196/914
f 164/65/1346 123/257/1346 805/197/1346
f 176/1/450 855/1/450 856/1/450
f 846/1/1347 847/1/1347 935/1/1347
f 936/1/1348 935/1/1348 160/1/1348
f 160/1/450 171/1/450 933/1/450
f 160/1/1349 933/1/1349 845/1/1349
f 844/1/142 936/1/142 160/1/142
f 840/1/322 928/1/322 172/1/322
f 172/1/322 174/1/322 930/1/322
f 930/1/324 841/1/324 840/1/324
f 932/1/1350 933/1/1350 171/1/1350
f 171/1/322 172/1/322 928/1/322
f 928/1/1351 843/1/1351 842/1/1351
f 842/1/1352 932/1/1352 171/1/1352
f 853/1/1353 854/1/1353 855/1/1353
f 855/1/877 176/1/877 177/1/877
f 177/1/867 852/1/867 853/1/867
f 851/1/865 852/1/865 177/1/865
f 177/1/322 165/1/322 849/1/322
f 850/1/1354 939/1/1354 851/1/1354
f 177/1/867 849/1/867 850/1/867
f 160/1/1355 847/1/1355 778/1/1355
f 778/1/876 777/1/876 158/1/876
f 810/1/859 849/1/859 165/1/859
f 165/1/1349 164/1/1349 848/1/1349
f 848/1/1356 812/1/1356 811/1/1356
f 811/1/553 810/1/553 165/1/553
f 164/1/865 807/1/865 804/1/865
f 804/1/1357 809/1/1357 848/1/1357
f 797/1/1358 799/1/1358 806/1/1358
f 819/1/553 772/1/553 771/1/553
f 771/1/553 152/1/553 914/1/553
f 826/1/450 915/1/450 152/1/450
f 152/1/450 166/1/450 827/1/450
f 152/1/1359 919/1/1359 912/1/1359
f 837/1/1360 836/1/1360 169/1/1360
f 169/1/553 178/1/553 924/1/553
f 925/1/553 837/1/553 169/1/553
f 833/1/1361 923/1/1361 924/1/1361
f 924/1/553 178/1/553 856/1/553
f 857/1/1362 834/1/1362 833/1/1362
f 924/1/1363 856/1/1363 857/1/1363
f 929/1/869 931/1/869 174/1/869
f 174/1/322 168/1/322 926/1/322
f 927/1/450 929/1/450 174/1/450
f 737/1/1364 738/1/1364 65/1/1364
f 736/1/775 737/1/775 97/1/775
f 735/1/1365 736/1/1365 95/1/1365
f 742/1/785 735/1/785 87/1/785
f 746/1/773 744/1/773 70/1/773
f 70/1/773 752/1/773 750/1/773
f 749/1/1366 748/1/1366 747/1/1366
f 70/1/775 750/1/775 749/1/775
f 747/1/1367 746/1/1367 70/1/1367
f 740/1/785 742/1/785 81/1/785
f 741/1/1281 740/1/1281 79/1/1281
f 79/1/773 76/1/773 745/1/773
f 76/1/789 70/1/789 744/1/789
f 752/1/785 70/1/785 69/1/785
f 753/1/773 69/1/773 67/1/773
f 55/1/784 759/1/784 751/1/784
f 759/1/893 55/1/893 46/1/893
f 38/1/771 757/1/771 760/1/771
f 757/1/1288 38/1/1288 35/1/1288
f 761/1/773 21/1/773 101/1/773
f 101/1/773 768/1/773 766/1/773
f 765/1/925 764/1/925 763/1/925
f 101/1/773 766/1/773 765/1/773
f 762/1/1368 761/1/1368 101/1/1368
f 101/1/773 765/1/773 763/1/773
f 32/1/785 756/1/785 758/1/785
f 756/1/773 32/1/773 5/1/773
f 738/1/773 734/1/773 62/1/773
f 139/1/773 62/1/773 734/1/773
f 152/1/791 771/1/791 770/1/791
f 863/1/1369 864/1/1369 862/1/1369
f 862/1/324 861/1/324 858/1/324
f 858/1/1370 859/1/1370 868/1/1370
f 870/1/1371 873/1/1371 820/1/1371
f 858/1/1372 868/1/1372 870/1/1372
f 863/1/1373 862/1/1373 858/1/1373
f 818/1/759 911/1/759 863/1/759
f 910/1/1374 817/1/1374 818/1/1374
f 821/1/1375 166/1/1375 139/1/1375
f 858/1/1376 870/1/1376 820/1/1376
f 820/1/1377 821/1/1377 139/1/1377
f 139/1/219 910/1/219 818/1/219
f 139/1/1378 818/1/1378 863/1/1378
f 858/1/1375 820/1/1375 139/1/1375
f 743/1/219 739/1/219 910/1/219
f 46/167/1379 881/580/1379 882/220/1379
f 38/106/341 46/581/341 883/222/341
f 883/222/1380 884/582/1380 901/223/1380
f 815/176/324 814/583/324 899/226/324
f 899/226/586 21/110/586 5/30/586
f 5/30/573 32/113/573 904/227/573
f 813/228/1381 816/175/1381 5/30/1381
f 900/229/621 909/584/621 14/33/621
f 14/33/622 21/550/622 899/226/622
f 896/230/1382 897/585/1382 111/115/1382
f 111/115/655 14/33/655 907/231/655
f 887/232/676 103/586/676 104/38/676
f 111/115/1383 897/585/1383 898/233/1383
f 890/238/334 891/587/334 892/236/334
f 892/236/676 105/126/676 103/237/676
f 105/126/1384 892/236/1384 893/239/1384
f 109/50/577 874/588/577 875/242/577
f 867/243/1385 938/589/1385 116/244/1385
f 116/244/849 122/248/849 866/245/849
f 115/191/1386 110/136/1386 877/246/1386
f 865/590/580 866/591/580 122/248/580
f 122/248/582 115/191/582 871/193/582
f 869/249/1387 865/590/1387 122/248/1387
f 803/250/1388 805/592/1388 123/251/1388
f 123/251/850 121/254/850 802/252/850
f 801/253/1389 802/593/1389 121/254/1389
f 995/1/1390 994/1/1390 993/1/1390
f 993/1/1391 44/1/1391 23/1/1391
f 23/1/1392 996/1/1392 995/1/1392
f 979/1/1393 980/1/1393 113/1/1393
f 113/1/1394 984/1/1394 982/1/1394
f 983/1/1395 979/1/1395 113/1/1395
f 1155/1/984 131/1/984 1157/1/984
f 1157/1/1396 1158/1/1396 1156/1/1396
f 1039/1/1397 987/1/1397 949/1/1397
f 949/1/329 948/1/329 950/1/329
f 950/1/157 940/1/157 941/1/157
f 71/1/1398 43/1/1398 1029/1/1398
f 71/1/1399 1029/1/1399 1020/1/1399
f 950/1/157 941/1/157 71/1/157
f 949/1/157 950/1/157 71/1/157
f 71/1/1400 1020/1/1400 1021/1/1400
f 1021/1/1401 1065/1/1401 1039/1/1401
f 1039/1/1402 949/1/1402 71/1/1402
f 1165/1/26 113/1/26 43/1/26
f 43/1/25 71/1/25 1164/1/25
f 1164/1/1403 1160/1/1403 1159/1/1403
f 1163/1/1276 1162/1/1276 1161/1/1276
f 43/1/25 1164/1/25 1159/1/25
f 1161/1/1404 1172/1/1404 1171/1/1404
f 1171/1/318 1170/1/318 1169/1/318
f 1159/1/1405 1163/1/1405 1161/1/1405
f 1165/1/26 43/1/26 1159/1/26
f 1167/1/925 1166/1/925 1165/1/925
f 1168/1/1406 1167/1/1406 1165/1/1406
f 1165/1/1407 1159/1/1407 1161/1/1407
f 1171/1/1408 1169/1/1408 1168/1/1408
f 1168/1/1409 1165/1/1409 1161/1/1409
f 947/1/926 138/1/926 113/1/926
f 113/1/926 1173/1/926 1136/1/926
f 113/1/197 1136/1/197 944/1/197
f 945/1/1410 947/1/1410 113/1/1410
f 29/2/409 27/342/409 1174/261/409
f 1176/344/1021 7/267/1021 20/263/1021
f 20/263/1411 1178/594/1411 1179/264/1411
f 1177/265/1412 1176/344/1412 20/263/1412
f 1182/270/329 1181/595/329 1180/268/329
f 1180/268/1004 15/351/1004 11/269/1004
f 1190/282/934 1189/359/934 53/283/934
f 60/285/1413 1191/596/1413 1192/286/1413
f 1191/597/936 60/598/936 1071/288/936
f 1071/288/1414 1070/599/1414 1154/289/1414
f 1193/290/1415 1191/597/1415 1071/288/1415
f 1194/293/1416 1196/600/1416 1068/291/1416
f 1068/291/1025 1067/601/1025 72/292/1025
f 72/292/1417 1195/602/1417 1194/293/1417
f 1080/294/1418 1081/603/1418 1076/295/1418
f 1076/295/1419 1077/365/1419 75/296/1419
f 75/296/1420 1085/604/1420 1080/294/1420
f 1079/605/1421 1085/606/1421 75/297/1421
f 75/297/1422 72/292/1422 1067/298/1422
f 1066/299/1423 1079/605/1423 75/297/1423
f 117/300/566 75/297/566 1074/301/566
f 1082/303/1424 1088/607/1424 1086/304/1424
f 118/307/1425 117/300/1425 1075/302/1425
f 1062/306/597 1063/608/597 118/307/597
f 1087/308/940 1088/607/940 1082/303/940
f 1017/310/1426 1018/609/1426 118/311/1426
f 118/311/1427 1063/610/1427 1064/312/1427
f 1064/312/1428 1061/611/1428 1017/310/1428
f 129/322/295 131/612/295 966/323/295
f 960/326/294 963/376/294 129/322/294
f 129/322/1429 967/613/1429 959/325/1429
f 956/329/293 958/380/293 127/327/293
f 962/328/1430 955/614/1430 956/329/1430
f 1014/333/1431 1058/390/1431 100/464/1431
f 37/334/412 1197/615/412 1141/335/412
f 1014/333/1432 100/464/1432 37/334/1432
f 1200/338/947 37/393/947 33/336/947
f 33/336/1433 1198/616/1433 1199/337/1433
f 1201/339/1434 1202/617/1434 29/340/1434
f 60/1/1435 1043/1/1435 1041/1/1435
f 1041/1/1436 1042/1/1436 1071/1/1436
f 1043/1/1437 60/1/1437 53/1/1437
f 113/1/1438 977/1/1438 976/1/1438
f 100/1/1439 1059/1/1439 1060/1/1439
f 100/1/1440 1072/1/1440 1056/1/1440
f 1054/1/1441 1011/1/1441 1010/1/1441
f 1010/1/1442 33/1/1442 37/1/1442
f 1013/1/1443 1012/1/1443 1054/1/1443
f 37/1/1444 100/1/1444 1055/1/1444
f 1013/1/1445 1054/1/1445 37/1/1445
f 1026/1/1446 1034/1/1446 43/1/1446
f 113/1/1447 1025/1/1447 1026/1/1447
f 7/1/1448 27/1/1448 1053/1/1448
f 1052/1/1449 1053/1/1449 27/1/1449
f 27/1/1450 29/1/1450 1007/1/1450
f 1007/1/1451 1005/1/1451 1006/1/1451
f 1006/1/1452 1052/1/1452 27/1/1452
f 1008/1/1453 1007/1/1453 29/1/1453
f 29/1/1454 33/1/1454 1010/1/1454
f 1010/1/1455 1009/1/1455 1008/1/1455
f 1002/1/1456 1001/1/1456 15/1/1456
f 15/1/1457 20/1/1457 1048/1/1457
f 1047/1/1458 1048/1/1458 20/1/1458
f 20/1/1459 4/1/1459 1050/1/1459
f 1050/1/1460 1049/1/1460 1047/1/1460
f 7/1/1461 1051/1/1461 1003/1/1461
f 1004/1/1462 1050/1/1462 4/1/1462
f 7/1/1463 1003/1/1463 1004/1/1463
f 997/1/1464 996/1/1464 23/1/1464
f 989/1/1465 1044/1/1465 53/1/1465
f 53/1/1466 48/1/1466 990/1/1466
f 990/1/1197 988/1/1197 989/1/1197
f 993/1/1467 992/1/1467 991/1/1467
f 991/1/1468 990/1/1468 48/1/1468
f 48/1/1469 44/1/1469 993/1/1469
f 11/1/971 1046/1/971 1045/1/971
f 998/1/1470 1046/1/1470 11/1/1470
f 11/1/1471 15/1/1471 1001/1/1471
f 1001/1/1472 1000/1/1472 999/1/1472
f 999/1/1472 998/1/1472 11/1/1472
f 984/1/1473 113/1/1473 138/1/1473
f 1205/1/988 1204/1/988 129/1/988
f 129/1/988 127/1/988 1207/1/988
f 1207/1/1369 1203/1/1369 1206/1/1369
f 1206/1/990 1205/1/990 129/1/990
f 1209/1/943 1210/1/943 126/1/943
f 126/1/1474 124/1/1474 1213/1/1474
f 1213/1/925 1208/1/925 1212/1/925
f 1212/1/1475 1211/1/1475 1209/1/1475
f 1209/1/990 126/1/990 1213/1/990
f 1215/1/1476 1207/1/1476 127/1/1476
f 127/1/984 126/1/984 1210/1/984
f 1216/1/984 1215/1/984 127/1/984
f 1217/1/984 118/1/984 114/1/984
f 114/1/984 1219/1/984 1218/1/984
f 1220/1/984 117/1/984 118/1/984
f 118/1/943 1217/1/943 1221/1/943
f 1224/1/984 75/1/984 117/1/984
f 117/1/1477 1220/1/1477 1222/1/1477
f 1223/1/996 1224/1/996 117/1/996
f 1226/1/996 72/1/996 75/1/996
f 75/1/1478 1224/1/1478 1227/1/1478
f 1227/1/1479 1228/1/1479 1225/1/1479
f 1225/1/984 1226/1/984 75/1/984
f 1229/1/1480 1230/1/1480 72/1/1480
f 72/1/984 1226/1/984 1233/1/984
f 1233/1/1481 1234/1/1481 1229/1/1481
f 1237/1/1482 1195/1/1482 72/1/1482
f 72/1/994 1230/1/994 1236/1/994
f 1236/1/1483 1238/1/1483 1237/1/1483
f 1242/1/984 71/1/984 941/1/984
f 941/1/984 1090/1/984 1243/1/984
f 1219/1/984 114/1/984 133/1/984
f 133/1/984 1245/1/984 1246/1/984
f 131/1/988 129/1/988 1204/1/988
f 1204/1/1484 1248/1/1484 1247/1/1484
f 1247/1/985 1157/1/985 131/1/985
f 1245/1/984 133/1/984 131/1/984
f 131/1/1476 1155/1/1476 1250/1/1476
f 1250/1/1485 1249/1/1485 1245/1/1485
f 942/1/157 940/1/157 950/1/157
f 1251/1/46 1252/1/46 113/1/46
f 113/1/26 1165/1/26 1254/1/26
f 1254/1/1486 1253/1/1486 1251/1/1486
f 113/1/334 1252/1/334 1255/1/334
f 1259/1/329 1258/1/329 1173/1/329
f 113/1/1487 1255/1/1487 1256/1/1487
f 113/1/1488 1256/1/1488 1257/1/1488
f 1259/1/197 1173/1/197 113/1/197
f 27/342/1002 1261/618/1002 1260/343/1002
f 1261/347/1002 27/619/1002 7/267/1002
f 7/267/1057 1262/345/1057 1263/346/1057
f 1264/349/1058 20/348/1058 15/351/1058
f 15/351/1489 1180/268/1489 1265/352/1489
f 1183/355/1490 11/620/1490 23/353/1490
f 23/353/1004 1267/356/1004 1266/354/1004
f 1184/276/925 1268/621/925 1267/356/925
f 1267/356/931 23/353/931 44/357/931
f 1269/358/932 1185/275/932 44/274/932
f 44/274/932 48/277/932 1186/279/932
f 1189/359/1491 1270/622/1491 1188/281/1491
f 1188/281/1005 48/277/1005 53/283/1005
f 1040/360/1492 1069/623/1492 1271/361/1492
f 1271/363/1416 1069/624/1416 1068/291/1416
f 75/297/1493 1078/366/1493 1073/367/1493
f 1019/370/1494 1016/625/1494 1015/626/1494
f 973/368/1495 974/315/1495 133/314/1495
f 1019/370/1008 1015/626/1008 973/368/1008
f 118/369/1496 1018/627/1496 1019/370/1496
f 973/368/1008 133/314/1008 118/369/1008
f 972/371/329 968/628/329 969/372/329
f 969/372/296 131/320/296 133/314/296
f 133/314/1497 975/313/1497 972/371/1497
f 965/629/295 966/323/295 131/320/295
f 131/320/1498 971/630/1498 970/373/1498
f 964/374/324 965/629/324 131/320/324
f 961/375/294 127/327/294 129/322/294
f 126/377/1499 957/631/1499 951/378/1499
f 126/377/293 127/327/293 958/380/293
f 124/331/423 126/632/423 953/382/423
f 1214/386/1500 124/633/1500 952/384/1500
f 952/384/1501 1138/634/1501 1272/385/1501
f 1059/389/1502 100/635/1502 1057/387/1502
f 1057/387/1503 1150/636/1503 1273/388/1503
f 1273/388/1504 1152/637/1504 1059/389/1504
f 37/393/283 1200/638/283 1274/394/283
f 33/396/1067 29/469/1067 1202/397/1067
f 985/1/1505 986/1/1505 138/1/1505
f 138/1/1506 947/1/1506 946/1/1506
f 1185/1/320 1269/1/320 28/1/320
f 28/1/321 12/1/321 1268/1/321
f 1268/1/1507 1184/1/1507 1185/1/1507
f 1258/1/321 77/1/321 1135/1/321
f 1135/1/320 1136/1/320 1173/1/320
f 1091/1/984 49/1/984 52/1/984
f 96/1/984 93/1/984 1113/1/984
f 1093/1/1508 1094/1/1508 40/1/1508
f 40/1/158 26/1/158 1160/1/158
f 1160/1/1509 1164/1/1509 1231/1/1509
f 1231/1/1510 1232/1/1510 1235/1/1510
f 1235/1/1511 1239/1/1511 1240/1/1511
f 40/1/1508 1160/1/1508 1231/1/1508
f 1243/1/157 1093/1/157 40/1/157
f 1242/1/158 1243/1/158 40/1/158
f 40/1/1508 1231/1/1508 1235/1/1508
f 1235/1/1512 1240/1/1512 1241/1/1512
f 1241/1/800 1244/1/800 1242/1/800
f 1242/1/158 40/1/158 1235/1/158
f 1133/1/197 1134/1/197 77/1/197
f 77/1/1513 1129/1/1513 1128/1/1513
f 1128/1/1514 1130/1/1514 1132/1/1514
f 1131/1/1515 1137/1/1515 1133/1/1515
f 1128/1/1516 1132/1/1516 1131/1/1516
f 1131/1/197 1133/1/197 77/1/197
f 1237/639/1517 63/416/1517 58/419/1517
f 58/419/1518 36/418/1518 1194/420/1518
f 1195/421/1519 1237/639/1519 58/419/1519
f 1148/422/1520 1147/640/1520 1271/641/1520
f 1271/641/1521 1196/642/1521 1194/423/1521
f 1194/423/936 36/598/936 1153/424/936
f 1148/422/1522 1271/641/1522 1194/423/1522
f 1233/428/558 42/643/558 63/425/558
f 1226/434/1422 1225/430/1422 45/432/1422
f 45/432/1027 42/643/1027 1233/433/1027
f 80/435/567 45/432/567 1223/436/567
f 82/311/1425 80/435/1425 1222/438/1425
f 1220/439/596 1221/644/596 82/311/596
f 82/311/941 1221/644/941 1217/440/941
f 94/314/1523 1246/645/1523 1245/442/1523
f 93/446/296 1250/491/296 1155/447/296
f 1247/450/295 91/646/295 93/320/295
f 93/320/295 1158/494/295 1157/449/295
f 1143/461/1524 1146/647/1524 86/459/1524
f 86/459/1030 83/648/1030 1208/649/1030
f 1208/649/1525 1213/650/1525 1214/460/1525
f 1214/460/1526 1272/651/1526 1143/461/1526
f 86/459/1030 1208/649/1030 1214/460/1030
f 36/1/1527 1193/1/1527 1154/1/1527
f 1191/1/1528 1193/1/1528 36/1/1528
f 36/1/321 31/1/321 1192/1/321
f 77/1/334 1255/1/334 1252/1/334
f 64/1/1529 1151/1/1529 1152/1/1529
f 1140/1/321 1142/1/321 64/1/321
f 64/1/1046 1273/1/1046 1150/1/1046
f 1150/1/925 1149/1/925 1140/1/925
f 1200/1/321 1199/1/321 18/1/321
f 18/1/556 19/1/556 1274/1/556
f 1141/1/334 1197/1/334 1274/1/334
f 1274/1/528 19/1/528 64/1/528
f 64/1/1047 1142/1/1047 1141/1/1047
f 1165/1/321 1166/1/321 26/1/321
f 26/1/556 77/1/556 1254/1/556
f 1260/1/1530 1261/1/1530 1263/1/1530
f 1263/1/321 3/1/321 13/1/321
f 1175/1/1531 1174/1/1531 1260/1/1531
f 1260/1/321 13/1/321 16/1/321
f 16/1/1532 1201/1/1532 1175/1/1532
f 1202/1/528 1201/1/528 16/1/528
f 16/1/503 18/1/503 1199/1/503
f 1199/1/1533 1198/1/1533 1202/1/1533
f 1264/1/503 1265/1/503 8/1/503
f 8/1/321 9/1/321 1179/1/321
f 1179/1/1534 1178/1/1534 1264/1/1534
f 2/1/321 1177/1/321 1179/1/321
f 1176/1/321 1177/1/321 2/1/321
f 2/1/320 3/1/320 1263/1/320
f 1263/1/1535 1262/1/1535 1176/1/1535
f 1267/1/320 1268/1/320 12/1/320
f 1190/1/503 1192/1/503 31/1/503
f 31/1/321 30/1/321 1270/1/321
f 1270/1/1536 1189/1/1536 1190/1/1536
f 1188/1/321 1270/1/321 30/1/321
f 30/1/321 28/1/321 1269/1/321
f 1269/1/944 1186/1/944 1187/1/944
f 1187/1/320 1188/1/320 30/1/320
f 1266/1/321 12/1/321 6/1/321
f 6/1/1537 1181/1/1537 1182/1/1537
f 1183/1/321 1266/1/321 6/1/321
f 1181/1/321 6/1/321 8/1/321
f 8/1/1529 1265/1/1529 1180/1/1529
f 91/1/984 90/1/984 1115/1/984
f 89/1/996 88/1/996 1119/1/996
f 88/1/984 83/1/984 1120/1/984
f 90/1/984 89/1/984 1118/1/984
f 83/1/984 86/1/984 1117/1/984
f 1110/1/984 1116/1/984 84/1/984
f 84/1/984 1095/1/984 1089/1/984
f 1100/1/1538 1101/1/1538 1102/1/1538
f 84/1/984 1089/1/984 1100/1/984
f 1109/1/1539 1110/1/1539 84/1/1539
f 1108/1/988 1109/1/988 84/1/988
f 84/1/1476 1100/1/1476 1102/1/1476
f 1102/1/1540 1103/1/1540 1104/1/1540
f 1104/1/1541 1105/1/1541 1106/1/1541
f 1107/1/984 1108/1/984 84/1/984
f 1104/1/324 1106/1/324 1107/1/324
f 84/1/988 1102/1/988 1104/1/988
f 86/1/996 84/1/996 1116/1/996
f 1095/1/996 84/1/996 24/1/996
f 1096/1/984 24/1/984 22/1/984
f 1097/1/984 22/1/984 57/1/984
f 1098/1/984 57/1/984 47/1/984
f 40/1/984 1094/1/984 1092/1/984
f 1099/1/984 47/1/984 49/1/984
f 93/1/984 91/1/984 1114/1/984
f 1125/1/1542 1126/1/1542 96/1/1542
f 96/1/990 1111/1/990 1112/1/990
f 1112/1/1543 1121/1/1543 1122/1/1543
f 1122/1/1544 1123/1/1544 1124/1/1544
f 1124/1/1545 1125/1/1545 96/1/1545
f 96/1/984 1112/1/984 1122/1/984
f 1129/1/197 77/1/197 96/1/197
f 96/1/1546 1126/1/1546 1127/1/1546
f 1230/482/1547 1229/652/1547 63/425/1547
f 45/432/567 1227/487/567 1224/488/567
f 1219/490/1008 1246/653/1008 94/314/1008
f 94/314/1008 82/654/1008 1218/489/1008
f 1250/491/296 93/320/296 94/492/296
f 1204/498/294 1205/497/294 90/327/294
f 90/327/294 91/452/294 1248/451/294
f 1207/502/293 1215/655/293 89/377/293
f 89/377/293 90/327/293 1203/501/293
f 1210/504/1548 1209/656/1548 88/331/1548
f 88/331/423 89/632/423 1216/503/423
f 83/505/423 88/633/423 1211/506/423
f 1138/511/1549 1139/512/1549 1144/512/1549
f 1144/512/1550 1143/657/1550 1272/513/1550
f 86/459/1551 1146/647/1551 1145/515/1551
f 1145/515/1066 1151/658/1066 64/514/1066
