ISO-10303-21;
HEADER;
FILE_DESCRIPTION(('FreeCAD Model'),'2;1');
FILE_NAME('Open CASCADE Shape Model','2026-08-13T02:37:03',('FreeCAD'),(
    'FreeCAD'),'Open CASCADE STEP processor 7.8','FreeCAD','Unknown');
FILE_SCHEMA(('AUTOMOTIVE_DESIGN { 1 0 10303 214 1 1 1 1 }'));
ENDSEC;
DATA;
#1 = APPLICATION_PROTOCOL_DEFINITION('international standard',
  'automotive_design',2000,#2);
#2 = APPLICATION_CONTEXT(
  'core data for automotive mechanical design processes');
#3 = SHAPE_DEFINITION_REPRESENTATION(#4,#10);
#4 = PRODUCT_DEFINITION_SHAPE('','',#5);
#5 = PRODUCT_DEFINITION('design','',#6,#9);
#6 = PRODUCT_DEFINITION_FORMATION('','',#7);
#7 = PRODUCT('Open CASCADE STEP translator 7.8 3',
  'Open CASCADE STEP translator 7.8 3','',(#8));
#8 = PRODUCT_CONTEXT('',#2,'mechanical');
#9 = PRODUCT_DEFINITION_CONTEXT('part definition',#2,'design');
#10 = ADVANCED_BREP_SHAPE_REPRESENTATION('',(#11,#15),#13861);
#11 = AXIS2_PLACEMENT_3D('',#12,#13,#14);
#12 = CARTESIAN_POINT('',(0.,0.,0.));
#13 = DIRECTION('',(0.,0.,1.));
#14 = DIRECTION('',(1.,0.,-0.));
#15 = MANIFOLD_SOLID_BREP('',#16);
#16 = CLOSED_SHELL('',(#17,#57,#80,#111,#143,#198,#221,#252,#275,#306,
    #337,#368,#399,#430,#461,#492,#523,#554,#585,#640,#671,#694,#726,
    #749,#772,#795,#818,#841,#872,#895,#918,#941,#972,#988,#1011,#1034,
    #1057,#1081,#1112,#1135,#1151,#1174,#1190,#1214,#1238,#1261,#1284,
    #1305,#1328,#1344,#1367,#1398,#1421,#1444,#1461,#1484,#1507,#1523,
    #1539,#1555,#1571,#1594,#1610,#1633,#1656,#1672,#1695,#1711,#1727,
    #1748,#1764,#1786,#1797,#1828,#1844,#1867,#1898,#1914,#1930,#1946,
    #1962,#1985,#2008,#2032,#2048,#2064,#2075,#2096,#2127,#2408,#2432,
    #2456,#2479,#2503,#2514,#2537,#2560,#2576,#2599,#2622,#2638,#2654,
    #2677,#2699,#2710,#2753,#2776,#2823,#3047,#3184,#3213,#3237,#3259,
    #3281,#3303,#3327,#3351,#3375,#3399,#3423,#3447,#3471,#3493,#3509,
    #3526,#3550,#3574,#3591,#3615,#3639,#3663,#3687,#3711,#3735,#3759,
    #3781,#3792,#3815,#3838,#3861,#3877,#3888,#3899,#3922,#3938,#3961,
    #3984,#4000,#4012,#4028,#4076,#4092,#4108,#4131,#4162,#4312,#4329,
    #4362,#4386,#4410,#4434,#4458,#4482,#4506,#4530,#4554,#4578,#4602,
    #4626,#4642,#4666,#4690,#4714,#4738,#4762,#4786,#4810,#4834,#4858,
    #4882,#4913,#4924,#4955,#4995,#5019,#5043,#5067,#5091,#5115,#5139,
    #5155,#5179,#5203,#5227,#5251,#5275,#5316,#5339,#5363,#5379,#5402,
    #5418,#5439,#5455,#5476,#5497,#5520,#5543,#5566,#5587,#5603,#5614,
    #5625,#5641,#5662,#5686,#5702,#5718,#5734,#5750,#5766,#5783,#5806,
    #5831,#5855,#5895,#5934,#5955,#5986,#6002,#6025,#6042,#6073,#6105,
    #6127,#6143,#6174,#6238,#6261,#6284,#6315,#6338,#6361,#6384,#6407,
    #6430,#6453,#6469,#6492,#6515,#6538,#6554,#6577,#6593,#6624,#6648,
    #6671,#6687,#6710,#6732,#6753,#6771,#6794,#6816,#6839,#6860,#6876,
    #6899,#6922,#6946,#6969,#6992,#7015,#7038,#7054,#7077,#7089,#7105,
    #7116,#7137,#7148,#7164,#7175,#7186,#7207,#7229,#7240,#7251,#7274,
    #7331,#7362,#7386,#7409,#7425,#7448,#7471,#7487,#7518,#7542,#7566,
    #7590,#7614,#7630,#7653,#7676,#7700,#7724,#7756,#7772,#7803,#7820,
    #7837,#7855,#7878,#7899,#7922,#7939,#7956,#7980,#7996,#8017,#8040,
    #8064,#8080,#8096,#8112,#8128,#8144,#8167,#8190,#8213,#8229,#8245,
    #8261,#8284,#8307,#8330,#8346,#8369,#8385,#8401,#8417,#8433,#8449,
    #8472,#8495,#8518,#8534,#8557,#8580,#8603,#8626,#8649,#8672,#8695,
    #8711,#8727,#8743,#8759,#8780,#8796,#8817,#8833,#8849,#8872,#8893,
    #8917,#8940,#8956,#8977,#8988,#9004,#9027,#9051,#9075,#9092,#9114,
    #9125,#9146,#9169,#9192,#9215,#9238,#9254,#9270,#9286,#9307,#9323,
    #9339,#9362,#9385,#9408,#9429,#9445,#9474,#9485,#9496,#9507,#9528,
    #9549,#9572,#9588,#9604,#9627,#9643,#9659,#9675,#9691,#9712,#9723,
    #9744,#9760,#9781,#9797,#9813,#9829,#9840,#9856,#9867,#9883,#9899,
    #9922,#9938,#9961,#9984,#10000,#10016,#10039,#10055,#10078,#10101,
    #10124,#10147,#10170,#10186,#10202,#10213,#10224,#10235,#10246,
    #10262,#10285,#10308,#10325,#10341,#10372,#10395,#10418,#10441,
    #10457,#10473,#10494,#10505,#10516,#10532,#10555,#10578,#10601,
    #10617,#10628,#10659,#10682,#10698,#10714,#10735,#10758,#10774,
    #10785,#10796,#10807,#10830,#10846,#10868,#10880,#10901,#10924,
    #10947,#10963,#10986,#11008,#11031,#11048,#11071,#11094,#11117,
    #11139,#11150,#11166,#11189,#11212,#11235,#11258,#11280,#11291,
    #11314,#11337,#11360,#11383,#11414,#11430,#11446,#11462,#11478,
    #11501,#11532,#11555,#11571,#11595,#11611,#11627,#11638,#11649,
    #11665,#11681,#11692,#11715,#11738,#11754,#11777,#11793,#11809,
    #11832,#11855,#11871,#11894,#11917,#11934,#11950,#11966,#11982,
    #12005,#12021,#12044,#12068,#12091,#12122,#12143,#12164,#12186,
    #12207,#12223,#12239,#12250,#12261,#12285,#12302,#12318,#12349,
    #12372,#12396,#12412,#12433,#12444,#12467,#12490,#12506,#12522,
    #12538,#12561,#12584,#12605,#12621,#12642,#12658,#12681,#12698,
    #12709,#12720,#12741,#12752,#12775,#12791,#12802,#12818,#12849,
    #12865,#12896,#12912,#12928,#12951,#12974,#12990,#13013,#13029,
    #13045,#13061,#13077,#13088,#13109,#13126,#13149,#13165,#13188,
    #13211,#13227,#13243,#13259,#13276,#13292,#13313,#13324,#13347,
    #13363,#13386,#13397,#13408,#13424,#13447,#13470,#13491,#13502,
    #13518,#13541,#13557,#13573,#13589,#13612,#13635,#13651,#13667,
    #13683,#13700,#13716,#13728,#13762,#13778,#13790,#13815,#13828,
    #13848));
#17 = ADVANCED_FACE('',(#18),#52,.T.);
#18 = FACE_BOUND('',#19,.F.);
#19 = EDGE_LOOP('',(#20,#30,#38,#46));
#20 = ORIENTED_EDGE('',*,*,#21,.T.);
#21 = EDGE_CURVE('',#22,#24,#26,.T.);
#22 = VERTEX_POINT('',#23);
#23 = CARTESIAN_POINT('',(-103.7419586181,91.154090881348,
    178.89051818847));
#24 = VERTEX_POINT('',#25);
#25 = CARTESIAN_POINT('',(-96.853337399,88.45204200871,177.69018158015)
  );
#26 = LINE('',#27,#28);
#27 = CARTESIAN_POINT('',(-103.7419586181,91.154090881348,
    178.89051818847));
#28 = VECTOR('',#29,1.);
#29 = DIRECTION('',(0.918932257604,-0.360449580999,-0.160123719333));
#30 = ORIENTED_EDGE('',*,*,#31,.T.);
#31 = EDGE_CURVE('',#24,#32,#34,.T.);
#32 = VERTEX_POINT('',#33);
#33 = CARTESIAN_POINT('',(-42.18240737915,65.744613647461,
    168.32814025878));
#34 = LINE('',#35,#36);
#35 = CARTESIAN_POINT('',(-103.6873931884,91.290550231934,
    178.86047363281));
#36 = VECTOR('',#37,1.);
#37 = DIRECTION('',(0.912172688098,-0.378868563867,-0.15620370803));
#38 = ORIENTED_EDGE('',*,*,#39,.F.);
#39 = EDGE_CURVE('',#40,#32,#42,.T.);
#40 = VERTEX_POINT('',#41);
#41 = CARTESIAN_POINT('',(-104.178451538,90.062454223633,179.13093566894
    ));
#42 = LINE('',#43,#44);
#43 = CARTESIAN_POINT('',(-104.178451538,90.062454223633,179.13093566894
    ));
#44 = VECTOR('',#45,1.);
#45 = DIRECTION('',(0.918932257604,-0.360449580999,-0.160123719333));
#46 = ORIENTED_EDGE('',*,*,#47,.T.);
#47 = EDGE_CURVE('',#40,#22,#48,.T.);
#48 = LINE('',#49,#50);
#49 = CARTESIAN_POINT('',(-104.178451538,90.062454223633,179.13093566894
    ));
#50 = VECTOR('',#51,1.);
#51 = DIRECTION('',(0.363746145124,0.909698794891,-0.200341819101));
#52 = PLANE('',#53);
#53 = AXIS2_PLACEMENT_3D('',#54,#55,#56);
#54 = CARTESIAN_POINT('',(-73.36363758207,78.333994515495,
    173.71479312591));
#55 = DIRECTION('',(0.218038604187,0.125949247726,0.967778876646));
#56 = DIRECTION('',(0.97554746714,0.,-0.219788851758));
#57 = ADVANCED_FACE('',(#58),#75,.T.);
#58 = FACE_BOUND('',#59,.F.);
#59 = EDGE_LOOP('',(#60,#68,#74));
#60 = ORIENTED_EDGE('',*,*,#61,.T.);
#61 = EDGE_CURVE('',#24,#62,#64,.T.);
#62 = VERTEX_POINT('',#63);
#63 = CARTESIAN_POINT('',(-41.74591445922,66.836250305176,
    168.08772277832));
#64 = LINE('',#65,#66);
#65 = CARTESIAN_POINT('',(-103.7419586181,91.154090881348,
    178.89051818847));
#66 = VECTOR('',#67,1.);
#67 = DIRECTION('',(0.918932257604,-0.360449580999,-0.160123719333));
#68 = ORIENTED_EDGE('',*,*,#69,.F.);
#69 = EDGE_CURVE('',#32,#62,#70,.T.);
#70 = LINE('',#71,#72);
#71 = CARTESIAN_POINT('',(-42.18240737915,65.744613647461,
    168.32814025878));
#72 = VECTOR('',#73,1.);
#73 = DIRECTION('',(0.363743693296,0.90969972991,-0.200342025019));
#74 = ORIENTED_EDGE('',*,*,#31,.F.);
#75 = PLANE('',#76);
#76 = AXIS2_PLACEMENT_3D('',#77,#78,#79);
#77 = CARTESIAN_POINT('',(-72.50616425556,78.701169478528,
    173.47382081984));
#78 = DIRECTION('',(0.218038818006,0.125949812697,0.967778754946));
#79 = DIRECTION('',(0.975547415,-3.469446951954E-18,-0.219789083185));
#80 = ADVANCED_FACE('',(#81),#106,.T.);
#81 = FACE_BOUND('',#82,.F.);
#82 = EDGE_LOOP('',(#83,#91,#99,#105));
#83 = ORIENTED_EDGE('',*,*,#84,.F.);
#84 = EDGE_CURVE('',#85,#40,#87,.T.);
#85 = VERTEX_POINT('',#86);
#86 = CARTESIAN_POINT('',(-102.6458053588,89.243515014648,
    178.14082336425));
#87 = LINE('',#88,#89);
#88 = CARTESIAN_POINT('',(-102.6458053588,89.243515014648,
    178.14082336425));
#89 = VECTOR('',#90,1.);
#90 = DIRECTION('',(-0.766324228117,0.409470212836,0.495056887843));
#91 = ORIENTED_EDGE('',*,*,#92,.T.);
#92 = EDGE_CURVE('',#85,#93,#95,.T.);
#93 = VERTEX_POINT('',#94);
#94 = CARTESIAN_POINT('',(-102.2093124389,90.335151672363,
    177.90040588378));
#95 = LINE('',#96,#97);
#96 = CARTESIAN_POINT('',(-102.6458053588,89.243515014648,
    178.14082336425));
#97 = VECTOR('',#98,1.);
#98 = DIRECTION('',(0.363746145124,0.909698794891,-0.200341819101));
#99 = ORIENTED_EDGE('',*,*,#100,.T.);
#100 = EDGE_CURVE('',#93,#22,#101,.T.);
#101 = LINE('',#102,#103);
#102 = CARTESIAN_POINT('',(-102.2093124389,90.335151672363,
    177.90040588378));
#103 = VECTOR('',#104,1.);
#104 = DIRECTION('',(-0.766324228117,0.409470212836,0.495056887843));
#105 = ORIENTED_EDGE('',*,*,#47,.F.);
#106 = PLANE('',#107);
#107 = AXIS2_PLACEMENT_3D('',#108,#109,#110);
#108 = CARTESIAN_POINT('',(-103.1665992736,90.267032623291,
    178.50064849853));
#109 = DIRECTION('',(-0.532394520624,2.654863659022E-02,-0.846079927846)
  );
#110 = DIRECTION('',(-0.846378256861,1.734723475977E-18,0.532582243707)
  );
#111 = ADVANCED_FACE('',(#112),#138,.T.);
#112 = FACE_BOUND('',#113,.F.);
#113 = EDGE_LOOP('',(#114,#124,#132));
#114 = ORIENTED_EDGE('',*,*,#115,.F.);
#115 = EDGE_CURVE('',#116,#118,#120,.T.);
#116 = VERTEX_POINT('',#117);
#117 = CARTESIAN_POINT('',(-37.0899772644,78.480400085449,
    165.52334594726));
#118 = VERTEX_POINT('',#119);
#119 = CARTESIAN_POINT('',(-65.98645397105,89.710921006822,
    170.2129925477));
#120 = LINE('',#121,#122);
#121 = CARTESIAN_POINT('',(-37.0899772644,78.480400085449,
    165.52334594726));
#122 = VECTOR('',#123,1.);
#123 = DIRECTION('',(-0.921596462483,0.358175443257,0.14956708256));
#124 = ORIENTED_EDGE('',*,*,#125,.T.);
#125 = EDGE_CURVE('',#116,#126,#128,.T.);
#126 = VERTEX_POINT('',#127);
#127 = CARTESIAN_POINT('',(-65.5963807303,89.661987302639,
    170.49057972321));
#128 = LINE('',#129,#130);
#129 = CARTESIAN_POINT('',(-37.0899772644,78.480400085449,
    165.52334594726));
#130 = VECTOR('',#131,1.);
#131 = DIRECTION('',(-0.918932257604,0.360449580999,0.160123719333));
#132 = ORIENTED_EDGE('',*,*,#133,.F.);
#133 = EDGE_CURVE('',#118,#126,#134,.T.);
#134 = LINE('',#135,#136);
#135 = CARTESIAN_POINT('',(-66.52631704836,89.778645468194,
    169.82881067841));
#136 = VECTOR('',#137,1.);
#137 = DIRECTION('',(0.810533543126,-0.101679388605,0.576798645456));
#138 = PLANE('',#139);
#139 = AXIS2_PLACEMENT_3D('',#140,#141,#142);
#140 = CARTESIAN_POINT('',(-68.16341783625,90.614405589482,
    170.75693309462));
#141 = DIRECTION('',(0.30937411885,0.910541731491,-0.274228754507));
#142 = DIRECTION('',(0.946839299479,-0.321706917802,0.));
#143 = ADVANCED_FACE('',(#144),#193,.T.);
#144 = FACE_BOUND('',#145,.F.);
#145 = EDGE_LOOP('',(#146,#156,#164,#172,#178,#179,#187));
#146 = ORIENTED_EDGE('',*,*,#147,.F.);
#147 = EDGE_CURVE('',#148,#150,#152,.T.);
#148 = VERTEX_POINT('',#149);
#149 = CARTESIAN_POINT('',(-65.34309560546,89.681915124512,
    170.64597346191));
#150 = VERTEX_POINT('',#151);
#151 = CARTESIAN_POINT('',(-66.79807454834,86.043121179199,
    171.44733454589));
#152 = LINE('',#153,#154);
#153 = CARTESIAN_POINT('',(-65.34309560546,89.681915124512,
    170.64597346191));
#154 = VECTOR('',#155,1.);
#155 = DIRECTION('',(-0.363745137116,-0.909699490194,0.200340492075));
#156 = ORIENTED_EDGE('',*,*,#157,.T.);
#157 = EDGE_CURVE('',#148,#158,#160,.T.);
#158 = VERTEX_POINT('',#159);
#159 = CARTESIAN_POINT('',(-65.95546132812,89.823905786133,
    170.17887141113));
#160 = LINE('',#161,#162);
#161 = CARTESIAN_POINT('',(-65.34309560546,89.681915124512,
    170.64597346191));
#162 = VECTOR('',#163,1.);
#163 = DIRECTION('',(-0.781917855492,0.18130510825,-0.596433504244));
#164 = ORIENTED_EDGE('',*,*,#165,.T.);
#165 = EDGE_CURVE('',#158,#166,#168,.T.);
#166 = VERTEX_POINT('',#167);
#167 = CARTESIAN_POINT('',(-65.99996096714,89.712615504001,
    170.20338054862));
#168 = LINE('',#169,#170);
#169 = CARTESIAN_POINT('',(-65.95546132812,89.823905786133,
    170.17887141113));
#170 = VECTOR('',#171,1.);
#171 = DIRECTION('',(-0.363745137116,-0.909699490194,0.200340492075));
#172 = ORIENTED_EDGE('',*,*,#173,.T.);
#173 = EDGE_CURVE('',#166,#118,#174,.T.);
#174 = LINE('',#175,#176);
#175 = CARTESIAN_POINT('',(-66.37319829274,89.759439356664,
    169.93777324379));
#176 = VECTOR('',#177,1.);
#177 = DIRECTION('',(0.810532094733,-0.101683922748,0.576799881468));
#178 = ORIENTED_EDGE('',*,*,#133,.T.);
#179 = ORIENTED_EDGE('',*,*,#180,.T.);
#180 = EDGE_CURVE('',#126,#181,#183,.T.);
#181 = VERTEX_POINT('',#182);
#182 = CARTESIAN_POINT('',(-67.02257073136,86.095175630289,
    171.27609271507));
#183 = LINE('',#184,#185);
#184 = CARTESIAN_POINT('',(-67.12866505539,85.829840385306,
    171.33452705399));
#185 = VECTOR('',#186,1.);
#186 = DIRECTION('',(-0.363743576128,-0.909699852134,0.200341682764));
#187 = ORIENTED_EDGE('',*,*,#188,.T.);
#188 = EDGE_CURVE('',#181,#150,#189,.T.);
#189 = LINE('',#190,#191);
#190 = CARTESIAN_POINT('',(-67.41044027099,86.18511184082,
    170.98023249511));
#191 = VECTOR('',#192,1.);
#192 = DIRECTION('',(0.781917855492,-0.18130510825,0.596433504244));
#193 = PLANE('',#194);
#194 = AXIS2_PLACEMENT_3D('',#195,#196,#197);
#195 = CARTESIAN_POINT('',(-66.37676793823,87.933513482666,
    170.81310297851));
#196 = DIRECTION('',(0.506252500148,-0.373599594716,-0.777259125982));
#197 = DIRECTION('',(-0.837933855614,2.775557561563E-17,-0.545771796281)
  );
#198 = ADVANCED_FACE('',(#199),#216,.T.);
#199 = FACE_BOUND('',#200,.F.);
#200 = EDGE_LOOP('',(#201,#209,#215));
#201 = ORIENTED_EDGE('',*,*,#202,.T.);
#202 = EDGE_CURVE('',#181,#203,#205,.T.);
#203 = VERTEX_POINT('',#204);
#204 = CARTESIAN_POINT('',(-67.07655320719,86.118762698539,
    171.2851851738));
#205 = LINE('',#206,#207);
#206 = CARTESIAN_POINT('',(-68.42597135049,86.708376593713,
    171.51247242949));
#207 = VECTOR('',#208,1.);
#208 = DIRECTION('',(-0.905622559408,0.395702138332,0.152537200742));
#209 = ORIENTED_EDGE('',*,*,#210,.T.);
#210 = EDGE_CURVE('',#203,#150,#211,.T.);
#211 = LINE('',#212,#213);
#212 = CARTESIAN_POINT('',(-68.10456258544,86.397994836426,
    170.68660761718));
#213 = VECTOR('',#214,1.);
#214 = DIRECTION('',(0.841312115717,-0.228520659121,0.48986960745));
#215 = ORIENTED_EDGE('',*,*,#188,.F.);
#216 = PLANE('',#217);
#217 = AXIS2_PLACEMENT_3D('',#218,#219,#220);
#218 = CARTESIAN_POINT('',(-67.44105528917,86.211658447531,
    171.04519314538));
#219 = DIRECTION('',(-0.363742784724,-0.909702859976,0.200329461421));
#220 = DIRECTION('',(-0.928525380158,0.371268930026,0.));
#221 = ADVANCED_FACE('',(#222),#247,.T.);
#222 = FACE_BOUND('',#223,.F.);
#223 = EDGE_LOOP('',(#224,#232,#240,#246));
#224 = ORIENTED_EDGE('',*,*,#225,.T.);
#225 = EDGE_CURVE('',#203,#226,#228,.T.);
#226 = VERTEX_POINT('',#227);
#227 = CARTESIAN_POINT('',(-67.43075734805,86.273533703973,
    171.34484433947));
#228 = LINE('',#229,#230);
#229 = CARTESIAN_POINT('',(-68.26958712244,86.640063940618,
    171.48612976982));
#230 = VECTOR('',#231,1.);
#231 = DIRECTION('',(-0.905617967742,0.395713621715,0.152534671768));
#232 = ORIENTED_EDGE('',*,*,#233,.T.);
#233 = EDGE_CURVE('',#226,#234,#236,.T.);
#234 = VERTEX_POINT('',#235);
#235 = CARTESIAN_POINT('',(-65.97708303222,86.00501998291,
    172.76493098144));
#236 = LINE('',#237,#238);
#237 = CARTESIAN_POINT('',(-68.10456258544,86.397994836426,
    170.68660761718));
#238 = VECTOR('',#239,1.);
#239 = DIRECTION('',(0.709158807379,-0.130991425054,0.692773435172));
#240 = ORIENTED_EDGE('',*,*,#241,.F.);
#241 = EDGE_CURVE('',#150,#234,#242,.T.);
#242 = LINE('',#243,#244);
#243 = CARTESIAN_POINT('',(-66.79807454834,86.043121179199,
    171.44733454589));
#244 = VECTOR('',#245,1.);
#245 = DIRECTION('',(0.52867833303,-2.453530462278E-02,0.84846758277));
#246 = ORIENTED_EDGE('',*,*,#210,.F.);
#247 = PLANE('',#248);
#248 = AXIS2_PLACEMENT_3D('',#249,#250,#251);
#249 = CARTESIAN_POINT('',(-66.97908427409,86.161224632846,
    171.65495381237));
#250 = DIRECTION('',(-0.363750812584,-0.909695898557,0.200346496086));
#251 = DIRECTION('',(-0.928521575948,0.371278444026,1.387778780781E-17)
  );
#252 = ADVANCED_FACE('',(#253),#270,.T.);
#253 = FACE_BOUND('',#254,.F.);
#254 = EDGE_LOOP('',(#255,#263,#269));
#255 = ORIENTED_EDGE('',*,*,#256,.T.);
#256 = EDGE_CURVE('',#226,#257,#259,.T.);
#257 = VERTEX_POINT('',#258);
#258 = CARTESIAN_POINT('',(-69.71668563265,87.272355291617,
    171.72987005683));
#259 = LINE('',#260,#261);
#260 = CARTESIAN_POINT('',(-68.90856952646,86.919254182707,
    171.59375665135));
#261 = VECTOR('',#262,1.);
#262 = DIRECTION('',(-0.905621271061,0.395705360426,0.152536491147));
#263 = ORIENTED_EDGE('',*,*,#264,.T.);
#264 = EDGE_CURVE('',#257,#234,#265,.T.);
#265 = LINE('',#266,#267);
#266 = CARTESIAN_POINT('',(-70.73746663818,87.618293603516,
    171.44733454589));
#267 = VECTOR('',#268,1.);
#268 = DIRECTION('',(0.916136859179,-0.310474858776,0.253571720274));
#269 = ORIENTED_EDGE('',*,*,#233,.F.);
#270 = PLANE('',#271);
#271 = AXIS2_PLACEMENT_3D('',#272,#273,#274);
#272 = CARTESIAN_POINT('',(-68.28956058679,86.700816258646,
    171.72577185067));
#273 = DIRECTION('',(-0.363744029214,-0.909700324457,0.200338715415));
#274 = DIRECTION('',(-0.928524585532,0.37127091734,0.));
#275 = ADVANCED_FACE('',(#276),#301,.T.);
#276 = FACE_BOUND('',#277,.F.);
#277 = EDGE_LOOP('',(#278,#288,#294,#295));
#278 = ORIENTED_EDGE('',*,*,#279,.F.);
#279 = EDGE_CURVE('',#280,#282,#284,.T.);
#280 = VERTEX_POINT('',#281);
#281 = CARTESIAN_POINT('',(-68.37411672363,86.839233239746,
    172.20076777343));
#282 = VERTEX_POINT('',#283);
#283 = CARTESIAN_POINT('',(-69.80471017236,87.310817513286,
    171.74469623162));
#284 = LINE('',#285,#286);
#285 = CARTESIAN_POINT('',(-68.37411672363,86.839233239746,
    172.20076777343));
#286 = VECTOR('',#287,1.);
#287 = DIRECTION('',(-0.908979425516,0.299638169338,-0.289781592695));
#288 = ORIENTED_EDGE('',*,*,#289,.T.);
#289 = EDGE_CURVE('',#280,#234,#290,.T.);
#290 = LINE('',#291,#292);
#291 = CARTESIAN_POINT('',(-68.37411672363,86.839233239746,
    172.20076777343));
#292 = VECTOR('',#293,1.);
#293 = DIRECTION('',(0.921938599071,-0.32085214492,0.216986452674));
#294 = ORIENTED_EDGE('',*,*,#264,.F.);
#295 = ORIENTED_EDGE('',*,*,#296,.T.);
#296 = EDGE_CURVE('',#257,#282,#297,.T.);
#297 = LINE('',#298,#299);
#298 = CARTESIAN_POINT('',(-68.98706371375,86.953547830965,
    171.60697816626));
#299 = VECTOR('',#300,1.);
#300 = DIRECTION('',(-0.905619632018,0.395709459545,0.152535588403));
#301 = PLANE('',#302);
#302 = AXIS2_PLACEMENT_3D('',#303,#304,#305);
#303 = CARTESIAN_POINT('',(-68.36148812252,86.818553882281,
    172.12979992414));
#304 = DIRECTION('',(-0.36374589878,-0.909697264098,0.20034921715));
#305 = DIRECTION('',(-0.92852349711,0.371273639401,1.387778780781E-17));
#306 = ADVANCED_FACE('',(#307),#332,.T.);
#307 = FACE_BOUND('',#308,.F.);
#308 = EDGE_LOOP('',(#309,#317,#318,#326));
#309 = ORIENTED_EDGE('',*,*,#310,.T.);
#310 = EDGE_CURVE('',#311,#280,#313,.T.);
#311 = VERTEX_POINT('',#312);
#312 = CARTESIAN_POINT('',(-68.71411306152,86.964889367676,
    172.15403010253));
#313 = LINE('',#314,#315);
#314 = CARTESIAN_POINT('',(-68.71411306152,86.964889367676,
    172.15403010253));
#315 = VECTOR('',#316,1.);
#316 = DIRECTION('',(0.930288236455,-0.343816696311,0.12788227575));
#317 = ORIENTED_EDGE('',*,*,#279,.T.);
#318 = ORIENTED_EDGE('',*,*,#319,.T.);
#319 = EDGE_CURVE('',#282,#320,#322,.T.);
#320 = VERTEX_POINT('',#321);
#321 = CARTESIAN_POINT('',(-69.85960988068,87.334806164429,
    171.75394307791));
#322 = LINE('',#323,#324);
#323 = CARTESIAN_POINT('',(-69.53182810543,87.191580582755,
    171.69873426558));
#324 = VECTOR('',#325,1.);
#325 = DIRECTION('',(-0.905618022997,0.395713483529,0.152534702201));
#326 = ORIENTED_EDGE('',*,*,#327,.F.);
#327 = EDGE_CURVE('',#311,#320,#328,.T.);
#328 = LINE('',#329,#330);
#329 = CARTESIAN_POINT('',(-68.71411306152,86.964889367676,
    172.15403010253));
#330 = VECTOR('',#331,1.);
#331 = DIRECTION('',(-0.903038528683,0.291619421625,-0.315403754963));
#332 = PLANE('',#333);
#333 = AXIS2_PLACEMENT_3D('',#334,#335,#336);
#334 = CARTESIAN_POINT('',(-69.55793478317,87.23286857016,171.8387991236
    ));
#335 = DIRECTION('',(-0.363747941248,-0.909694379425,0.200358606703));
#336 = DIRECTION('',(-0.928522372555,0.371276451805,0.));
#337 = ADVANCED_FACE('',(#338),#363,.T.);
#338 = FACE_BOUND('',#339,.F.);
#339 = EDGE_LOOP('',(#340,#348,#349,#357));
#340 = ORIENTED_EDGE('',*,*,#341,.T.);
#341 = EDGE_CURVE('',#342,#311,#344,.T.);
#342 = VERTEX_POINT('',#343);
#343 = CARTESIAN_POINT('',(-69.0470064331,87.108291467285,
    172.20076777343));
#344 = LINE('',#345,#346);
#345 = CARTESIAN_POINT('',(-69.0470064331,87.108291467285,
    172.20076777343));
#346 = VECTOR('',#347,1.);
#347 = DIRECTION('',(0.910869715351,-0.392379785248,-0.127884579934));
#348 = ORIENTED_EDGE('',*,*,#327,.T.);
#349 = ORIENTED_EDGE('',*,*,#350,.T.);
#350 = EDGE_CURVE('',#320,#351,#353,.T.);
#351 = VERTEX_POINT('',#352);
#352 = CARTESIAN_POINT('',(-69.99744677724,87.395033861111,
    171.77715925907));
#353 = LINE('',#354,#355);
#354 = CARTESIAN_POINT('',(-69.61406374453,87.227515021222,
    171.71258518521));
#355 = VECTOR('',#356,1.);
#356 = DIRECTION('',(-0.905619580998,0.395709587142,0.152535560302));
#357 = ORIENTED_EDGE('',*,*,#358,.F.);
#358 = EDGE_CURVE('',#342,#351,#359,.T.);
#359 = LINE('',#360,#361);
#360 = CARTESIAN_POINT('',(-69.0470064331,87.108291467285,
    172.20076777343));
#361 = VECTOR('',#362,1.);
#362 = DIRECTION('',(-0.880565135122,0.26566144453,-0.392465335664));
#363 = PLANE('',#364);
#364 = AXIS2_PLACEMENT_3D('',#365,#366,#367);
#365 = CARTESIAN_POINT('',(-69.72813879845,87.301413593919,
    171.84101534316));
#366 = DIRECTION('',(-0.363745838411,-0.909697100342,0.200350070295));
#367 = DIRECTION('',(-0.928523495312,0.371273643898,0.));
#368 = ADVANCED_FACE('',(#369),#394,.T.);
#369 = FACE_BOUND('',#370,.F.);
#370 = EDGE_LOOP('',(#371,#379,#380,#388));
#371 = ORIENTED_EDGE('',*,*,#372,.T.);
#372 = EDGE_CURVE('',#373,#342,#375,.T.);
#373 = VERTEX_POINT('',#374);
#374 = CARTESIAN_POINT('',(-69.35012227783,87.25966628418,
    172.33779169921));
#375 = LINE('',#376,#377);
#376 = CARTESIAN_POINT('',(-69.35012227783,87.25966628418,
    172.33779169921));
#377 = VECTOR('',#378,1.);
#378 = DIRECTION('',(0.829383952275,-0.414190963934,-0.374924132465));
#379 = ORIENTED_EDGE('',*,*,#358,.T.);
#380 = ORIENTED_EDGE('',*,*,#381,.T.);
#381 = EDGE_CURVE('',#351,#382,#384,.T.);
#382 = VERTEX_POINT('',#383);
#383 = CARTESIAN_POINT('',(-70.17658534049,87.473306272321,
    171.80733223498));
#384 = LINE('',#385,#386);
#385 = CARTESIAN_POINT('',(-69.69914892933,87.264696253221,
    171.7269158407));
#386 = VECTOR('',#387,1.);
#387 = DIRECTION('',(-0.905623036642,0.395700944785,0.152537463594));
#388 = ORIENTED_EDGE('',*,*,#389,.F.);
#389 = EDGE_CURVE('',#373,#382,#390,.T.);
#390 = LINE('',#391,#392);
#391 = CARTESIAN_POINT('',(-69.35012227783,87.25966628418,
    172.33779169921));
#392 = VECTOR('',#393,1.);
#393 = DIRECTION('',(-0.822332791416,0.21257231659,-0.527808478884));
#394 = PLANE('',#395);
#395 = AXIS2_PLACEMENT_3D('',#396,#397,#398);
#396 = CARTESIAN_POINT('',(-69.89278377624,87.37894015877,171.8941122383
    ));
#397 = DIRECTION('',(-0.363740477298,-0.909702732657,0.200334229154));
#398 = DIRECTION('',(-0.928526174147,0.371266944292,-1.387778780781E-17)
  );
#399 = ADVANCED_FACE('',(#400),#425,.T.);
#400 = FACE_BOUND('',#401,.F.);
#401 = EDGE_LOOP('',(#402,#410,#411,#419));
#402 = ORIENTED_EDGE('',*,*,#403,.T.);
#403 = EDGE_CURVE('',#404,#373,#406,.T.);
#404 = VERTEX_POINT('',#405);
#405 = CARTESIAN_POINT('',(-69.60280019531,87.408706506348,
    172.55576350097));
#406 = LINE('',#407,#408);
#407 = CARTESIAN_POINT('',(-69.60280019531,87.408706506348,
    172.55576350097));
#408 = VECTOR('',#409,1.);
#409 = DIRECTION('',(0.691371520877,-0.407800436618,-0.596409443264));
#410 = ORIENTED_EDGE('',*,*,#389,.T.);
#411 = ORIENTED_EDGE('',*,*,#412,.T.);
#412 = EDGE_CURVE('',#382,#413,#415,.T.);
#413 = VERTEX_POINT('',#414);
#414 = CARTESIAN_POINT('',(-70.34065821997,87.544998120929,
    171.83496735475));
#415 = LINE('',#416,#417);
#416 = CARTESIAN_POINT('',(-69.78222807941,87.300991376958,
    171.7409098611));
#417 = VECTOR('',#418,1.);
#418 = DIRECTION('',(-0.905618895346,0.395711301888,0.152535182664));
#419 = ORIENTED_EDGE('',*,*,#420,.F.);
#420 = EDGE_CURVE('',#404,#413,#421,.T.);
#421 = LINE('',#422,#423);
#422 = CARTESIAN_POINT('',(-69.60280019531,87.408706506348,
    172.55576350097));
#423 = VECTOR('',#424,1.);
#424 = DIRECTION('',(-0.70916521978,0.130991694308,-0.692766820132));
#425 = PLANE('',#426);
#426 = AXIS2_PLACEMENT_3D('',#427,#428,#429);
#427 = CARTESIAN_POINT('',(-70.04237011219,87.461137864798,
    171.99575880018));
#428 = DIRECTION('',(-0.363747987458,-0.909696609766,0.200348396051));
#429 = DIRECTION('',(-0.928522670101,0.371275707673,0.));
#430 = ADVANCED_FACE('',(#431),#456,.T.);
#431 = FACE_BOUND('',#432,.F.);
#432 = EDGE_LOOP('',(#433,#441,#442,#450));
#433 = ORIENTED_EDGE('',*,*,#434,.T.);
#434 = EDGE_CURVE('',#435,#404,#437,.T.);
#435 = VERTEX_POINT('',#436);
#436 = CARTESIAN_POINT('',(-69.78782064209,87.545242150879,
    172.83983637695));
#437 = LINE('',#438,#439);
#438 = CARTESIAN_POINT('',(-69.78782064209,87.545242150879,
    172.83983637695));
#439 = VECTOR('',#440,1.);
#440 = DIRECTION('',(0.506246574261,-0.3735841282,-0.777270419613));
#441 = ORIENTED_EDGE('',*,*,#420,.T.);
#442 = ORIENTED_EDGE('',*,*,#443,.T.);
#443 = EDGE_CURVE('',#413,#444,#446,.T.);
#444 = VERTEX_POINT('',#445);
#445 = CARTESIAN_POINT('',(-70.45946518583,87.596908361001,
    171.85497858696));
#446 = LINE('',#447,#448);
#447 = CARTESIAN_POINT('',(-69.85679836432,87.333585590649,
    171.75346849768));
#448 = VECTOR('',#449,1.);
#449 = DIRECTION('',(-0.905625670652,0.395694357123,0.152538914368));
#450 = ORIENTED_EDGE('',*,*,#451,.F.);
#451 = EDGE_CURVE('',#435,#444,#452,.T.);
#452 = LINE('',#453,#454);
#453 = CARTESIAN_POINT('',(-69.78782064209,87.545242150879,
    172.83983637695));
#454 = VECTOR('',#455,1.);
#455 = DIRECTION('',(-0.562894620067,4.330062975722E-02,-0.825393664964)
  );
#456 = PLANE('',#457);
#457 = AXIS2_PLACEMENT_3D('',#458,#459,#460);
#458 = CARTESIAN_POINT('',(-70.1653520663,87.541377471141,
    172.13682109709));
#459 = DIRECTION('',(-0.363734074102,-0.909705687612,0.200332436871));
#460 = DIRECTION('',(-0.928528842914,0.371260269726,1.387778780781E-17)
  );
#461 = ADVANCED_FACE('',(#462),#487,.T.);
#462 = FACE_BOUND('',#463,.F.);
#463 = EDGE_LOOP('',(#464,#472,#473,#481));
#464 = ORIENTED_EDGE('',*,*,#465,.T.);
#465 = EDGE_CURVE('',#466,#435,#468,.T.);
#466 = VERTEX_POINT('',#467);
#467 = CARTESIAN_POINT('',(-69.8925645996,87.659980615234,
    173.17064692382));
#468 = LINE('',#469,#470);
#469 = CARTESIAN_POINT('',(-69.8925645996,87.659980615234,
    173.17064692382));
#470 = VECTOR('',#471,1.);
#471 = DIRECTION('',(0.286596934702,-0.313943572073,-0.905152821668));
#472 = ORIENTED_EDGE('',*,*,#451,.T.);
#473 = ORIENTED_EDGE('',*,*,#474,.T.);
#474 = EDGE_CURVE('',#444,#475,#477,.T.);
#475 = VERTEX_POINT('',#476);
#476 = CARTESIAN_POINT('',(-70.53164710358,87.628448628547,
    171.86713629261));
#477 = LINE('',#478,#479);
#478 = CARTESIAN_POINT('',(-69.91512776082,87.359057268151,
    171.76329504079));
#479 = VECTOR('',#480,1.);
#480 = DIRECTION('',(-0.905617661679,0.39571438714,0.152534503198));
#481 = ORIENTED_EDGE('',*,*,#482,.F.);
#482 = EDGE_CURVE('',#466,#475,#483,.T.);
#483 = LINE('',#484,#485);
#484 = CARTESIAN_POINT('',(-69.8925645996,87.659980615234,
    173.17064692382));
#485 = VECTOR('',#486,1.);
#486 = DIRECTION('',(-0.44011267526,-2.171492245668E-02,-0.89767995144)
  );
#487 = PLANE('',#488);
#488 = AXIS2_PLACEMENT_3D('',#489,#490,#491);
#489 = CARTESIAN_POINT('',(-70.2490860728,87.611411173858,
    172.30280057915));
#490 = DIRECTION('',(-0.363751912821,-0.909695760989,0.200345123118));
#491 = DIRECTION('',(-0.928521169447,0.371279460634,0.));
#492 = ADVANCED_FACE('',(#493),#518,.T.);
#493 = FACE_BOUND('',#494,.F.);
#494 = EDGE_LOOP('',(#495,#503,#504,#512));
#495 = ORIENTED_EDGE('',*,*,#496,.T.);
#496 = EDGE_CURVE('',#497,#466,#499,.T.);
#497 = VERTEX_POINT('',#498);
#498 = CARTESIAN_POINT('',(-69.90991384277,87.745094140625,
    173.52564265136));
#499 = LINE('',#500,#501);
#500 = CARTESIAN_POINT('',(-69.90991384277,87.745094140625,
    173.52564265136));
#501 = VECTOR('',#502,1.);
#502 = DIRECTION('',(4.747123181042E-02,-0.232888769603,-0.971344070422)
  );
#503 = ORIENTED_EDGE('',*,*,#482,.T.);
#504 = ORIENTED_EDGE('',*,*,#505,.T.);
#505 = EDGE_CURVE('',#475,#506,#508,.T.);
#506 = VERTEX_POINT('',#507);
#507 = CARTESIAN_POINT('',(-70.5678776103,87.644278628208,
    171.87323879418));
#508 = LINE('',#509,#510);
#509 = CARTESIAN_POINT('',(-69.95220045123,87.375274131673,
    171.76953693715));
#510 = VECTOR('',#511,1.);
#511 = DIRECTION('',(-0.905627108076,0.395690762067,0.152539706088));
#512 = ORIENTED_EDGE('',*,*,#513,.F.);
#513 = EDGE_CURVE('',#497,#506,#514,.T.);
#514 = LINE('',#515,#516);
#515 = CARTESIAN_POINT('',(-69.90991384277,87.745094140625,
    173.52564265136));
#516 = VECTOR('',#517,1.);
#517 = DIRECTION('',(-0.369344345966,-5.659223400186E-02,-0.927567826713
    ));
#518 = PLANE('',#519);
#519 = AXIS2_PLACEMENT_3D('',#520,#521,#522);
#520 = CARTESIAN_POINT('',(-70.28589686251,87.665325462643,
    172.48077877956));
#521 = DIRECTION('',(-0.363729874794,-0.909706893002,0.200334587643));
#522 = DIRECTION('',(-0.92853049005,0.371256150181,-4.163336342344E-17)
  );
#523 = ADVANCED_FACE('',(#524),#549,.T.);
#524 = FACE_BOUND('',#525,.F.);
#525 = EDGE_LOOP('',(#526,#534,#535,#543));
#526 = ORIENTED_EDGE('',*,*,#527,.T.);
#527 = EDGE_CURVE('',#528,#497,#530,.T.);
#528 = VERTEX_POINT('',#529);
#529 = CARTESIAN_POINT('',(-69.83866292724,87.794792016602,
    173.88065363769));
#530 = LINE('',#531,#532);
#531 = CARTESIAN_POINT('',(-69.83866292724,87.794792016602,
    173.88065363769));
#532 = VECTOR('',#533,1.);
#533 = DIRECTION('',(-0.19494888249,-0.135977837085,-0.971341835317));
#534 = ORIENTED_EDGE('',*,*,#513,.T.);
#535 = ORIENTED_EDGE('',*,*,#536,.T.);
#536 = EDGE_CURVE('',#506,#537,#539,.T.);
#537 = VERTEX_POINT('',#538);
#538 = CARTESIAN_POINT('',(-70.579430175,87.649327281528,171.87518451845
    ));
#539 = LINE('',#540,#541);
#540 = CARTESIAN_POINT('',(-69.96607674159,87.381282139382,
    171.77188133918));
#541 = VECTOR('',#542,1.);
#542 = DIRECTION('',(-0.905598993672,0.395761069825,0.152524221913));
#543 = ORIENTED_EDGE('',*,*,#544,.T.);
#544 = EDGE_CURVE('',#537,#528,#545,.T.);
#545 = LINE('',#546,#547);
#546 = CARTESIAN_POINT('',(-70.73746663818,87.618293603516,
    171.44733454589));
#547 = VECTOR('',#548,1.);
#548 = DIRECTION('',(0.345692671228,6.788379614449E-02,0.935889078513));
#549 = PLANE('',#550);
#550 = AXIS2_PLACEMENT_3D('',#551,#552,#553);
#551 = CARTESIAN_POINT('',(-70.27434879008,87.700299228231,
    172.66055131887));
#552 = DIRECTION('',(-0.363796949627,-0.909674622878,0.200359327044));
#553 = DIRECTION('',(-0.928502346718,0.371326530346,0.));
#554 = ADVANCED_FACE('',(#555),#580,.T.);
#555 = FACE_BOUND('',#556,.F.);
#556 = EDGE_LOOP('',(#557,#567,#573,#574));
#557 = ORIENTED_EDGE('',*,*,#558,.F.);
#558 = EDGE_CURVE('',#559,#561,#563,.T.);
#559 = VERTEX_POINT('',#560);
#560 = CARTESIAN_POINT('',(-71.133928125,87.910880883789,172.05605341796
    ));
#561 = VERTEX_POINT('',#562);
#562 = CARTESIAN_POINT('',(-71.0699360748,87.863654960091,
    171.95780133066));
#563 = LINE('',#564,#565);
#564 = CARTESIAN_POINT('',(-71.133928125,87.910880883789,172.05605341796
    ));
#565 = VECTOR('',#566,1.);
#566 = DIRECTION('',(0.506237972787,-0.373601967794,-0.777267447259));
#567 = ORIENTED_EDGE('',*,*,#568,.T.);
#568 = EDGE_CURVE('',#559,#528,#569,.T.);
#569 = LINE('',#570,#571);
#570 = CARTESIAN_POINT('',(-71.133928125,87.910880883789,172.05605341796
    ));
#571 = VECTOR('',#572,1.);
#572 = DIRECTION('',(0.578084737601,-5.181116766119E-02,0.814330178157)
  );
#573 = ORIENTED_EDGE('',*,*,#544,.F.);
#574 = ORIENTED_EDGE('',*,*,#575,.T.);
#575 = EDGE_CURVE('',#537,#561,#576,.T.);
#576 = LINE('',#577,#578);
#577 = CARTESIAN_POINT('',(-70.05397079674,87.419726600339,
    171.78668042748));
#578 = VECTOR('',#579,1.);
#579 = DIRECTION('',(-0.905618571058,0.395712112895,0.152535004056));
#580 = PLANE('',#581);
#581 = AXIS2_PLACEMENT_3D('',#582,#583,#584);
#582 = CARTESIAN_POINT('',(-70.45723117537,87.772911986714,
    172.6582118939));
#583 = DIRECTION('',(-0.363749912995,-0.909696902902,0.200343569016));
#584 = DIRECTION('',(-0.928522033801,0.37127729899,4.163336342344E-17));
#585 = ADVANCED_FACE('',(#586),#635,.T.);
#586 = FACE_BOUND('',#587,.F.);
#587 = EDGE_LOOP('',(#588,#598,#604,#605,#613,#621,#629));
#588 = ORIENTED_EDGE('',*,*,#589,.T.);
#589 = EDGE_CURVE('',#590,#592,#594,.T.);
#590 = VERTEX_POINT('',#591);
#591 = CARTESIAN_POINT('',(-69.28248769531,91.257087548828,
    170.64597346191));
#592 = VERTEX_POINT('',#593);
#593 = CARTESIAN_POINT('',(-69.67894918212,91.549674829102,
    171.25469233398));
#594 = LINE('',#595,#596);
#595 = CARTESIAN_POINT('',(-69.28248769531,91.257087548828,
    170.64597346191));
#596 = VECTOR('',#597,1.);
#597 = DIRECTION('',(-0.506237972787,0.373601967794,0.777267447259));
#598 = ORIENTED_EDGE('',*,*,#599,.T.);
#599 = EDGE_CURVE('',#592,#559,#600,.T.);
#600 = LINE('',#601,#602);
#601 = CARTESIAN_POINT('',(-69.67894918212,91.549674829102,
    171.25469233398));
#602 = VECTOR('',#603,1.);
#603 = DIRECTION('',(-0.363745137116,-0.909699490194,0.200340492075));
#604 = ORIENTED_EDGE('',*,*,#558,.T.);
#605 = ORIENTED_EDGE('',*,*,#606,.T.);
#606 = EDGE_CURVE('',#561,#607,#609,.T.);
#607 = VERTEX_POINT('',#608);
#608 = CARTESIAN_POINT('',(-69.70626484527,91.274082204017,
    171.20672601699));
#609 = LINE('',#610,#611);
#610 = CARTESIAN_POINT('',(-71.17603191083,87.598318182568,
    172.01623620968));
#611 = VECTOR('',#612,1.);
#612 = DIRECTION('',(0.363746200518,0.909698705419,-0.200342124798));
#613 = ORIENTED_EDGE('',*,*,#614,.T.);
#614 = EDGE_CURVE('',#607,#615,#617,.T.);
#615 = VERTEX_POINT('',#616);
#616 = CARTESIAN_POINT('',(-69.42657891914,91.047914287835,
    170.77129487749));
#617 = LINE('',#618,#619);
#618 = CARTESIAN_POINT('',(-69.28732029116,90.935302852079,
    170.5544890342));
#619 = VECTOR('',#620,1.);
#620 = DIRECTION('',(0.495212185652,-0.40045314274,-0.770974819077));
#621 = ORIENTED_EDGE('',*,*,#622,.T.);
#622 = EDGE_CURVE('',#615,#623,#625,.T.);
#623 = VERTEX_POINT('',#624);
#624 = CARTESIAN_POINT('',(-69.38089671384,91.010973924613,
    170.70017435475));
#625 = LINE('',#626,#627);
#626 = CARTESIAN_POINT('',(-68.99942599206,90.702502235768,
    170.10628014666));
#627 = VECTOR('',#628,1.);
#628 = DIRECTION('',(0.495214007054,-0.400448821827,-0.770975893472));
#629 = ORIENTED_EDGE('',*,*,#630,.F.);
#630 = EDGE_CURVE('',#590,#623,#631,.T.);
#631 = LINE('',#632,#633);
#632 = CARTESIAN_POINT('',(-69.28248769531,91.257087548828,
    170.64597346191));
#633 = VECTOR('',#634,1.);
#634 = DIRECTION('',(-0.363745137116,-0.909699490194,0.200340492075));
#635 = PLANE('',#636);
#636 = AXIS2_PLACEMENT_3D('',#637,#638,#639);
#637 = CARTESIAN_POINT('',(-70.20820791015,89.583984216309,
    171.35101343994));
#638 = DIRECTION('',(-0.781927402597,0.181307289607,-0.596420324774));
#639 = DIRECTION('',(0.606471687657,2.775557561563E-17,-0.795105082407)
  );
#640 = ADVANCED_FACE('',(#641),#666,.T.);
#641 = FACE_BOUND('',#642,.F.);
#642 = EDGE_LOOP('',(#643,#651,#652,#660));
#643 = ORIENTED_EDGE('',*,*,#644,.F.);
#644 = EDGE_CURVE('',#615,#645,#647,.T.);
#645 = VERTEX_POINT('',#646);
#646 = CARTESIAN_POINT('',(-97.55337524414,101.97930145263,
    175.33602905273));
#647 = LINE('',#648,#649);
#648 = CARTESIAN_POINT('',(-37.0899772644,78.480400085449,
    165.52334594726));
#649 = VECTOR('',#650,1.);
#650 = DIRECTION('',(-0.921596462483,0.358175443257,0.14956708256));
#651 = ORIENTED_EDGE('',*,*,#614,.F.);
#652 = ORIENTED_EDGE('',*,*,#653,.T.);
#653 = EDGE_CURVE('',#607,#654,#656,.T.);
#654 = VERTEX_POINT('',#655);
#655 = CARTESIAN_POINT('',(-99.08602142334,102.79824066162,
    176.32614135742));
#656 = LINE('',#657,#658);
#657 = CARTESIAN_POINT('',(-37.0899772644,78.480400085449,
    165.52334594726));
#658 = VECTOR('',#659,1.);
#659 = DIRECTION('',(-0.918932257604,0.360449580999,0.160123719333));
#660 = ORIENTED_EDGE('',*,*,#661,.T.);
#661 = EDGE_CURVE('',#654,#645,#662,.T.);
#662 = LINE('',#663,#664);
#663 = CARTESIAN_POINT('',(-99.08602142334,102.79824066162,
    176.32614135742));
#664 = VECTOR('',#665,1.);
#665 = DIRECTION('',(0.766324228117,-0.409470212836,-0.495056887843));
#666 = PLANE('',#667);
#667 = AXIS2_PLACEMENT_3D('',#668,#669,#670);
#668 = CARTESIAN_POINT('',(-68.16341783625,90.614405589482,
    170.75693309462));
#669 = DIRECTION('',(0.30937411885,0.910541731491,-0.274228754507));
#670 = DIRECTION('',(0.946839299479,-0.321706917802,0.));
#671 = ADVANCED_FACE('',(#672),#689,.T.);
#672 = FACE_BOUND('',#673,.F.);
#673 = EDGE_LOOP('',(#674,#675,#683));
#674 = ORIENTED_EDGE('',*,*,#661,.F.);
#675 = ORIENTED_EDGE('',*,*,#676,.F.);
#676 = EDGE_CURVE('',#677,#654,#679,.T.);
#677 = VERTEX_POINT('',#678);
#678 = CARTESIAN_POINT('',(-72.54735565185,82.834945678711,
    139.97981262207));
#679 = LINE('',#680,#681);
#680 = CARTESIAN_POINT('',(-72.54735565185,82.834945678711,
    139.97981262207));
#681 = VECTOR('',#682,1.);
#682 = DIRECTION('',(-0.539042084024,0.405485951112,0.738251159905));
#683 = ORIENTED_EDGE('',*,*,#684,.T.);
#684 = EDGE_CURVE('',#677,#645,#685,.T.);
#685 = LINE('',#686,#687);
#686 = CARTESIAN_POINT('',(-72.54735565185,82.834945678711,
    139.97981262207));
#687 = VECTOR('',#688,1.);
#688 = DIRECTION('',(-0.528128264935,0.404329659939,0.746724890352));
#689 = PLANE('',#690);
#690 = AXIS2_PLACEMENT_3D('',#691,#692,#693);
#691 = CARTESIAN_POINT('',(-85.70228381395,92.81412417982,
    158.27385228877));
#692 = DIRECTION('',(0.309380098262,0.910542336652,-0.274219999205));
#693 = DIRECTION('',(0.946837470633,-0.321712300363,0.));
#694 = ADVANCED_FACE('',(#695),#721,.T.);
#695 = FACE_BOUND('',#696,.F.);
#696 = EDGE_LOOP('',(#697,#707,#715));
#697 = ORIENTED_EDGE('',*,*,#698,.T.);
#698 = EDGE_CURVE('',#699,#701,#703,.T.);
#699 = VERTEX_POINT('',#700);
#700 = CARTESIAN_POINT('',(-62.20559310913,76.627899169922,
    130.58009338378));
#701 = VERTEX_POINT('',#702);
#702 = CARTESIAN_POINT('',(-60.70734786987,75.6171875,128.71095275878));
#703 = LINE('',#704,#705);
#704 = CARTESIAN_POINT('',(-62.20559310913,76.627899169922,
    130.58009338378));
#705 = VECTOR('',#706,1.);
#706 = DIRECTION('',(0.576249722405,-0.388736305621,-0.718902178408));
#707 = ORIENTED_EDGE('',*,*,#708,.T.);
#708 = EDGE_CURVE('',#701,#709,#711,.T.);
#709 = VERTEX_POINT('',#710);
#710 = CARTESIAN_POINT('',(-61.95291519165,76.478858947754,
    130.36212158203));
#711 = LINE('',#712,#713);
#712 = CARTESIAN_POINT('',(-60.70734786987,75.6171875,128.71095275878));
#713 = VECTOR('',#714,1.);
#714 = DIRECTION('',(-0.555908724594,0.384572288599,0.736932591735));
#715 = ORIENTED_EDGE('',*,*,#716,.T.);
#716 = EDGE_CURVE('',#709,#699,#717,.T.);
#717 = LINE('',#718,#719);
#718 = CARTESIAN_POINT('',(-61.95291519165,76.478858947754,
    130.36212158203));
#719 = VECTOR('',#720,1.);
#720 = DIRECTION('',(-0.691371520877,0.407800436618,0.596409443264));
#721 = PLANE('',#722);
#722 = AXIS2_PLACEMENT_3D('',#723,#724,#725);
#723 = CARTESIAN_POINT('',(-61.44581679792,76.120716519542,
    129.65657474248));
#724 = DIRECTION('',(0.36377937484,0.909692665233,-0.200309313966));
#725 = DIRECTION('',(0.928511070406,-0.371304716014,0.));
#726 = ADVANCED_FACE('',(#727),#744,.T.);
#727 = FACE_BOUND('',#728,.F.);
#728 = EDGE_LOOP('',(#729,#737,#743));
#729 = ORIENTED_EDGE('',*,*,#730,.T.);
#730 = EDGE_CURVE('',#699,#731,#733,.T.);
#731 = VERTEX_POINT('',#732);
#732 = CARTESIAN_POINT('',(-63.96117782592,77.375938415527,
    130.78927612304));
#733 = LINE('',#734,#735);
#734 = CARTESIAN_POINT('',(-62.20559310913,76.627899169922,
    130.58009338378));
#735 = VECTOR('',#736,1.);
#736 = DIRECTION('',(-0.91449135353,0.389656742658,0.108964155662));
#737 = ORIENTED_EDGE('',*,*,#738,.T.);
#738 = EDGE_CURVE('',#731,#701,#739,.T.);
#739 = LINE('',#740,#741);
#740 = CARTESIAN_POINT('',(-63.96117782592,77.375938415527,
    130.78927612304));
#741 = VECTOR('',#742,1.);
#742 = DIRECTION('',(0.76693417716,-0.414541080649,-0.489864940936));
#743 = ORIENTED_EDGE('',*,*,#698,.F.);
#744 = PLANE('',#745);
#745 = AXIS2_PLACEMENT_3D('',#746,#747,#748);
#746 = CARTESIAN_POINT('',(-62.23792665876,76.496300803764,
    129.92383375667));
#747 = DIRECTION('',(0.363743829843,0.909699759674,-0.200341641954));
#748 = DIRECTION('',(0.928524576222,-0.371270940623,-1.387778780781E-17)
  );
#749 = ADVANCED_FACE('',(#750),#767,.T.);
#750 = FACE_BOUND('',#751,.F.);
#751 = EDGE_LOOP('',(#752,#753,#761));
#752 = ORIENTED_EDGE('',*,*,#708,.F.);
#753 = ORIENTED_EDGE('',*,*,#754,.T.);
#754 = EDGE_CURVE('',#701,#755,#757,.T.);
#755 = VERTEX_POINT('',#756);
#756 = CARTESIAN_POINT('',(-60.01322937011,75.404304504395,
    129.00457763671));
#757 = LINE('',#758,#759);
#758 = CARTESIAN_POINT('',(-60.70734786987,75.6171875,128.71095275878));
#759 = VECTOR('',#760,1.);
#760 = DIRECTION('',(0.886307988319,-0.271826640046,0.374924562549));
#761 = ORIENTED_EDGE('',*,*,#762,.T.);
#762 = EDGE_CURVE('',#755,#709,#763,.T.);
#763 = LINE('',#764,#765);
#764 = CARTESIAN_POINT('',(-60.01322937011,75.404304504395,
    129.00457763671));
#765 = VECTOR('',#766,1.);
#766 = DIRECTION('',(-0.746034448403,0.413290968326,0.522133294568));
#767 = PLANE('',#768);
#768 = AXIS2_PLACEMENT_3D('',#769,#770,#771);
#769 = CARTESIAN_POINT('',(-61.03461838136,75.923992102952,
    129.50988705396));
#770 = DIRECTION('',(0.36374703188,0.909699446375,-0.200337250812));
#771 = DIRECTION('',(0.928523405445,-0.371273868648,1.387778780781E-17)
  );
#772 = ADVANCED_FACE('',(#773),#790,.T.);
#773 = FACE_BOUND('',#774,.F.);
#774 = EDGE_LOOP('',(#775,#783,#789));
#775 = ORIENTED_EDGE('',*,*,#776,.F.);
#776 = EDGE_CURVE('',#777,#709,#779,.T.);
#777 = VERTEX_POINT('',#778);
#778 = CARTESIAN_POINT('',(-63.660572052,72.989105224609,131.38146972656
    ));
#779 = LINE('',#780,#781);
#780 = CARTESIAN_POINT('',(-63.660572052,72.989105224609,131.38146972656
    ));
#781 = VECTOR('',#782,1.);
#782 = DIRECTION('',(0.425143675782,0.868820171006,-0.253780151697));
#783 = ORIENTED_EDGE('',*,*,#784,.T.);
#784 = EDGE_CURVE('',#777,#699,#785,.T.);
#785 = LINE('',#786,#787);
#786 = CARTESIAN_POINT('',(-63.660572052,72.989105224609,131.38146972656
    ));
#787 = VECTOR('',#788,1.);
#788 = DIRECTION('',(0.363744859125,0.909698794961,-0.200344153664));
#789 = ORIENTED_EDGE('',*,*,#716,.F.);
#790 = PLANE('',#791);
#791 = AXIS2_PLACEMENT_3D('',#792,#793,#794);
#792 = CARTESIAN_POINT('',(-62.83531363748,74.848871922913,
    130.90633372108));
#793 = DIRECTION('',(0.624253385188,-7.842862670471E-02,0.777275151793)
  );
#794 = DIRECTION('',(0.779676765786,1.387778780781E-17,-0.626182194647)
  );
#795 = ADVANCED_FACE('',(#796),#813,.T.);
#796 = FACE_BOUND('',#797,.F.);
#797 = EDGE_LOOP('',(#798,#806,#807));
#798 = ORIENTED_EDGE('',*,*,#799,.T.);
#799 = EDGE_CURVE('',#800,#731,#802,.T.);
#800 = VERTEX_POINT('',#801);
#801 = CARTESIAN_POINT('',(-62.39060974121,76.764434814453,
    130.86416625976));
#802 = LINE('',#803,#804);
#803 = CARTESIAN_POINT('',(-62.39060974121,76.764434814453,
    130.86416625976));
#804 = VECTOR('',#805,1.);
#805 = DIRECTION('',(-0.930940288504,0.362463330527,-4.439046365547E-02)
  );
#806 = ORIENTED_EDGE('',*,*,#730,.F.);
#807 = ORIENTED_EDGE('',*,*,#808,.T.);
#808 = EDGE_CURVE('',#699,#800,#809,.T.);
#809 = LINE('',#810,#811);
#810 = CARTESIAN_POINT('',(-62.20559310913,76.627899169922,
    130.58009338378));
#811 = VECTOR('',#812,1.);
#812 = DIRECTION('',(-0.506238811574,0.373586102222,0.777274526717));
#813 = PLANE('',#814);
#814 = AXIS2_PLACEMENT_3D('',#815,#816,#817);
#815 = CARTESIAN_POINT('',(-63.05042425389,77.002782034493,
    130.74845442872));
#816 = DIRECTION('',(0.363746414064,0.909701853592,-0.200327441522));
#817 = DIRECTION('',(0.928523961521,-0.371272477947,1.387778780781E-17)
  );
#818 = ADVANCED_FACE('',(#819),#836,.T.);
#819 = FACE_BOUND('',#820,.F.);
#820 = EDGE_LOOP('',(#821,#822,#830));
#821 = ORIENTED_EDGE('',*,*,#738,.F.);
#822 = ORIENTED_EDGE('',*,*,#823,.F.);
#823 = EDGE_CURVE('',#824,#731,#826,.T.);
#824 = VERTEX_POINT('',#825);
#825 = CARTESIAN_POINT('',(-63.3402519226,76.83748626709,129.4716796875)
  );
#826 = LINE('',#827,#828);
#827 = CARTESIAN_POINT('',(-63.3402519226,76.83748626709,129.4716796875)
  );
#828 = VECTOR('',#829,1.);
#829 = DIRECTION('',(-0.399845798947,0.346736749644,0.848467420418));
#830 = ORIENTED_EDGE('',*,*,#831,.T.);
#831 = EDGE_CURVE('',#824,#701,#832,.T.);
#832 = LINE('',#833,#834);
#833 = CARTESIAN_POINT('',(-63.3402519226,76.83748626709,129.4716796875)
  );
#834 = VECTOR('',#835,1.);
#835 = DIRECTION('',(0.877633792378,-0.406765842334,-0.253575385216));
#836 = PLANE('',#837);
#837 = AXIS2_PLACEMENT_3D('',#838,#839,#840);
#838 = CARTESIAN_POINT('',(-62.46079781972,76.512460761092,
    129.59256622299));
#839 = DIRECTION('',(0.363742202121,0.909699835213,-0.200344254245));
#840 = DIRECTION('',(0.928525159593,-0.371269481648,-1.387778780781E-17)
  );
#841 = ADVANCED_FACE('',(#842),#867,.T.);
#842 = FACE_BOUND('',#843,.F.);
#843 = EDGE_LOOP('',(#844,#854,#860,#861));
#844 = ORIENTED_EDGE('',*,*,#845,.F.);
#845 = EDGE_CURVE('',#846,#848,#850,.T.);
#846 = VERTEX_POINT('',#847);
#847 = CARTESIAN_POINT('',(-61.46820831298,71.765510559082,
    129.8059387207));
#848 = VERTEX_POINT('',#849);
#849 = CARTESIAN_POINT('',(-62.16232681274,71.978393554688,
    129.51231384277));
#850 = LINE('',#851,#852);
#851 = CARTESIAN_POINT('',(-61.46820831298,71.765510559082,
    129.8059387207));
#852 = VECTOR('',#853,1.);
#853 = DIRECTION('',(-0.886307988319,0.271826640046,-0.374924562549));
#854 = ORIENTED_EDGE('',*,*,#855,.F.);
#855 = EDGE_CURVE('',#755,#846,#856,.T.);
#856 = LINE('',#857,#858);
#857 = CARTESIAN_POINT('',(-60.01322937011,75.404304504395,
    129.00457763671));
#858 = VECTOR('',#859,1.);
#859 = DIRECTION('',(-0.363745137116,-0.909699490194,0.200340492075));
#860 = ORIENTED_EDGE('',*,*,#754,.F.);
#861 = ORIENTED_EDGE('',*,*,#862,.F.);
#862 = EDGE_CURVE('',#848,#701,#863,.T.);
#863 = LINE('',#864,#865);
#864 = CARTESIAN_POINT('',(-62.16232681274,71.978393554688,
    129.51231384277));
#865 = VECTOR('',#866,1.);
#866 = DIRECTION('',(0.363745137116,0.909699490194,-0.200340492075));
#867 = PLANE('',#868);
#868 = AXIS2_PLACEMENT_3D('',#869,#870,#871);
#869 = CARTESIAN_POINT('',(-61.08777809143,73.691349029541,
    129.25844573974));
#870 = DIRECTION('',(0.286610800588,-0.313940364923,-0.905149543588));
#871 = DIRECTION('',(-6.938893903907E-17,0.944786056997,-0.32768781867)
  );
#872 = ADVANCED_FACE('',(#873),#890,.T.);
#873 = FACE_BOUND('',#874,.F.);
#874 = EDGE_LOOP('',(#875,#883,#889));
#875 = ORIENTED_EDGE('',*,*,#876,.F.);
#876 = EDGE_CURVE('',#877,#755,#879,.T.);
#877 = VERTEX_POINT('',#878);
#878 = CARTESIAN_POINT('',(-61.64979934692,76.327484130859,
    130.22509765625));
#879 = LINE('',#880,#881);
#880 = CARTESIAN_POINT('',(-61.64979934692,76.327484130859,
    130.22509765625));
#881 = VECTOR('',#882,1.);
#882 = DIRECTION('',(0.730415755442,-0.412023288848,-0.544728954296));
#883 = ORIENTED_EDGE('',*,*,#884,.F.);
#884 = EDGE_CURVE('',#709,#877,#885,.T.);
#885 = LINE('',#886,#887);
#886 = CARTESIAN_POINT('',(-61.95291519165,76.478858947754,
    130.36212158203));
#887 = VECTOR('',#888,1.);
#888 = DIRECTION('',(0.829383952275,-0.414190963934,-0.374924132465));
#889 = ORIENTED_EDGE('',*,*,#762,.F.);
#890 = PLANE('',#891);
#891 = AXIS2_PLACEMENT_3D('',#892,#893,#894);
#892 = CARTESIAN_POINT('',(-60.97528880837,75.941411246668,
    129.69670411319));
#893 = DIRECTION('',(0.36372078988,0.909701349143,-0.200376252028));
#894 = DIRECTION('',(0.928532906703,-0.371250105953,-4.163336342344E-17)
  );
#895 = ADVANCED_FACE('',(#896),#913,.T.);
#896 = FACE_BOUND('',#897,.F.);
#897 = EDGE_LOOP('',(#898,#906,#907));
#898 = ORIENTED_EDGE('',*,*,#899,.F.);
#899 = EDGE_CURVE('',#777,#900,#902,.T.);
#900 = VERTEX_POINT('',#901);
#901 = CARTESIAN_POINT('',(-63.40789794921,72.840072631836,
    131.1634979248));
#902 = LINE('',#903,#904);
#903 = CARTESIAN_POINT('',(-63.660572052,72.989105224609,131.38146972656
    ));
#904 = VECTOR('',#905,1.);
#905 = DIRECTION('',(0.691371957889,-0.407785975373,-0.59641882443));
#906 = ORIENTED_EDGE('',*,*,#776,.T.);
#907 = ORIENTED_EDGE('',*,*,#908,.T.);
#908 = EDGE_CURVE('',#709,#900,#909,.T.);
#909 = LINE('',#910,#911);
#910 = CARTESIAN_POINT('',(-61.95291519165,76.478858947754,
    130.36212158203));
#911 = VECTOR('',#912,1.);
#912 = DIRECTION('',(-0.363746317759,-0.90969815047,0.200344431786));
#913 = PLANE('',#914);
#914 = AXIS2_PLACEMENT_3D('',#915,#916,#917);
#915 = CARTESIAN_POINT('',(-62.77817414577,74.619095378403,
    130.83725733834));
#916 = DIRECTION('',(0.624258751054,-7.843262917748E-02,0.777270438402)
  );
#917 = DIRECTION('',(0.779672284098,-1.387778780781E-17,-0.62618777488)
  );
#918 = ADVANCED_FACE('',(#919),#936,.T.);
#919 = FACE_BOUND('',#920,.F.);
#920 = EDGE_LOOP('',(#921,#929,#935));
#921 = ORIENTED_EDGE('',*,*,#922,.T.);
#922 = EDGE_CURVE('',#777,#923,#925,.T.);
#923 = VERTEX_POINT('',#924);
#924 = CARTESIAN_POINT('',(-63.84558868408,73.125648498535,
    131.66554260253));
#925 = LINE('',#926,#927);
#926 = CARTESIAN_POINT('',(-63.660572052,72.989105224609,131.38146972656
    ));
#927 = VECTOR('',#928,1.);
#928 = DIRECTION('',(-0.506234863476,0.373604063901,0.777268464842));
#929 = ORIENTED_EDGE('',*,*,#930,.F.);
#930 = EDGE_CURVE('',#699,#923,#931,.T.);
#931 = LINE('',#932,#933);
#932 = CARTESIAN_POINT('',(-62.20559310913,76.627899169922,
    130.58009338378));
#933 = VECTOR('',#934,1.);
#934 = DIRECTION('',(-0.408298486804,-0.871931407241,0.270236871542));
#935 = ORIENTED_EDGE('',*,*,#784,.F.);
#936 = PLANE('',#937);
#937 = AXIS2_PLACEMENT_3D('',#938,#939,#940);
#938 = CARTESIAN_POINT('',(-63.0131652665,74.764865306258,131.0725081618
    ));
#939 = DIRECTION('',(0.781929575828,-0.181306212971,0.596417802873));
#940 = DIRECTION('',(-0.606469000848,0.,0.795107131782));
#941 = ADVANCED_FACE('',(#942),#967,.T.);
#942 = FACE_BOUND('',#943,.F.);
#943 = EDGE_LOOP('',(#944,#945,#953,#961));
#944 = ORIENTED_EDGE('',*,*,#799,.F.);
#945 = ORIENTED_EDGE('',*,*,#946,.F.);
#946 = EDGE_CURVE('',#947,#800,#949,.T.);
#947 = VERTEX_POINT('',#948);
#948 = CARTESIAN_POINT('',(-62.49536132812,76.879173278809,
    131.19497680664));
#949 = LINE('',#950,#951);
#950 = CARTESIAN_POINT('',(-62.49536132812,76.879173278809,
    131.19497680664));
#951 = VECTOR('',#952,1.);
#952 = DIRECTION('',(0.286616095175,-0.313941693761,-0.905147406175));
#953 = ORIENTED_EDGE('',*,*,#954,.T.);
#954 = EDGE_CURVE('',#947,#955,#957,.T.);
#955 = VERTEX_POINT('',#956);
#956 = CARTESIAN_POINT('',(-62.51270294189,76.964286804199,
    131.54997253418));
#957 = LINE('',#958,#959);
#958 = CARTESIAN_POINT('',(-62.49536132812,76.879173278809,
    131.19497680664));
#959 = VECTOR('',#960,1.);
#960 = DIRECTION('',(-4.745040317148E-02,0.232889000344,0.971345032806)
  );
#961 = ORIENTED_EDGE('',*,*,#962,.T.);
#962 = EDGE_CURVE('',#955,#731,#963,.T.);
#963 = LINE('',#964,#965);
#964 = CARTESIAN_POINT('',(-62.51270294189,76.964286804199,
    131.54997253418));
#965 = VECTOR('',#966,1.);
#966 = DIRECTION('',(-0.858575714672,0.244004283601,-0.450898715633));
#967 = PLANE('',#968);
#968 = AXIS2_PLACEMENT_3D('',#969,#970,#971);
#969 = CARTESIAN_POINT('',(-63.07591655831,77.075922809775,
    131.03429115979));
#970 = DIRECTION('',(0.363746006235,0.909699292613,-0.200339811239));
#971 = DIRECTION('',(0.928523744705,-0.371273020187,-2.775557561563E-17)
  );
#972 = ADVANCED_FACE('',(#973),#983,.T.);
#973 = FACE_BOUND('',#974,.F.);
#974 = EDGE_LOOP('',(#975,#976,#982));
#975 = ORIENTED_EDGE('',*,*,#930,.T.);
#976 = ORIENTED_EDGE('',*,*,#977,.T.);
#977 = EDGE_CURVE('',#923,#800,#978,.T.);
#978 = LINE('',#979,#980);
#979 = CARTESIAN_POINT('',(-63.84558868408,73.125648498535,
    131.66554260253));
#980 = VECTOR('',#981,1.);
#981 = DIRECTION('',(0.363745490265,0.909698466041,-0.200344501284));
#982 = ORIENTED_EDGE('',*,*,#808,.F.);
#983 = PLANE('',#984);
#984 = AXIS2_PLACEMENT_3D('',#985,#986,#987);
#985 = CARTESIAN_POINT('',(-63.038016712,74.988679830988,131.17312790193
    ));
#986 = DIRECTION('',(0.781931366061,-0.181307941573,0.596414930307));
#987 = DIRECTION('',(-0.606466276404,0.,0.795109209848));
#988 = ADVANCED_FACE('',(#989),#1006,.T.);
#989 = FACE_BOUND('',#990,.F.);
#990 = EDGE_LOOP('',(#991,#992,#1000));
#991 = ORIENTED_EDGE('',*,*,#823,.T.);
#992 = ORIENTED_EDGE('',*,*,#993,.F.);
#993 = EDGE_CURVE('',#994,#731,#996,.T.);
#994 = VERTEX_POINT('',#995);
#995 = CARTESIAN_POINT('',(-63.73671722412,77.130073547363,
    130.08039855957));
#996 = LINE('',#997,#998);
#997 = CARTESIAN_POINT('',(-63.73671722412,77.130073547363,
    130.08039855957));
#998 = VECTOR('',#999,1.);
#999 = DIRECTION('',(-0.28660889008,0.313939535077,0.90515043636));
#1000 = ORIENTED_EDGE('',*,*,#1001,.F.);
#1001 = EDGE_CURVE('',#824,#994,#1002,.T.);
#1002 = LINE('',#1003,#1004);
#1003 = CARTESIAN_POINT('',(-63.3402519226,76.83748626709,129.4716796875
    ));
#1004 = VECTOR('',#1005,1.);
#1005 = DIRECTION('',(-0.506241595413,0.373601046542,0.777265530624));
#1006 = PLANE('',#1007);
#1007 = AXIS2_PLACEMENT_3D('',#1008,#1009,#1010);
#1008 = CARTESIAN_POINT('',(-63.67230811175,77.112577975865,
    130.11790487277));
#1009 = DIRECTION('',(0.363759570166,0.909695117532,-0.200334141502));
#1010 = DIRECTION('',(0.928518384464,-0.371286425435,0.));
#1011 = ADVANCED_FACE('',(#1012),#1029,.T.);
#1012 = FACE_BOUND('',#1013,.F.);
#1013 = EDGE_LOOP('',(#1014,#1015,#1023));
#1014 = ORIENTED_EDGE('',*,*,#831,.F.);
#1015 = ORIENTED_EDGE('',*,*,#1016,.F.);
#1016 = EDGE_CURVE('',#1017,#824,#1019,.T.);
#1017 = VERTEX_POINT('',#1018);
#1018 = CARTESIAN_POINT('',(-62.1492652893,76.193740844727,
    128.71095275878));
#1019 = LINE('',#1020,#1021);
#1020 = CARTESIAN_POINT('',(-62.1492652893,76.193740844727,
    128.71095275878));
#1021 = VECTOR('',#1022,1.);
#1022 = DIRECTION('',(-0.766933309152,0.414538495412,0.489868487592));
#1023 = ORIENTED_EDGE('',*,*,#1024,.T.);
#1024 = EDGE_CURVE('',#1017,#701,#1025,.T.);
#1025 = LINE('',#1026,#1027);
#1026 = CARTESIAN_POINT('',(-62.1492652893,76.193740844727,
    128.71095275878));
#1027 = VECTOR('',#1028,1.);
#1028 = DIRECTION('',(0.928524118749,-0.371272084732,0.));
#1029 = PLANE('',#1030);
#1030 = AXIS2_PLACEMENT_3D('',#1031,#1032,#1033);
#1031 = CARTESIAN_POINT('',(-62.05571071433,76.218792668906,
    128.99457740342));
#1032 = DIRECTION('',(0.363745514857,0.909700722249,-0.200334211659));
#1033 = DIRECTION('',(0.928524118749,-0.371272084732,1.387778780781E-17)
  );
#1034 = ADVANCED_FACE('',(#1035),#1052,.T.);
#1035 = FACE_BOUND('',#1036,.F.);
#1036 = EDGE_LOOP('',(#1037,#1045,#1051));
#1037 = ORIENTED_EDGE('',*,*,#1038,.T.);
#1038 = EDGE_CURVE('',#848,#1039,#1041,.T.);
#1039 = VERTEX_POINT('',#1040);
#1040 = CARTESIAN_POINT('',(-60.85583496093,71.623519897461,
    130.27304077148));
#1041 = LINE('',#1042,#1043);
#1042 = CARTESIAN_POINT('',(-62.16232681274,71.978393554688,
    129.51231384277));
#1043 = VECTOR('',#1044,1.);
#1044 = DIRECTION('',(0.841312833481,-0.228520186847,0.489868595058));
#1045 = ORIENTED_EDGE('',*,*,#1046,.T.);
#1046 = EDGE_CURVE('',#1039,#846,#1047,.T.);
#1047 = LINE('',#1048,#1049);
#1048 = CARTESIAN_POINT('',(-60.85583496093,71.623519897461,
    130.27304077148));
#1049 = VECTOR('',#1050,1.);
#1050 = DIRECTION('',(-0.781921641166,0.1813037272,-0.596428961051));
#1051 = ORIENTED_EDGE('',*,*,#845,.T.);
#1052 = PLANE('',#1053);
#1053 = AXIS2_PLACEMENT_3D('',#1054,#1055,#1056);
#1054 = CARTESIAN_POINT('',(-61.4988180692,71.792056901801,
    129.87089994534));
#1055 = DIRECTION('',(-0.36375017392,-0.909696004684,0.200347173764));
#1056 = DIRECTION('',(-0.92852181561,0.371277844662,0.));
#1057 = ADVANCED_FACE('',(#1058),#1076,.T.);
#1058 = FACE_BOUND('',#1059,.F.);
#1059 = EDGE_LOOP('',(#1060,#1068,#1074,#1075));
#1060 = ORIENTED_EDGE('',*,*,#1061,.F.);
#1061 = EDGE_CURVE('',#1062,#1039,#1064,.T.);
#1062 = VERTEX_POINT('',#1063);
#1063 = CARTESIAN_POINT('',(-59.40085601806,75.262313842773,
    129.4716796875));
#1064 = LINE('',#1065,#1066);
#1065 = CARTESIAN_POINT('',(-59.40085601806,75.262313842773,
    129.4716796875));
#1066 = VECTOR('',#1067,1.);
#1067 = DIRECTION('',(-0.363745137116,-0.909699490194,0.200340492075));
#1068 = ORIENTED_EDGE('',*,*,#1069,.T.);
#1069 = EDGE_CURVE('',#1062,#755,#1070,.T.);
#1070 = LINE('',#1071,#1072);
#1071 = CARTESIAN_POINT('',(-59.40085601806,75.262313842773,
    129.4716796875));
#1072 = VECTOR('',#1073,1.);
#1073 = DIRECTION('',(-0.781921641166,0.1813037272,-0.596428961051));
#1074 = ORIENTED_EDGE('',*,*,#855,.T.);
#1075 = ORIENTED_EDGE('',*,*,#1046,.F.);
#1076 = PLANE('',#1077);
#1077 = AXIS2_PLACEMENT_3D('',#1078,#1079,#1080);
#1078 = CARTESIAN_POINT('',(-60.43453216552,73.513912200928,
    129.6388092041));
#1079 = DIRECTION('',(0.506248643883,-0.373598700572,-0.777262067451));
#1080 = DIRECTION('',(-0.83793670138,5.551115123126E-17,-0.545767427098)
  );
#1081 = ADVANCED_FACE('',(#1082),#1107,.T.);
#1082 = FACE_BOUND('',#1083,.F.);
#1083 = EDGE_LOOP('',(#1084,#1092,#1093,#1101));
#1084 = ORIENTED_EDGE('',*,*,#1085,.T.);
#1085 = EDGE_CURVE('',#1086,#848,#1088,.T.);
#1086 = VERTEX_POINT('',#1087);
#1087 = CARTESIAN_POINT('',(-62.89088821411,72.247657775879,
    129.41217041015));
#1088 = LINE('',#1089,#1090);
#1089 = CARTESIAN_POINT('',(-62.89088821411,72.247657775879,
    129.41217041015));
#1090 = VECTOR('',#1091,1.);
#1091 = DIRECTION('',(0.930288741253,-0.343819303255,0.127871594212));
#1092 = ORIENTED_EDGE('',*,*,#862,.T.);
#1093 = ORIENTED_EDGE('',*,*,#1094,.F.);
#1094 = EDGE_CURVE('',#1095,#701,#1097,.T.);
#1095 = VERTEX_POINT('',#1096);
#1096 = CARTESIAN_POINT('',(-61.43590927124,75.886451721191,
    128.61080932617));
#1097 = LINE('',#1098,#1099);
#1098 = CARTESIAN_POINT('',(-61.43590927124,75.886451721191,
    128.61080932617));
#1099 = VECTOR('',#1100,1.);
#1100 = DIRECTION('',(0.930288741253,-0.343819303255,0.127871594212));
#1101 = ORIENTED_EDGE('',*,*,#1102,.F.);
#1102 = EDGE_CURVE('',#1086,#1095,#1103,.T.);
#1103 = LINE('',#1104,#1105);
#1104 = CARTESIAN_POINT('',(-62.89088821411,72.247657775879,
    129.41217041015));
#1105 = VECTOR('',#1106,1.);
#1106 = DIRECTION('',(0.363745137116,0.909699490194,-0.200340492075));
#1107 = PLANE('',#1108);
#1108 = AXIS2_PLACEMENT_3D('',#1109,#1110,#1111);
#1109 = CARTESIAN_POINT('',(-61.79911804199,73.932422637939,
    129.06156158447));
#1110 = DIRECTION('',(4.744379566629E-02,-0.232887174765,-0.97134579326)
  );
#1111 = DIRECTION('',(1.734723475977E-18,0.972440850065,-0.233149722549)
  );
#1112 = ADVANCED_FACE('',(#1113),#1130,.T.);
#1113 = FACE_BOUND('',#1114,.F.);
#1114 = EDGE_LOOP('',(#1115,#1123,#1129));
#1115 = ORIENTED_EDGE('',*,*,#1116,.F.);
#1116 = EDGE_CURVE('',#1117,#755,#1119,.T.);
#1117 = VERTEX_POINT('',#1118);
#1118 = CARTESIAN_POINT('',(-61.31690216064,76.18408203125,
    130.17835998535));
#1119 = LINE('',#1120,#1121);
#1120 = CARTESIAN_POINT('',(-61.31690216064,76.18408203125,
    130.17835998535));
#1121 = VECTOR('',#1122,1.);
#1122 = DIRECTION('',(0.679090133215,-0.406190286733,-0.611429506921));
#1123 = ORIENTED_EDGE('',*,*,#1124,.T.);
#1124 = EDGE_CURVE('',#1117,#877,#1125,.T.);
#1125 = LINE('',#1126,#1127);
#1126 = CARTESIAN_POINT('',(-61.31690216064,76.18408203125,
    130.17835998535));
#1127 = VECTOR('',#1128,1.);
#1128 = DIRECTION('',(-0.910871493063,0.39237605472,0.127883364078));
#1129 = ORIENTED_EDGE('',*,*,#876,.T.);
#1130 = PLANE('',#1131);
#1131 = AXIS2_PLACEMENT_3D('',#1132,#1133,#1134);
#1132 = CARTESIAN_POINT('',(-60.81354855067,75.866965084655,
    129.65231821478));
#1133 = DIRECTION('',(0.363743428147,0.90969932107,-0.200344362847));
#1134 = DIRECTION('',(0.928524655857,-0.371270741461,4.163336342344E-17)
  );
#1135 = ADVANCED_FACE('',(#1136),#1146,.T.);
#1136 = FACE_BOUND('',#1137,.F.);
#1137 = EDGE_LOOP('',(#1138,#1139,#1145));
#1138 = ORIENTED_EDGE('',*,*,#884,.T.);
#1139 = ORIENTED_EDGE('',*,*,#1140,.F.);
#1140 = EDGE_CURVE('',#900,#877,#1141,.T.);
#1141 = LINE('',#1142,#1143);
#1142 = CARTESIAN_POINT('',(-63.40789794921,72.840072631836,
    131.1634979248));
#1143 = VECTOR('',#1144,1.);
#1144 = DIRECTION('',(0.437701797387,0.868237014328,-0.233627103553));
#1145 = ORIENTED_EDGE('',*,*,#908,.F.);
#1146 = PLANE('',#1147);
#1147 = AXIS2_PLACEMENT_3D('',#1148,#1149,#1150);
#1148 = CARTESIAN_POINT('',(-62.56945334969,74.699224639319,
    130.7095215528));
#1149 = DIRECTION('',(0.424048643214,2.978518402899E-02,0.905149485445)
  );
#1150 = DIRECTION('',(0.905551257727,0.,-0.424236867363));
#1151 = ADVANCED_FACE('',(#1152),#1169,.T.);
#1152 = FACE_BOUND('',#1153,.F.);
#1153 = EDGE_LOOP('',(#1154,#1162,#1168));
#1154 = ORIENTED_EDGE('',*,*,#1155,.F.);
#1155 = EDGE_CURVE('',#1156,#900,#1158,.T.);
#1156 = VERTEX_POINT('',#1157);
#1157 = CARTESIAN_POINT('',(-64.79522705078,73.198692321777,
    130.27304077148));
#1158 = LINE('',#1159,#1160);
#1159 = CARTESIAN_POINT('',(-64.79522705078,73.198692321777,
    130.27304077148));
#1160 = VECTOR('',#1161,1.);
#1161 = DIRECTION('',(0.822330653576,-0.212569579693,0.527812911909));
#1162 = ORIENTED_EDGE('',*,*,#1163,.T.);
#1163 = EDGE_CURVE('',#1156,#777,#1164,.T.);
#1164 = LINE('',#1165,#1166);
#1165 = CARTESIAN_POINT('',(-64.79522705078,73.198692321777,
    130.27304077148));
#1166 = VECTOR('',#1167,1.);
#1167 = DIRECTION('',(0.709161664333,-0.130992358744,0.692770334087));
#1168 = ORIENTED_EDGE('',*,*,#899,.T.);
#1169 = PLANE('',#1170);
#1170 = AXIS2_PLACEMENT_3D('',#1171,#1172,#1173);
#1171 = CARTESIAN_POINT('',(-64.10013849246,73.041538896143,
    130.8214647034));
#1172 = DIRECTION('',(-0.363740369843,-0.909702442976,0.200335739673));
#1173 = DIRECTION('',(-0.928526171201,0.37126695166,1.387778780781E-17)
  );
#1174 = ADVANCED_FACE('',(#1175),#1185,.T.);
#1175 = FACE_BOUND('',#1176,.F.);
#1176 = EDGE_LOOP('',(#1177,#1178,#1184));
#1177 = ORIENTED_EDGE('',*,*,#1163,.F.);
#1178 = ORIENTED_EDGE('',*,*,#1179,.T.);
#1179 = EDGE_CURVE('',#1156,#923,#1180,.T.);
#1180 = LINE('',#1181,#1182);
#1181 = CARTESIAN_POINT('',(-64.79522705078,73.198692321777,
    130.27304077148));
#1182 = VECTOR('',#1183,1.);
#1183 = DIRECTION('',(0.562891640894,-4.329622618857E-02,0.825395927667)
  );
#1184 = ORIENTED_EDGE('',*,*,#922,.F.);
#1185 = PLANE('',#1186);
#1186 = AXIS2_PLACEMENT_3D('',#1187,#1188,#1189);
#1187 = CARTESIAN_POINT('',(-64.22311744957,73.121778327665,
    130.96252775584));
#1188 = DIRECTION('',(-0.363750007296,-0.909696154919,0.20034679413));
#1189 = DIRECTION('',(-0.928521895378,0.37127764517,0.));
#1190 = ADVANCED_FACE('',(#1191),#1209,.T.);
#1191 = FACE_BOUND('',#1192,.F.);
#1192 = EDGE_LOOP('',(#1193,#1201,#1207,#1208));
#1193 = ORIENTED_EDGE('',*,*,#1194,.F.);
#1194 = EDGE_CURVE('',#1195,#923,#1197,.T.);
#1195 = VERTEX_POINT('',#1196);
#1196 = CARTESIAN_POINT('',(-63.95034027099,73.240386962891,
    131.99635314941));
#1197 = LINE('',#1198,#1199);
#1198 = CARTESIAN_POINT('',(-63.95034027099,73.240386962891,
    131.99635314941));
#1199 = VECTOR('',#1200,1.);
#1200 = DIRECTION('',(0.286616095175,-0.313941693761,-0.905147406175));
#1201 = ORIENTED_EDGE('',*,*,#1202,.F.);
#1202 = EDGE_CURVE('',#947,#1195,#1203,.T.);
#1203 = LINE('',#1204,#1205);
#1204 = CARTESIAN_POINT('',(-62.49536132812,76.879173278809,
    131.19497680664));
#1205 = VECTOR('',#1206,1.);
#1206 = DIRECTION('',(-0.363745490265,-0.909698466041,0.200344501284));
#1207 = ORIENTED_EDGE('',*,*,#946,.T.);
#1208 = ORIENTED_EDGE('',*,*,#977,.F.);
#1209 = PLANE('',#1210);
#1210 = AXIS2_PLACEMENT_3D('',#1211,#1212,#1213);
#1211 = CARTESIAN_POINT('',(-63.1704750061,75.002410888672,
    131.43025970459));
#1212 = DIRECTION('',(0.886307699016,-0.271821328376,0.374929097438));
#1213 = DIRECTION('',(-0.389598357559,1.387778780781E-17,0.920984864038)
  );
#1214 = ADVANCED_FACE('',(#1215),#1233,.T.);
#1215 = FACE_BOUND('',#1216,.F.);
#1216 = EDGE_LOOP('',(#1217,#1225,#1231,#1232));
#1217 = ORIENTED_EDGE('',*,*,#1218,.F.);
#1218 = EDGE_CURVE('',#1219,#1195,#1221,.T.);
#1219 = VERTEX_POINT('',#1220);
#1220 = CARTESIAN_POINT('',(-63.96768188476,73.325500488281,
    132.35134887695));
#1221 = LINE('',#1222,#1223);
#1222 = CARTESIAN_POINT('',(-63.96768188476,73.325500488281,
    132.35134887695));
#1223 = VECTOR('',#1224,1.);
#1224 = DIRECTION('',(4.745040317148E-02,-0.232889000344,-0.971345032806
    ));
#1225 = ORIENTED_EDGE('',*,*,#1226,.T.);
#1226 = EDGE_CURVE('',#1219,#955,#1227,.T.);
#1227 = LINE('',#1228,#1229);
#1228 = CARTESIAN_POINT('',(-63.96768188476,73.325500488281,
    132.35134887695));
#1229 = VECTOR('',#1230,1.);
#1230 = DIRECTION('',(0.363745490265,0.909698466041,-0.200344501284));
#1231 = ORIENTED_EDGE('',*,*,#954,.F.);
#1232 = ORIENTED_EDGE('',*,*,#1202,.T.);
#1233 = PLANE('',#1234);
#1234 = AXIS2_PLACEMENT_3D('',#1235,#1236,#1237);
#1235 = CARTESIAN_POINT('',(-63.23152160644,75.102336883545,
    131.77316284179));
#1236 = DIRECTION('',(0.930289116979,-0.343815947819,0.127877882587));
#1237 = DIRECTION('',(0.346662070851,0.937990089837,6.938893903907E-18)
  );
#1238 = ADVANCED_FACE('',(#1239),#1256,.T.);
#1239 = FACE_BOUND('',#1240,.F.);
#1240 = EDGE_LOOP('',(#1241,#1242,#1250));
#1241 = ORIENTED_EDGE('',*,*,#962,.F.);
#1242 = ORIENTED_EDGE('',*,*,#1243,.T.);
#1243 = EDGE_CURVE('',#955,#1244,#1246,.T.);
#1244 = VERTEX_POINT('',#1245);
#1245 = CARTESIAN_POINT('',(-62.44145584106,77.013984680176,
    131.9049835205));
#1246 = LINE('',#1247,#1248);
#1247 = CARTESIAN_POINT('',(-62.51270294189,76.964286804199,
    131.54997253418));
#1248 = VECTOR('',#1249,1.);
#1249 = DIRECTION('',(0.194938841779,0.13597811376,0.971343811708));
#1250 = ORIENTED_EDGE('',*,*,#1251,.T.);
#1251 = EDGE_CURVE('',#1244,#731,#1252,.T.);
#1252 = LINE('',#1253,#1254);
#1253 = CARTESIAN_POINT('',(-62.44145584106,77.013984680176,
    131.9049835205));
#1254 = VECTOR('',#1255,1.);
#1255 = DIRECTION('',(-0.791632638308,0.188543952983,-0.58117892577));
#1256 = PLANE('',#1257);
#1257 = AXIS2_PLACEMENT_3D('',#1258,#1259,#1260);
#1258 = CARTESIAN_POINT('',(-63.14981039388,77.165470208233,
    131.30673683729));
#1259 = DIRECTION('',(0.363749787956,0.909695775698,-0.200348914247));
#1260 = DIRECTION('',(0.928521919202,-0.371277585589,-2.775557561563E-17
    ));
#1261 = ADVANCED_FACE('',(#1262),#1279,.T.);
#1262 = FACE_BOUND('',#1263,.F.);
#1263 = EDGE_LOOP('',(#1264,#1272,#1278));
#1264 = ORIENTED_EDGE('',*,*,#1265,.F.);
#1265 = EDGE_CURVE('',#1266,#731,#1268,.T.);
#1266 = VERTEX_POINT('',#1267);
#1267 = CARTESIAN_POINT('',(-65.19169616699,73.491279602051,
    130.88175964355));
#1268 = LINE('',#1269,#1270);
#1269 = CARTESIAN_POINT('',(-65.19169616699,73.491279602051,
    130.88175964355));
#1270 = VECTOR('',#1271,1.);
#1271 = DIRECTION('',(0.301897907188,0.95307020366,-2.269009762706E-02)
  );
#1272 = ORIENTED_EDGE('',*,*,#1273,.T.);
#1273 = EDGE_CURVE('',#1266,#994,#1274,.T.);
#1274 = LINE('',#1275,#1276);
#1275 = CARTESIAN_POINT('',(-65.19169616699,73.491279602051,
    130.88175964355));
#1276 = VECTOR('',#1277,1.);
#1277 = DIRECTION('',(0.363745137116,0.909699490194,-0.200340492075));
#1278 = ORIENTED_EDGE('',*,*,#993,.T.);
#1279 = PLANE('',#1280);
#1280 = AXIS2_PLACEMENT_3D('',#1281,#1282,#1283);
#1281 = CARTESIAN_POINT('',(-64.46145222239,75.538941367741,
    130.64006337802));
#1282 = DIRECTION('',(-0.886309691445,0.271824703512,-0.374921940424));
#1283 = DIRECTION('',(0.389591306466,0.,-0.920987846785));
#1284 = ADVANCED_FACE('',(#1285),#1300,.T.);
#1285 = FACE_BOUND('',#1286,.F.);
#1286 = EDGE_LOOP('',(#1287,#1288,#1294));
#1287 = ORIENTED_EDGE('',*,*,#1001,.T.);
#1288 = ORIENTED_EDGE('',*,*,#1289,.F.);
#1289 = EDGE_CURVE('',#1156,#994,#1290,.T.);
#1290 = LINE('',#1291,#1292);
#1291 = CARTESIAN_POINT('',(-64.79522705078,73.198692321777,
    130.27304077148));
#1292 = VECTOR('',#1293,1.);
#1293 = DIRECTION('',(0.259696907529,0.964532894156,-4.726322366927E-02)
  );
#1294 = ORIENTED_EDGE('',*,*,#1295,.T.);
#1295 = EDGE_CURVE('',#1156,#824,#1296,.T.);
#1296 = LINE('',#1297,#1298);
#1297 = CARTESIAN_POINT('',(-64.79522705078,73.198692321777,
    130.27304077148));
#1298 = VECTOR('',#1299,1.);
#1299 = DIRECTION('',(0.363744309621,0.909699805764,-0.200340561572));
#1300 = PLANE('',#1301);
#1301 = AXIS2_PLACEMENT_3D('',#1302,#1303,#1304);
#1302 = CARTESIAN_POINT('',(-64.11215676386,75.259166344796,
    130.00387681207));
#1303 = DIRECTION('',(-0.781925745712,0.181305188315,-0.596423135771));
#1304 = DIRECTION('',(0.606474307122,1.387778780781E-17,-0.795103084387)
  );
#1305 = ADVANCED_FACE('',(#1306),#1323,.T.);
#1306 = FACE_BOUND('',#1307,.F.);
#1307 = EDGE_LOOP('',(#1308,#1309,#1317));
#1308 = ORIENTED_EDGE('',*,*,#1016,.T.);
#1309 = ORIENTED_EDGE('',*,*,#1310,.F.);
#1310 = EDGE_CURVE('',#1311,#824,#1313,.T.);
#1311 = VERTEX_POINT('',#1312);
#1312 = CARTESIAN_POINT('',(-62.79880142211,76.518119812012,
    129.00457763671));
#1313 = LINE('',#1314,#1315);
#1314 = CARTESIAN_POINT('',(-62.79880142211,76.518119812012,
    129.00457763671));
#1315 = VECTOR('',#1316,1.);
#1316 = DIRECTION('',(-0.6913617004,0.407789327435,0.596428422907));
#1317 = ORIENTED_EDGE('',*,*,#1318,.T.);
#1318 = EDGE_CURVE('',#1311,#1017,#1319,.T.);
#1319 = LINE('',#1320,#1321);
#1320 = CARTESIAN_POINT('',(-62.79880142211,76.518119812012,
    129.00457763671));
#1321 = VECTOR('',#1322,1.);
#1322 = DIRECTION('',(0.829382043199,-0.414194187308,-0.374924794618));
#1323 = PLANE('',#1324);
#1324 = AXIS2_PLACEMENT_3D('',#1325,#1326,#1327);
#1325 = CARTESIAN_POINT('',(-62.75832817508,76.516243254307,
    129.06953893484));
#1326 = DIRECTION('',(0.363739398544,0.909701006143,-0.200344027537));
#1327 = DIRECTION('',(0.928526310817,-0.371266602485,0.));
#1328 = ADVANCED_FACE('',(#1329),#1339,.T.);
#1329 = FACE_BOUND('',#1330,.F.);
#1330 = EDGE_LOOP('',(#1331,#1332,#1338));
#1331 = ORIENTED_EDGE('',*,*,#1024,.F.);
#1332 = ORIENTED_EDGE('',*,*,#1333,.F.);
#1333 = EDGE_CURVE('',#1095,#1017,#1334,.T.);
#1334 = LINE('',#1335,#1336);
#1335 = CARTESIAN_POINT('',(-61.43590927124,75.886451721191,
    128.61080932617));
#1336 = VECTOR('',#1337,1.);
#1337 = DIRECTION('',(-0.910874353896,0.392373197633,0.127871752914));
#1338 = ORIENTED_EDGE('',*,*,#1094,.T.);
#1339 = PLANE('',#1340);
#1340 = AXIS2_PLACEMENT_3D('',#1341,#1342,#1343);
#1341 = CARTESIAN_POINT('',(-61.43021530423,75.900690598349,
    128.68580936273));
#1342 = DIRECTION('',(0.363746293492,0.909702669559,-0.200323955052));
#1343 = DIRECTION('',(0.928524118749,-0.371272084732,0.));
#1344 = ADVANCED_FACE('',(#1345),#1362,.T.);
#1345 = FACE_BOUND('',#1346,.F.);
#1346 = EDGE_LOOP('',(#1347,#1355,#1361));
#1347 = ORIENTED_EDGE('',*,*,#1348,.T.);
#1348 = EDGE_CURVE('',#848,#1349,#1351,.T.);
#1349 = VERTEX_POINT('',#1350);
#1350 = CARTESIAN_POINT('',(-60.03484344482,71.585418701172,
    131.59063720703));
#1351 = LINE('',#1352,#1353);
#1352 = CARTESIAN_POINT('',(-62.16232681274,71.978393554688,
    129.51231384277));
#1353 = VECTOR('',#1354,1.);
#1354 = DIRECTION('',(0.709159439464,-0.130991306933,0.69277281047));
#1355 = ORIENTED_EDGE('',*,*,#1356,.T.);
#1356 = EDGE_CURVE('',#1349,#1039,#1357,.T.);
#1357 = LINE('',#1358,#1359);
#1358 = CARTESIAN_POINT('',(-60.03484344482,71.585418701172,
    131.59063720703));
#1359 = VECTOR('',#1360,1.);
#1360 = DIRECTION('',(-0.52867833303,2.453530462278E-02,-0.84846758277)
  );
#1361 = ORIENTED_EDGE('',*,*,#1038,.F.);
#1362 = PLANE('',#1363);
#1363 = AXIS2_PLACEMENT_3D('',#1364,#1365,#1366);
#1364 = CARTESIAN_POINT('',(-61.03684638451,71.741623400142,
    130.48065976027));
#1365 = DIRECTION('',(-0.363749441998,-0.909696639397,0.200345620653));
#1366 = DIRECTION('',(-0.928522162457,0.371276977236,2.775557561563E-17)
  );
#1367 = ADVANCED_FACE('',(#1368),#1393,.T.);
#1368 = FACE_BOUND('',#1369,.F.);
#1369 = EDGE_LOOP('',(#1370,#1378,#1386,#1392));
#1370 = ORIENTED_EDGE('',*,*,#1371,.F.);
#1371 = EDGE_CURVE('',#1372,#1039,#1374,.T.);
#1372 = VERTEX_POINT('',#1373);
#1373 = CARTESIAN_POINT('',(-60.36694335937,71.56209564209,
    130.88175964355));
#1374 = LINE('',#1375,#1376);
#1375 = CARTESIAN_POINT('',(-60.36694335937,71.56209564209,
    130.88175964355));
#1376 = VECTOR('',#1377,1.);
#1377 = DIRECTION('',(-0.624261678416,7.843212816676E-02,-0.77726813786)
  );
#1378 = ORIENTED_EDGE('',*,*,#1379,.T.);
#1379 = EDGE_CURVE('',#1372,#1380,#1382,.T.);
#1380 = VERTEX_POINT('',#1381);
#1381 = CARTESIAN_POINT('',(-58.9119644165,75.200889587402,
    130.08039855957));
#1382 = LINE('',#1383,#1384);
#1383 = CARTESIAN_POINT('',(-60.36694335937,71.56209564209,
    130.88175964355));
#1384 = VECTOR('',#1385,1.);
#1385 = DIRECTION('',(0.363745137116,0.909699490194,-0.200340492075));
#1386 = ORIENTED_EDGE('',*,*,#1387,.T.);
#1387 = EDGE_CURVE('',#1380,#1062,#1388,.T.);
#1388 = LINE('',#1389,#1390);
#1389 = CARTESIAN_POINT('',(-58.9119644165,75.200889587402,
    130.08039855957));
#1390 = VECTOR('',#1391,1.);
#1391 = DIRECTION('',(-0.624261678416,7.843212816676E-02,-0.77726813786)
  );
#1392 = ORIENTED_EDGE('',*,*,#1061,.T.);
#1393 = PLANE('',#1394);
#1394 = AXIS2_PLACEMENT_3D('',#1395,#1396,#1397);
#1395 = CARTESIAN_POINT('',(-59.88389968872,73.412204742432,
    130.17671966552));
#1396 = DIRECTION('',(0.691367297611,-0.407792397222,-0.596419835822));
#1397 = DIRECTION('',(0.653199407057,2.775557561563E-17,0.757185931341)
  );
#1398 = ADVANCED_FACE('',(#1399),#1416,.T.);
#1399 = FACE_BOUND('',#1400,.F.);
#1400 = EDGE_LOOP('',(#1401,#1409,#1410));
#1401 = ORIENTED_EDGE('',*,*,#1402,.F.);
#1402 = EDGE_CURVE('',#755,#1403,#1405,.T.);
#1403 = VERTEX_POINT('',#1404);
#1404 = CARTESIAN_POINT('',(-58.57986450195,75.224212646484,
    130.78927612304));
#1405 = LINE('',#1406,#1407);
#1406 = CARTESIAN_POINT('',(-60.01322937011,75.404304504395,
    129.00457763671));
#1407 = VECTOR('',#1408,1.);
#1408 = DIRECTION('',(0.624258194483,-7.843349628354E-02,0.777270797909)
  );
#1409 = ORIENTED_EDGE('',*,*,#1069,.F.);
#1410 = ORIENTED_EDGE('',*,*,#1411,.F.);
#1411 = EDGE_CURVE('',#1403,#1062,#1412,.T.);
#1412 = LINE('',#1413,#1414);
#1413 = CARTESIAN_POINT('',(-58.57986450195,75.224212646484,
    130.78927612304));
#1414 = VECTOR('',#1415,1.);
#1415 = DIRECTION('',(-0.52867833303,2.453530462278E-02,-0.84846758277)
  );
#1416 = PLANE('',#1417);
#1417 = AXIS2_PLACEMENT_3D('',#1418,#1419,#1420);
#1418 = CARTESIAN_POINT('',(-59.26330225794,75.293678699978,
    129.86384034777));
#1419 = DIRECTION('',(0.36374896313,0.909696898239,-0.200345314786));
#1420 = DIRECTION('',(0.928522367377,-0.371276464754,1.387778780781E-17)
  );
#1421 = ADVANCED_FACE('',(#1422),#1439,.T.);
#1422 = FACE_BOUND('',#1423,.F.);
#1423 = EDGE_LOOP('',(#1424,#1432,#1433));
#1424 = ORIENTED_EDGE('',*,*,#1425,.T.);
#1425 = EDGE_CURVE('',#1426,#848,#1428,.T.);
#1426 = VERTEX_POINT('',#1427);
#1427 = CARTESIAN_POINT('',(-63.60424423217,72.554946899414,
    129.51231384277));
#1428 = LINE('',#1429,#1430);
#1429 = CARTESIAN_POINT('',(-63.60424423217,72.554946899414,
    129.51231384277));
#1430 = VECTOR('',#1431,1.);
#1431 = DIRECTION('',(0.928524118749,-0.371272084732,0.));
#1432 = ORIENTED_EDGE('',*,*,#1085,.F.);
#1433 = ORIENTED_EDGE('',*,*,#1434,.F.);
#1434 = EDGE_CURVE('',#1426,#1086,#1435,.T.);
#1435 = LINE('',#1436,#1437);
#1436 = CARTESIAN_POINT('',(-63.60424423217,72.554946899414,
    129.51231384277));
#1437 = VECTOR('',#1438,1.);
#1438 = DIRECTION('',(0.910874353896,-0.392373197633,-0.127871752914));
#1439 = PLANE('',#1440);
#1440 = AXIS2_PLACEMENT_3D('',#1441,#1442,#1443);
#1441 = CARTESIAN_POINT('',(-62.88519424711,72.261896653037,
    129.48717044672));
#1442 = DIRECTION('',(-0.363746293492,-0.909702669559,0.200323955052));
#1443 = DIRECTION('',(-0.928524118749,0.371272084732,1.387778780781E-17)
  );
#1444 = ADVANCED_FACE('',(#1445),#1456,.T.);
#1445 = FACE_BOUND('',#1446,.F.);
#1446 = EDGE_LOOP('',(#1447,#1448,#1454,#1455));
#1447 = ORIENTED_EDGE('',*,*,#1333,.T.);
#1448 = ORIENTED_EDGE('',*,*,#1449,.T.);
#1449 = EDGE_CURVE('',#1017,#1426,#1450,.T.);
#1450 = LINE('',#1451,#1452);
#1451 = CARTESIAN_POINT('',(-62.1492652893,76.193740844727,
    128.71095275878));
#1452 = VECTOR('',#1453,1.);
#1453 = DIRECTION('',(-0.363745137116,-0.909699490194,0.200340492075));
#1454 = ORIENTED_EDGE('',*,*,#1434,.T.);
#1455 = ORIENTED_EDGE('',*,*,#1102,.T.);
#1456 = PLANE('',#1457);
#1457 = AXIS2_PLACEMENT_3D('',#1458,#1459,#1460);
#1458 = CARTESIAN_POINT('',(-62.5200767517,74.220699310303,
    129.06156158447));
#1459 = DIRECTION('',(-0.194933107928,-0.135972287981,-0.971345777947));
#1460 = DIRECTION('',(-0.980451583855,0.,0.196760493279));
#1461 = ADVANCED_FACE('',(#1462),#1479,.T.);
#1462 = FACE_BOUND('',#1463,.F.);
#1463 = EDGE_LOOP('',(#1464,#1472,#1478));
#1464 = ORIENTED_EDGE('',*,*,#1465,.F.);
#1465 = EDGE_CURVE('',#1466,#755,#1468,.T.);
#1466 = VERTEX_POINT('',#1467);
#1467 = CARTESIAN_POINT('',(-60.97690582275,76.05842590332,
    130.22509765625));
#1468 = LINE('',#1469,#1470);
#1469 = CARTESIAN_POINT('',(-60.97690582275,76.05842590332,
    130.22509765625));
#1470 = VECTOR('',#1471,1.);
#1471 = DIRECTION('',(0.571211972914,-0.38772554189,-0.723454066383));
#1472 = ORIENTED_EDGE('',*,*,#1473,.F.);
#1473 = EDGE_CURVE('',#1117,#1466,#1474,.T.);
#1474 = LINE('',#1475,#1476);
#1475 = CARTESIAN_POINT('',(-61.31690216064,76.18408203125,
    130.17835998535));
#1476 = VECTOR('',#1477,1.);
#1477 = DIRECTION('',(0.930288236455,-0.343816696311,0.12788227575));
#1478 = ORIENTED_EDGE('',*,*,#1116,.T.);
#1479 = PLANE('',#1480);
#1480 = AXIS2_PLACEMENT_3D('',#1481,#1482,#1483);
#1481 = CARTESIAN_POINT('',(-60.6371976703,75.797601056104,
    129.65754146615));
#1482 = DIRECTION('',(0.363747033942,0.90969883271,-0.200340033604));
#1483 = DIRECTION('',(0.928523318379,-0.371274086392,1.387778780781E-17)
  );
#1484 = ADVANCED_FACE('',(#1485),#1502,.T.);
#1485 = FACE_BOUND('',#1486,.F.);
#1486 = EDGE_LOOP('',(#1487,#1488,#1496));
#1487 = ORIENTED_EDGE('',*,*,#1124,.F.);
#1488 = ORIENTED_EDGE('',*,*,#1489,.T.);
#1489 = EDGE_CURVE('',#1117,#1490,#1492,.T.);
#1490 = VERTEX_POINT('',#1491);
#1491 = CARTESIAN_POINT('',(-63.10478210449,72.688690185547,
    131.02647399902));
#1492 = LINE('',#1493,#1494);
#1493 = CARTESIAN_POINT('',(-61.31690216064,76.18408203125,
    130.17835998535));
#1494 = VECTOR('',#1495,1.);
#1495 = DIRECTION('',(-0.445115819908,-0.870222977025,0.211148945358));
#1496 = ORIENTED_EDGE('',*,*,#1497,.T.);
#1497 = EDGE_CURVE('',#1490,#877,#1498,.T.);
#1498 = LINE('',#1499,#1500);
#1499 = CARTESIAN_POINT('',(-63.10478210449,72.688690185547,
    131.02647399902));
#1500 = VECTOR('',#1501,1.);
#1501 = DIRECTION('',(0.363745686618,0.909698479391,-0.200344084166));
#1502 = PLANE('',#1503);
#1503 = AXIS2_PLACEMENT_3D('',#1504,#1505,#1506);
#1504 = CARTESIAN_POINT('',(-62.25855281655,74.549930134097,
    130.59609824341));
#1505 = DIRECTION('',(0.194945523173,0.135970692997,0.971343509599));
#1506 = DIRECTION('',(0.980449077606,0.,-0.196772981432));
#1507 = ADVANCED_FACE('',(#1508),#1518,.T.);
#1508 = FACE_BOUND('',#1509,.F.);
#1509 = EDGE_LOOP('',(#1510,#1511,#1512));
#1510 = ORIENTED_EDGE('',*,*,#1140,.T.);
#1511 = ORIENTED_EDGE('',*,*,#1497,.F.);
#1512 = ORIENTED_EDGE('',*,*,#1513,.F.);
#1513 = EDGE_CURVE('',#900,#1490,#1514,.T.);
#1514 = LINE('',#1515,#1516);
#1515 = CARTESIAN_POINT('',(-63.40789794921,72.840072631836,
    131.1634979248));
#1516 = VECTOR('',#1517,1.);
#1517 = DIRECTION('',(0.829376780963,-0.414208257938,-0.374920890664));
#1518 = PLANE('',#1519);
#1519 = AXIS2_PLACEMENT_3D('',#1520,#1521,#1522);
#1520 = CARTESIAN_POINT('',(-62.48824414415,74.468329527182,
    130.67907414092));
#1521 = DIRECTION('',(0.424049138237,2.978487480924E-02,0.905149263709)
  );
#1522 = DIRECTION('',(0.905551027545,-1.734723475977E-18,-0.424237358695
    ));
#1523 = ADVANCED_FACE('',(#1524),#1534,.T.);
#1524 = FACE_BOUND('',#1525,.F.);
#1525 = EDGE_LOOP('',(#1526,#1532,#1533));
#1526 = ORIENTED_EDGE('',*,*,#1527,.F.);
#1527 = EDGE_CURVE('',#1156,#1490,#1528,.T.);
#1528 = LINE('',#1529,#1530);
#1529 = CARTESIAN_POINT('',(-64.79522705078,73.198692321777,
    130.27304077148));
#1530 = VECTOR('',#1531,1.);
#1531 = DIRECTION('',(0.880563349865,-0.265663303915,0.392468082559));
#1532 = ORIENTED_EDGE('',*,*,#1155,.T.);
#1533 = ORIENTED_EDGE('',*,*,#1513,.T.);
#1534 = PLANE('',#1535);
#1535 = AXIS2_PLACEMENT_3D('',#1536,#1537,#1538);
#1536 = CARTESIAN_POINT('',(-63.95055143108,72.959340531813,
    130.71981900485));
#1537 = DIRECTION('',(-0.363750183166,-0.909694442311,0.200354250955));
#1538 = DIRECTION('',(-0.92852159253,0.371278402557,-1.387778780781E-17)
  );
#1539 = ADVANCED_FACE('',(#1540),#1550,.T.);
#1540 = FACE_BOUND('',#1541,.F.);
#1541 = EDGE_LOOP('',(#1542,#1543,#1549));
#1542 = ORIENTED_EDGE('',*,*,#1179,.F.);
#1543 = ORIENTED_EDGE('',*,*,#1544,.T.);
#1544 = EDGE_CURVE('',#1156,#1195,#1545,.T.);
#1545 = LINE('',#1546,#1547);
#1546 = CARTESIAN_POINT('',(-64.79522705078,73.198692321777,
    130.27304077148));
#1547 = VECTOR('',#1548,1.);
#1548 = DIRECTION('',(0.440106228472,2.171897073891E-02,0.897683014193)
  );
#1549 = ORIENTED_EDGE('',*,*,#1194,.T.);
#1550 = PLANE('',#1551);
#1551 = AXIS2_PLACEMENT_3D('',#1552,#1553,#1554);
#1552 = CARTESIAN_POINT('',(-64.30685249605,73.191814041747,
    131.12850736658));
#1553 = DIRECTION('',(-0.363742372957,-0.909700403218,0.200341364928));
#1554 = DIRECTION('',(-0.928525179396,0.371269432122,4.163336342344E-17)
  );
#1555 = ADVANCED_FACE('',(#1556),#1566,.T.);
#1556 = FACE_BOUND('',#1557,.F.);
#1557 = EDGE_LOOP('',(#1558,#1559,#1565));
#1558 = ORIENTED_EDGE('',*,*,#1544,.F.);
#1559 = ORIENTED_EDGE('',*,*,#1560,.T.);
#1560 = EDGE_CURVE('',#1156,#1219,#1561,.T.);
#1561 = LINE('',#1562,#1563);
#1562 = CARTESIAN_POINT('',(-64.79522705078,73.198692321777,
    130.27304077148));
#1563 = VECTOR('',#1564,1.);
#1564 = DIRECTION('',(0.36934133422,5.659569934062E-02,0.92756881451));
#1565 = ORIENTED_EDGE('',*,*,#1218,.T.);
#1566 = PLANE('',#1567);
#1567 = AXIS2_PLACEMENT_3D('',#1568,#1569,#1570);
#1568 = CARTESIAN_POINT('',(-64.34366329271,73.245728329941,
    131.30648518135));
#1569 = DIRECTION('',(-0.363740634235,-0.909701281493,0.200340533736));
#1570 = DIRECTION('',(-0.92852591476,0.37126759301,5.551115123126E-17));
#1571 = ADVANCED_FACE('',(#1572),#1589,.T.);
#1572 = FACE_BOUND('',#1573,.F.);
#1573 = EDGE_LOOP('',(#1574,#1582,#1588));
#1574 = ORIENTED_EDGE('',*,*,#1575,.T.);
#1575 = EDGE_CURVE('',#1219,#1576,#1578,.T.);
#1576 = VERTEX_POINT('',#1577);
#1577 = CARTESIAN_POINT('',(-63.89643478393,73.375190734863,
    132.70635986328));
#1578 = LINE('',#1579,#1580);
#1579 = CARTESIAN_POINT('',(-63.96768188476,73.325500488281,
    132.35134887695));
#1580 = VECTOR('',#1581,1.);
#1581 = DIRECTION('',(0.194939395074,0.135957624899,0.971346568677));
#1582 = ORIENTED_EDGE('',*,*,#1583,.F.);
#1583 = EDGE_CURVE('',#955,#1576,#1584,.T.);
#1584 = LINE('',#1585,#1586);
#1585 = CARTESIAN_POINT('',(-62.51270294189,76.964286804199,
    131.54997253418));
#1586 = VECTOR('',#1587,1.);
#1587 = DIRECTION('',(-0.344498141779,-0.893552413108,0.287897751536));
#1588 = ORIENTED_EDGE('',*,*,#1226,.F.);
#1589 = PLANE('',#1590);
#1590 = AXIS2_PLACEMENT_3D('',#1591,#1592,#1593);
#1591 = CARTESIAN_POINT('',(-63.25328905098,75.078552194167,
    132.0609308632));
#1592 = DIRECTION('',(0.91087084618,-0.392377969772,-0.127882095761));
#1593 = DIRECTION('',(0.395626307986,0.918411576816,-1.387778780781E-17)
  );
#1594 = ADVANCED_FACE('',(#1595),#1605,.T.);
#1595 = FACE_BOUND('',#1596,.F.);
#1596 = EDGE_LOOP('',(#1597,#1598,#1604));
#1597 = ORIENTED_EDGE('',*,*,#1583,.T.);
#1598 = ORIENTED_EDGE('',*,*,#1599,.T.);
#1599 = EDGE_CURVE('',#1576,#1244,#1600,.T.);
#1600 = LINE('',#1601,#1602);
#1601 = CARTESIAN_POINT('',(-63.89643478393,73.375190734863,
    132.70635986328));
#1602 = VECTOR('',#1603,1.);
#1603 = DIRECTION('',(0.363744859125,0.909698794961,-0.200344153664));
#1604 = ORIENTED_EDGE('',*,*,#1243,.F.);
#1605 = PLANE('',#1606);
#1606 = AXIS2_PLACEMENT_3D('',#1607,#1608,#1609);
#1607 = CARTESIAN_POINT('',(-63.15584860169,75.260927490566,
    132.19540156765));
#1608 = DIRECTION('',(0.910872715129,-0.392376175228,-0.127874289624));
#1609 = DIRECTION('',(0.395624097094,0.918412529204,0.));
#1610 = ADVANCED_FACE('',(#1611),#1628,.T.);
#1611 = FACE_BOUND('',#1612,.F.);
#1612 = EDGE_LOOP('',(#1613,#1614,#1622));
#1613 = ORIENTED_EDGE('',*,*,#1251,.F.);
#1614 = ORIENTED_EDGE('',*,*,#1615,.F.);
#1615 = EDGE_CURVE('',#1616,#1244,#1618,.T.);
#1616 = VERTEX_POINT('',#1617);
#1617 = CARTESIAN_POINT('',(-62.28647613525,77.024864196777,
    132.23579406738));
#1618 = LINE('',#1619,#1620);
#1619 = CARTESIAN_POINT('',(-62.28647613525,77.024864196777,
    132.23579406738));
#1620 = VECTOR('',#1621,1.);
#1621 = DIRECTION('',(-0.42404895215,-2.976807570169E-02,-0.905149903524
    ));
#1622 = ORIENTED_EDGE('',*,*,#1623,.T.);
#1623 = EDGE_CURVE('',#1616,#731,#1624,.T.);
#1624 = LINE('',#1625,#1626);
#1625 = CARTESIAN_POINT('',(-62.28647613525,77.024864196777,
    132.23579406738));
#1626 = VECTOR('',#1627,1.);
#1627 = DIRECTION('',(-0.747434130545,0.156687519282,-0.645593712638));
#1628 = PLANE('',#1629);
#1629 = AXIS2_PLACEMENT_3D('',#1630,#1631,#1632);
#1630 = CARTESIAN_POINT('',(-63.09533455877,77.183479340779,
    131.48742321429));
#1631 = DIRECTION('',(0.363732505937,0.909708800385,-0.200321148725));
#1632 = DIRECTION('',(0.928529832605,-0.37125779448,1.387778780781E-17)
  );
#1633 = ADVANCED_FACE('',(#1634),#1651,.T.);
#1634 = FACE_BOUND('',#1635,.F.);
#1635 = EDGE_LOOP('',(#1636,#1644,#1645));
#1636 = ORIENTED_EDGE('',*,*,#1637,.F.);
#1637 = EDGE_CURVE('',#1266,#1638,#1640,.T.);
#1638 = VERTEX_POINT('',#1639);
#1639 = CARTESIAN_POINT('',(-65.41616058349,73.737144470215,
    131.59063720703));
#1640 = LINE('',#1641,#1642);
#1641 = CARTESIAN_POINT('',(-65.19169616699,73.491279602051,
    130.88175964355));
#1642 = VECTOR('',#1643,1.);
#1643 = DIRECTION('',(-0.286613360857,0.313939096801,0.905149172722));
#1644 = ORIENTED_EDGE('',*,*,#1265,.T.);
#1645 = ORIENTED_EDGE('',*,*,#1646,.F.);
#1646 = EDGE_CURVE('',#1638,#731,#1647,.T.);
#1647 = LINE('',#1648,#1649);
#1648 = CARTESIAN_POINT('',(-65.41616058349,73.737144470215,
    131.59063720703));
#1649 = VECTOR('',#1650,1.);
#1650 = DIRECTION('',(0.363745964609,0.909699174624,-0.200340422578));
#1651 = PLANE('',#1652);
#1652 = AXIS2_PLACEMENT_3D('',#1653,#1654,#1655);
#1653 = CARTESIAN_POINT('',(-64.69142287549,75.328276474051,
    131.0309724388));
#1654 = DIRECTION('',(-0.886308146655,0.271824117117,-0.374926017403));
#1655 = DIRECTION('',(0.389595475908,-2.775557561563E-17,-0.920986083039
    ));
#1656 = ADVANCED_FACE('',(#1657),#1667,.T.);
#1657 = FACE_BOUND('',#1658,.F.);
#1658 = EDGE_LOOP('',(#1659,#1660,#1661));
#1659 = ORIENTED_EDGE('',*,*,#1289,.T.);
#1660 = ORIENTED_EDGE('',*,*,#1273,.F.);
#1661 = ORIENTED_EDGE('',*,*,#1662,.F.);
#1662 = EDGE_CURVE('',#1156,#1266,#1663,.T.);
#1663 = LINE('',#1664,#1665);
#1664 = CARTESIAN_POINT('',(-64.79522705078,73.198692321777,
    130.27304077148));
#1665 = VECTOR('',#1666,1.);
#1666 = DIRECTION('',(-0.506245218012,0.373600125289,0.777263613984));
#1667 = PLANE('',#1668);
#1668 = AXIS2_PLACEMENT_3D('',#1669,#1670,#1671);
#1669 = CARTESIAN_POINT('',(-64.41978867285,75.069599186161,
    130.34956258924));
#1670 = DIRECTION('',(-0.78192354633,0.181304443757,-0.59642624554));
#1671 = DIRECTION('',(0.606477384646,0.,-0.795100736959));
#1672 = ADVANCED_FACE('',(#1673),#1690,.T.);
#1673 = FACE_BOUND('',#1674,.F.);
#1674 = EDGE_LOOP('',(#1675,#1683,#1684));
#1675 = ORIENTED_EDGE('',*,*,#1676,.F.);
#1676 = EDGE_CURVE('',#824,#1677,#1679,.T.);
#1677 = VERTEX_POINT('',#1678);
#1678 = CARTESIAN_POINT('',(-64.25378417968,72.879325866699,
    129.8059387207));
#1679 = LINE('',#1680,#1681);
#1680 = CARTESIAN_POINT('',(-63.3402519226,76.83748626709,129.4716796875
    ));
#1681 = VECTOR('',#1682,1.);
#1682 = DIRECTION('',(-0.224127878563,-0.97110319496,8.200779712108E-02)
  );
#1683 = ORIENTED_EDGE('',*,*,#1295,.F.);
#1684 = ORIENTED_EDGE('',*,*,#1685,.T.);
#1685 = EDGE_CURVE('',#1156,#1677,#1686,.T.);
#1686 = LINE('',#1687,#1688);
#1687 = CARTESIAN_POINT('',(-64.79522705078,73.198692321777,
    130.27304077148));
#1688 = VECTOR('',#1689,1.);
#1689 = DIRECTION('',(0.691356614974,-0.407792073932,-0.596432439905));
#1690 = PLANE('',#1691);
#1691 = AXIS2_PLACEMENT_3D('',#1692,#1693,#1694);
#1692 = CARTESIAN_POINT('',(-63.98356341592,74.769667104834,
    129.77968132992));
#1693 = DIRECTION('',(-0.62427176783,7.844213359876E-02,-0.777259024758)
  );
#1694 = DIRECTION('',(-0.779661420022,-1.387778780781E-17,0.626201301603
    ));
#1695 = ADVANCED_FACE('',(#1696),#1706,.T.);
#1696 = FACE_BOUND('',#1697,.F.);
#1697 = EDGE_LOOP('',(#1698,#1699,#1700));
#1698 = ORIENTED_EDGE('',*,*,#1310,.T.);
#1699 = ORIENTED_EDGE('',*,*,#1676,.T.);
#1700 = ORIENTED_EDGE('',*,*,#1701,.T.);
#1701 = EDGE_CURVE('',#1677,#1311,#1702,.T.);
#1702 = LINE('',#1703,#1704);
#1703 = CARTESIAN_POINT('',(-64.25378417968,72.879325866699,
    129.8059387207));
#1704 = VECTOR('',#1705,1.);
#1705 = DIRECTION('',(0.363745964609,0.909699174624,-0.200340422578));
#1706 = PLANE('',#1707);
#1707 = AXIS2_PLACEMENT_3D('',#1708,#1709,#1710);
#1708 = CARTESIAN_POINT('',(-63.61047027832,74.947145981558,
    129.49793689456));
#1709 = DIRECTION('',(-0.624267130225,7.844073679902E-02,-0.777262890489
    ));
#1710 = DIRECTION('',(-0.779665211748,0.,0.626196580628));
#1711 = ADVANCED_FACE('',(#1712),#1722,.T.);
#1712 = FACE_BOUND('',#1713,.F.);
#1713 = EDGE_LOOP('',(#1714,#1715,#1721));
#1714 = ORIENTED_EDGE('',*,*,#1318,.F.);
#1715 = ORIENTED_EDGE('',*,*,#1716,.T.);
#1716 = EDGE_CURVE('',#1311,#1426,#1717,.T.);
#1717 = LINE('',#1718,#1719);
#1718 = CARTESIAN_POINT('',(-62.79880142211,76.518119812012,
    129.00457763671));
#1719 = VECTOR('',#1720,1.);
#1720 = DIRECTION('',(-0.197609172213,-0.972333862585,0.124569156405));
#1721 = ORIENTED_EDGE('',*,*,#1449,.F.);
#1722 = PLANE('',#1723);
#1723 = AXIS2_PLACEMENT_3D('',#1724,#1725,#1726);
#1724 = CARTESIAN_POINT('',(-62.99057464145,74.624140063843,
    129.15673724586));
#1725 = DIRECTION('',(-0.424048761828,-2.978173582641E-02,
    -0.905149543337));
#1726 = DIRECTION('',(-0.905551222563,1.734723475977E-18,0.424236942422)
  );
#1727 = ADVANCED_FACE('',(#1728),#1743,.T.);
#1728 = FACE_BOUND('',#1729,.F.);
#1729 = EDGE_LOOP('',(#1730,#1736,#1737));
#1730 = ORIENTED_EDGE('',*,*,#1731,.F.);
#1731 = EDGE_CURVE('',#1349,#1156,#1732,.T.);
#1732 = LINE('',#1733,#1734);
#1733 = CARTESIAN_POINT('',(-60.03484344482,71.585418701172,
    131.59063720703));
#1734 = VECTOR('',#1735,1.);
#1735 = DIRECTION('',(-0.916136859179,0.310474858776,-0.253571720274));
#1736 = ORIENTED_EDGE('',*,*,#1348,.F.);
#1737 = ORIENTED_EDGE('',*,*,#1738,.F.);
#1738 = EDGE_CURVE('',#1156,#848,#1739,.T.);
#1739 = LINE('',#1740,#1741);
#1740 = CARTESIAN_POINT('',(-64.79522705078,73.198692321777,
    130.27304077148));
#1741 = VECTOR('',#1742,1.);
#1742 = DIRECTION('',(0.877633500224,-0.406766296272,-0.253575668198));
#1743 = PLANE('',#1744);
#1744 = AXIS2_PLACEMENT_3D('',#1745,#1746,#1747);
#1745 = CARTESIAN_POINT('',(-62.34732138148,72.281214764367,
    130.55147827325));
#1746 = DIRECTION('',(-0.36374418506,-0.909700069355,0.200339590824));
#1747 = DIRECTION('',(-0.928524494803,0.371271144246,-1.387778780781E-17
    ));
#1748 = ADVANCED_FACE('',(#1749),#1759,.T.);
#1749 = FACE_BOUND('',#1750,.F.);
#1750 = EDGE_LOOP('',(#1751,#1752,#1758));
#1751 = ORIENTED_EDGE('',*,*,#1356,.F.);
#1752 = ORIENTED_EDGE('',*,*,#1753,.T.);
#1753 = EDGE_CURVE('',#1349,#1372,#1754,.T.);
#1754 = LINE('',#1755,#1756);
#1755 = CARTESIAN_POINT('',(-60.03484344482,71.585418701172,
    131.59063720703));
#1756 = VECTOR('',#1757,1.);
#1757 = DIRECTION('',(-0.424050433061,-2.978065597347E-02,
    -0.905148795917));
#1758 = ORIENTED_EDGE('',*,*,#1371,.T.);
#1759 = PLANE('',#1760);
#1760 = AXIS2_PLACEMENT_3D('',#1761,#1762,#1763);
#1761 = CARTESIAN_POINT('',(-60.42565541133,71.593830347034,
    130.91926638769));
#1762 = DIRECTION('',(-0.363731072901,-0.909706568079,0.200333887799));
#1763 = DIRECTION('',(-0.928530022778,0.371257318851,0.));
#1764 = ADVANCED_FACE('',(#1765),#1781,.T.);
#1765 = FACE_BOUND('',#1766,.F.);
#1766 = EDGE_LOOP('',(#1767,#1773,#1774,#1775));
#1767 = ORIENTED_EDGE('',*,*,#1768,.F.);
#1768 = EDGE_CURVE('',#1380,#1403,#1769,.T.);
#1769 = LINE('',#1770,#1771);
#1770 = CARTESIAN_POINT('',(-58.9119644165,75.200889587402,
    130.08039855957));
#1771 = VECTOR('',#1772,1.);
#1772 = DIRECTION('',(0.424050433061,2.978065597347E-02,0.905148795917)
  );
#1773 = ORIENTED_EDGE('',*,*,#1379,.F.);
#1774 = ORIENTED_EDGE('',*,*,#1753,.F.);
#1775 = ORIENTED_EDGE('',*,*,#1776,.T.);
#1776 = EDGE_CURVE('',#1349,#1403,#1777,.T.);
#1777 = LINE('',#1778,#1779);
#1778 = CARTESIAN_POINT('',(-60.03484344482,71.585418701172,
    131.59063720703));
#1779 = VECTOR('',#1780,1.);
#1780 = DIRECTION('',(0.363745137116,0.909699490194,-0.200340492075));
#1781 = PLANE('',#1782);
#1782 = AXIS2_PLACEMENT_3D('',#1783,#1784,#1785);
#1783 = CARTESIAN_POINT('',(-59.47340393066,73.393154144287,
    130.8355178833));
#1784 = DIRECTION('',(0.829379669468,-0.414197945305,-0.374925893982));
#1785 = DIRECTION('',(0.446789070178,0.894639327757,-2.775557561563E-17)
  );
#1786 = ADVANCED_FACE('',(#1787),#1792,.T.);
#1787 = FACE_BOUND('',#1788,.F.);
#1788 = EDGE_LOOP('',(#1789,#1790,#1791));
#1789 = ORIENTED_EDGE('',*,*,#1411,.T.);
#1790 = ORIENTED_EDGE('',*,*,#1387,.F.);
#1791 = ORIENTED_EDGE('',*,*,#1768,.T.);
#1792 = PLANE('',#1793);
#1793 = AXIS2_PLACEMENT_3D('',#1794,#1795,#1796);
#1794 = CARTESIAN_POINT('',(-58.97067646846,75.232624292347,
    130.11790530371));
#1795 = DIRECTION('',(0.363731072901,0.909706568079,-0.200333887799));
#1796 = DIRECTION('',(0.928530022778,-0.371257318851,-2.775557561563E-17
    ));
#1797 = ADVANCED_FACE('',(#1798),#1823,.T.);
#1798 = FACE_BOUND('',#1799,.F.);
#1799 = EDGE_LOOP('',(#1800,#1810,#1816,#1817));
#1800 = ORIENTED_EDGE('',*,*,#1801,.F.);
#1801 = EDGE_CURVE('',#1802,#1804,#1806,.T.);
#1802 = VERTEX_POINT('',#1803);
#1803 = CARTESIAN_POINT('',(-59.14632267709,76.008963503353,
    133.32416105526));
#1804 = VERTEX_POINT('',#1805);
#1805 = CARTESIAN_POINT('',(-59.02325214582,75.949994577811,
    133.27984749642));
#1806 = LINE('',#1807,#1808);
#1807 = CARTESIAN_POINT('',(-55.96714289614,74.485667765125,
    132.17944534766));
#1808 = VECTOR('',#1809,1.);
#1809 = DIRECTION('',(0.857735768117,-0.410981866433,-0.308841800209));
#1810 = ORIENTED_EDGE('',*,*,#1811,.T.);
#1811 = EDGE_CURVE('',#1802,#755,#1812,.T.);
#1812 = LINE('',#1813,#1814);
#1813 = CARTESIAN_POINT('',(-59.08528518676,76.051536560059,
    133.62829589843));
#1814 = VECTOR('',#1815,1.);
#1815 = DIRECTION('',(-0.194941265559,-0.135969639452,-0.971344511556));
#1816 = ORIENTED_EDGE('',*,*,#1402,.T.);
#1817 = ORIENTED_EDGE('',*,*,#1818,.F.);
#1818 = EDGE_CURVE('',#1804,#1403,#1819,.T.);
#1819 = LINE('',#1820,#1821);
#1820 = CARTESIAN_POINT('',(-59.08528518676,76.051536560059,
    133.62829589843));
#1821 = VECTOR('',#1822,1.);
#1822 = DIRECTION('',(0.168474046327,-0.275775431301,-0.946342647884));
#1823 = PLANE('',#1824);
#1824 = AXIS2_PLACEMENT_3D('',#1825,#1826,#1827);
#1825 = CARTESIAN_POINT('',(-59.27775456695,75.606607585281,
    131.25853138245));
#1826 = DIRECTION('',(0.363744151941,0.909699736062,-0.200341164361));
#1827 = DIRECTION('',(0.928524459565,-0.371271232377,1.387778780781E-17)
  );
#1828 = ADVANCED_FACE('',(#1829),#1839,.T.);
#1829 = FACE_BOUND('',#1830,.F.);
#1830 = EDGE_LOOP('',(#1831,#1832,#1833));
#1831 = ORIENTED_EDGE('',*,*,#1738,.T.);
#1832 = ORIENTED_EDGE('',*,*,#1425,.F.);
#1833 = ORIENTED_EDGE('',*,*,#1834,.T.);
#1834 = EDGE_CURVE('',#1426,#1156,#1835,.T.);
#1835 = LINE('',#1836,#1837);
#1836 = CARTESIAN_POINT('',(-63.60424423217,72.554946899414,
    129.51231384277));
#1837 = VECTOR('',#1838,1.);
#1838 = DIRECTION('',(-0.766932297543,0.414539276381,0.489869410478));
#1839 = PLANE('',#1840);
#1840 = AXIS2_PLACEMENT_3D('',#1841,#1842,#1843);
#1841 = CARTESIAN_POINT('',(-63.51068792229,72.579998576687,
    129.79593838801));
#1842 = DIRECTION('',(-0.363745381939,-0.909700389831,0.20033596247));
#1843 = DIRECTION('',(-0.928524118749,0.371272084732,0.));
#1844 = ADVANCED_FACE('',(#1845),#1862,.T.);
#1845 = FACE_BOUND('',#1846,.F.);
#1846 = EDGE_LOOP('',(#1847,#1855,#1861));
#1847 = ORIENTED_EDGE('',*,*,#1848,.F.);
#1848 = EDGE_CURVE('',#1849,#755,#1851,.T.);
#1849 = VERTEX_POINT('',#1850);
#1850 = CARTESIAN_POINT('',(-60.65298461914,75.959083557129,
    130.36212158203));
#1851 = LINE('',#1852,#1853);
#1852 = CARTESIAN_POINT('',(-60.65298461914,75.959083557129,
    130.36212158203));
#1853 = VECTOR('',#1854,1.);
#1854 = DIRECTION('',(0.399847644511,-0.346737440292,-0.848466268439));
#1855 = ORIENTED_EDGE('',*,*,#1856,.T.);
#1856 = EDGE_CURVE('',#1849,#1466,#1857,.T.);
#1857 = LINE('',#1858,#1859);
#1858 = CARTESIAN_POINT('',(-60.65298461914,75.959083557129,
    130.36212158203));
#1859 = VECTOR('',#1860,1.);
#1860 = DIRECTION('',(-0.886310477269,0.271819693443,-0.374923715094));
#1861 = ORIENTED_EDGE('',*,*,#1465,.T.);
#1862 = PLANE('',#1863);
#1863 = AXIS2_PLACEMENT_3D('',#1864,#1865,#1866);
#1864 = CARTESIAN_POINT('',(-60.45612748186,75.737362179267,
    129.71276690831));
#1865 = DIRECTION('',(0.363741931963,0.90969986388,-0.200344614575));
#1866 = DIRECTION('',(0.928525258686,-0.371269233822,-4.163336342344E-17
    ));
#1867 = ADVANCED_FACE('',(#1868),#1893,.T.);
#1868 = FACE_BOUND('',#1869,.F.);
#1869 = EDGE_LOOP('',(#1870,#1878,#1879,#1887));
#1870 = ORIENTED_EDGE('',*,*,#1871,.T.);
#1871 = EDGE_CURVE('',#1872,#1117,#1874,.T.);
#1872 = VERTEX_POINT('',#1873);
#1873 = CARTESIAN_POINT('',(-62.77188110351,72.545288085938,
    130.97973632812));
#1874 = LINE('',#1875,#1876);
#1875 = CARTESIAN_POINT('',(-62.77188110351,72.545288085938,
    130.97973632812));
#1876 = VECTOR('',#1877,1.);
#1877 = DIRECTION('',(0.363744859125,0.909698794961,-0.200344153664));
#1878 = ORIENTED_EDGE('',*,*,#1473,.T.);
#1879 = ORIENTED_EDGE('',*,*,#1880,.F.);
#1880 = EDGE_CURVE('',#1881,#1466,#1883,.T.);
#1881 = VERTEX_POINT('',#1882);
#1882 = CARTESIAN_POINT('',(-62.43188476562,72.419631958008,
    131.02647399902));
#1883 = LINE('',#1884,#1885);
#1884 = CARTESIAN_POINT('',(-62.43188476562,72.419631958008,
    131.02647399902));
#1885 = VECTOR('',#1886,1.);
#1886 = DIRECTION('',(0.363744859125,0.909698794961,-0.200344153664));
#1887 = ORIENTED_EDGE('',*,*,#1888,.F.);
#1888 = EDGE_CURVE('',#1872,#1881,#1889,.T.);
#1889 = LINE('',#1890,#1891);
#1890 = CARTESIAN_POINT('',(-62.77188110351,72.545288085938,
    130.97973632812));
#1891 = VECTOR('',#1892,1.);
#1892 = DIRECTION('',(0.930288236455,-0.343816696311,0.12788227575));
#1893 = PLANE('',#1894);
#1894 = AXIS2_PLACEMENT_3D('',#1895,#1896,#1897);
#1895 = CARTESIAN_POINT('',(-61.87439346313,74.301856994629,
    130.60241699218));
#1896 = DIRECTION('',(-4.745268710876E-02,0.232894329774,0.971343643437)
  );
#1897 = DIRECTION('',(-1.734723475977E-18,-0.972439109,0.233156984211));
#1898 = ADVANCED_FACE('',(#1899),#1909,.T.);
#1899 = FACE_BOUND('',#1900,.F.);
#1900 = EDGE_LOOP('',(#1901,#1902,#1903));
#1901 = ORIENTED_EDGE('',*,*,#1489,.F.);
#1902 = ORIENTED_EDGE('',*,*,#1871,.F.);
#1903 = ORIENTED_EDGE('',*,*,#1904,.T.);
#1904 = EDGE_CURVE('',#1872,#1490,#1905,.T.);
#1905 = LINE('',#1906,#1907);
#1906 = CARTESIAN_POINT('',(-62.77188110351,72.545288085938,
    130.97973632812));
#1907 = VECTOR('',#1908,1.);
#1908 = DIRECTION('',(-0.910873270724,0.392372324255,0.127882148243));
#1909 = PLANE('',#1910);
#1910 = AXIS2_PLACEMENT_3D('',#1911,#1912,#1913);
#1911 = CARTESIAN_POINT('',(-62.16313079622,74.322841368635,
    130.60873590935));
#1912 = DIRECTION('',(0.194943737381,0.135971660523,0.971343732564));
#1913 = DIRECTION('',(0.980449434074,-1.040834085586E-17,-0.196771205273
    ));
#1914 = ADVANCED_FACE('',(#1915),#1925,.T.);
#1915 = FACE_BOUND('',#1916,.F.);
#1916 = EDGE_LOOP('',(#1917,#1923,#1924));
#1917 = ORIENTED_EDGE('',*,*,#1918,.F.);
#1918 = EDGE_CURVE('',#1156,#1872,#1919,.T.);
#1919 = LINE('',#1920,#1921);
#1920 = CARTESIAN_POINT('',(-64.79522705078,73.198692321777,
    130.27304077148));
#1921 = VECTOR('',#1922,1.);
#1922 = DIRECTION('',(0.903037900374,-0.291620318328,0.3154047248));
#1923 = ORIENTED_EDGE('',*,*,#1527,.T.);
#1924 = ORIENTED_EDGE('',*,*,#1904,.F.);
#1925 = PLANE('',#1926);
#1926 = AXIS2_PLACEMENT_3D('',#1927,#1928,#1929);
#1927 = CARTESIAN_POINT('',(-63.78590347488,72.881811736788,
    130.66672219703));
#1928 = DIRECTION('',(-0.363742464949,-0.909702550993,0.200331445132));
#1929 = DIRECTION('',(-0.928525449204,0.371268757346,2.775557561563E-17)
  );
#1930 = ADVANCED_FACE('',(#1931),#1941,.T.);
#1931 = FACE_BOUND('',#1932,.F.);
#1932 = EDGE_LOOP('',(#1933,#1934,#1940));
#1933 = ORIENTED_EDGE('',*,*,#1560,.F.);
#1934 = ORIENTED_EDGE('',*,*,#1935,.F.);
#1935 = EDGE_CURVE('',#1576,#1156,#1936,.T.);
#1936 = LINE('',#1937,#1938);
#1937 = CARTESIAN_POINT('',(-63.89643478393,73.375190734863,
    132.70635986328));
#1938 = VECTOR('',#1939,1.);
#1939 = DIRECTION('',(-0.345688795661,-6.788389943518E-02,
    -0.935890502544));
#1940 = ORIENTED_EDGE('',*,*,#1575,.F.);
#1941 = PLANE('',#1942);
#1942 = AXIS2_PLACEMENT_3D('',#1943,#1944,#1945);
#1943 = CARTESIAN_POINT('',(-64.33211447547,73.280699836026,
    131.48625726495));
#1944 = DIRECTION('',(-0.363688671202,-0.909726277468,0.200321368116));
#1945 = DIRECTION('',(-0.928547713787,0.371213069842,1.387778780781E-17)
  );
#1946 = ADVANCED_FACE('',(#1947),#1957,.T.);
#1947 = FACE_BOUND('',#1948,.F.);
#1948 = EDGE_LOOP('',(#1949,#1955,#1956));
#1949 = ORIENTED_EDGE('',*,*,#1950,.F.);
#1950 = EDGE_CURVE('',#1616,#1576,#1951,.T.);
#1951 = LINE('',#1952,#1953);
#1952 = CARTESIAN_POINT('',(-62.28647613525,77.024864196777,
    132.23579406738));
#1953 = VECTOR('',#1954,1.);
#1954 = DIRECTION('',(-0.400820769535,-0.908635092432,0.117153657694));
#1955 = ORIENTED_EDGE('',*,*,#1615,.T.);
#1956 = ORIENTED_EDGE('',*,*,#1599,.F.);
#1957 = PLANE('',#1958);
#1958 = AXIS2_PLACEMENT_3D('',#1959,#1960,#1961);
#1959 = CARTESIAN_POINT('',(-63.09671419253,75.276760576795,
    132.37467392323));
#1960 = DIRECTION('',(0.829377636532,-0.414199352627,-0.37492883632));
#1961 = DIRECTION('',(0.446791161736,0.894638283216,0.));
#1962 = ADVANCED_FACE('',(#1963),#1980,.T.);
#1963 = FACE_BOUND('',#1964,.F.);
#1964 = EDGE_LOOP('',(#1965,#1966,#1974));
#1965 = ORIENTED_EDGE('',*,*,#1623,.F.);
#1966 = ORIENTED_EDGE('',*,*,#1967,.T.);
#1967 = EDGE_CURVE('',#1616,#1968,#1970,.T.);
#1968 = VERTEX_POINT('',#1969);
#1969 = CARTESIAN_POINT('',(-62.17578887939,77.010963439941,
    132.37361145019));
#1970 = LINE('',#1971,#1972);
#1971 = CARTESIAN_POINT('',(-62.28647613525,77.024864196777,
    132.23579406738));
#1972 = VECTOR('',#1973,1.);
#1973 = DIRECTION('',(0.624261426626,-7.839842289167E-02,0.777271740458)
  );
#1974 = ORIENTED_EDGE('',*,*,#1975,.T.);
#1975 = EDGE_CURVE('',#1968,#731,#1976,.T.);
#1976 = LINE('',#1977,#1978);
#1977 = CARTESIAN_POINT('',(-62.17578887939,77.010963439941,
    132.37361145019));
#1978 = VECTOR('',#1979,1.);
#1979 = DIRECTION('',(-0.73937301864,0.151145020782,-0.656111821262));
#1980 = PLANE('',#1981);
#1981 = AXIS2_PLACEMENT_3D('',#1982,#1983,#1984);
#1982 = CARTESIAN_POINT('',(-63.0634204994,77.190232956592,
    131.57603133312));
#1983 = DIRECTION('',(0.363847506815,0.909629224409,-0.200473603964));
#1984 = DIRECTION('',(0.928478163163,-0.371386995639,-4.163336342344E-17
    ));
#1985 = ADVANCED_FACE('',(#1986),#2003,.T.);
#1986 = FACE_BOUND('',#1987,.F.);
#1987 = EDGE_LOOP('',(#1988,#1996,#1997));
#1988 = ORIENTED_EDGE('',*,*,#1989,.T.);
#1989 = EDGE_CURVE('',#1990,#1266,#1992,.T.);
#1990 = VERTEX_POINT('',#1991);
#1991 = CARTESIAN_POINT('',(-65.45332336425,73.919532775879,
    132.35134887695));
#1992 = LINE('',#1993,#1994);
#1993 = CARTESIAN_POINT('',(-65.45332336425,73.919532775879,
    132.35134887695));
#1994 = VECTOR('',#1995,1.);
#1995 = DIRECTION('',(0.168475000354,-0.275773904115,-0.946342923081));
#1996 = ORIENTED_EDGE('',*,*,#1637,.T.);
#1997 = ORIENTED_EDGE('',*,*,#1998,.F.);
#1998 = EDGE_CURVE('',#1990,#1638,#1999,.T.);
#1999 = LINE('',#2000,#2001);
#2000 = CARTESIAN_POINT('',(-65.45332336425,73.919532775879,
    132.35134887695));
#2001 = VECTOR('',#2002,1.);
#2002 = DIRECTION('',(4.745276467776E-02,-0.232889713075,-0.971344746559
    ));
#2003 = PLANE('',#2004);
#2004 = AXIS2_PLACEMENT_3D('',#2005,#2006,#2007);
#2005 = CARTESIAN_POINT('',(-65.34602288428,73.713374574256,
    131.61004623005));
#2006 = DIRECTION('',(-0.363740456852,-0.909701380053,0.200340408254));
#2007 = DIRECTION('',(-0.928525991041,0.371267402233,1.387778780781E-17)
  );
#2008 = ADVANCED_FACE('',(#2009),#2027,.T.);
#2009 = FACE_BOUND('',#2010,.F.);
#2010 = EDGE_LOOP('',(#2011,#2019,#2025,#2026));
#2011 = ORIENTED_EDGE('',*,*,#2012,.F.);
#2012 = EDGE_CURVE('',#2013,#731,#2015,.T.);
#2013 = VERTEX_POINT('',#2014);
#2014 = CARTESIAN_POINT('',(-63.99834060668,77.558326721191,
    131.54998779296));
#2015 = LINE('',#2016,#2017);
#2016 = CARTESIAN_POINT('',(-63.99834060668,77.558326721191,
    131.54998779296));
#2017 = VECTOR('',#2018,1.);
#2018 = DIRECTION('',(4.745276467776E-02,-0.232889713075,-0.971344746559
    ));
#2019 = ORIENTED_EDGE('',*,*,#2020,.T.);
#2020 = EDGE_CURVE('',#2013,#1990,#2021,.T.);
#2021 = LINE('',#2022,#2023);
#2022 = CARTESIAN_POINT('',(-63.99834060668,77.558326721191,
    131.54998779296));
#2023 = VECTOR('',#2024,1.);
#2024 = DIRECTION('',(-0.363745964609,-0.909699174624,0.200340422578));
#2025 = ORIENTED_EDGE('',*,*,#1998,.T.);
#2026 = ORIENTED_EDGE('',*,*,#1646,.T.);
#2027 = PLANE('',#2028);
#2028 = AXIS2_PLACEMENT_3D('',#2029,#2030,#2031);
#2029 = CARTESIAN_POINT('',(-64.70725059509,75.647735595703,131.5703125)
  );
#2030 = DIRECTION('',(-0.930288737752,0.343816024878,-0.127880434191));
#2031 = DIRECTION('',(-0.346662263543,-0.937990018622,
    -6.938893903907E-18));
#2032 = ADVANCED_FACE('',(#2033),#2043,.T.);
#2033 = FACE_BOUND('',#2034,.F.);
#2034 = EDGE_LOOP('',(#2035,#2041,#2042));
#2035 = ORIENTED_EDGE('',*,*,#2036,.T.);
#2036 = EDGE_CURVE('',#1266,#1576,#2037,.T.);
#2037 = LINE('',#2038,#2039);
#2038 = CARTESIAN_POINT('',(-65.19169616699,73.491279602051,
    130.88175964355));
#2039 = VECTOR('',#2040,1.);
#2040 = DIRECTION('',(0.578083604029,-5.181121865386E-02,0.814330979623)
  );
#2041 = ORIENTED_EDGE('',*,*,#1935,.T.);
#2042 = ORIENTED_EDGE('',*,*,#1662,.T.);
#2043 = PLANE('',#2044);
#2044 = AXIS2_PLACEMENT_3D('',#2045,#2046,#2047);
#2045 = CARTESIAN_POINT('',(-64.51499900046,73.353310714606,
    131.48391737122));
#2046 = DIRECTION('',(-0.363747691414,-0.909698325958,0.200341140908));
#2047 = DIRECTION('',(-0.928523015736,0.371274843276,0.));
#2048 = ADVANCED_FACE('',(#2049),#2059,.T.);
#2049 = FACE_BOUND('',#2050,.F.);
#2050 = EDGE_LOOP('',(#2051,#2052,#2058));
#2051 = ORIENTED_EDGE('',*,*,#1834,.F.);
#2052 = ORIENTED_EDGE('',*,*,#2053,.F.);
#2053 = EDGE_CURVE('',#1677,#1426,#2054,.T.);
#2054 = LINE('',#2055,#2056);
#2055 = CARTESIAN_POINT('',(-64.25378417968,72.879325866699,
    129.8059387207));
#2056 = VECTOR('',#2057,1.);
#2057 = DIRECTION('',(0.829383563529,-0.414192514028,-0.37492327998));
#2058 = ORIENTED_EDGE('',*,*,#1685,.F.);
#2059 = PLANE('',#2060);
#2060 = AXIS2_PLACEMENT_3D('',#2061,#2062,#2063);
#2061 = CARTESIAN_POINT('',(-64.21330584539,72.877448873781,
    129.87089949851));
#2062 = DIRECTION('',(-0.363729320132,-0.90970113506,0.200361739228));
#2063 = DIRECTION('',(-0.928529875161,0.371257688046,2.775557561563E-17)
  );
#2064 = ADVANCED_FACE('',(#2065),#2070,.T.);
#2065 = FACE_BOUND('',#2066,.F.);
#2066 = EDGE_LOOP('',(#2067,#2068,#2069));
#2067 = ORIENTED_EDGE('',*,*,#1716,.F.);
#2068 = ORIENTED_EDGE('',*,*,#1701,.F.);
#2069 = ORIENTED_EDGE('',*,*,#2053,.T.);
#2070 = PLANE('',#2071);
#2071 = AXIS2_PLACEMENT_3D('',#2072,#2073,#2074);
#2072 = CARTESIAN_POINT('',(-63.41247224495,74.448926068235,
    129.36015434746));
#2073 = DIRECTION('',(-0.424046901643,-2.978222346627E-02,
    -0.905150398758));
#2074 = DIRECTION('',(-0.905552091527,1.734723475977E-18,0.424235087578)
  );
#2075 = ADVANCED_FACE('',(#2076),#2091,.T.);
#2076 = FACE_BOUND('',#2077,.F.);
#2077 = EDGE_LOOP('',(#2078,#2084,#2085));
#2078 = ORIENTED_EDGE('',*,*,#2079,.T.);
#2079 = EDGE_CURVE('',#1881,#1349,#2080,.T.);
#2080 = LINE('',#2081,#2082);
#2081 = CARTESIAN_POINT('',(-62.43188476562,72.419631958008,
    131.02647399902));
#2082 = VECTOR('',#2083,1.);
#2083 = DIRECTION('',(0.921939039313,-0.320851276912,0.216985865656));
#2084 = ORIENTED_EDGE('',*,*,#1731,.T.);
#2085 = ORIENTED_EDGE('',*,*,#2086,.T.);
#2086 = EDGE_CURVE('',#1156,#1881,#2087,.T.);
#2087 = LINE('',#2088,#2089);
#2088 = CARTESIAN_POINT('',(-64.79522705078,73.198692321777,
    130.27304077148));
#2089 = VECTOR('',#2090,1.);
#2090 = DIRECTION('',(0.908978915647,-0.299638968562,0.289782365628));
#2091 = PLANE('',#2092);
#2092 = AXIS2_PLACEMENT_3D('',#2093,#2094,#2095);
#2093 = CARTESIAN_POINT('',(-62.41924884414,72.398952058689,
    130.95550659255));
#2094 = DIRECTION('',(-0.363741223359,-0.909704917111,0.200322954782));
#2095 = DIRECTION('',(-0.928526218968,0.371266832195,1.387778780781E-17)
  );
#2096 = ADVANCED_FACE('',(#2097),#2122,.T.);
#2097 = FACE_BOUND('',#2098,.F.);
#2098 = EDGE_LOOP('',(#2099,#2100,#2108,#2116));
#2099 = ORIENTED_EDGE('',*,*,#1776,.F.);
#2100 = ORIENTED_EDGE('',*,*,#2101,.T.);
#2101 = EDGE_CURVE('',#1349,#2102,#2104,.T.);
#2102 = VERTEX_POINT('',#2103);
#2103 = CARTESIAN_POINT('',(-59.88217544555,71.691902160645,
    132.35134887695));
#2104 = LINE('',#2105,#2106);
#2105 = CARTESIAN_POINT('',(-60.03484344482,71.585418701172,
    131.59063720703));
#2106 = VECTOR('',#2107,1.);
#2107 = DIRECTION('',(0.194940216836,0.135967647304,0.971345000886));
#2108 = ORIENTED_EDGE('',*,*,#2109,.F.);
#2109 = EDGE_CURVE('',#2110,#2102,#2112,.T.);
#2110 = VERTEX_POINT('',#2111);
#2111 = CARTESIAN_POINT('',(-58.42719650268,75.330696105957,
    131.54998779296));
#2112 = LINE('',#2113,#2114);
#2113 = CARTESIAN_POINT('',(-58.42719650268,75.330696105957,
    131.54998779296));
#2114 = VECTOR('',#2115,1.);
#2115 = DIRECTION('',(-0.363745137116,-0.909699490194,0.200340492075));
#2116 = ORIENTED_EDGE('',*,*,#2117,.T.);
#2117 = EDGE_CURVE('',#2110,#1403,#2118,.T.);
#2118 = LINE('',#2119,#2120);
#2119 = CARTESIAN_POINT('',(-58.42719650268,75.330696105957,
    131.54998779296));
#2120 = VECTOR('',#2121,1.);
#2121 = DIRECTION('',(-0.194940216836,-0.135967647304,-0.971345000886));
#2122 = PLANE('',#2123);
#2123 = AXIS2_PLACEMENT_3D('',#2124,#2125,#2126);
#2124 = CARTESIAN_POINT('',(-59.23101997375,73.458057403564,131.5703125)
  );
#2125 = DIRECTION('',(0.910871877477,-0.3923764395,-0.127879445362));
#2126 = DIRECTION('',(0.395624628725,0.918412300193,6.938893903907E-18)
  );
#2127 = ADVANCED_FACE('',(#2128,#2170),#2403,.T.);
#2128 = FACE_BOUND('',#2129,.F.);
#2129 = EDGE_LOOP('',(#2130,#2140,#2148,#2156,#2164));
#2130 = ORIENTED_EDGE('',*,*,#2131,.F.);
#2131 = EDGE_CURVE('',#2132,#2134,#2136,.T.);
#2132 = VERTEX_POINT('',#2133);
#2133 = CARTESIAN_POINT('',(-78.63913473578,71.608169883279,
    141.22220258955));
#2134 = VERTEX_POINT('',#2135);
#2135 = CARTESIAN_POINT('',(-74.09217834472,82.979766845703,
    138.71784973144));
#2136 = LINE('',#2137,#2138);
#2137 = CARTESIAN_POINT('',(-78.74811553955,71.33561706543,
    141.2822265625));
#2138 = VECTOR('',#2139,1.);
#2139 = DIRECTION('',(0.363745089128,0.909699191036,-0.200341937603));
#2140 = ORIENTED_EDGE('',*,*,#2141,.F.);
#2141 = EDGE_CURVE('',#2142,#2132,#2144,.T.);
#2142 = VERTEX_POINT('',#2143);
#2143 = CARTESIAN_POINT('',(-78.44052167702,71.519063885593,
    141.15030096688));
#2144 = LINE('',#2145,#2146);
#2145 = CARTESIAN_POINT('',(-76.27724301322,70.548527986265,
    140.36715384053));
#2146 = VECTOR('',#2147,1.);
#2147 = DIRECTION('',(-0.86634935478,0.388679999597,0.313634585762));
#2148 = ORIENTED_EDGE('',*,*,#2149,.F.);
#2149 = EDGE_CURVE('',#2150,#2142,#2152,.T.);
#2150 = VERTEX_POINT('',#2151);
#2151 = CARTESIAN_POINT('',(-77.54818247914,71.118591835691,
    140.82726601759));
#2152 = LINE('',#2153,#2154);
#2153 = CARTESIAN_POINT('',(-61.75111659478,64.029041839204,
    135.10858371725));
#2154 = VECTOR('',#2155,1.);
#2155 = DIRECTION('',(-0.866308444586,0.388789733184,0.313611578565));
#2156 = ORIENTED_EDGE('',*,*,#2157,.F.);
#2157 = EDGE_CURVE('',#2158,#2150,#2160,.T.);
#2158 = VERTEX_POINT('',#2159);
#2159 = CARTESIAN_POINT('',(-27.48953437805,62.064762115479,
    121.84728240966));
#2160 = LINE('',#2161,#2162);
#2161 = CARTESIAN_POINT('',(-27.48953437805,62.064762115479,
    121.84728240966));
#2162 = VECTOR('',#2163,1.);
#2163 = DIRECTION('',(-0.921954513546,0.166748793507,0.349563606253));
#2164 = ORIENTED_EDGE('',*,*,#2165,.T.);
#2165 = EDGE_CURVE('',#2158,#2134,#2166,.T.);
#2166 = LINE('',#2167,#2168);
#2167 = CARTESIAN_POINT('',(-27.48953437805,62.064762115479,
    121.84728240966));
#2168 = VECTOR('',#2169,1.);
#2169 = DIRECTION('',(-0.866306966102,0.388793698203,0.313610747137));
#2170 = FACE_BOUND('',#2171,.F.);
#2171 = EDGE_LOOP('',(#2172,#2182,#2190,#2198,#2206,#2214,#2222,#2230,
    #2238,#2246,#2254,#2260,#2261,#2269,#2277,#2285,#2293,#2301,#2309,
    #2317,#2325,#2333,#2341,#2349,#2357,#2365,#2373,#2381,#2389,#2397));
#2172 = ORIENTED_EDGE('',*,*,#2173,.T.);
#2173 = EDGE_CURVE('',#2174,#2176,#2178,.T.);
#2174 = VERTEX_POINT('',#2175);
#2175 = CARTESIAN_POINT('',(-61.86550332756,77.311849269155,
    134.30324671334));
#2176 = VERTEX_POINT('',#2177);
#2177 = CARTESIAN_POINT('',(-61.82202107788,77.291014467205,
    134.28759024303));
#2178 = LINE('',#2179,#2180);
#2179 = CARTESIAN_POINT('',(-57.9005084282,75.411996246688,
    132.87558771692));
#2180 = VECTOR('',#2181,1.);
#2181 = DIRECTION('',(0.857733154072,-0.410988403919,-0.30884036046));
#2182 = ORIENTED_EDGE('',*,*,#2183,.T.);
#2183 = EDGE_CURVE('',#2176,#2184,#2186,.T.);
#2184 = VERTEX_POINT('',#2185);
#2185 = CARTESIAN_POINT('',(-59.59735630143,76.225075129121,
    133.48656309062));
#2186 = LINE('',#2187,#2188);
#2187 = CARTESIAN_POINT('',(-57.31395301596,75.13099146652,
    132.66438617168));
#2188 = VECTOR('',#2189,1.);
#2189 = DIRECTION('',(0.857736158045,-0.410980891248,-0.308842014972));
#2190 = ORIENTED_EDGE('',*,*,#2191,.T.);
#2191 = EDGE_CURVE('',#2184,#2192,#2194,.T.);
#2192 = VERTEX_POINT('',#2193);
#2193 = CARTESIAN_POINT('',(-59.56566355481,76.209889899072,
    133.47515158144));
#2194 = LINE('',#2195,#2196);
#2195 = CARTESIAN_POINT('',(-57.2132295023,75.082747064429,
    132.62811793382));
#2196 = VECTOR('',#2197,1.);
#2197 = DIRECTION('',(0.857738194842,-0.410975797296,-0.308843136795));
#2198 = ORIENTED_EDGE('',*,*,#2199,.T.);
#2199 = EDGE_CURVE('',#2192,#2200,#2202,.T.);
#2200 = VERTEX_POINT('',#2201);
#2201 = CARTESIAN_POINT('',(-59.54502807886,76.200002217724,
    133.46772145641));
#2202 = LINE('',#2203,#2204);
#2203 = CARTESIAN_POINT('',(-56.73862281487,74.855286880878,
    132.45723146054));
#2204 = VECTOR('',#2205,1.);
#2205 = DIRECTION('',(0.857732328191,-0.410990469347,-0.308839905587));
#2206 = ORIENTED_EDGE('',*,*,#2207,.T.);
#2207 = EDGE_CURVE('',#2200,#2208,#2210,.T.);
#2208 = VERTEX_POINT('',#2209);
#2209 = CARTESIAN_POINT('',(-59.49000841739,76.17364006119,
    133.44791070313));
#2210 = LINE('',#2211,#2212);
#2211 = CARTESIAN_POINT('',(-56.66363951701,74.819411820386,
    132.43022910582));
#2212 = VECTOR('',#2213,1.);
#2213 = DIRECTION('',(0.857737711116,-0.410977007085,-0.308842870369));
#2214 = ORIENTED_EDGE('',*,*,#2215,.T.);
#2215 = EDGE_CURVE('',#2208,#2216,#2218,.T.);
#2216 = VERTEX_POINT('',#2217);
#2217 = CARTESIAN_POINT('',(-59.41077435758,76.13567413378,
    133.41938125575));
#2218 = LINE('',#2219,#2220);
#2219 = CARTESIAN_POINT('',(-56.5823727991,74.780412412764,
    132.40097157672));
#2220 = VECTOR('',#2221,1.);
#2221 = DIRECTION('',(0.857731651069,-0.410992162734,-0.308839532648));
#2222 = ORIENTED_EDGE('',*,*,#2223,.T.);
#2223 = EDGE_CURVE('',#2216,#2224,#2226,.T.);
#2224 = VERTEX_POINT('',#2225);
#2225 = CARTESIAN_POINT('',(-59.32920552529,76.096592003232,
    133.39001097554));
#2226 = LINE('',#2227,#2228);
#2227 = CARTESIAN_POINT('',(-56.49939840443,74.740744577009,
    132.37108958417));
#2228 = VECTOR('',#2229,1.);
#2229 = DIRECTION('',(0.857740579918,-0.410969832211,-0.308844450449));
#2230 = ORIENTED_EDGE('',*,*,#2231,.T.);
#2231 = EDGE_CURVE('',#2224,#2232,#2234,.T.);
#2232 = VERTEX_POINT('',#2233);
#2233 = CARTESIAN_POINT('',(-59.26383892563,76.065270414764,
    133.36647474812));
#2234 = LINE('',#2235,#2236);
#2235 = CARTESIAN_POINT('',(-56.42132828782,74.703230032002,
    132.3429860374));
#2236 = VECTOR('',#2237,1.);
#2237 = DIRECTION('',(0.857729815127,-0.410996754123,-0.308838521466));
#2238 = ORIENTED_EDGE('',*,*,#2239,.T.);
#2239 = EDGE_CURVE('',#2232,#2240,#2242,.T.);
#2240 = VERTEX_POINT('',#2241);
#2241 = CARTESIAN_POINT('',(-59.22117929856,76.044830299795,
    133.35111444265));
#2242 = LINE('',#2243,#2244);
#2243 = CARTESIAN_POINT('',(-56.35620095161,74.67209240176,
    132.31953152485));
#2244 = VECTOR('',#2245,1.);
#2245 = DIRECTION('',(0.857736676179,-0.410979595423,-0.308842300348));
#2246 = ORIENTED_EDGE('',*,*,#2247,.T.);
#2247 = EDGE_CURVE('',#2240,#2248,#2250,.T.);
#2248 = VERTEX_POINT('',#2249);
#2249 = CARTESIAN_POINT('',(-59.19885436659,76.034133965407,
    133.34307594723));
#2250 = LINE('',#2251,#2252);
#2251 = CARTESIAN_POINT('',(-56.30958530549,74.649825692763,
    132.30274237931));
#2252 = VECTOR('',#2253,1.);
#2253 = DIRECTION('',(0.857743488066,-0.410962558774,-0.308846052211));
#2254 = ORIENTED_EDGE('',*,*,#2255,.T.);
#2255 = EDGE_CURVE('',#2248,#1802,#2256,.T.);
#2256 = LINE('',#2257,#2258);
#2257 = CARTESIAN_POINT('',(-56.14272323074,74.569794373133,
    132.24266606472));
#2258 = VECTOR('',#2259,1.);
#2259 = DIRECTION('',(0.857735552176,-0.410982406487,-0.308841681274));
#2260 = ORIENTED_EDGE('',*,*,#1801,.T.);
#2261 = ORIENTED_EDGE('',*,*,#2262,.T.);
#2262 = EDGE_CURVE('',#1804,#2263,#2265,.T.);
#2263 = VERTEX_POINT('',#2264);
#2264 = CARTESIAN_POINT('',(-58.90019602712,75.89103165097,
    133.23553918511));
#2265 = LINE('',#2266,#2267);
#2266 = CARTESIAN_POINT('',(-55.89814527274,74.452584697866,
    132.15460309833));
#2267 = VECTOR('',#2268,1.);
#2268 = DIRECTION('',(0.857733646567,-0.410987172245,-0.308840631713));
#2269 = ORIENTED_EDGE('',*,*,#2270,.T.);
#2270 = EDGE_CURVE('',#2263,#2271,#2273,.T.);
#2271 = VERTEX_POINT('',#2272);
#2272 = CARTESIAN_POINT('',(-58.80781333508,75.846765211529,
    133.20227538178));
#2273 = LINE('',#2274,#2275);
#2274 = CARTESIAN_POINT('',(-56.03241359158,74.516894193916,
    132.20295019221));
#2275 = VECTOR('',#2276,1.);
#2276 = DIRECTION('',(0.857731056126,-0.410993650597,-0.30883920497));
#2277 = ORIENTED_EDGE('',*,*,#2278,.T.);
#2278 = EDGE_CURVE('',#2271,#2279,#2281,.T.);
#2279 = VERTEX_POINT('',#2280);
#2280 = CARTESIAN_POINT('',(-60.26279725645,72.207974940296,
    134.00364410957));
#2281 = LINE('',#2282,#2283);
#2282 = CARTESIAN_POINT('',(-59.74882449029,73.493376843173,
    133.72056077395));
#2283 = VECTOR('',#2284,1.);
#2284 = DIRECTION('',(-0.363746381744,-0.90969857168,0.200342403031));
#2285 = ORIENTED_EDGE('',*,*,#2286,.T.);
#2286 = EDGE_CURVE('',#2279,#2287,#2289,.T.);
#2287 = VERTEX_POINT('',#2288);
#2288 = CARTESIAN_POINT('',(-60.35517829092,72.252240585492,
    134.03690731607));
#2289 = LINE('',#2290,#2291);
#2290 = CARTESIAN_POINT('',(-57.48741148542,70.878110617787,
    133.00432395101));
#2291 = VECTOR('',#2292,1.);
#2292 = DIRECTION('',(-0.857731056126,0.410993650597,0.30883920497));
#2293 = ORIENTED_EDGE('',*,*,#2294,.T.);
#2294 = EDGE_CURVE('',#2287,#2295,#2297,.T.);
#2295 = VERTEX_POINT('',#2296);
#2296 = CARTESIAN_POINT('',(-60.47823220171,72.311202454401,
    134.08121483239));
#2297 = LINE('',#2298,#2299);
#2298 = CARTESIAN_POINT('',(-57.35313095003,70.813795267978,
    132.95597245837));
#2299 = VECTOR('',#2300,1.);
#2300 = DIRECTION('',(-0.857733646567,0.410987172245,0.308840631713));
#2301 = ORIENTED_EDGE('',*,*,#2302,.T.);
#2302 = EDGE_CURVE('',#2295,#2303,#2305,.T.);
#2303 = VERTEX_POINT('',#2304);
#2304 = CARTESIAN_POINT('',(-62.99677703476,73.517953701398,
    134.98805830581));
#2305 = LINE('',#2306,#2307);
#2306 = CARTESIAN_POINT('',(-57.95466830363,71.102046341349,
    133.17256416209));
#2307 = VECTOR('',#2308,1.);
#2308 = DIRECTION('',(-0.857736107658,0.410981017263,0.30884198722));
#2309 = ORIENTED_EDGE('',*,*,#2310,.T.);
#2310 = EDGE_CURVE('',#2303,#2311,#2313,.T.);
#2311 = VERTEX_POINT('',#2312);
#2312 = CARTESIAN_POINT('',(-63.01675853501,73.527527910655,
    134.99525296395));
#2313 = LINE('',#2314,#2315);
#2314 = CARTESIAN_POINT('',(-58.03673840377,71.141332967686,
    133.20211721568));
#2315 = VECTOR('',#2316,1.);
#2316 = DIRECTION('',(-0.857733963372,0.410986379949,0.308840806201));
#2317 = ORIENTED_EDGE('',*,*,#2318,.T.);
#2318 = EDGE_CURVE('',#2311,#2319,#2321,.T.);
#2319 = VERTEX_POINT('',#2320);
#2320 = CARTESIAN_POINT('',(-63.02940651052,73.533587869226,
    134.99980709282));
#2321 = LINE('',#2322,#2323);
#2322 = CARTESIAN_POINT('',(-58.54230378772,71.383705733411,
    133.38414583129));
#2323 = VECTOR('',#2324,1.);
#2324 = DIRECTION('',(-0.857742277692,0.410965586006,0.308845385555));
#2325 = ORIENTED_EDGE('',*,*,#2326,.T.);
#2326 = EDGE_CURVE('',#2319,#2327,#2329,.T.);
#2327 = VERTEX_POINT('',#2328);
#2328 = CARTESIAN_POINT('',(-63.06180913561,73.549113500505,
    135.01147418841));
#2329 = LINE('',#2330,#2331);
#2330 = CARTESIAN_POINT('',(-58.61961606186,71.420648552584,
    133.4119898543));
#2331 = VECTOR('',#2332,1.);
#2332 = DIRECTION('',(-0.857735789532,0.410981812876,0.308841812004));
#2333 = ORIENTED_EDGE('',*,*,#2334,.T.);
#2334 = EDGE_CURVE('',#2327,#2335,#2337,.T.);
#2335 = VERTEX_POINT('',#2336);
#2336 = CARTESIAN_POINT('',(-63.10536528212,73.569983678959,
    135.02715726847));
#2337 = LINE('',#2338,#2339);
#2338 = CARTESIAN_POINT('',(-58.70062733889,71.459428124927,
    133.44116164348));
#2339 = VECTOR('',#2340,1.);
#2340 = DIRECTION('',(-0.857733363177,0.410987880974,0.308840475629));
#2341 = ORIENTED_EDGE('',*,*,#2342,.T.);
#2342 = EDGE_CURVE('',#2335,#2343,#2345,.T.);
#2343 = VERTEX_POINT('',#2344);
#2344 = CARTESIAN_POINT('',(-63.14676317474,73.58981912376,
    135.04206327306));
#2345 = LINE('',#2346,#2347);
#2346 = CARTESIAN_POINT('',(-58.78073304782,71.497873275797,
    133.4700010019));
#2347 = VECTOR('',#2348,1.);
#2348 = DIRECTION('',(-0.857737492151,0.410977554709,0.308842749768));
#2349 = ORIENTED_EDGE('',*,*,#2350,.T.);
#2350 = EDGE_CURVE('',#2343,#2351,#2353,.T.);
#2351 = VERTEX_POINT('',#2352);
#2352 = CARTESIAN_POINT('',(-63.17768489207,73.604635331475,
    135.053197134));
#2353 = LINE('',#2354,#2355);
#2354 = CARTESIAN_POINT('',(-58.85367690435,71.53277755524,
    133.49626861206));
#2355 = VECTOR('',#2356,1.);
#2356 = DIRECTION('',(-0.857734398564,0.410985291576,0.308841045893));
#2357 = ORIENTED_EDGE('',*,*,#2358,.T.);
#2358 = EDGE_CURVE('',#2351,#2359,#2361,.T.);
#2359 = VERTEX_POINT('',#2360);
#2360 = CARTESIAN_POINT('',(-63.19687518609,73.613830107669,
    135.06010692643));
#2361 = LINE('',#2362,#2363);
#2362 = CARTESIAN_POINT('',(-58.91187351022,71.560728088692,
    133.51721904276));
#2363 = VECTOR('',#2364,1.);
#2364 = DIRECTION('',(-0.857738818231,0.410974238209,0.308843480145));
#2365 = ORIENTED_EDGE('',*,*,#2366,.T.);
#2366 = EDGE_CURVE('',#2359,#2367,#2369,.T.);
#2367 = VERTEX_POINT('',#2368);
#2368 = CARTESIAN_POINT('',(-63.20662479536,73.618501961099,
    135.06361741018));
#2369 = LINE('',#2370,#2371);
#2370 = CARTESIAN_POINT('',(-58.95041898253,71.578997692773,
    133.5311107288));
#2371 = VECTOR('',#2372,1.);
#2372 = DIRECTION('',(-0.857725333252,0.411007962289,0.308836053001));
#2373 = ORIENTED_EDGE('',*,*,#2374,.T.);
#2374 = EDGE_CURVE('',#2367,#2375,#2377,.T.);
#2375 = VERTEX_POINT('',#2376);
#2376 = CARTESIAN_POINT('',(-63.20950824437,73.619883301529,
    135.06465565961));
#2377 = LINE('',#2378,#2379);
#2378 = CARTESIAN_POINT('',(-58.96702524108,71.587486238953,
    133.53705605786));
#2379 = VECTOR('',#2380,1.);
#2380 = DIRECTION('',(-0.857761387955,0.410917786569,0.308855911413));
#2381 = ORIENTED_EDGE('',*,*,#2382,.T.);
#2382 = EDGE_CURVE('',#2375,#2383,#2385,.T.);
#2383 = VERTEX_POINT('',#2384);
#2384 = CARTESIAN_POINT('',(-63.35043269143,73.687407602757,
    135.11539776704));
#2385 = LINE('',#2386,#2387);
#2386 = CARTESIAN_POINT('',(-59.04936206016,71.626538853739,
    133.5667283019));
#2387 = VECTOR('',#2388,1.);
#2388 = DIRECTION('',(-0.857734301082,0.41098553537,0.308840992202));
#2389 = ORIENTED_EDGE('',*,*,#2390,.T.);
#2390 = EDGE_CURVE('',#2383,#2391,#2393,.T.);
#2391 = VERTEX_POINT('',#2392);
#2392 = CARTESIAN_POINT('',(-61.89546122058,77.326203839705,
    134.31403352226));
#2393 = LINE('',#2394,#2395);
#2394 = CARTESIAN_POINT('',(-62.83646895573,74.972800027878,
    134.83231856641));
#2395 = VECTOR('',#2396,1.);
#2396 = DIRECTION('',(0.363743269105,0.909700063096,-0.200341282274));
#2397 = ORIENTED_EDGE('',*,*,#2398,.T.);
#2398 = EDGE_CURVE('',#2391,#2174,#2399,.T.);
#2399 = LINE('',#2400,#2401);
#2400 = CARTESIAN_POINT('',(-57.8024453325,75.36500165228,
    132.84027900113));
#2401 = VECTOR('',#2402,1.);
#2402 = DIRECTION('',(0.857732656346,-0.410989648672,-0.308840086326));
#2403 = PLANE('',#2404);
#2404 = AXIS2_PLACEMENT_3D('',#2405,#2406,#2407);
#2405 = CARTESIAN_POINT('',(-54.53482831288,70.35878442357,
    131.88389730523));
#2406 = DIRECTION('',(-0.36329003925,-5.950075759264E-02,-0.929774170015
    ));
#2407 = DIRECTION('',(-0.931424411537,-3.469446951954E-18,0.363934837015
    ));
#2408 = ADVANCED_FACE('',(#2409),#2427,.T.);
#2409 = FACE_BOUND('',#2410,.F.);
#2410 = EDGE_LOOP('',(#2411,#2412,#2413,#2421));
#2411 = ORIENTED_EDGE('',*,*,#2262,.F.);
#2412 = ORIENTED_EDGE('',*,*,#1818,.T.);
#2413 = ORIENTED_EDGE('',*,*,#2414,.T.);
#2414 = EDGE_CURVE('',#1403,#2415,#2417,.T.);
#2415 = VERTEX_POINT('',#2416);
#2416 = CARTESIAN_POINT('',(-58.46435928344,75.513084411621,
    132.31069946289));
#2417 = LINE('',#2418,#2419);
#2418 = CARTESIAN_POINT('',(-58.57986450195,75.224212646484,
    130.78927612304));
#2419 = VECTOR('',#2420,1.);
#2420 = DIRECTION('',(7.438004080571E-02,0.186020111961,0.979726557503)
  );
#2421 = ORIENTED_EDGE('',*,*,#2422,.F.);
#2422 = EDGE_CURVE('',#2263,#2415,#2423,.T.);
#2423 = LINE('',#2424,#2425);
#2424 = CARTESIAN_POINT('',(-59.08528518676,76.051536560059,
    133.62829589843));
#2425 = VECTOR('',#2426,1.);
#2426 = DIRECTION('',(0.399845798947,-0.346736749644,-0.848467420418));
#2427 = PLANE('',#2428);
#2428 = AXIS2_PLACEMENT_3D('',#2429,#2430,#2431);
#2429 = CARTESIAN_POINT('',(-58.73892559408,75.606136576018,
    132.23470682472));
#2430 = DIRECTION('',(0.363750550489,0.9096975676,-0.200339393334));
#2431 = DIRECTION('',(0.928521903007,-0.371277626092,4.163336342344E-17)
  );
#2432 = ADVANCED_FACE('',(#2433),#2451,.T.);
#2433 = FACE_BOUND('',#2434,.F.);
#2434 = EDGE_LOOP('',(#2435,#2436,#2444,#2450));
#2435 = ORIENTED_EDGE('',*,*,#2255,.F.);
#2436 = ORIENTED_EDGE('',*,*,#2437,.T.);
#2437 = EDGE_CURVE('',#2248,#2438,#2440,.T.);
#2438 = VERTEX_POINT('',#2439);
#2439 = CARTESIAN_POINT('',(-59.91283416748,75.924728393555,
    131.54997253418));
#2440 = LINE('',#2441,#2442);
#2441 = CARTESIAN_POINT('',(-59.08528518676,76.051536560059,
    133.62829589843));
#2442 = VECTOR('',#2443,1.);
#2443 = DIRECTION('',(-0.36934047143,-5.659530624692E-02,-0.927569182042
    ));
#2444 = ORIENTED_EDGE('',*,*,#2445,.T.);
#2445 = EDGE_CURVE('',#2438,#755,#2446,.T.);
#2446 = LINE('',#2447,#2448);
#2447 = CARTESIAN_POINT('',(-59.91283416748,75.924728393555,
    131.54997253418));
#2448 = VECTOR('',#2449,1.);
#2449 = DIRECTION('',(-3.861366684059E-02,-0.200163694521,
    -0.979001266664));
#2450 = ORIENTED_EDGE('',*,*,#1811,.F.);
#2451 = PLANE('',#2452);
#2452 = AXIS2_PLACEMENT_3D('',#2453,#2454,#2455);
#2453 = CARTESIAN_POINT('',(-59.64959726636,75.771478085307,
    131.33204086944));
#2454 = DIRECTION('',(0.36374470258,0.909699498864,-0.200341241667));
#2455 = DIRECTION('',(0.928524232439,-0.371271800401,-4.163336342344E-17
    ));
#2456 = ADVANCED_FACE('',(#2457),#2474,.T.);
#2457 = FACE_BOUND('',#2458,.F.);
#2458 = EDGE_LOOP('',(#2459,#2467,#2473));
#2459 = ORIENTED_EDGE('',*,*,#2460,.F.);
#2460 = EDGE_CURVE('',#2461,#755,#2463,.T.);
#2461 = VERTEX_POINT('',#2462);
#2462 = CARTESIAN_POINT('',(-60.36721038818,75.89281463623,
    130.58009338378));
#2463 = LINE('',#2464,#2465);
#2464 = CARTESIAN_POINT('',(-60.36721038818,75.89281463623,
    130.58009338378));
#2465 = VECTOR('',#2466,1.);
#2466 = DIRECTION('',(0.209820385386,-0.289561809519,-0.933878666822));
#2467 = ORIENTED_EDGE('',*,*,#2468,.F.);
#2468 = EDGE_CURVE('',#1849,#2461,#2469,.T.);
#2469 = LINE('',#2470,#2471);
#2470 = CARTESIAN_POINT('',(-60.65298461914,75.959083557129,
    130.36212158203));
#2471 = VECTOR('',#2472,1.);
#2472 = DIRECTION('',(0.781930758596,-0.181323933288,0.596410865074));
#2473 = ORIENTED_EDGE('',*,*,#1848,.T.);
#2474 = PLANE('',#2475);
#2475 = AXIS2_PLACEMENT_3D('',#2476,#2477,#2478);
#2476 = CARTESIAN_POINT('',(-60.28481865538,75.690829728227,
    129.81251199396));
#2477 = DIRECTION('',(0.363756406492,0.90969593221,-0.200336186587));
#2478 = DIRECTION('',(0.928519612322,-0.371283354775,-4.163336342344E-17
    ));
#2479 = ADVANCED_FACE('',(#2480),#2498,.T.);
#2480 = FACE_BOUND('',#2481,.F.);
#2481 = EDGE_LOOP('',(#2482,#2483,#2491,#2497));
#2482 = ORIENTED_EDGE('',*,*,#1856,.F.);
#2483 = ORIENTED_EDGE('',*,*,#2484,.F.);
#2484 = EDGE_CURVE('',#2485,#1849,#2487,.T.);
#2485 = VERTEX_POINT('',#2486);
#2486 = CARTESIAN_POINT('',(-62.10796356201,72.320289611816,
    131.1634979248));
#2487 = LINE('',#2488,#2489);
#2488 = CARTESIAN_POINT('',(-62.10796356201,72.320289611816,
    131.1634979248));
#2489 = VECTOR('',#2490,1.);
#2490 = DIRECTION('',(0.363744859125,0.909698794961,-0.200344153664));
#2491 = ORIENTED_EDGE('',*,*,#2492,.T.);
#2492 = EDGE_CURVE('',#2485,#1881,#2493,.T.);
#2493 = LINE('',#2494,#2495);
#2494 = CARTESIAN_POINT('',(-62.10796356201,72.320289611816,
    131.1634979248));
#2495 = VECTOR('',#2496,1.);
#2496 = DIRECTION('',(-0.886310477269,0.271819693443,-0.374923715094));
#2497 = ORIENTED_EDGE('',*,*,#1880,.T.);
#2498 = PLANE('',#2499);
#2499 = AXIS2_PLACEMENT_3D('',#2500,#2501,#2502);
#2500 = CARTESIAN_POINT('',(-61.54243469238,74.189357757568,
    130.69429779052));
#2501 = DIRECTION('',(-0.286610165393,0.313943696383,0.905148589236));
#2502 = DIRECTION('',(2.775557561563E-17,-0.944784873458,0.327691231017)
  );
#2503 = ADVANCED_FACE('',(#2504),#2509,.T.);
#2504 = FACE_BOUND('',#2505,.F.);
#2505 = EDGE_LOOP('',(#2506,#2507,#2508));
#2506 = ORIENTED_EDGE('',*,*,#2086,.F.);
#2507 = ORIENTED_EDGE('',*,*,#1918,.T.);
#2508 = ORIENTED_EDGE('',*,*,#1888,.T.);
#2509 = PLANE('',#2510);
#2510 = AXIS2_PLACEMENT_3D('',#2511,#2512,#2513);
#2511 = CARTESIAN_POINT('',(-63.61569905898,72.813267216177,
    130.66450541927));
#2512 = DIRECTION('',(-0.363747640791,-0.909695854253,0.200352455873));
#2513 = DIRECTION('',(-0.928522685784,0.371275668451,-2.775557561563E-17
    ));
#2514 = ADVANCED_FACE('',(#2515),#2532,.T.);
#2515 = FACE_BOUND('',#2516,.F.);
#2516 = EDGE_LOOP('',(#2517,#2525,#2526));
#2517 = ORIENTED_EDGE('',*,*,#2518,.T.);
#2518 = EDGE_CURVE('',#2519,#1616,#2521,.T.);
#2519 = VERTEX_POINT('',#2520);
#2520 = CARTESIAN_POINT('',(-63.88262557983,73.376159667969,
    132.73582458496));
#2521 = LINE('',#2522,#2523);
#2522 = CARTESIAN_POINT('',(-63.88262557983,73.376159667969,
    132.73582458496));
#2523 = VECTOR('',#2524,1.);
#2524 = DIRECTION('',(0.397663220298,0.909034926378,-0.124577148175));
#2525 = ORIENTED_EDGE('',*,*,#1950,.T.);
#2526 = ORIENTED_EDGE('',*,*,#2527,.F.);
#2527 = EDGE_CURVE('',#2519,#1576,#2528,.T.);
#2528 = LINE('',#2529,#2530);
#2529 = CARTESIAN_POINT('',(-63.88262557983,73.376159667969,
    132.73582458496));
#2530 = VECTOR('',#2531,1.);
#2531 = DIRECTION('',(-0.42418579688,-2.976331281975E-02,-0.905085937873
    ));
#2532 = PLANE('',#2533);
#2533 = AXIS2_PLACEMENT_3D('',#2534,#2535,#2536);
#2534 = CARTESIAN_POINT('',(-63.0912405489,75.192902786017,
    132.4794202573));
#2535 = DIRECTION('',(0.829323127875,-0.414191910778,-0.375057609733));
#2536 = DIRECTION('',(0.446808240071,0.894629753923,-2.775557561563E-17)
  );
#2537 = ADVANCED_FACE('',(#2538),#2555,.T.);
#2538 = FACE_BOUND('',#2539,.F.);
#2539 = EDGE_LOOP('',(#2540,#2548,#2549));
#2540 = ORIENTED_EDGE('',*,*,#2541,.T.);
#2541 = EDGE_CURVE('',#2542,#1968,#2544,.T.);
#2542 = VERTEX_POINT('',#2543);
#2543 = CARTESIAN_POINT('',(-63.74145507812,73.386077880859,
    133.03715515136));
#2544 = LINE('',#2545,#2546);
#2545 = CARTESIAN_POINT('',(-63.74145507812,73.386077880859,
    133.03715515136));
#2546 = VECTOR('',#2547,1.);
#2547 = DIRECTION('',(0.39103308286,0.905333573868,-0.165723408535));
#2548 = ORIENTED_EDGE('',*,*,#1967,.F.);
#2549 = ORIENTED_EDGE('',*,*,#2550,.T.);
#2550 = EDGE_CURVE('',#1616,#2542,#2551,.T.);
#2551 = LINE('',#2552,#2553);
#2552 = CARTESIAN_POINT('',(-62.28647613525,77.024864196777,
    132.23579406738));
#2553 = VECTOR('',#2554,1.);
#2554 = DIRECTION('',(-0.363745768257,-0.909699161277,0.200340839689));
#2555 = PLANE('',#2556);
#2556 = AXIS2_PLACEMENT_3D('',#2557,#2558,#2559);
#2557 = CARTESIAN_POINT('',(-62.96991410235,75.241350024717,
    132.66300841187));
#2558 = DIRECTION('',(0.691377044911,-0.407794365012,-0.596407191133));
#2559 = DIRECTION('',(0.653186187284,0.,0.757197335403));
#2560 = ADVANCED_FACE('',(#2561),#2571,.T.);
#2561 = FACE_BOUND('',#2562,.F.);
#2562 = EDGE_LOOP('',(#2563,#2564,#2570));
#2563 = ORIENTED_EDGE('',*,*,#1975,.F.);
#2564 = ORIENTED_EDGE('',*,*,#2565,.T.);
#2565 = EDGE_CURVE('',#1968,#2013,#2566,.T.);
#2566 = LINE('',#2567,#2568);
#2567 = CARTESIAN_POINT('',(-62.17578887939,77.010963439941,
    132.37361145019));
#2568 = VECTOR('',#2569,1.);
#2569 = DIRECTION('',(-0.878947515374,0.263972533046,-0.397202425742));
#2570 = ORIENTED_EDGE('',*,*,#2012,.T.);
#2571 = PLANE('',#2572);
#2572 = AXIS2_PLACEMENT_3D('',#2573,#2574,#2575);
#2573 = CARTESIAN_POINT('',(-63.21117624207,77.269982326816,
    131.66987859008));
#2574 = DIRECTION('',(0.363743466195,0.909700267874,-0.200339994584));
#2575 = DIRECTION('',(0.928524775679,-0.371270441794,-4.163336342344E-17
    ));
#2576 = ADVANCED_FACE('',(#2577),#2594,.T.);
#2577 = FACE_BOUND('',#2578,.F.);
#2578 = EDGE_LOOP('',(#2579,#2587,#2588));
#2579 = ORIENTED_EDGE('',*,*,#2580,.F.);
#2580 = EDGE_CURVE('',#1266,#2581,#2583,.T.);
#2581 = VERTEX_POINT('',#2582);
#2582 = CARTESIAN_POINT('',(-63.86728668212,73.845924377441,
    134.8967590332));
#2583 = LINE('',#2584,#2585);
#2584 = CARTESIAN_POINT('',(-65.19169616699,73.491279602051,
    130.88175964355));
#2585 = VECTOR('',#2586,1.);
#2586 = DIRECTION('',(0.312165845366,8.359045097432E-02,0.946343025278)
  );
#2587 = ORIENTED_EDGE('',*,*,#1989,.F.);
#2588 = ORIENTED_EDGE('',*,*,#2589,.F.);
#2589 = EDGE_CURVE('',#2581,#1990,#2590,.T.);
#2590 = LINE('',#2591,#2592);
#2591 = CARTESIAN_POINT('',(-63.86728668212,73.845924377441,
    134.8967590332));
#2592 = VECTOR('',#2593,1.);
#2593 = DIRECTION('',(-0.528677618847,2.453607363031E-02,-0.848468005538
    ));
#2594 = PLANE('',#2595);
#2595 = AXIS2_PLACEMENT_3D('',#2596,#2597,#2598);
#2596 = CARTESIAN_POINT('',(-64.71412202745,73.74813466411,
    132.91518006869));
#2597 = DIRECTION('',(-0.363742384797,-0.909700726687,0.20033987463));
#2598 = DIRECTION('',(-0.92852522074,0.371269328723,-4.163336342344E-17)
  );
#2599 = ADVANCED_FACE('',(#2600),#2617,.T.);
#2600 = FACE_BOUND('',#2601,.F.);
#2601 = EDGE_LOOP('',(#2602,#2610,#2616));
#2602 = ORIENTED_EDGE('',*,*,#2603,.F.);
#2603 = EDGE_CURVE('',#2604,#2013,#2606,.T.);
#2604 = VERTEX_POINT('',#2605);
#2605 = CARTESIAN_POINT('',(-63.84567260742,77.664810180664,
    132.31069946289));
#2606 = LINE('',#2607,#2608);
#2607 = CARTESIAN_POINT('',(-63.84567260742,77.664810180664,
    132.31069946289));
#2608 = VECTOR('',#2609,1.);
#2609 = DIRECTION('',(-0.194940216836,-0.135967647304,-0.971345000886));
#2610 = ORIENTED_EDGE('',*,*,#2611,.T.);
#2611 = EDGE_CURVE('',#2604,#1990,#2612,.T.);
#2612 = LINE('',#2613,#2614);
#2613 = CARTESIAN_POINT('',(-63.84567260742,77.664810180664,
    132.31069946289));
#2614 = VECTOR('',#2615,1.);
#2615 = DIRECTION('',(-0.394424429098,-0.91887426166,9.973013023251E-03)
  );
#2616 = ORIENTED_EDGE('',*,*,#2020,.F.);
#2617 = PLANE('',#2618);
#2618 = AXIS2_PLACEMENT_3D('',#2619,#2620,#2621);
#2619 = CARTESIAN_POINT('',(-64.61965279897,75.92896872788,
    132.12386789196));
#2620 = DIRECTION('',(-0.9108715615,0.392377229734,0.127879271332));
#2621 = DIRECTION('',(-0.39562541655,-0.918411960821,0.));
#2622 = ADVANCED_FACE('',(#2623),#2633,.T.);
#2623 = FACE_BOUND('',#2624,.F.);
#2624 = EDGE_LOOP('',(#2625,#2626,#2632));
#2625 = ORIENTED_EDGE('',*,*,#2580,.T.);
#2626 = ORIENTED_EDGE('',*,*,#2627,.T.);
#2627 = EDGE_CURVE('',#2581,#1576,#2628,.T.);
#2628 = LINE('',#2629,#2630);
#2629 = CARTESIAN_POINT('',(-63.86728668212,73.845924377441,
    134.8967590332));
#2630 = VECTOR('',#2631,1.);
#2631 = DIRECTION('',(-1.300906096025E-02,-0.21009267406,-0.977594922572
    ));
#2632 = ORIENTED_EDGE('',*,*,#2036,.F.);
#2633 = PLANE('',#2634);
#2634 = AXIS2_PLACEMENT_3D('',#2635,#2636,#2637);
#2635 = CARTESIAN_POINT('',(-64.36689979742,73.59324311791,
    132.84228261564));
#2636 = DIRECTION('',(-0.36374827572,-0.909697996352,0.200341576671));
#2637 = DIRECTION('',(-0.92852276376,0.371275473442,4.163336342344E-17)
  );
#2638 = ADVANCED_FACE('',(#2639),#2649,.T.);
#2639 = FACE_BOUND('',#2640,.F.);
#2640 = EDGE_LOOP('',(#2641,#2647,#2648));
#2641 = ORIENTED_EDGE('',*,*,#2642,.F.);
#2642 = EDGE_CURVE('',#1349,#2485,#2643,.T.);
#2643 = LINE('',#2644,#2645);
#2644 = CARTESIAN_POINT('',(-60.03484344482,71.585418701172,
    131.59063720703));
#2645 = VECTOR('',#2646,1.);
#2646 = DIRECTION('',(-0.925250200451,0.327978804384,-0.190635700857));
#2647 = ORIENTED_EDGE('',*,*,#2079,.F.);
#2648 = ORIENTED_EDGE('',*,*,#2492,.F.);
#2649 = PLANE('',#2650);
#2650 = AXIS2_PLACEMENT_3D('',#2651,#2652,#2653);
#2651 = CARTESIAN_POINT('',(-61.23642657011,72.006942035503,
    131.32304917225));
#2652 = DIRECTION('',(-0.363746055634,-0.909695346819,0.200357637702));
#2653 = DIRECTION('',(-0.928523172162,0.371274452068,-1.387778780781E-17
    ));
#2654 = ADVANCED_FACE('',(#2655),#2672,.T.);
#2655 = FACE_BOUND('',#2656,.F.);
#2656 = EDGE_LOOP('',(#2657,#2665,#2671));
#2657 = ORIENTED_EDGE('',*,*,#2658,.T.);
#2658 = EDGE_CURVE('',#1349,#2659,#2661,.T.);
#2659 = VERTEX_POINT('',#2660);
#2660 = CARTESIAN_POINT('',(-59.91933822631,71.874290466309,
    133.11206054687));
#2661 = LINE('',#2662,#2663);
#2662 = CARTESIAN_POINT('',(-60.03484344482,71.585418701172,
    131.59063720703));
#2663 = VECTOR('',#2664,1.);
#2664 = DIRECTION('',(7.438004080571E-02,0.186020111961,0.979726557503)
  );
#2665 = ORIENTED_EDGE('',*,*,#2666,.T.);
#2666 = EDGE_CURVE('',#2659,#2102,#2667,.T.);
#2667 = LINE('',#2668,#2669);
#2668 = CARTESIAN_POINT('',(-59.91933822631,71.874290466309,
    133.11206054687));
#2669 = VECTOR('',#2670,1.);
#2670 = DIRECTION('',(4.745276467776E-02,-0.232889713075,-0.971344746559
    ));
#2671 = ORIENTED_EDGE('',*,*,#2101,.F.);
#2672 = PLANE('',#2673);
#2673 = AXIS2_PLACEMENT_3D('',#2674,#2675,#2676);
#2674 = CARTESIAN_POINT('',(-59.95326004848,71.720325722391,
    132.35134890195));
#2675 = DIRECTION('',(-0.363747840066,-0.909698651381,0.200339393338));
#2676 = DIRECTION('',(-0.928523009215,0.371274859582,2.775557561563E-17)
  );
#2677 = ADVANCED_FACE('',(#2678),#2694,.T.);
#2678 = FACE_BOUND('',#2679,.F.);
#2679 = EDGE_LOOP('',(#2680,#2686,#2687,#2688));
#2680 = ORIENTED_EDGE('',*,*,#2681,.T.);
#2681 = EDGE_CURVE('',#2415,#2110,#2682,.T.);
#2682 = LINE('',#2683,#2684);
#2683 = CARTESIAN_POINT('',(-58.46435928344,75.513084411621,
    132.31069946289));
#2684 = VECTOR('',#2685,1.);
#2685 = DIRECTION('',(4.745276467776E-02,-0.232889713075,-0.971344746559
    ));
#2686 = ORIENTED_EDGE('',*,*,#2109,.T.);
#2687 = ORIENTED_EDGE('',*,*,#2666,.F.);
#2688 = ORIENTED_EDGE('',*,*,#2689,.F.);
#2689 = EDGE_CURVE('',#2415,#2659,#2690,.T.);
#2690 = LINE('',#2691,#2692);
#2691 = CARTESIAN_POINT('',(-58.46435928344,75.513084411621,
    132.31069946289));
#2692 = VECTOR('',#2693,1.);
#2693 = DIRECTION('',(-0.363745137116,-0.909699490194,0.200340492075));
#2694 = PLANE('',#2695);
#2695 = AXIS2_PLACEMENT_3D('',#2696,#2697,#2698);
#2696 = CARTESIAN_POINT('',(-59.1732673645,73.602493286133,
    132.33102416992));
#2697 = DIRECTION('',(0.930289060465,-0.343815217798,0.127880256451));
#2698 = DIRECTION('',(0.346661441772,0.937990322332,0.));
#2699 = ADVANCED_FACE('',(#2700),#2705,.T.);
#2700 = FACE_BOUND('',#2701,.F.);
#2701 = EDGE_LOOP('',(#2702,#2703,#2704));
#2702 = ORIENTED_EDGE('',*,*,#2414,.F.);
#2703 = ORIENTED_EDGE('',*,*,#2117,.F.);
#2704 = ORIENTED_EDGE('',*,*,#2681,.F.);
#2705 = PLANE('',#2706);
#2706 = AXIS2_PLACEMENT_3D('',#2707,#2708,#2709);
#2707 = CARTESIAN_POINT('',(-58.49828110561,75.359119667703,
    131.54998781797));
#2708 = DIRECTION('',(0.363747840066,0.909698651381,-0.200339393338));
#2709 = DIRECTION('',(0.928523009215,-0.371274859582,0.));
#2710 = ADVANCED_FACE('',(#2711),#2748,.T.);
#2711 = FACE_BOUND('',#2712,.F.);
#2712 = EDGE_LOOP('',(#2713,#2719,#2727,#2735,#2741,#2742));
#2713 = ORIENTED_EDGE('',*,*,#2714,.T.);
#2714 = EDGE_CURVE('',#654,#22,#2715,.T.);
#2715 = LINE('',#2716,#2717);
#2716 = CARTESIAN_POINT('',(-99.08602142334,102.79824066162,
    176.32614135742));
#2717 = VECTOR('',#2718,1.);
#2718 = DIRECTION('',(-0.363745089128,-0.909699191036,0.200341937603));
#2719 = ORIENTED_EDGE('',*,*,#2720,.T.);
#2720 = EDGE_CURVE('',#22,#2721,#2723,.T.);
#2721 = VERTEX_POINT('',#2722);
#2722 = CARTESIAN_POINT('',(-101.8284415325,89.636797676851,
    176.01124474659));
#2723 = LINE('',#2724,#2725);
#2724 = CARTESIAN_POINT('',(-103.7419586181,91.154090881348,
    178.89051818847));
#2725 = VECTOR('',#2726,1.);
#2726 = DIRECTION('',(0.5068329635,-0.401885207672,-0.76263269466));
#2727 = ORIENTED_EDGE('',*,*,#2728,.F.);
#2728 = EDGE_CURVE('',#2729,#2721,#2731,.T.);
#2729 = VERTEX_POINT('',#2730);
#2730 = CARTESIAN_POINT('',(-101.7206412544,89.90639839302,
    175.95187106667));
#2731 = LINE('',#2732,#2733);
#2732 = CARTESIAN_POINT('',(-101.1669460138,91.291150233226,
    175.64690966411));
#2733 = VECTOR('',#2734,1.);
#2734 = DIRECTION('',(-0.363744770748,-0.909699422507,0.200341464613));
#2735 = ORIENTED_EDGE('',*,*,#2736,.F.);
#2736 = EDGE_CURVE('',#2132,#2729,#2737,.T.);
#2737 = LINE('',#2738,#2739);
#2738 = CARTESIAN_POINT('',(-88.97610740004,79.802968076204,
    156.77576419939));
#2739 = VECTOR('',#2740,1.);
#2740 = DIRECTION('',(-0.506859911573,0.401821192948,0.762648515988));
#2741 = ORIENTED_EDGE('',*,*,#2131,.T.);
#2742 = ORIENTED_EDGE('',*,*,#2743,.T.);
#2743 = EDGE_CURVE('',#2134,#654,#2744,.T.);
#2744 = LINE('',#2745,#2746);
#2745 = CARTESIAN_POINT('',(-74.09217834472,82.979766845703,
    138.71784973144));
#2746 = VECTOR('',#2747,1.);
#2747 = DIRECTION('',(-0.5068329635,0.401885207672,0.76263269466));
#2748 = PLANE('',#2749);
#2749 = AXIS2_PLACEMENT_3D('',#2750,#2751,#2752);
#2750 = CARTESIAN_POINT('',(-88.91706848144,87.066928863525,
    158.80418395996));
#2751 = DIRECTION('',(-0.774594334685,0.175935211827,-0.60749519991));
#2752 = DIRECTION('',(0.617121212162,1.110223024625E-16,-0.786868101717)
  );
#2753 = ADVANCED_FACE('',(#2754),#2771,.T.);
#2754 = FACE_BOUND('',#2755,.F.);
#2755 = EDGE_LOOP('',(#2756,#2764,#2765));
#2756 = ORIENTED_EDGE('',*,*,#2757,.F.);
#2757 = EDGE_CURVE('',#2134,#2758,#2760,.T.);
#2758 = VERTEX_POINT('',#2759);
#2759 = CARTESIAN_POINT('',(-28.84070396423,62.89155960083,
    123.06824493408));
#2760 = LINE('',#2761,#2762);
#2761 = CARTESIAN_POINT('',(-74.09217834472,82.979766845703,
    138.71784973144));
#2762 = VECTOR('',#2763,1.);
#2763 = DIRECTION('',(0.871487861051,-0.386874217998,-0.301392182197));
#2764 = ORIENTED_EDGE('',*,*,#2165,.F.);
#2765 = ORIENTED_EDGE('',*,*,#2766,.T.);
#2766 = EDGE_CURVE('',#2158,#2758,#2767,.T.);
#2767 = LINE('',#2768,#2769);
#2768 = CARTESIAN_POINT('',(-27.48953437805,62.064762115479,
    121.84728240966));
#2769 = VECTOR('',#2770,1.);
#2770 = DIRECTION('',(-0.67558455508,0.413398597034,0.610481047132));
#2771 = PLANE('',#2772);
#2772 = AXIS2_PLACEMENT_3D('',#2773,#2774,#2775);
#2773 = CARTESIAN_POINT('',(-50.69642396605,72.535050179305,
    130.43155795072));
#2774 = DIRECTION('',(0.309375463785,0.910543018806,-0.27422296277));
#2775 = DIRECTION('',(0.946839012016,-0.321707763854,-1.387778780781E-17
    ));
#2776 = ADVANCED_FACE('',(#2777),#2818,.T.);
#2777 = FACE_BOUND('',#2778,.F.);
#2778 = EDGE_LOOP('',(#2779,#2787,#2788,#2796,#2804,#2812));
#2779 = ORIENTED_EDGE('',*,*,#2780,.F.);
#2780 = EDGE_CURVE('',#2158,#2781,#2783,.T.);
#2781 = VERTEX_POINT('',#2782);
#2782 = CARTESIAN_POINT('',(-32.14547348022,50.420616149902,
    124.41167449951));
#2783 = LINE('',#2784,#2785);
#2784 = CARTESIAN_POINT('',(-27.48953437805,62.064762115479,
    121.84728240966));
#2785 = VECTOR('',#2786,1.);
#2786 = DIRECTION('',(-0.363745230167,-0.909698873075,0.200343125305));
#2787 = ORIENTED_EDGE('',*,*,#2157,.T.);
#2788 = ORIENTED_EDGE('',*,*,#2789,.F.);
#2789 = EDGE_CURVE('',#2790,#2150,#2792,.T.);
#2790 = VERTEX_POINT('',#2791);
#2791 = CARTESIAN_POINT('',(-37.08093826727,52.957340035885,
    126.17776614783));
#2792 = LINE('',#2793,#2794);
#2793 = CARTESIAN_POINT('',(-59.36945535575,62.960180085207,
    134.24640621819));
#2794 = VECTOR('',#2795,1.);
#2795 = DIRECTION('',(-0.866308545018,0.388789697169,0.313611345783));
#2796 = ORIENTED_EDGE('',*,*,#2797,.F.);
#2797 = EDGE_CURVE('',#2798,#2790,#2800,.T.);
#2798 = VERTEX_POINT('',#2799);
#2799 = CARTESIAN_POINT('',(-36.24178301557,52.576860124195,
    125.87423260269));
#2800 = LINE('',#2801,#2802);
#2801 = CARTESIAN_POINT('',(-57.67012128865,62.292645418168,
    133.62514576125));
#2802 = VECTOR('',#2803,1.);
#2803 = DIRECTION('',(-0.865026176274,0.392210002252,0.312891400478));
#2804 = ORIENTED_EDGE('',*,*,#2805,.F.);
#2805 = EDGE_CURVE('',#2806,#2798,#2808,.T.);
#2806 = VERTEX_POINT('',#2807);
#2807 = CARTESIAN_POINT('',(-36.34953675164,52.307375854614,
    125.93358109455));
#2808 = LINE('',#2809,#2810);
#2809 = CARTESIAN_POINT('',(-36.22988161486,52.606624663173,
    125.86767756145));
#2810 = VECTOR('',#2811,1.);
#2811 = DIRECTION('',(0.363744715113,0.909699119863,-0.200342939851));
#2812 = ORIENTED_EDGE('',*,*,#2813,.F.);
#2813 = EDGE_CURVE('',#2781,#2806,#2814,.T.);
#2814 = LINE('',#2815,#2816);
#2815 = CARTESIAN_POINT('',(-32.14547348022,50.420616149902,
    124.41167449951));
#2816 = VECTOR('',#2817,1.);
#2817 = DIRECTION('',(-0.866307058203,0.388793684538,0.313610509665));
#2818 = PLANE('',#2819);
#2819 = AXIS2_PLACEMENT_3D('',#2820,#2821,#2822);
#2820 = CARTESIAN_POINT('',(-51.70282183152,63.041595921472,
    131.2456157025));
#2821 = DIRECTION('',(-0.363290188018,-5.950184831811E-02,
    -0.929774042086));
#2822 = DIRECTION('',(-0.931424344044,-1.387778780781E-17,0.363935009751
    ));
#2823 = ADVANCED_FACE('',(#2824),#3042,.T.);
#2824 = FACE_BOUND('',#2825,.F.);
#2825 = EDGE_LOOP('',(#2826,#2827,#2835,#2843,#2851,#2859,#2867,#2875,
    #2883,#2891,#2899,#2907,#2915,#2923,#2931,#2939,#2947,#2955,#2963,
    #2971,#2979,#2987,#2995,#3003,#3011,#3019,#3027,#3035,#3041));
#2826 = ORIENTED_EDGE('',*,*,#2149,.T.);
#2827 = ORIENTED_EDGE('',*,*,#2828,.F.);
#2828 = EDGE_CURVE('',#2829,#2142,#2831,.T.);
#2829 = VERTEX_POINT('',#2830);
#2830 = CARTESIAN_POINT('',(-103.2918243408,73.130523681641,
    118.47733306884));
#2831 = LINE('',#2832,#2833);
#2832 = CARTESIAN_POINT('',(-103.2918243408,73.130523681641,
    118.47733306884));
#2833 = VECTOR('',#2834,1.);
#2834 = DIRECTION('',(0.737896141603,-4.784819459723E-02,0.673216038491)
  );
#2835 = ORIENTED_EDGE('',*,*,#2836,.F.);
#2836 = EDGE_CURVE('',#2837,#2829,#2839,.T.);
#2837 = VERTEX_POINT('',#2838);
#2838 = CARTESIAN_POINT('',(-73.8797203635,64.169221241385,
    121.89800830551));
#2839 = LINE('',#2840,#2841);
#2840 = CARTESIAN_POINT('',(-34.39967727661,52.140411376953,
    126.48960113525));
#2841 = VECTOR('',#2842,1.);
#2842 = DIRECTION('',(-0.950719641958,0.289665991051,-0.11057023118));
#2843 = ORIENTED_EDGE('',*,*,#2844,.F.);
#2844 = EDGE_CURVE('',#2845,#2837,#2847,.T.);
#2845 = VERTEX_POINT('',#2846);
#2846 = CARTESIAN_POINT('',(-73.89785268114,64.621006169644,
    123.37708535703));
#2847 = LINE('',#2848,#2849);
#2848 = CARTESIAN_POINT('',(-73.91752498762,65.11116146847,
    124.9817813281));
#2849 = VECTOR('',#2850,1.);
#2850 = DIRECTION('',(1.172365386913E-02,-0.292106625698,-0.956313899911
    ));
#2851 = ORIENTED_EDGE('',*,*,#2852,.F.);
#2852 = EDGE_CURVE('',#2853,#2845,#2855,.T.);
#2853 = VERTEX_POINT('',#2854);
#2854 = CARTESIAN_POINT('',(-73.90022146646,64.680021526977,
    123.57029267022));
#2855 = LINE('',#2856,#2857);
#2856 = CARTESIAN_POINT('',(-73.9239338312,65.270785776036,
    125.50436506179));
#2857 = VECTOR('',#2858,1.);
#2858 = DIRECTION('',(1.172472210063E-02,-0.292106954402,-0.956313786412
    ));
#2859 = ORIENTED_EDGE('',*,*,#2860,.F.);
#2860 = EDGE_CURVE('',#2861,#2853,#2863,.T.);
#2861 = VERTEX_POINT('',#2862);
#2862 = CARTESIAN_POINT('',(-73.30114904514,64.49644027644,
    123.63646275953));
#2863 = LINE('',#2864,#2865);
#2864 = CARTESIAN_POINT('',(-70.85149939805,63.745763514188,
    123.9070369508));
#2865 = VECTOR('',#2866,1.);
#2866 = DIRECTION('',(-0.950826771266,0.29137373296,-0.105022848871));
#2867 = ORIENTED_EDGE('',*,*,#2868,.F.);
#2868 = EDGE_CURVE('',#2869,#2861,#2871,.T.);
#2869 = VERTEX_POINT('',#2870);
#2870 = CARTESIAN_POINT('',(-73.29996094933,64.496076209945,
    123.6365940447));
#2871 = LINE('',#2872,#2873);
#2872 = CARTESIAN_POINT('',(-70.45157561257,63.623249577266,
    123.95134202307));
#2873 = VECTOR('',#2874,1.);
#2874 = DIRECTION('',(-0.950826049559,0.291360262387,-0.105066745366));
#2875 = ORIENTED_EDGE('',*,*,#2876,.F.);
#2876 = EDGE_CURVE('',#2877,#2869,#2879,.T.);
#2877 = VERTEX_POINT('',#2878);
#2878 = CARTESIAN_POINT('',(-73.2777953796,64.489283853125,
    123.63904271017));
#2879 = LINE('',#2880,#2881);
#2880 = CARTESIAN_POINT('',(-70.45633764035,63.624684027851,
    123.95073359987));
#2881 = VECTOR('',#2882,1.);
#2882 = DIRECTION('',(-0.950826500956,0.291368683342,-0.105039304298));
#2883 = ORIENTED_EDGE('',*,*,#2884,.F.);
#2884 = EDGE_CURVE('',#2885,#2877,#2887,.T.);
#2885 = VERTEX_POINT('',#2886);
#2886 = CARTESIAN_POINT('',(-73.23480154417,64.476108743957,
    123.64379165869));
#2887 = LINE('',#2888,#2889);
#2888 = CARTESIAN_POINT('',(-70.4827241301,63.632757132916,
    123.9477764934));
#2889 = VECTOR('',#2890,1.);
#2890 = DIRECTION('',(-0.950826736078,0.291373075332,-0.10502499193));
#2891 = ORIENTED_EDGE('',*,*,#2892,.F.);
#2892 = EDGE_CURVE('',#2893,#2885,#2895,.T.);
#2893 = VERTEX_POINT('',#2894);
#2894 = CARTESIAN_POINT('',(-73.16845750056,64.455778029391,
    123.6511193742));
#2895 = LINE('',#2896,#2897);
#2896 = CARTESIAN_POINT('',(-70.48656563255,63.633929147514,
    123.94733497353));
#2897 = VECTOR('',#2898,1.);
#2898 = DIRECTION('',(-0.950826833604,0.291374898212,-0.105019051564));
#2899 = ORIENTED_EDGE('',*,*,#2900,.F.);
#2900 = EDGE_CURVE('',#2901,#2893,#2903,.T.);
#2901 = VERTEX_POINT('',#2902);
#2902 = CARTESIAN_POINT('',(-73.07772467243,64.427973742859,
    123.66114155881));
#2903 = LINE('',#2904,#2905);
#2904 = CARTESIAN_POINT('',(-70.46754168661,63.628105854464,
    123.94945766559));
#2905 = VECTOR('',#2906,1.);
#2906 = DIRECTION('',(-0.950826709604,0.291372580608,-0.10502660412));
#2907 = ORIENTED_EDGE('',*,*,#2908,.F.);
#2908 = EDGE_CURVE('',#2909,#2901,#2911,.T.);
#2909 = VERTEX_POINT('',#2910);
#2910 = CARTESIAN_POINT('',(-72.96502465998,64.393437372597,
    123.67358876837));
#2911 = LINE('',#2912,#2913);
#2912 = CARTESIAN_POINT('',(-70.42705361325,63.615688498605,
    123.95389625708));
#2913 = VECTOR('',#2914,1.);
#2914 = DIRECTION('',(-0.950826907385,0.291376277728,-0.105014555995));
#2915 = ORIENTED_EDGE('',*,*,#2916,.F.);
#2916 = EDGE_CURVE('',#2917,#2909,#2919,.T.);
#2917 = VERTEX_POINT('',#2918);
#2918 = CARTESIAN_POINT('',(-72.83854275439,64.35467836265,
    123.68756062994));
#2919 = LINE('',#2920,#2921);
#2920 = CARTESIAN_POINT('',(-70.36786104659,63.597564715155,
    123.96048522446));
#2921 = VECTOR('',#2922,1.);
#2922 = DIRECTION('',(-0.950826598882,0.291370512091,-0.105033344903));
#2923 = ORIENTED_EDGE('',*,*,#2924,.F.);
#2924 = EDGE_CURVE('',#2925,#2917,#2927,.T.);
#2925 = VERTEX_POINT('',#2926);
#2926 = CARTESIAN_POINT('',(-72.71334879585,64.316313614088,
    123.70138883716));
#2927 = LINE('',#2928,#2929);
#2928 = CARTESIAN_POINT('',(-70.2942655025,63.57500370276,
    123.96858691496));
#2929 = VECTOR('',#2930,1.);
#2930 = DIRECTION('',(-0.950826770816,0.291373724542,-0.105022876301));
#2931 = ORIENTED_EDGE('',*,*,#2932,.F.);
#2932 = EDGE_CURVE('',#2933,#2925,#2935,.T.);
#2933 = VERTEX_POINT('',#2934);
#2934 = CARTESIAN_POINT('',(-64.69146943217,61.858069273684,
    124.58744084826));
#2935 = LINE('',#2936,#2937);
#2936 = CARTESIAN_POINT('',(-68.81864950265,63.122812433001,
    124.13157557831));
#2937 = VECTOR('',#2938,1.);
#2938 = DIRECTION('',(-0.95082676851,0.291373681456,-0.105023016709));
#2939 = ORIENTED_EDGE('',*,*,#2940,.F.);
#2940 = EDGE_CURVE('',#2941,#2933,#2943,.T.);
#2941 = VERTEX_POINT('',#2942);
#2942 = CARTESIAN_POINT('',(-64.60222344201,61.830719770817,
    124.5972959951));
#2943 = LINE('',#2944,#2945);
#2944 = CARTESIAN_POINT('',(-67.43926992641,62.700134865232,
    124.28401010241));
#2945 = VECTOR('',#2946,1.);
#2946 = DIRECTION('',(-0.950827198904,0.291381732183,-0.104996780786));
#2947 = ORIENTED_EDGE('',*,*,#2948,.F.);
#2948 = EDGE_CURVE('',#2949,#2941,#2951,.T.);
#2949 = VERTEX_POINT('',#2950);
#2950 = CARTESIAN_POINT('',(-64.4585049555,61.786678409059,
    124.61317061196));
#2951 = LINE('',#2952,#2953);
#2952 = CARTESIAN_POINT('',(-67.35243900854,62.673500971877,
    124.29351727149));
#2953 = VECTOR('',#2954,1.);
#2954 = DIRECTION('',(-0.950826738673,0.291373123828,-0.105024833895));
#2955 = ORIENTED_EDGE('',*,*,#2956,.F.);
#2956 = EDGE_CURVE('',#2957,#2949,#2959,.T.);
#2957 = VERTEX_POINT('',#2958);
#2958 = CARTESIAN_POINT('',(-64.28133733309,61.732386676067,
    124.63273938162));
#2959 = LINE('',#2960,#2961);
#2960 = CARTESIAN_POINT('',(-67.26689082622,62.647287891524,
    124.30297479022));
#2961 = VECTOR('',#2962,1.);
#2962 = DIRECTION('',(-0.950826784064,0.291373972173,-0.105022069327));
#2963 = ORIENTED_EDGE('',*,*,#2964,.F.);
#2964 = EDGE_CURVE('',#2965,#2957,#2967,.T.);
#2965 = VERTEX_POINT('',#2966);
#2966 = CARTESIAN_POINT('',(-64.09645696722,61.675731460193,
    124.65316015444));
#2967 = LINE('',#2968,#2969);
#2968 = CARTESIAN_POINT('',(-67.18838814671,62.623230820737,124.31164404
    ));
#2969 = VECTOR('',#2970,1.);
#2970 = DIRECTION('',(-0.950826775276,0.291373807909,-0.105022604627));
#2971 = ORIENTED_EDGE('',*,*,#2972,.F.);
#2972 = EDGE_CURVE('',#2973,#2965,#2975,.T.);
#2973 = VERTEX_POINT('',#2974);
#2974 = CARTESIAN_POINT('',(-63.92629839757,61.623587745668,
    124.67195523179));
#2975 = LINE('',#2976,#2977);
#2976 = CARTESIAN_POINT('',(-67.12239239824,62.603004847707,
    124.31892667683));
#2977 = VECTOR('',#2978,1.);
#2978 = DIRECTION('',(-0.950826739966,0.291373147975,-0.105024755204));
#2979 = ORIENTED_EDGE('',*,*,#2980,.F.);
#2980 = EDGE_CURVE('',#2981,#2973,#2983,.T.);
#2981 = VERTEX_POINT('',#2982);
#2982 = CARTESIAN_POINT('',(-63.78543070823,61.580420459104,
    124.68751652526));
#2983 = LINE('',#2984,#2985);
#2984 = CARTESIAN_POINT('',(-67.07354429957,62.588025129234,
    124.32428702375));
#2985 = VECTOR('',#2986,1.);
#2986 = DIRECTION('',(-0.950826565451,0.291369887694,-0.105035379649));
#2987 = ORIENTED_EDGE('',*,*,#2988,.F.);
#2988 = EDGE_CURVE('',#2989,#2981,#2991,.T.);
#2989 = VERTEX_POINT('',#2990);
#2990 = CARTESIAN_POINT('',(-63.68028815769,61.548200253857,
    124.69912976937));
#2991 = LINE('',#2992,#2993);
#2992 = CARTESIAN_POINT('',(-67.04537355339,62.579407329981,
    124.32744810539));
#2993 = VECTOR('',#2994,1.);
#2994 = DIRECTION('',(-0.95082680038,0.291374277149,-0.105021075476));
#2995 = ORIENTED_EDGE('',*,*,#2996,.F.);
#2996 = EDGE_CURVE('',#2997,#2989,#2999,.T.);
#2997 = VERTEX_POINT('',#2998);
#2998 = CARTESIAN_POINT('',(-63.61141252084,61.527093275092,
    124.70673552873));
#2999 = LINE('',#3000,#3001);
#3000 = CARTESIAN_POINT('',(-67.03980609397,62.577726469381,
    124.32814684768));
#3001 = VECTOR('',#3002,1.);
#3002 = DIRECTION('',(-0.950827188754,0.291381542179,-0.104997399982));
#3003 = ORIENTED_EDGE('',*,*,#3004,.F.);
#3004 = EDGE_CURVE('',#3005,#2997,#3007,.T.);
#3005 = VERTEX_POINT('',#3006);
#3006 = CARTESIAN_POINT('',(-63.57610533574,61.516274175752,
    124.71063709206));
#3007 = LINE('',#3008,#3009);
#3008 = CARTESIAN_POINT('',(-67.0569337769,62.582896410925,
    124.32599378077));
#3009 = VECTOR('',#3010,1.);
#3010 = DIRECTION('',(-0.950826004397,0.291359420671,-0.10506948819));
#3011 = ORIENTED_EDGE('',*,*,#3012,.F.);
#3012 = EDGE_CURVE('',#3013,#3005,#3015,.T.);
#3013 = VERTEX_POINT('',#3014);
#3014 = CARTESIAN_POINT('',(-63.57046880317,61.514546647121,
    124.71125882296));
#3015 = LINE('',#3016,#3017);
#3016 = CARTESIAN_POINT('',(-67.09630664853,62.595173033106,
    124.32234554681));
#3017 = VECTOR('',#3018,1.);
#3018 = DIRECTION('',(-0.950829105083,0.291417547993,-0.104880053631));
#3019 = ORIENTED_EDGE('',*,*,#3020,.F.);
#3020 = EDGE_CURVE('',#3021,#3013,#3023,.T.);
#3021 = VERTEX_POINT('',#3022);
#3022 = CARTESIAN_POINT('',(-62.46987203365,61.177277058694,
    124.83282452684));
#3023 = LINE('',#3024,#3025);
#3024 = CARTESIAN_POINT('',(-66.60250059015,62.443689945752,
    124.37635771424));
#3025 = VECTOR('',#3026,1.);
#3026 = DIRECTION('',(-0.950826769516,0.291373700252,-0.105022955457));
#3027 = ORIENTED_EDGE('',*,*,#3028,.F.);
#3028 = EDGE_CURVE('',#3029,#3021,#3031,.T.);
#3029 = VERTEX_POINT('',#3030);
#3030 = CARTESIAN_POINT('',(-62.45018928437,60.686862929672,
    123.22728124563));
#3031 = LINE('',#3032,#3033);
#3032 = CARTESIAN_POINT('',(-62.49257449063,61.742930032834,
    126.68468865224));
#3033 = VECTOR('',#3034,1.);
#3034 = DIRECTION('',(-1.17236868478E-02,0.292106635845,0.956313896407)
  );
#3035 = ORIENTED_EDGE('',*,*,#3036,.F.);
#3036 = EDGE_CURVE('',#2790,#3029,#3037,.T.);
#3037 = LINE('',#3038,#3039);
#3038 = CARTESIAN_POINT('',(-34.39967727661,52.140411376953,
    126.48960113525));
#3039 = VECTOR('',#3040,1.);
#3040 = DIRECTION('',(-0.950719641958,0.289665991051,-0.11057023118));
#3041 = ORIENTED_EDGE('',*,*,#2789,.T.);
#3042 = PLANE('',#3043);
#3043 = AXIS2_PLACEMENT_3D('',#3044,#3045,#3046);
#3044 = CARTESIAN_POINT('',(-69.49265615537,64.611601214263,
    128.31303533077));
#3045 = DIRECTION('',(0.309325317361,0.910528046573,-0.274329226375));
#3046 = DIRECTION('',(0.946853283962,-0.321665756105,1.387778780781E-17)
  );
#3047 = ADVANCED_FACE('',(#3048),#3179,.T.);
#3048 = FACE_BOUND('',#3049,.F.);
#3049 = EDGE_LOOP('',(#3050,#3051,#3052,#3053,#3061,#3069,#3077,#3085,
    #3093,#3101,#3109,#3117,#3125,#3133,#3141,#3149,#3157,#3165,#3173));
#3050 = ORIENTED_EDGE('',*,*,#2828,.T.);
#3051 = ORIENTED_EDGE('',*,*,#2141,.T.);
#3052 = ORIENTED_EDGE('',*,*,#2736,.T.);
#3053 = ORIENTED_EDGE('',*,*,#3054,.T.);
#3054 = EDGE_CURVE('',#2729,#3055,#3057,.T.);
#3055 = VERTEX_POINT('',#3056);
#3056 = CARTESIAN_POINT('',(-102.3312021962,83.387302082117,
    153.61729507115));
#3057 = LINE('',#3058,#3059);
#3058 = CARTESIAN_POINT('',(-101.686882019,90.26685333252,177.1867980957
    ));
#3059 = VECTOR('',#3060,1.);
#3060 = DIRECTION('',(-2.623298568096E-02,-0.280095480228,
    -0.959613647474));
#3061 = ORIENTED_EDGE('',*,*,#3062,.F.);
#3062 = EDGE_CURVE('',#3063,#3055,#3065,.T.);
#3063 = VERTEX_POINT('',#3064);
#3064 = CARTESIAN_POINT('',(-100.5419068021,82.817229864716,
    153.74212786911));
#3065 = LINE('',#3066,#3067);
#3066 = CARTESIAN_POINT('',(-98.09278612606,82.03693631501,
    153.91299433842));
#3067 = VECTOR('',#3068,1.);
#3068 = DIRECTION('',(-0.950711974739,0.302898272331,-6.632780493053E-02
    ));
#3069 = ORIENTED_EDGE('',*,*,#3070,.F.);
#3070 = EDGE_CURVE('',#3071,#3063,#3073,.T.);
#3071 = VERTEX_POINT('',#3072);
#3072 = CARTESIAN_POINT('',(-100.5814167281,82.400989560325,
    152.31548575086));
#3073 = LINE('',#3074,#3075);
#3074 = CARTESIAN_POINT('',(-100.6499883844,81.678581548234,
    149.83946964734));
#3075 = VECTOR('',#3076,1.);
#3076 = DIRECTION('',(2.657650217681E-02,0.279985625772,0.959636253428)
  );
#3077 = ORIENTED_EDGE('',*,*,#3078,.F.);
#3078 = EDGE_CURVE('',#3079,#3071,#3081,.T.);
#3079 = VERTEX_POINT('',#3080);
#3080 = CARTESIAN_POINT('',(-100.5825207717,82.389377950501,
    152.27568546284));
#3081 = LINE('',#3082,#3083);
#3082 = CARTESIAN_POINT('',(-100.6645882182,81.526246152557,
    149.31719007019));
#3083 = VECTOR('',#3084,1.);
#3084 = DIRECTION('',(2.66199944653E-02,0.27997171452,0.959639106625));
#3085 = ORIENTED_EDGE('',*,*,#3086,.F.);
#3086 = EDGE_CURVE('',#3087,#3079,#3089,.T.);
#3087 = VERTEX_POINT('',#3088);
#3088 = CARTESIAN_POINT('',(-100.5871568831,82.340538401184,
    152.10829019087));
#3089 = LINE('',#3090,#3091);
#3090 = CARTESIAN_POINT('',(-100.6659625732,81.510352487788,
    149.26286678517));
#3091 = VECTOR('',#3092,1.);
#3092 = DIRECTION('',(2.657769777083E-02,0.279985243363,0.959636331888)
  );
#3093 = ORIENTED_EDGE('',*,*,#3094,.F.);
#3094 = EDGE_CURVE('',#3095,#3087,#3097,.T.);
#3095 = VERTEX_POINT('',#3096);
#3096 = CARTESIAN_POINT('',(-100.5922921784,82.286419530061,
    151.92280249778));
#3097 = LINE('',#3098,#3099);
#3098 = CARTESIAN_POINT('',(-100.6677110965,81.491609006434,
    149.19865900736));
#3099 = VECTOR('',#3100,1.);
#3100 = DIRECTION('',(2.656786822726E-02,0.279988387318,0.959635686782)
  );
#3101 = ORIENTED_EDGE('',*,*,#3102,.F.);
#3102 = EDGE_CURVE('',#3103,#3095,#3105,.T.);
#3103 = VERTEX_POINT('',#3104);
#3104 = CARTESIAN_POINT('',(-100.5973406881,82.233253062672,
    151.74057503987));
#3105 = LINE('',#3106,#3107);
#3106 = CARTESIAN_POINT('',(-100.6699119626,81.46899618395,
    149.12109334336));
#3107 = VECTOR('',#3108,1.);
#3108 = DIRECTION('',(2.658620298456E-02,0.279982522967,0.959636889997)
  );
#3109 = ORIENTED_EDGE('',*,*,#3110,.F.);
#3110 = EDGE_CURVE('',#3111,#3103,#3113,.T.);
#3111 = VERTEX_POINT('',#3112);
#3112 = CARTESIAN_POINT('',(-100.8284181837,79.798905138977,
    143.39696566867));
#3113 = LINE('',#3114,#3115);
#3114 = CARTESIAN_POINT('',(-100.7131316429,81.013422158543,
    147.55966381354));
#3115 = VECTOR('',#3116,1.);
#3116 = DIRECTION('',(2.657726936902E-02,0.279985380387,0.959636303775)
  );
#3117 = ORIENTED_EDGE('',*,*,#3118,.F.);
#3118 = EDGE_CURVE('',#3119,#3111,#3121,.T.);
#3119 = VERTEX_POINT('',#3120);
#3120 = CARTESIAN_POINT('',(-100.829812006,79.784216329208,
    143.34662104425));
#3121 = LINE('',#3122,#3123);
#3122 = CARTESIAN_POINT('',(-100.749716551,80.628303088578,
    146.23965537072));
#3123 = VECTOR('',#3124,1.);
#3124 = DIRECTION('',(2.656811140504E-02,0.279988309538,0.959635702743)
  );
#3125 = ORIENTED_EDGE('',*,*,#3126,.F.);
#3126 = EDGE_CURVE('',#3127,#3119,#3129,.T.);
#3127 = VERTEX_POINT('',#3128);
#3128 = CARTESIAN_POINT('',(-100.8322419362,79.758619077481,
    143.25888754559));
#3129 = LINE('',#3130,#3131);
#3130 = CARTESIAN_POINT('',(-100.7521064361,80.602778544362,
    146.15220844777));
#3131 = VECTOR('',#3132,1.);
#3132 = DIRECTION('',(2.657878114552E-02,0.279984896846,0.959636402983)
  );
#3133 = ORIENTED_EDGE('',*,*,#3134,.F.);
#3134 = EDGE_CURVE('',#3135,#3127,#3137,.T.);
#3135 = VERTEX_POINT('',#3136);
#3136 = CARTESIAN_POINT('',(-100.8344669278,79.73517870609,
    143.17854687439));
#3137 = LINE('',#3138,#3139);
#3138 = CARTESIAN_POINT('',(-100.7544388132,80.578277938932,
    146.06822627083));
#3139 = VECTOR('',#3140,1.);
#3140 = DIRECTION('',(2.657660938665E-02,0.279985591481,0.959636260463)
  );
#3141 = ORIENTED_EDGE('',*,*,#3142,.F.);
#3142 = EDGE_CURVE('',#3143,#3135,#3145,.T.);
#3143 = VERTEX_POINT('',#3144);
#3144 = CARTESIAN_POINT('',(-100.8352834355,79.726575848855,
    143.14906112052));
#3145 = LINE('',#3146,#3147);
#3146 = CARTESIAN_POINT('',(-100.7560397298,80.561500392758,
    146.01071265385));
#3147 = VECTOR('',#3148,1.);
#3148 = DIRECTION('',(2.657385715205E-02,0.279986471779,0.959636079843)
  );
#3149 = ORIENTED_EDGE('',*,*,#3150,.F.);
#3150 = EDGE_CURVE('',#3151,#3143,#3153,.T.);
#3151 = VERTEX_POINT('',#3152);
#3152 = CARTESIAN_POINT('',(-100.8384364165,79.693359139575,
    143.03521254537));
#3153 = LINE('',#3154,#3155);
#3154 = CARTESIAN_POINT('',(-100.7565663575,80.555861615832,
    145.99139574699));
#3155 = VECTOR('',#3156,1.);
#3156 = DIRECTION('',(2.657666055367E-02,0.279985575116,0.959636263821)
  );
#3157 = ORIENTED_EDGE('',*,*,#3158,.F.);
#3158 = EDGE_CURVE('',#3159,#3151,#3161,.T.);
#3159 = VERTEX_POINT('',#3160);
#3160 = CARTESIAN_POINT('',(-100.8616667237,79.448636915005,
    142.19643860244));
#3161 = LINE('',#3162,#3163);
#3162 = CARTESIAN_POINT('',(-100.7693985964,80.420645641418,
    145.52795290788));
#3163 = VECTOR('',#3164,1.);
#3164 = DIRECTION('',(2.657765774445E-02,0.279985256165,0.959636329262)
  );
#3165 = ORIENTED_EDGE('',*,*,#3166,.F.);
#3166 = EDGE_CURVE('',#3167,#3159,#3169,.T.);
#3167 = VERTEX_POINT('',#3168);
#3168 = CARTESIAN_POINT('',(-102.6468191318,80.017389170797,
    142.07189484594));
#3169 = LINE('',#3170,#3171);
#3170 = CARTESIAN_POINT('',(-98.36553435434,78.653365368729,
    142.37058491098));
#3171 = VECTOR('',#3172,1.);
#3172 = DIRECTION('',(0.950711974739,-0.302898272331,6.632780493053E-02)
  );
#3173 = ORIENTED_EDGE('',*,*,#3174,.T.);
#3174 = EDGE_CURVE('',#3167,#2829,#3175,.T.);
#3175 = LINE('',#3176,#3177);
#3176 = CARTESIAN_POINT('',(-101.686882019,90.26685333252,177.1867980957
    ));
#3177 = VECTOR('',#3178,1.);
#3178 = DIRECTION('',(-2.623298568096E-02,-0.280095480228,
    -0.959613647474));
#3179 = PLANE('',#3180);
#3180 = AXIS2_PLACEMENT_3D('',#3181,#3182,#3183);
#3181 = CARTESIAN_POINT('',(-94.79965352301,78.99205892791,
    147.51626694505));
#3182 = DIRECTION('',(0.309245607118,0.910582607344,-0.274237980011));
#3183 = DIRECTION('',(0.946884395159,-0.321574162837,0.));
#3184 = ADVANCED_FACE('',(#3185),#3208,.T.);
#3185 = FACE_BOUND('',#3186,.F.);
#3186 = EDGE_LOOP('',(#3187,#3193,#3194,#3202));
#3187 = ORIENTED_EDGE('',*,*,#3188,.F.);
#3188 = EDGE_CURVE('',#2176,#2604,#3189,.T.);
#3189 = LINE('',#3190,#3191);
#3190 = CARTESIAN_POINT('',(-61.7181892395,77.271835327148,
    134.38902282714));
#3191 = VECTOR('',#3192,1.);
#3192 = DIRECTION('',(-0.709159439464,0.130991306933,-0.69277281047));
#3193 = ORIENTED_EDGE('',*,*,#2173,.F.);
#3194 = ORIENTED_EDGE('',*,*,#3195,.F.);
#3195 = EDGE_CURVE('',#3196,#2174,#3198,.T.);
#3196 = VERTEX_POINT('',#3197);
#3197 = CARTESIAN_POINT('',(-63.0246810913,77.626708984375,
    133.62829589843));
#3198 = LINE('',#3199,#3200);
#3199 = CARTESIAN_POINT('',(-63.0246810913,77.626708984375,
    133.62829589843));
#3200 = VECTOR('',#3201,1.);
#3201 = DIRECTION('',(0.841312833481,-0.228520186847,0.489868595058));
#3202 = ORIENTED_EDGE('',*,*,#3203,.F.);
#3203 = EDGE_CURVE('',#2604,#3196,#3204,.T.);
#3204 = LINE('',#3205,#3206);
#3205 = CARTESIAN_POINT('',(-63.84567260742,77.664810180664,
    132.31069946289));
#3206 = VECTOR('',#3207,1.);
#3207 = DIRECTION('',(0.52867833303,-2.453530462278E-02,0.84846758277));
#3208 = PLANE('',#3209);
#3209 = AXIS2_PLACEMENT_3D('',#3210,#3211,#3212);
#3210 = CARTESIAN_POINT('',(-62.84366966773,77.508605481694,
    133.42067690964));
#3211 = DIRECTION('',(0.363749441998,0.909696639397,-0.200345620653));
#3212 = DIRECTION('',(0.928522162457,-0.371276977236,-1.387778780781E-17
    ));
#3213 = ADVANCED_FACE('',(#3214),#3232,.T.);
#3214 = FACE_BOUND('',#3215,.F.);
#3215 = EDGE_LOOP('',(#3216,#3224,#3225,#3226));
#3216 = ORIENTED_EDGE('',*,*,#3217,.F.);
#3217 = EDGE_CURVE('',#3196,#3218,#3220,.T.);
#3218 = VERTEX_POINT('',#3219);
#3219 = CARTESIAN_POINT('',(-62.41230773925,77.484718322754,
    134.09539794921));
#3220 = LINE('',#3221,#3222);
#3221 = CARTESIAN_POINT('',(-63.0246810913,77.626708984375,
    133.62829589843));
#3222 = VECTOR('',#3223,1.);
#3223 = DIRECTION('',(0.781921641166,-0.1813037272,0.596428961051));
#3224 = ORIENTED_EDGE('',*,*,#3195,.T.);
#3225 = ORIENTED_EDGE('',*,*,#2398,.F.);
#3226 = ORIENTED_EDGE('',*,*,#3227,.F.);
#3227 = EDGE_CURVE('',#3218,#2391,#3228,.T.);
#3228 = LINE('',#3229,#3230);
#3229 = CARTESIAN_POINT('',(-62.41230773925,77.484718322754,
    134.09539794921));
#3230 = VECTOR('',#3231,1.);
#3231 = DIRECTION('',(0.886307988319,-0.271826640046,0.374924562549));
#3232 = PLANE('',#3233);
#3233 = AXIS2_PLACEMENT_3D('',#3234,#3235,#3236);
#3234 = CARTESIAN_POINT('',(-62.38169798303,77.458171980035,
    134.03043672457));
#3235 = DIRECTION('',(0.36375017392,0.909696004684,-0.200347173764));
#3236 = DIRECTION('',(0.92852181561,-0.371277844662,-4.163336342344E-17)
  );
#3237 = ADVANCED_FACE('',(#3238),#3254,.T.);
#3238 = FACE_BOUND('',#3239,.F.);
#3239 = EDGE_LOOP('',(#3240,#3241,#3247,#3253));
#3240 = ORIENTED_EDGE('',*,*,#2390,.F.);
#3241 = ORIENTED_EDGE('',*,*,#3242,.T.);
#3242 = EDGE_CURVE('',#2383,#2581,#3243,.T.);
#3243 = LINE('',#3244,#3245);
#3244 = CARTESIAN_POINT('',(-63.17316818237,73.633041381836,
    135.19038391113));
#3245 = VECTOR('',#3246,1.);
#3246 = DIRECTION('',(-0.886307988319,0.271826640046,-0.374924562549));
#3247 = ORIENTED_EDGE('',*,*,#3248,.F.);
#3248 = EDGE_CURVE('',#3218,#2581,#3249,.T.);
#3249 = LINE('',#3250,#3251);
#3250 = CARTESIAN_POINT('',(-62.41230773925,77.484718322754,
    134.09539794921));
#3251 = VECTOR('',#3252,1.);
#3252 = DIRECTION('',(-0.363745137116,-0.909699490194,0.200340492075));
#3253 = ORIENTED_EDGE('',*,*,#3227,.T.);
#3254 = PLANE('',#3255);
#3255 = AXIS2_PLACEMENT_3D('',#3256,#3257,#3258);
#3256 = CARTESIAN_POINT('',(-62.79273796081,75.558879852295,
    134.64289093017));
#3257 = DIRECTION('',(-0.286610800588,0.313940364923,0.905149543588));
#3258 = DIRECTION('',(-1.387778780781E-17,-0.944786056997,0.32768781867)
  );
#3259 = ADVANCED_FACE('',(#3260),#3276,.T.);
#3260 = FACE_BOUND('',#3261,.F.);
#3261 = EDGE_LOOP('',(#3262,#3268,#3269,#3270));
#3262 = ORIENTED_EDGE('',*,*,#3263,.F.);
#3263 = EDGE_CURVE('',#2581,#2519,#3264,.T.);
#3264 = LINE('',#3265,#3266);
#3265 = CARTESIAN_POINT('',(-63.86728668212,73.845924377441,
    134.8967590332));
#3266 = VECTOR('',#3267,1.);
#3267 = DIRECTION('',(-6.936097944011E-03,-0.212422958819,
    -0.977153200431));
#3268 = ORIENTED_EDGE('',*,*,#3242,.F.);
#3269 = ORIENTED_EDGE('',*,*,#2382,.F.);
#3270 = ORIENTED_EDGE('',*,*,#3271,.F.);
#3271 = EDGE_CURVE('',#2519,#2375,#3272,.T.);
#3272 = LINE('',#3273,#3274);
#3273 = CARTESIAN_POINT('',(-63.88262557983,73.376159667969,
    132.73582458496));
#3274 = VECTOR('',#3275,1.);
#3275 = DIRECTION('',(0.276277768153,0.100035191458,0.955857497378));
#3276 = PLANE('',#3277);
#3277 = AXIS2_PLACEMENT_3D('',#3278,#3279,#3280);
#3278 = CARTESIAN_POINT('',(-63.66479520025,73.579987237693,
    134.05685762949));
#3279 = DIRECTION('',(-0.363748193603,-0.909698173879,0.200340919663));
#3280 = DIRECTION('',(-0.928522817632,0.371275338712,0.));
#3281 = ADVANCED_FACE('',(#3282),#3298,.T.);
#3282 = FACE_BOUND('',#3283,.F.);
#3283 = EDGE_LOOP('',(#3284,#3290,#3296,#3297));
#3284 = ORIENTED_EDGE('',*,*,#3285,.F.);
#3285 = EDGE_CURVE('',#2542,#2367,#3286,.T.);
#3286 = LINE('',#3287,#3288);
#3287 = CARTESIAN_POINT('',(-63.74145507812,73.386077880859,
    133.03715515136));
#3288 = VECTOR('',#3289,1.);
#3289 = DIRECTION('',(0.253630390376,0.110221526538,0.961000957422));
#3290 = ORIENTED_EDGE('',*,*,#3291,.F.);
#3291 = EDGE_CURVE('',#2519,#2542,#3292,.T.);
#3292 = LINE('',#3293,#3294);
#3293 = CARTESIAN_POINT('',(-63.88262557983,73.376159667969,
    132.73582458496));
#3294 = VECTOR('',#3295,1.);
#3295 = DIRECTION('',(0.424052873094,2.979267354944E-02,0.905147257314)
  );
#3296 = ORIENTED_EDGE('',*,*,#3271,.T.);
#3297 = ORIENTED_EDGE('',*,*,#2374,.F.);
#3298 = PLANE('',#3299);
#3299 = AXIS2_PLACEMENT_3D('',#3300,#3301,#3302);
#3300 = CARTESIAN_POINT('',(-63.51553447162,73.498766233565,
    133.9590526329));
#3301 = DIRECTION('',(-0.363681613564,-0.909728336125,0.200324832225));
#3302 = DIRECTION('',(-0.928550486334,0.371206134552,4.163336342344E-17)
  );
#3303 = ADVANCED_FACE('',(#3304),#3322,.T.);
#3304 = FACE_BOUND('',#3305,.F.);
#3305 = EDGE_LOOP('',(#3306,#3307,#3315,#3321));
#3306 = ORIENTED_EDGE('',*,*,#2366,.F.);
#3307 = ORIENTED_EDGE('',*,*,#3308,.T.);
#3308 = EDGE_CURVE('',#2359,#3309,#3311,.T.);
#3309 = VERTEX_POINT('',#3310);
#3310 = CARTESIAN_POINT('',(-63.51330566406,73.357406616211,
    133.32122802734));
#3311 = LINE('',#3312,#3313);
#3312 = CARTESIAN_POINT('',(-63.17316818237,73.633041381836,
    135.19038391113));
#3313 = VECTOR('',#3314,1.);
#3314 = DIRECTION('',(-0.17717868904,-0.143579020414,-0.973649206361));
#3315 = ORIENTED_EDGE('',*,*,#3316,.T.);
#3316 = EDGE_CURVE('',#3309,#2542,#3317,.T.);
#3317 = LINE('',#3318,#3319);
#3318 = CARTESIAN_POINT('',(-63.51330566406,73.357406616211,
    133.32122802734));
#3319 = VECTOR('',#3320,1.);
#3320 = DIRECTION('',(-0.624255390303,7.844943006818E-02,-0.777271442033
    ));
#3321 = ORIENTED_EDGE('',*,*,#3285,.T.);
#3322 = PLANE('',#3323);
#3323 = AXIS2_PLACEMENT_3D('',#3324,#3325,#3326);
#3324 = CARTESIAN_POINT('',(-63.4226575715,73.492349638196,
    134.09854778839));
#3325 = DIRECTION('',(-0.363771158578,-0.909688339382,0.200343877819));
#3326 = DIRECTION('',(-0.928513352915,0.371299008158,-5.551115123126E-17
    ));
#3327 = ADVANCED_FACE('',(#3328),#3346,.T.);
#3328 = FACE_BOUND('',#3329,.F.);
#3329 = EDGE_LOOP('',(#3330,#3338,#3344,#3345));
#3330 = ORIENTED_EDGE('',*,*,#3331,.F.);
#3331 = EDGE_CURVE('',#3332,#2351,#3334,.T.);
#3332 = VERTEX_POINT('',#3333);
#3333 = CARTESIAN_POINT('',(-63.2275314331,73.291145324707,
    133.5391998291));
#3334 = LINE('',#3335,#3336);
#3335 = CARTESIAN_POINT('',(-63.2275314331,73.291145324707,
    133.5391998291));
#3336 = VECTOR('',#3337,1.);
#3337 = DIRECTION('',(3.222317655405E-02,0.20265486084,0.978719916151));
#3338 = ORIENTED_EDGE('',*,*,#3339,.F.);
#3339 = EDGE_CURVE('',#3309,#3332,#3340,.T.);
#3340 = LINE('',#3341,#3342);
#3341 = CARTESIAN_POINT('',(-63.51330566406,73.357406616211,
    133.32122802734));
#3342 = VECTOR('',#3343,1.);
#3343 = DIRECTION('',(0.781933718218,-0.181303744099,0.5964131225));
#3344 = ORIENTED_EDGE('',*,*,#3308,.F.);
#3345 = ORIENTED_EDGE('',*,*,#2358,.F.);
#3346 = PLANE('',#3347);
#3347 = AXIS2_PLACEMENT_3D('',#3348,#3349,#3350);
#3348 = CARTESIAN_POINT('',(-63.28505181312,73.465424933308,
    134.22613510076));
#3349 = DIRECTION('',(-0.363736500691,-0.909703107145,0.200339748716));
#3350 = DIRECTION('',(-0.928527626054,0.3712633131,0.));
#3351 = ADVANCED_FACE('',(#3352),#3370,.T.);
#3352 = FACE_BOUND('',#3353,.F.);
#3353 = EDGE_LOOP('',(#3354,#3362,#3368,#3369));
#3354 = ORIENTED_EDGE('',*,*,#3355,.F.);
#3355 = EDGE_CURVE('',#3356,#2343,#3358,.T.);
#3356 = VERTEX_POINT('',#3357);
#3357 = CARTESIAN_POINT('',(-62.90361022949,73.191802978516,
    133.67623901367));
#3358 = LINE('',#3359,#3360);
#3359 = CARTESIAN_POINT('',(-62.90361022949,73.191802978516,
    133.67623901367));
#3360 = VECTOR('',#3361,1.);
#3361 = DIRECTION('',(-0.168474128935,0.275774670558,0.946342854867));
#3362 = ORIENTED_EDGE('',*,*,#3363,.F.);
#3363 = EDGE_CURVE('',#3332,#3356,#3364,.T.);
#3364 = LINE('',#3365,#3366);
#3365 = CARTESIAN_POINT('',(-63.2275314331,73.291145324707,
    133.5391998291));
#3366 = VECTOR('',#3367,1.);
#3367 = DIRECTION('',(0.886296603024,-0.271815438396,0.37495959638));
#3368 = ORIENTED_EDGE('',*,*,#3331,.T.);
#3369 = ORIENTED_EDGE('',*,*,#2350,.F.);
#3370 = PLANE('',#3371);
#3371 = AXIS2_PLACEMENT_3D('',#3372,#3373,#3374);
#3372 = CARTESIAN_POINT('',(-63.11591722191,73.418259705378,
    134.31905362146));
#3373 = DIRECTION('',(-0.363748614667,-0.909698390628,0.200339170947));
#3374 = DIRECTION('',(-0.928522699968,0.371275632979,2.775557561563E-17)
  );
#3375 = ADVANCED_FACE('',(#3376),#3394,.T.);
#3376 = FACE_BOUND('',#3377,.F.);
#3377 = EDGE_LOOP('',(#3378,#3379,#3387,#3393));
#3378 = ORIENTED_EDGE('',*,*,#2342,.F.);
#3379 = ORIENTED_EDGE('',*,*,#3380,.T.);
#3380 = EDGE_CURVE('',#2335,#3381,#3383,.T.);
#3381 = VERTEX_POINT('',#3382);
#3382 = CARTESIAN_POINT('',(-62.5636138916,73.066146850586,
    133.72296142578));
#3383 = LINE('',#3384,#3385);
#3384 = CARTESIAN_POINT('',(-63.17316818237,73.633041381836,
    135.19038391113));
#3385 = VECTOR('',#3386,1.);
#3386 = DIRECTION('',(0.361306288462,-0.336020207119,-0.869797784733));
#3387 = ORIENTED_EDGE('',*,*,#3388,.T.);
#3388 = EDGE_CURVE('',#3381,#3356,#3389,.T.);
#3389 = LINE('',#3390,#3391);
#3390 = CARTESIAN_POINT('',(-62.5636138916,73.066146850586,
    133.72296142578));
#3391 = VECTOR('',#3392,1.);
#3392 = DIRECTION('',(-0.930293202651,0.343818531722,-0.127841207545));
#3393 = ORIENTED_EDGE('',*,*,#3355,.T.);
#3394 = PLANE('',#3395);
#3395 = AXIS2_PLACEMENT_3D('',#3396,#3397,#3398);
#3396 = CARTESIAN_POINT('',(-62.92937261257,73.355040844976,
    134.37068711249));
#3397 = DIRECTION('',(-0.363739284389,-0.909701552614,0.200341753421));
#3398 = DIRECTION('',(-0.928526427867,0.371266309745,1.387778780781E-17)
  );
#3399 = ADVANCED_FACE('',(#3400),#3418,.T.);
#3400 = FACE_BOUND('',#3401,.F.);
#3401 = EDGE_LOOP('',(#3402,#3403,#3411,#3417));
#3402 = ORIENTED_EDGE('',*,*,#2334,.F.);
#3403 = ORIENTED_EDGE('',*,*,#3404,.T.);
#3404 = EDGE_CURVE('',#2327,#3405,#3407,.T.);
#3405 = VERTEX_POINT('',#3406);
#3406 = CARTESIAN_POINT('',(-62.23071670532,72.922744750977,
    133.67623901367));
#3407 = LINE('',#3408,#3409);
#3408 = CARTESIAN_POINT('',(-63.17316818237,73.633041381836,
    135.19038391113));
#3409 = VECTOR('',#3410,1.);
#3410 = DIRECTION('',(0.490928675813,-0.369997811997,-0.788727236998));
#3411 = ORIENTED_EDGE('',*,*,#3412,.T.);
#3412 = EDGE_CURVE('',#3405,#3381,#3413,.T.);
#3413 = LINE('',#3414,#3415);
#3414 = CARTESIAN_POINT('',(-62.23071670532,72.922744750977,
    133.67623901367));
#3415 = VECTOR('',#3416,1.);
#3416 = DIRECTION('',(-0.910876355688,0.392378149392,0.127842295535));
#3417 = ORIENTED_EDGE('',*,*,#3380,.F.);
#3418 = PLANE('',#3419);
#3419 = AXIS2_PLACEMENT_3D('',#3420,#3421,#3422);
#3420 = CARTESIAN_POINT('',(-62.7445945185,73.282267000331,
    134.37572837554));
#3421 = DIRECTION('',(-0.363753258017,-0.909697581373,0.200334414731));
#3422 = DIRECTION('',(-0.928520952237,0.371280003848,0.));
#3423 = ADVANCED_FACE('',(#3424),#3442,.T.);
#3424 = FACE_BOUND('',#3425,.F.);
#3425 = EDGE_LOOP('',(#3426,#3427,#3435,#3441));
#3426 = ORIENTED_EDGE('',*,*,#2326,.F.);
#3427 = ORIENTED_EDGE('',*,*,#3428,.T.);
#3428 = EDGE_CURVE('',#2319,#3429,#3431,.T.);
#3429 = VERTEX_POINT('',#3430);
#3430 = CARTESIAN_POINT('',(-61.92759704589,72.771362304688,
    133.5391998291));
#3431 = LINE('',#3432,#3433);
#3432 = CARTESIAN_POINT('',(-63.17316818237,73.633041381836,
    135.19038391113));
#3433 = VECTOR('',#3434,1.);
#3434 = DIRECTION('',(0.555906383149,-0.384572896068,-0.736934041));
#3435 = ORIENTED_EDGE('',*,*,#3436,.T.);
#3436 = EDGE_CURVE('',#3429,#3405,#3437,.T.);
#3437 = LINE('',#3438,#3439);
#3438 = CARTESIAN_POINT('',(-61.92759704589,72.771362304688,
    133.5391998291));
#3439 = VECTOR('',#3440,1.);
#3440 = DIRECTION('',(-0.829367056233,0.414198188539,0.374953525983));
#3441 = ORIENTED_EDGE('',*,*,#3404,.F.);
#3442 = PLANE('',#3443);
#3443 = AXIS2_PLACEMENT_3D('',#3444,#3445,#3446);
#3444 = CARTESIAN_POINT('',(-62.57661630938,73.205627988981,
    134.33271863591));
#3445 = DIRECTION('',(-0.363744106398,-0.909699761069,0.200341133498));
#3446 = DIRECTION('',(-0.928524479108,0.3712711835,2.775557561563E-17));
#3447 = ADVANCED_FACE('',(#3448),#3466,.T.);
#3448 = FACE_BOUND('',#3449,.F.);
#3449 = EDGE_LOOP('',(#3450,#3451,#3459,#3465));
#3450 = ORIENTED_EDGE('',*,*,#2318,.F.);
#3451 = ORIENTED_EDGE('',*,*,#3452,.T.);
#3452 = EDGE_CURVE('',#2311,#3453,#3455,.T.);
#3453 = VERTEX_POINT('',#3454);
#3454 = CARTESIAN_POINT('',(-61.67492294311,72.622329711914,
    133.32122802734));
#3455 = LINE('',#3456,#3457);
#3456 = CARTESIAN_POINT('',(-63.17316818237,73.633041381836,
    135.19038391113));
#3457 = VECTOR('',#3458,1.);
#3458 = DIRECTION('',(0.576247291167,-0.388734665516,-0.718905014066));
#3459 = ORIENTED_EDGE('',*,*,#3460,.T.);
#3460 = EDGE_CURVE('',#3453,#3429,#3461,.T.);
#3461 = LINE('',#3462,#3463);
#3462 = CARTESIAN_POINT('',(-61.67492294311,72.622329711914,
    133.32122802734));
#3463 = VECTOR('',#3464,1.);
#3464 = DIRECTION('',(-0.691371957889,0.407785975373,0.59641882443));
#3465 = ORIENTED_EDGE('',*,*,#3428,.F.);
#3466 = PLANE('',#3467);
#3467 = AXIS2_PLACEMENT_3D('',#3468,#3469,#3470);
#3468 = CARTESIAN_POINT('',(-62.43469933872,73.129511154209,
    134.24475506097));
#3469 = DIRECTION('',(-0.363717763265,-0.909705282761,0.200363886971));
#3470 = DIRECTION('',(-0.928534524996,0.371246058417,2.775557561563E-17)
  );
#3471 = ADVANCED_FACE('',(#3472),#3488,.T.);
#3472 = FACE_BOUND('',#3473,.F.);
#3473 = EDGE_LOOP('',(#3474,#3480,#3486,#3487));
#3474 = ORIENTED_EDGE('',*,*,#3475,.T.);
#3475 = EDGE_CURVE('',#2303,#1349,#3476,.T.);
#3476 = LINE('',#3477,#3478);
#3477 = CARTESIAN_POINT('',(-63.17316818237,73.633041381836,
    135.19038391113));
#3478 = VECTOR('',#3479,1.);
#3479 = DIRECTION('',(0.603970685701,-0.394065043589,-0.692771356391));
#3480 = ORIENTED_EDGE('',*,*,#3481,.T.);
#3481 = EDGE_CURVE('',#1349,#3453,#3482,.T.);
#3482 = LINE('',#3483,#3484);
#3483 = CARTESIAN_POINT('',(-60.03484344482,71.585418701172,
    131.59063720703));
#3484 = VECTOR('',#3485,1.);
#3485 = DIRECTION('',(-0.630800283296,0.398812228316,0.665612356511));
#3486 = ORIENTED_EDGE('',*,*,#3452,.F.);
#3487 = ORIENTED_EDGE('',*,*,#2310,.F.);
#3488 = PLANE('',#3489);
#3489 = AXIS2_PLACEMENT_3D('',#3490,#3491,#3492);
#3490 = CARTESIAN_POINT('',(-61.62174210515,72.612506462924,
    133.37318402803));
#3491 = DIRECTION('',(-0.363752456208,-0.909698359974,0.200332335039));
#3492 = DIRECTION('',(-0.928521343922,0.371279024295,0.));
#3493 = ADVANCED_FACE('',(#3494),#3504,.T.);
#3494 = FACE_BOUND('',#3495,.F.);
#3495 = EDGE_LOOP('',(#3496,#3497,#3498));
#3496 = ORIENTED_EDGE('',*,*,#3475,.F.);
#3497 = ORIENTED_EDGE('',*,*,#2302,.F.);
#3498 = ORIENTED_EDGE('',*,*,#3499,.T.);
#3499 = EDGE_CURVE('',#2295,#1349,#3500,.T.);
#3500 = LINE('',#3501,#3502);
#3501 = CARTESIAN_POINT('',(-60.54026412963,72.412742614746,
    134.42965698242));
#3502 = VECTOR('',#3503,1.);
#3503 = DIRECTION('',(0.168474046327,-0.275775431301,-0.946342647884));
#3504 = PLANE('',#3505);
#3505 = AXIS2_PLACEMENT_3D('',#3506,#3507,#3508);
#3506 = CARTESIAN_POINT('',(-61.31897807197,72.5565819587,
    133.66894978162));
#3507 = DIRECTION('',(-0.363743127883,-0.909700083109,0.200341447804));
#3508 = DIRECTION('',(-0.928524868725,0.371270209093,4.163336342344E-17)
  );
#3509 = ADVANCED_FACE('',(#3510),#3521,.T.);
#3510 = FACE_BOUND('',#3511,.F.);
#3511 = EDGE_LOOP('',(#3512,#3513,#3514,#3520));
#3512 = ORIENTED_EDGE('',*,*,#3499,.F.);
#3513 = ORIENTED_EDGE('',*,*,#2294,.F.);
#3514 = ORIENTED_EDGE('',*,*,#3515,.T.);
#3515 = EDGE_CURVE('',#2287,#2659,#3516,.T.);
#3516 = LINE('',#3517,#3518);
#3517 = CARTESIAN_POINT('',(-60.54026412963,72.412742614746,
    134.42965698242));
#3518 = VECTOR('',#3519,1.);
#3519 = DIRECTION('',(0.399845798947,-0.346736749644,-0.848467420418));
#3520 = ORIENTED_EDGE('',*,*,#2658,.F.);
#3521 = PLANE('',#3522);
#3522 = AXIS2_PLACEMENT_3D('',#3523,#3524,#3525);
#3523 = CARTESIAN_POINT('',(-60.19390453695,71.967342630706,
    133.03606790871));
#3524 = DIRECTION('',(-0.363750550489,-0.9096975676,0.200339393334));
#3525 = DIRECTION('',(-0.928521903007,0.371277626092,-4.163336342344E-17
    ));
#3526 = ADVANCED_FACE('',(#3527),#3545,.T.);
#3527 = FACE_BOUND('',#3528,.F.);
#3528 = EDGE_LOOP('',(#3529,#3530,#3531,#3539));
#3529 = ORIENTED_EDGE('',*,*,#3515,.F.);
#3530 = ORIENTED_EDGE('',*,*,#2286,.F.);
#3531 = ORIENTED_EDGE('',*,*,#3532,.T.);
#3532 = EDGE_CURVE('',#2279,#3533,#3535,.T.);
#3533 = VERTEX_POINT('',#3534);
#3534 = CARTESIAN_POINT('',(-60.14379882812,72.120155334473,
    133.82093811035));
#3535 = LINE('',#3536,#3537);
#3536 = CARTESIAN_POINT('',(-60.54026412963,72.412742614746,
    134.42965698242));
#3537 = VECTOR('',#3538,1.);
#3538 = DIRECTION('',(0.506241595413,-0.373601046542,-0.777265530624));
#3539 = ORIENTED_EDGE('',*,*,#3540,.T.);
#3540 = EDGE_CURVE('',#3533,#2659,#3541,.T.);
#3541 = LINE('',#3542,#3543);
#3542 = CARTESIAN_POINT('',(-60.14379882812,72.120155334473,
    133.82093811035));
#3543 = VECTOR('',#3544,1.);
#3544 = DIRECTION('',(0.28660889008,-0.313939535077,-0.90515043636));
#3545 = PLANE('',#3546);
#3546 = AXIS2_PLACEMENT_3D('',#3547,#3548,#3549);
#3547 = CARTESIAN_POINT('',(-60.20820794048,72.137650905971,
    133.78343179714));
#3548 = DIRECTION('',(-0.363759570166,-0.909695117532,0.200334141502));
#3549 = DIRECTION('',(-0.928518384464,0.371286425435,0.));
#3550 = ADVANCED_FACE('',(#3551),#3569,.T.);
#3551 = FACE_BOUND('',#3552,.F.);
#3552 = EDGE_LOOP('',(#3553,#3554,#3562,#3568));
#3553 = ORIENTED_EDGE('',*,*,#2278,.F.);
#3554 = ORIENTED_EDGE('',*,*,#3555,.T.);
#3555 = EDGE_CURVE('',#2271,#3556,#3558,.T.);
#3556 = VERTEX_POINT('',#3557);
#3557 = CARTESIAN_POINT('',(-58.68881988525,75.758949279785,
    133.01957702636));
#3558 = LINE('',#3559,#3560);
#3559 = CARTESIAN_POINT('',(-59.08528518676,76.051536560059,
    133.62829589843));
#3560 = VECTOR('',#3561,1.);
#3561 = DIRECTION('',(0.506241595413,-0.373601046542,-0.777265530624));
#3562 = ORIENTED_EDGE('',*,*,#3563,.F.);
#3563 = EDGE_CURVE('',#3533,#3556,#3564,.T.);
#3564 = LINE('',#3565,#3566);
#3565 = CARTESIAN_POINT('',(-60.14379882812,72.120155334473,
    133.82093811035));
#3566 = VECTOR('',#3567,1.);
#3567 = DIRECTION('',(0.363745137116,0.909699490194,-0.200340492075));
#3568 = ORIENTED_EDGE('',*,*,#3532,.F.);
#3569 = PLANE('',#3570);
#3570 = AXIS2_PLACEMENT_3D('',#3571,#3572,#3573);
#3571 = CARTESIAN_POINT('',(-59.61454200744,74.085845947266,
    133.72461700439));
#3572 = DIRECTION('',(0.781925474464,-0.18130586668,0.596423285168));
#3573 = DIRECTION('',(-0.606474536163,1.387778780781E-17,0.795102909683)
  );
#3574 = ADVANCED_FACE('',(#3575),#3586,.T.);
#3575 = FACE_BOUND('',#3576,.F.);
#3576 = EDGE_LOOP('',(#3577,#3578,#3579,#3585));
#3577 = ORIENTED_EDGE('',*,*,#2270,.F.);
#3578 = ORIENTED_EDGE('',*,*,#2422,.T.);
#3579 = ORIENTED_EDGE('',*,*,#3580,.T.);
#3580 = EDGE_CURVE('',#2415,#3556,#3581,.T.);
#3581 = LINE('',#3582,#3583);
#3582 = CARTESIAN_POINT('',(-58.46435928344,75.513084411621,
    132.31069946289));
#3583 = VECTOR('',#3584,1.);
#3584 = DIRECTION('',(-0.28660889008,0.313939535077,0.90515043636));
#3585 = ORIENTED_EDGE('',*,*,#3555,.F.);
#3586 = PLANE('',#3587);
#3587 = AXIS2_PLACEMENT_3D('',#3588,#3589,#3590);
#3588 = CARTESIAN_POINT('',(-58.75322899761,75.776444851283,
    132.98207071315));
#3589 = DIRECTION('',(0.363759570166,0.909695117532,-0.200334141502));
#3590 = DIRECTION('',(0.928518384464,-0.371286425435,-2.775557561563E-17
    ));
#3591 = ADVANCED_FACE('',(#3592),#3610,.T.);
#3592 = FACE_BOUND('',#3593,.F.);
#3593 = EDGE_LOOP('',(#3594,#3602,#3608,#3609));
#3594 = ORIENTED_EDGE('',*,*,#3595,.F.);
#3595 = EDGE_CURVE('',#3596,#2240,#3598,.T.);
#3596 = VERTEX_POINT('',#3597);
#3597 = CARTESIAN_POINT('',(-59.93017578125,76.009841918945,
    131.9049835205));
#3598 = LINE('',#3599,#3600);
#3599 = CARTESIAN_POINT('',(-59.93017578125,76.009841918945,
    131.9049835205));
#3600 = VECTOR('',#3601,1.);
#3601 = DIRECTION('',(0.440107830679,2.171895174492E-02,0.897682229138)
  );
#3602 = ORIENTED_EDGE('',*,*,#3603,.T.);
#3603 = EDGE_CURVE('',#3596,#2438,#3604,.T.);
#3604 = LINE('',#3605,#3606);
#3605 = CARTESIAN_POINT('',(-59.93017578125,76.009841918945,
    131.9049835205));
#3606 = VECTOR('',#3607,1.);
#3607 = DIRECTION('',(4.744847889793E-02,-0.232879555911,-0.971347391148
    ));
#3608 = ORIENTED_EDGE('',*,*,#2437,.F.);
#3609 = ORIENTED_EDGE('',*,*,#2247,.F.);
#3610 = PLANE('',#3611);
#3611 = AXIS2_PLACEMENT_3D('',#3612,#3613,#3614);
#3612 = CARTESIAN_POINT('',(-59.53685212515,76.004500383451,
    132.59484429892));
#3613 = DIRECTION('',(0.363726044612,0.909708474539,-0.200334360065));
#3614 = DIRECTION('',(0.928532060209,-0.371252223111,0.));
#3615 = ADVANCED_FACE('',(#3616),#3634,.T.);
#3616 = FACE_BOUND('',#3617,.F.);
#3617 = EDGE_LOOP('',(#3618,#3626,#3627,#3628));
#3618 = ORIENTED_EDGE('',*,*,#3619,.T.);
#3619 = EDGE_CURVE('',#3620,#3596,#3622,.T.);
#3620 = VERTEX_POINT('',#3621);
#3621 = CARTESIAN_POINT('',(-60.03492736816,76.124580383301,
    132.23579406738));
#3622 = LINE('',#3623,#3624);
#3623 = CARTESIAN_POINT('',(-60.03492736816,76.124580383301,
    132.23579406738));
#3624 = VECTOR('',#3625,1.);
#3625 = DIRECTION('',(0.286616095175,-0.313941693761,-0.905147406175));
#3626 = ORIENTED_EDGE('',*,*,#3595,.T.);
#3627 = ORIENTED_EDGE('',*,*,#2239,.F.);
#3628 = ORIENTED_EDGE('',*,*,#3629,.F.);
#3629 = EDGE_CURVE('',#3620,#2232,#3630,.T.);
#3630 = LINE('',#3631,#3632);
#3631 = CARTESIAN_POINT('',(-60.03492736816,76.124580383301,
    132.23579406738));
#3632 = VECTOR('',#3633,1.);
#3633 = DIRECTION('',(0.562893185593,-4.329617108224E-02,0.825394877124)
  );
#3634 = PLANE('',#3635);
#3635 = AXIS2_PLACEMENT_3D('',#3636,#3637,#3638);
#3636 = CARTESIAN_POINT('',(-59.57366178914,76.058414844395,
    132.77282938679));
#3637 = DIRECTION('',(0.36374148412,0.909700675812,-0.200341740926));
#3638 = DIRECTION('',(0.9285255305,-0.371268554028,1.387778780781E-17));
#3639 = ADVANCED_FACE('',(#3640),#3658,.T.);
#3640 = FACE_BOUND('',#3641,.F.);
#3641 = EDGE_LOOP('',(#3642,#3650,#3651,#3652));
#3642 = ORIENTED_EDGE('',*,*,#3643,.T.);
#3643 = EDGE_CURVE('',#3644,#3620,#3646,.T.);
#3644 = VERTEX_POINT('',#3645);
#3645 = CARTESIAN_POINT('',(-60.21994400024,76.261123657227,
    132.51985168457));
#3646 = LINE('',#3647,#3648);
#3647 = CARTESIAN_POINT('',(-60.21994400024,76.261123657227,
    132.51985168457));
#3648 = VECTOR('',#3649,1.);
#3649 = DIRECTION('',(0.506251291825,-0.373616188111,-0.777251936959));
#3650 = ORIENTED_EDGE('',*,*,#3629,.T.);
#3651 = ORIENTED_EDGE('',*,*,#2231,.F.);
#3652 = ORIENTED_EDGE('',*,*,#3653,.F.);
#3653 = EDGE_CURVE('',#3644,#2224,#3654,.T.);
#3654 = LINE('',#3655,#3656);
#3655 = CARTESIAN_POINT('',(-60.21994400024,76.261123657227,
    132.51985168457));
#3656 = VECTOR('',#3657,1.);
#3657 = DIRECTION('',(0.709158164225,-0.130991271832,0.692774122508));
#3658 = PLANE('',#3659);
#3659 = AXIS2_PLACEMENT_3D('',#3660,#3661,#3662);
#3660 = CARTESIAN_POINT('',(-59.65739528535,76.128450422644,
    132.93880711785));
#3661 = DIRECTION('',(0.363755925873,0.90969263928,-0.200352011302));
#3662 = DIRECTION('',(0.928519318112,-0.371284090546,4.163336342344E-17)
  );
#3663 = ADVANCED_FACE('',(#3664),#3682,.T.);
#3664 = FACE_BOUND('',#3665,.F.);
#3665 = EDGE_LOOP('',(#3666,#3674,#3675,#3676));
#3666 = ORIENTED_EDGE('',*,*,#3667,.T.);
#3667 = EDGE_CURVE('',#3668,#3644,#3670,.T.);
#3668 = VERTEX_POINT('',#3669);
#3669 = CARTESIAN_POINT('',(-60.47261810302,76.41015625,132.73783874511)
  );
#3670 = LINE('',#3671,#3672);
#3671 = CARTESIAN_POINT('',(-60.47261810302,76.41015625,132.73783874511)
  );
#3672 = VECTOR('',#3673,1.);
#3673 = DIRECTION('',(0.691354741852,-0.407775820986,-0.596445723212));
#3674 = ORIENTED_EDGE('',*,*,#3653,.T.);
#3675 = ORIENTED_EDGE('',*,*,#2223,.F.);
#3676 = ORIENTED_EDGE('',*,*,#3677,.F.);
#3677 = EDGE_CURVE('',#3668,#2216,#3678,.T.);
#3678 = LINE('',#3679,#3680);
#3679 = CARTESIAN_POINT('',(-60.47261810302,76.41015625,132.73783874511)
  );
#3680 = VECTOR('',#3681,1.);
#3681 = DIRECTION('',(0.822331385668,-0.212569184441,0.527811930493));
#3682 = PLANE('',#3683);
#3683 = AXIS2_PLACEMENT_3D('',#3684,#3685,#3686);
#3684 = CARTESIAN_POINT('',(-59.7803767877,76.20869013072,
    133.07986680486));
#3685 = DIRECTION('',(0.363735931492,0.909705684766,-0.200329077387));
#3686 = DIRECTION('',(0.928528188973,-0.371261905239,0.));
#3687 = ADVANCED_FACE('',(#3688),#3706,.T.);
#3688 = FACE_BOUND('',#3689,.F.);
#3689 = EDGE_LOOP('',(#3690,#3698,#3699,#3700));
#3690 = ORIENTED_EDGE('',*,*,#3691,.T.);
#3691 = EDGE_CURVE('',#3692,#3668,#3694,.T.);
#3692 = VERTEX_POINT('',#3693);
#3693 = CARTESIAN_POINT('',(-60.77573394775,76.561538696289,
    132.87486267089));
#3694 = LINE('',#3695,#3696);
#3695 = CARTESIAN_POINT('',(-60.77573394775,76.561538696289,
    132.87486267089));
#3696 = VECTOR('',#3697,1.);
#3697 = DIRECTION('',(0.829376780963,-0.414208257938,-0.374920890664));
#3698 = ORIENTED_EDGE('',*,*,#3677,.T.);
#3699 = ORIENTED_EDGE('',*,*,#2215,.F.);
#3700 = ORIENTED_EDGE('',*,*,#3701,.F.);
#3701 = EDGE_CURVE('',#3692,#2208,#3702,.T.);
#3702 = LINE('',#3703,#3704);
#3703 = CARTESIAN_POINT('',(-60.77573394775,76.561538696289,
    132.87486267089));
#3704 = VECTOR('',#3705,1.);
#3705 = DIRECTION('',(0.880563796183,-0.265662839067,0.392467395832));
#3706 = PLANE('',#3707);
#3707 = AXIS2_PLACEMENT_3D('',#3708,#3709,#3710);
#3708 = CARTESIAN_POINT('',(-59.9299627705,76.290888315841,
    133.18151772553));
#3709 = DIRECTION('',(0.363749757892,0.909694412433,-0.20035515871));
#3710 = DIRECTION('',(0.928521737969,-0.371278038832,-1.387778780781E-17
    ));
#3711 = ADVANCED_FACE('',(#3712),#3730,.T.);
#3712 = FACE_BOUND('',#3713,.F.);
#3713 = EDGE_LOOP('',(#3714,#3722,#3723,#3724));
#3714 = ORIENTED_EDGE('',*,*,#3715,.T.);
#3715 = EDGE_CURVE('',#3716,#3692,#3718,.T.);
#3716 = VERTEX_POINT('',#3717);
#3717 = CARTESIAN_POINT('',(-61.10863494873,76.704940795898,
    132.92160034179));
#3718 = LINE('',#3719,#3720);
#3719 = CARTESIAN_POINT('',(-61.10863494873,76.704940795898,
    132.92160034179));
#3720 = VECTOR('',#3721,1.);
#3721 = DIRECTION('',(0.910873270724,-0.392372324255,-0.127882148243));
#3722 = ORIENTED_EDGE('',*,*,#3701,.T.);
#3723 = ORIENTED_EDGE('',*,*,#2207,.F.);
#3724 = ORIENTED_EDGE('',*,*,#3725,.F.);
#3725 = EDGE_CURVE('',#3716,#2200,#3726,.T.);
#3726 = LINE('',#3727,#3728);
#3727 = CARTESIAN_POINT('',(-61.10863494873,76.704940795898,
    132.92160034179));
#3728 = VECTOR('',#3729,1.);
#3729 = DIRECTION('',(0.90303821453,-0.291619869976,0.315404239881));
#3730 = PLANE('',#3731);
#3731 = AXIS2_PLACEMENT_3D('',#3732,#3733,#3734);
#3732 = CARTESIAN_POINT('',(-60.09461070402,76.368417106596,
    133.23461451617));
#3733 = DIRECTION('',(0.363742192287,0.909702360824,-0.200332803756));
#3734 = DIRECTION('',(0.928525518389,-0.371268584317,-6.938893903907E-17
    ));
#3735 = ADVANCED_FACE('',(#3736),#3754,.T.);
#3736 = FACE_BOUND('',#3737,.F.);
#3737 = EDGE_LOOP('',(#3738,#3746,#3747,#3748));
#3738 = ORIENTED_EDGE('',*,*,#3739,.T.);
#3739 = EDGE_CURVE('',#3740,#3716,#3742,.T.);
#3740 = VERTEX_POINT('',#3741);
#3741 = CARTESIAN_POINT('',(-61.44863128662,76.830596923828,
    132.87486267089));
#3742 = LINE('',#3743,#3744);
#3743 = CARTESIAN_POINT('',(-61.44863128662,76.830596923828,
    132.87486267089));
#3744 = VECTOR('',#3745,1.);
#3745 = DIRECTION('',(0.930288236455,-0.343816696311,0.12788227575));
#3746 = ORIENTED_EDGE('',*,*,#3725,.T.);
#3747 = ORIENTED_EDGE('',*,*,#2199,.F.);
#3748 = ORIENTED_EDGE('',*,*,#3749,.F.);
#3749 = EDGE_CURVE('',#3740,#2192,#3750,.T.);
#3750 = LINE('',#3751,#3752);
#3751 = CARTESIAN_POINT('',(-61.44863128662,76.830596923828,
    132.87486267089));
#3752 = VECTOR('',#3753,1.);
#3753 = DIRECTION('',(0.908979170582,-0.299638568949,0.289781979161));
#3754 = PLANE('',#3755);
#3755 = AXIS2_PLACEMENT_3D('',#3756,#3757,#3758);
#3756 = CARTESIAN_POINT('',(-60.26481511016,76.436961629536,
    133.23683128568));
#3757 = DIRECTION('',(0.363747791022,0.909695116844,-0.200355531288));
#3758 = DIRECTION('',(0.92852252917,-0.371276060128,-1.387778780781E-17)
  );
#3759 = ADVANCED_FACE('',(#3760),#3776,.T.);
#3760 = FACE_BOUND('',#3761,.F.);
#3761 = EDGE_LOOP('',(#3762,#3768,#3769,#3770));
#3762 = ORIENTED_EDGE('',*,*,#3763,.T.);
#3763 = EDGE_CURVE('',#2604,#3740,#3764,.T.);
#3764 = LINE('',#3765,#3766);
#3765 = CARTESIAN_POINT('',(-63.84567260742,77.664810180664,
    132.31069946289));
#3766 = VECTOR('',#3767,1.);
#3767 = DIRECTION('',(0.921939039313,-0.320851276912,0.216985865656));
#3768 = ORIENTED_EDGE('',*,*,#3749,.T.);
#3769 = ORIENTED_EDGE('',*,*,#2191,.F.);
#3770 = ORIENTED_EDGE('',*,*,#3771,.F.);
#3771 = EDGE_CURVE('',#2604,#2184,#3772,.T.);
#3772 = LINE('',#3773,#3774);
#3773 = CARTESIAN_POINT('',(-63.84567260742,77.664810180664,
    132.31069946289));
#3774 = VECTOR('',#3775,1.);
#3775 = DIRECTION('',(0.91613697715,-0.310474649959,0.253571549729));
#3776 = PLANE('',#3777);
#3777 = AXIS2_PLACEMENT_3D('',#3778,#3779,#3780);
#3778 = CARTESIAN_POINT('',(-61.46126538084,76.851276688646,
    132.9458301873));
#3779 = DIRECTION('',(0.363742147586,0.909703086851,-0.200329588037));
#3780 = DIRECTION('',(0.928525636264,-0.371268289517,1.387778780781E-17)
  );
#3781 = ADVANCED_FACE('',(#3782),#3787,.T.);
#3782 = FACE_BOUND('',#3783,.F.);
#3783 = EDGE_LOOP('',(#3784,#3785,#3786));
#3784 = ORIENTED_EDGE('',*,*,#3188,.T.);
#3785 = ORIENTED_EDGE('',*,*,#3771,.T.);
#3786 = ORIENTED_EDGE('',*,*,#2183,.F.);
#3787 = PLANE('',#3788);
#3788 = AXIS2_PLACEMENT_3D('',#3789,#3790,#3791);
#3789 = CARTESIAN_POINT('',(-61.53319291502,76.969013990973,
    133.34985847493));
#3790 = DIRECTION('',(0.363743862493,0.909700279815,-0.200339220832));
#3791 = DIRECTION('',(0.928524637915,-0.371270786334,-1.387778780781E-17
    ));
#3792 = ADVANCED_FACE('',(#3793),#3810,.T.);
#3793 = FACE_BOUND('',#3794,.F.);
#3794 = EDGE_LOOP('',(#3795,#3796,#3804));
#3795 = ORIENTED_EDGE('',*,*,#2445,.F.);
#3796 = ORIENTED_EDGE('',*,*,#3797,.F.);
#3797 = EDGE_CURVE('',#3798,#2438,#3800,.T.);
#3798 = VERTEX_POINT('',#3799);
#3799 = CARTESIAN_POINT('',(-59.98408126831,75.875038146973,
    131.19497680664));
#3800 = LINE('',#3801,#3802);
#3801 = CARTESIAN_POINT('',(-59.98408126831,75.875038146973,
    131.19497680664));
#3802 = VECTOR('',#3803,1.);
#3803 = DIRECTION('',(0.19494730083,0.135963138652,0.971344210271));
#3804 = ORIENTED_EDGE('',*,*,#3805,.T.);
#3805 = EDGE_CURVE('',#3798,#755,#3806,.T.);
#3806 = LINE('',#3807,#3808);
#3807 = CARTESIAN_POINT('',(-59.98408126831,75.875038146973,
    131.19497680664));
#3808 = VECTOR('',#3809,1.);
#3809 = DIRECTION('',(-1.300906096025E-02,-0.21009267406,-0.977594922572
    ));
#3810 = PLANE('',#3811);
#3811 = AXIS2_PLACEMENT_3D('',#3812,#3813,#3814);
#3812 = CARTESIAN_POINT('',(-59.97734043424,75.670346420304,
    130.27776667727));
#3813 = DIRECTION('',(0.363764899483,0.909691602939,-0.200340423894));
#3814 = DIRECTION('',(0.928516014639,-0.371292351872,-5.551115123126E-17
    ));
#3815 = ADVANCED_FACE('',(#3816),#3833,.T.);
#3816 = FACE_BOUND('',#3817,.F.);
#3817 = EDGE_LOOP('',(#3818,#3826,#3832));
#3818 = ORIENTED_EDGE('',*,*,#3819,.F.);
#3819 = EDGE_CURVE('',#3820,#755,#3822,.T.);
#3820 = VERTEX_POINT('',#3821);
#3821 = CARTESIAN_POINT('',(-60.13906097412,75.864151000977,
    130.86416625976));
#3822 = LINE('',#3823,#3824);
#3823 = CARTESIAN_POINT('',(-60.13906097412,75.864151000977,
    130.86416625976));
#3824 = VECTOR('',#3825,1.);
#3825 = DIRECTION('',(6.554652041601E-02,-0.239537102106,-0.968672096417
    ));
#3826 = ORIENTED_EDGE('',*,*,#3827,.T.);
#3827 = EDGE_CURVE('',#3820,#2461,#3828,.T.);
#3828 = LINE('',#3829,#3830);
#3829 = CARTESIAN_POINT('',(-60.13906097412,75.864151000977,
    130.86416625976));
#3830 = VECTOR('',#3831,1.);
#3831 = DIRECTION('',(-0.624256412485,7.842868317643E-02,-0.77727271477)
  );
#3832 = ORIENTED_EDGE('',*,*,#2460,.T.);
#3833 = PLANE('',#3834);
#3834 = AXIS2_PLACEMENT_3D('',#3835,#3836,#3837);
#3835 = CARTESIAN_POINT('',(-60.14087819262,75.662787636105,
    129.9465261963));
#3836 = DIRECTION('',(0.363739626191,0.909701435817,-0.200341663191));
#3837 = DIRECTION('',(0.928526291167,-0.371266651629,0.));
#3838 = ADVANCED_FACE('',(#3839),#3856,.T.);
#3839 = FACE_BOUND('',#3840,.F.);
#3840 = EDGE_LOOP('',(#3841,#3849,#3850));
#3841 = ORIENTED_EDGE('',*,*,#3842,.F.);
#3842 = EDGE_CURVE('',#1849,#3843,#3845,.T.);
#3843 = VERTEX_POINT('',#3844);
#3844 = CARTESIAN_POINT('',(-61.82218933105,72.254028320312,
    131.38146972656));
#3845 = LINE('',#3846,#3847);
#3846 = CARTESIAN_POINT('',(-60.65298461914,75.959083557129,
    130.36212158203));
#3847 = VECTOR('',#3848,1.);
#3848 = DIRECTION('',(-0.291088909976,-0.922422292091,0.253780144105));
#3849 = ORIENTED_EDGE('',*,*,#2468,.T.);
#3850 = ORIENTED_EDGE('',*,*,#3851,.F.);
#3851 = EDGE_CURVE('',#3843,#2461,#3852,.T.);
#3852 = LINE('',#3853,#3854);
#3853 = CARTESIAN_POINT('',(-61.82218933105,72.254028320312,
    131.38146972656));
#3854 = VECTOR('',#3855,1.);
#3855 = DIRECTION('',(0.363745490265,0.909698466041,-0.200344501284));
#3856 = PLANE('',#3857);
#3857 = AXIS2_PLACEMENT_3D('',#3858,#3859,#3860);
#3858 = CARTESIAN_POINT('',(-61.13768093141,74.1700721528,
    130.90633370418));
#3859 = DIRECTION('',(-0.506226796152,0.373597290422,0.777276974731));
#3860 = DIRECTION('',(0.837952259282,-5.551115123126E-17,0.545743539736)
  );
#3861 = ADVANCED_FACE('',(#3862),#3872,.T.);
#3862 = FACE_BOUND('',#3863,.F.);
#3863 = EDGE_LOOP('',(#3864,#3865,#3866));
#3864 = ORIENTED_EDGE('',*,*,#2484,.T.);
#3865 = ORIENTED_EDGE('',*,*,#3842,.T.);
#3866 = ORIENTED_EDGE('',*,*,#3867,.F.);
#3867 = EDGE_CURVE('',#2485,#3843,#3868,.T.);
#3868 = LINE('',#3869,#3870);
#3869 = CARTESIAN_POINT('',(-62.10796356201,72.320289611816,
    131.1634979248));
#3870 = VECTOR('',#3871,1.);
#3871 = DIRECTION('',(0.781933718218,-0.181303744099,0.5964131225));
#3872 = PLANE('',#3873);
#3873 = AXIS2_PLACEMENT_3D('',#3874,#3875,#3876);
#3874 = CARTESIAN_POINT('',(-61.33749295079,74.043038107724,
    130.83725747093));
#3875 = DIRECTION('',(-0.506233153675,0.373598056226,0.777272466066));
#3876 = DIRECTION('',(0.837947677294,2.775557561563E-17,0.545750575005)
  );
#3877 = ADVANCED_FACE('',(#3878),#3883,.T.);
#3878 = FACE_BOUND('',#3879,.F.);
#3879 = EDGE_LOOP('',(#3880,#3881,#3882));
#3880 = ORIENTED_EDGE('',*,*,#2518,.F.);
#3881 = ORIENTED_EDGE('',*,*,#3291,.T.);
#3882 = ORIENTED_EDGE('',*,*,#2550,.F.);
#3883 = PLANE('',#3884);
#3884 = AXIS2_PLACEMENT_3D('',#3885,#3886,#3887);
#3885 = CARTESIAN_POINT('',(-63.07974018917,75.130322220506,
    132.57399357311));
#3886 = DIRECTION('',(0.829380390105,-0.414198593195,-0.374923584088));
#3887 = DIRECTION('',(0.446789318823,0.894639203582,-5.551115123126E-17)
  );
#3888 = ADVANCED_FACE('',(#3889),#3894,.T.);
#3889 = FACE_BOUND('',#3890,.F.);
#3890 = EDGE_LOOP('',(#3891,#3892,#3893));
#3891 = ORIENTED_EDGE('',*,*,#2627,.F.);
#3892 = ORIENTED_EDGE('',*,*,#3263,.T.);
#3893 = ORIENTED_EDGE('',*,*,#2527,.T.);
#3894 = PLANE('',#3895);
#3895 = AXIS2_PLACEMENT_3D('',#3896,#3897,#3898);
#3896 = CARTESIAN_POINT('',(-63.87851159963,73.609091404056,
    133.80098098676));
#3897 = DIRECTION('',(-0.363651250917,-0.909735304918,0.20034830344));
#3898 = DIRECTION('',(-0.928562148096,0.371176962006,4.163336342344E-17)
  );
#3899 = ADVANCED_FACE('',(#3900),#3917,.T.);
#3900 = FACE_BOUND('',#3901,.F.);
#3901 = EDGE_LOOP('',(#3902,#3910,#3916));
#3902 = ORIENTED_EDGE('',*,*,#3903,.F.);
#3903 = EDGE_CURVE('',#3904,#2542,#3906,.T.);
#3904 = VERTEX_POINT('',#3905);
#3905 = CARTESIAN_POINT('',(-62.05832672119,76.996200561523,
    132.51985168457));
#3906 = LINE('',#3907,#3908);
#3907 = CARTESIAN_POINT('',(-62.05832672119,76.996200561523,
    132.51985168457));
#3908 = VECTOR('',#3909,1.);
#3909 = DIRECTION('',(-0.419037422278,-0.898788554052,0.128789649565));
#3910 = ORIENTED_EDGE('',*,*,#3911,.T.);
#3911 = EDGE_CURVE('',#3904,#1968,#3912,.T.);
#3912 = LINE('',#3913,#3914);
#3913 = CARTESIAN_POINT('',(-62.05832672119,76.996200561523,
    132.51985168457));
#3914 = VECTOR('',#3915,1.);
#3915 = DIRECTION('',(-0.6242910361,7.846214307955E-02,-0.777241528966)
  );
#3916 = ORIENTED_EDGE('',*,*,#2541,.F.);
#3917 = PLANE('',#3918);
#3918 = AXIS2_PLACEMENT_3D('',#3919,#3920,#3921);
#3919 = CARTESIAN_POINT('',(-62.91059443061,75.236282753329,
    132.73523349187));
#3920 = DIRECTION('',(0.691337834985,-0.407786707567,-0.596457877012));
#3921 = DIRECTION('',(0.653239251847,-2.775557561563E-17,0.757151556722)
  );
#3922 = ADVANCED_FACE('',(#3923),#3933,.T.);
#3923 = FACE_BOUND('',#3924,.F.);
#3924 = EDGE_LOOP('',(#3925,#3931,#3932));
#3925 = ORIENTED_EDGE('',*,*,#3926,.F.);
#3926 = EDGE_CURVE('',#2604,#1968,#3927,.T.);
#3927 = LINE('',#3928,#3929);
#3928 = CARTESIAN_POINT('',(-63.84567260742,77.664810180664,
    132.31069946289));
#3929 = VECTOR('',#3930,1.);
#3930 = DIRECTION('',(0.930591965939,-0.364375383543,3.505956071335E-02)
  );
#3931 = ORIENTED_EDGE('',*,*,#2603,.T.);
#3932 = ORIENTED_EDGE('',*,*,#2565,.F.);
#3933 = PLANE('',#3934);
#3934 = AXIS2_PLACEMENT_3D('',#3935,#3936,#3937);
#3935 = CARTESIAN_POINT('',(-63.19820100776,77.36023282381,
    132.10324598755));
#3936 = DIRECTION('',(0.363743026367,0.909700724979,-0.200338717532));
#3937 = DIRECTION('',(0.928524994752,-0.371269893906,-4.163336342344E-17
    ));
#3938 = ADVANCED_FACE('',(#3939),#3956,.T.);
#3939 = FACE_BOUND('',#3940,.F.);
#3940 = EDGE_LOOP('',(#3941,#3942,#3950));
#3941 = ORIENTED_EDGE('',*,*,#2589,.T.);
#3942 = ORIENTED_EDGE('',*,*,#3943,.F.);
#3943 = EDGE_CURVE('',#3944,#1990,#3946,.T.);
#3944 = VERTEX_POINT('',#3945);
#3945 = CARTESIAN_POINT('',(-64.96855163574,74.049339294434,
    133.82093811035));
#3946 = LINE('',#3947,#3948);
#3947 = CARTESIAN_POINT('',(-64.96855163574,74.049339294434,
    133.82093811035));
#3948 = VECTOR('',#3949,1.);
#3949 = DIRECTION('',(-0.312168818122,-8.358892463859E-02,
    -0.946342179484));
#3950 = ORIENTED_EDGE('',*,*,#3951,.T.);
#3951 = EDGE_CURVE('',#3944,#2581,#3952,.T.);
#3952 = LINE('',#3953,#3954);
#3953 = CARTESIAN_POINT('',(-64.96855163574,74.049339294434,
    133.82093811035));
#3954 = VECTOR('',#3955,1.);
#3955 = DIRECTION('',(0.709158695435,-0.130988874832,0.69277403196));
#3956 = PLANE('',#3957);
#3957 = AXIS2_PLACEMENT_3D('',#3958,#3959,#3960);
#3958 = CARTESIAN_POINT('',(-64.73870215353,73.925103167737,
    133.67412831779));
#3959 = DIRECTION('',(-0.363741976624,-0.90970094731,0.200339613919));
#3960 = DIRECTION('',(-0.928525395402,0.371268891901,-6.938893903907E-17
    ));
#3961 = ADVANCED_FACE('',(#3962),#3979,.T.);
#3962 = FACE_BOUND('',#3963,.F.);
#3963 = EDGE_LOOP('',(#3964,#3965,#3973));
#3964 = ORIENTED_EDGE('',*,*,#2611,.F.);
#3965 = ORIENTED_EDGE('',*,*,#3966,.T.);
#3966 = EDGE_CURVE('',#2604,#3967,#3969,.T.);
#3967 = VERTEX_POINT('',#3968);
#3968 = CARTESIAN_POINT('',(-65.30065155029,74.026016235352,
    133.11206054687));
#3969 = LINE('',#3970,#3971);
#3970 = CARTESIAN_POINT('',(-63.84567260742,77.664810180664,
    132.31069946289));
#3971 = VECTOR('',#3972,1.);
#3972 = DIRECTION('',(-0.363745137116,-0.909699490194,0.200340492075));
#3973 = ORIENTED_EDGE('',*,*,#3974,.T.);
#3974 = EDGE_CURVE('',#3967,#1990,#3975,.T.);
#3975 = LINE('',#3976,#3977);
#3976 = CARTESIAN_POINT('',(-65.30065155029,74.026016235352,
    133.11206054687));
#3977 = VECTOR('',#3978,1.);
#3978 = DIRECTION('',(-0.194944902673,-0.135967518195,-0.971344078542));
#3979 = PLANE('',#3980);
#3980 = AXIS2_PLACEMENT_3D('',#3981,#3982,#3983);
#3981 = CARTESIAN_POINT('',(-64.67934221808,75.655374057658,
    132.53818043699));
#3982 = DIRECTION('',(-0.910871012554,0.392377042765,0.127883755028));
#3983 = DIRECTION('',(-0.395625458648,-0.918411942687,0.));
#3984 = ADVANCED_FACE('',(#3985),#3995,.T.);
#3985 = FACE_BOUND('',#3986,.F.);
#3986 = EDGE_LOOP('',(#3987,#3993,#3994));
#3987 = ORIENTED_EDGE('',*,*,#3988,.F.);
#3988 = EDGE_CURVE('',#1349,#3843,#3989,.T.);
#3989 = LINE('',#3990,#3991);
#3990 = CARTESIAN_POINT('',(-60.03484344482,71.585418701172,
    131.59063720703));
#3991 = VECTOR('',#3992,1.);
#3992 = DIRECTION('',(-0.931036213597,0.348281646532,-0.108956246535));
#3993 = ORIENTED_EDGE('',*,*,#2642,.T.);
#3994 = ORIENTED_EDGE('',*,*,#3867,.T.);
#3995 = PLANE('',#3996);
#3996 = AXIS2_PLACEMENT_3D('',#3997,#3998,#3999);
#3997 = CARTESIAN_POINT('',(-61.08296072221,71.96579693218,
    131.41485127807));
#3998 = DIRECTION('',(-0.363745619955,-0.90969637717,0.200353750471));
#3999 = DIRECTION('',(-0.928523470433,0.37127370612,-1.387778780781E-17)
  );
#4000 = ADVANCED_FACE('',(#4001),#4007,.T.);
#4001 = FACE_BOUND('',#4002,.F.);
#4002 = EDGE_LOOP('',(#4003,#4004,#4005,#4006));
#4003 = ORIENTED_EDGE('',*,*,#3540,.F.);
#4004 = ORIENTED_EDGE('',*,*,#3563,.T.);
#4005 = ORIENTED_EDGE('',*,*,#3580,.F.);
#4006 = ORIENTED_EDGE('',*,*,#2689,.T.);
#4007 = PLANE('',#4008);
#4008 = AXIS2_PLACEMENT_3D('',#4009,#4010,#4011);
#4009 = CARTESIAN_POINT('',(-59.30407905578,73.816619873047,
    133.06581878662));
#4010 = DIRECTION('',(0.886309691445,-0.271824703512,0.374921940424));
#4011 = DIRECTION('',(-0.389591306466,-2.775557561563E-17,0.920987846785
    ));
#4012 = ADVANCED_FACE('',(#4013),#4023,.T.);
#4013 = FACE_BOUND('',#4014,.F.);
#4014 = EDGE_LOOP('',(#4015,#4016,#4017));
#4015 = ORIENTED_EDGE('',*,*,#676,.T.);
#4016 = ORIENTED_EDGE('',*,*,#2743,.F.);
#4017 = ORIENTED_EDGE('',*,*,#4018,.T.);
#4018 = EDGE_CURVE('',#2134,#677,#4019,.T.);
#4019 = LINE('',#4020,#4021);
#4020 = CARTESIAN_POINT('',(-74.09217834472,82.979766845703,
    138.71784973144));
#4021 = VECTOR('',#4022,1.);
#4022 = DIRECTION('',(0.772411282699,-7.241057752102E-02,0.630981393246)
  );
#4023 = PLANE('',#4024);
#4024 = AXIS2_PLACEMENT_3D('',#4025,#4026,#4027);
#4025 = CARTESIAN_POINT('',(-85.94694301775,92.655000360922,
    157.46947059848));
#4026 = DIRECTION('',(0.309373778897,0.910542986659,-0.274224970375));
#4027 = DIRECTION('',(0.94683954224,-0.321706203314,-2.775557561563E-17)
  );
#4028 = ADVANCED_FACE('',(#4029),#4071,.T.);
#4029 = FACE_BOUND('',#4030,.F.);
#4030 = EDGE_LOOP('',(#4031,#4041,#4049,#4057,#4063,#4064,#4065));
#4031 = ORIENTED_EDGE('',*,*,#4032,.T.);
#4032 = EDGE_CURVE('',#4033,#4035,#4037,.T.);
#4033 = VERTEX_POINT('',#4034);
#4034 = CARTESIAN_POINT('',(-101.8216278843,89.709552213354,
    176.26050759439));
#4035 = VERTEX_POINT('',#4036);
#4036 = CARTESIAN_POINT('',(-101.7946863401,89.997242285316,
    177.24617300444));
#4037 = LINE('',#4038,#4039);
#4038 = CARTESIAN_POINT('',(-102.4260726997,83.255105099464,
    154.14669178646));
#4039 = VECTOR('',#4040,1.);
#4040 = DIRECTION('',(2.622953242161E-02,0.280086991437,0.959616219567)
  );
#4041 = ORIENTED_EDGE('',*,*,#4042,.T.);
#4042 = EDGE_CURVE('',#4035,#4043,#4045,.T.);
#4043 = VERTEX_POINT('',#4044);
#4044 = CARTESIAN_POINT('',(-102.2324981689,88.902305603027,
    177.4873046875));
#4045 = LINE('',#4046,#4047);
#4046 = CARTESIAN_POINT('',(-101.686882019,90.26685333252,177.1867980957
    ));
#4047 = VECTOR('',#4048,1.);
#4048 = DIRECTION('',(-0.363744770777,-0.909700164057,0.200338097341));
#4049 = ORIENTED_EDGE('',*,*,#4050,.F.);
#4050 = EDGE_CURVE('',#4051,#4043,#4053,.T.);
#4051 = VERTEX_POINT('',#4052);
#4052 = CARTESIAN_POINT('',(-102.6577751786,82.570567152689,
    153.79716567127));
#4053 = LINE('',#4054,#4055);
#4054 = CARTESIAN_POINT('',(-103.2918243408,73.130523681641,
    118.47733306884));
#4055 = VECTOR('',#4056,1.);
#4056 = DIRECTION('',(1.734027937105E-02,0.258170818353,0.965943654289)
  );
#4057 = ORIENTED_EDGE('',*,*,#4058,.F.);
#4058 = EDGE_CURVE('',#3055,#4051,#4059,.T.);
#4059 = LINE('',#4060,#4061);
#4060 = CARTESIAN_POINT('',(-101.991055489,84.237983895362,
    153.42994830448));
#4061 = VECTOR('',#4062,1.);
#4062 = DIRECTION('',(-0.363744770722,-0.909698828681,0.200344161054));
#4063 = ORIENTED_EDGE('',*,*,#3054,.F.);
#4064 = ORIENTED_EDGE('',*,*,#2728,.T.);
#4065 = ORIENTED_EDGE('',*,*,#4066,.T.);
#4066 = EDGE_CURVE('',#2721,#4033,#4067,.T.);
#4067 = LINE('',#4068,#4069);
#4068 = CARTESIAN_POINT('',(-102.4369051079,83.139766413825,
    153.7518971826));
#4069 = VECTOR('',#4070,1.);
#4070 = DIRECTION('',(2.623125998406E-02,0.280091238128,0.959614932837)
  );
#4071 = PLANE('',#4072);
#4072 = AXIS2_PLACEMENT_3D('',#4073,#4074,#4075);
#4073 = CARTESIAN_POINT('',(-102.6175860557,81.457503754204,
    148.26380266043));
#4074 = DIRECTION('',(-0.931498653607,0.355234387377,-7.82226843911E-02)
  );
#4075 = DIRECTION('',(-0.356326202394,-0.934361620299,0.));
#4076 = ADVANCED_FACE('',(#4077),#4087,.T.);
#4077 = FACE_BOUND('',#4078,.F.);
#4078 = EDGE_LOOP('',(#4079,#4080,#4086));
#4079 = ORIENTED_EDGE('',*,*,#2720,.F.);
#4080 = ORIENTED_EDGE('',*,*,#4081,.T.);
#4081 = EDGE_CURVE('',#22,#4033,#4082,.T.);
#4082 = LINE('',#4083,#4084);
#4083 = CARTESIAN_POINT('',(-103.7419586181,91.154090881348,
    178.89051818847));
#4084 = VECTOR('',#4085,1.);
#4085 = DIRECTION('',(0.539042084024,-0.405485951112,-0.738251159905));
#4086 = ORIENTED_EDGE('',*,*,#4066,.F.);
#4087 = PLANE('',#4088);
#4088 = AXIS2_PLACEMENT_3D('',#4089,#4090,#4091);
#4089 = CARTESIAN_POINT('',(-90.60288021257,81.010850580648,
    160.03384742953));
#4090 = DIRECTION('',(-0.309373778897,-0.910542986659,0.274224970374));
#4091 = DIRECTION('',(-0.94683954224,0.321706203314,1.387778780781E-17)
  );
#4092 = ADVANCED_FACE('',(#4093),#4103,.T.);
#4093 = FACE_BOUND('',#4094,.F.);
#4094 = EDGE_LOOP('',(#4095,#4096,#4097));
#4095 = ORIENTED_EDGE('',*,*,#4018,.F.);
#4096 = ORIENTED_EDGE('',*,*,#2757,.T.);
#4097 = ORIENTED_EDGE('',*,*,#4098,.T.);
#4098 = EDGE_CURVE('',#2758,#677,#4099,.T.);
#4099 = LINE('',#4100,#4101);
#4100 = CARTESIAN_POINT('',(-28.84070396423,62.89155960083,
    123.06824493408));
#4101 = VECTOR('',#4102,1.);
#4102 = DIRECTION('',(-0.858146856474,0.391573213901,0.332045766242));
#4103 = PLANE('',#4104);
#4104 = AXIS2_PLACEMENT_3D('',#4105,#4106,#4107);
#4105 = CARTESIAN_POINT('',(-51.50808534789,73.090689544025,
    131.36081686562));
#4106 = DIRECTION('',(0.309374327935,0.910542583774,-0.27422568871));
#4107 = DIRECTION('',(0.946839324975,-0.321706842763,-2.775557561563E-17
    ));
#4108 = ADVANCED_FACE('',(#4109),#4126,.T.);
#4109 = FACE_BOUND('',#4110,.F.);
#4110 = EDGE_LOOP('',(#4111,#4112,#4120));
#4111 = ORIENTED_EDGE('',*,*,#2766,.F.);
#4112 = ORIENTED_EDGE('',*,*,#4113,.T.);
#4113 = EDGE_CURVE('',#2158,#4114,#4116,.T.);
#4114 = VERTEX_POINT('',#4115);
#4115 = CARTESIAN_POINT('',(-38.74516296386,78.711952209473,
    164.42483520507));
#4116 = LINE('',#4117,#4118);
#4117 = CARTESIAN_POINT('',(-27.48953437805,62.064762115479,
    121.84728240966));
#4118 = VECTOR('',#4119,1.);
#4119 = DIRECTION('',(-0.239066989443,0.353582528787,0.904337530956));
#4120 = ORIENTED_EDGE('',*,*,#4121,.T.);
#4121 = EDGE_CURVE('',#4114,#2758,#4122,.T.);
#4122 = LINE('',#4123,#4124);
#4123 = CARTESIAN_POINT('',(-38.74516296386,78.711952209473,
    164.42483520507));
#4124 = VECTOR('',#4125,1.);
#4125 = DIRECTION('',(0.218287506402,-0.348670639453,-0.911470981289));
#4126 = PLANE('',#4127);
#4127 = AXIS2_PLACEMENT_3D('',#4128,#4129,#4130);
#4128 = CARTESIAN_POINT('',(-33.3370211962,70.419450636481,
    142.99147178434));
#4129 = DIRECTION('',(0.309374775361,0.910543022517,-0.274223727122));
#4130 = DIRECTION('',(0.946839230472,-0.321707120901,2.775557561563E-17)
  );
#4131 = ADVANCED_FACE('',(#4132),#4157,.T.);
#4132 = FACE_BOUND('',#4133,.F.);
#4133 = EDGE_LOOP('',(#4134,#4142,#4143,#4151));
#4134 = ORIENTED_EDGE('',*,*,#4135,.F.);
#4135 = EDGE_CURVE('',#2781,#4136,#4138,.T.);
#4136 = VERTEX_POINT('',#4137);
#4137 = CARTESIAN_POINT('',(-33.4966430664,51.247413635254,
    125.63263702392));
#4138 = LINE('',#4139,#4140);
#4139 = CARTESIAN_POINT('',(-32.14547348022,50.420616149902,
    124.41167449951));
#4140 = VECTOR('',#4141,1.);
#4141 = DIRECTION('',(-0.67558455508,0.413398597034,0.610481047132));
#4142 = ORIENTED_EDGE('',*,*,#2813,.T.);
#4143 = ORIENTED_EDGE('',*,*,#4144,.F.);
#4144 = EDGE_CURVE('',#4145,#2806,#4147,.T.);
#4145 = VERTEX_POINT('',#4146);
#4146 = CARTESIAN_POINT('',(-34.84634630356,51.846578959973,
    126.09941303155));
#4147 = LINE('',#4148,#4149);
#4148 = CARTESIAN_POINT('',(-61.75195021354,60.094381988531,
    123.13118740301));
#4149 = VECTOR('',#4150,1.);
#4150 = DIRECTION('',(-0.950812264832,0.291467617813,-0.104893588036));
#4151 = ORIENTED_EDGE('',*,*,#4152,.T.);
#4152 = EDGE_CURVE('',#4145,#4136,#4153,.T.);
#4153 = LINE('',#4154,#4155);
#4154 = CARTESIAN_POINT('',(-78.74811553955,71.33561706543,
    141.2822265625));
#4155 = VECTOR('',#4156,1.);
#4156 = DIRECTION('',(0.871487954173,-0.386874202177,-0.30139193324));
#4157 = PLANE('',#4158);
#4158 = AXIS2_PLACEMENT_3D('',#4159,#4160,#4161);
#4159 = CARTESIAN_POINT('',(-55.35236207,60.89090231396,132.99594253064)
  );
#4160 = DIRECTION('',(-0.309375510275,-0.910543018556,0.274222911153));
#4161 = DIRECTION('',(-0.946838997264,0.321707807272,6.938893903907E-17)
  );
#4162 = ADVANCED_FACE('',(#4163),#4307,.T.);
#4163 = FACE_BOUND('',#4164,.F.);
#4164 = EDGE_LOOP('',(#4165,#4175,#4183,#4191,#4199,#4207,#4215,#4223,
    #4231,#4239,#4247,#4255,#4261,#4262,#4263,#4271,#4279,#4287,#4295,
    #4301));
#4165 = ORIENTED_EDGE('',*,*,#4166,.F.);
#4166 = EDGE_CURVE('',#4167,#4169,#4171,.T.);
#4167 = VERTEX_POINT('',#4168);
#4168 = CARTESIAN_POINT('',(-33.58799362182,50.231559753418,
    126.52770233154));
#4169 = VERTEX_POINT('',#4170);
#4170 = CARTESIAN_POINT('',(-103.8374404907,71.765975952148,
    118.77784729003));
#4171 = LINE('',#4172,#4173);
#4172 = CARTESIAN_POINT('',(-33.58799362182,50.231559753418,
    126.52770233154));
#4173 = VECTOR('',#4174,1.);
#4174 = DIRECTION('',(-0.950813342749,0.291464362535,-0.104892862596));
#4175 = ORIENTED_EDGE('',*,*,#4176,.T.);
#4176 = EDGE_CURVE('',#4167,#4177,#4179,.T.);
#4177 = VERTEX_POINT('',#4178);
#4178 = CARTESIAN_POINT('',(-33.5866286557,50.234973437959,
    126.52695053611));
#4179 = LINE('',#4180,#4181);
#4180 = CARTESIAN_POINT('',(-33.58799362182,50.231559753418,
    126.52770233154));
#4181 = VECTOR('',#4182,1.);
#4182 = DIRECTION('',(0.363744400126,0.909699237086,-0.200342979467));
#4183 = ORIENTED_EDGE('',*,*,#4184,.F.);
#4184 = EDGE_CURVE('',#4185,#4177,#4187,.T.);
#4185 = VERTEX_POINT('',#4186);
#4186 = CARTESIAN_POINT('',(-34.05025507661,50.377095838414,
    126.47580337049));
#4187 = LINE('',#4188,#4189);
#4188 = CARTESIAN_POINT('',(-52.98004426637,56.179929668466,
    124.38747315661));
#4189 = VECTOR('',#4190,1.);
#4190 = DIRECTION('',(0.950812502794,-0.291466899179,0.104893427888));
#4191 = ORIENTED_EDGE('',*,*,#4192,.F.);
#4192 = EDGE_CURVE('',#4193,#4185,#4195,.T.);
#4193 = VERTEX_POINT('',#4194);
#4194 = CARTESIAN_POINT('',(-34.07678865875,50.385229624307,
    126.4728761805));
#4195 = LINE('',#4196,#4197);
#4196 = CARTESIAN_POINT('',(-53.44426138095,56.322267283262,
    124.33625278655));
#4197 = VECTOR('',#4198,1.);
#4198 = DIRECTION('',(0.950811999636,-0.291468418693,0.104893766513));
#4199 = ORIENTED_EDGE('',*,*,#4200,.F.);
#4200 = EDGE_CURVE('',#4201,#4193,#4203,.T.);
#4201 = VERTEX_POINT('',#4202);
#4202 = CARTESIAN_POINT('',(-33.6402953159,51.476869365848,
    126.23246445281));
#4203 = LINE('',#4204,#4205);
#4204 = CARTESIAN_POINT('',(-34.05656457864,50.435808577584,
    126.46173718307));
#4205 = VECTOR('',#4206,1.);
#4206 = DIRECTION('',(-0.363744731105,-0.909699113911,0.20034293784));
#4207 = ORIENTED_EDGE('',*,*,#4208,.F.);
#4208 = EDGE_CURVE('',#4209,#4201,#4211,.T.);
#4209 = VERTEX_POINT('',#4210);
#4210 = CARTESIAN_POINT('',(-33.59285616937,51.595509579291,
    126.20633635642));
#4211 = LINE('',#4212,#4213);
#4212 = CARTESIAN_POINT('',(-34.05656457864,50.435808577584,
    126.46173718307));
#4213 = VECTOR('',#4214,1.);
#4214 = DIRECTION('',(-0.363744731105,-0.909699113911,0.20034293784));
#4215 = ORIENTED_EDGE('',*,*,#4216,.F.);
#4216 = EDGE_CURVE('',#4217,#4209,#4219,.T.);
#4217 = VERTEX_POINT('',#4218);
#4218 = CARTESIAN_POINT('',(-33.58573399392,51.613321665716,
    126.20241360187));
#4219 = LINE('',#4220,#4221);
#4220 = CARTESIAN_POINT('',(-33.92884327512,50.755228206026,
    126.39139146414));
#4221 = VECTOR('',#4222,1.);
#4222 = DIRECTION('',(-0.363743954386,-0.90969940297,0.200343035527));
#4223 = ORIENTED_EDGE('',*,*,#4224,.T.);
#4224 = EDGE_CURVE('',#4217,#4225,#4227,.T.);
#4225 = VERTEX_POINT('',#4226);
#4226 = CARTESIAN_POINT('',(-33.57276651966,51.645753654784,
    126.19527108891));
#4227 = LINE('',#4228,#4229);
#4228 = CARTESIAN_POINT('',(-33.20403087089,52.56793295181,
    125.9921796682));
#4229 = VECTOR('',#4230,1.);
#4230 = DIRECTION('',(0.363745328163,0.909698891714,-0.200342862749));
#4231 = ORIENTED_EDGE('',*,*,#4232,.T.);
#4232 = EDGE_CURVE('',#4225,#4233,#4235,.T.);
#4233 = VERTEX_POINT('',#4234);
#4234 = CARTESIAN_POINT('',(-33.53253791968,51.746362318453,
    126.17311405587));
#4235 = LINE('',#4236,#4237);
#4236 = CARTESIAN_POINT('',(-32.26245850132,54.922734180588,
    125.47358208967));
#4237 = VECTOR('',#4238,1.);
#4238 = DIRECTION('',(0.363745167548,0.909698951487,-0.200342882949));
#4239 = ORIENTED_EDGE('',*,*,#4240,.F.);
#4240 = EDGE_CURVE('',#4241,#4233,#4243,.T.);
#4241 = VERTEX_POINT('',#4242);
#4242 = CARTESIAN_POINT('',(-34.62703966401,52.081873231965,
    126.05236961959));
#4243 = LINE('',#4244,#4245);
#4244 = CARTESIAN_POINT('',(-103.2918243408,73.130523681641,
    118.47733306884));
#4245 = VECTOR('',#4246,1.);
#4246 = DIRECTION('',(0.950813342749,-0.291464362535,0.104892862596));
#4247 = ORIENTED_EDGE('',*,*,#4248,.T.);
#4248 = EDGE_CURVE('',#4241,#4249,#4251,.T.);
#4249 = VERTEX_POINT('',#4250);
#4250 = CARTESIAN_POINT('',(-34.73479552233,51.812383676491,
    126.11171927523));
#4251 = LINE('',#4252,#4253);
#4252 = CARTESIAN_POINT('',(-34.63175743059,52.070074441276,
    126.05496806598));
#4253 = VECTOR('',#4254,1.);
#4254 = DIRECTION('',(-0.3637447406,-0.909699110378,0.200342936646));
#4255 = ORIENTED_EDGE('',*,*,#4256,.T.);
#4256 = EDGE_CURVE('',#4249,#4145,#4257,.T.);
#4257 = LINE('',#4258,#4259);
#4258 = CARTESIAN_POINT('',(-62.14950317698,60.216212762291,
    123.08733819084));
#4259 = VECTOR('',#4260,1.);
#4260 = DIRECTION('',(-0.950812657033,0.291466433382,-0.104893324085));
#4261 = ORIENTED_EDGE('',*,*,#4144,.T.);
#4262 = ORIENTED_EDGE('',*,*,#2805,.T.);
#4263 = ORIENTED_EDGE('',*,*,#4264,.F.);
#4264 = EDGE_CURVE('',#4265,#2798,#4267,.T.);
#4265 = VERTEX_POINT('',#4266);
#4266 = CARTESIAN_POINT('',(-62.44799198199,60.610167659371,
    122.98318748092));
#4267 = LINE('',#4268,#4269);
#4268 = CARTESIAN_POINT('',(-103.2918243408,73.130523681641,
    118.47733306884));
#4269 = VECTOR('',#4270,1.);
#4270 = DIRECTION('',(0.950813342749,-0.291464362535,0.104892862596));
#4271 = ORIENTED_EDGE('',*,*,#4272,.F.);
#4272 = EDGE_CURVE('',#4273,#4265,#4275,.T.);
#4273 = VERTEX_POINT('',#4274);
#4274 = CARTESIAN_POINT('',(-62.90881554375,59.457680825429,
    123.23699954173));
#4275 = LINE('',#4276,#4277);
#4276 = CARTESIAN_POINT('',(-62.24572839292,61.11601445787,
    122.8717848908));
#4277 = VECTOR('',#4278,1.);
#4278 = DIRECTION('',(0.363744559113,0.909699177919,-0.200342959471));
#4279 = ORIENTED_EDGE('',*,*,#4280,.F.);
#4280 = EDGE_CURVE('',#4281,#4273,#4283,.T.);
#4281 = VERTEX_POINT('',#4282);
#4282 = CARTESIAN_POINT('',(-74.07793334965,63.614315920942,
    121.83226715021));
#4283 = LINE('',#4284,#4285);
#4284 = CARTESIAN_POINT('',(-68.49539608872,61.536750735933,
    122.53437908542));
#4285 = VECTOR('',#4286,1.);
#4286 = DIRECTION('',(0.930759555476,-0.346386160573,0.117060999716));
#4287 = ORIENTED_EDGE('',*,*,#4288,.F.);
#4288 = EDGE_CURVE('',#4289,#4281,#4291,.T.);
#4289 = VERTEX_POINT('',#4290);
#4290 = CARTESIAN_POINT('',(-73.87813798298,64.113989143646,
    121.72222417717));
#4291 = LINE('',#4292,#4293);
#4292 = CARTESIAN_POINT('',(-73.41484730013,65.272644383828,
    121.4670536746));
#4293 = VECTOR('',#4294,1.);
#4294 = DIRECTION('',(-0.363745020268,-0.909699006298,0.200342901472));
#4295 = ORIENTED_EDGE('',*,*,#4296,.F.);
#4296 = EDGE_CURVE('',#2829,#4289,#4297,.T.);
#4297 = LINE('',#4298,#4299);
#4298 = CARTESIAN_POINT('',(-103.2918243408,73.130523681641,
    118.47733306884));
#4299 = VECTOR('',#4300,1.);
#4300 = DIRECTION('',(0.950813342749,-0.291464362535,0.104892862596));
#4301 = ORIENTED_EDGE('',*,*,#4302,.F.);
#4302 = EDGE_CURVE('',#4169,#2829,#4303,.T.);
#4303 = LINE('',#4304,#4305);
#4304 = CARTESIAN_POINT('',(-103.8374404907,71.765975952148,
    118.77784729003));
#4305 = VECTOR('',#4306,1.);
#4306 = DIRECTION('',(0.363744400126,0.909699237086,-0.200342979467));
#4307 = PLANE('',#4308);
#4308 = AXIS2_PLACEMENT_3D('',#4309,#4310,#4311);
#4309 = CARTESIAN_POINT('',(-68.43990898132,61.681041717529,
    122.50251770019));
#4310 = DIRECTION('',(3.709426667843E-02,-0.229051425631,-0.972707283717
    ));
#4311 = DIRECTION('',(1.734723475977E-18,0.973377190263,-0.229209174064)
  );
#4312 = ADVANCED_FACE('',(#4313),#4324,.T.);
#4313 = FACE_BOUND('',#4314,.F.);
#4314 = EDGE_LOOP('',(#4315,#4316,#4317,#4323));
#4315 = ORIENTED_EDGE('',*,*,#2797,.T.);
#4316 = ORIENTED_EDGE('',*,*,#3036,.T.);
#4317 = ORIENTED_EDGE('',*,*,#4318,.F.);
#4318 = EDGE_CURVE('',#4265,#3029,#4319,.T.);
#4319 = LINE('',#4320,#4321);
#4320 = CARTESIAN_POINT('',(-62.45440230772,60.83391550039,
    123.69529727134));
#4321 = VECTOR('',#4322,1.);
#4322 = DIRECTION('',(-8.587619108117E-03,0.299744711476,0.95398079684)
  );
#4323 = ORIENTED_EDGE('',*,*,#4264,.T.);
#4324 = PLANE('',#4325);
#4325 = AXIS2_PLACEMENT_3D('',#4326,#4327,#4328);
#4326 = CARTESIAN_POINT('',(-68.15356930729,62.39124032446,
    122.45683621119));
#4327 = DIRECTION('',(0.309495669167,0.907967789783,-0.282501192003));
#4328 = DIRECTION('',(0.946522542212,-0.322637687019,0.));
#4329 = ADVANCED_FACE('',(#4330),#4357,.F.);
#4330 = FACE_BOUND('',#4331,.T.);
#4331 = EDGE_LOOP('',(#4332,#4340,#4348,#4354,#4355,#4356));
#4332 = ORIENTED_EDGE('',*,*,#4333,.F.);
#4333 = EDGE_CURVE('',#4334,#4273,#4336,.T.);
#4334 = VERTEX_POINT('',#4335);
#4335 = CARTESIAN_POINT('',(-62.8913116455,59.34997177124,
    122.77970123291));
#4336 = LINE('',#4337,#4338);
#4337 = CARTESIAN_POINT('',(-62.8913116455,59.34997177124,
    122.77970123291));
#4338 = VECTOR('',#4339,1.);
#4339 = DIRECTION('',(-3.723143599502E-02,0.229101123696,0.972690338852)
  );
#4340 = ORIENTED_EDGE('',*,*,#4341,.T.);
#4341 = EDGE_CURVE('',#4334,#4342,#4344,.T.);
#4342 = VERTEX_POINT('',#4343);
#4343 = CARTESIAN_POINT('',(-60.07070922851,67.17741394043,
    123.51142120361));
#4344 = LINE('',#4345,#4346);
#4345 = CARTESIAN_POINT('',(-62.8913116455,59.34997177124,
    122.77970123291));
#4346 = VECTOR('',#4347,1.);
#4347 = DIRECTION('',(0.33770573935,0.937165808637,8.760753809709E-02));
#4348 = ORIENTED_EDGE('',*,*,#4349,.F.);
#4349 = EDGE_CURVE('',#3021,#4342,#4350,.T.);
#4350 = LINE('',#4351,#4352);
#4351 = CARTESIAN_POINT('',(-62.98066711425,59.899814605713,
    125.11415863037));
#4352 = VECTOR('',#4353,1.);
#4353 = DIRECTION('',(0.363744524767,0.909699389267,-0.200342062158));
#4354 = ORIENTED_EDGE('',*,*,#3028,.F.);
#4355 = ORIENTED_EDGE('',*,*,#4318,.F.);
#4356 = ORIENTED_EDGE('',*,*,#4272,.F.);
#4357 = PLANE('',#4358);
#4358 = AXIS2_PLACEMENT_3D('',#4359,#4360,#4361);
#4359 = CARTESIAN_POINT('',(-61.68628562013,62.915268143951,
    123.74608210852));
#4360 = DIRECTION('',(-0.930754398763,0.346351762387,-0.117203693949));
#4361 = DIRECTION('',(-0.348755420837,-0.937213773072,6.938893903907E-18
    ));
#4362 = ADVANCED_FACE('',(#4363),#4381,.F.);
#4363 = FACE_BOUND('',#4364,.T.);
#4364 = EDGE_LOOP('',(#4365,#4373,#4379,#4380));
#4365 = ORIENTED_EDGE('',*,*,#4366,.F.);
#4366 = EDGE_CURVE('',#4367,#4342,#4369,.T.);
#4367 = VERTEX_POINT('',#4368);
#4368 = CARTESIAN_POINT('',(-65.54096984863,66.909294128418,
    123.36518859863));
#4369 = LINE('',#4370,#4371);
#4370 = CARTESIAN_POINT('',(-65.54096984863,66.909294128418,
    123.36518859863));
#4371 = VECTOR('',#4372,1.);
#4372 = DIRECTION('',(0.998445136013,4.893787348764E-02,
    2.669072706194E-02));
#4373 = ORIENTED_EDGE('',*,*,#4374,.T.);
#4374 = EDGE_CURVE('',#4367,#3013,#4375,.T.);
#4375 = LINE('',#4376,#4377);
#4376 = CARTESIAN_POINT('',(-65.54096984863,66.909294128418,
    123.36518859863));
#4377 = VECTOR('',#4378,1.);
#4378 = DIRECTION('',(0.33404042666,-0.914520575631,0.228186568633));
#4379 = ORIENTED_EDGE('',*,*,#3020,.F.);
#4380 = ORIENTED_EDGE('',*,*,#4349,.T.);
#4381 = PLANE('',#4382);
#4382 = AXIS2_PLACEMENT_3D('',#4383,#4384,#4385);
#4383 = CARTESIAN_POINT('',(-62.8489113754,64.398180146474,
    124.05968432148));
#4384 = DIRECTION('',(3.723144040764E-02,-0.229101508887,-0.972690247957
    ));
#4385 = DIRECTION('',(0.,0.97336511161,-0.229260462142));
#4386 = ADVANCED_FACE('',(#4387),#4405,.F.);
#4387 = FACE_BOUND('',#4388,.T.);
#4388 = EDGE_LOOP('',(#4389,#4397,#4403,#4404));
#4389 = ORIENTED_EDGE('',*,*,#4390,.T.);
#4390 = EDGE_CURVE('',#4367,#4391,#4393,.T.);
#4391 = VERTEX_POINT('',#4392);
#4392 = CARTESIAN_POINT('',(-65.4373474121,66.569061279297,
    123.44929504394));
#4393 = LINE('',#4394,#4395);
#4394 = CARTESIAN_POINT('',(-65.54096984863,66.909294128418,
    123.36518859863));
#4395 = VECTOR('',#4396,1.);
#4396 = DIRECTION('',(0.283530319561,-0.930940553735,0.230130926435));
#4397 = ORIENTED_EDGE('',*,*,#4398,.T.);
#4398 = EDGE_CURVE('',#4391,#3005,#4399,.T.);
#4399 = LINE('',#4400,#4401);
#4400 = CARTESIAN_POINT('',(-65.4373474121,66.569061279297,
    123.44929504394));
#4401 = VECTOR('',#4402,1.);
#4402 = DIRECTION('',(0.33654449422,-0.913630581299,0.228072278729));
#4403 = ORIENTED_EDGE('',*,*,#3012,.F.);
#4404 = ORIENTED_EDGE('',*,*,#4374,.F.);
#4405 = PLANE('',#4406);
#4406 = AXIS2_PLACEMENT_3D('',#4407,#4408,#4409);
#4407 = CARTESIAN_POINT('',(-64.26543149587,63.403048144377,
    124.23985274718));
#4408 = DIRECTION('',(3.705451995498E-02,-0.229164135991,-0.972682250957
    ));
#4409 = DIRECTION('',(1.734723475977E-18,0.973350703972,-0.229321623657)
  );
#4410 = ADVANCED_FACE('',(#4411),#4429,.F.);
#4411 = FACE_BOUND('',#4412,.T.);
#4412 = EDGE_LOOP('',(#4413,#4421,#4422,#4423));
#4413 = ORIENTED_EDGE('',*,*,#4414,.F.);
#4414 = EDGE_CURVE('',#2997,#4415,#4417,.T.);
#4415 = VERTEX_POINT('',#4416);
#4416 = CARTESIAN_POINT('',(-65.42790222168,66.213508605957,
    123.53339385986));
#4417 = LINE('',#4418,#4419);
#4418 = CARTESIAN_POINT('',(-62.98066711425,59.899814605713,
    125.11415863037));
#4419 = VECTOR('',#4420,1.);
#4420 = DIRECTION('',(-0.351945299903,0.907994054871,-0.227335219875));
#4421 = ORIENTED_EDGE('',*,*,#3004,.F.);
#4422 = ORIENTED_EDGE('',*,*,#4398,.F.);
#4423 = ORIENTED_EDGE('',*,*,#4424,.F.);
#4424 = EDGE_CURVE('',#4415,#4391,#4425,.T.);
#4425 = LINE('',#4426,#4427);
#4426 = CARTESIAN_POINT('',(-65.42790222168,66.213508605957,
    123.53339385986));
#4427 = VECTOR('',#4428,1.);
#4428 = DIRECTION('',(-2.584287157607E-02,0.972823379693,-0.23010175556)
  );
#4429 = PLANE('',#4430);
#4430 = AXIS2_PLACEMENT_3D('',#4431,#4432,#4433);
#4431 = CARTESIAN_POINT('',(-64.23735295225,63.228802805431,
    124.28196731178));
#4432 = DIRECTION('',(3.72893073264E-02,-0.229080337546,-0.972693017611)
  );
#4433 = DIRECTION('',(0.,0.973369984825,-0.229239771072));
#4434 = ADVANCED_FACE('',(#4435),#4453,.F.);
#4435 = FACE_BOUND('',#4436,.T.);
#4436 = EDGE_LOOP('',(#4437,#4438,#4439,#4447));
#4437 = ORIENTED_EDGE('',*,*,#2996,.F.);
#4438 = ORIENTED_EDGE('',*,*,#4414,.T.);
#4439 = ORIENTED_EDGE('',*,*,#4440,.T.);
#4440 = EDGE_CURVE('',#4415,#4441,#4443,.T.);
#4441 = VERTEX_POINT('',#4442);
#4442 = CARTESIAN_POINT('',(-65.51326751709,65.866905212402,
    123.61177062988));
#4443 = LINE('',#4444,#4445);
#4444 = CARTESIAN_POINT('',(-65.42790222168,66.213508605957,
    123.53339385986));
#4445 = VECTOR('',#4446,1.);
#4446 = DIRECTION('',(-0.233580473668,-0.948392252993,0.214458146929));
#4447 = ORIENTED_EDGE('',*,*,#4448,.T.);
#4448 = EDGE_CURVE('',#4441,#2989,#4449,.T.);
#4449 = LINE('',#4450,#4451);
#4450 = CARTESIAN_POINT('',(-65.51326751709,65.866905212402,
    123.61177062988));
#4451 = VECTOR('',#4452,1.);
#4452 = DIRECTION('',(0.380605966878,-0.896750346903,0.225782889757));
#4453 = PLANE('',#4454);
#4454 = AXIS2_PLACEMENT_3D('',#4455,#4456,#4457);
#4455 = CARTESIAN_POINT('',(-64.25773065363,63.052167770754,
    124.32279077555));
#4456 = DIRECTION('',(3.719934784852E-02,-0.229114079194,-0.972688515011
    ));
#4457 = DIRECTION('',(1.734723475977E-18,0.973362213325,-0.229272766962)
  );
#4458 = ADVANCED_FACE('',(#4459),#4477,.F.);
#4459 = FACE_BOUND('',#4460,.T.);
#4460 = EDGE_LOOP('',(#4461,#4462,#4470,#4476));
#4461 = ORIENTED_EDGE('',*,*,#4448,.F.);
#4462 = ORIENTED_EDGE('',*,*,#4463,.T.);
#4463 = EDGE_CURVE('',#4441,#4464,#4466,.T.);
#4464 = VERTEX_POINT('',#4465);
#4465 = CARTESIAN_POINT('',(-65.6876373291,65.552841186523,
    123.67906951904));
#4466 = LINE('',#4467,#4468);
#4467 = CARTESIAN_POINT('',(-65.51326751709,65.866905212402,
    123.61177062988));
#4468 = VECTOR('',#4469,1.);
#4469 = DIRECTION('',(-0.477107822249,-0.85933684108,0.184142117701));
#4470 = ORIENTED_EDGE('',*,*,#4471,.T.);
#4471 = EDGE_CURVE('',#4464,#2981,#4472,.T.);
#4472 = LINE('',#4473,#4474);
#4473 = CARTESIAN_POINT('',(-65.6876373291,65.552841186523,
    123.67906951904));
#4474 = VECTOR('',#4475,1.);
#4475 = DIRECTION('',(0.420995905334,-0.879175186419,0.223189245432));
#4476 = ORIENTED_EDGE('',*,*,#2988,.F.);
#4477 = PLANE('',#4478);
#4478 = AXIS2_PLACEMENT_3D('',#4479,#4480,#4481);
#4479 = CARTESIAN_POINT('',(-64.32542763775,62.885093030653,
    124.35955338694));
#4480 = DIRECTION('',(3.722928532283E-02,-0.229101812004,-0.97269025905)
  );
#4481 = DIRECTION('',(1.734723475977E-18,0.973365044504,-0.229260747049)
  );
#4482 = ADVANCED_FACE('',(#4483),#4501,.F.);
#4483 = FACE_BOUND('',#4484,.T.);
#4484 = EDGE_LOOP('',(#4485,#4486,#4494,#4500));
#4485 = ORIENTED_EDGE('',*,*,#4471,.F.);
#4486 = ORIENTED_EDGE('',*,*,#4487,.F.);
#4487 = EDGE_CURVE('',#4488,#4464,#4490,.T.);
#4488 = VERTEX_POINT('',#4489);
#4489 = CARTESIAN_POINT('',(-65.93911743164,65.29271697998,
    123.73070526123));
#4490 = LINE('',#4491,#4492);
#4491 = CARTESIAN_POINT('',(-65.93911743164,65.29271697998,
    123.73070526123));
#4492 = VECTOR('',#4493,1.);
#4493 = DIRECTION('',(0.688088238899,0.711739836941,-0.141283332348));
#4494 = ORIENTED_EDGE('',*,*,#4495,.T.);
#4495 = EDGE_CURVE('',#4488,#2973,#4496,.T.);
#4496 = LINE('',#4497,#4498);
#4497 = CARTESIAN_POINT('',(-65.93911743164,65.29271697998,
    123.73070526123));
#4498 = VECTOR('',#4499,1.);
#4499 = DIRECTION('',(0.46924211527,-0.85537245722,0.2194306193));
#4500 = ORIENTED_EDGE('',*,*,#2980,.F.);
#4501 = PLANE('',#4502);
#4502 = AXIS2_PLACEMENT_3D('',#4503,#4504,#4505);
#4503 = CARTESIAN_POINT('',(-64.43593592395,62.738959950402,
    124.38974125731));
#4504 = DIRECTION('',(3.724773490165E-02,-0.229093306609,-0.972691555999
    ));
#4505 = DIRECTION('',(-1.734723475977E-18,0.973367012018,-0.229252393477
    ));
#4506 = ADVANCED_FACE('',(#4507),#4525,.F.);
#4507 = FACE_BOUND('',#4508,.T.);
#4508 = EDGE_LOOP('',(#4509,#4510,#4518,#4524));
#4509 = ORIENTED_EDGE('',*,*,#4495,.F.);
#4510 = ORIENTED_EDGE('',*,*,#4511,.T.);
#4511 = EDGE_CURVE('',#4488,#4512,#4514,.T.);
#4512 = VERTEX_POINT('',#4513);
#4513 = CARTESIAN_POINT('',(-66.25057220459,65.104270935059,
    123.76316833496));
#4514 = LINE('',#4515,#4516);
#4515 = CARTESIAN_POINT('',(-65.93911743164,65.29271697998,
    123.73070526123));
#4516 = VECTOR('',#4517,1.);
#4517 = DIRECTION('',(-0.852198548396,-0.515623647095,8.882504527896E-02
    ));
#4518 = ORIENTED_EDGE('',*,*,#4519,.T.);
#4519 = EDGE_CURVE('',#4512,#2965,#4520,.T.);
#4520 = LINE('',#4521,#4522);
#4521 = CARTESIAN_POINT('',(-66.25057220459,65.104270935059,
    123.76316833496));
#4522 = VECTOR('',#4523,1.);
#4523 = DIRECTION('',(0.519596969798,-0.827002516425,0.214676097419));
#4524 = ORIENTED_EDGE('',*,*,#2972,.F.);
#4525 = PLANE('',#4526);
#4526 = AXIS2_PLACEMENT_3D('',#4527,#4528,#4529);
#4527 = CARTESIAN_POINT('',(-64.58158487978,62.623888354533,
    124.41126764149));
#4528 = DIRECTION('',(3.723367113007E-02,-0.229100712409,-0.972690350167
    ));
#4529 = DIRECTION('',(0.,0.973365294846,-0.229259684179));
#4530 = ADVANCED_FACE('',(#4531),#4549,.F.);
#4531 = FACE_BOUND('',#4532,.T.);
#4532 = EDGE_LOOP('',(#4533,#4534,#4542,#4548));
#4533 = ORIENTED_EDGE('',*,*,#4519,.F.);
#4534 = ORIENTED_EDGE('',*,*,#4535,.F.);
#4535 = EDGE_CURVE('',#4536,#4512,#4538,.T.);
#4536 = VERTEX_POINT('',#4537);
#4537 = CARTESIAN_POINT('',(-66.60078430175,65.000358581543,
    123.77423858642));
#4538 = LINE('',#4539,#4540);
#4539 = CARTESIAN_POINT('',(-66.60078430175,65.000358581543,
    123.77423858642));
#4540 = VECTOR('',#4541,1.);
#4541 = DIRECTION('',(0.958249420586,0.284324708807,-3.029039298675E-02)
  );
#4542 = ORIENTED_EDGE('',*,*,#4543,.F.);
#4543 = EDGE_CURVE('',#2957,#4536,#4544,.T.);
#4544 = LINE('',#4545,#4546);
#4545 = CARTESIAN_POINT('',(-62.98066711425,59.899814605713,
    125.11415863037));
#4546 = VECTOR('',#4547,1.);
#4547 = DIRECTION('',(-0.565946102073,0.79738661266,-0.209474579602));
#4548 = ORIENTED_EDGE('',*,*,#2964,.F.);
#4549 = PLANE('',#4550);
#4550 = AXIS2_PLACEMENT_3D('',#4551,#4552,#4553);
#4551 = CARTESIAN_POINT('',(-64.75208651518,62.547979097969,
    124.4226204605));
#4552 = DIRECTION('',(3.723073626845E-02,-0.229102477589,-0.972690046746
    ));
#4553 = DIRECTION('',(-1.734723475977E-18,0.973364884706,-0.229261425497
    ));
#4554 = ADVANCED_FACE('',(#4555),#4573,.F.);
#4555 = FACE_BOUND('',#4556,.T.);
#4556 = EDGE_LOOP('',(#4557,#4558,#4559,#4567));
#4557 = ORIENTED_EDGE('',*,*,#2956,.F.);
#4558 = ORIENTED_EDGE('',*,*,#4543,.T.);
#4559 = ORIENTED_EDGE('',*,*,#4560,.F.);
#4560 = EDGE_CURVE('',#4561,#4536,#4563,.T.);
#4561 = VERTEX_POINT('',#4562);
#4562 = CARTESIAN_POINT('',(-66.96588134765,64.98802947998,
    123.76316833496));
#4563 = LINE('',#4564,#4565);
#4564 = CARTESIAN_POINT('',(-66.96588134765,64.98802947998,
    123.76316833496));
#4565 = VECTOR('',#4566,1.);
#4566 = DIRECTION('',(0.9989717092,3.373465712516E-02,3.029021503008E-02
    ));
#4567 = ORIENTED_EDGE('',*,*,#4568,.T.);
#4568 = EDGE_CURVE('',#4561,#2949,#4569,.T.);
#4569 = LINE('',#4570,#4571);
#4570 = CARTESIAN_POINT('',(-66.96588134765,64.98802947998,
    123.76316833496));
#4571 = VECTOR('',#4572,1.);
#4572 = DIRECTION('',(0.603563796059,-0.770614101229,0.204608531281));
#4573 = PLANE('',#4574);
#4574 = AXIS2_PLACEMENT_3D('',#4575,#4576,#4577);
#4575 = CARTESIAN_POINT('',(-64.93540189881,62.516611741249,
    124.42299205432));
#4576 = DIRECTION('',(3.72299819258E-02,-0.22910298893,-0.972689955181)
  );
#4577 = DIRECTION('',(0.,0.973364765702,-0.229261930745));
#4578 = ADVANCED_FACE('',(#4579),#4597,.F.);
#4579 = FACE_BOUND('',#4580,.T.);
#4580 = EDGE_LOOP('',(#4581,#4582,#4590,#4596));
#4581 = ORIENTED_EDGE('',*,*,#4568,.F.);
#4582 = ORIENTED_EDGE('',*,*,#4583,.T.);
#4583 = EDGE_CURVE('',#4561,#4584,#4586,.T.);
#4584 = VERTEX_POINT('',#4585);
#4585 = CARTESIAN_POINT('',(-67.32098388671,65.068145751953,
    123.73070526123));
#4586 = LINE('',#4587,#4588);
#4587 = CARTESIAN_POINT('',(-66.96588134765,64.98802947998,
    123.76316833496));
#4588 = VECTOR('',#4589,1.);
#4589 = DIRECTION('',(-0.971625394594,0.219212750701,-8.88248980319E-02)
  );
#4590 = ORIENTED_EDGE('',*,*,#4591,.F.);
#4591 = EDGE_CURVE('',#2941,#4584,#4592,.T.);
#4592 = LINE('',#4593,#4594);
#4593 = CARTESIAN_POINT('',(-62.98066711425,59.899814605713,
    125.11415863037));
#4594 = VECTOR('',#4595,1.);
#4595 = DIRECTION('',(-0.629998528533,0.750185110397,-0.20080875027));
#4596 = ORIENTED_EDGE('',*,*,#2948,.F.);
#4597 = PLANE('',#4598);
#4598 = AXIS2_PLACEMENT_3D('',#4599,#4600,#4601);
#4599 = CARTESIAN_POINT('',(-65.11877880787,62.531990049078,
    124.41235080036));
#4600 = DIRECTION('',(3.72339956638E-02,-0.229099991906,-0.972690507446)
  );
#4601 = DIRECTION('',(-1.734723475977E-18,0.973365464012,-0.22925896595)
  );
#4602 = ADVANCED_FACE('',(#4603),#4621,.F.);
#4603 = FACE_BOUND('',#4604,.T.);
#4604 = EDGE_LOOP('',(#4605,#4606,#4607,#4615));
#4605 = ORIENTED_EDGE('',*,*,#2940,.F.);
#4606 = ORIENTED_EDGE('',*,*,#4591,.T.);
#4607 = ORIENTED_EDGE('',*,*,#4608,.T.);
#4608 = EDGE_CURVE('',#4584,#4609,#4611,.T.);
#4609 = VERTEX_POINT('',#4610);
#4610 = CARTESIAN_POINT('',(-67.64189910888,65.235252380371,
    123.67906951904));
#4611 = LINE('',#4612,#4613);
#4612 = CARTESIAN_POINT('',(-67.32098388671,65.068145751953,
    123.73070526123));
#4613 = VECTOR('',#4614,1.);
#4614 = DIRECTION('',(-0.878059074229,0.457221974249,-0.141281026422));
#4615 = ORIENTED_EDGE('',*,*,#4616,.F.);
#4616 = EDGE_CURVE('',#2933,#4609,#4617,.T.);
#4617 = LINE('',#4618,#4619);
#4618 = CARTESIAN_POINT('',(-62.98066711425,59.899814605713,
    125.11415863037));
#4619 = VECTOR('',#4620,1.);
#4620 = DIRECTION('',(-0.64482696373,0.738095452955,-0.198527804539));
#4621 = PLANE('',#4622);
#4622 = AXIS2_PLACEMENT_3D('',#4623,#4624,#4625);
#4623 = CARTESIAN_POINT('',(-65.28972050415,62.592999248085,
    124.39143964063));
#4624 = DIRECTION('',(3.719229598642E-02,-0.229133335573,-0.972684248689
    ));
#4625 = DIRECTION('',(0.,0.973357688383,-0.229291976451));
#4626 = ADVANCED_FACE('',(#4627),#4637,.F.);
#4627 = FACE_BOUND('',#4628,.T.);
#4628 = EDGE_LOOP('',(#4629,#4630,#4631));
#4629 = ORIENTED_EDGE('',*,*,#2932,.F.);
#4630 = ORIENTED_EDGE('',*,*,#4616,.T.);
#4631 = ORIENTED_EDGE('',*,*,#4632,.T.);
#4632 = EDGE_CURVE('',#4609,#2925,#4633,.T.);
#4633 = LINE('',#4634,#4635);
#4634 = CARTESIAN_POINT('',(-67.64189910888,65.235252380371,
    123.67906951904));
#4635 = VECTOR('',#4636,1.);
#4636 = DIRECTION('',(-0.983967834008,-0.178293435459,4.330416836792E-03
    ));
#4637 = PLANE('',#4638);
#4638 = AXIS2_PLACEMENT_3D('',#4639,#4640,#4641);
#4639 = CARTESIAN_POINT('',(-68.25148375996,62.825600899855,
    124.22328813428));
#4640 = DIRECTION('',(3.723185821954E-02,-0.229100449053,-0.972690481591
    ));
#4641 = DIRECTION('',(0.,0.973365360568,-0.229259405144));
#4642 = ADVANCED_FACE('',(#4643),#4661,.F.);
#4643 = FACE_BOUND('',#4644,.T.);
#4644 = EDGE_LOOP('',(#4645,#4646,#4654,#4660));
#4645 = ORIENTED_EDGE('',*,*,#4632,.F.);
#4646 = ORIENTED_EDGE('',*,*,#4647,.T.);
#4647 = EDGE_CURVE('',#4609,#4648,#4650,.T.);
#4648 = VERTEX_POINT('',#4649);
#4649 = CARTESIAN_POINT('',(-67.90673828125,65.47794342041,
    123.61177062988));
#4650 = LINE('',#4651,#4652);
#4651 = CARTESIAN_POINT('',(-67.64189910888,65.235252380371,
    123.67906951904));
#4652 = VECTOR('',#4653,1.);
#4653 = DIRECTION('',(-0.724654884831,0.664053002808,-0.184143713856));
#4654 = ORIENTED_EDGE('',*,*,#4655,.T.);
#4655 = EDGE_CURVE('',#4648,#2917,#4656,.T.);
#4656 = LINE('',#4657,#4658);
#4657 = CARTESIAN_POINT('',(-67.90673828125,65.47794342041,
    123.61177062988));
#4658 = VECTOR('',#4659,1.);
#4659 = DIRECTION('',(-0.974920756142,-0.222047411941,1.498219253616E-02
    ));
#4660 = ORIENTED_EDGE('',*,*,#2924,.F.);
#4661 = PLANE('',#4662);
#4662 = AXIS2_PLACEMENT_3D('',#4663,#4664,#4665);
#4663 = CARTESIAN_POINT('',(-70.87392676945,64.723126589493,
    123.67597899458));
#4664 = DIRECTION('',(3.723180373077E-02,-0.229100150101,-0.972690554089
    ));
#4665 = DIRECTION('',(1.734723475977E-18,0.973365431139,-0.229259105519)
  );
#4666 = ADVANCED_FACE('',(#4667),#4685,.F.);
#4667 = FACE_BOUND('',#4668,.T.);
#4668 = EDGE_LOOP('',(#4669,#4670,#4678,#4684));
#4669 = ORIENTED_EDGE('',*,*,#4655,.F.);
#4670 = ORIENTED_EDGE('',*,*,#4671,.F.);
#4671 = EDGE_CURVE('',#4672,#4648,#4674,.T.);
#4672 = VERTEX_POINT('',#4673);
#4673 = CARTESIAN_POINT('',(-68.09747314453,65.779678344727,
    123.53339385986));
#4674 = LINE('',#4675,#4676);
#4675 = CARTESIAN_POINT('',(-68.09747314453,65.779678344727,
    123.53339385986));
#4676 = VECTOR('',#4677,1.);
#4677 = DIRECTION('',(0.521892471419,-0.825613014085,0.214456054355));
#4678 = ORIENTED_EDGE('',*,*,#4679,.F.);
#4679 = EDGE_CURVE('',#2909,#4672,#4680,.T.);
#4680 = LINE('',#4681,#4682);
#4681 = CARTESIAN_POINT('',(-74.14971923828,64.056045532227,
    123.70771026611));
#4682 = VECTOR('',#4683,1.);
#4683 = DIRECTION('',(0.961389064963,0.273796159687,-2.768986657456E-02)
  );
#4684 = ORIENTED_EDGE('',*,*,#2916,.F.);
#4685 = PLANE('',#4686);
#4686 = AXIS2_PLACEMENT_3D('',#4687,#4688,#4689);
#4687 = CARTESIAN_POINT('',(-70.98952939455,64.863801682007,
    123.63841856845));
#4688 = DIRECTION('',(3.723651232307E-02,-0.229120488242,-0.97268558333)
  );
#4689 = DIRECTION('',(-1.734723475977E-18,0.973360627818,-0.229279498024
    ));
#4690 = ADVANCED_FACE('',(#4691),#4709,.F.);
#4691 = FACE_BOUND('',#4692,.T.);
#4692 = EDGE_LOOP('',(#4693,#4694,#4695,#4703));
#4693 = ORIENTED_EDGE('',*,*,#2908,.F.);
#4694 = ORIENTED_EDGE('',*,*,#4679,.T.);
#4695 = ORIENTED_EDGE('',*,*,#4696,.T.);
#4696 = EDGE_CURVE('',#4672,#4697,#4699,.T.);
#4697 = VERTEX_POINT('',#4698);
#4698 = CARTESIAN_POINT('',(-68.20109558105,66.119918823242,
    123.44929504394));
#4699 = LINE('',#4700,#4701);
#4700 = CARTESIAN_POINT('',(-68.09747314453,65.779678344727,
    123.53339385986));
#4701 = VECTOR('',#4702,1.);
#4702 = DIRECTION('',(-0.283526171561,0.930947809375,-0.230106684517));
#4703 = ORIENTED_EDGE('',*,*,#4704,.F.);
#4704 = EDGE_CURVE('',#2901,#4697,#4705,.T.);
#4705 = LINE('',#4706,#4707);
#4706 = CARTESIAN_POINT('',(-74.14971923828,64.056045532227,
    123.70771026611));
#4707 = VECTOR('',#4708,1.);
#4708 = DIRECTION('',(0.943958752782,0.327506221598,-4.100668068339E-02)
  );
#4709 = PLANE('',#4710);
#4710 = AXIS2_PLACEMENT_3D('',#4711,#4712,#4713);
#4711 = CARTESIAN_POINT('',(-71.06492413176,65.029661525688,
    123.59646666807));
#4712 = DIRECTION('',(3.722689006306E-02,-0.229087523778,-0.972693715979
    ));
#4713 = DIRECTION('',(0.,0.973368416915,-0.22924642844));
#4714 = ADVANCED_FACE('',(#4715),#4733,.F.);
#4715 = FACE_BOUND('',#4716,.T.);
#4716 = EDGE_LOOP('',(#4717,#4718,#4719,#4727));
#4717 = ORIENTED_EDGE('',*,*,#2900,.F.);
#4718 = ORIENTED_EDGE('',*,*,#4704,.T.);
#4719 = ORIENTED_EDGE('',*,*,#4720,.F.);
#4720 = EDGE_CURVE('',#4721,#4697,#4723,.T.);
#4721 = VERTEX_POINT('',#4722);
#4722 = CARTESIAN_POINT('',(-68.21054077148,66.475463867188,
    123.36518859863));
#4723 = LINE('',#4724,#4725);
#4724 = CARTESIAN_POINT('',(-68.21054077148,66.475463867188,
    123.36518859863));
#4725 = VECTOR('',#4726,1.);
#4726 = DIRECTION('',(2.584327224426E-02,-0.97281758734,0.230126198078)
  );
#4727 = ORIENTED_EDGE('',*,*,#4728,.F.);
#4728 = EDGE_CURVE('',#2893,#4721,#4729,.T.);
#4729 = LINE('',#4730,#4731);
#4730 = CARTESIAN_POINT('',(-74.14971923828,64.056045532227,
    123.70771026611));
#4731 = VECTOR('',#4732,1.);
#4732 = DIRECTION('',(0.924787718382,0.376726911695,-5.333394730206E-02)
  );
#4733 = PLANE('',#4734);
#4734 = AXIS2_PLACEMENT_3D('',#4735,#4736,#4737);
#4735 = CARTESIAN_POINT('',(-71.09480865742,65.208981426567,
    123.55308780973));
#4736 = DIRECTION('',(3.723372946605E-02,-0.229106640203,-0.972688951724
    ));
#4737 = DIRECTION('',(-1.734723475977E-18,0.973363897549,-0.229265616585
    ));
#4738 = ADVANCED_FACE('',(#4739),#4757,.F.);
#4739 = FACE_BOUND('',#4740,.T.);
#4740 = EDGE_LOOP('',(#4741,#4749,#4750,#4751));
#4741 = ORIENTED_EDGE('',*,*,#4742,.F.);
#4742 = EDGE_CURVE('',#2885,#4743,#4745,.T.);
#4743 = VERTEX_POINT('',#4744);
#4744 = CARTESIAN_POINT('',(-68.12517547607,66.822074890137,
    123.286819458));
#4745 = LINE('',#4746,#4747);
#4746 = CARTESIAN_POINT('',(-74.14971923828,64.056045532227,
    123.70771026611));
#4747 = VECTOR('',#4748,1.);
#4748 = DIRECTION('',(0.906965332438,0.416412069552,-6.336303407538E-02)
  );
#4749 = ORIENTED_EDGE('',*,*,#2892,.F.);
#4750 = ORIENTED_EDGE('',*,*,#4728,.T.);
#4751 = ORIENTED_EDGE('',*,*,#4752,.T.);
#4752 = EDGE_CURVE('',#4721,#4743,#4753,.T.);
#4753 = LINE('',#4754,#4755);
#4754 = CARTESIAN_POINT('',(-68.21054077148,66.475463867188,
    123.36518859863));
#4755 = VECTOR('',#4756,1.);
#4756 = DIRECTION('',(0.233576894837,0.948398597669,-0.2144339855));
#4757 = PLANE('',#4758);
#4758 = AXIS2_PLACEMENT_3D('',#4759,#4760,#4761);
#4759 = CARTESIAN_POINT('',(-71.07704781632,65.389106266341,
    123.51134214211));
#4760 = DIRECTION('',(3.72291043146E-02,-0.229095677029,-0.972691710954)
  );
#4761 = DIRECTION('',(-1.734723475977E-18,0.973366490847,-0.229254606271
    ));
#4762 = ADVANCED_FACE('',(#4763),#4781,.F.);
#4763 = FACE_BOUND('',#4764,.T.);
#4764 = EDGE_LOOP('',(#4765,#4773,#4774,#4775));
#4765 = ORIENTED_EDGE('',*,*,#4766,.F.);
#4766 = EDGE_CURVE('',#2877,#4767,#4769,.T.);
#4767 = VERTEX_POINT('',#4768);
#4768 = CARTESIAN_POINT('',(-67.95080566406,67.136138916016,
    123.21952056884));
#4769 = LINE('',#4770,#4771);
#4770 = CARTESIAN_POINT('',(-74.14971923828,64.056045532227,
    123.70771026611));
#4771 = VECTOR('',#4772,1.);
#4772 = DIRECTION('',(0.89332433586,0.443871711311,-7.035293069697E-02)
  );
#4773 = ORIENTED_EDGE('',*,*,#2884,.F.);
#4774 = ORIENTED_EDGE('',*,*,#4742,.T.);
#4775 = ORIENTED_EDGE('',*,*,#4776,.T.);
#4776 = EDGE_CURVE('',#4743,#4767,#4777,.T.);
#4777 = LINE('',#4778,#4779);
#4778 = CARTESIAN_POINT('',(-68.12517547607,66.822074890137,
    123.286819458));
#4779 = VECTOR('',#4780,1.);
#4780 = DIRECTION('',(0.477107822249,0.85933684108,-0.184142117701));
#4781 = PLANE('',#4782);
#4782 = AXIS2_PLACEMENT_3D('',#4783,#4784,#4785);
#4783 = CARTESIAN_POINT('',(-71.01285163666,65.557544156269,
    123.47412690974));
#4784 = DIRECTION('',(3.72329364214E-02,-0.229103713208,-0.972689671498)
  );
#4785 = DIRECTION('',(-1.734723475977E-18,0.973364589042,-0.22926268078)
  );
#4786 = ADVANCED_FACE('',(#4787),#4805,.F.);
#4787 = FACE_BOUND('',#4788,.T.);
#4788 = EDGE_LOOP('',(#4789,#4797,#4798,#4799));
#4789 = ORIENTED_EDGE('',*,*,#4790,.F.);
#4790 = EDGE_CURVE('',#2869,#4791,#4793,.T.);
#4791 = VERTEX_POINT('',#4792);
#4792 = CARTESIAN_POINT('',(-67.69932556152,67.396255493164,
    123.16787719726));
#4793 = LINE('',#4794,#4795);
#4794 = CARTESIAN_POINT('',(-74.14971923828,64.056045532227,
    123.70771026611));
#4795 = VECTOR('',#4796,1.);
#4796 = DIRECTION('',(0.885561984976,0.458570920083,-7.411263063325E-02)
  );
#4797 = ORIENTED_EDGE('',*,*,#2876,.F.);
#4798 = ORIENTED_EDGE('',*,*,#4766,.T.);
#4799 = ORIENTED_EDGE('',*,*,#4800,.T.);
#4800 = EDGE_CURVE('',#4767,#4791,#4801,.T.);
#4801 = LINE('',#4802,#4803);
#4802 = CARTESIAN_POINT('',(-67.95080566406,67.136138916016,
    123.21952056884));
#4803 = VECTOR('',#4804,1.);
#4804 = DIRECTION('',(0.68809643277,0.711727437014,-0.14130589022));
#4805 = PLANE('',#4806);
#4806 = AXIS2_PLACEMENT_3D('',#4807,#4808,#4809);
#4807 = CARTESIAN_POINT('',(-70.90668407188,65.702868599156,
    123.44396093481));
#4808 = DIRECTION('',(3.724247258627E-02,-0.229122158927,-0.972684961601
    ));
#4809 = DIRECTION('',(-1.734723475977E-18,0.973360222001,-0.22928122083)
  );
#4810 = ADVANCED_FACE('',(#4811),#4829,.F.);
#4811 = FACE_BOUND('',#4812,.T.);
#4812 = EDGE_LOOP('',(#4813,#4814,#4815,#4823));
#4813 = ORIENTED_EDGE('',*,*,#2868,.F.);
#4814 = ORIENTED_EDGE('',*,*,#4790,.T.);
#4815 = ORIENTED_EDGE('',*,*,#4816,.T.);
#4816 = EDGE_CURVE('',#4791,#4817,#4819,.T.);
#4817 = VERTEX_POINT('',#4818);
#4818 = CARTESIAN_POINT('',(-67.61280822753,67.448600769043,
    123.15885925293));
#4819 = LINE('',#4820,#4821);
#4820 = CARTESIAN_POINT('',(-67.69932556152,67.396255493164,
    123.16787719726));
#4821 = VECTOR('',#4822,1.);
#4822 = DIRECTION('',(0.852207616087,0.515608152908,-8.882798961329E-02)
  );
#4823 = ORIENTED_EDGE('',*,*,#4824,.F.);
#4824 = EDGE_CURVE('',#2861,#4817,#4825,.T.);
#4825 = LINE('',#4826,#4827);
#4826 = CARTESIAN_POINT('',(-74.14971923828,64.056045532227,
    123.70771026611));
#4827 = VECTOR('',#4828,1.);
#4828 = DIRECTION('',(0.885130986675,0.459369227939,-7.431721772537E-02)
  );
#4829 = PLANE('',#4830);
#4830 = AXIS2_PLACEMENT_3D('',#4831,#4832,#4833);
#4831 = CARTESIAN_POINT('',(-70.88042881085,65.75089540232,
    123.4336531124));
#4832 = DIRECTION('',(3.726105610943E-02,-0.22915661918,-0.972676131908)
  );
#4833 = DIRECTION('',(0.,0.973352060937,-0.229315863975));
#4834 = ADVANCED_FACE('',(#4835),#4853,.F.);
#4835 = FACE_BOUND('',#4836,.T.);
#4836 = EDGE_LOOP('',(#4837,#4838,#4839,#4847));
#4837 = ORIENTED_EDGE('',*,*,#2860,.F.);
#4838 = ORIENTED_EDGE('',*,*,#4824,.T.);
#4839 = ORIENTED_EDGE('',*,*,#4840,.F.);
#4840 = EDGE_CURVE('',#4841,#4817,#4843,.T.);
#4841 = VERTEX_POINT('',#4842);
#4842 = CARTESIAN_POINT('',(-71.23976135253,71.333641052246,
    122.10497283935));
#4843 = LINE('',#4844,#4845);
#4844 = CARTESIAN_POINT('',(-71.23976135253,71.333641052246,
    122.10497283935));
#4845 = VECTOR('',#4846,1.);
#4846 = DIRECTION('',(0.669377772622,-0.717009435107,0.194501587366));
#4847 = ORIENTED_EDGE('',*,*,#4848,.F.);
#4848 = EDGE_CURVE('',#2853,#4841,#4849,.T.);
#4849 = LINE('',#4850,#4851);
#4850 = CARTESIAN_POINT('',(-74.14971923828,64.056045532227,
    123.70771026611));
#4851 = VECTOR('',#4852,1.);
#4852 = DIRECTION('',(0.363744682552,0.909699307038,-0.200342149062));
#4853 = PLANE('',#4854);
#4854 = AXIS2_PLACEMENT_3D('',#4855,#4856,#4857);
#4855 = CARTESIAN_POINT('',(-71.19967739038,67.44705548514,
    123.0219299608));
#4856 = DIRECTION('',(3.723130304111E-02,-0.229101571936,-0.972690238365
    ));
#4857 = DIRECTION('',(0.,0.973365097026,-0.229260524061));
#4858 = ADVANCED_FACE('',(#4859),#4877,.F.);
#4859 = FACE_BOUND('',#4860,.T.);
#4860 = EDGE_LOOP('',(#4861,#4869,#4875,#4876));
#4861 = ORIENTED_EDGE('',*,*,#4862,.F.);
#4862 = EDGE_CURVE('',#4863,#4841,#4865,.T.);
#4863 = VERTEX_POINT('',#4864);
#4864 = CARTESIAN_POINT('',(-71.15040588378,70.783790588379,
    119.77051544189));
#4865 = LINE('',#4866,#4867);
#4866 = CARTESIAN_POINT('',(-71.15040588378,70.783790588379,
    119.77051544189));
#4867 = VECTOR('',#4868,1.);
#4868 = DIRECTION('',(-3.723140887948E-02,0.229104135753,0.972689630444)
  );
#4869 = ORIENTED_EDGE('',*,*,#4870,.F.);
#4870 = EDGE_CURVE('',#2845,#4863,#4871,.T.);
#4871 = LINE('',#4872,#4873);
#4872 = CARTESIAN_POINT('',(-74.14971923828,64.056045532227,
    123.70771026611));
#4873 = VECTOR('',#4874,1.);
#4874 = DIRECTION('',(0.359102807647,0.805501744317,-0.471393798688));
#4875 = ORIENTED_EDGE('',*,*,#2852,.F.);
#4876 = ORIENTED_EDGE('',*,*,#4848,.T.);
#4877 = PLANE('',#4878);
#4878 = AXIS2_PLACEMENT_3D('',#4879,#4880,#4881);
#4879 = CARTESIAN_POINT('',(-72.48290759061,68.00291627551,
    122.13450786796));
#4880 = DIRECTION('',(0.930754297696,-0.346351660381,0.117204797989));
#4881 = DIRECTION('',(0.34875536388,0.937213794267,-6.938893903907E-18)
  );
#4882 = ADVANCED_FACE('',(#4883),#4908,.F.);
#4883 = FACE_BOUND('',#4884,.T.);
#4884 = EDGE_LOOP('',(#4885,#4886,#4887,#4895,#4901,#4902));
#4885 = ORIENTED_EDGE('',*,*,#2844,.F.);
#4886 = ORIENTED_EDGE('',*,*,#4870,.T.);
#4887 = ORIENTED_EDGE('',*,*,#4888,.F.);
#4888 = EDGE_CURVE('',#4889,#4863,#4891,.T.);
#4889 = VERTEX_POINT('',#4890);
#4890 = CARTESIAN_POINT('',(-74.06036376953,63.506202697754,
    121.37325286865));
#4891 = LINE('',#4892,#4893);
#4892 = CARTESIAN_POINT('',(-74.06036376953,63.506202697754,
    121.37325286865));
#4893 = VECTOR('',#4894,1.);
#4894 = DIRECTION('',(0.363744998121,0.909699142579,-0.20034232287));
#4895 = ORIENTED_EDGE('',*,*,#4896,.T.);
#4896 = EDGE_CURVE('',#4889,#4281,#4897,.T.);
#4897 = LINE('',#4898,#4899);
#4898 = CARTESIAN_POINT('',(-74.06036376953,63.506202697754,
    121.37325286865));
#4899 = VECTOR('',#4900,1.);
#4900 = DIRECTION('',(-3.723143599502E-02,0.229101123696,0.972690338852)
  );
#4901 = ORIENTED_EDGE('',*,*,#4288,.F.);
#4902 = ORIENTED_EDGE('',*,*,#4903,.F.);
#4903 = EDGE_CURVE('',#2837,#4289,#4904,.T.);
#4904 = LINE('',#4905,#4906);
#4905 = CARTESIAN_POINT('',(-73.88063373667,64.201102015829,
    121.99947347478));
#4906 = VECTOR('',#4907,1.);
#4907 = DIRECTION('',(8.587582092134E-03,-0.299744700077,-0.953980800755
    ));
#4908 = PLANE('',#4909);
#4909 = AXIS2_PLACEMENT_3D('',#4910,#4911,#4912);
#4910 = CARTESIAN_POINT('',(-72.81721748981,66.83692213154,
    121.34371801415));
#4911 = DIRECTION('',(0.930754218542,-0.346352213107,0.11720379321));
#4912 = DIRECTION('',(0.348755878799,0.937213602656,-6.938893903907E-18)
  );
#4913 = ADVANCED_FACE('',(#4914),#4919,.T.);
#4914 = FACE_BOUND('',#4915,.F.);
#4915 = EDGE_LOOP('',(#4916,#4917,#4918));
#4916 = ORIENTED_EDGE('',*,*,#4903,.F.);
#4917 = ORIENTED_EDGE('',*,*,#2836,.T.);
#4918 = ORIENTED_EDGE('',*,*,#4296,.T.);
#4919 = PLANE('',#4920);
#4920 = AXIS2_PLACEMENT_3D('',#4921,#4922,#4923);
#4921 = CARTESIAN_POINT('',(-68.15356930729,62.39124032446,
    122.45683621119));
#4922 = DIRECTION('',(0.309495669167,0.907967789783,-0.282501192003));
#4923 = DIRECTION('',(0.946522542212,-0.322637687019,0.));
#4924 = ADVANCED_FACE('',(#4925),#4950,.T.);
#4925 = FACE_BOUND('',#4926,.F.);
#4926 = EDGE_LOOP('',(#4927,#4928,#4936,#4944));
#4927 = ORIENTED_EDGE('',*,*,#3174,.F.);
#4928 = ORIENTED_EDGE('',*,*,#4929,.F.);
#4929 = EDGE_CURVE('',#4930,#3167,#4932,.T.);
#4930 = VERTEX_POINT('',#4931);
#4931 = CARTESIAN_POINT('',(-102.8196728732,79.585094719387,
    142.16709961752));
#4932 = LINE('',#4933,#4934);
#4933 = CARTESIAN_POINT('',(-101.9911723262,81.657113447499,
    141.71077622709));
#4934 = VECTOR('',#4935,1.);
#4935 = DIRECTION('',(0.363744770722,0.909698828681,-0.200344161054));
#4936 = ORIENTED_EDGE('',*,*,#4937,.F.);
#4937 = EDGE_CURVE('',#4938,#4930,#4940,.T.);
#4938 = VERTEX_POINT('',#4939);
#4939 = CARTESIAN_POINT('',(-102.8196476639,80.160528013109,
    144.78002721886));
#4940 = LINE('',#4941,#4942);
#4941 = CARTESIAN_POINT('',(-102.8196146608,80.913860914041,
    148.2007613879));
#4942 = VECTOR('',#4943,1.);
#4943 = DIRECTION('',(-9.42215413373E-06,-0.215071836107,-0.976598231221
    ));
#4944 = ORIENTED_EDGE('',*,*,#4945,.F.);
#4945 = EDGE_CURVE('',#2829,#4938,#4946,.T.);
#4946 = LINE('',#4947,#4948);
#4947 = CARTESIAN_POINT('',(-103.2918243408,73.130523681641,
    118.47733306884));
#4948 = VECTOR('',#4949,1.);
#4949 = DIRECTION('',(1.734027937105E-02,0.258170818353,0.965943654289)
  );
#4950 = PLANE('',#4951);
#4951 = AXIS2_PLACEMENT_3D('',#4952,#4953,#4954);
#4952 = CARTESIAN_POINT('',(-102.6175860557,81.457503754204,
    148.26380266043));
#4953 = DIRECTION('',(-0.931498653607,0.355234387377,-7.82226843911E-02)
  );
#4954 = DIRECTION('',(-0.356326202394,-0.934361620299,0.));
#4955 = ADVANCED_FACE('',(#4956),#4990,.F.);
#4956 = FACE_BOUND('',#4957,.T.);
#4957 = EDGE_LOOP('',(#4958,#4968,#4976,#4982,#4983,#4984));
#4958 = ORIENTED_EDGE('',*,*,#4959,.F.);
#4959 = EDGE_CURVE('',#4960,#4962,#4964,.T.);
#4960 = VERTEX_POINT('',#4961);
#4961 = CARTESIAN_POINT('',(-100.3990783691,87.049346923828,140.5234375)
  );
#4962 = VERTEX_POINT('',#4963);
#4963 = CARTESIAN_POINT('',(-103.3090362548,79.771759033203,
    142.12619018554));
#4964 = LINE('',#4965,#4966);
#4965 = CARTESIAN_POINT('',(-100.3990783691,87.049346923828,140.5234375)
  );
#4966 = VECTOR('',#4967,1.);
#4967 = DIRECTION('',(-0.363744859125,-0.909698794961,0.200344153664));
#4968 = ORIENTED_EDGE('',*,*,#4969,.F.);
#4969 = EDGE_CURVE('',#4970,#4960,#4972,.T.);
#4970 = VERTEX_POINT('',#4971);
#4971 = CARTESIAN_POINT('',(-98.16348266601,86.196594238281,
    140.71032714843));
#4972 = LINE('',#4973,#4974);
#4973 = CARTESIAN_POINT('',(-98.16348266601,86.196594238281,
    140.71032714843));
#4974 = VECTOR('',#4975,1.);
#4975 = DIRECTION('',(-0.931497964533,0.355313525485,-7.787066635903E-02
    ));
#4976 = ORIENTED_EDGE('',*,*,#4977,.F.);
#4977 = EDGE_CURVE('',#3159,#4970,#4978,.T.);
#4978 = LINE('',#4979,#4980);
#4979 = CARTESIAN_POINT('',(-101.0734405517,78.919006347656,
    142.31307983398));
#4980 = VECTOR('',#4981,1.);
#4981 = DIRECTION('',(0.363744859125,0.909698794961,-0.200344153664));
#4982 = ORIENTED_EDGE('',*,*,#3166,.F.);
#4983 = ORIENTED_EDGE('',*,*,#4929,.F.);
#4984 = ORIENTED_EDGE('',*,*,#4985,.F.);
#4985 = EDGE_CURVE('',#4962,#4930,#4986,.T.);
#4986 = LINE('',#4987,#4988);
#4987 = CARTESIAN_POINT('',(-103.3090362548,79.771759033203,
    142.12619018554));
#4988 = VECTOR('',#4989,1.);
#4989 = DIRECTION('',(0.931497964533,-0.355313525485,7.787066635903E-02)
  );
#4990 = PLANE('',#4991);
#4991 = AXIS2_PLACEMENT_3D('',#4992,#4993,#4994);
#4992 = CARTESIAN_POINT('',(-100.7362594604,82.984176635742,
    141.41825866699));
#4993 = DIRECTION('',(3.461361990459E-04,0.214945225909,0.976626044118)
  );
#4994 = DIRECTION('',(0.,-0.976626102622,0.214945238785));
#4995 = ADVANCED_FACE('',(#4996),#5014,.F.);
#4996 = FACE_BOUND('',#4997,.T.);
#4997 = EDGE_LOOP('',(#4998,#4999,#5007,#5013));
#4998 = ORIENTED_EDGE('',*,*,#4977,.T.);
#4999 = ORIENTED_EDGE('',*,*,#5000,.T.);
#5000 = EDGE_CURVE('',#4970,#5001,#5003,.T.);
#5001 = VERTEX_POINT('',#5002);
#5002 = CARTESIAN_POINT('',(-99.70655822753,83.422966003418,
    146.51330566406));
#5003 = LINE('',#5004,#5005);
#5004 = CARTESIAN_POINT('',(-98.16348266601,86.196594238281,
    140.71032714843));
#5005 = VECTOR('',#5006,1.);
#5006 = DIRECTION('',(-0.233294681532,-0.419339617499,0.877341368433));
#5007 = ORIENTED_EDGE('',*,*,#5008,.T.);
#5008 = EDGE_CURVE('',#5001,#3151,#5009,.T.);
#5009 = LINE('',#5010,#5011);
#5010 = CARTESIAN_POINT('',(-99.70655822753,83.422966003418,
    146.51330566406));
#5011 = VECTOR('',#5012,1.);
#5012 = DIRECTION('',(-0.216676528987,-0.713962224559,-0.665814706723));
#5013 = ORIENTED_EDGE('',*,*,#3158,.F.);
#5014 = PLANE('',#5015);
#5015 = AXIS2_PLACEMENT_3D('',#5016,#5017,#5018);
#5016 = CARTESIAN_POINT('',(-99.63503216795,82.851579116969,
    143.05044005163));
#5017 = DIRECTION('',(-0.931498554091,0.355312506737,-7.786826236033E-02
    ));
#5018 = DIRECTION('',(-0.356394643056,-0.934335517039,0.));
#5019 = ADVANCED_FACE('',(#5020),#5038,.F.);
#5020 = FACE_BOUND('',#5021,.T.);
#5021 = EDGE_LOOP('',(#5022,#5023,#5031,#5037));
#5022 = ORIENTED_EDGE('',*,*,#5008,.F.);
#5023 = ORIENTED_EDGE('',*,*,#5024,.T.);
#5024 = EDGE_CURVE('',#5001,#5025,#5027,.T.);
#5025 = VERTEX_POINT('',#5026);
#5026 = CARTESIAN_POINT('',(-99.7809677124,83.301666259766,
    146.84992980957));
#5027 = LINE('',#5028,#5029);
#5028 = CARTESIAN_POINT('',(-99.70655822753,83.422966003418,
    146.51330566406));
#5029 = VECTOR('',#5030,1.);
#5030 = DIRECTION('',(-0.203601038587,-0.33190330283,0.92107915765));
#5031 = ORIENTED_EDGE('',*,*,#5032,.T.);
#5032 = EDGE_CURVE('',#5025,#3143,#5033,.T.);
#5033 = LINE('',#5034,#5035);
#5034 = CARTESIAN_POINT('',(-99.7809677124,83.301666259766,
    146.84992980957));
#5035 = VECTOR('',#5036,1.);
#5036 = DIRECTION('',(-0.200724545383,-0.68063899808,-0.704585134085));
#5037 = ORIENTED_EDGE('',*,*,#3150,.F.);
#5038 = PLANE('',#5039);
#5039 = AXIS2_PLACEMENT_3D('',#5040,#5041,#5042);
#5040 = CARTESIAN_POINT('',(-100.3902574989,81.202278422207,
    144.55906450437));
#5041 = DIRECTION('',(-0.931497982578,0.355313686923,-7.786971387736E-02
    ));
#5042 = DIRECTION('',(-0.356395867365,-0.934335050036,3.469446951954E-18
    ));
#5043 = ADVANCED_FACE('',(#5044),#5062,.F.);
#5044 = FACE_BOUND('',#5045,.T.);
#5045 = EDGE_LOOP('',(#5046,#5047,#5055,#5061));
#5046 = ORIENTED_EDGE('',*,*,#5032,.F.);
#5047 = ORIENTED_EDGE('',*,*,#5048,.T.);
#5048 = EDGE_CURVE('',#5025,#5049,#5051,.T.);
#5049 = VERTEX_POINT('',#5050);
#5050 = CARTESIAN_POINT('',(-99.79301452636,83.29207611084,
    146.95027160644));
#5051 = LINE('',#5052,#5053);
#5052 = CARTESIAN_POINT('',(-99.7809677124,83.301666259766,
    146.84992980957));
#5053 = VECTOR('',#5054,1.);
#5054 = DIRECTION('',(-0.118668686183,-9.446899210426E-02,0.988429740776
    ));
#5055 = ORIENTED_EDGE('',*,*,#5056,.T.);
#5056 = EDGE_CURVE('',#5049,#3135,#5057,.T.);
#5057 = LINE('',#5058,#5059);
#5058 = CARTESIAN_POINT('',(-99.79301452636,83.29207611084,
    146.95027160644));
#5059 = VECTOR('',#5060,1.);
#5060 = DIRECTION('',(-0.196949518799,-0.672646422718,-0.713272512473));
#5061 = ORIENTED_EDGE('',*,*,#3142,.F.);
#5062 = PLANE('',#5063);
#5063 = AXIS2_PLACEMENT_3D('',#5064,#5065,#5066);
#5064 = CARTESIAN_POINT('',(-100.4252234167,81.124965746058,
    144.62456246063));
#5065 = DIRECTION('',(-0.931496157642,0.35531754123,-7.787395708533E-02)
  );
#5066 = DIRECTION('',(-0.356399851894,-0.934333530154,
    -3.469446951954E-18));
#5067 = ADVANCED_FACE('',(#5068),#5086,.F.);
#5068 = FACE_BOUND('',#5069,.T.);
#5069 = EDGE_LOOP('',(#5070,#5071,#5079,#5085));
#5070 = ORIENTED_EDGE('',*,*,#5056,.F.);
#5071 = ORIENTED_EDGE('',*,*,#5072,.T.);
#5072 = EDGE_CURVE('',#5049,#5073,#5075,.T.);
#5073 = VERTEX_POINT('',#5074);
#5074 = CARTESIAN_POINT('',(-99.82433319091,83.267150878906,
    147.21118164062));
#5075 = LINE('',#5076,#5077);
#5076 = CARTESIAN_POINT('',(-99.79301452636,83.29207611084,
    146.95027160644));
#5077 = VECTOR('',#5078,1.);
#5078 = DIRECTION('',(-0.118648183695,-9.442719028749E-02,0.988436196343
    ));
#5079 = ORIENTED_EDGE('',*,*,#5080,.T.);
#5080 = EDGE_CURVE('',#5073,#3127,#5081,.T.);
#5081 = LINE('',#5082,#5083);
#5082 = CARTESIAN_POINT('',(-99.82433319091,83.267150878906,
    147.21118164062));
#5083 = VECTOR('',#5084,1.);
#5084 = DIRECTION('',(-0.187337471232,-0.652122008543,-0.734602993355));
#5085 = ORIENTED_EDGE('',*,*,#3134,.F.);
#5086 = PLANE('',#5087);
#5087 = AXIS2_PLACEMENT_3D('',#5088,#5089,#5090);
#5088 = CARTESIAN_POINT('',(-100.4287276143,81.142076543069,
    144.74455426141));
#5089 = DIRECTION('',(-0.931498004755,0.355313620867,-7.78697499895E-02)
  );
#5090 = DIRECTION('',(-0.356395802117,-0.934335074924,0.));
#5091 = ADVANCED_FACE('',(#5092),#5110,.F.);
#5092 = FACE_BOUND('',#5093,.T.);
#5093 = EDGE_LOOP('',(#5094,#5095,#5103,#5109));
#5094 = ORIENTED_EDGE('',*,*,#5080,.F.);
#5095 = ORIENTED_EDGE('',*,*,#5096,.F.);
#5096 = EDGE_CURVE('',#5097,#5073,#5099,.T.);
#5097 = VERTEX_POINT('',#5098);
#5098 = CARTESIAN_POINT('',(-99.833694458,83.32177734375,147.57243347168
    ));
#5099 = LINE('',#5100,#5101);
#5100 = CARTESIAN_POINT('',(-99.833694458,83.32177734375,147.57243347168
    ));
#5101 = VECTOR('',#5102,1.);
#5102 = DIRECTION('',(2.561372515003E-02,-0.149465584413,-0.988435114795
    ));
#5103 = ORIENTED_EDGE('',*,*,#5104,.T.);
#5104 = EDGE_CURVE('',#5097,#3119,#5105,.T.);
#5105 = LINE('',#5106,#5107);
#5106 = CARTESIAN_POINT('',(-99.833694458,83.32177734375,147.57243347168
    ));
#5107 = VECTOR('',#5108,1.);
#5108 = DIRECTION('',(-0.177866567032,-0.631666247186,-0.754560293482));
#5109 = ORIENTED_EDGE('',*,*,#3126,.F.);
#5110 = PLANE('',#5111);
#5111 = AXIS2_PLACEMENT_3D('',#5112,#5113,#5114);
#5112 = CARTESIAN_POINT('',(-100.4350382437,81.164128872432,
    144.92067026987));
#5113 = DIRECTION('',(-0.931499581564,0.355310234066,-7.786634134082E-02
    ));
#5114 = DIRECTION('',(-0.356392309827,-0.934336407027,3.469446951954E-18
    ));
#5115 = ADVANCED_FACE('',(#5116),#5134,.F.);
#5116 = FACE_BOUND('',#5117,.T.);
#5117 = EDGE_LOOP('',(#5118,#5119,#5127,#5133));
#5118 = ORIENTED_EDGE('',*,*,#5104,.F.);
#5119 = ORIENTED_EDGE('',*,*,#5120,.F.);
#5120 = EDGE_CURVE('',#5121,#5097,#5123,.T.);
#5121 = VERTEX_POINT('',#5122);
#5122 = CARTESIAN_POINT('',(-99.80841827392,83.461822509766,
    147.90905761718));
#5123 = LINE('',#5124,#5125);
#5124 = CARTESIAN_POINT('',(-99.80841827392,83.461822509766,
    147.90905761718));
#5125 = VECTOR('',#5126,1.);
#5126 = DIRECTION('',(-6.916101461142E-02,-0.383193354726,-0.921075245)
  );
#5127 = ORIENTED_EDGE('',*,*,#5128,.F.);
#5128 = EDGE_CURVE('',#3111,#5121,#5129,.T.);
#5129 = LINE('',#5130,#5131);
#5130 = CARTESIAN_POINT('',(-101.0734405517,78.919006347656,
    142.31307983398));
#5131 = VECTOR('',#5132,1.);
#5132 = DIRECTION('',(0.1728656061,0.620776948377,0.764691743509));
#5133 = ORIENTED_EDGE('',*,*,#3118,.F.);
#5134 = PLANE('',#5135);
#5135 = AXIS2_PLACEMENT_3D('',#5136,#5137,#5138);
#5136 = CARTESIAN_POINT('',(-100.4314807882,81.212011550807,
    145.09659534097));
#5137 = DIRECTION('',(-0.931491194501,0.355328446554,-7.788356460641E-02
    ));
#5138 = DIRECTION('',(-0.356411058737,-0.934329255247,0.));
#5139 = ADVANCED_FACE('',(#5140),#5150,.F.);
#5140 = FACE_BOUND('',#5141,.T.);
#5141 = EDGE_LOOP('',(#5142,#5143,#5144));
#5142 = ORIENTED_EDGE('',*,*,#3110,.F.);
#5143 = ORIENTED_EDGE('',*,*,#5128,.T.);
#5144 = ORIENTED_EDGE('',*,*,#5145,.F.);
#5145 = EDGE_CURVE('',#3103,#5121,#5146,.T.);
#5146 = LINE('',#5147,#5148);
#5147 = CARTESIAN_POINT('',(-101.0692749023,81.498321533203,
    154.03259277343));
#5148 = VECTOR('',#5149,1.);
#5149 = DIRECTION('',(0.192406897284,0.299630522773,-0.934452318581));
#5150 = PLANE('',#5151);
#5151 = AXIS2_PLACEMENT_3D('',#5152,#5153,#5154);
#5152 = CARTESIAN_POINT('',(-100.732819224,81.06170753006,148.0155003684
    ));
#5153 = DIRECTION('',(-0.931498708487,0.355312039619,-7.786854684683E-02
    ));
#5154 = DIRECTION('',(-0.356394182459,-0.93433569273,0.));
#5155 = ADVANCED_FACE('',(#5156),#5174,.F.);
#5156 = FACE_BOUND('',#5157,.T.);
#5157 = EDGE_LOOP('',(#5158,#5159,#5160,#5168));
#5158 = ORIENTED_EDGE('',*,*,#3102,.F.);
#5159 = ORIENTED_EDGE('',*,*,#5145,.T.);
#5160 = ORIENTED_EDGE('',*,*,#5161,.T.);
#5161 = EDGE_CURVE('',#5121,#5162,#5164,.T.);
#5162 = VERTEX_POINT('',#5163);
#5163 = CARTESIAN_POINT('',(-99.75021362304,83.677749633789,
    148.19812011718));
#5164 = LINE('',#5165,#5166);
#5165 = CARTESIAN_POINT('',(-99.80841827392,83.461822509766,
    147.90905761718));
#5166 = VECTOR('',#5167,1.);
#5167 = DIRECTION('',(0.159259059658,0.590817919313,0.790930299164));
#5168 = ORIENTED_EDGE('',*,*,#5169,.F.);
#5169 = EDGE_CURVE('',#3095,#5162,#5170,.T.);
#5170 = LINE('',#5171,#5172);
#5171 = CARTESIAN_POINT('',(-101.0692749023,81.498321533203,
    154.03259277343));
#5172 = VECTOR('',#5173,1.);
#5173 = DIRECTION('',(0.207191457046,0.34233351458,-0.916449379356));
#5174 = PLANE('',#5175);
#5175 = AXIS2_PLACEMENT_3D('',#5176,#5177,#5178);
#5176 = CARTESIAN_POINT('',(-100.4067563739,82.56178845526,
    150.95983344067));
#5177 = DIRECTION('',(-0.931493795663,0.355326130801,-7.786301696641E-02
    ));
#5178 = DIRECTION('',(-0.356408162156,-0.934330360177,1.387778780781E-17
    ));
#5179 = ADVANCED_FACE('',(#5180),#5198,.F.);
#5180 = FACE_BOUND('',#5181,.T.);
#5181 = EDGE_LOOP('',(#5182,#5183,#5184,#5192));
#5182 = ORIENTED_EDGE('',*,*,#3094,.F.);
#5183 = ORIENTED_EDGE('',*,*,#5169,.T.);
#5184 = ORIENTED_EDGE('',*,*,#5185,.T.);
#5185 = EDGE_CURVE('',#5162,#5186,#5188,.T.);
#5186 = VERTEX_POINT('',#5187);
#5187 = CARTESIAN_POINT('',(-99.66307067871,83.954833984375,
    148.41993713378));
#5188 = LINE('',#5189,#5190);
#5189 = CARTESIAN_POINT('',(-99.75021362304,83.677749633789,
    148.19812011718));
#5190 = VECTOR('',#5191,1.);
#5191 = DIRECTION('',(0.23843710165,0.758147317259,0.6069270087));
#5192 = ORIENTED_EDGE('',*,*,#5193,.F.);
#5193 = EDGE_CURVE('',#3087,#5186,#5194,.T.);
#5194 = LINE('',#5195,#5196);
#5195 = CARTESIAN_POINT('',(-101.0692749023,81.498321533203,
    154.03259277343));
#5196 = VECTOR('',#5197,1.);
#5197 = DIRECTION('',(0.223704221826,0.390791178877,-0.89288222944));
#5198 = PLANE('',#5199);
#5199 = AXIS2_PLACEMENT_3D('',#5200,#5201,#5202);
#5200 = CARTESIAN_POINT('',(-100.3689651502,82.689417324871,
    151.09012390385));
#5201 = DIRECTION('',(-0.931502960864,0.355299466041,-7.787504948325E-02
    ));
#5202 = DIRECTION('',(-0.356381752149,-0.934340434068,
    -1.040834085586E-17));
#5203 = ADVANCED_FACE('',(#5204),#5222,.F.);
#5204 = FACE_BOUND('',#5205,.T.);
#5205 = EDGE_LOOP('',(#5206,#5207,#5208,#5216));
#5206 = ORIENTED_EDGE('',*,*,#3086,.F.);
#5207 = ORIENTED_EDGE('',*,*,#5193,.T.);
#5208 = ORIENTED_EDGE('',*,*,#5209,.T.);
#5209 = EDGE_CURVE('',#5186,#5210,#5212,.T.);
#5210 = VERTEX_POINT('',#5211);
#5211 = CARTESIAN_POINT('',(-99.55290985107,84.274192810059,
    148.55937194824));
#5212 = LINE('',#5213,#5214);
#5213 = CARTESIAN_POINT('',(-99.66307067871,83.954833984375,
    148.41993713378));
#5214 = VECTOR('',#5215,1.);
#5215 = DIRECTION('',(0.301423240587,0.873833051301,0.381523037951));
#5216 = ORIENTED_EDGE('',*,*,#5217,.T.);
#5217 = EDGE_CURVE('',#5210,#3079,#5218,.T.);
#5218 = LINE('',#5219,#5220);
#5219 = CARTESIAN_POINT('',(-99.55290985107,84.274192810059,
    148.55937194824));
#5220 = VECTOR('',#5221,1.);
#5221 = DIRECTION('',(-0.239875422551,-0.439118070497,0.86581470409));
#5222 = PLANE('',#5223);
#5223 = AXIS2_PLACEMENT_3D('',#5224,#5225,#5226);
#5224 = CARTESIAN_POINT('',(-100.3179738863,82.843486980287,
    151.18314212845));
#5225 = DIRECTION('',(-0.931498547962,0.355312530827,-7.786822575245E-02
    ));
#5226 = DIRECTION('',(-0.356394666197,-0.934335508212,
    -3.469446951954E-18));
#5227 = ADVANCED_FACE('',(#5228),#5246,.F.);
#5228 = FACE_BOUND('',#5229,.T.);
#5229 = EDGE_LOOP('',(#5230,#5231,#5239,#5245));
#5230 = ORIENTED_EDGE('',*,*,#5217,.F.);
#5231 = ORIENTED_EDGE('',*,*,#5232,.T.);
#5232 = EDGE_CURVE('',#5210,#5233,#5235,.T.);
#5233 = VERTEX_POINT('',#5234);
#5234 = CARTESIAN_POINT('',(-99.51799774169,84.368598937988,
    148.57258605957));
#5235 = LINE('',#5236,#5237);
#5236 = CARTESIAN_POINT('',(-99.55290985107,84.274192810059,
    148.55937194824));
#5237 = VECTOR('',#5238,1.);
#5238 = DIRECTION('',(0.343899333531,0.929941073668,0.130164695296));
#5239 = ORIENTED_EDGE('',*,*,#5240,.T.);
#5240 = EDGE_CURVE('',#5233,#3071,#5241,.T.);
#5241 = LINE('',#5242,#5243);
#5242 = CARTESIAN_POINT('',(-99.51799774169,84.368598937988,
    148.57258605957));
#5243 = VECTOR('',#5244,1.);
#5244 = DIRECTION('',(-0.243890320997,-0.451262285916,0.858417066835));
#5245 = ORIENTED_EDGE('',*,*,#3078,.F.);
#5246 = PLANE('',#5247);
#5247 = AXIS2_PLACEMENT_3D('',#5248,#5249,#5250);
#5248 = CARTESIAN_POINT('',(-100.2962473698,82.921140353426,
    151.27758987743));
#5249 = DIRECTION('',(-0.931481500886,0.355363968851,-7.783741484075E-02
    ));
#5250 = DIRECTION('',(-0.356445400654,-0.934316154389,
    -3.469446951954E-18));
#5251 = ADVANCED_FACE('',(#5252),#5270,.F.);
#5252 = FACE_BOUND('',#5253,.T.);
#5253 = EDGE_LOOP('',(#5254,#5255,#5263,#5269));
#5254 = ORIENTED_EDGE('',*,*,#5240,.F.);
#5255 = ORIENTED_EDGE('',*,*,#5256,.T.);
#5256 = EDGE_CURVE('',#5233,#5257,#5259,.T.);
#5257 = VERTEX_POINT('',#5258);
#5258 = CARTESIAN_POINT('',(-98.1593170166,88.775909423828,
    152.42984008789));
#5259 = LINE('',#5260,#5261);
#5260 = CARTESIAN_POINT('',(-99.51799774169,84.368598937988,
    148.57258605957));
#5261 = VECTOR('',#5262,1.);
#5262 = DIRECTION('',(0.225980219304,0.733038286134,0.641551098156));
#5263 = ORIENTED_EDGE('',*,*,#5264,.T.);
#5264 = EDGE_CURVE('',#5257,#3063,#5265,.T.);
#5265 = LINE('',#5266,#5267);
#5266 = CARTESIAN_POINT('',(-98.1593170166,88.775909423828,
    152.42984008789));
#5267 = VECTOR('',#5268,1.);
#5268 = DIRECTION('',(-0.363744859125,-0.909698794961,0.200344153664));
#5269 = ORIENTED_EDGE('',*,*,#3070,.F.);
#5270 = PLANE('',#5271);
#5271 = AXIS2_PLACEMENT_3D('',#5272,#5273,#5274);
#5272 = CARTESIAN_POINT('',(-99.59748640415,84.872654151389,
    151.82341884941));
#5273 = DIRECTION('',(-0.931498554514,0.355312245191,-7.786945072739E-02
    ));
#5274 = DIRECTION('',(-0.356394413894,-0.934335604451,3.469446951954E-18
    ));
#5275 = ADVANCED_FACE('',(#5276),#5311,.F.);
#5276 = FACE_BOUND('',#5277,.T.);
#5277 = EDGE_LOOP('',(#5278,#5288,#5296,#5302,#5303,#5304,#5305));
#5278 = ORIENTED_EDGE('',*,*,#5279,.F.);
#5279 = EDGE_CURVE('',#5280,#5282,#5284,.T.);
#5280 = VERTEX_POINT('',#5281);
#5281 = CARTESIAN_POINT('',(-103.3048706054,82.35107421875,153.845703125
    ));
#5282 = VERTEX_POINT('',#5283);
#5283 = CARTESIAN_POINT('',(-100.3949127197,89.628662109375,
    152.24295043945));
#5284 = LINE('',#5285,#5286);
#5285 = CARTESIAN_POINT('',(-103.3048706054,82.35107421875,153.845703125
    ));
#5286 = VECTOR('',#5287,1.);
#5287 = DIRECTION('',(0.363744859125,0.909698794961,-0.200344153664));
#5288 = ORIENTED_EDGE('',*,*,#5289,.T.);
#5289 = EDGE_CURVE('',#5280,#5290,#5292,.T.);
#5290 = VERTEX_POINT('',#5291);
#5291 = CARTESIAN_POINT('',(-102.8195596426,82.165955672349,
    153.88627378592));
#5292 = LINE('',#5293,#5294);
#5293 = CARTESIAN_POINT('',(-103.3048706054,82.35107421875,153.845703125
    ));
#5294 = VECTOR('',#5295,1.);
#5295 = DIRECTION('',(0.931497964533,-0.355313525485,7.787066635903E-02)
  );
#5296 = ORIENTED_EDGE('',*,*,#5297,.F.);
#5297 = EDGE_CURVE('',#4051,#5290,#5298,.T.);
#5298 = LINE('',#5299,#5300);
#5299 = CARTESIAN_POINT('',(-102.1356276236,83.876421188873,
    153.50957573173));
#5300 = VECTOR('',#5301,1.);
#5301 = DIRECTION('',(-0.363744400114,-0.909698970046,0.200344192036));
#5302 = ORIENTED_EDGE('',*,*,#4058,.F.);
#5303 = ORIENTED_EDGE('',*,*,#3062,.F.);
#5304 = ORIENTED_EDGE('',*,*,#5264,.F.);
#5305 = ORIENTED_EDGE('',*,*,#5306,.T.);
#5306 = EDGE_CURVE('',#5257,#5282,#5307,.T.);
#5307 = LINE('',#5308,#5309);
#5308 = CARTESIAN_POINT('',(-98.1593170166,88.775909423828,
    152.42984008789));
#5309 = VECTOR('',#5310,1.);
#5310 = DIRECTION('',(-0.931497964533,0.355313525485,-7.787066635903E-02
    ));
#5311 = PLANE('',#5312);
#5312 = AXIS2_PLACEMENT_3D('',#5313,#5314,#5315);
#5313 = CARTESIAN_POINT('',(-100.732093811,85.563491821289,
    153.13777160644));
#5314 = DIRECTION('',(-3.461361990459E-04,-0.214945225909,
    -0.976626044118));
#5315 = DIRECTION('',(0.,0.976626102622,-0.214945238785));
#5316 = ADVANCED_FACE('',(#5317),#5334,.T.);
#5317 = FACE_BOUND('',#5318,.F.);
#5318 = EDGE_LOOP('',(#5319,#5320,#5328));
#5319 = ORIENTED_EDGE('',*,*,#3203,.T.);
#5320 = ORIENTED_EDGE('',*,*,#5321,.F.);
#5321 = EDGE_CURVE('',#5322,#3196,#5324,.T.);
#5322 = VERTEX_POINT('',#5323);
#5323 = CARTESIAN_POINT('',(-63.51357269287,77.688133239746,
    133.01957702636));
#5324 = LINE('',#5325,#5326);
#5325 = CARTESIAN_POINT('',(-63.51357269287,77.688133239746,
    133.01957702636));
#5326 = VECTOR('',#5327,1.);
#5327 = DIRECTION('',(0.624261678416,-7.843212816676E-02,0.77726813786)
  );
#5328 = ORIENTED_EDGE('',*,*,#5329,.T.);
#5329 = EDGE_CURVE('',#5322,#2604,#5330,.T.);
#5330 = LINE('',#5331,#5332);
#5331 = CARTESIAN_POINT('',(-63.51357269287,77.688133239746,
    133.01957702636));
#5332 = VECTOR('',#5333,1.);
#5333 = DIRECTION('',(-0.424050433061,-2.978065597347E-02,
    -0.905148795917));
#5334 = PLANE('',#5335);
#5335 = AXIS2_PLACEMENT_3D('',#5336,#5337,#5338);
#5336 = CARTESIAN_POINT('',(-63.45486064091,77.656398534801,
    132.98207028222));
#5337 = DIRECTION('',(0.363731072901,0.909706568079,-0.200333887799));
#5338 = DIRECTION('',(0.928530022778,-0.371257318851,-1.387778780781E-17
    ));
#5339 = ADVANCED_FACE('',(#5340),#5358,.T.);
#5340 = FACE_BOUND('',#5341,.F.);
#5341 = EDGE_LOOP('',(#5342,#5343,#5344,#5352));
#5342 = ORIENTED_EDGE('',*,*,#3217,.T.);
#5343 = ORIENTED_EDGE('',*,*,#3248,.T.);
#5344 = ORIENTED_EDGE('',*,*,#5345,.F.);
#5345 = EDGE_CURVE('',#5346,#2581,#5348,.T.);
#5346 = VERTEX_POINT('',#5347);
#5347 = CARTESIAN_POINT('',(-64.47966003418,73.987915039062,
    134.42965698242));
#5348 = LINE('',#5349,#5350);
#5349 = CARTESIAN_POINT('',(-64.47966003418,73.987915039062,
    134.42965698242));
#5350 = VECTOR('',#5351,1.);
#5351 = DIRECTION('',(0.781921641166,-0.1813037272,0.596428961051));
#5352 = ORIENTED_EDGE('',*,*,#5353,.F.);
#5353 = EDGE_CURVE('',#3196,#5346,#5354,.T.);
#5354 = LINE('',#5355,#5356);
#5355 = CARTESIAN_POINT('',(-63.0246810913,77.626708984375,
    133.62829589843));
#5356 = VECTOR('',#5357,1.);
#5357 = DIRECTION('',(-0.363745137116,-0.909699490194,0.200340492075));
#5358 = PLANE('',#5359);
#5359 = AXIS2_PLACEMENT_3D('',#5360,#5361,#5362);
#5360 = CARTESIAN_POINT('',(-63.44598388671,75.736316680908,
    134.26252746582));
#5361 = DIRECTION('',(-0.506248643883,0.373598700572,0.777262067451));
#5362 = DIRECTION('',(0.83793670138,-2.775557561563E-17,0.545767427098)
  );
#5363 = ADVANCED_FACE('',(#5364),#5374,.T.);
#5364 = FACE_BOUND('',#5365,.F.);
#5365 = EDGE_LOOP('',(#5366,#5367,#5368));
#5366 = ORIENTED_EDGE('',*,*,#3903,.T.);
#5367 = ORIENTED_EDGE('',*,*,#3316,.F.);
#5368 = ORIENTED_EDGE('',*,*,#5369,.T.);
#5369 = EDGE_CURVE('',#3309,#3904,#5370,.T.);
#5370 = LINE('',#5371,#5372);
#5371 = CARTESIAN_POINT('',(-63.51330566406,73.357406616211,
    133.32122802734));
#5372 = VECTOR('',#5373,1.);
#5373 = DIRECTION('',(0.363744859125,0.909698794961,-0.200344153664));
#5374 = PLANE('',#5375);
#5375 = AXIS2_PLACEMENT_3D('',#5376,#5377,#5378);
#5376 = CARTESIAN_POINT('',(-62.87717353527,75.104969486749,
    132.86375467292));
#5377 = DIRECTION('',(0.691366009607,-0.407794409087,-0.596419953286));
#5378 = DIRECTION('',(0.653200178498,2.775557561563E-17,0.757185265843)
  );
#5379 = ADVANCED_FACE('',(#5380),#5397,.T.);
#5380 = FACE_BOUND('',#5381,.F.);
#5381 = EDGE_LOOP('',(#5382,#5390,#5396));
#5382 = ORIENTED_EDGE('',*,*,#5383,.T.);
#5383 = EDGE_CURVE('',#3332,#5384,#5386,.T.);
#5384 = VERTEX_POINT('',#5385);
#5385 = CARTESIAN_POINT('',(-61.77255249023,76.92993927002,
    132.73783874511));
#5386 = LINE('',#5387,#5388);
#5387 = CARTESIAN_POINT('',(-63.2275314331,73.291145324707,
    133.5391998291));
#5388 = VECTOR('',#5389,1.);
#5389 = DIRECTION('',(0.363745137116,0.909699490194,-0.200340492075));
#5390 = ORIENTED_EDGE('',*,*,#5391,.F.);
#5391 = EDGE_CURVE('',#3309,#5384,#5392,.T.);
#5392 = LINE('',#5393,#5394);
#5393 = CARTESIAN_POINT('',(-63.51330566406,73.357406616211,
    133.32122802734));
#5394 = VECTOR('',#5395,1.);
#5395 = DIRECTION('',(0.433383296887,0.889428784633,-0.145242400991));
#5396 = ORIENTED_EDGE('',*,*,#3339,.T.);
#5397 = PLANE('',#5398);
#5398 = AXIS2_PLACEMENT_3D('',#5399,#5400,#5401);
#5399 = CARTESIAN_POINT('',(-62.60646202924,75.04853484274,
    133.09901221358));
#5400 = DIRECTION('',(0.506234232188,-0.373595358908,-0.777273060104));
#5401 = DIRECTION('',(-0.837947336319,2.775557561563E-17,-0.545751098538
    ));
#5402 = ADVANCED_FACE('',(#5403),#5413,.T.);
#5403 = FACE_BOUND('',#5404,.F.);
#5404 = EDGE_LOOP('',(#5405,#5411,#5412));
#5405 = ORIENTED_EDGE('',*,*,#5406,.F.);
#5406 = EDGE_CURVE('',#5384,#3356,#5407,.T.);
#5407 = LINE('',#5408,#5409);
#5408 = CARTESIAN_POINT('',(-61.77255249023,76.92993927002,
    132.73783874511));
#5409 = VECTOR('',#5410,1.);
#5410 = DIRECTION('',(-0.281591675139,-0.930658112038,0.233627068187));
#5411 = ORIENTED_EDGE('',*,*,#5383,.F.);
#5412 = ORIENTED_EDGE('',*,*,#3363,.T.);
#5413 = PLANE('',#5414);
#5414 = AXIS2_PLACEMENT_3D('',#5415,#5416,#5417);
#5415 = CARTESIAN_POINT('',(-62.44708972807,75.005245222056,
    133.19181143297));
#5416 = DIRECTION('',(0.286644914991,-0.313950827374,-0.905135111848));
#5417 = DIRECTION('',(-4.163336342344E-17,0.944781058341,-0.327702230387
    ));
#5418 = ADVANCED_FACE('',(#5419),#5434,.T.);
#5419 = FACE_BOUND('',#5420,.F.);
#5420 = EDGE_LOOP('',(#5421,#5427,#5433));
#5421 = ORIENTED_EDGE('',*,*,#5422,.T.);
#5422 = EDGE_CURVE('',#3381,#3716,#5423,.T.);
#5423 = LINE('',#5424,#5425);
#5424 = CARTESIAN_POINT('',(-62.5636138916,73.066146850586,
    133.72296142578));
#5425 = VECTOR('',#5426,1.);
#5426 = DIRECTION('',(0.363745137116,0.909699490194,-0.200340492075));
#5427 = ORIENTED_EDGE('',*,*,#5428,.T.);
#5428 = EDGE_CURVE('',#3716,#3356,#5429,.T.);
#5429 = LINE('',#5430,#5431);
#5430 = CARTESIAN_POINT('',(-61.10863494873,76.704940795898,
    132.92160034179));
#5431 = VECTOR('',#5432,1.);
#5432 = DIRECTION('',(-0.446882615955,-0.874641692767,0.187877185498));
#5433 = ORIENTED_EDGE('',*,*,#3388,.F.);
#5434 = PLANE('',#5435);
#5435 = AXIS2_PLACEMENT_3D('',#5436,#5437,#5438);
#5436 = CARTESIAN_POINT('',(-61.95671809935,74.839061800306,
    133.32753798993));
#5437 = DIRECTION('',(4.741630750086E-02,-0.232877015565,-0.971349571166
    ));
#5438 = DIRECTION('',(1.734723475977E-18,0.972443361534,-0.233139247252)
  );
#5439 = ADVANCED_FACE('',(#5440),#5450,.T.);
#5440 = FACE_BOUND('',#5441,.F.);
#5441 = EDGE_LOOP('',(#5442,#5448,#5449));
#5442 = ORIENTED_EDGE('',*,*,#5443,.T.);
#5443 = EDGE_CURVE('',#3405,#3716,#5444,.T.);
#5444 = LINE('',#5445,#5446);
#5445 = CARTESIAN_POINT('',(-62.23071670532,72.922744750977,
    133.67623901367));
#5446 = VECTOR('',#5447,1.);
#5447 = DIRECTION('',(0.279356949098,0.941627240434,-0.187877180792));
#5448 = ORIENTED_EDGE('',*,*,#5422,.F.);
#5449 = ORIENTED_EDGE('',*,*,#3412,.F.);
#5450 = PLANE('',#5451);
#5451 = AXIS2_PLACEMENT_3D('',#5452,#5453,#5454);
#5452 = CARTESIAN_POINT('',(-61.78082528637,74.768731351995,
    133.32753785153));
#5453 = DIRECTION('',(-0.194907302608,-0.135983404003,-0.971349400178));
#5454 = DIRECTION('',(-0.980456749952,0.,0.196734749022));
#5455 = ADVANCED_FACE('',(#5456),#5471,.T.);
#5456 = FACE_BOUND('',#5457,.F.);
#5457 = EDGE_LOOP('',(#5458,#5459,#5465));
#5458 = ORIENTED_EDGE('',*,*,#3436,.F.);
#5459 = ORIENTED_EDGE('',*,*,#5460,.T.);
#5460 = EDGE_CURVE('',#3429,#3692,#5461,.T.);
#5461 = LINE('',#5462,#5463);
#5462 = CARTESIAN_POINT('',(-61.92759704589,72.771362304688,
    133.5391998291));
#5463 = VECTOR('',#5464,1.);
#5464 = DIRECTION('',(0.286771265297,0.943613595461,-0.165395356227));
#5465 = ORIENTED_EDGE('',*,*,#5466,.T.);
#5466 = EDGE_CURVE('',#3692,#3405,#5467,.T.);
#5467 = LINE('',#5468,#5469);
#5468 = CARTESIAN_POINT('',(-60.77573394775,76.561538696289,
    132.87486267089));
#5469 = VECTOR('',#5470,1.);
#5470 = DIRECTION('',(-0.363745686618,-0.909698479391,0.200344084166));
#5471 = PLANE('',#5472);
#5472 = AXIS2_PLACEMENT_3D('',#5473,#5474,#5475);
#5473 = CARTESIAN_POINT('',(-61.45571108178,74.623240319459,
    133.25720016884));
#5474 = DIRECTION('',(-0.424076809176,-2.97710555597E-02,-0.905136754402
    ));
#5475 = DIRECTION('',(-0.905538139718,1.734723475977E-18,0.424264867172)
  );
#5476 = ADVANCED_FACE('',(#5477),#5492,.T.);
#5477 = FACE_BOUND('',#5478,.F.);
#5478 = EDGE_LOOP('',(#5479,#5480,#5486));
#5479 = ORIENTED_EDGE('',*,*,#3460,.F.);
#5480 = ORIENTED_EDGE('',*,*,#5481,.T.);
#5481 = EDGE_CURVE('',#3453,#3668,#5482,.T.);
#5482 = LINE('',#5483,#5484);
#5483 = CARTESIAN_POINT('',(-61.67492294311,72.622329711914,
    133.32122802734));
#5484 = VECTOR('',#5485,1.);
#5485 = DIRECTION('',(0.299329945045,0.943030312846,-0.145242600683));
#5486 = ORIENTED_EDGE('',*,*,#5487,.T.);
#5487 = EDGE_CURVE('',#3668,#3429,#5488,.T.);
#5488 = LINE('',#5489,#5490);
#5489 = CARTESIAN_POINT('',(-60.47261810302,76.41015625,132.73783874511)
  );
#5490 = VECTOR('',#5491,1.);
#5491 = DIRECTION('',(-0.363745137116,-0.909699490194,0.200340492075));
#5492 = PLANE('',#5493);
#5493 = AXIS2_PLACEMENT_3D('',#5494,#5495,#5496);
#5494 = CARTESIAN_POINT('',(-61.16577848531,74.472475289256,
    133.0990121213));
#5495 = DIRECTION('',(-0.62425794351,7.843464882267E-02,-0.777270883173)
  );
#5496 = DIRECTION('',(-0.779672854515,2.081668171172E-17,0.626187064648)
  );
#5497 = ADVANCED_FACE('',(#5498),#5515,.T.);
#5498 = FACE_BOUND('',#5499,.F.);
#5499 = EDGE_LOOP('',(#5500,#5508,#5514));
#5500 = ORIENTED_EDGE('',*,*,#5501,.T.);
#5501 = EDGE_CURVE('',#1349,#5502,#5504,.T.);
#5502 = VERTEX_POINT('',#5503);
#5503 = CARTESIAN_POINT('',(-61.48990631103,72.485786437988,
    133.03715515136));
#5504 = LINE('',#5505,#5506);
#5505 = CARTESIAN_POINT('',(-60.03484344482,71.585418701172,
    131.59063720703));
#5506 = VECTOR('',#5507,1.);
#5507 = DIRECTION('',(-0.649407959254,0.401842413906,0.645594281917));
#5508 = ORIENTED_EDGE('',*,*,#5509,.T.);
#5509 = EDGE_CURVE('',#5502,#3453,#5510,.T.);
#5510 = LINE('',#5511,#5512);
#5511 = CARTESIAN_POINT('',(-61.48990631103,72.485786437988,
    133.03715515136));
#5512 = VECTOR('',#5513,1.);
#5513 = DIRECTION('',(-0.506234863476,0.373604063901,0.777268464842));
#5514 = ORIENTED_EDGE('',*,*,#3481,.F.);
#5515 = PLANE('',#5516);
#5516 = AXIS2_PLACEMENT_3D('',#5517,#5518,#5519);
#5517 = CARTESIAN_POINT('',(-60.8661433404,72.106095070417,
    132.44557682671));
#5518 = DIRECTION('',(-0.363708449494,-0.909705789688,0.200378491797));
#5519 = DIRECTION('',(-0.928537873329,0.371237683692,0.));
#5520 = ADVANCED_FACE('',(#5521),#5538,.T.);
#5521 = FACE_BOUND('',#5522,.F.);
#5522 = EDGE_LOOP('',(#5523,#5531,#5537));
#5523 = ORIENTED_EDGE('',*,*,#5524,.T.);
#5524 = EDGE_CURVE('',#3596,#5525,#5527,.T.);
#5525 = VERTEX_POINT('',#5526);
#5526 = CARTESIAN_POINT('',(-61.36781311035,72.285934448242,
    132.35134887695));
#5527 = LINE('',#5528,#5529);
#5528 = CARTESIAN_POINT('',(-59.93017578125,76.009841918945,
    131.9049835205));
#5529 = VECTOR('',#5530,1.);
#5530 = DIRECTION('',(-0.357918907271,-0.927116224454,0.111128583954));
#5531 = ORIENTED_EDGE('',*,*,#5532,.T.);
#5532 = EDGE_CURVE('',#5525,#2438,#5533,.T.);
#5533 = LINE('',#5534,#5535);
#5534 = CARTESIAN_POINT('',(-61.36781311035,72.285934448242,
    132.35134887695));
#5535 = VECTOR('',#5536,1.);
#5536 = DIRECTION('',(0.363744859125,0.909698794961,-0.200344153664));
#5537 = ORIENTED_EDGE('',*,*,#3603,.F.);
#5538 = PLANE('',#5539);
#5539 = AXIS2_PLACEMENT_3D('',#5540,#5541,#5542);
#5540 = CARTESIAN_POINT('',(-60.61313625991,74.206910321944,
    132.02598863569));
#5541 = DIRECTION('',(-0.930289608824,0.343816594635,-0.127872565344));
#5542 = DIRECTION('',(-0.346662483392,-0.937989937371,
    -1.387778780781E-17));
#5543 = ADVANCED_FACE('',(#5544),#5561,.T.);
#5544 = FACE_BOUND('',#5545,.F.);
#5545 = EDGE_LOOP('',(#5546,#5554,#5560));
#5546 = ORIENTED_EDGE('',*,*,#5547,.T.);
#5547 = EDGE_CURVE('',#3620,#5548,#5550,.T.);
#5548 = VERTEX_POINT('',#5549);
#5549 = CARTESIAN_POINT('',(-61.38515472412,72.371055603027,
    132.70635986328));
#5550 = LINE('',#5551,#5552);
#5551 = CARTESIAN_POINT('',(-60.03492736816,76.124580383301,
    132.23579406738));
#5552 = VECTOR('',#5553,1.);
#5553 = DIRECTION('',(-0.336157404541,-0.93449087848,0.117153734086));
#5554 = ORIENTED_EDGE('',*,*,#5555,.T.);
#5555 = EDGE_CURVE('',#5548,#3596,#5556,.T.);
#5556 = LINE('',#5557,#5558);
#5557 = CARTESIAN_POINT('',(-61.38515472412,72.371055603027,
    132.70635986328));
#5558 = VECTOR('',#5559,1.);
#5559 = DIRECTION('',(0.363745490265,0.909698466041,-0.200344501284));
#5560 = ORIENTED_EDGE('',*,*,#3619,.F.);
#5561 = PLANE('',#5562);
#5562 = AXIS2_PLACEMENT_3D('',#5563,#5564,#5565);
#5563 = CARTESIAN_POINT('',(-60.65332707011,74.299770224136,
    132.37467391364));
#5564 = DIRECTION('',(-0.886307699016,0.271821328376,-0.374929097438));
#5565 = DIRECTION('',(0.389598357559,0.,-0.920984864038));
#5566 = ADVANCED_FACE('',(#5567),#5582,.T.);
#5567 = FACE_BOUND('',#5568,.F.);
#5568 = EDGE_LOOP('',(#5569,#5575,#5581));
#5569 = ORIENTED_EDGE('',*,*,#5570,.F.);
#5570 = EDGE_CURVE('',#5502,#3644,#5571,.T.);
#5571 = LINE('',#5572,#5573);
#5572 = CARTESIAN_POINT('',(-61.48990631103,72.485786437988,
    133.03715515136));
#5573 = VECTOR('',#5574,1.);
#5574 = DIRECTION('',(0.316173511239,0.93991893663,-0.128789375939));
#5575 = ORIENTED_EDGE('',*,*,#5576,.F.);
#5576 = EDGE_CURVE('',#3620,#5502,#5577,.T.);
#5577 = LINE('',#5578,#5579);
#5578 = CARTESIAN_POINT('',(-60.03492736816,76.124580383301,
    132.23579406738));
#5579 = VECTOR('',#5580,1.);
#5580 = DIRECTION('',(-0.363745137116,-0.909699490194,0.200340492075));
#5581 = ORIENTED_EDGE('',*,*,#3643,.F.);
#5582 = PLANE('',#5583);
#5583 = AXIS2_PLACEMENT_3D('',#5584,#5585,#5586);
#5584 = CARTESIAN_POINT('',(-60.77906082577,74.420201906689,
    132.69325663758));
#5585 = DIRECTION('',(-0.78191614189,0.181298979491,-0.596437613743));
#5586 = DIRECTION('',(0.606488323171,1.387778780781E-17,-0.795092393284)
  );
#5587 = ADVANCED_FACE('',(#5588),#5598,.T.);
#5588 = FACE_BOUND('',#5589,.F.);
#5589 = EDGE_LOOP('',(#5590,#5591,#5597));
#5590 = ORIENTED_EDGE('',*,*,#5481,.F.);
#5591 = ORIENTED_EDGE('',*,*,#5592,.F.);
#5592 = EDGE_CURVE('',#3644,#3453,#5593,.T.);
#5593 = LINE('',#5594,#5595);
#5594 = CARTESIAN_POINT('',(-60.21994400024,76.261123657227,
    132.51985168457));
#5595 = VECTOR('',#5596,1.);
#5596 = DIRECTION('',(-0.363744859125,-0.909698794961,0.200344153664));
#5597 = ORIENTED_EDGE('',*,*,#3667,.F.);
#5598 = PLANE('',#5599);
#5599 = AXIS2_PLACEMENT_3D('',#5600,#5601,#5602);
#5600 = CARTESIAN_POINT('',(-60.98176185833,74.560012557396,
    132.9600503037));
#5601 = DIRECTION('',(-0.624281457506,7.84451849403E-02,-0.777250934238)
  );
#5602 = DIRECTION('',(-0.779653492268,0.,0.626211172046));
#5603 = ADVANCED_FACE('',(#5604),#5609,.T.);
#5604 = FACE_BOUND('',#5605,.F.);
#5605 = EDGE_LOOP('',(#5606,#5607,#5608));
#5606 = ORIENTED_EDGE('',*,*,#5460,.F.);
#5607 = ORIENTED_EDGE('',*,*,#5487,.F.);
#5608 = ORIENTED_EDGE('',*,*,#3691,.F.);
#5609 = PLANE('',#5610);
#5610 = AXIS2_PLACEMENT_3D('',#5611,#5612,#5613);
#5611 = CARTESIAN_POINT('',(-61.24762159126,74.709658861841,
    133.15686668586));
#5612 = DIRECTION('',(-0.424048029345,-2.978210163311E-02,
    -0.905149874458));
#5613 = DIRECTION('',(-0.905551563705,1.734723475977E-18,0.424236214239)
  );
#5614 = ADVANCED_FACE('',(#5615),#5620,.T.);
#5615 = FACE_BOUND('',#5616,.F.);
#5616 = EDGE_LOOP('',(#5617,#5618,#5619));
#5617 = ORIENTED_EDGE('',*,*,#3715,.F.);
#5618 = ORIENTED_EDGE('',*,*,#5443,.F.);
#5619 = ORIENTED_EDGE('',*,*,#5466,.F.);
#5620 = PLANE('',#5621);
#5621 = AXIS2_PLACEMENT_3D('',#5622,#5623,#5624);
#5622 = CARTESIAN_POINT('',(-61.55852494603,74.858955281432,
    133.27029729244));
#5623 = DIRECTION('',(-0.194943669757,-0.135971491398,-0.97134376981));
#5624 = DIRECTION('',(-0.980449448698,0.,0.196771132405));
#5625 = ADVANCED_FACE('',(#5626),#5636,.T.);
#5626 = FACE_BOUND('',#5627,.F.);
#5627 = EDGE_LOOP('',(#5628,#5629,#5630));
#5628 = ORIENTED_EDGE('',*,*,#5428,.F.);
#5629 = ORIENTED_EDGE('',*,*,#3739,.F.);
#5630 = ORIENTED_EDGE('',*,*,#5631,.F.);
#5631 = EDGE_CURVE('',#3356,#3740,#5632,.T.);
#5632 = LINE('',#5633,#5634);
#5633 = CARTESIAN_POINT('',(-62.90361022949,73.191802978516,
    133.67623901367));
#5634 = VECTOR('',#5635,1.);
#5635 = DIRECTION('',(0.363744859125,0.909698794961,-0.200344153664));
#5636 = PLANE('',#5637);
#5637 = AXIS2_PLACEMENT_3D('',#5638,#5639,#5640);
#5638 = CARTESIAN_POINT('',(-62.05552694202,75.057682355194,
    133.2702973074));
#5639 = DIRECTION('',(4.745268710877E-02,-0.232894329774,-0.971343643437
    ));
#5640 = DIRECTION('',(0.,0.972439109,-0.233156984211));
#5641 = ADVANCED_FACE('',(#5642),#5657,.T.);
#5642 = FACE_BOUND('',#5643,.F.);
#5643 = EDGE_LOOP('',(#5644,#5645,#5651));
#5644 = ORIENTED_EDGE('',*,*,#3763,.F.);
#5645 = ORIENTED_EDGE('',*,*,#5646,.F.);
#5646 = EDGE_CURVE('',#5384,#2604,#5647,.T.);
#5647 = LINE('',#5648,#5649);
#5648 = CARTESIAN_POINT('',(-61.77255249023,76.92993927002,
    132.73783874511));
#5649 = VECTOR('',#5650,1.);
#5650 = DIRECTION('',(-0.925250200451,0.327978804384,-0.190635700857));
#5651 = ORIENTED_EDGE('',*,*,#5652,.T.);
#5652 = EDGE_CURVE('',#5384,#3740,#5653,.T.);
#5653 = LINE('',#5654,#5655);
#5654 = CARTESIAN_POINT('',(-61.77255249023,76.92993927002,
    132.73783874511));
#5655 = VECTOR('',#5656,1.);
#5656 = DIRECTION('',(0.886310477269,-0.271819693443,0.374923715094));
#5657 = PLANE('',#5658);
#5658 = AXIS2_PLACEMENT_3D('',#5659,#5660,#5661);
#5659 = CARTESIAN_POINT('',(-62.64408948212,77.243286846332,
    132.57828749766));
#5660 = DIRECTION('',(0.363746055634,0.909695346819,-0.200357637702));
#5661 = DIRECTION('',(0.928523172162,-0.371274452068,5.551115123126E-17)
  );
#5662 = ADVANCED_FACE('',(#5663),#5681,.T.);
#5663 = FACE_BOUND('',#5664,.F.);
#5664 = EDGE_LOOP('',(#5665,#5673,#5679,#5680));
#5665 = ORIENTED_EDGE('',*,*,#5666,.F.);
#5666 = EDGE_CURVE('',#5667,#5525,#5669,.T.);
#5667 = VERTEX_POINT('',#5668);
#5668 = CARTESIAN_POINT('',(-61.43906021118,72.23624420166,
    131.99635314941));
#5669 = LINE('',#5670,#5671);
#5670 = CARTESIAN_POINT('',(-61.43906021118,72.23624420166,
    131.99635314941));
#5671 = VECTOR('',#5672,1.);
#5672 = DIRECTION('',(0.19494730083,0.135963138652,0.971344210271));
#5673 = ORIENTED_EDGE('',*,*,#5674,.F.);
#5674 = EDGE_CURVE('',#3798,#5667,#5675,.T.);
#5675 = LINE('',#5676,#5677);
#5676 = CARTESIAN_POINT('',(-59.98408126831,75.875038146973,
    131.19497680664));
#5677 = VECTOR('',#5678,1.);
#5678 = DIRECTION('',(-0.363744859125,-0.909698794961,0.200344153664));
#5679 = ORIENTED_EDGE('',*,*,#3797,.T.);
#5680 = ORIENTED_EDGE('',*,*,#5532,.F.);
#5681 = PLANE('',#5682);
#5682 = AXIS2_PLACEMENT_3D('',#5683,#5684,#5685);
#5683 = CARTESIAN_POINT('',(-60.67594718933,74.080486297607,
    131.77316284179));
#5684 = DIRECTION('',(-0.910870077538,0.392378014929,0.127887431933));
#5685 = DIRECTION('',(-0.395626627987,-0.918411438968,
    -1.387778780781E-17));
#5686 = ADVANCED_FACE('',(#5687),#5697,.T.);
#5687 = FACE_BOUND('',#5688,.F.);
#5688 = EDGE_LOOP('',(#5689,#5690,#5696));
#5689 = ORIENTED_EDGE('',*,*,#3805,.F.);
#5690 = ORIENTED_EDGE('',*,*,#5691,.T.);
#5691 = EDGE_CURVE('',#3798,#3820,#5692,.T.);
#5692 = LINE('',#5693,#5694);
#5693 = CARTESIAN_POINT('',(-59.98408126831,75.875038146973,
    131.19497680664));
#5694 = VECTOR('',#5695,1.);
#5695 = DIRECTION('',(-0.424048688548,-2.97889324123E-02,-0.905149340853
    ));
#5696 = ORIENTED_EDGE('',*,*,#3819,.T.);
#5697 = PLANE('',#5698);
#5698 = AXIS2_PLACEMENT_3D('',#5699,#5700,#5701);
#5699 = CARTESIAN_POINT('',(-60.03660520173,75.655929488044,
    130.10470104664));
#5700 = DIRECTION('',(0.363733833217,0.909703550593,-0.200342578131));
#5701 = DIRECTION('',(0.928528627022,-0.371260809676,-1.387778780781E-17
    ));
#5702 = ADVANCED_FACE('',(#5703),#5713,.T.);
#5703 = FACE_BOUND('',#5704,.F.);
#5704 = EDGE_LOOP('',(#5705,#5711,#5712));
#5705 = ORIENTED_EDGE('',*,*,#5706,.T.);
#5706 = EDGE_CURVE('',#3820,#3843,#5707,.T.);
#5707 = LINE('',#5708,#5709);
#5708 = CARTESIAN_POINT('',(-60.13906097412,75.864151000977,
    130.86416625976));
#5709 = VECTOR('',#5710,1.);
#5710 = DIRECTION('',(-0.419037422278,-0.898788554052,0.128789649565));
#5711 = ORIENTED_EDGE('',*,*,#3851,.T.);
#5712 = ORIENTED_EDGE('',*,*,#3827,.F.);
#5713 = PLANE('',#5714);
#5714 = AXIS2_PLACEMENT_3D('',#5715,#5716,#5717);
#5715 = CARTESIAN_POINT('',(-61.00334249488,74.145257344102,
    131.03756680774));
#5716 = DIRECTION('',(-0.691371040905,0.407795784337,0.596413180668));
#5717 = DIRECTION('',(-0.653193200509,1.110223024625E-16,-0.757191285482
    ));
#5718 = ADVANCED_FACE('',(#5719),#5729,.T.);
#5719 = FACE_BOUND('',#5720,.F.);
#5720 = EDGE_LOOP('',(#5721,#5727,#5728));
#5721 = ORIENTED_EDGE('',*,*,#5722,.F.);
#5722 = EDGE_CURVE('',#2604,#3904,#5723,.T.);
#5723 = LINE('',#5724,#5725);
#5724 = CARTESIAN_POINT('',(-63.84567260742,77.664810180664,
    132.31069946289));
#5725 = VECTOR('',#5726,1.);
#5726 = DIRECTION('',(0.931037019869,-0.348281948142,0.108948392514));
#5727 = ORIENTED_EDGE('',*,*,#3926,.T.);
#5728 = ORIENTED_EDGE('',*,*,#3911,.F.);
#5729 = PLANE('',#5730);
#5730 = AXIS2_PLACEMENT_3D('',#5731,#5732,#5733);
#5731 = CARTESIAN_POINT('',(-62.93874913846,77.318136813209,
    132.38316890871));
#5732 = DIRECTION('',(0.363743406397,0.909702566571,-0.200329664993));
#5733 = DIRECTION('',(0.928525120132,-0.371269580337,0.));
#5734 = ADVANCED_FACE('',(#5735),#5745,.T.);
#5735 = FACE_BOUND('',#5736,.F.);
#5736 = EDGE_LOOP('',(#5737,#5738,#5739));
#5737 = ORIENTED_EDGE('',*,*,#3943,.T.);
#5738 = ORIENTED_EDGE('',*,*,#3974,.F.);
#5739 = ORIENTED_EDGE('',*,*,#5740,.T.);
#5740 = EDGE_CURVE('',#3967,#3944,#5741,.T.);
#5741 = LINE('',#5742,#5743);
#5742 = CARTESIAN_POINT('',(-65.30065155029,74.026016235352,
    133.11206054687));
#5743 = VECTOR('',#5744,1.);
#5744 = DIRECTION('',(0.424050433061,2.978065597347E-02,0.905148795917)
  );
#5745 = PLANE('',#5746);
#5746 = AXIS2_PLACEMENT_3D('',#5747,#5748,#5749);
#5747 = CARTESIAN_POINT('',(-65.2334620628,73.994875820886,
    133.09265149805));
#5748 = DIRECTION('',(-0.363746862576,-0.909698682763,0.200341025618));
#5749 = DIRECTION('',(-0.928523357581,0.371273988353,0.));
#5750 = ADVANCED_FACE('',(#5751),#5761,.T.);
#5751 = FACE_BOUND('',#5752,.F.);
#5752 = EDGE_LOOP('',(#5753,#5754,#5760));
#5753 = ORIENTED_EDGE('',*,*,#3951,.F.);
#5754 = ORIENTED_EDGE('',*,*,#5755,.F.);
#5755 = EDGE_CURVE('',#5346,#3944,#5756,.T.);
#5756 = LINE('',#5757,#5758);
#5757 = CARTESIAN_POINT('',(-64.47966003418,73.987915039062,
    134.42965698242));
#5758 = VECTOR('',#5759,1.);
#5759 = DIRECTION('',(-0.624261678416,7.843212816676E-02,-0.77726813786)
  );
#5760 = ORIENTED_EDGE('',*,*,#5345,.T.);
#5761 = PLANE('',#5762);
#5762 = AXIS2_PLACEMENT_3D('',#5763,#5764,#5765);
#5763 = CARTESIAN_POINT('',(-64.43341954247,73.9577456861,
    134.37662782625));
#5764 = DIRECTION('',(-0.363754918914,-0.909692502847,0.200354458972));
#5765 = DIRECTION('',(-0.928519653243,0.371283252438,8.326672684689E-17)
  );
#5766 = ADVANCED_FACE('',(#5767),#5778,.T.);
#5767 = FACE_BOUND('',#5768,.F.);
#5768 = EDGE_LOOP('',(#5769,#5775,#5776,#5777));
#5769 = ORIENTED_EDGE('',*,*,#5770,.F.);
#5770 = EDGE_CURVE('',#3944,#5322,#5771,.T.);
#5771 = LINE('',#5772,#5773);
#5772 = CARTESIAN_POINT('',(-64.96855163574,74.049339294434,
    133.82093811035));
#5773 = VECTOR('',#5774,1.);
#5774 = DIRECTION('',(0.363745137116,0.909699490194,-0.200340492075));
#5775 = ORIENTED_EDGE('',*,*,#5740,.F.);
#5776 = ORIENTED_EDGE('',*,*,#3966,.F.);
#5777 = ORIENTED_EDGE('',*,*,#5329,.F.);
#5778 = PLANE('',#5779);
#5779 = AXIS2_PLACEMENT_3D('',#5780,#5781,#5782);
#5780 = CARTESIAN_POINT('',(-64.40711212158,75.857074737549,
    133.06581878662));
#5781 = DIRECTION('',(-0.829379669468,0.414197945305,0.374925893982));
#5782 = DIRECTION('',(-0.446789070178,-0.894639327757,2.775557561563E-17
    ));
#5783 = ADVANCED_FACE('',(#5784),#5801,.T.);
#5784 = FACE_BOUND('',#5785,.F.);
#5785 = EDGE_LOOP('',(#5786,#5794,#5795));
#5786 = ORIENTED_EDGE('',*,*,#5787,.F.);
#5787 = EDGE_CURVE('',#1349,#5788,#5790,.T.);
#5788 = VERTEX_POINT('',#5789);
#5789 = CARTESIAN_POINT('',(-61.59403991699,72.225357055664,
    131.66554260253));
#5790 = LINE('',#5791,#5792);
#5791 = CARTESIAN_POINT('',(-60.03484344482,71.585418701172,
    131.59063720703));
#5792 = VECTOR('',#5793,1.);
#5793 = DIRECTION('',(-0.924200473461,0.379318027436,4.43995373443E-02)
  );
#5794 = ORIENTED_EDGE('',*,*,#3988,.T.);
#5795 = ORIENTED_EDGE('',*,*,#5796,.F.);
#5796 = EDGE_CURVE('',#5788,#3843,#5797,.T.);
#5797 = LINE('',#5798,#5799);
#5798 = CARTESIAN_POINT('',(-61.59403991699,72.225357055664,
    131.66554260253));
#5799 = VECTOR('',#5800,1.);
#5800 = DIRECTION('',(-0.624255390303,7.844943006818E-02,-0.777271442033
    ));
#5801 = PLANE('',#5802);
#5802 = AXIS2_PLACEMENT_3D('',#5803,#5804,#5805);
#5803 = CARTESIAN_POINT('',(-60.95179529821,71.943074095486,
    131.5498238237));
#5804 = DIRECTION('',(-0.363744632771,-0.909703985462,0.200320994817));
#5805 = DIRECTION('',(-0.928524888242,0.371270160282,4.163336342344E-17)
  );
#5806 = ADVANCED_FACE('',(#5807),#5826,.T.);
#5807 = FACE_BOUND('',#5808,.F.);
#5808 = EDGE_LOOP('',(#5809,#5810,#5811,#5819,#5825));
#5809 = ORIENTED_EDGE('',*,*,#4081,.F.);
#5810 = ORIENTED_EDGE('',*,*,#100,.F.);
#5811 = ORIENTED_EDGE('',*,*,#5812,.T.);
#5812 = EDGE_CURVE('',#93,#5813,#5815,.T.);
#5813 = VERTEX_POINT('',#5814);
#5814 = CARTESIAN_POINT('',(-101.7422200686,89.977550476232,
    177.23998014601));
#5815 = LINE('',#5816,#5817);
#5816 = CARTESIAN_POINT('',(-102.2093124389,90.335151672363,
    177.90040588378));
#5817 = VECTOR('',#5818,1.);
#5818 = DIRECTION('',(0.528128264935,-0.404329659939,-0.746724890352));
#5819 = ORIENTED_EDGE('',*,*,#5820,.F.);
#5820 = EDGE_CURVE('',#4035,#5813,#5821,.T.);
#5821 = LINE('',#5822,#5823);
#5822 = CARTESIAN_POINT('',(-94.39496969466,87.219956928922,
    176.37274715738));
#5823 = VECTOR('',#5824,1.);
#5824 = DIRECTION('',(0.930564871851,-0.349262588772,-0.109839261472));
#5825 = ORIENTED_EDGE('',*,*,#4032,.F.);
#5826 = PLANE('',#5827);
#5827 = AXIS2_PLACEMENT_3D('',#5828,#5829,#5830);
#5828 = CARTESIAN_POINT('',(-90.35822100877,81.169974399546,
    160.83822911982));
#5829 = DIRECTION('',(-0.309380098262,-0.910542336652,0.274219999205));
#5830 = DIRECTION('',(-0.946837470633,0.321712300363,-5.551115123126E-17
    ));
#5831 = ADVANCED_FACE('',(#5832),#5850,.T.);
#5832 = FACE_BOUND('',#5833,.F.);
#5833 = EDGE_LOOP('',(#5834,#5835,#5836,#5842,#5843,#5844));
#5834 = ORIENTED_EDGE('',*,*,#4302,.T.);
#5835 = ORIENTED_EDGE('',*,*,#4945,.T.);
#5836 = ORIENTED_EDGE('',*,*,#5837,.F.);
#5837 = EDGE_CURVE('',#5290,#4938,#5838,.T.);
#5838 = LINE('',#5839,#5840);
#5839 = CARTESIAN_POINT('',(-102.8196180894,80.834335281593,
    147.83965148265));
#5840 = VECTOR('',#5841,1.);
#5841 = DIRECTION('',(-9.4398320423E-06,-0.215071829366,-0.976598232706)
  );
#5842 = ORIENTED_EDGE('',*,*,#5297,.F.);
#5843 = ORIENTED_EDGE('',*,*,#4050,.T.);
#5844 = ORIENTED_EDGE('',*,*,#5845,.F.);
#5845 = EDGE_CURVE('',#4169,#4043,#5846,.T.);
#5846 = LINE('',#5847,#5848);
#5847 = CARTESIAN_POINT('',(-103.8374404907,71.765975952148,
    118.77784729003));
#5848 = VECTOR('',#5849,1.);
#5849 = DIRECTION('',(2.623298882018E-02,0.280095513746,0.959613637605)
  );
#5850 = PLANE('',#5851);
#5851 = AXIS2_PLACEMENT_3D('',#5852,#5853,#5854);
#5852 = CARTESIAN_POINT('',(-102.9067364545,80.575325444367,
    147.70083664318));
#5853 = DIRECTION('',(-0.931498798327,0.355234029524,-7.822258614873E-02
    ));
#5854 = DIRECTION('',(-0.356325840687,-0.934361758239,3.469446951954E-18
    ));
#5855 = ADVANCED_FACE('',(#5856),#5890,.T.);
#5856 = FACE_BOUND('',#5857,.F.);
#5857 = EDGE_LOOP('',(#5858,#5866,#5867,#5868,#5876,#5884));
#5858 = ORIENTED_EDGE('',*,*,#5859,.F.);
#5859 = EDGE_CURVE('',#4043,#5860,#5862,.T.);
#5860 = VERTEX_POINT('',#5861);
#5861 = CARTESIAN_POINT('',(-101.4953079223,88.629417419434,
    177.39971923828));
#5862 = LINE('',#5863,#5864);
#5863 = CARTESIAN_POINT('',(-102.2324981689,88.902305603027,
    177.4873046875));
#5864 = VECTOR('',#5865,1.);
#5865 = DIRECTION('',(0.932041299559,-0.345016850739,-0.110735670054));
#5866 = ORIENTED_EDGE('',*,*,#4042,.F.);
#5867 = ORIENTED_EDGE('',*,*,#5820,.T.);
#5868 = ORIENTED_EDGE('',*,*,#5869,.T.);
#5869 = EDGE_CURVE('',#5813,#5870,#5872,.T.);
#5870 = VERTEX_POINT('',#5871);
#5871 = CARTESIAN_POINT('',(-101.6343224362,90.247397175656,
    177.18055350051));
#5872 = LINE('',#5873,#5874);
#5873 = CARTESIAN_POINT('',(-100.7660397406,92.418929714357,
    176.70233051448));
#5874 = VECTOR('',#5875,1.);
#5875 = DIRECTION('',(0.363742134866,0.909701282273,-0.200337805604));
#5876 = ORIENTED_EDGE('',*,*,#5877,.F.);
#5877 = EDGE_CURVE('',#5878,#5870,#5880,.T.);
#5878 = VERTEX_POINT('',#5879);
#5879 = CARTESIAN_POINT('',(-100.9496917724,89.993965148926,
    177.09921264648));
#5880 = LINE('',#5881,#5882);
#5881 = CARTESIAN_POINT('',(-100.9496917724,89.993965148926,
    177.09921264648));
#5882 = VECTOR('',#5883,1.);
#5883 = DIRECTION('',(-0.932041299559,0.345016850739,0.110735670054));
#5884 = ORIENTED_EDGE('',*,*,#5885,.F.);
#5885 = EDGE_CURVE('',#5860,#5878,#5886,.T.);
#5886 = LINE('',#5887,#5888);
#5887 = CARTESIAN_POINT('',(-101.4953079223,88.629417419434,
    177.39971923828));
#5888 = VECTOR('',#5889,1.);
#5889 = DIRECTION('',(0.363744770777,0.909700164057,-0.200338097341));
#5890 = PLANE('',#5891);
#5891 = AXIS2_PLACEMENT_3D('',#5892,#5893,#5894);
#5892 = CARTESIAN_POINT('',(-101.5910949707,89.448135375977,
    177.29325866699));
#5893 = DIRECTION('',(0.17004699076,0.146608286403,0.974469102276));
#5894 = DIRECTION('',(0.985113622277,-3.469446951954E-18,-0.171904482793
    ));
#5895 = ADVANCED_FACE('',(#5896),#5929,.T.);
#5896 = FACE_BOUND('',#5897,.F.);
#5897 = EDGE_LOOP('',(#5898,#5908,#5914,#5915,#5923));
#5898 = ORIENTED_EDGE('',*,*,#5899,.F.);
#5899 = EDGE_CURVE('',#5900,#5902,#5904,.T.);
#5900 = VERTEX_POINT('',#5901);
#5901 = CARTESIAN_POINT('',(-77.09423162239,71.463549841989,
    142.48412118651));
#5902 = VERTEX_POINT('',#5903);
#5903 = CARTESIAN_POINT('',(-77.0130033299,71.426497775252,
    142.45269054765));
#5904 = LINE('',#5905,#5906);
#5905 = CARTESIAN_POINT('',(-75.78269824829,70.865297427487,
    141.97663382494));
#5906 = VECTOR('',#5907,1.);
#5907 = DIRECTION('',(0.858189071852,-0.391460632626,-0.332069405482));
#5908 = ORIENTED_EDGE('',*,*,#5909,.T.);
#5909 = EDGE_CURVE('',#5900,#677,#5910,.T.);
#5910 = LINE('',#5911,#5912);
#5911 = CARTESIAN_POINT('',(-77.20329284668,71.190795898438,
    142.54418945312));
#5912 = VECTOR('',#5913,1.);
#5913 = DIRECTION('',(0.363745089128,0.909699191036,-0.200341937603));
#5914 = ORIENTED_EDGE('',*,*,#4098,.F.);
#5915 = ORIENTED_EDGE('',*,*,#5916,.F.);
#5916 = EDGE_CURVE('',#5917,#2758,#5919,.T.);
#5917 = VERTEX_POINT('',#5918);
#5918 = CARTESIAN_POINT('',(-76.0703897236,70.996384661613,
    142.0879616357));
#5919 = LINE('',#5920,#5921);
#5920 = CARTESIAN_POINT('',(-77.20329284668,71.190795898438,
    142.54418945312));
#5921 = VECTOR('',#5922,1.);
#5922 = DIRECTION('',(0.91607482449,-0.157202532172,-0.368909582166));
#5923 = ORIENTED_EDGE('',*,*,#5924,.F.);
#5924 = EDGE_CURVE('',#5902,#5917,#5925,.T.);
#5925 = LINE('',#5926,#5927);
#5926 = CARTESIAN_POINT('',(-61.31292323808,64.262575795403,
    136.37780144032));
#5927 = VECTOR('',#5928,1.);
#5928 = DIRECTION('',(0.858147543722,-0.39157138145,-0.332046151061));
#5929 = PLANE('',#5930);
#5930 = AXIS2_PLACEMENT_3D('',#5931,#5932,#5933);
#5931 = CARTESIAN_POINT('',(-54.40501657181,70.681301014303,
    133.1746397997));
#5932 = DIRECTION('',(0.380606274204,5.11556864484E-02,0.923321157442));
#5933 = DIRECTION('',(0.924531655312,0.,-0.381105258854));
#5934 = ADVANCED_FACE('',(#5935),#5950,.T.);
#5935 = FACE_BOUND('',#5936,.F.);
#5936 = EDGE_LOOP('',(#5937,#5938,#5944));
#5937 = ORIENTED_EDGE('',*,*,#4113,.F.);
#5938 = ORIENTED_EDGE('',*,*,#5939,.F.);
#5939 = EDGE_CURVE('',#116,#2158,#5940,.T.);
#5940 = LINE('',#5941,#5942);
#5941 = CARTESIAN_POINT('',(-37.0899772644,78.480400085449,
    165.52334594726));
#5942 = VECTOR('',#5943,1.);
#5943 = DIRECTION('',(0.201535257256,-0.344601791861,-0.916860482914));
#5944 = ORIENTED_EDGE('',*,*,#5945,.T.);
#5945 = EDGE_CURVE('',#116,#4114,#5946,.T.);
#5946 = LINE('',#5947,#5948);
#5947 = CARTESIAN_POINT('',(-37.0899772644,78.480400085449,
    165.52334594726));
#5948 = VECTOR('',#5949,1.);
#5949 = DIRECTION('',(-0.827594718386,0.115776323427,-0.549256611279));
#5950 = PLANE('',#5951);
#5951 = AXIS2_PLACEMENT_3D('',#5952,#5953,#5954);
#5952 = CARTESIAN_POINT('',(-32.80899620152,70.501060352255,
    143.85816406181));
#5953 = DIRECTION('',(0.309376288587,0.910542670314,-0.274223189386));
#5954 = DIRECTION('',(0.946838713257,-0.321708643151,-2.775557561563E-17
    ));
#5955 = ADVANCED_FACE('',(#5956),#5981,.T.);
#5956 = FACE_BOUND('',#5957,.F.);
#5957 = EDGE_LOOP('',(#5958,#5968,#5974,#5975));
#5958 = ORIENTED_EDGE('',*,*,#5959,.F.);
#5959 = EDGE_CURVE('',#5960,#5962,#5964,.T.);
#5960 = VERTEX_POINT('',#5961);
#5961 = CARTESIAN_POINT('',(-32.58196640014,49.32897567749,
    124.65208435058));
#5962 = VERTEX_POINT('',#5963);
#5963 = CARTESIAN_POINT('',(-33.93313598632,50.155773162842,
    125.873046875));
#5964 = LINE('',#5965,#5966);
#5965 = CARTESIAN_POINT('',(-32.58196640014,49.32897567749,
    124.65208435058));
#5966 = VECTOR('',#5967,1.);
#5967 = DIRECTION('',(-0.67558455508,0.413398597034,0.610481047132));
#5968 = ORIENTED_EDGE('',*,*,#5969,.F.);
#5969 = EDGE_CURVE('',#2781,#5960,#5970,.T.);
#5970 = LINE('',#5971,#5972);
#5971 = CARTESIAN_POINT('',(-32.09091186523,50.557067871094,
    124.38162231445));
#5972 = VECTOR('',#5973,1.);
#5973 = DIRECTION('',(-0.363744628314,-0.909699242627,0.200342540007));
#5974 = ORIENTED_EDGE('',*,*,#4135,.T.);
#5975 = ORIENTED_EDGE('',*,*,#5976,.F.);
#5976 = EDGE_CURVE('',#5962,#4136,#5977,.T.);
#5977 = LINE('',#5978,#5979);
#5978 = CARTESIAN_POINT('',(-33.93313598632,50.155773162842,
    125.873046875));
#5979 = VECTOR('',#5980,1.);
#5980 = DIRECTION('',(0.363744628314,0.909699242627,-0.200342540007));
#5981 = PLANE('',#5982);
#5982 = AXIS2_PLACEMENT_3D('',#5983,#5984,#5985);
#5983 = CARTESIAN_POINT('',(-33.01202392578,50.356420516968,
    125.12733459472));
#5984 = DIRECTION('',(-0.638196010428,8.671366655904E-02,-0.76497489652)
  );
#5985 = DIRECTION('',(-0.767867240553,0.,0.640609007809));
#5986 = ADVANCED_FACE('',(#5987),#5997,.T.);
#5987 = FACE_BOUND('',#5988,.F.);
#5988 = EDGE_LOOP('',(#5989,#5990,#5991));
#5989 = ORIENTED_EDGE('',*,*,#4152,.F.);
#5990 = ORIENTED_EDGE('',*,*,#4256,.F.);
#5991 = ORIENTED_EDGE('',*,*,#5992,.T.);
#5992 = EDGE_CURVE('',#4249,#4136,#5993,.T.);
#5993 = LINE('',#5994,#5995);
#5994 = CARTESIAN_POINT('',(-77.20329284668,71.190795898438,
    142.54418945312));
#5995 = VECTOR('',#5996,1.);
#5996 = DIRECTION('',(0.858146957138,-0.391573202024,-0.332045520088));
#5997 = PLANE('',#5998);
#5998 = AXIS2_PLACEMENT_3D('',#5999,#6000,#6001);
#5999 = CARTESIAN_POINT('',(-56.16402354491,61.446541663939,
    133.9252012023));
#6000 = DIRECTION('',(-0.309374344103,-0.91054257191,0.274225709863));
#6001 = DIRECTION('',(-0.946839318577,0.321706861593,-2.775557561563E-17
    ));
#6002 = ADVANCED_FACE('',(#6003),#6020,.T.);
#6003 = FACE_BOUND('',#6004,.F.);
#6004 = EDGE_LOOP('',(#6005,#6013,#6019));
#6005 = ORIENTED_EDGE('',*,*,#6006,.F.);
#6006 = EDGE_CURVE('',#6007,#4169,#6009,.T.);
#6007 = VERTEX_POINT('',#6008);
#6008 = CARTESIAN_POINT('',(-34.94529342651,50.775863647461,
    126.79011535644));
#6009 = LINE('',#6010,#6011);
#6010 = CARTESIAN_POINT('',(-34.94529342651,50.775863647461,
    126.79011535644));
#6011 = VECTOR('',#6012,1.);
#6012 = DIRECTION('',(-0.950719641958,0.289665991051,-0.11057023118));
#6013 = ORIENTED_EDGE('',*,*,#6014,.T.);
#6014 = EDGE_CURVE('',#6007,#4167,#6015,.T.);
#6015 = LINE('',#6016,#6017);
#6016 = CARTESIAN_POINT('',(-34.94529342651,50.775863647461,
    126.79011535644));
#6017 = VECTOR('',#6018,1.);
#6018 = DIRECTION('',(0.913558247877,-0.366354809776,-0.176622425217));
#6019 = ORIENTED_EDGE('',*,*,#4166,.T.);
#6020 = PLANE('',#6021);
#6021 = AXIS2_PLACEMENT_3D('',#6022,#6023,#6024);
#6022 = CARTESIAN_POINT('',(-68.69918545719,61.026692594968,
    122.75735043238));
#6023 = DIRECTION('',(-0.309495669167,-0.907967789783,0.282501192004));
#6024 = DIRECTION('',(-0.946522542212,0.322637687019,-1.387778780781E-17
    ));
#6025 = ADVANCED_FACE('',(#6026),#6037,.F.);
#6026 = FACE_BOUND('',#6027,.T.);
#6027 = EDGE_LOOP('',(#6028,#6034,#6035,#6036));
#6028 = ORIENTED_EDGE('',*,*,#6029,.F.);
#6029 = EDGE_CURVE('',#4334,#4889,#6030,.T.);
#6030 = LINE('',#6031,#6032);
#6031 = CARTESIAN_POINT('',(-62.8913116455,59.34997177124,
    122.77970123291));
#6032 = VECTOR('',#6033,1.);
#6033 = DIRECTION('',(-0.930754092026,0.346352483568,-0.117203998667));
#6034 = ORIENTED_EDGE('',*,*,#4333,.T.);
#6035 = ORIENTED_EDGE('',*,*,#4280,.F.);
#6036 = ORIENTED_EDGE('',*,*,#4896,.F.);
#6037 = PLANE('',#6038);
#6038 = AXIS2_PLACEMENT_3D('',#6039,#6040,#6041);
#6039 = CARTESIAN_POINT('',(-68.52051544189,61.703008651733,
    123.24370574951));
#6040 = DIRECTION('',(0.3637452824,0.909699186335,-0.200341608044));
#6041 = DIRECTION('',(0.928523984447,-0.371272420611,0.));
#6042 = ADVANCED_FACE('',(#6043),#6068,.T.);
#6043 = FACE_BOUND('',#6044,.F.);
#6044 = EDGE_LOOP('',(#6045,#6046,#6047,#6055,#6061,#6062));
#6045 = ORIENTED_EDGE('',*,*,#5992,.F.);
#6046 = ORIENTED_EDGE('',*,*,#4248,.F.);
#6047 = ORIENTED_EDGE('',*,*,#6048,.F.);
#6048 = EDGE_CURVE('',#6049,#4241,#6051,.T.);
#6049 = VERTEX_POINT('',#6050);
#6050 = CARTESIAN_POINT('',(-35.44377431957,52.458527666295,
    126.36817096139));
#6051 = LINE('',#6052,#6053);
#6052 = CARTESIAN_POINT('',(-57.23468022627,62.507864108606,
    134.79391520721));
#6053 = VECTOR('',#6054,1.);
#6054 = DIRECTION('',(0.856804189857,-0.395133346265,-0.331294761374));
#6055 = ORIENTED_EDGE('',*,*,#6056,.F.);
#6056 = EDGE_CURVE('',#5917,#6049,#6057,.T.);
#6057 = LINE('',#6058,#6059);
#6058 = CARTESIAN_POINT('',(-58.96628855381,63.191811763629,
    135.46981519679));
#6059 = VECTOR('',#6060,1.);
#6060 = DIRECTION('',(0.858147653233,-0.391571345983,-0.332045909863));
#6061 = ORIENTED_EDGE('',*,*,#5916,.T.);
#6062 = ORIENTED_EDGE('',*,*,#6063,.F.);
#6063 = EDGE_CURVE('',#4136,#2758,#6064,.T.);
#6064 = LINE('',#6065,#6066);
#6065 = CARTESIAN_POINT('',(-33.4966430664,51.247413635254,
    125.63263702392));
#6066 = VECTOR('',#6067,1.);
#6067 = DIRECTION('',(0.363745230167,0.909698873075,-0.200343125305));
#6068 = PLANE('',#6069);
#6069 = AXIS2_PLACEMENT_3D('',#6070,#6071,#6072);
#6070 = CARTESIAN_POINT('',(-51.63898045035,63.401055666409,
    132.43779862469));
#6071 = DIRECTION('',(0.380606412882,5.115676955051E-02,0.923321040268)
  );
#6072 = DIRECTION('',(0.924531589345,0.,-0.381105418885));
#6073 = ADVANCED_FACE('',(#6074),#6100,.T.);
#6074 = FACE_BOUND('',#6075,.F.);
#6075 = EDGE_LOOP('',(#6076,#6086,#6092,#6093,#6094));
#6076 = ORIENTED_EDGE('',*,*,#6077,.T.);
#6077 = EDGE_CURVE('',#6078,#6080,#6082,.T.);
#6078 = VERTEX_POINT('',#6079);
#6079 = CARTESIAN_POINT('',(-33.56943076149,51.807466209176,
    126.32908575118));
#6080 = VERTEX_POINT('',#6081);
#6081 = CARTESIAN_POINT('',(-34.39967727661,52.140411376953,
    126.48960113525));
#6082 = LINE('',#6083,#6084);
#6083 = CARTESIAN_POINT('',(-33.04237747192,51.59610748291,
    126.22718811035));
#6084 = VECTOR('',#6085,1.);
#6085 = DIRECTION('',(-0.913558247877,0.366354809776,0.176622425217));
#6086 = ORIENTED_EDGE('',*,*,#6087,.T.);
#6087 = EDGE_CURVE('',#6080,#6049,#6088,.T.);
#6088 = LINE('',#6089,#6090);
#6089 = CARTESIAN_POINT('',(-34.39967727661,52.140411376953,
    126.48960113525));
#6090 = VECTOR('',#6091,1.);
#6091 = DIRECTION('',(-0.950719641958,0.289665991051,-0.11057023118));
#6092 = ORIENTED_EDGE('',*,*,#6048,.T.);
#6093 = ORIENTED_EDGE('',*,*,#4240,.T.);
#6094 = ORIENTED_EDGE('',*,*,#6095,.T.);
#6095 = EDGE_CURVE('',#4233,#6078,#6096,.T.);
#6096 = LINE('',#6097,#6098);
#6097 = CARTESIAN_POINT('',(-36.5125563485,56.682027653742,
    138.77172407445));
#6098 = VECTOR('',#6099,1.);
#6099 = DIRECTION('',(-0.21508319502,0.356232249975,0.909306220862));
#6100 = PLANE('',#6101);
#6101 = AXIS2_PLACEMENT_3D('',#6102,#6103,#6104);
#6102 = CARTESIAN_POINT('',(-68.15356930729,62.39124032446,
    122.45683621119));
#6103 = DIRECTION('',(0.309495669167,0.907967789783,-0.282501192003));
#6104 = DIRECTION('',(0.946522542212,-0.322637687019,0.));
#6105 = ADVANCED_FACE('',(#6106),#6122,.T.);
#6106 = FACE_BOUND('',#6107,.F.);
#6107 = EDGE_LOOP('',(#6108,#6109,#6115,#6116));
#6108 = ORIENTED_EDGE('',*,*,#5976,.T.);
#6109 = ORIENTED_EDGE('',*,*,#6110,.T.);
#6110 = EDGE_CURVE('',#4136,#4201,#6111,.T.);
#6111 = LINE('',#6112,#6113);
#6112 = CARTESIAN_POINT('',(-33.4966430664,51.247413635254,
    125.63263702392));
#6113 = VECTOR('',#6114,1.);
#6114 = DIRECTION('',(-0.218287539677,0.348670675675,0.911470959464));
#6115 = ORIENTED_EDGE('',*,*,#4200,.T.);
#6116 = ORIENTED_EDGE('',*,*,#6117,.F.);
#6117 = EDGE_CURVE('',#5962,#4193,#6118,.T.);
#6118 = LINE('',#6119,#6120);
#6119 = CARTESIAN_POINT('',(-33.93313598632,50.155773162842,
    125.873046875));
#6120 = VECTOR('',#6121,1.);
#6121 = DIRECTION('',(-0.218287499823,0.34867069609,0.911470961199));
#6122 = PLANE('',#6123);
#6123 = AXIS2_PLACEMENT_3D('',#6124,#6125,#6126);
#6124 = CARTESIAN_POINT('',(-38.68823797641,58.261294248112,
    146.17947991964));
#6125 = DIRECTION('',(-0.900389737117,0.288249534763,-0.325899565823));
#6126 = DIRECTION('',(0.340345415432,1.387778780781E-17,-0.940300482928)
  );
#6127 = ADVANCED_FACE('',(#6128),#6138,.T.);
#6128 = FACE_BOUND('',#6129,.F.);
#6129 = EDGE_LOOP('',(#6130,#6131,#6137));
#6130 = ORIENTED_EDGE('',*,*,#4192,.T.);
#6131 = ORIENTED_EDGE('',*,*,#6132,.T.);
#6132 = EDGE_CURVE('',#4185,#5962,#6133,.T.);
#6133 = LINE('',#6134,#6135);
#6134 = CARTESIAN_POINT('',(-42.18240737915,65.744613647461,
    168.32814025878));
#6135 = VECTOR('',#6136,1.);
#6136 = DIRECTION('',(0.179438130052,-0.339088417999,-0.923483081741));
#6137 = ORIENTED_EDGE('',*,*,#6117,.T.);
#6138 = PLANE('',#6139);
#6139 = AXIS2_PLACEMENT_3D('',#6140,#6141,#6142);
#6140 = CARTESIAN_POINT('',(-38.5661497409,58.175949871599,
    147.2766572045));
#6141 = DIRECTION('',(-0.30937633548,-0.91054263058,0.274223268417));
#6142 = DIRECTION('',(-0.946838694127,0.321708699452,1.387778780781E-17)
  );
#6143 = ADVANCED_FACE('',(#6144),#6169,.T.);
#6144 = FACE_BOUND('',#6145,.F.);
#6145 = EDGE_LOOP('',(#6146,#6152,#6153,#6154,#6155,#6163));
#6146 = ORIENTED_EDGE('',*,*,#6147,.T.);
#6147 = EDGE_CURVE('',#32,#5960,#6148,.T.);
#6148 = LINE('',#6149,#6150);
#6149 = CARTESIAN_POINT('',(-42.18240737915,65.744613647461,
    168.32814025878));
#6150 = VECTOR('',#6151,1.);
#6151 = DIRECTION('',(0.201535248436,-0.344601845244,-0.916860464788));
#6152 = ORIENTED_EDGE('',*,*,#5959,.T.);
#6153 = ORIENTED_EDGE('',*,*,#6132,.F.);
#6154 = ORIENTED_EDGE('',*,*,#4184,.T.);
#6155 = ORIENTED_EDGE('',*,*,#6156,.T.);
#6156 = EDGE_CURVE('',#4177,#6157,#6159,.T.);
#6157 = VERTEX_POINT('',#6158);
#6158 = CARTESIAN_POINT('',(-34.07871328404,50.430873976507,
    126.62226428765));
#6159 = LINE('',#6160,#6161);
#6160 = CARTESIAN_POINT('',(-38.42569552906,52.161422166424,
    127.46424788517));
#6161 = VECTOR('',#6162,1.);
#6162 = DIRECTION('',(-0.914394829281,0.364023643873,0.177112627685));
#6163 = ORIENTED_EDGE('',*,*,#6164,.F.);
#6164 = EDGE_CURVE('',#32,#6157,#6165,.T.);
#6165 = LINE('',#6166,#6167);
#6166 = CARTESIAN_POINT('',(-42.18240737915,65.744613647461,
    168.32814025878));
#6167 = VECTOR('',#6168,1.);
#6168 = DIRECTION('',(0.179438130052,-0.339088417999,-0.923483081741));
#6169 = PLANE('',#6170);
#6170 = AXIS2_PLACEMENT_3D('',#6171,#6172,#6173);
#6171 = CARTESIAN_POINT('',(-37.62075402824,57.572525982679,
    146.33960834859));
#6172 = DIRECTION('',(-0.309374788109,-0.910543022448,0.274223712968));
#6173 = DIRECTION('',(-0.946839226427,0.321707132807,1.387778780781E-17)
  );
#6174 = ADVANCED_FACE('',(#6175),#6233,.T.);
#6175 = FACE_BOUND('',#6176,.F.);
#6176 = EDGE_LOOP('',(#6177,#6178,#6184,#6185,#6193,#6201,#6209,#6217,
    #6225,#6231,#6232));
#6177 = ORIENTED_EDGE('',*,*,#6014,.F.);
#6178 = ORIENTED_EDGE('',*,*,#6179,.T.);
#6179 = EDGE_CURVE('',#6007,#6080,#6180,.T.);
#6180 = LINE('',#6181,#6182);
#6181 = CARTESIAN_POINT('',(-34.94529342651,50.775863647461,
    126.79011535644));
#6182 = VECTOR('',#6183,1.);
#6183 = DIRECTION('',(0.363744400126,0.909699237086,-0.200342979467));
#6184 = ORIENTED_EDGE('',*,*,#6077,.F.);
#6185 = ORIENTED_EDGE('',*,*,#6186,.T.);
#6186 = EDGE_CURVE('',#6078,#6187,#6189,.T.);
#6187 = VERTEX_POINT('',#6188);
#6188 = CARTESIAN_POINT('',(-33.59259781706,51.749527183873,
    126.34184567255));
#6189 = LINE('',#6190,#6191);
#6190 = CARTESIAN_POINT('',(-31.90690491949,55.965315554458,
    125.4134018845));
#6191 = VECTOR('',#6192,1.);
#6192 = DIRECTION('',(-0.363745233023,-0.909698869498,0.200343136359));
#6193 = ORIENTED_EDGE('',*,*,#6194,.T.);
#6194 = EDGE_CURVE('',#6187,#6195,#6197,.T.);
#6195 = VERTEX_POINT('',#6196);
#6196 = CARTESIAN_POINT('',(-33.62315751389,51.673098281029,
    126.35867748206));
#6197 = LINE('',#6198,#6199);
#6198 = CARTESIAN_POINT('',(-32.84847665756,53.610515959695,
    125.9319996969));
#6199 = VECTOR('',#6200,1.);
#6200 = DIRECTION('',(-0.363745407342,-0.909698792565,0.200343169195));
#6201 = ORIENTED_EDGE('',*,*,#6202,.F.);
#6202 = EDGE_CURVE('',#6203,#6195,#6205,.T.);
#6203 = VERTEX_POINT('',#6204);
#6204 = CARTESIAN_POINT('',(-33.63213511592,51.650645892788,
    126.36362216606));
#6205 = LINE('',#6206,#6207);
#6206 = CARTESIAN_POINT('',(-33.57329827634,51.797792932868,
    126.33121600927));
#6207 = VECTOR('',#6208,1.);
#6208 = DIRECTION('',(0.363743916357,0.909699450591,-0.20034288834));
#6209 = ORIENTED_EDGE('',*,*,#6210,.F.);
#6210 = EDGE_CURVE('',#6211,#6203,#6213,.T.);
#6211 = VERTEX_POINT('',#6212);
#6212 = CARTESIAN_POINT('',(-33.67771889104,51.536646040454,
    126.38872853453));
#6213 = LINE('',#6214,#6215);
#6214 = CARTESIAN_POINT('',(-33.70101434418,51.478383973209,
    126.40155941221));
#6215 = VECTOR('',#6216,1.);
#6216 = DIRECTION('',(0.363744759343,0.909699078551,-0.200343047132));
#6217 = ORIENTED_EDGE('',*,*,#6218,.F.);
#6218 = EDGE_CURVE('',#6219,#6211,#6221,.T.);
#6219 = VERTEX_POINT('',#6220);
#6220 = CARTESIAN_POINT('',(-34.11421221288,50.44500627976,
    126.6291402033));
#6221 = LINE('',#6222,#6223);
#6222 = CARTESIAN_POINT('',(-33.70101434418,51.478383973209,
    126.40155941221));
#6223 = VECTOR('',#6224,1.);
#6224 = DIRECTION('',(0.363744759343,0.909699078551,-0.200343047132));
#6225 = ORIENTED_EDGE('',*,*,#6226,.F.);
#6226 = EDGE_CURVE('',#6157,#6219,#6227,.T.);
#6227 = LINE('',#6228,#6229);
#6228 = CARTESIAN_POINT('',(-38.99723185319,52.388961114741,
    127.57494990162));
#6229 = VECTOR('',#6230,1.);
#6230 = DIRECTION('',(-0.914394339253,0.364025014808,0.177112339877));
#6231 = ORIENTED_EDGE('',*,*,#6156,.F.);
#6232 = ORIENTED_EDGE('',*,*,#4176,.F.);
#6233 = PLANE('',#6234);
#6234 = AXIS2_PLACEMENT_3D('',#6235,#6236,#6237);
#6235 = CARTESIAN_POINT('',(-33.99383544921,51.185985565186,
    126.50865173339));
#6236 = DIRECTION('',(0.234208630627,0.118849962714,0.964894296647));
#6237 = DIRECTION('',(0.971782069398,3.469446951954E-18,-0.235880498551)
  );
#6238 = ADVANCED_FACE('',(#6239),#6256,.F.);
#6239 = FACE_BOUND('',#6240,.T.);
#6240 = EDGE_LOOP('',(#6241,#6249,#6250));
#6241 = ORIENTED_EDGE('',*,*,#6242,.F.);
#6242 = EDGE_CURVE('',#4342,#6243,#6245,.T.);
#6243 = VERTEX_POINT('',#6244);
#6244 = CARTESIAN_POINT('',(-59.98135375976,66.627563476562,
    121.17696380615));
#6245 = LINE('',#6246,#6247);
#6246 = CARTESIAN_POINT('',(-60.07070922851,67.17741394043,
    123.51142120361));
#6247 = VECTOR('',#6248,1.);
#6248 = DIRECTION('',(3.723140887948E-02,-0.229104135753,-0.972689630444
    ));
#6249 = ORIENTED_EDGE('',*,*,#4341,.F.);
#6250 = ORIENTED_EDGE('',*,*,#6251,.T.);
#6251 = EDGE_CURVE('',#4334,#6243,#6252,.T.);
#6252 = LINE('',#6253,#6254);
#6253 = CARTESIAN_POINT('',(-62.8913116455,59.34997177124,
    122.77970123291));
#6254 = VECTOR('',#6255,1.);
#6255 = DIRECTION('',(0.363744840336,0.909699224808,-0.200342235966));
#6256 = PLANE('',#6257);
#6257 = AXIS2_PLACEMENT_3D('',#6258,#6259,#6260);
#6258 = CARTESIAN_POINT('',(-61.27573507796,63.612115989495,
    122.54504051902));
#6259 = DIRECTION('',(-0.930754237623,0.34635181062,-0.117204831076));
#6260 = DIRECTION('',(-0.348755516534,-0.937213737462,6.938893903907E-18
    ));
#6261 = ADVANCED_FACE('',(#6262),#6279,.F.);
#6262 = FACE_BOUND('',#6263,.T.);
#6263 = EDGE_LOOP('',(#6264,#6265,#6273));
#6264 = ORIENTED_EDGE('',*,*,#4366,.T.);
#6265 = ORIENTED_EDGE('',*,*,#6266,.F.);
#6266 = EDGE_CURVE('',#6267,#4342,#6269,.T.);
#6267 = VERTEX_POINT('',#6268);
#6268 = CARTESIAN_POINT('',(-65.73170471191,67.211036682129,
    123.286819458));
#6269 = LINE('',#6270,#6271);
#6270 = CARTESIAN_POINT('',(-65.73170471191,67.211036682129,
    123.286819458));
#6271 = VECTOR('',#6272,1.);
#6272 = DIRECTION('',(0.999196266891,-5.934595441213E-03,
    3.964342073834E-02));
#6273 = ORIENTED_EDGE('',*,*,#6274,.T.);
#6274 = EDGE_CURVE('',#6267,#4367,#6275,.T.);
#6275 = LINE('',#6276,#6277);
#6276 = CARTESIAN_POINT('',(-65.73170471191,67.211036682129,
    123.286819458));
#6277 = VECTOR('',#6278,1.);
#6278 = DIRECTION('',(0.521885812843,-0.825623355917,0.214432442781));
#6279 = PLANE('',#6280);
#6280 = AXIS2_PLACEMENT_3D('',#6281,#6282,#6283);
#6281 = CARTESIAN_POINT('',(-62.94266012317,67.118152262968,
    123.41545090222));
#6282 = DIRECTION('',(3.723116638074E-02,-0.229095087507,-0.972691770876
    ));
#6283 = DIRECTION('',(1.734723475977E-18,0.97336662564,-0.229254033965)
  );
#6284 = ADVANCED_FACE('',(#6285),#6310,.F.);
#6285 = FACE_BOUND('',#6286,.T.);
#6286 = EDGE_LOOP('',(#6287,#6295,#6296,#6304));
#6287 = ORIENTED_EDGE('',*,*,#6288,.T.);
#6288 = EDGE_CURVE('',#6289,#4391,#6291,.T.);
#6289 = VERTEX_POINT('',#6290);
#6290 = CARTESIAN_POINT('',(-65.34799194335,66.01921081543,
    121.11483764648));
#6291 = LINE('',#6292,#6293);
#6292 = CARTESIAN_POINT('',(-65.34799194335,66.01921081543,
    121.11483764648));
#6293 = VECTOR('',#6294,1.);
#6294 = DIRECTION('',(-3.723140887948E-02,0.229104135753,0.972689630444)
  );
#6295 = ORIENTED_EDGE('',*,*,#4390,.F.);
#6296 = ORIENTED_EDGE('',*,*,#6297,.F.);
#6297 = EDGE_CURVE('',#6298,#4367,#6300,.T.);
#6298 = VERTEX_POINT('',#6299);
#6299 = CARTESIAN_POINT('',(-65.45161437988,66.359443664551,
    121.03073120117));
#6300 = LINE('',#6301,#6302);
#6301 = CARTESIAN_POINT('',(-65.45161437988,66.359443664551,
    121.03073120117));
#6302 = VECTOR('',#6303,1.);
#6303 = DIRECTION('',(-3.723140887948E-02,0.229104135753,0.972689630444)
  );
#6304 = ORIENTED_EDGE('',*,*,#6305,.T.);
#6305 = EDGE_CURVE('',#6298,#6289,#6306,.T.);
#6306 = LINE('',#6307,#6308);
#6307 = CARTESIAN_POINT('',(-65.45161437988,66.359443664551,
    121.03073120117));
#6308 = VECTOR('',#6309,1.);
#6309 = DIRECTION('',(0.283530319561,-0.930940553735,0.230130926435));
#6310 = PLANE('',#6311);
#6311 = AXIS2_PLACEMENT_3D('',#6312,#6313,#6314);
#6312 = CARTESIAN_POINT('',(-65.44448089599,66.464252471924,
    122.24001312255));
#6313 = DIRECTION('',(0.958240170215,0.284355100379,-3.029774042517E-02)
  );
#6314 = DIRECTION('',(-0.284485702621,0.958680282996,0.));
#6315 = ADVANCED_FACE('',(#6316),#6333,.F.);
#6316 = FACE_BOUND('',#6317,.T.);
#6317 = EDGE_LOOP('',(#6318,#6326,#6332));
#6318 = ORIENTED_EDGE('',*,*,#6319,.F.);
#6319 = EDGE_CURVE('',#6320,#4391,#6322,.T.);
#6320 = VERTEX_POINT('',#6321);
#6321 = CARTESIAN_POINT('',(-65.33854675293,65.663665771484,
    121.1989364624));
#6322 = LINE('',#6323,#6324);
#6323 = CARTESIAN_POINT('',(-65.33854675293,65.663665771484,
    121.1989364624));
#6324 = VECTOR('',#6325,1.);
#6325 = DIRECTION('',(-4.069761055634E-02,0.372947246328,0.926959576223)
  );
#6326 = ORIENTED_EDGE('',*,*,#6327,.F.);
#6327 = EDGE_CURVE('',#4415,#6320,#6328,.T.);
#6328 = LINE('',#6329,#6330);
#6329 = CARTESIAN_POINT('',(-65.42790222168,66.213508605957,
    123.53339385986));
#6330 = VECTOR('',#6331,1.);
#6331 = DIRECTION('',(3.723143599502E-02,-0.229101123696,-0.972690338852
    ));
#6332 = ORIENTED_EDGE('',*,*,#4424,.T.);
#6333 = PLANE('',#6334);
#6334 = AXIS2_PLACEMENT_3D('',#6335,#6336,#6337);
#6335 = CARTESIAN_POINT('',(-65.38890889038,66.053553333399,
    122.42569615065));
#6336 = DIRECTION('',(0.998972473786,3.3704130301E-02,3.029898048356E-02
    ));
#6337 = DIRECTION('',(-3.371961163238E-02,0.999431332204,0.));
#6338 = ADVANCED_FACE('',(#6339),#6356,.F.);
#6339 = FACE_BOUND('',#6340,.T.);
#6340 = EDGE_LOOP('',(#6341,#6349,#6355));
#6341 = ORIENTED_EDGE('',*,*,#6342,.F.);
#6342 = EDGE_CURVE('',#6343,#4415,#6345,.T.);
#6343 = VERTEX_POINT('',#6344);
#6344 = CARTESIAN_POINT('',(-65.42391204834,65.317054748535,
    121.27731323242));
#6345 = LINE('',#6346,#6347);
#6346 = CARTESIAN_POINT('',(-65.42391204834,65.317054748535,
    121.27731323242));
#6347 = VECTOR('',#6348,1.);
#6348 = DIRECTION('',(-1.643627700251E-03,0.369266261529,0.929322186642)
  );
#6349 = ORIENTED_EDGE('',*,*,#6350,.T.);
#6350 = EDGE_CURVE('',#6343,#4441,#6351,.T.);
#6351 = LINE('',#6352,#6353);
#6352 = CARTESIAN_POINT('',(-65.42391204834,65.317054748535,
    121.27731323242));
#6353 = VECTOR('',#6354,1.);
#6354 = DIRECTION('',(-3.723140887948E-02,0.229104135753,0.972689630444)
  );
#6355 = ORIENTED_EDGE('',*,*,#4440,.F.);
#6356 = PLANE('',#6357);
#6357 = AXIS2_PLACEMENT_3D('',#6358,#6359,#6360);
#6358 = CARTESIAN_POINT('',(-65.44877707824,65.704538115122,
    122.50560764882));
#6359 = DIRECTION('',(0.97162455863,-0.219216725687,8.882423231096E-02)
  );
#6360 = DIRECTION('',(0.220086658697,0.975480324078,0.));
#6361 = ADVANCED_FACE('',(#6362),#6379,.F.);
#6362 = FACE_BOUND('',#6363,.T.);
#6363 = EDGE_LOOP('',(#6364,#6372,#6378));
#6364 = ORIENTED_EDGE('',*,*,#6365,.T.);
#6365 = EDGE_CURVE('',#4441,#6366,#6368,.T.);
#6366 = VERTEX_POINT('',#6367);
#6367 = CARTESIAN_POINT('',(-65.54984283447,65.090232849121,
    121.32591247558));
#6368 = LINE('',#6369,#6370);
#6369 = CARTESIAN_POINT('',(-65.51326751709,65.866905212402,
    123.61177062988));
#6370 = VECTOR('',#6371,1.);
#6371 = DIRECTION('',(-1.514833169307E-02,-0.32167295919,-0.946729652738
    ));
#6372 = ORIENTED_EDGE('',*,*,#6373,.T.);
#6373 = EDGE_CURVE('',#6366,#4464,#6374,.T.);
#6374 = LINE('',#6375,#6376);
#6375 = CARTESIAN_POINT('',(-65.54984283447,65.090232849121,
    121.32591247558));
#6376 = VECTOR('',#6377,1.);
#6377 = DIRECTION('',(-5.736289937027E-02,0.192580665706,0.979603075216)
  );
#6378 = ORIENTED_EDGE('',*,*,#4463,.F.);
#6379 = PLANE('',#6380);
#6380 = AXIS2_PLACEMENT_3D('',#6381,#6382,#6383);
#6381 = CARTESIAN_POINT('',(-65.5768285956,65.422090104925,
    122.56741893509));
#6382 = DIRECTION('',(0.878055741805,-0.457221878963,0.141302044151));
#6383 = DIRECTION('',(0.461855895818,0.886954977154,-2.775557561563E-17)
  );
#6384 = ADVANCED_FACE('',(#6385),#6402,.F.);
#6385 = FACE_BOUND('',#6386,.T.);
#6386 = EDGE_LOOP('',(#6387,#6395,#6401));
#6387 = ORIENTED_EDGE('',*,*,#6388,.F.);
#6388 = EDGE_CURVE('',#6389,#4464,#6391,.T.);
#6389 = VERTEX_POINT('',#6390);
#6390 = CARTESIAN_POINT('',(-65.59828186035,65.002990722656,
    121.34460449218));
#6391 = LINE('',#6392,#6393);
#6392 = CARTESIAN_POINT('',(-65.59828186035,65.002990722656,
    121.34460449218));
#6393 = VECTOR('',#6394,1.);
#6394 = DIRECTION('',(-3.723129375681E-02,0.229103427344,0.972689801707)
  );
#6395 = ORIENTED_EDGE('',*,*,#6396,.F.);
#6396 = EDGE_CURVE('',#4488,#6389,#6397,.T.);
#6397 = LINE('',#6398,#6399);
#6398 = CARTESIAN_POINT('',(-65.93911743164,65.29271697998,
    123.73070526123));
#6399 = VECTOR('',#6400,1.);
#6400 = DIRECTION('',(0.140396105702,-0.119343289476,-0.98287644837));
#6401 = ORIENTED_EDGE('',*,*,#4487,.T.);
#6402 = PLANE('',#6403);
#6403 = AXIS2_PLACEMENT_3D('',#6404,#6405,#6406);
#6404 = CARTESIAN_POINT('',(-65.71373333842,65.227310144487,
    122.60786899066));
#6405 = DIRECTION('',(0.724670576657,-0.664036251519,0.184142368827));
#6406 = DIRECTION('',(0.675589107758,0.737278344642,2.775557561563E-17)
  );
#6407 = ADVANCED_FACE('',(#6408),#6425,.F.);
#6408 = FACE_BOUND('',#6409,.T.);
#6409 = EDGE_LOOP('',(#6410,#6418,#6424));
#6410 = ORIENTED_EDGE('',*,*,#6411,.T.);
#6411 = EDGE_CURVE('',#4488,#6412,#6414,.T.);
#6412 = VERTEX_POINT('',#6413);
#6413 = CARTESIAN_POINT('',(-66.16121673584,64.554428100586,
    121.4287109375));
#6414 = LINE('',#6415,#6416);
#6415 = CARTESIAN_POINT('',(-65.93911743164,65.29271697998,
    123.73070526123));
#6416 = VECTOR('',#6417,1.);
#6417 = DIRECTION('',(-9.14866526465E-02,-0.304114317267,-0.948232394733
    ));
#6418 = ORIENTED_EDGE('',*,*,#6419,.T.);
#6419 = EDGE_CURVE('',#6412,#4512,#6420,.T.);
#6420 = LINE('',#6421,#6422);
#6421 = CARTESIAN_POINT('',(-66.16121673584,64.554428100586,
    121.4287109375));
#6422 = VECTOR('',#6423,1.);
#6423 = DIRECTION('',(-3.723143599502E-02,0.229101123696,0.972690338852)
  );
#6424 = ORIENTED_EDGE('',*,*,#4511,.F.);
#6425 = PLANE('',#6426);
#6426 = AXIS2_PLACEMENT_3D('',#6427,#6428,#6429);
#6427 = CARTESIAN_POINT('',(-66.12528043802,64.899375393585,
    122.6693542576));
#6428 = DIRECTION('',(0.5218920577,-0.825618210821,0.214437053864));
#6429 = DIRECTION('',(-0.845281304947,-0.534321546923,
    -1.387778780781E-17));
#6430 = ADVANCED_FACE('',(#6431),#6448,.F.);
#6431 = FACE_BOUND('',#6432,.T.);
#6432 = EDGE_LOOP('',(#6433,#6441,#6447));
#6433 = ORIENTED_EDGE('',*,*,#6434,.F.);
#6434 = EDGE_CURVE('',#6435,#4512,#6437,.T.);
#6435 = VERTEX_POINT('',#6436);
#6436 = CARTESIAN_POINT('',(-66.511428833,64.450508117676,
    121.43978118896));
#6437 = LINE('',#6438,#6439);
#6438 = CARTESIAN_POINT('',(-66.511428833,64.450508117676,
    121.43978118896));
#6439 = VECTOR('',#6440,1.);
#6440 = DIRECTION('',(0.107451452702,0.269296451757,0.957044202941));
#6441 = ORIENTED_EDGE('',*,*,#6442,.T.);
#6442 = EDGE_CURVE('',#6435,#4536,#6443,.T.);
#6443 = LINE('',#6444,#6445);
#6444 = CARTESIAN_POINT('',(-66.511428833,64.450508117676,
    121.43978118896));
#6445 = VECTOR('',#6446,1.);
#6446 = DIRECTION('',(-3.723140887948E-02,0.229104135753,0.972689630444)
  );
#6447 = ORIENTED_EDGE('',*,*,#4535,.T.);
#6448 = PLANE('',#6449);
#6449 = AXIS2_PLACEMENT_3D('',#6450,#6451,#6452);
#6450 = CARTESIAN_POINT('',(-66.4650697149,64.772726102374,
    122.68617727133));
#6451 = DIRECTION('',(0.283499350243,-0.930951520777,0.230124714828));
#6452 = DIRECTION('',(-0.9566262739,-0.291317991349,2.081668171172E-17)
  );
#6453 = ADVANCED_FACE('',(#6454),#6464,.F.);
#6454 = FACE_BOUND('',#6455,.T.);
#6455 = EDGE_LOOP('',(#6456,#6457,#6463));
#6456 = ORIENTED_EDGE('',*,*,#6442,.F.);
#6457 = ORIENTED_EDGE('',*,*,#6458,.F.);
#6458 = EDGE_CURVE('',#4561,#6435,#6459,.T.);
#6459 = LINE('',#6460,#6461);
#6460 = CARTESIAN_POINT('',(-66.96588134765,64.98802947998,
    123.76316833496));
#6461 = VECTOR('',#6462,1.);
#6462 = DIRECTION('',(0.187196949378,-0.22141446247,-0.957043853725));
#6463 = ORIENTED_EDGE('',*,*,#4560,.T.);
#6464 = PLANE('',#6465);
#6465 = AXIS2_PLACEMENT_3D('',#6466,#6467,#6468);
#6466 = CARTESIAN_POINT('',(-66.65743488064,64.741465874134,
    122.68617770446));
#6467 = DIRECTION('',(2.5873737636E-02,-0.972817170028,0.230124538891));
#6468 = DIRECTION('',(0.,0.230201606059,0.973142959985));
#6469 = ADVANCED_FACE('',(#6470),#6487,.F.);
#6470 = FACE_BOUND('',#6471,.T.);
#6471 = EDGE_LOOP('',(#6472,#6480,#6481));
#6472 = ORIENTED_EDGE('',*,*,#6473,.T.);
#6473 = EDGE_CURVE('',#6474,#4584,#6476,.T.);
#6474 = VERTEX_POINT('',#6475);
#6475 = CARTESIAN_POINT('',(-66.8765258789,64.438186645508,
    121.4287109375));
#6476 = LINE('',#6477,#6478);
#6477 = CARTESIAN_POINT('',(-66.8765258789,64.438186645508,
    121.4287109375));
#6478 = VECTOR('',#6479,1.);
#6479 = DIRECTION('',(-0.18308026795,0.25949151546,0.948232971844));
#6480 = ORIENTED_EDGE('',*,*,#4583,.F.);
#6481 = ORIENTED_EDGE('',*,*,#6482,.F.);
#6482 = EDGE_CURVE('',#6474,#4561,#6483,.T.);
#6483 = LINE('',#6484,#6485);
#6484 = CARTESIAN_POINT('',(-66.8765258789,64.438186645508,
    121.4287109375));
#6485 = VECTOR('',#6486,1.);
#6486 = DIRECTION('',(-3.723143599502E-02,0.229101123696,0.972690338852)
  );
#6487 = PLANE('',#6488);
#6488 = AXIS2_PLACEMENT_3D('',#6489,#6490,#6491);
#6489 = CARTESIAN_POINT('',(-67.01984412669,64.754001284384,
    122.66935440882));
#6490 = DIRECTION('',(-0.233576008712,-0.948397712812,0.214438864216));
#6491 = DIRECTION('',(-0.970985344074,0.239139000572,1.387778780781E-17)
  );
#6492 = ADVANCED_FACE('',(#6493),#6510,.F.);
#6493 = FACE_BOUND('',#6494,.T.);
#6494 = EDGE_LOOP('',(#6495,#6503,#6509));
#6495 = ORIENTED_EDGE('',*,*,#6496,.T.);
#6496 = EDGE_CURVE('',#4584,#6497,#6499,.T.);
#6497 = VERTEX_POINT('',#6498);
#6498 = CARTESIAN_POINT('',(-67.13298797607,64.496047973633,
    121.4052658081));
#6499 = LINE('',#6500,#6501);
#6500 = CARTESIAN_POINT('',(-67.32098388671,65.068145751953,
    123.73070526123));
#6501 = VECTOR('',#6502,1.);
#6502 = DIRECTION('',(7.826163979392E-02,-0.238161086059,-0.968067359652
    ));
#6503 = ORIENTED_EDGE('',*,*,#6504,.F.);
#6504 = EDGE_CURVE('',#4609,#6497,#6505,.T.);
#6505 = LINE('',#6506,#6507);
#6506 = CARTESIAN_POINT('',(-67.64189910888,65.235252380371,
    123.67906951904));
#6507 = VECTOR('',#6508,1.);
#6508 = DIRECTION('',(0.208185894477,-0.302394506026,-0.930169982351));
#6509 = ORIENTED_EDGE('',*,*,#4608,.F.);
#6510 = PLANE('',#6511);
#6511 = AXIS2_PLACEMENT_3D('',#6512,#6513,#6514);
#6512 = CARTESIAN_POINT('',(-67.32008376784,64.847200640376,
    122.63559814242));
#6513 = DIRECTION('',(-0.476667020605,-0.861796256642,0.173481305925));
#6514 = DIRECTION('',(-0.875064720871,0.484005923813,-1.387778780781E-17
    ));
#6515 = ADVANCED_FACE('',(#6516),#6533,.F.);
#6516 = FACE_BOUND('',#6517,.T.);
#6517 = EDGE_LOOP('',(#6518,#6526,#6532));
#6518 = ORIENTED_EDGE('',*,*,#6519,.T.);
#6519 = EDGE_CURVE('',#4609,#6520,#6522,.T.);
#6520 = VERTEX_POINT('',#6521);
#6521 = CARTESIAN_POINT('',(-67.95971679687,65.56175994873,
    123.58999633789));
#6522 = LINE('',#6523,#6524);
#6523 = CARTESIAN_POINT('',(-67.64189910888,65.235252380371,
    123.67906951904));
#6524 = VECTOR('',#6525,1.);
#6525 = DIRECTION('',(-0.684549328755,0.703266511593,-0.191855232331));
#6526 = ORIENTED_EDGE('',*,*,#6527,.T.);
#6527 = EDGE_CURVE('',#6520,#4648,#6528,.T.);
#6528 = LINE('',#6529,#6530);
#6529 = CARTESIAN_POINT('',(-67.95971679687,65.56175994873,
    123.58999633789));
#6530 = VECTOR('',#6531,1.);
#6531 = DIRECTION('',(0.521859499212,-0.82562621808,0.214485456618));
#6532 = ORIENTED_EDGE('',*,*,#4647,.F.);
#6533 = PLANE('',#6534);
#6534 = AXIS2_PLACEMENT_3D('',#6535,#6536,#6537);
#6535 = CARTESIAN_POINT('',(-67.80484769693,65.395287578318,
    123.63513734495));
#6536 = DIRECTION('',(3.710654073323E-02,-0.229229707645,-0.972664816763
    ));
#6537 = DIRECTION('',(0.,0.973335137903,-0.229387683462));
#6538 = ADVANCED_FACE('',(#6539),#6549,.F.);
#6539 = FACE_BOUND('',#6540,.T.);
#6540 = EDGE_LOOP('',(#6541,#6542,#6543));
#6541 = ORIENTED_EDGE('',*,*,#4671,.T.);
#6542 = ORIENTED_EDGE('',*,*,#6527,.F.);
#6543 = ORIENTED_EDGE('',*,*,#6544,.T.);
#6544 = EDGE_CURVE('',#6520,#4672,#6545,.T.);
#6545 = LINE('',#6546,#6547);
#6546 = CARTESIAN_POINT('',(-67.95971679687,65.56175994873,
    123.58999633789));
#6547 = VECTOR('',#6548,1.);
#6548 = DIRECTION('',(-0.521905152726,0.825607935164,-0.214444745684));
#6549 = PLANE('',#6550);
#6550 = AXIS2_PLACEMENT_3D('',#6551,#6552,#6553);
#6551 = CARTESIAN_POINT('',(-68.00210487607,65.62881121769,
    123.57258149865));
#6552 = DIRECTION('',(-0.465058627917,-0.486154379221,-0.739847546569));
#6553 = DIRECTION('',(2.775557561563E-17,0.835721628986,-0.549153310875)
  );
#6554 = ADVANCED_FACE('',(#6555),#6572,.F.);
#6555 = FACE_BOUND('',#6556,.T.);
#6556 = EDGE_LOOP('',(#6557,#6565,#6571));
#6557 = ORIENTED_EDGE('',*,*,#6558,.T.);
#6558 = EDGE_CURVE('',#4672,#6559,#6561,.T.);
#6559 = VERTEX_POINT('',#6560);
#6560 = CARTESIAN_POINT('',(-68.1117401123,65.570068359375,
    121.11483764648));
#6561 = LINE('',#6562,#6563);
#6562 = CARTESIAN_POINT('',(-68.09747314453,65.779678344727,
    123.53339385986));
#6563 = VECTOR('',#6564,1.);
#6564 = DIRECTION('',(-5.876828875026E-03,-8.634224412431E-02,
    -0.996248201886));
#6565 = ORIENTED_EDGE('',*,*,#6566,.F.);
#6566 = EDGE_CURVE('',#4697,#6559,#6567,.T.);
#6567 = LINE('',#6568,#6569);
#6568 = CARTESIAN_POINT('',(-68.20109558105,66.119918823242,
    123.44929504394));
#6569 = VECTOR('',#6570,1.);
#6570 = DIRECTION('',(3.723140887948E-02,-0.229104135753,-0.972689630444
    ));
#6571 = ORIENTED_EDGE('',*,*,#4696,.F.);
#6572 = PLANE('',#6573);
#6573 = AXIS2_PLACEMENT_3D('',#6574,#6575,#6576);
#6574 = CARTESIAN_POINT('',(-68.13169537227,65.772842509812,
    122.38682865675));
#6575 = DIRECTION('',(-0.958241673901,-0.284350163139,3.029651996739E-02
    ));
#6576 = DIRECTION('',(0.284480752583,-0.958681751891,0.));
#6577 = ADVANCED_FACE('',(#6578),#6588,.F.);
#6578 = FACE_BOUND('',#6579,.T.);
#6579 = EDGE_LOOP('',(#6580,#6586,#6587));
#6580 = ORIENTED_EDGE('',*,*,#6581,.T.);
#6581 = EDGE_CURVE('',#6559,#4721,#6582,.T.);
#6582 = LINE('',#6583,#6584);
#6583 = CARTESIAN_POINT('',(-68.1117401123,65.570068359375,
    121.11483764648));
#6584 = VECTOR('',#6585,1.);
#6585 = DIRECTION('',(-4.069772911411E-02,0.372948332775,0.926959133903)
  );
#6586 = ORIENTED_EDGE('',*,*,#4720,.T.);
#6587 = ORIENTED_EDGE('',*,*,#6566,.T.);
#6588 = PLANE('',#6589);
#6589 = AXIS2_PLACEMENT_3D('',#6590,#6591,#6592);
#6590 = CARTESIAN_POINT('',(-68.16210220146,65.95995745997,
    122.34159423852));
#6591 = DIRECTION('',(-0.998972443248,-3.370540550338E-02,
    -3.029856880695E-02));
#6592 = DIRECTION('',(3.37208869995E-02,-0.999431289174,0.));
#6593 = ADVANCED_FACE('',(#6594),#6619,.F.);
#6594 = FACE_BOUND('',#6595,.T.);
#6595 = EDGE_LOOP('',(#6596,#6604,#6605,#6613));
#6596 = ORIENTED_EDGE('',*,*,#6597,.T.);
#6597 = EDGE_CURVE('',#6598,#4743,#6600,.T.);
#6598 = VERTEX_POINT('',#6599);
#6599 = CARTESIAN_POINT('',(-68.03582000732,66.27222442627,
    120.95236206054));
#6600 = LINE('',#6601,#6602);
#6601 = CARTESIAN_POINT('',(-68.03582000732,66.27222442627,
    120.95236206054));
#6602 = VECTOR('',#6603,1.);
#6603 = DIRECTION('',(-3.723140887948E-02,0.229104135753,0.972689630444)
  );
#6604 = ORIENTED_EDGE('',*,*,#4752,.F.);
#6605 = ORIENTED_EDGE('',*,*,#6606,.T.);
#6606 = EDGE_CURVE('',#4721,#6607,#6609,.T.);
#6607 = VERTEX_POINT('',#6608);
#6608 = CARTESIAN_POINT('',(-68.12118530273,65.92561340332,
    121.03073120117));
#6609 = LINE('',#6610,#6611);
#6610 = CARTESIAN_POINT('',(-68.21054077148,66.475463867188,
    123.36518859863));
#6611 = VECTOR('',#6612,1.);
#6612 = DIRECTION('',(3.723140887948E-02,-0.229104135753,-0.972689630444
    ));
#6613 = ORIENTED_EDGE('',*,*,#6614,.F.);
#6614 = EDGE_CURVE('',#6598,#6607,#6615,.T.);
#6615 = LINE('',#6616,#6617);
#6616 = CARTESIAN_POINT('',(-68.03582000732,66.27222442627,
    120.95236206054));
#6617 = VECTOR('',#6618,1.);
#6618 = DIRECTION('',(-0.233576894837,-0.948398597669,0.2144339855));
#6619 = PLANE('',#6620);
#6620 = AXIS2_PLACEMENT_3D('',#6621,#6622,#6623);
#6621 = CARTESIAN_POINT('',(-68.1231803894,66.373844146729,
    122.15877532959));
#6622 = DIRECTION('',(-0.971625194435,0.219214144134,-8.882364859685E-02
    ));
#6623 = DIRECTION('',(-0.220084055397,-0.975480911428,0.));
#6624 = ADVANCED_FACE('',(#6625),#6643,.F.);
#6625 = FACE_BOUND('',#6626,.T.);
#6626 = EDGE_LOOP('',(#6627,#6635,#6636,#6637));
#6627 = ORIENTED_EDGE('',*,*,#6628,.T.);
#6628 = EDGE_CURVE('',#6629,#4767,#6631,.T.);
#6629 = VERTEX_POINT('',#6630);
#6630 = CARTESIAN_POINT('',(-67.86145019531,66.586288452148,
    120.88506317138));
#6631 = LINE('',#6632,#6633);
#6632 = CARTESIAN_POINT('',(-67.86145019531,66.586288452148,
    120.88506317138));
#6633 = VECTOR('',#6634,1.);
#6634 = DIRECTION('',(-3.723140887948E-02,0.229104135753,0.972689630444)
  );
#6635 = ORIENTED_EDGE('',*,*,#4776,.F.);
#6636 = ORIENTED_EDGE('',*,*,#6597,.F.);
#6637 = ORIENTED_EDGE('',*,*,#6638,.F.);
#6638 = EDGE_CURVE('',#6629,#6598,#6639,.T.);
#6639 = LINE('',#6640,#6641);
#6640 = CARTESIAN_POINT('',(-67.86145019531,66.586288452148,
    120.88506317138));
#6641 = VECTOR('',#6642,1.);
#6642 = DIRECTION('',(-0.477107822249,-0.85933684108,0.184142117701));
#6643 = PLANE('',#6644);
#6644 = AXIS2_PLACEMENT_3D('',#6645,#6646,#6647);
#6645 = CARTESIAN_POINT('',(-67.99331283569,66.704181671143,
    122.08594131469));
#6646 = DIRECTION('',(-0.878055755109,0.45722196083,-0.141301696573));
#6647 = DIRECTION('',(-0.461855955369,-0.886954946144,0.));
#6648 = ADVANCED_FACE('',(#6649),#6666,.F.);
#6649 = FACE_BOUND('',#6650,.T.);
#6650 = EDGE_LOOP('',(#6651,#6659,#6665));
#6651 = ORIENTED_EDGE('',*,*,#6652,.T.);
#6652 = EDGE_CURVE('',#4767,#6653,#6655,.T.);
#6653 = VERTEX_POINT('',#6654);
#6654 = CARTESIAN_POINT('',(-67.60997009277,66.846412658691,
    120.8334197998));
#6655 = LINE('',#6656,#6657);
#6656 = CARTESIAN_POINT('',(-67.95080566406,67.136138916016,
    123.21952056884));
#6657 = VECTOR('',#6658,1.);
#6658 = DIRECTION('',(0.140396105702,-0.119343289476,-0.98287644837));
#6659 = ORIENTED_EDGE('',*,*,#6660,.F.);
#6660 = EDGE_CURVE('',#4791,#6653,#6661,.T.);
#6661 = LINE('',#6662,#6663);
#6662 = CARTESIAN_POINT('',(-67.69932556152,67.396255493164,
    123.16787719726));
#6663 = VECTOR('',#6664,1.);
#6664 = DIRECTION('',(3.723143599502E-02,-0.229101123696,-0.972690338852
    ));
#6665 = ORIENTED_EDGE('',*,*,#4800,.F.);
#6666 = PLANE('',#6667);
#6667 = AXIS2_PLACEMENT_3D('',#6668,#6669,#6670);
#6668 = CARTESIAN_POINT('',(-67.72542161229,67.070729795943,
    122.09668151706));
#6669 = DIRECTION('',(-0.724663740137,0.664043731168,-0.184142300482));
#6670 = DIRECTION('',(-0.675596708737,-0.737271379577,0.));
#6671 = ADVANCED_FACE('',(#6672),#6682,.F.);
#6672 = FACE_BOUND('',#6673,.T.);
#6673 = EDGE_LOOP('',(#6674,#6675,#6681));
#6674 = ORIENTED_EDGE('',*,*,#6660,.T.);
#6675 = ORIENTED_EDGE('',*,*,#6676,.F.);
#6676 = EDGE_CURVE('',#4817,#6653,#6677,.T.);
#6677 = LINE('',#6678,#6679);
#6678 = CARTESIAN_POINT('',(-67.61280822753,67.448600769043,
    123.15885925293));
#6679 = VECTOR('',#6680,1.);
#6680 = DIRECTION('',(1.181499508364E-03,-0.250687516654,-0.968067339111
    ));
#6681 = ORIENTED_EDGE('',*,*,#4816,.F.);
#6682 = PLANE('',#6683);
#6683 = AXIS2_PLACEMENT_3D('',#6684,#6685,#6686);
#6684 = CARTESIAN_POINT('',(-67.63348620366,67.140388791312,
    122.02251167253));
#6685 = DIRECTION('',(-0.521877661208,0.825626921262,-0.214438554413));
#6686 = DIRECTION('',(0.845290507941,0.534306987775,0.));
#6687 = ADVANCED_FACE('',(#6688),#6705,.F.);
#6688 = FACE_BOUND('',#6689,.T.);
#6689 = EDGE_LOOP('',(#6690,#6698,#6699));
#6690 = ORIENTED_EDGE('',*,*,#6691,.F.);
#6691 = EDGE_CURVE('',#4841,#6692,#6694,.T.);
#6692 = VERTEX_POINT('',#6693);
#6693 = CARTESIAN_POINT('',(-67.38787078857,67.584701538086,
    123.13541412353));
#6694 = LINE('',#6695,#6696);
#6695 = CARTESIAN_POINT('',(-71.23976135253,71.333641052246,
    122.10497283935));
#6696 = VECTOR('',#6697,1.);
#6697 = DIRECTION('',(0.703802408896,-0.684991594921,0.188278209359));
#6698 = ORIENTED_EDGE('',*,*,#4840,.T.);
#6699 = ORIENTED_EDGE('',*,*,#6700,.T.);
#6700 = EDGE_CURVE('',#4817,#6692,#6701,.T.);
#6701 = LINE('',#6702,#6703);
#6702 = CARTESIAN_POINT('',(-67.61280822753,67.448600769043,
    123.15885925293));
#6703 = VECTOR('',#6704,1.);
#6704 = DIRECTION('',(0.85219506068,0.515629606467,-8.882391281312E-02)
  );
#6705 = PLANE('',#6706);
#6706 = AXIS2_PLACEMENT_3D('',#6707,#6708,#6709);
#6707 = CARTESIAN_POINT('',(-69.3255352913,69.380154867463,
    122.63835562636));
#6708 = DIRECTION('',(3.723512828314E-02,-0.229098177939,-0.972690891335
    ));
#6709 = DIRECTION('',(1.734723475977E-18,0.973365889274,-0.229257160406)
  );
#6710 = ADVANCED_FACE('',(#6711),#6727,.F.);
#6711 = FACE_BOUND('',#6712,.T.);
#6712 = EDGE_LOOP('',(#6713,#6714,#6720,#6721));
#6713 = ORIENTED_EDGE('',*,*,#4862,.T.);
#6714 = ORIENTED_EDGE('',*,*,#6715,.F.);
#6715 = EDGE_CURVE('',#4342,#4841,#6716,.T.);
#6716 = LINE('',#6717,#6718);
#6717 = CARTESIAN_POINT('',(-60.07070922851,67.17741394043,
    123.51142120361));
#6718 = VECTOR('',#6719,1.);
#6719 = DIRECTION('',(-0.930754194504,0.346352203811,-0.117204011571));
#6720 = ORIENTED_EDGE('',*,*,#6242,.T.);
#6721 = ORIENTED_EDGE('',*,*,#6722,.F.);
#6722 = EDGE_CURVE('',#4863,#6243,#6723,.T.);
#6723 = LINE('',#6724,#6725);
#6724 = CARTESIAN_POINT('',(-71.15040588378,70.783790588379,
    119.77051544189));
#6725 = VECTOR('',#6726,1.);
#6726 = DIRECTION('',(0.930754194504,-0.346352203811,0.117204011571));
#6727 = PLANE('',#6728);
#6728 = AXIS2_PLACEMENT_3D('',#6729,#6730,#6731);
#6729 = CARTESIAN_POINT('',(-65.61055755615,68.980602264404,
    121.64096832275));
#6730 = DIRECTION('',(-0.363745120906,-0.909698623964,0.200344454814));
#6731 = DIRECTION('',(-0.928523962149,0.371272476378,4.163336342344E-17)
  );
#6732 = ADVANCED_FACE('',(#6733),#6748,.F.);
#6733 = FACE_BOUND('',#6734,.T.);
#6734 = EDGE_LOOP('',(#6735,#6741,#6747));
#6735 = ORIENTED_EDGE('',*,*,#6736,.T.);
#6736 = EDGE_CURVE('',#4863,#6607,#6737,.T.);
#6737 = LINE('',#6738,#6739);
#6738 = CARTESIAN_POINT('',(-71.15040588378,70.783790588379,
    119.77051544189));
#6739 = VECTOR('',#6740,1.);
#6740 = DIRECTION('',(0.516731694206,-0.828719487543,0.214970619317));
#6741 = ORIENTED_EDGE('',*,*,#6742,.F.);
#6742 = EDGE_CURVE('',#4889,#6607,#6743,.T.);
#6743 = LINE('',#6744,#6745);
#6744 = CARTESIAN_POINT('',(-74.06036376953,63.506202697754,
    121.37325286865));
#6745 = VECTOR('',#6746,1.);
#6746 = DIRECTION('',(0.924788132262,0.376725892324,-5.333397117114E-02)
  );
#6747 = ORIENTED_EDGE('',*,*,#4888,.T.);
#6748 = PLANE('',#6749);
#6749 = AXIS2_PLACEMENT_3D('',#6750,#6751,#6752);
#6750 = CARTESIAN_POINT('',(-71.26762879024,66.725538547988,
    120.72188583946));
#6751 = DIRECTION('',(-3.723140932293E-02,0.229101839818,0.972690171201)
  );
#6752 = DIRECTION('',(0.,-0.973365033672,0.229260793037));
#6753 = ADVANCED_FACE('',(#6754),#6766,.F.);
#6754 = FACE_BOUND('',#6755,.T.);
#6755 = EDGE_LOOP('',(#6756,#6762,#6763,#6764,#6765));
#6756 = ORIENTED_EDGE('',*,*,#6757,.F.);
#6757 = EDGE_CURVE('',#4962,#5280,#6758,.T.);
#6758 = LINE('',#6759,#6760);
#6759 = CARTESIAN_POINT('',(-103.3090362548,79.771759033203,
    142.12619018554));
#6760 = VECTOR('',#6761,1.);
#6761 = DIRECTION('',(3.471376106177E-04,0.214943030856,0.976626526868)
  );
#6762 = ORIENTED_EDGE('',*,*,#4985,.T.);
#6763 = ORIENTED_EDGE('',*,*,#4937,.F.);
#6764 = ORIENTED_EDGE('',*,*,#5837,.F.);
#6765 = ORIENTED_EDGE('',*,*,#5289,.F.);
#6766 = PLANE('',#6767);
#6767 = AXIS2_PLACEMENT_3D('',#6768,#6769,#6770);
#6768 = CARTESIAN_POINT('',(-102.1891555786,80.635040283203,
    148.07939147949));
#6769 = DIRECTION('',(0.363746371386,0.90969859005,-0.200342338421));
#6770 = DIRECTION('',(0.928523517371,-0.37127358873,1.387778780781E-17)
  );
#6771 = ADVANCED_FACE('',(#6772),#6789,.F.);
#6772 = FACE_BOUND('',#6773,.T.);
#6773 = EDGE_LOOP('',(#6774,#6782,#6783));
#6774 = ORIENTED_EDGE('',*,*,#6775,.F.);
#6775 = EDGE_CURVE('',#4960,#6776,#6778,.T.);
#6776 = VERTEX_POINT('',#6777);
#6777 = CARTESIAN_POINT('',(-101.9421539306,84.275718688965,
    146.32641601562));
#6778 = LINE('',#6779,#6780);
#6779 = CARTESIAN_POINT('',(-100.3990783691,87.049346923828,140.5234375)
  );
#6780 = VECTOR('',#6781,1.);
#6781 = DIRECTION('',(-0.233294681532,-0.419339617499,0.877341368433));
#6782 = ORIENTED_EDGE('',*,*,#4959,.T.);
#6783 = ORIENTED_EDGE('',*,*,#6784,.T.);
#6784 = EDGE_CURVE('',#4962,#6776,#6785,.T.);
#6785 = LINE('',#6786,#6787);
#6786 = CARTESIAN_POINT('',(-103.3090362548,79.771759033203,
    142.12619018554));
#6787 = VECTOR('',#6788,1.);
#6788 = DIRECTION('',(0.216676528987,0.713962224559,0.665814706723));
#6789 = PLANE('',#6790);
#6790 = AXIS2_PLACEMENT_3D('',#6791,#6792,#6793);
#6791 = CARTESIAN_POINT('',(-101.870627871,83.704331802516,
    142.86355040319));
#6792 = DIRECTION('',(0.931498554091,-0.355312506737,7.786826236033E-02)
  );
#6793 = DIRECTION('',(0.356394643056,0.934335517039,0.));
#6794 = ADVANCED_FACE('',(#6795),#6811,.F.);
#6795 = FACE_BOUND('',#6796,.T.);
#6796 = EDGE_LOOP('',(#6797,#6803,#6804,#6810));
#6797 = ORIENTED_EDGE('',*,*,#6798,.F.);
#6798 = EDGE_CURVE('',#4970,#5257,#6799,.T.);
#6799 = LINE('',#6800,#6801);
#6800 = CARTESIAN_POINT('',(-98.16348266601,86.196594238281,
    140.71032714843));
#6801 = VECTOR('',#6802,1.);
#6802 = DIRECTION('',(3.471376106177E-04,0.214943030856,0.976626526868)
  );
#6803 = ORIENTED_EDGE('',*,*,#4969,.T.);
#6804 = ORIENTED_EDGE('',*,*,#6805,.T.);
#6805 = EDGE_CURVE('',#4960,#5282,#6806,.T.);
#6806 = LINE('',#6807,#6808);
#6807 = CARTESIAN_POINT('',(-100.3990783691,87.049346923828,140.5234375)
  );
#6808 = VECTOR('',#6809,1.);
#6809 = DIRECTION('',(3.471376106177E-04,0.214943030856,0.976626526868)
  );
#6810 = ORIENTED_EDGE('',*,*,#5306,.F.);
#6811 = PLANE('',#6812);
#6812 = AXIS2_PLACEMENT_3D('',#6813,#6814,#6815);
#6813 = CARTESIAN_POINT('',(-99.27919769287,87.912628173828,
    146.47663879394));
#6814 = DIRECTION('',(-0.363746371386,-0.90969859005,0.200342338421));
#6815 = DIRECTION('',(-0.928523517371,0.37127358873,0.));
#6816 = ADVANCED_FACE('',(#6817),#6834,.F.);
#6817 = FACE_BOUND('',#6818,.T.);
#6818 = EDGE_LOOP('',(#6819,#6827,#6833));
#6819 = ORIENTED_EDGE('',*,*,#6820,.F.);
#6820 = EDGE_CURVE('',#6821,#4970,#6823,.T.);
#6821 = VERTEX_POINT('',#6822);
#6822 = CARTESIAN_POINT('',(-99.60617065429,83.622802734375,
    146.22424316406));
#6823 = LINE('',#6824,#6825);
#6824 = CARTESIAN_POINT('',(-99.60617065429,83.622802734375,
    146.22424316406));
#6825 = VECTOR('',#6826,1.);
#6826 = DIRECTION('',(0.230692748181,0.411561640566,-0.881701691022));
#6827 = ORIENTED_EDGE('',*,*,#6828,.F.);
#6828 = EDGE_CURVE('',#5001,#6821,#6829,.T.);
#6829 = LINE('',#6830,#6831);
#6830 = CARTESIAN_POINT('',(-99.70655822753,83.422966003418,
    146.51330566406));
#6831 = VECTOR('',#6832,1.);
#6832 = DIRECTION('',(0.274679523181,0.546791362721,-0.790930063405));
#6833 = ORIENTED_EDGE('',*,*,#5000,.F.);
#6834 = PLANE('',#6835);
#6835 = AXIS2_PLACEMENT_3D('',#6836,#6837,#6838);
#6836 = CARTESIAN_POINT('',(-98.93122196042,84.821457909332,
    143.61965500748));
#6837 = DIRECTION('',(-0.931510108194,0.355277917201,-7.788786735619E-02
    ));
#6838 = DIRECTION('',(-0.356360495585,-0.934348541598,
    -3.469446951954E-18));
#6839 = ADVANCED_FACE('',(#6840),#6855,.F.);
#6840 = FACE_BOUND('',#6841,.T.);
#6841 = EDGE_LOOP('',(#6842,#6843,#6849));
#6842 = ORIENTED_EDGE('',*,*,#5024,.F.);
#6843 = ORIENTED_EDGE('',*,*,#6844,.T.);
#6844 = EDGE_CURVE('',#5001,#6776,#6845,.T.);
#6845 = LINE('',#6846,#6847);
#6846 = CARTESIAN_POINT('',(-99.70655822753,83.422966003418,
    146.51330566406));
#6847 = VECTOR('',#6848,1.);
#6848 = DIRECTION('',(-0.931497964533,0.355313525485,-7.787066635903E-02
    ));
#6849 = ORIENTED_EDGE('',*,*,#6850,.T.);
#6850 = EDGE_CURVE('',#6776,#5025,#6851,.T.);
#6851 = LINE('',#6852,#6853);
#6852 = CARTESIAN_POINT('',(-101.9421539306,84.275718688965,
    146.32641601562));
#6853 = VECTOR('',#6854,1.);
#6854 = DIRECTION('',(0.890231465803,-0.401229711021,0.215644745563));
#6855 = PLANE('',#6856);
#6856 = AXIS2_PLACEMENT_3D('',#6857,#6858,#6859);
#6857 = CARTESIAN_POINT('',(-100.765701631,83.786715479419,
    146.51696389631));
#6858 = DIRECTION('',(-0.301426351397,-0.87383790907,-0.381509453821));
#6859 = DIRECTION('',(5.551115123126E-17,-0.400119213597,0.916463100682)
  );
#6860 = ADVANCED_FACE('',(#6861),#6871,.F.);
#6861 = FACE_BOUND('',#6862,.T.);
#6862 = EDGE_LOOP('',(#6863,#6869,#6870));
#6863 = ORIENTED_EDGE('',*,*,#6864,.T.);
#6864 = EDGE_CURVE('',#6776,#5049,#6865,.T.);
#6865 = LINE('',#6866,#6867);
#6866 = CARTESIAN_POINT('',(-101.9421539306,84.275718688965,
    146.32641601562));
#6867 = VECTOR('',#6868,1.);
#6868 = DIRECTION('',(0.87917573249,-0.402391153595,0.255208524366));
#6869 = ORIENTED_EDGE('',*,*,#5048,.F.);
#6870 = ORIENTED_EDGE('',*,*,#6850,.F.);
#6871 = PLANE('',#6872);
#6872 = AXIS2_PLACEMENT_3D('',#6873,#6874,#6875);
#6873 = CARTESIAN_POINT('',(-100.8425884956,83.776297332678,
    146.61919788539));
#6874 = DIRECTION('',(-0.38025725548,-0.915249393162,-0.133127637896));
#6875 = DIRECTION('',(-0.92346928447,0.38367236106,6.938893903907E-18));
#6876 = ADVANCED_FACE('',(#6877),#6894,.F.);
#6877 = FACE_BOUND('',#6878,.T.);
#6878 = EDGE_LOOP('',(#6879,#6880,#6888));
#6879 = ORIENTED_EDGE('',*,*,#5072,.F.);
#6880 = ORIENTED_EDGE('',*,*,#6881,.T.);
#6881 = EDGE_CURVE('',#5049,#6882,#6884,.T.);
#6882 = VERTEX_POINT('',#6883);
#6883 = CARTESIAN_POINT('',(-102.059928894,84.119895935059,
    147.02429199218));
#6884 = LINE('',#6885,#6886);
#6885 = CARTESIAN_POINT('',(-99.79301452636,83.29207611084,
    146.95027160644));
#6886 = VECTOR('',#6887,1.);
#6887 = DIRECTION('',(-0.938886943418,0.342857778637,3.065699115551E-02)
  );
#6888 = ORIENTED_EDGE('',*,*,#6889,.T.);
#6889 = EDGE_CURVE('',#6882,#5073,#6890,.T.);
#6890 = LINE('',#6891,#6892);
#6891 = CARTESIAN_POINT('',(-102.059928894,84.119895935059,
    147.02429199218));
#6892 = VECTOR('',#6893,1.);
#6893 = DIRECTION('',(0.931499016667,-0.355310747897,7.787075431456E-02)
  );
#6894 = PLANE('',#6895);
#6895 = AXIS2_PLACEMENT_3D('',#6896,#6897,#6898);
#6896 = CARTESIAN_POINT('',(-100.87577213,83.677934720385,
    147.05379008416));
#6897 = DIRECTION('',(-0.343848887636,-0.929966568494,-0.130115809785));
#6898 = DIRECTION('',(-0.937940182908,0.346797077968,-1.387778780781E-17
    ));
#6899 = ADVANCED_FACE('',(#6900),#6917,.F.);
#6900 = FACE_BOUND('',#6901,.T.);
#6901 = EDGE_LOOP('',(#6902,#6903,#6911));
#6902 = ORIENTED_EDGE('',*,*,#5096,.T.);
#6903 = ORIENTED_EDGE('',*,*,#6904,.F.);
#6904 = EDGE_CURVE('',#6905,#5073,#6907,.T.);
#6905 = VERTEX_POINT('',#6906);
#6906 = CARTESIAN_POINT('',(-102.0692901611,84.174530029297,
    147.38554382324));
#6907 = LINE('',#6908,#6909);
#6908 = CARTESIAN_POINT('',(-102.0692901611,84.174530029297,
    147.38554382324));
#6909 = VECTOR('',#6910,1.);
#6910 = DIRECTION('',(0.92473812967,-0.373765782403,-7.182291722198E-02)
  );
#6911 = ORIENTED_EDGE('',*,*,#6912,.F.);
#6912 = EDGE_CURVE('',#5097,#6905,#6913,.T.);
#6913 = LINE('',#6914,#6915);
#6914 = CARTESIAN_POINT('',(-99.833694458,83.32177734375,147.57243347168
    ));
#6915 = VECTOR('',#6916,1.);
#6916 = DIRECTION('',(-0.931497964533,0.355313525485,-7.787066635903E-02
    ));
#6917 = PLANE('',#6918);
#6918 = AXIS2_PLACEMENT_3D('',#6919,#6920,#6921);
#6919 = CARTESIAN_POINT('',(-100.8703074647,83.703456075735,
    147.38841494745));
#6920 = DIRECTION('',(-0.36284335001,-0.922719855356,0.130125984665));
#6921 = DIRECTION('',(-0.930632589165,0.365954893374,6.938893903907E-18)
  );
#6922 = ADVANCED_FACE('',(#6923),#6941,.F.);
#6923 = FACE_BOUND('',#6924,.T.);
#6924 = EDGE_LOOP('',(#6925,#6933,#6939,#6940));
#6925 = ORIENTED_EDGE('',*,*,#6926,.F.);
#6926 = EDGE_CURVE('',#6927,#6905,#6929,.T.);
#6927 = VERTEX_POINT('',#6928);
#6928 = CARTESIAN_POINT('',(-102.044013977,84.314575195312,
    147.72216796875));
#6929 = LINE('',#6930,#6931);
#6930 = CARTESIAN_POINT('',(-102.044013977,84.314575195312,
    147.72216796875));
#6931 = VECTOR('',#6932,1.);
#6932 = DIRECTION('',(-6.916101461142E-02,-0.383193354726,-0.921075245)
  );
#6933 = ORIENTED_EDGE('',*,*,#6934,.T.);
#6934 = EDGE_CURVE('',#6927,#5121,#6935,.T.);
#6935 = LINE('',#6936,#6937);
#6936 = CARTESIAN_POINT('',(-102.044013977,84.314575195312,
    147.72216796875));
#6937 = VECTOR('',#6938,1.);
#6938 = DIRECTION('',(0.931497964533,-0.355313525485,7.787066635903E-02)
  );
#6939 = ORIENTED_EDGE('',*,*,#5120,.T.);
#6940 = ORIENTED_EDGE('',*,*,#6912,.T.);
#6941 = PLANE('',#6942);
#6942 = AXIS2_PLACEMENT_3D('',#6943,#6944,#6945);
#6943 = CARTESIAN_POINT('',(-100.9388542175,83.818176269531,
    147.64730072021));
#6944 = DIRECTION('',(-0.357110014421,-0.852594101619,0.381517673884));
#6945 = DIRECTION('',(0.,0.40844990891,0.912780735945));
#6946 = ADVANCED_FACE('',(#6947),#6964,.F.);
#6947 = FACE_BOUND('',#6948,.T.);
#6948 = EDGE_LOOP('',(#6949,#6957,#6958));
#6949 = ORIENTED_EDGE('',*,*,#6950,.F.);
#6950 = EDGE_CURVE('',#5162,#6951,#6953,.T.);
#6951 = VERTEX_POINT('',#6952);
#6952 = CARTESIAN_POINT('',(-102.0019836425,84.470520019531,
    147.9309387207));
#6953 = LINE('',#6954,#6955);
#6954 = CARTESIAN_POINT('',(-99.75021362304,83.677749633789,
    148.19812011718));
#6955 = VECTOR('',#6956,1.);
#6956 = DIRECTION('',(-0.937396587836,0.330024935089,-0.111225803357));
#6957 = ORIENTED_EDGE('',*,*,#5161,.F.);
#6958 = ORIENTED_EDGE('',*,*,#6959,.F.);
#6959 = EDGE_CURVE('',#6951,#5121,#6960,.T.);
#6960 = LINE('',#6961,#6962);
#6961 = CARTESIAN_POINT('',(-102.0019836425,84.470520019531,
    147.9309387207));
#6962 = VECTOR('',#6963,1.);
#6963 = DIRECTION('',(0.908507003637,-0.417771343982,-9.062477040959E-03
    ));
#6964 = PLANE('',#6965);
#6965 = AXIS2_PLACEMENT_3D('',#6966,#6967,#6968);
#6966 = CARTESIAN_POINT('',(-100.8123066869,83.988262223007,
    147.99641699191));
#6967 = DIRECTION('',(-0.32703329739,-0.724349239977,0.60693278124));
#6968 = DIRECTION('',(-8.326672684689E-17,0.642248201258,0.766496737097)
  );
#6969 = ADVANCED_FACE('',(#6970),#6987,.F.);
#6970 = FACE_BOUND('',#6971,.T.);
#6971 = EDGE_LOOP('',(#6972,#6973,#6981));
#6972 = ORIENTED_EDGE('',*,*,#5185,.F.);
#6973 = ORIENTED_EDGE('',*,*,#6974,.T.);
#6974 = EDGE_CURVE('',#5162,#6975,#6977,.T.);
#6975 = VERTEX_POINT('',#6976);
#6976 = CARTESIAN_POINT('',(-99.72601318359,83.75471496582,
    148.25973510742));
#6977 = LINE('',#6978,#6979);
#6978 = CARTESIAN_POINT('',(-99.75021362304,83.677749633789,
    148.19812011718));
#6979 = VECTOR('',#6980,1.);
#6980 = DIRECTION('',(0.238387708539,0.75815107306,0.606941719472));
#6981 = ORIENTED_EDGE('',*,*,#6982,.T.);
#6982 = EDGE_CURVE('',#6975,#5186,#6983,.T.);
#6983 = LINE('',#6984,#6985);
#6984 = CARTESIAN_POINT('',(-99.72601318359,83.75471496582,
    148.25973510742));
#6985 = VECTOR('',#6986,1.);
#6986 = DIRECTION('',(0.238456097831,0.758145872257,0.606921350578));
#6987 = PLANE('',#6988);
#6988 = AXIS2_PLACEMENT_3D('',#6989,#6990,#6991);
#6989 = CARTESIAN_POINT('',(-99.70664340443,83.816291904411,
    148.30902899884));
#6990 = DIRECTION('',(0.171719763296,-0.648017752493,0.742014363303));
#6991 = DIRECTION('',(5.551115123126E-17,-0.753202555793,-0.657788651427
    ));
#6992 = ADVANCED_FACE('',(#6993),#7010,.F.);
#6993 = FACE_BOUND('',#6994,.T.);
#6994 = EDGE_LOOP('',(#6995,#6996,#7004));
#6995 = ORIENTED_EDGE('',*,*,#5209,.F.);
#6996 = ORIENTED_EDGE('',*,*,#6997,.T.);
#6997 = EDGE_CURVE('',#5186,#6998,#7000,.T.);
#6998 = VERTEX_POINT('',#6999);
#6999 = CARTESIAN_POINT('',(-99.63246917724,84.04354095459,
    148.45866394043));
#7000 = LINE('',#7001,#7002);
#7001 = CARTESIAN_POINT('',(-99.66307067871,83.954833984375,
    148.41993713378));
#7002 = VECTOR('',#7003,1.);
#7003 = DIRECTION('',(0.301450287982,0.87383757127,0.381491314334));
#7004 = ORIENTED_EDGE('',*,*,#7005,.T.);
#7005 = EDGE_CURVE('',#6998,#5210,#7006,.T.);
#7006 = LINE('',#7007,#7008);
#7007 = CARTESIAN_POINT('',(-99.63246917724,84.04354095459,
    148.45866394043));
#7008 = VECTOR('',#7009,1.);
#7009 = DIRECTION('',(0.301412838296,0.873831312559,0.381535238349));
#7010 = PLANE('',#7011);
#7011 = AXIS2_PLACEMENT_3D('',#7012,#7013,#7014);
#7012 = CARTESIAN_POINT('',(-99.60798957846,84.114513511935,
    148.48965373591));
#7013 = DIRECTION('',(-0.70220562564,0.474123550284,-0.531144159701));
#7014 = DIRECTION('',(0.603258718381,2.775557561563E-17,-0.79754555901)
  );
#7015 = ADVANCED_FACE('',(#7016),#7033,.F.);
#7016 = FACE_BOUND('',#7017,.T.);
#7017 = EDGE_LOOP('',(#7018,#7026,#7032));
#7018 = ORIENTED_EDGE('',*,*,#7019,.F.);
#7019 = EDGE_CURVE('',#7020,#5210,#7022,.T.);
#7020 = VERTEX_POINT('',#7021);
#7021 = CARTESIAN_POINT('',(-99.42723846435,84.614074707031,
    148.60693359375));
#7022 = LINE('',#7023,#7024);
#7023 = CARTESIAN_POINT('',(-99.42723846435,84.614074707031,
    148.60693359375));
#7024 = VECTOR('',#7025,1.);
#7025 = DIRECTION('',(-0.343853646817,-0.929962124336,-0.130134994795));
#7026 = ORIENTED_EDGE('',*,*,#7027,.F.);
#7027 = EDGE_CURVE('',#5233,#7020,#7028,.T.);
#7028 = LINE('',#7029,#7030);
#7029 = CARTESIAN_POINT('',(-99.51799774169,84.368598937988,
    148.57258605957));
#7030 = VECTOR('',#7031,1.);
#7031 = DIRECTION('',(0.343836075561,0.929970219502,0.130123571972));
#7032 = ORIENTED_EDGE('',*,*,#5232,.F.);
#7033 = PLANE('',#7034);
#7034 = AXIS2_PLACEMENT_3D('',#7035,#7036,#7037);
#7035 = CARTESIAN_POINT('',(-99.49007299819,84.444133224303,
    148.58315352478));
#7036 = DIRECTION('',(-0.519709299964,7.304719679547E-02,0.851214632494)
  );
#7037 = DIRECTION('',(0.853494756518,-1.387778780781E-17,0.521101430239)
  );
#7038 = ADVANCED_FACE('',(#7039),#7049,.F.);
#7039 = FACE_BOUND('',#7040,.T.);
#7040 = EDGE_LOOP('',(#7041,#7047,#7048));
#7041 = ORIENTED_EDGE('',*,*,#7042,.T.);
#7042 = EDGE_CURVE('',#7020,#5257,#7043,.T.);
#7043 = LINE('',#7044,#7045);
#7044 = CARTESIAN_POINT('',(-99.42723846435,84.614074707031,
    148.60693359375));
#7045 = VECTOR('',#7046,1.);
#7046 = DIRECTION('',(0.218922653797,0.718593334373,0.660073095535));
#7047 = ORIENTED_EDGE('',*,*,#5256,.F.);
#7048 = ORIENTED_EDGE('',*,*,#7027,.T.);
#7049 = PLANE('',#7050);
#7050 = AXIS2_PLACEMENT_3D('',#7051,#7052,#7053);
#7051 = CARTESIAN_POINT('',(-98.83074539507,86.585642738558,
    150.46764620692));
#7052 = DIRECTION('',(-0.931506154527,0.35529677926,-7.784910227548E-02)
  );
#7053 = DIRECTION('',(-0.3563783328,-0.93434173829,2.775557561563E-17));
#7054 = ADVANCED_FACE('',(#7055),#7072,.F.);
#7055 = FACE_BOUND('',#7056,.T.);
#7056 = EDGE_LOOP('',(#7057,#7065,#7071));
#7057 = ORIENTED_EDGE('',*,*,#7058,.T.);
#7058 = EDGE_CURVE('',#5282,#7059,#7061,.T.);
#7059 = VERTEX_POINT('',#7060);
#7060 = CARTESIAN_POINT('',(-101.7885055541,85.126937866211,
    148.3724822998));
#7061 = LINE('',#7062,#7063);
#7062 = CARTESIAN_POINT('',(-100.3949127197,89.628662109375,
    152.24295043945));
#7063 = VECTOR('',#7064,1.);
#7064 = DIRECTION('',(-0.228524960376,-0.738204394314,-0.634689384424));
#7065 = ORIENTED_EDGE('',*,*,#7066,.F.);
#7066 = EDGE_CURVE('',#5280,#7059,#7067,.T.);
#7067 = LINE('',#7068,#7069);
#7068 = CARTESIAN_POINT('',(-103.3048706054,82.35107421875,153.845703125
    ));
#7069 = VECTOR('',#7070,1.);
#7070 = DIRECTION('',(0.239875549678,0.439117096315,-0.865815162948));
#7071 = ORIENTED_EDGE('',*,*,#5279,.T.);
#7072 = PLANE('',#7073);
#7073 = AXIS2_PLACEMENT_3D('',#7074,#7075,#7076);
#7074 = CARTESIAN_POINT('',(-101.8391774635,85.707549707365,
    151.62795059067));
#7075 = DIRECTION('',(0.93149855428,-0.355312389642,7.786879439565E-02)
  );
#7076 = DIRECTION('',(0.35639454046,0.934335556174,1.040834085586E-17));
#7077 = ADVANCED_FACE('',(#7078),#7084,.T.);
#7078 = FACE_BOUND('',#7079,.F.);
#7079 = EDGE_LOOP('',(#7080,#7081,#7082,#7083));
#7080 = ORIENTED_EDGE('',*,*,#5321,.T.);
#7081 = ORIENTED_EDGE('',*,*,#5353,.T.);
#7082 = ORIENTED_EDGE('',*,*,#5755,.T.);
#7083 = ORIENTED_EDGE('',*,*,#5770,.T.);
#7084 = PLANE('',#7085);
#7085 = AXIS2_PLACEMENT_3D('',#7086,#7087,#7088);
#7086 = CARTESIAN_POINT('',(-63.99661636352,75.838024139404,
    133.72461700439));
#7087 = DIRECTION('',(-0.691367297611,0.407792397222,0.596419835822));
#7088 = DIRECTION('',(-0.653199407057,-1.387778780781E-16,
    -0.757185931341));
#7089 = ADVANCED_FACE('',(#7090),#7100,.T.);
#7090 = FACE_BOUND('',#7091,.F.);
#7091 = EDGE_LOOP('',(#7092,#7093,#7099));
#7092 = ORIENTED_EDGE('',*,*,#5391,.T.);
#7093 = ORIENTED_EDGE('',*,*,#7094,.F.);
#7094 = EDGE_CURVE('',#3904,#5384,#7095,.T.);
#7095 = LINE('',#7096,#7097);
#7096 = CARTESIAN_POINT('',(-62.05832672119,76.996200561523,
    132.51985168457));
#7097 = VECTOR('',#7098,1.);
#7098 = DIRECTION('',(0.781914247451,-0.181299229493,0.596440021309));
#7099 = ORIENTED_EDGE('',*,*,#5369,.F.);
#7100 = PLANE('',#7101);
#7101 = AXIS2_PLACEMENT_3D('',#7102,#7103,#7104);
#7102 = CARTESIAN_POINT('',(-62.6793953344,75.238812892958,
    132.96005021142));
#7103 = DIRECTION('',(0.506258527962,-0.373603939673,-0.777253111365));
#7104 = DIRECTION('',(-0.837928952329,0.,-0.545779324315));
#7105 = ADVANCED_FACE('',(#7106),#7111,.T.);
#7106 = FACE_BOUND('',#7107,.F.);
#7107 = EDGE_LOOP('',(#7108,#7109,#7110));
#7108 = ORIENTED_EDGE('',*,*,#5652,.F.);
#7109 = ORIENTED_EDGE('',*,*,#5406,.T.);
#7110 = ORIENTED_EDGE('',*,*,#5631,.T.);
#7111 = PLANE('',#7112);
#7112 = AXIS2_PLACEMENT_3D('',#7113,#7114,#7115);
#7113 = CARTESIAN_POINT('',(-62.22907339447,75.116495784229,
    133.22226265568));
#7114 = DIRECTION('',(0.286610165393,-0.313943696383,-0.905148589236));
#7115 = DIRECTION('',(0.,0.944784873458,-0.327691231017));
#7116 = ADVANCED_FACE('',(#7117),#7132,.T.);
#7117 = FACE_BOUND('',#7118,.F.);
#7118 = EDGE_LOOP('',(#7119,#7125,#7131));
#7119 = ORIENTED_EDGE('',*,*,#7120,.F.);
#7120 = EDGE_CURVE('',#5548,#1349,#7121,.T.);
#7121 = LINE('',#7122,#7123);
#7122 = CARTESIAN_POINT('',(-61.38515472412,72.371055603027,
    132.70635986328));
#7123 = VECTOR('',#7124,1.);
#7124 = DIRECTION('',(0.703382253077,-0.409241233929,-0.581184151976));
#7125 = ORIENTED_EDGE('',*,*,#7126,.T.);
#7126 = EDGE_CURVE('',#5548,#5502,#7127,.T.);
#7127 = LINE('',#7128,#7129);
#7128 = CARTESIAN_POINT('',(-61.38515472412,72.371055603027,
    132.70635986328));
#7129 = VECTOR('',#7130,1.);
#7130 = DIRECTION('',(-0.286628805355,0.313934739616,0.905145793341));
#7131 = ORIENTED_EDGE('',*,*,#5501,.F.);
#7132 = PLANE('',#7133);
#7133 = AXIS2_PLACEMENT_3D('',#7134,#7135,#7136);
#7134 = CARTESIAN_POINT('',(-60.79467744946,72.042989778653,
    132.2887859032));
#7135 = DIRECTION('',(-0.36375794883,-0.909698028034,0.200323868908));
#7136 = DIRECTION('',(-0.928519364499,0.37128397454,5.551115123126E-17)
  );
#7137 = ADVANCED_FACE('',(#7138),#7143,.T.);
#7138 = FACE_BOUND('',#7139,.F.);
#7139 = EDGE_LOOP('',(#7140,#7141,#7142));
#7140 = ORIENTED_EDGE('',*,*,#5509,.F.);
#7141 = ORIENTED_EDGE('',*,*,#5570,.T.);
#7142 = ORIENTED_EDGE('',*,*,#5592,.T.);
#7143 = PLANE('',#7144);
#7144 = AXIS2_PLACEMENT_3D('',#7145,#7146,#7147);
#7145 = CARTESIAN_POINT('',(-60.93079041357,74.326705722316,
    132.86375463881));
#7146 = DIRECTION('',(-0.781929575828,0.181306212971,-0.596417802873));
#7147 = DIRECTION('',(0.606469000848,-4.163336342344E-17,-0.795107131782
    ));
#7148 = ADVANCED_FACE('',(#7149),#7159,.T.);
#7149 = FACE_BOUND('',#7150,.F.);
#7150 = EDGE_LOOP('',(#7151,#7157,#7158));
#7151 = ORIENTED_EDGE('',*,*,#7152,.T.);
#7152 = EDGE_CURVE('',#5548,#5525,#7153,.T.);
#7153 = LINE('',#7154,#7155);
#7154 = CARTESIAN_POINT('',(-61.38515472412,72.371055603027,
    132.70635986328));
#7155 = VECTOR('',#7156,1.);
#7156 = DIRECTION('',(4.744824822702E-02,-0.23289929849,-0.97134266894)
  );
#7157 = ORIENTED_EDGE('',*,*,#5524,.F.);
#7158 = ORIENTED_EDGE('',*,*,#5555,.F.);
#7159 = PLANE('',#7160);
#7160 = AXIS2_PLACEMENT_3D('',#7161,#7162,#7163);
#7161 = CARTESIAN_POINT('',(-60.6848528008,74.088867574702,
    132.23034376267));
#7162 = DIRECTION('',(-0.930289029756,0.343815519706,-0.127879668142));
#7163 = DIRECTION('',(-0.346661719665,-0.937990219628,
    -1.387778780781E-17));
#7164 = ADVANCED_FACE('',(#7165),#7170,.T.);
#7165 = FACE_BOUND('',#7166,.F.);
#7166 = EDGE_LOOP('',(#7167,#7168,#7169));
#7167 = ORIENTED_EDGE('',*,*,#7126,.F.);
#7168 = ORIENTED_EDGE('',*,*,#5547,.F.);
#7169 = ORIENTED_EDGE('',*,*,#5576,.T.);
#7170 = PLANE('',#7171);
#7171 = AXIS2_PLACEMENT_3D('',#7172,#7173,#7174);
#7172 = CARTESIAN_POINT('',(-60.76675372323,74.195867243426,
    132.56747548722));
#7173 = DIRECTION('',(-0.886304507021,0.271819024817,-0.374938313036));
#7174 = DIRECTION('',(0.389607670303,-4.163336342344E-17,-0.920980924472
    ));
#7175 = ADVANCED_FACE('',(#7176),#7181,.T.);
#7176 = FACE_BOUND('',#7177,.F.);
#7177 = EDGE_LOOP('',(#7178,#7179,#7180));
#7178 = ORIENTED_EDGE('',*,*,#5646,.T.);
#7179 = ORIENTED_EDGE('',*,*,#5722,.T.);
#7180 = ORIENTED_EDGE('',*,*,#7094,.T.);
#7181 = PLANE('',#7182);
#7182 = AXIS2_PLACEMENT_3D('',#7183,#7184,#7185);
#7183 = CARTESIAN_POINT('',(-62.7975534995,77.284431286521,
    132.48648185198));
#7184 = DIRECTION('',(0.363743585103,0.90970118907,-0.200335595693));
#7185 = DIRECTION('',(0.928524863446,-0.371270222294,0.));
#7186 = ADVANCED_FACE('',(#7187),#7202,.T.);
#7187 = FACE_BOUND('',#7188,.F.);
#7188 = EDGE_LOOP('',(#7189,#7195,#7201));
#7189 = ORIENTED_EDGE('',*,*,#7190,.T.);
#7190 = EDGE_CURVE('',#5525,#1349,#7191,.T.);
#7191 = LINE('',#7192,#7193);
#7192 = CARTESIAN_POINT('',(-61.36781311035,72.285934448242,
    132.35134887695));
#7193 = VECTOR('',#7194,1.);
#7194 = DIRECTION('',(0.790108240357,-0.41522570136,-0.450906404313));
#7195 = ORIENTED_EDGE('',*,*,#7196,.T.);
#7196 = EDGE_CURVE('',#1349,#5667,#7197,.T.);
#7197 = LINE('',#7198,#7199);
#7198 = CARTESIAN_POINT('',(-60.03484344482,71.585418701172,
    131.59063720703));
#7199 = VECTOR('',#7200,1.);
#7200 = DIRECTION('',(-0.877634795908,0.406765621219,0.253572266633));
#7201 = ORIENTED_EDGE('',*,*,#5666,.T.);
#7202 = PLANE('',#7203);
#7203 = AXIS2_PLACEMENT_3D('',#7204,#7205,#7206);
#7204 = CARTESIAN_POINT('',(-60.78718526035,71.957353501955,
    131.91353754876));
#7205 = DIRECTION('',(-0.363744468208,-0.909700404401,0.200337555345));
#7206 = DIRECTION('',(-0.928524442312,0.371271275524,1.387778780781E-17)
  );
#7207 = ADVANCED_FACE('',(#7208),#7224,.T.);
#7208 = FACE_BOUND('',#7209,.F.);
#7209 = EDGE_LOOP('',(#7210,#7216,#7222,#7223));
#7210 = ORIENTED_EDGE('',*,*,#7211,.F.);
#7211 = EDGE_CURVE('',#5788,#5667,#7212,.T.);
#7212 = LINE('',#7213,#7214);
#7213 = CARTESIAN_POINT('',(-61.59403991699,72.225357055664,
    131.66554260253));
#7214 = VECTOR('',#7215,1.);
#7215 = DIRECTION('',(0.424048688548,2.97889324123E-02,0.905149340853));
#7216 = ORIENTED_EDGE('',*,*,#7217,.T.);
#7217 = EDGE_CURVE('',#5788,#3820,#7218,.T.);
#7218 = LINE('',#7219,#7220);
#7219 = CARTESIAN_POINT('',(-61.59403991699,72.225357055664,
    131.66554260253));
#7220 = VECTOR('',#7221,1.);
#7221 = DIRECTION('',(0.363744859125,0.909698794961,-0.200344153664));
#7222 = ORIENTED_EDGE('',*,*,#5691,.F.);
#7223 = ORIENTED_EDGE('',*,*,#5674,.T.);
#7224 = PLANE('',#7225);
#7225 = AXIS2_PLACEMENT_3D('',#7226,#7227,#7228);
#7226 = CARTESIAN_POINT('',(-60.78906059265,74.050197601318,
    131.43025970459));
#7227 = DIRECTION('',(-0.82938130309,0.414199095097,0.374921009954));
#7228 = DIRECTION('',(-0.446789358495,-0.894639183769,5.551115123126E-17
    ));
#7229 = ADVANCED_FACE('',(#7230),#7235,.T.);
#7230 = FACE_BOUND('',#7231,.F.);
#7231 = EDGE_LOOP('',(#7232,#7233,#7234));
#7232 = ORIENTED_EDGE('',*,*,#5796,.T.);
#7233 = ORIENTED_EDGE('',*,*,#5706,.F.);
#7234 = ORIENTED_EDGE('',*,*,#7217,.F.);
#7235 = PLANE('',#7236);
#7236 = AXIS2_PLACEMENT_3D('',#7237,#7238,#7239);
#7237 = CARTESIAN_POINT('',(-60.9579077882,73.972919926202,
    131.20806924812));
#7238 = DIRECTION('',(-0.691366009607,0.407794409087,0.596419953286));
#7239 = DIRECTION('',(-0.653200178498,-2.775557561563E-17,
    -0.757185265843));
#7240 = ADVANCED_FACE('',(#7241),#7246,.T.);
#7241 = FACE_BOUND('',#7242,.F.);
#7242 = EDGE_LOOP('',(#7243,#7244,#7245));
#7243 = ORIENTED_EDGE('',*,*,#7196,.F.);
#7244 = ORIENTED_EDGE('',*,*,#5787,.T.);
#7245 = ORIENTED_EDGE('',*,*,#7211,.T.);
#7246 = PLANE('',#7247);
#7247 = AXIS2_PLACEMENT_3D('',#7248,#7249,#7250);
#7248 = CARTESIAN_POINT('',(-60.85075053916,71.940333387444,
    131.72084375663));
#7249 = DIRECTION('',(-0.363741646302,-0.909699648753,0.200346110031));
#7250 = DIRECTION('',(-0.928525328933,0.371269058136,0.));
#7251 = ADVANCED_FACE('',(#7252),#7269,.T.);
#7252 = FACE_BOUND('',#7253,.F.);
#7253 = EDGE_LOOP('',(#7254,#7262,#7268));
#7254 = ORIENTED_EDGE('',*,*,#7255,.F.);
#7255 = EDGE_CURVE('',#7256,#32,#7258,.T.);
#7256 = VERTEX_POINT('',#7257);
#7257 = CARTESIAN_POINT('',(-43.83759307861,65.976165771484,
    167.2296295166));
#7258 = LINE('',#7259,#7260);
#7259 = CARTESIAN_POINT('',(-43.83759307861,65.976165771484,
    167.2296295166));
#7260 = VECTOR('',#7261,1.);
#7261 = DIRECTION('',(0.827594718386,-0.115776323427,0.549256611279));
#7262 = ORIENTED_EDGE('',*,*,#7263,.F.);
#7263 = EDGE_CURVE('',#40,#7256,#7264,.T.);
#7264 = LINE('',#7265,#7266);
#7265 = CARTESIAN_POINT('',(-104.178451538,90.062454223633,
    179.13093566894));
#7266 = VECTOR('',#7267,1.);
#7267 = DIRECTION('',(0.913541656535,-0.364658846661,-0.180182039416));
#7268 = ORIENTED_EDGE('',*,*,#39,.T.);
#7269 = PLANE('',#7270);
#7270 = AXIS2_PLACEMENT_3D('',#7271,#7272,#7273);
#7271 = CARTESIAN_POINT('',(-73.1385386055,77.782227680214,
    173.37400688815));
#7272 = DIRECTION('',(-0.30937577706,-0.910543103753,0.274222327277));
#7273 = DIRECTION('',(-0.946838921929,0.321708028994,1.387778780781E-17)
  );
#7274 = ADVANCED_FACE('',(#7275),#7326,.T.);
#7275 = FACE_BOUND('',#7276,.F.);
#7276 = EDGE_LOOP('',(#7277,#7278,#7279,#7280,#7288,#7296,#7304,#7312,
    #7318,#7319,#7320));
#7277 = ORIENTED_EDGE('',*,*,#5945,.F.);
#7278 = ORIENTED_EDGE('',*,*,#115,.T.);
#7279 = ORIENTED_EDGE('',*,*,#173,.F.);
#7280 = ORIENTED_EDGE('',*,*,#7281,.F.);
#7281 = EDGE_CURVE('',#7282,#166,#7284,.T.);
#7282 = VERTEX_POINT('',#7283);
#7283 = CARTESIAN_POINT('',(-66.71585885486,89.871039413085,
    169.92174903808));
#7284 = LINE('',#7285,#7286);
#7285 = CARTESIAN_POINT('',(-66.83092818502,89.896503565743,
    169.87648120054));
#7286 = VECTOR('',#7287,1.);
#7287 = DIRECTION('',(0.911454865778,-0.201699495513,0.358562883132));
#7288 = ORIENTED_EDGE('',*,*,#7289,.F.);
#7289 = EDGE_CURVE('',#7290,#7282,#7292,.T.);
#7290 = VERTEX_POINT('',#7291);
#7291 = CARTESIAN_POINT('',(-67.46167583068,90.097148728054,
    169.83110948585));
#7292 = LINE('',#7293,#7294);
#7293 = CARTESIAN_POINT('',(-67.23208410171,90.027543408998,
    169.85901189647));
#7294 = VECTOR('',#7295,1.);
#7295 = DIRECTION('',(0.950579914672,-0.288187290312,0.115524506163));
#7296 = ORIENTED_EDGE('',*,*,#7297,.F.);
#7297 = EDGE_CURVE('',#7298,#7290,#7300,.T.);
#7298 = VERTEX_POINT('',#7299);
#7299 = CARTESIAN_POINT('',(-68.18659062138,90.375530222308,
    169.9376191622));
#7300 = LINE('',#7301,#7302);
#7301 = CARTESIAN_POINT('',(-67.61510205448,90.156067406481,
    169.85365196622));
#7302 = VECTOR('',#7303,1.);
#7303 = DIRECTION('',(0.92487246459,-0.355169161932,-0.135888890844));
#7304 = ORIENTED_EDGE('',*,*,#7305,.F.);
#7305 = EDGE_CURVE('',#7306,#7298,#7308,.T.);
#7306 = VERTEX_POINT('',#7307);
#7307 = CARTESIAN_POINT('',(-68.84120120244,90.687218372561,
    170.23403890212));
#7308 = LINE('',#7309,#7310);
#7309 = CARTESIAN_POINT('',(-68.02421251862,90.298215049049,
    169.86409136356));
#7310 = VECTOR('',#7311,1.);
#7311 = DIRECTION('',(0.835728879843,-0.39792633393,-0.378433444824));
#7312 = ORIENTED_EDGE('',*,*,#7313,.F.);
#7313 = EDGE_CURVE('',#623,#7306,#7314,.T.);
#7314 = LINE('',#7315,#7316);
#7315 = CARTESIAN_POINT('',(-68.48744141737,90.475002980571,
    169.92849628772));
#7316 = VECTOR('',#7317,1.);
#7317 = DIRECTION('',(0.689107741872,-0.413385793805,-0.595182917743));
#7318 = ORIENTED_EDGE('',*,*,#622,.F.);
#7319 = ORIENTED_EDGE('',*,*,#644,.T.);
#7320 = ORIENTED_EDGE('',*,*,#7321,.T.);
#7321 = EDGE_CURVE('',#645,#4114,#7322,.T.);
#7322 = LINE('',#7323,#7324);
#7323 = CARTESIAN_POINT('',(-97.55337524414,101.97930145263,
    175.33602905273));
#7324 = VECTOR('',#7325,1.);
#7325 = DIRECTION('',(0.916328235223,-0.362543397318,-0.170014265269));
#7326 = PLANE('',#7327);
#7327 = AXIS2_PLACEMENT_3D('',#7328,#7329,#7330);
#7328 = CARTESIAN_POINT('',(-67.27846404024,90.109678009152,
    170.07941075934));
#7329 = DIRECTION('',(0.309375726024,0.910543146997,-0.274222241263));
#7330 = DIRECTION('',(0.946838942749,-0.321707967719,-4.163336342344E-17
    ));
#7331 = ADVANCED_FACE('',(#7332),#7357,.T.);
#7332 = FACE_BOUND('',#7333,.F.);
#7333 = EDGE_LOOP('',(#7334,#7344,#7350,#7351));
#7334 = ORIENTED_EDGE('',*,*,#7335,.F.);
#7335 = EDGE_CURVE('',#7336,#7338,#7340,.T.);
#7336 = VERTEX_POINT('',#7337);
#7337 = CARTESIAN_POINT('',(-64.85419637451,89.620490869141,
    171.25469233398));
#7338 = VERTEX_POINT('',#7339);
#7339 = CARTESIAN_POINT('',(-66.30917531738,85.981696923828,
    172.05605341796));
#7340 = LINE('',#7341,#7342);
#7341 = CARTESIAN_POINT('',(-64.85419637451,89.620490869141,
    171.25469233398));
#7342 = VECTOR('',#7343,1.);
#7343 = DIRECTION('',(-0.363745137116,-0.909699490194,0.200340492075));
#7344 = ORIENTED_EDGE('',*,*,#7345,.T.);
#7345 = EDGE_CURVE('',#7336,#148,#7346,.T.);
#7346 = LINE('',#7347,#7348);
#7347 = CARTESIAN_POINT('',(-64.85419637451,89.620490869141,
    171.25469233398));
#7348 = VECTOR('',#7349,1.);
#7349 = DIRECTION('',(-0.624267623824,7.843165118225E-02,-0.777263410909
    ));
#7350 = ORIENTED_EDGE('',*,*,#147,.T.);
#7351 = ORIENTED_EDGE('',*,*,#7352,.T.);
#7352 = EDGE_CURVE('',#150,#7338,#7353,.T.);
#7353 = LINE('',#7354,#7355);
#7354 = CARTESIAN_POINT('',(-66.79807454834,86.043121179199,
    171.44733454589));
#7355 = VECTOR('',#7356,1.);
#7356 = DIRECTION('',(0.624267623824,-7.843165118225E-02,0.777263410909)
  );
#7357 = PLANE('',#7358);
#7358 = AXIS2_PLACEMENT_3D('',#7359,#7360,#7361);
#7359 = CARTESIAN_POINT('',(-65.82613546142,87.83180602417,
    171.35101343994));
#7360 = DIRECTION('',(0.691363093079,-0.407791868932,-0.596425070869));
#7361 = DIRECTION('',(0.653204971693,2.775557561563E-17,0.757181130877)
  );
#7362 = ADVANCED_FACE('',(#7363),#7381,.T.);
#7363 = FACE_BOUND('',#7364,.F.);
#7364 = EDGE_LOOP('',(#7365,#7366,#7374,#7380));
#7365 = ORIENTED_EDGE('',*,*,#165,.F.);
#7366 = ORIENTED_EDGE('',*,*,#7367,.T.);
#7367 = EDGE_CURVE('',#158,#7368,#7370,.T.);
#7368 = VERTEX_POINT('',#7369);
#7369 = CARTESIAN_POINT('',(-66.64958364257,90.036788781738,
    169.8852465332));
#7370 = LINE('',#7371,#7372);
#7371 = CARTESIAN_POINT('',(-65.95546132812,89.823905786133,
    170.17887141113));
#7372 = VECTOR('',#7373,1.);
#7373 = DIRECTION('',(-0.886309032921,0.271825466538,-0.374922943955));
#7374 = ORIENTED_EDGE('',*,*,#7375,.T.);
#7375 = EDGE_CURVE('',#7368,#7282,#7376,.T.);
#7376 = LINE('',#7377,#7378);
#7377 = CARTESIAN_POINT('',(-66.64958364257,90.036788781738,
    169.8852465332));
#7378 = VECTOR('',#7379,1.);
#7379 = DIRECTION('',(-0.363745137116,-0.909699490194,0.200340492075));
#7380 = ORIENTED_EDGE('',*,*,#7281,.T.);
#7381 = PLANE('',#7382);
#7382 = AXIS2_PLACEMENT_3D('',#7383,#7384,#7385);
#7383 = CARTESIAN_POINT('',(-67.03001195678,88.110950311279,
    170.43273951416));
#7384 = DIRECTION('',(0.286609563253,-0.313939985443,-0.905150067001));
#7385 = DIRECTION('',(-2.775557561563E-17,0.944786238292,-0.327687295962
    ));
#7386 = ADVANCED_FACE('',(#7387),#7404,.T.);
#7387 = FACE_BOUND('',#7388,.F.);
#7388 = EDGE_LOOP('',(#7389,#7397,#7398));
#7389 = ORIENTED_EDGE('',*,*,#7390,.T.);
#7390 = EDGE_CURVE('',#7391,#158,#7393,.T.);
#7391 = VERTEX_POINT('',#7392);
#7392 = CARTESIAN_POINT('',(-64.52210408935,89.643813928223,
    171.96356989746));
#7393 = LINE('',#7394,#7395);
#7394 = CARTESIAN_POINT('',(-64.52210408935,89.643813928223,
    171.96356989746));
#7395 = VECTOR('',#7396,1.);
#7396 = DIRECTION('',(-0.624256166597,7.843365897457E-02,-0.777272410166
    ));
#7397 = ORIENTED_EDGE('',*,*,#157,.F.);
#7398 = ORIENTED_EDGE('',*,*,#7399,.F.);
#7399 = EDGE_CURVE('',#7391,#148,#7400,.T.);
#7400 = LINE('',#7401,#7402);
#7401 = CARTESIAN_POINT('',(-64.52210408935,89.643813928223,
    171.96356989746));
#7402 = VECTOR('',#7403,1.);
#7403 = DIRECTION('',(-0.52867833303,2.453530462278E-02,-0.84846758277)
  );
#7404 = PLANE('',#7405);
#7405 = AXIS2_PLACEMENT_3D('',#7406,#7407,#7408);
#7406 = CARTESIAN_POINT('',(-65.20553870385,89.713279909518,
    171.038134894));
#7407 = DIRECTION('',(0.363756065057,0.909693059412,-0.20034985099));
#7408 = DIRECTION('',(0.928519328251,-0.371284065191,0.));
#7409 = ADVANCED_FACE('',(#7410),#7420,.T.);
#7410 = FACE_BOUND('',#7411,.F.);
#7411 = EDGE_LOOP('',(#7412,#7413,#7419));
#7412 = ORIENTED_EDGE('',*,*,#241,.T.);
#7413 = ORIENTED_EDGE('',*,*,#7414,.F.);
#7414 = EDGE_CURVE('',#7338,#234,#7415,.T.);
#7415 = LINE('',#7416,#7417);
#7416 = CARTESIAN_POINT('',(-66.30917531738,85.981696923828,
    172.05605341796));
#7417 = VECTOR('',#7418,1.);
#7418 = DIRECTION('',(0.424042442978,2.978077899703E-02,0.905152535077)
  );
#7419 = ORIENTED_EDGE('',*,*,#7352,.F.);
#7420 = PLANE('',#7421);
#7421 = AXIS2_PLACEMENT_3D('',#7422,#7423,#7424);
#7422 = CARTESIAN_POINT('',(-66.36789359991,86.013431648031,
    172.09355931139));
#7423 = DIRECTION('',(-0.363710253638,-0.909717820332,0.200320589977));
#7424 = DIRECTION('',(-0.928538930891,0.371235038514,0.));
#7425 = ADVANCED_FACE('',(#7426),#7443,.T.);
#7426 = FACE_BOUND('',#7427,.F.);
#7427 = EDGE_LOOP('',(#7428,#7436,#7437));
#7428 = ORIENTED_EDGE('',*,*,#7429,.T.);
#7429 = EDGE_CURVE('',#7430,#234,#7432,.T.);
#7430 = VERTEX_POINT('',#7431);
#7431 = CARTESIAN_POINT('',(-68.05019552002,86.739890893555,
    172.33779169921));
#7432 = LINE('',#7433,#7434);
#7433 = CARTESIAN_POINT('',(-68.05019552002,86.739890893555,
    172.33779169921));
#7434 = VECTOR('',#7435,1.);
#7435 = DIRECTION('',(0.925249710419,-0.327979837695,0.190636301463));
#7436 = ORIENTED_EDGE('',*,*,#289,.F.);
#7437 = ORIENTED_EDGE('',*,*,#7438,.T.);
#7438 = EDGE_CURVE('',#280,#7430,#7439,.T.);
#7439 = LINE('',#7440,#7441);
#7440 = CARTESIAN_POINT('',(-68.37411672363,86.839233239746,
    172.20076777343));
#7441 = VECTOR('',#7442,1.);
#7442 = DIRECTION('',(0.886310477269,-0.271819693443,0.374923715094));
#7443 = PLANE('',#7444);
#7444 = AXIS2_PLACEMENT_3D('',#7445,#7446,#7447);
#7445 = CARTESIAN_POINT('',(-67.17866230292,86.426543396549,
    172.497342893));
#7446 = DIRECTION('',(-0.363747870482,-0.909693358754,0.200363369305));
#7447 = DIRECTION('',(-0.928522253848,0.371276748678,0.));
#7448 = ADVANCED_FACE('',(#7449),#7466,.T.);
#7449 = FACE_BOUND('',#7450,.F.);
#7450 = EDGE_LOOP('',(#7451,#7459,#7465));
#7451 = ORIENTED_EDGE('',*,*,#7452,.T.);
#7452 = EDGE_CURVE('',#311,#7453,#7455,.T.);
#7453 = VERTEX_POINT('',#7454);
#7454 = CARTESIAN_POINT('',(-67.25913411865,90.603675683594,
    171.35265375976));
#7455 = LINE('',#7456,#7457);
#7456 = CARTESIAN_POINT('',(-68.71411306152,86.964889367676,
    172.15403010253));
#7457 = VECTOR('',#7458,1.);
#7458 = DIRECTION('',(0.363745490265,0.909698466041,-0.200344501284));
#7459 = ORIENTED_EDGE('',*,*,#7460,.F.);
#7460 = EDGE_CURVE('',#280,#7453,#7461,.T.);
#7461 = LINE('',#7462,#7463);
#7462 = CARTESIAN_POINT('',(-68.37411672363,86.839233239746,
    172.20076777343));
#7463 = VECTOR('',#7464,1.);
#7464 = DIRECTION('',(0.277589895806,0.93720850988,-0.211149375457));
#7465 = ORIENTED_EDGE('',*,*,#310,.F.);
#7466 = PLANE('',#7467);
#7467 = AXIS2_PLACEMENT_3D('',#7468,#7469,#7470);
#7468 = CARTESIAN_POINT('',(-67.92946917491,88.672107816549,
    171.78302969737));
#7469 = DIRECTION('',(-4.745252552803E-02,0.232894733872,0.971343554442)
  );
#7470 = DIRECTION('',(3.469446951954E-18,-0.972439012432,0.233157386974)
  );
#7471 = ADVANCED_FACE('',(#7472),#7482,.T.);
#7472 = FACE_BOUND('',#7473,.F.);
#7473 = EDGE_LOOP('',(#7474,#7480,#7481));
#7474 = ORIENTED_EDGE('',*,*,#7475,.T.);
#7475 = EDGE_CURVE('',#342,#7453,#7476,.T.);
#7476 = LINE('',#7477,#7478);
#7477 = CARTESIAN_POINT('',(-69.0470064331,87.108291467285,
    172.20076777343));
#7478 = VECTOR('',#7479,1.);
#7479 = DIRECTION('',(0.445115032547,0.870223251756,-0.211149472895));
#7480 = ORIENTED_EDGE('',*,*,#7452,.F.);
#7481 = ORIENTED_EDGE('',*,*,#341,.F.);
#7482 = PLANE('',#7483);
#7483 = AXIS2_PLACEMENT_3D('',#7484,#7485,#7486);
#7484 = CARTESIAN_POINT('',(-68.10536015842,88.742440245694,
    171.78302938895));
#7485 = DIRECTION('',(0.194947538586,0.135970299632,0.971343160174));
#7486 = DIRECTION('',(0.980448671477,0.,-0.196775005014));
#7487 = ADVANCED_FACE('',(#7488),#7513,.T.);
#7488 = FACE_BOUND('',#7489,.F.);
#7489 = EDGE_LOOP('',(#7490,#7498,#7499,#7507));
#7490 = ORIENTED_EDGE('',*,*,#7491,.F.);
#7491 = EDGE_CURVE('',#342,#7492,#7494,.T.);
#7492 = VERTEX_POINT('',#7493);
#7493 = CARTESIAN_POINT('',(-67.59202749023,90.747085412598,
    171.39939143066));
#7494 = LINE('',#7495,#7496);
#7495 = CARTESIAN_POINT('',(-69.0470064331,87.108291467285,
    172.20076777343));
#7496 = VECTOR('',#7497,1.);
#7497 = DIRECTION('',(0.363744859125,0.909698794961,-0.200344153664));
#7498 = ORIENTED_EDGE('',*,*,#372,.F.);
#7499 = ORIENTED_EDGE('',*,*,#7500,.T.);
#7500 = EDGE_CURVE('',#373,#7501,#7503,.T.);
#7501 = VERTEX_POINT('',#7502);
#7502 = CARTESIAN_POINT('',(-67.89514333496,90.898460229492,
    171.53641535644));
#7503 = LINE('',#7504,#7505);
#7504 = CARTESIAN_POINT('',(-69.35012227783,87.25966628418,
    172.33779169921));
#7505 = VECTOR('',#7506,1.);
#7506 = DIRECTION('',(0.363744859125,0.909698794961,-0.200344153664));
#7507 = ORIENTED_EDGE('',*,*,#7508,.F.);
#7508 = EDGE_CURVE('',#7492,#7501,#7509,.T.);
#7509 = LINE('',#7510,#7511);
#7510 = CARTESIAN_POINT('',(-67.59202749023,90.747085412598,
    171.39939143066));
#7511 = VECTOR('',#7512,1.);
#7512 = DIRECTION('',(-0.829383952275,0.414190963934,0.374924132465));
#7513 = PLANE('',#7514);
#7514 = AXIS2_PLACEMENT_3D('',#7515,#7516,#7517);
#7515 = CARTESIAN_POINT('',(-68.47107488403,89.003375848389,
    171.86859156494));
#7516 = DIRECTION('',(0.424048769647,2.978550023584E-02,0.905149415807)
  );
#7517 = DIRECTION('',(0.905551196595,-1.734723475977E-18,-0.424236997851
    ));
#7518 = ADVANCED_FACE('',(#7519),#7537,.T.);
#7519 = FACE_BOUND('',#7520,.F.);
#7520 = EDGE_LOOP('',(#7521,#7529,#7535,#7536));
#7521 = ORIENTED_EDGE('',*,*,#7522,.T.);
#7522 = EDGE_CURVE('',#404,#7523,#7525,.T.);
#7523 = VERTEX_POINT('',#7524);
#7524 = CARTESIAN_POINT('',(-68.14782125244,91.04750045166,
    171.7543871582));
#7525 = LINE('',#7526,#7527);
#7526 = CARTESIAN_POINT('',(-69.60280019531,87.408706506348,
    172.55576350097));
#7527 = VECTOR('',#7528,1.);
#7528 = DIRECTION('',(0.363744859125,0.909698794961,-0.200344153664));
#7529 = ORIENTED_EDGE('',*,*,#7530,.F.);
#7530 = EDGE_CURVE('',#7501,#7523,#7531,.T.);
#7531 = LINE('',#7532,#7533);
#7532 = CARTESIAN_POINT('',(-67.89514333496,90.898460229492,
    171.53641535644));
#7533 = VECTOR('',#7534,1.);
#7534 = DIRECTION('',(-0.691371520877,0.407800436618,0.596409443264));
#7535 = ORIENTED_EDGE('',*,*,#7500,.F.);
#7536 = ORIENTED_EDGE('',*,*,#403,.F.);
#7537 = PLANE('',#7538);
#7538 = AXIS2_PLACEMENT_3D('',#7539,#7540,#7541);
#7539 = CARTESIAN_POINT('',(-68.74897176513,89.15358336792,
    172.04608942871));
#7540 = DIRECTION('',(0.624253385188,-7.84286267047E-02,0.777275151793)
  );
#7541 = DIRECTION('',(0.779676765786,-6.938893903907E-18,-0.626182194647
    ));
#7542 = ADVANCED_FACE('',(#7543),#7561,.T.);
#7543 = FACE_BOUND('',#7544,.F.);
#7544 = EDGE_LOOP('',(#7545,#7553,#7559,#7560));
#7545 = ORIENTED_EDGE('',*,*,#7546,.T.);
#7546 = EDGE_CURVE('',#435,#7547,#7549,.T.);
#7547 = VERTEX_POINT('',#7548);
#7548 = CARTESIAN_POINT('',(-68.33284169921,91.184036096191,
    172.03846003418));
#7549 = LINE('',#7550,#7551);
#7550 = CARTESIAN_POINT('',(-69.78782064209,87.545242150879,
    172.83983637695));
#7551 = VECTOR('',#7552,1.);
#7552 = DIRECTION('',(0.363744859125,0.909698794961,-0.200344153664));
#7553 = ORIENTED_EDGE('',*,*,#7554,.F.);
#7554 = EDGE_CURVE('',#7523,#7547,#7555,.T.);
#7555 = LINE('',#7556,#7557);
#7556 = CARTESIAN_POINT('',(-68.14782125244,91.04750045166,
    171.7543871582));
#7557 = VECTOR('',#7558,1.);
#7558 = DIRECTION('',(-0.506246574261,0.3735841282,0.777270419613));
#7559 = ORIENTED_EDGE('',*,*,#7522,.F.);
#7560 = ORIENTED_EDGE('',*,*,#434,.F.);
#7561 = PLANE('',#7562);
#7562 = AXIS2_PLACEMENT_3D('',#7563,#7564,#7565);
#7563 = CARTESIAN_POINT('',(-68.96782094726,89.29637130127,
    172.29711176757));
#7564 = DIRECTION('',(0.781927360182,-0.181304577845,0.596421204729));
#7565 = DIRECTION('',(-0.606472274131,1.387778780781E-17,0.795104635071)
  );
#7566 = ADVANCED_FACE('',(#7567),#7585,.T.);
#7567 = FACE_BOUND('',#7568,.F.);
#7568 = EDGE_LOOP('',(#7569,#7577,#7583,#7584));
#7569 = ORIENTED_EDGE('',*,*,#7570,.T.);
#7570 = EDGE_CURVE('',#466,#7571,#7573,.T.);
#7571 = VERTEX_POINT('',#7572);
#7572 = CARTESIAN_POINT('',(-68.43758565673,91.298774560547,
    172.36927058105));
#7573 = LINE('',#7574,#7575);
#7574 = CARTESIAN_POINT('',(-69.8925645996,87.659980615234,
    173.17064692382));
#7575 = VECTOR('',#7576,1.);
#7576 = DIRECTION('',(0.363744859125,0.909698794961,-0.200344153664));
#7577 = ORIENTED_EDGE('',*,*,#7578,.F.);
#7578 = EDGE_CURVE('',#7547,#7571,#7579,.T.);
#7579 = LINE('',#7580,#7581);
#7580 = CARTESIAN_POINT('',(-68.33284169921,91.184036096191,
    172.03846003418));
#7581 = VECTOR('',#7582,1.);
#7582 = DIRECTION('',(-0.286596934702,0.313943572073,0.905152821668));
#7583 = ORIENTED_EDGE('',*,*,#7546,.F.);
#7584 = ORIENTED_EDGE('',*,*,#465,.F.);
#7585 = PLANE('',#7586);
#7586 = AXIS2_PLACEMENT_3D('',#7587,#7588,#7589);
#7587 = CARTESIAN_POINT('',(-69.11270314941,89.422008355713,
    172.604553479));
#7588 = DIRECTION('',(0.886313190378,-0.271826665281,0.374912246537));
#7589 = DIRECTION('',(-0.389581457615,-2.775557561563E-17,0.920992012931
    ));
#7590 = ADVANCED_FACE('',(#7591),#7609,.T.);
#7591 = FACE_BOUND('',#7592,.F.);
#7592 = EDGE_LOOP('',(#7593,#7601,#7607,#7608));
#7593 = ORIENTED_EDGE('',*,*,#7594,.T.);
#7594 = EDGE_CURVE('',#497,#7595,#7597,.T.);
#7595 = VERTEX_POINT('',#7596);
#7596 = CARTESIAN_POINT('',(-68.4549348999,91.383888085937,
    172.72426630859));
#7597 = LINE('',#7598,#7599);
#7598 = CARTESIAN_POINT('',(-69.90991384277,87.745094140625,
    173.52564265136));
#7599 = VECTOR('',#7600,1.);
#7600 = DIRECTION('',(0.363744859125,0.909698794961,-0.200344153664));
#7601 = ORIENTED_EDGE('',*,*,#7602,.F.);
#7602 = EDGE_CURVE('',#7571,#7595,#7603,.T.);
#7603 = LINE('',#7604,#7605);
#7604 = CARTESIAN_POINT('',(-68.43758565673,91.298774560547,
    172.36927058105));
#7605 = VECTOR('',#7606,1.);
#7606 = DIRECTION('',(-4.747123181042E-02,0.232888769603,0.971344070422)
  );
#7607 = ORIENTED_EDGE('',*,*,#7570,.F.);
#7608 = ORIENTED_EDGE('',*,*,#496,.F.);
#7609 = PLANE('',#7610);
#7610 = AXIS2_PLACEMENT_3D('',#7611,#7612,#7613);
#7611 = CARTESIAN_POINT('',(-69.17374974975,89.521934350586,
    172.94745661621));
#7612 = DIRECTION('',(0.930288433864,-0.343810828321,0.127896615073));
#7613 = DIRECTION('',(0.346657753251,0.937991685524,-1.387778780781E-17)
  );
#7614 = ADVANCED_FACE('',(#7615),#7625,.T.);
#7615 = FACE_BOUND('',#7616,.F.);
#7616 = EDGE_LOOP('',(#7617,#7618,#7624));
#7617 = ORIENTED_EDGE('',*,*,#527,.F.);
#7618 = ORIENTED_EDGE('',*,*,#7619,.F.);
#7619 = EDGE_CURVE('',#7595,#528,#7620,.T.);
#7620 = LINE('',#7621,#7622);
#7621 = CARTESIAN_POINT('',(-68.4549348999,91.383888085937,
    172.72426630859));
#7622 = VECTOR('',#7623,1.);
#7623 = DIRECTION('',(-0.344497304771,-0.893552705457,0.287897845729));
#7624 = ORIENTED_EDGE('',*,*,#7594,.F.);
#7625 = PLANE('',#7626);
#7626 = AXIS2_PLACEMENT_3D('',#7627,#7628,#7629);
#7627 = CARTESIAN_POINT('',(-69.19552015285,89.498151162614,
    173.23522463519));
#7628 = DIRECTION('',(0.910870861799,-0.392377467932,-0.127883524289));
#7629 = DIRECTION('',(0.395625875468,0.918411763133,-1.387778780781E-17)
  );
#7630 = ADVANCED_FACE('',(#7631),#7648,.T.);
#7631 = FACE_BOUND('',#7632,.F.);
#7632 = EDGE_LOOP('',(#7633,#7641,#7647));
#7633 = ORIENTED_EDGE('',*,*,#7634,.T.);
#7634 = EDGE_CURVE('',#559,#7635,#7637,.T.);
#7635 = VERTEX_POINT('',#7636);
#7636 = CARTESIAN_POINT('',(-69.80952626953,88.26552565918,
    176.07105280761));
#7637 = LINE('',#7638,#7639);
#7638 = CARTESIAN_POINT('',(-71.133928125,87.910880883789,
    172.05605341796));
#7639 = VECTOR('',#7640,1.);
#7640 = DIRECTION('',(0.312164222338,8.359049789824E-02,0.946343556513)
  );
#7641 = ORIENTED_EDGE('',*,*,#7642,.F.);
#7642 = EDGE_CURVE('',#528,#7635,#7643,.T.);
#7643 = LINE('',#7644,#7645);
#7644 = CARTESIAN_POINT('',(-69.83866292724,87.794792016602,
    173.88065363769));
#7645 = VECTOR('',#7646,1.);
#7646 = DIRECTION('',(1.300395422265E-02,0.210092688017,0.977594987516)
  );
#7647 = ORIENTED_EDGE('',*,*,#568,.F.);
#7648 = PLANE('',#7649);
#7649 = AXIS2_PLACEMENT_3D('',#7650,#7651,#7652);
#7650 = CARTESIAN_POINT('',(-70.30913361929,88.012844338333,
    174.01657609589));
#7651 = DIRECTION('',(-0.363745103362,-0.909699616004,0.200339982087));
#7652 = DIRECTION('',(-0.928524107898,0.371272111871,4.163336342344E-17)
  );
#7653 = ADVANCED_FACE('',(#7654),#7671,.T.);
#7654 = FACE_BOUND('',#7655,.F.);
#7655 = EDGE_LOOP('',(#7656,#7664,#7670));
#7656 = ORIENTED_EDGE('',*,*,#7657,.T.);
#7657 = EDGE_CURVE('',#590,#7658,#7660,.T.);
#7658 = VERTEX_POINT('',#7659);
#7659 = CARTESIAN_POINT('',(-69.90341359863,91.795539697266,
    171.96356989746));
#7660 = LINE('',#7661,#7662);
#7661 = CARTESIAN_POINT('',(-69.28248769531,91.257087548828,
    170.64597346191));
#7662 = VECTOR('',#7663,1.);
#7663 = DIRECTION('',(-0.399845798947,0.346736749644,0.848467420418));
#7664 = ORIENTED_EDGE('',*,*,#7665,.F.);
#7665 = EDGE_CURVE('',#592,#7658,#7666,.T.);
#7666 = LINE('',#7667,#7668);
#7667 = CARTESIAN_POINT('',(-69.67894918212,91.549674829102,
    171.25469233398));
#7668 = VECTOR('',#7669,1.);
#7669 = DIRECTION('',(-0.286613360857,0.313939096801,0.905149172722));
#7670 = ORIENTED_EDGE('',*,*,#589,.F.);
#7671 = PLANE('',#7672);
#7672 = AXIS2_PLACEMENT_3D('',#7673,#7674,#7675);
#7673 = CARTESIAN_POINT('',(-69.61454307145,91.532179386566,
    171.29219896993));
#7674 = DIRECTION('',(0.363770990606,0.909692015164,-0.200327491724));
#7675 = DIRECTION('',(0.92851392926,-0.371297566878,-4.163336342344E-17)
  );
#7676 = ADVANCED_FACE('',(#7677),#7695,.T.);
#7677 = FACE_BOUND('',#7678,.F.);
#7678 = EDGE_LOOP('',(#7679,#7687,#7688,#7689));
#7679 = ORIENTED_EDGE('',*,*,#7680,.T.);
#7680 = EDGE_CURVE('',#7681,#590,#7683,.T.);
#7681 = VERTEX_POINT('',#7682);
#7682 = CARTESIAN_POINT('',(-68.74103719482,90.93772109375,
    170.17887141113));
#7683 = LINE('',#7684,#7685);
#7684 = CARTESIAN_POINT('',(-68.74103719482,90.93772109375,
    170.17887141113));
#7685 = VECTOR('',#7686,1.);
#7686 = DIRECTION('',(-0.6913617004,0.407789327435,0.596428422907));
#7687 = ORIENTED_EDGE('',*,*,#630,.T.);
#7688 = ORIENTED_EDGE('',*,*,#7313,.T.);
#7689 = ORIENTED_EDGE('',*,*,#7690,.F.);
#7690 = EDGE_CURVE('',#7681,#7306,#7691,.T.);
#7691 = LINE('',#7692,#7693);
#7692 = CARTESIAN_POINT('',(-68.74103719482,90.93772109375,
    170.17887141113));
#7693 = VECTOR('',#7694,1.);
#7694 = DIRECTION('',(-0.363745137116,-0.909699490194,0.200340492075));
#7695 = PLANE('',#7696);
#7696 = AXIS2_PLACEMENT_3D('',#7697,#7698,#7699);
#7697 = CARTESIAN_POINT('',(-69.7392519165,89.278007348633,
    170.81310297851));
#7698 = DIRECTION('',(-0.624267346779,7.844019521049E-02,-0.777262771218
    ));
#7699 = DIRECTION('',(-0.779665058781,0.,0.626196771085));
#7700 = ADVANCED_FACE('',(#7701),#7719,.T.);
#7701 = FACE_BOUND('',#7702,.F.);
#7702 = EDGE_LOOP('',(#7703,#7704,#7705,#7713));
#7703 = ORIENTED_EDGE('',*,*,#599,.F.);
#7704 = ORIENTED_EDGE('',*,*,#7665,.T.);
#7705 = ORIENTED_EDGE('',*,*,#7706,.T.);
#7706 = EDGE_CURVE('',#7658,#7707,#7709,.T.);
#7707 = VERTEX_POINT('',#7708);
#7708 = CARTESIAN_POINT('',(-71.3583925415,88.156745751953,
    172.76493098144));
#7709 = LINE('',#7710,#7711);
#7710 = CARTESIAN_POINT('',(-69.90341359863,91.795539697266,
    171.96356989746));
#7711 = VECTOR('',#7712,1.);
#7712 = DIRECTION('',(-0.363745137116,-0.909699490194,0.200340492075));
#7713 = ORIENTED_EDGE('',*,*,#7714,.T.);
#7714 = EDGE_CURVE('',#7707,#559,#7715,.T.);
#7715 = LINE('',#7716,#7717);
#7716 = CARTESIAN_POINT('',(-71.3583925415,88.156745751953,
    172.76493098144));
#7717 = VECTOR('',#7718,1.);
#7718 = DIRECTION('',(0.286613360857,-0.313939096801,-0.905149172722));
#7719 = PLANE('',#7720);
#7720 = AXIS2_PLACEMENT_3D('',#7721,#7722,#7723);
#7721 = CARTESIAN_POINT('',(-70.51867086181,89.853210290527,
    172.00981165771));
#7722 = DIRECTION('',(-0.886308454111,0.271823348193,-0.374925848067));
#7723 = DIRECTION('',(0.38959521202,-1.387778780781E-17,-0.920986194669)
  );
#7724 = ADVANCED_FACE('',(#7725),#7751,.T.);
#7725 = FACE_BOUND('',#7726,.F.);
#7726 = EDGE_LOOP('',(#7727,#7733,#7734,#7735,#7743,#7749,#7750));
#7727 = ORIENTED_EDGE('',*,*,#7728,.F.);
#7728 = EDGE_CURVE('',#645,#93,#7729,.T.);
#7729 = LINE('',#7730,#7731);
#7730 = CARTESIAN_POINT('',(-97.55337524414,101.97930145263,
    175.33602905273));
#7731 = VECTOR('',#7732,1.);
#7732 = DIRECTION('',(-0.363745089128,-0.909699191036,0.200341937603));
#7733 = ORIENTED_EDGE('',*,*,#684,.F.);
#7734 = ORIENTED_EDGE('',*,*,#5909,.F.);
#7735 = ORIENTED_EDGE('',*,*,#7736,.F.);
#7736 = EDGE_CURVE('',#7737,#5900,#7739,.T.);
#7737 = VERTEX_POINT('',#7738);
#7738 = CARTESIAN_POINT('',(-101.0268635168,89.782136013321,
    176.32161035648));
#7739 = LINE('',#7740,#7741);
#7740 = CARTESIAN_POINT('',(-87.65352184261,79.545873117591,
    157.41352260147));
#7741 = VECTOR('',#7742,1.);
#7742 = DIRECTION('',(0.528156275733,-0.404262944902,-0.746741200004));
#7743 = ORIENTED_EDGE('',*,*,#7744,.F.);
#7744 = EDGE_CURVE('',#5870,#7737,#7745,.T.);
#7745 = LINE('',#7746,#7747);
#7746 = CARTESIAN_POINT('',(-89.55248386648,80.993750423771,
    160.09690870429));
#7747 = VECTOR('',#7748,1.);
#7748 = DIRECTION('',(0.52807391168,-0.40445909034,-0.746693235569));
#7749 = ORIENTED_EDGE('',*,*,#5869,.F.);
#7750 = ORIENTED_EDGE('',*,*,#5812,.F.);
#7751 = PLANE('',#7752);
#7752 = AXIS2_PLACEMENT_3D('',#7753,#7754,#7755);
#7753 = CARTESIAN_POINT('',(-87.37833404541,86.585048675537,
    158.94010925293));
#7754 = DIRECTION('',(0.760558588258,-0.165867837538,0.627724855567));
#7755 = DIRECTION('',(-0.636542244363,-1.387778780781E-17,0.771241837002
    ));
#7756 = ADVANCED_FACE('',(#7757),#7767,.T.);
#7757 = FACE_BOUND('',#7758,.F.);
#7758 = EDGE_LOOP('',(#7759,#7760,#7766));
#7759 = ORIENTED_EDGE('',*,*,#5859,.T.);
#7760 = ORIENTED_EDGE('',*,*,#7761,.F.);
#7761 = EDGE_CURVE('',#4169,#5860,#7762,.T.);
#7762 = LINE('',#7763,#7764);
#7763 = CARTESIAN_POINT('',(-103.8374404907,71.765975952148,
    118.77784729003));
#7764 = VECTOR('',#7765,1.);
#7765 = DIRECTION('',(3.836786250126E-02,0.2762500348,0.960319647513));
#7766 = ORIENTED_EDGE('',*,*,#5845,.T.);
#7767 = PLANE('',#7768);
#7768 = AXIS2_PLACEMENT_3D('',#7769,#7770,#7771);
#7769 = CARTESIAN_POINT('',(-102.8445312493,80.320645624263,
    148.29930271417));
#7770 = DIRECTION('',(-0.304961300259,-0.911942220455,0.274517744227));
#7771 = DIRECTION('',(-0.948376933235,0.317145380713,2.775557561563E-17)
  );
#7772 = ADVANCED_FACE('',(#7773),#7798,.T.);
#7773 = FACE_BOUND('',#7774,.F.);
#7774 = EDGE_LOOP('',(#7775,#7783,#7784,#7792));
#7775 = ORIENTED_EDGE('',*,*,#7776,.F.);
#7776 = EDGE_CURVE('',#5860,#7777,#7779,.T.);
#7777 = VERTEX_POINT('',#7778);
#7778 = CARTESIAN_POINT('',(-76.48347473144,69.992233276367,
    143.73410034179));
#7779 = LINE('',#7780,#7781);
#7780 = CARTESIAN_POINT('',(-101.4953079223,88.629417419434,
    177.39971923828));
#7781 = VECTOR('',#7782,1.);
#7782 = DIRECTION('',(0.544984743919,-0.406087028889,-0.733542741675));
#7783 = ORIENTED_EDGE('',*,*,#5885,.T.);
#7784 = ORIENTED_EDGE('',*,*,#7785,.F.);
#7785 = EDGE_CURVE('',#7786,#5878,#7788,.T.);
#7786 = VERTEX_POINT('',#7787);
#7787 = CARTESIAN_POINT('',(-75.93785858154,71.356781005859,143.43359375
    ));
#7788 = LINE('',#7789,#7790);
#7789 = CARTESIAN_POINT('',(-75.93785858154,71.356781005859,143.43359375
    ));
#7790 = VECTOR('',#7791,1.);
#7791 = DIRECTION('',(-0.544984743919,0.406087028889,0.733542741675));
#7792 = ORIENTED_EDGE('',*,*,#7793,.F.);
#7793 = EDGE_CURVE('',#7777,#7786,#7794,.T.);
#7794 = LINE('',#7795,#7796);
#7795 = CARTESIAN_POINT('',(-76.48347473144,69.992233276367,
    143.73410034179));
#7796 = VECTOR('',#7797,1.);
#7797 = DIRECTION('',(0.363744770777,0.909700164057,-0.200338097341));
#7798 = PLANE('',#7799);
#7799 = AXIS2_PLACEMENT_3D('',#7800,#7801,#7802);
#7800 = CARTESIAN_POINT('',(-88.71658325195,79.993099212646,
    160.41665649414));
#7801 = DIRECTION('',(0.748878436902,-0.157687408037,0.6436736503));
#7802 = DIRECTION('',(-0.651828626687,0.,0.758366297663));
#7803 = ADVANCED_FACE('',(#7804),#7815,.T.);
#7804 = FACE_BOUND('',#7805,.F.);
#7805 = EDGE_LOOP('',(#7806,#7807,#7808,#7809));
#7806 = ORIENTED_EDGE('',*,*,#7785,.T.);
#7807 = ORIENTED_EDGE('',*,*,#5877,.T.);
#7808 = ORIENTED_EDGE('',*,*,#7744,.T.);
#7809 = ORIENTED_EDGE('',*,*,#7810,.F.);
#7810 = EDGE_CURVE('',#7786,#7737,#7811,.T.);
#7811 = LINE('',#7812,#7813);
#7812 = CARTESIAN_POINT('',(-75.93785858154,71.356781005859,143.43359375
    ));
#7813 = VECTOR('',#7814,1.);
#7814 = DIRECTION('',(-0.554045925463,0.406891102034,0.726273187969));
#7815 = PLANE('',#7816);
#7816 = AXIS2_PLACEMENT_3D('',#7817,#7818,#7819);
#7817 = CARTESIAN_POINT('',(-88.7369617785,80.823715202675,
    160.43153467799));
#7818 = DIRECTION('',(0.304169936314,0.91103952669,-0.278366001248));
#7819 = DIRECTION('',(0.948530108251,-0.316686964907,0.));
#7820 = ADVANCED_FACE('',(#7821),#7832,.T.);
#7821 = FACE_BOUND('',#7822,.F.);
#7822 = EDGE_LOOP('',(#7823,#7829,#7830,#7831));
#7823 = ORIENTED_EDGE('',*,*,#7824,.T.);
#7824 = EDGE_CURVE('',#5902,#7786,#7825,.T.);
#7825 = LINE('',#7826,#7827);
#7826 = CARTESIAN_POINT('',(-103.2918243408,73.130523681641,
    118.47733306884));
#7827 = VECTOR('',#7828,1.);
#7828 = DIRECTION('',(0.737896141603,-4.784819459723E-02,0.673216038491)
  );
#7829 = ORIENTED_EDGE('',*,*,#7810,.T.);
#7830 = ORIENTED_EDGE('',*,*,#7736,.T.);
#7831 = ORIENTED_EDGE('',*,*,#5899,.T.);
#7832 = PLANE('',#7833);
#7833 = AXIS2_PLACEMENT_3D('',#7834,#7835,#7836);
#7834 = CARTESIAN_POINT('',(-94.79965352301,78.99205892791,
    147.51626694505));
#7835 = DIRECTION('',(0.309245607118,0.910582607344,-0.274237980011));
#7836 = DIRECTION('',(0.946884395159,-0.321574162837,0.));
#7837 = ADVANCED_FACE('',(#7838),#7850,.T.);
#7838 = FACE_BOUND('',#7839,.F.);
#7839 = EDGE_LOOP('',(#7840,#7841,#7842,#7843,#7844));
#7840 = ORIENTED_EDGE('',*,*,#7824,.F.);
#7841 = ORIENTED_EDGE('',*,*,#5924,.T.);
#7842 = ORIENTED_EDGE('',*,*,#6056,.T.);
#7843 = ORIENTED_EDGE('',*,*,#6087,.F.);
#7844 = ORIENTED_EDGE('',*,*,#7845,.T.);
#7845 = EDGE_CURVE('',#6080,#7786,#7846,.T.);
#7846 = LINE('',#7847,#7848);
#7847 = CARTESIAN_POINT('',(-34.39967727661,52.140411376953,
    126.48960113525));
#7848 = VECTOR('',#7849,1.);
#7849 = DIRECTION('',(-0.851130008973,0.393749276951,0.347187578588));
#7850 = PLANE('',#7851);
#7851 = AXIS2_PLACEMENT_3D('',#7852,#7853,#7854);
#7852 = CARTESIAN_POINT('',(-69.49265615537,64.611601214263,
    128.31303533077));
#7853 = DIRECTION('',(0.309325317361,0.910528046573,-0.274329226375));
#7854 = DIRECTION('',(0.946853283962,-0.321665756105,1.387778780781E-17)
  );
#7855 = ADVANCED_FACE('',(#7856),#7873,.T.);
#7856 = FACE_BOUND('',#7857,.F.);
#7857 = EDGE_LOOP('',(#7858,#7866,#7867));
#7858 = ORIENTED_EDGE('',*,*,#7859,.T.);
#7859 = EDGE_CURVE('',#7860,#2781,#7862,.T.);
#7860 = VERTEX_POINT('',#7861);
#7861 = CARTESIAN_POINT('',(-40.67918625786,65.0122699655,
    163.23477307037));
#7862 = LINE('',#7863,#7864);
#7863 = CARTESIAN_POINT('',(-41.74591445922,66.836250305176,
    168.08772277832));
#7864 = VECTOR('',#7865,1.);
#7865 = DIRECTION('',(0.201535283592,-0.344601825277,-0.916860464566));
#7866 = ORIENTED_EDGE('',*,*,#5969,.T.);
#7867 = ORIENTED_EDGE('',*,*,#7868,.F.);
#7868 = EDGE_CURVE('',#7860,#5960,#7869,.T.);
#7869 = LINE('',#7870,#7871);
#7870 = CARTESIAN_POINT('',(-41.69135284423,66.972709655762,
    168.05767822265));
#7871 = VECTOR('',#7872,1.);
#7872 = DIRECTION('',(0.190845101386,-0.369642919484,-0.909363656274));
#7873 = PLANE('',#7874);
#7874 = AXIS2_PLACEMENT_3D('',#7875,#7876,#7877);
#7875 = CARTESIAN_POINT('',(-36.94872885559,58.338712745226,
    145.98346029131));
#7876 = DIRECTION('',(0.904550118005,-0.293595811193,0.309177269002));
#7877 = DIRECTION('',(-0.323430985054,1.387778780781E-17,0.946251762433)
  );
#7878 = ADVANCED_FACE('',(#7879),#7894,.T.);
#7879 = FACE_BOUND('',#7880,.F.);
#7880 = EDGE_LOOP('',(#7881,#7887,#7893));
#7881 = ORIENTED_EDGE('',*,*,#7882,.F.);
#7882 = EDGE_CURVE('',#7777,#4169,#7883,.T.);
#7883 = LINE('',#7884,#7885);
#7884 = CARTESIAN_POINT('',(-76.48347473144,69.992233276367,
    143.73410034179));
#7885 = VECTOR('',#7886,1.);
#7886 = DIRECTION('',(-0.737896243842,4.78482012268E-02,-0.673215925958)
  );
#7887 = ORIENTED_EDGE('',*,*,#7888,.T.);
#7888 = EDGE_CURVE('',#7777,#6007,#7889,.T.);
#7889 = LINE('',#7890,#7891);
#7890 = CARTESIAN_POINT('',(-76.48347473144,69.992233276367,
    143.73410034179));
#7891 = VECTOR('',#7892,1.);
#7892 = DIRECTION('',(0.851130055168,-0.393749298322,-0.347187441104));
#7893 = ORIENTED_EDGE('',*,*,#6006,.T.);
#7894 = PLANE('',#7895);
#7895 = AXIS2_PLACEMENT_3D('',#7896,#7897,#7898);
#7896 = CARTESIAN_POINT('',(-70.03827189216,63.247053285093,
    128.61354728613));
#7897 = DIRECTION('',(-0.309325319314,-0.910528019416,0.274329314311));
#7898 = DIRECTION('',(-0.946853280421,0.321665766527,-1.387778780781E-17
    ));
#7899 = ADVANCED_FACE('',(#7900),#7917,.F.);
#7900 = FACE_BOUND('',#7901,.T.);
#7901 = EDGE_LOOP('',(#7902,#7910,#7911));
#7902 = ORIENTED_EDGE('',*,*,#7903,.T.);
#7903 = EDGE_CURVE('',#7904,#4334,#7906,.T.);
#7904 = VERTEX_POINT('',#7905);
#7905 = CARTESIAN_POINT('',(-67.8173828125,64.928092956543,
    121.27730560302));
#7906 = LINE('',#7907,#7908);
#7907 = CARTESIAN_POINT('',(-67.8173828125,64.928092956543,
    121.27730560302));
#7908 = VECTOR('',#7909,1.);
#7909 = DIRECTION('',(0.648848335633,-0.734734542874,0.197891356187));
#7910 = ORIENTED_EDGE('',*,*,#6029,.T.);
#7911 = ORIENTED_EDGE('',*,*,#7912,.T.);
#7912 = EDGE_CURVE('',#4889,#7904,#7913,.T.);
#7913 = LINE('',#7914,#7915);
#7914 = CARTESIAN_POINT('',(-74.06036376953,63.506202697754,
    121.37325286865));
#7915 = VECTOR('',#7916,1.);
#7916 = DIRECTION('',(0.974920996657,0.222046275293,-1.498338765943E-02)
  );
#7917 = PLANE('',#7918);
#7918 = AXIS2_PLACEMENT_3D('',#7919,#7920,#7921);
#7919 = CARTESIAN_POINT('',(-68.17093267972,62.322756787714,
    121.8774214799));
#7920 = DIRECTION('',(-3.723093686358E-02,0.229102753294,0.97268997413)
  );
#7921 = DIRECTION('',(1.734723475977E-18,-0.973364819319,0.229261703108)
  );
#7922 = ADVANCED_FACE('',(#7923),#7934,.T.);
#7923 = FACE_BOUND('',#7924,.F.);
#7924 = EDGE_LOOP('',(#7925,#7931,#7932,#7933));
#7925 = ORIENTED_EDGE('',*,*,#7926,.T.);
#7926 = EDGE_CURVE('',#62,#7860,#7927,.T.);
#7927 = LINE('',#7928,#7929);
#7928 = CARTESIAN_POINT('',(-41.74591445922,66.836250305176,
    168.08772277832));
#7929 = VECTOR('',#7930,1.);
#7930 = DIRECTION('',(0.201535283592,-0.344601825277,-0.916860464566));
#7931 = ORIENTED_EDGE('',*,*,#7868,.T.);
#7932 = ORIENTED_EDGE('',*,*,#6147,.F.);
#7933 = ORIENTED_EDGE('',*,*,#69,.T.);
#7934 = PLANE('',#7935);
#7935 = AXIS2_PLACEMENT_3D('',#7936,#7937,#7938);
#7936 = CARTESIAN_POINT('',(-37.32459055349,57.962971929007,
    146.72630305535));
#7937 = DIRECTION('',(0.904550435451,-0.293595077196,0.309177037264));
#7938 = DIRECTION('',(-0.32343066636,2.775557561563E-17,0.946251871363)
  );
#7939 = ADVANCED_FACE('',(#7940),#7951,.T.);
#7940 = FACE_BOUND('',#7941,.F.);
#7941 = EDGE_LOOP('',(#7942,#7943,#7944,#7945));
#7942 = ORIENTED_EDGE('',*,*,#7255,.T.);
#7943 = ORIENTED_EDGE('',*,*,#6164,.T.);
#7944 = ORIENTED_EDGE('',*,*,#6226,.T.);
#7945 = ORIENTED_EDGE('',*,*,#7946,.T.);
#7946 = EDGE_CURVE('',#6219,#7256,#7947,.T.);
#7947 = LINE('',#7948,#7949);
#7948 = CARTESIAN_POINT('',(-33.93313598632,50.155773162842,
    125.873046875));
#7949 = VECTOR('',#7950,1.);
#7950 = DIRECTION('',(-0.218287499823,0.34867069609,0.911470961199));
#7951 = PLANE('',#7952);
#7952 = AXIS2_PLACEMENT_3D('',#7953,#7954,#7955);
#7953 = CARTESIAN_POINT('',(-38.5661497409,58.175949871599,
    147.2766572045));
#7954 = DIRECTION('',(-0.30937633548,-0.91054263058,0.274223268417));
#7955 = DIRECTION('',(-0.946838694127,0.321708699452,1.387778780781E-17)
  );
#7956 = ADVANCED_FACE('',(#7957),#7975,.T.);
#7957 = FACE_BOUND('',#7958,.F.);
#7958 = EDGE_LOOP('',(#7959,#7960,#7968,#7974));
#7959 = ORIENTED_EDGE('',*,*,#6218,.T.);
#7960 = ORIENTED_EDGE('',*,*,#7961,.T.);
#7961 = EDGE_CURVE('',#6211,#7962,#7964,.T.);
#7962 = VERTEX_POINT('',#7963);
#7963 = CARTESIAN_POINT('',(-34.59712113764,53.005207622199,
    130.22774186509));
#7964 = LINE('',#7965,#7966);
#7965 = CARTESIAN_POINT('',(-33.4966430664,51.247413635254,
    125.63263702392));
#7966 = VECTOR('',#7967,1.);
#7967 = DIRECTION('',(-0.218287539677,0.348670675675,0.911470959464));
#7968 = ORIENTED_EDGE('',*,*,#7969,.T.);
#7969 = EDGE_CURVE('',#7962,#7256,#7970,.T.);
#7970 = LINE('',#7971,#7972);
#7971 = CARTESIAN_POINT('',(-33.44208145141,51.383865356445,
    125.60258483886));
#7972 = VECTOR('',#7973,1.);
#7973 = DIRECTION('',(-0.229385227929,0.321990708755,0.918533832084));
#7974 = ORIENTED_EDGE('',*,*,#7946,.F.);
#7975 = PLANE('',#7976);
#7976 = AXIS2_PLACEMENT_3D('',#7977,#7978,#7979);
#7977 = CARTESIAN_POINT('',(-38.68823797641,58.261294248112,
    146.17947991964));
#7978 = DIRECTION('',(-0.900389737117,0.288249534763,-0.325899565823));
#7979 = DIRECTION('',(0.340345415432,1.387778780781E-17,-0.940300482928)
  );
#7980 = ADVANCED_FACE('',(#7981),#7991,.T.);
#7981 = FACE_BOUND('',#7982,.F.);
#7982 = EDGE_LOOP('',(#7983,#7984,#7990));
#7983 = ORIENTED_EDGE('',*,*,#6179,.F.);
#7984 = ORIENTED_EDGE('',*,*,#7985,.F.);
#7985 = EDGE_CURVE('',#7786,#6007,#7986,.T.);
#7986 = LINE('',#7987,#7988);
#7987 = CARTESIAN_POINT('',(-75.93785858154,71.356781005859,143.43359375
    ));
#7988 = VECTOR('',#7989,1.);
#7989 = DIRECTION('',(0.840094497774,-0.42178173936,-0.341088550311));
#7990 = ORIENTED_EDGE('',*,*,#7845,.F.);
#7991 = PLANE('',#7992);
#7992 = AXIS2_PLACEMENT_3D('',#7993,#7994,#7995);
#7993 = CARTESIAN_POINT('',(-54.9928557367,61.256891164314,
    134.90962125524));
#7994 = DIRECTION('',(0.394807886789,4.42401004627E-02,0.917697960137));
#7995 = DIRECTION('',(0.918597333558,0.,-0.395194811175));
#7996 = ADVANCED_FACE('',(#7997),#8012,.F.);
#7997 = FACE_BOUND('',#7998,.T.);
#7998 = EDGE_LOOP('',(#7999,#8005,#8011));
#7999 = ORIENTED_EDGE('',*,*,#8000,.T.);
#8000 = EDGE_CURVE('',#4334,#6298,#8001,.T.);
#8001 = LINE('',#8002,#8003);
#8002 = CARTESIAN_POINT('',(-62.8913116455,59.34997177124,
    122.77970123291));
#8003 = VECTOR('',#8004,1.);
#8004 = DIRECTION('',(-0.334040730742,0.914520412731,-0.228186776354));
#8005 = ORIENTED_EDGE('',*,*,#8006,.T.);
#8006 = EDGE_CURVE('',#6298,#6243,#8007,.T.);
#8007 = LINE('',#8008,#8009);
#8008 = CARTESIAN_POINT('',(-65.45161437988,66.359443664551,
    121.03073120117));
#8009 = VECTOR('',#8010,1.);
#8010 = DIRECTION('',(0.998445136013,4.893787348764E-02,
    2.669072706194E-02));
#8011 = ORIENTED_EDGE('',*,*,#6251,.F.);
#8012 = PLANE('',#8013);
#8013 = AXIS2_PLACEMENT_3D('',#8014,#8015,#8016);
#8014 = CARTESIAN_POINT('',(-62.75955587509,63.848333118872,
    121.72522678154));
#8015 = DIRECTION('',(-3.723145030874E-02,0.229101740903,0.97269019293)
  );
#8016 = DIRECTION('',(-1.734723475977E-18,-0.973365056904,0.229260694404
    ));
#8017 = ADVANCED_FACE('',(#8018),#8035,.F.);
#8018 = FACE_BOUND('',#8019,.T.);
#8019 = EDGE_LOOP('',(#8020,#8021,#8029));
#8020 = ORIENTED_EDGE('',*,*,#6266,.T.);
#8021 = ORIENTED_EDGE('',*,*,#8022,.F.);
#8022 = EDGE_CURVE('',#8023,#4342,#8025,.T.);
#8023 = VERTEX_POINT('',#8024);
#8024 = CARTESIAN_POINT('',(-65.99655151367,67.453727722168,
    123.21952056884));
#8025 = LINE('',#8026,#8027);
#8026 = CARTESIAN_POINT('',(-65.99655151367,67.453727722168,
    123.21952056884));
#8027 = VECTOR('',#8028,1.);
#8028 = DIRECTION('',(0.997707572457,-4.652171609513E-02,
    4.914600485407E-02));
#8029 = ORIENTED_EDGE('',*,*,#8030,.T.);
#8030 = EDGE_CURVE('',#8023,#6267,#8031,.T.);
#8031 = LINE('',#8032,#8033);
#8032 = CARTESIAN_POINT('',(-65.99655151367,67.453727722168,
    123.21952056884));
#8033 = VECTOR('',#8034,1.);
#8034 = DIRECTION('',(0.724664797915,-0.664042957357,0.184140928225));
#8035 = PLANE('',#8036);
#8036 = AXIS2_PLACEMENT_3D('',#8037,#8038,#8039);
#8037 = CARTESIAN_POINT('',(-63.0573741627,67.258652082194,
    123.37796824662));
#8038 = DIRECTION('',(3.723109469573E-02,-0.229099784807,-0.972690667268
    ));
#8039 = DIRECTION('',(-1.734723475977E-18,0.973365518665,-0.229258733911
    ));
#8040 = ADVANCED_FACE('',(#8041),#8059,.F.);
#8041 = FACE_BOUND('',#8042,.T.);
#8042 = EDGE_LOOP('',(#8043,#8044,#8045,#8053));
#8043 = ORIENTED_EDGE('',*,*,#6297,.T.);
#8044 = ORIENTED_EDGE('',*,*,#6274,.F.);
#8045 = ORIENTED_EDGE('',*,*,#8046,.T.);
#8046 = EDGE_CURVE('',#6267,#8047,#8049,.T.);
#8047 = VERTEX_POINT('',#8048);
#8048 = CARTESIAN_POINT('',(-65.64234924316,66.661186218262,
    120.95236206054));
#8049 = LINE('',#8050,#8051);
#8050 = CARTESIAN_POINT('',(-65.73170471191,67.211036682129,
    123.286819458));
#8051 = VECTOR('',#8052,1.);
#8052 = DIRECTION('',(3.723140887948E-02,-0.229104135753,-0.972689630444
    ));
#8053 = ORIENTED_EDGE('',*,*,#8054,.F.);
#8054 = EDGE_CURVE('',#6298,#8047,#8055,.T.);
#8055 = LINE('',#8056,#8057);
#8056 = CARTESIAN_POINT('',(-65.45161437988,66.359443664551,
    121.03073120117));
#8057 = VECTOR('',#8058,1.);
#8058 = DIRECTION('',(-0.521885812843,0.825623355917,-0.214432442781));
#8059 = PLANE('',#8060);
#8060 = AXIS2_PLACEMENT_3D('',#8061,#8062,#8063);
#8061 = CARTESIAN_POINT('',(-65.59165954589,66.78524017334,
    122.15877532959));
#8062 = DIRECTION('',(0.852202636462,0.515616540399,-8.882707737162E-02)
  );
#8063 = DIRECTION('',(-0.517662829311,0.855584709512,0.));
#8064 = ADVANCED_FACE('',(#8065),#8075,.F.);
#8065 = FACE_BOUND('',#8066,.T.);
#8066 = EDGE_LOOP('',(#8067,#8073,#8074));
#8067 = ORIENTED_EDGE('',*,*,#8068,.F.);
#8068 = EDGE_CURVE('',#6320,#6289,#8069,.T.);
#8069 = LINE('',#8070,#8071);
#8070 = CARTESIAN_POINT('',(-65.33854675293,65.663665771484,
    121.1989364624));
#8071 = VECTOR('',#8072,1.);
#8072 = DIRECTION('',(-2.584339638772E-02,0.972822260469,-0.230106428418
    ));
#8073 = ORIENTED_EDGE('',*,*,#6319,.T.);
#8074 = ORIENTED_EDGE('',*,*,#6288,.F.);
#8075 = PLANE('',#8076);
#8076 = AXIS2_PLACEMENT_3D('',#8077,#8078,#8079);
#8077 = CARTESIAN_POINT('',(-65.38698533904,66.179172207346,
    122.22253689875));
#8078 = DIRECTION('',(0.998972459593,3.370479020928E-02,
    3.029871435696E-02));
#8079 = DIRECTION('',(-3.372027157163E-02,0.999431309938,0.));
#8080 = ADVANCED_FACE('',(#8081),#8091,.F.);
#8081 = FACE_BOUND('',#8082,.T.);
#8082 = EDGE_LOOP('',(#8083,#8089,#8090));
#8083 = ORIENTED_EDGE('',*,*,#8084,.T.);
#8084 = EDGE_CURVE('',#4334,#6289,#8085,.T.);
#8085 = LINE('',#8086,#8087);
#8086 = CARTESIAN_POINT('',(-62.8913116455,59.34997177124,
    122.77970123291));
#8087 = VECTOR('',#8088,1.);
#8088 = DIRECTION('',(-0.336544815585,0.913630408555,-0.228072496514));
#8089 = ORIENTED_EDGE('',*,*,#6305,.F.);
#8090 = ORIENTED_EDGE('',*,*,#8000,.F.);
#8091 = PLANE('',#8092);
#8092 = AXIS2_PLACEMENT_3D('',#8093,#8094,#8095);
#8093 = CARTESIAN_POINT('',(-64.17607605488,62.853201480244,
    121.90539533077));
#8094 = DIRECTION('',(-3.70586341888E-02,0.229162915294,0.972682381811)
  );
#8095 = DIRECTION('',(-1.734723475977E-18,-0.973350983517,0.229320437131
    ));
#8096 = ADVANCED_FACE('',(#8097),#8107,.F.);
#8097 = FACE_BOUND('',#8098,.T.);
#8098 = EDGE_LOOP('',(#8099,#8105,#8106));
#8099 = ORIENTED_EDGE('',*,*,#8100,.F.);
#8100 = EDGE_CURVE('',#6343,#6320,#8101,.T.);
#8101 = LINE('',#8102,#8103);
#8102 = CARTESIAN_POINT('',(-65.42391204834,65.317054748535,
    121.27731323242));
#8103 = VECTOR('',#8104,1.);
#8104 = DIRECTION('',(0.233575849201,0.948394352047,-0.214453901049));
#8105 = ORIENTED_EDGE('',*,*,#6342,.T.);
#8106 = ORIENTED_EDGE('',*,*,#6327,.T.);
#8107 = PLANE('',#8108);
#8108 = AXIS2_PLACEMENT_3D('',#8109,#8110,#8111);
#8109 = CARTESIAN_POINT('',(-65.40303716805,65.826026765214,
    122.30509793627));
#8110 = DIRECTION('',(0.971625653484,-0.219212545242,8.882257314697E-02)
  );
#8111 = DIRECTION('',(0.22008242897,0.975481278374,0.));
#8112 = ADVANCED_FACE('',(#8113),#8123,.F.);
#8113 = FACE_BOUND('',#8114,.T.);
#8114 = EDGE_LOOP('',(#8115,#8121,#8122));
#8115 = ORIENTED_EDGE('',*,*,#8116,.T.);
#8116 = EDGE_CURVE('',#6343,#6366,#8117,.T.);
#8117 = LINE('',#8118,#8119);
#8118 = CARTESIAN_POINT('',(-65.42391204834,65.317054748535,
    121.27731323242));
#8119 = VECTOR('',#8120,1.);
#8120 = DIRECTION('',(-0.477104266101,-0.859342653047,0.184124207868));
#8121 = ORIENTED_EDGE('',*,*,#6365,.F.);
#8122 = ORIENTED_EDGE('',*,*,#6350,.F.);
#8123 = PLANE('',#8124);
#8124 = AXIS2_PLACEMENT_3D('',#8125,#8126,#8127);
#8125 = CARTESIAN_POINT('',(-65.49947641587,65.517876570692,
    122.39669187464));
#8126 = DIRECTION('',(0.878057305307,-0.457219168701,0.141301098261));
#8127 = DIRECTION('',(0.4618530951,0.88695643554,0.));
#8128 = ADVANCED_FACE('',(#8129),#8139,.F.);
#8129 = FACE_BOUND('',#8130,.T.);
#8130 = EDGE_LOOP('',(#8131,#8132,#8133));
#8131 = ORIENTED_EDGE('',*,*,#6388,.T.);
#8132 = ORIENTED_EDGE('',*,*,#6373,.F.);
#8133 = ORIENTED_EDGE('',*,*,#8134,.T.);
#8134 = EDGE_CURVE('',#6366,#6389,#8135,.T.);
#8135 = LINE('',#8136,#8137);
#8136 = CARTESIAN_POINT('',(-65.54984283447,65.090232849121,
    121.32591247558));
#8137 = VECTOR('',#8138,1.);
#8138 = DIRECTION('',(-0.477123669674,-0.859333621472,0.184116079808));
#8139 = PLANE('',#8140);
#8140 = AXIS2_PLACEMENT_3D('',#8141,#8142,#8143);
#8141 = CARTESIAN_POINT('',(-65.62966884969,65.294495685588,
    122.48289952527));
#8142 = DIRECTION('',(0.878046675047,-0.45723844793,0.141304770528));
#8143 = DIRECTION('',(0.461872814274,0.886946167157,-2.081668171172E-17)
  );
#8144 = ADVANCED_FACE('',(#8145),#8162,.F.);
#8145 = FACE_BOUND('',#8146,.T.);
#8146 = EDGE_LOOP('',(#8147,#8148,#8156));
#8147 = ORIENTED_EDGE('',*,*,#6396,.T.);
#8148 = ORIENTED_EDGE('',*,*,#8149,.F.);
#8149 = EDGE_CURVE('',#8150,#6389,#8152,.T.);
#8150 = VERTEX_POINT('',#8151);
#8151 = CARTESIAN_POINT('',(-65.77990722656,64.815124511719,
    121.38190460205));
#8152 = LINE('',#8153,#8154);
#8153 = CARTESIAN_POINT('',(-65.77990722656,64.815124511719,
    121.38190460205));
#8154 = VECTOR('',#8155,1.);
#8155 = DIRECTION('',(0.688089478925,0.711732980302,-0.141311831575));
#8156 = ORIENTED_EDGE('',*,*,#8157,.T.);
#8157 = EDGE_CURVE('',#8150,#4488,#8158,.T.);
#8158 = LINE('',#8159,#8160);
#8159 = CARTESIAN_POINT('',(-65.77990722656,64.815124511719,
    121.38190460205));
#8160 = VECTOR('',#8161,1.);
#8161 = DIRECTION('',(-6.627831247263E-02,0.198819057048,0.977792497338)
  );
#8162 = PLANE('',#8163);
#8163 = AXIS2_PLACEMENT_3D('',#8164,#8165,#8166);
#8164 = CARTESIAN_POINT('',(-65.80740044561,65.09118215766,
    122.48559329857));
#8165 = DIRECTION('',(0.724670437611,-0.664036403646,0.184142367437));
#8166 = DIRECTION('',(0.675589262353,0.737278202983,1.387778780781E-17)
  );
#8167 = ADVANCED_FACE('',(#8168),#8185,.F.);
#8168 = FACE_BOUND('',#8169,.T.);
#8169 = EDGE_LOOP('',(#8170,#8171,#8179));
#8170 = ORIENTED_EDGE('',*,*,#6411,.F.);
#8171 = ORIENTED_EDGE('',*,*,#8172,.T.);
#8172 = EDGE_CURVE('',#4488,#8173,#8175,.T.);
#8173 = VERTEX_POINT('',#8174);
#8174 = CARTESIAN_POINT('',(-65.84976196289,64.742866516113,
    121.39624786377));
#8175 = LINE('',#8176,#8177);
#8176 = CARTESIAN_POINT('',(-65.93911743164,65.29271697998,
    123.73070526123));
#8177 = VECTOR('',#8178,1.);
#8178 = DIRECTION('',(3.723140887948E-02,-0.229104135753,-0.972689630444
    ));
#8179 = ORIENTED_EDGE('',*,*,#8180,.T.);
#8180 = EDGE_CURVE('',#8173,#6412,#8181,.T.);
#8181 = LINE('',#8182,#8183);
#8182 = CARTESIAN_POINT('',(-65.84976196289,64.742866516113,
    121.39624786377));
#8183 = VECTOR('',#8184,1.);
#8184 = DIRECTION('',(-0.852207721318,-0.515608321506,8.882600137684E-02
    ));
#8185 = PLANE('',#8186);
#8186 = AXIS2_PLACEMENT_3D('',#8187,#8188,#8189);
#8187 = CARTESIAN_POINT('',(-65.97505367926,64.947767905718,
    122.4900627821));
#8188 = DIRECTION('',(0.521877271977,-0.825626496334,0.214441137715));
#8189 = DIRECTION('',(-0.845290563722,-0.534306899527,
    -4.163336342344E-17));
#8190 = ADVANCED_FACE('',(#8191),#8208,.F.);
#8191 = FACE_BOUND('',#8192,.T.);
#8192 = EDGE_LOOP('',(#8193,#8194,#8202));
#8193 = ORIENTED_EDGE('',*,*,#6419,.F.);
#8194 = ORIENTED_EDGE('',*,*,#8195,.F.);
#8195 = EDGE_CURVE('',#8196,#6412,#8198,.T.);
#8196 = VERTEX_POINT('',#8197);
#8197 = CARTESIAN_POINT('',(-66.41414642334,64.479377746582,
    121.43670654296));
#8198 = LINE('',#8199,#8200);
#8199 = CARTESIAN_POINT('',(-66.41414642334,64.479377746582,
    121.43670654296));
#8200 = VECTOR('',#8201,1.);
#8201 = DIRECTION('',(0.958246354996,0.28433486348,-3.02920541758E-02));
#8202 = ORIENTED_EDGE('',*,*,#8203,.T.);
#8203 = EDGE_CURVE('',#8196,#4512,#8204,.T.);
#8204 = LINE('',#8205,#8206);
#8205 = CARTESIAN_POINT('',(-66.41414642334,64.479377746582,
    121.43670654296));
#8206 = VECTOR('',#8207,1.);
#8207 = DIRECTION('',(6.77474224116E-02,0.25881158489,0.963549090749));
#8208 = PLANE('',#8209);
#8209 = AXIS2_PLACEMENT_3D('',#8210,#8211,#8212);
#8210 = CARTESIAN_POINT('',(-66.27027145002,64.795269264406,
    122.53738151363));
#8211 = DIRECTION('',(0.283509718357,-0.930949155068,0.230121511978));
#8212 = DIRECTION('',(-0.956623098442,-0.291328418675,
    -4.163336342344E-17));
#8213 = ADVANCED_FACE('',(#8214),#8224,.F.);
#8214 = FACE_BOUND('',#8215,.T.);
#8215 = EDGE_LOOP('',(#8216,#8222,#8223));
#8216 = ORIENTED_EDGE('',*,*,#8217,.F.);
#8217 = EDGE_CURVE('',#6435,#8196,#8218,.T.);
#8218 = LINE('',#8219,#8220);
#8219 = CARTESIAN_POINT('',(-66.511428833,64.450508117676,
    121.43978118896));
#8220 = VECTOR('',#8221,1.);
#8221 = DIRECTION('',(0.958236914894,0.284367381849,-3.028542676671E-02)
  );
#8222 = ORIENTED_EDGE('',*,*,#6434,.T.);
#8223 = ORIENTED_EDGE('',*,*,#8203,.F.);
#8224 = PLANE('',#8225);
#8225 = AXIS2_PLACEMENT_3D('',#8226,#8227,#8228);
#8226 = CARTESIAN_POINT('',(-66.35892385666,64.778023095544,
    122.57683601097));
#8227 = DIRECTION('',(0.283539959058,-0.93094101137,0.230117198328));
#8228 = DIRECTION('',(-0.956613727471,-0.291359187971,
    -3.469446951954E-17));
#8229 = ADVANCED_FACE('',(#8230),#8240,.F.);
#8230 = FACE_BOUND('',#8231,.T.);
#8231 = EDGE_LOOP('',(#8232,#8233,#8239));
#8232 = ORIENTED_EDGE('',*,*,#6458,.T.);
#8233 = ORIENTED_EDGE('',*,*,#8234,.F.);
#8234 = EDGE_CURVE('',#6474,#6435,#8235,.T.);
#8235 = LINE('',#8236,#8237);
#8236 = CARTESIAN_POINT('',(-66.8765258789,64.438186645508,
    121.4287109375));
#8237 = VECTOR('',#8238,1.);
#8238 = DIRECTION('',(0.998972412484,3.371380545328E-02,
    3.029023635462E-02));
#8239 = ORIENTED_EDGE('',*,*,#6482,.T.);
#8240 = PLANE('',#8241);
#8241 = AXIS2_PLACEMENT_3D('',#8242,#8243,#8244);
#8242 = CARTESIAN_POINT('',(-66.81987527215,64.697073762065,
    122.51677184644));
#8243 = DIRECTION('',(2.585356566498E-02,-0.972818563417,0.230120915636)
  );
#8244 = DIRECTION('',(0.,0.23019786141,0.973143845792));
#8245 = ADVANCED_FACE('',(#8246),#8256,.F.);
#8246 = FACE_BOUND('',#8247,.T.);
#8247 = EDGE_LOOP('',(#8248,#8249,#8250));
#8248 = ORIENTED_EDGE('',*,*,#6496,.F.);
#8249 = ORIENTED_EDGE('',*,*,#6473,.F.);
#8250 = ORIENTED_EDGE('',*,*,#8251,.F.);
#8251 = EDGE_CURVE('',#6497,#6474,#8252,.T.);
#8252 = LINE('',#8253,#8254);
#8253 = CARTESIAN_POINT('',(-67.13298797607,64.496047973633,
    121.4052658081));
#8254 = VECTOR('',#8255,1.);
#8255 = DIRECTION('',(0.971625695535,-0.219211937377,8.88236133387E-02)
  );
#8256 = PLANE('',#8257);
#8257 = AXIS2_PLACEMENT_3D('',#8258,#8259,#8260);
#8258 = CARTESIAN_POINT('',(-67.15435595977,64.751986844057,
    122.5139294552));
#8259 = DIRECTION('',(-0.233574929609,-0.948397918728,0.214439128915));
#8260 = DIRECTION('',(-0.970985612665,0.239137909996,-1.387778780781E-17
    ));
#8261 = ADVANCED_FACE('',(#8262),#8279,.F.);
#8262 = FACE_BOUND('',#8263,.T.);
#8263 = EDGE_LOOP('',(#8264,#8265,#8273));
#8264 = ORIENTED_EDGE('',*,*,#6504,.T.);
#8265 = ORIENTED_EDGE('',*,*,#8266,.F.);
#8266 = EDGE_CURVE('',#8267,#6497,#8269,.T.);
#8267 = VERTEX_POINT('',#8268);
#8268 = CARTESIAN_POINT('',(-67.23162841796,64.51830291748,
    121.39624786377));
#8269 = LINE('',#8270,#8271);
#8270 = CARTESIAN_POINT('',(-67.23162841796,64.51830291748,
    121.39624786377));
#8271 = VECTOR('',#8272,1.);
#8272 = DIRECTION('',(0.971624612145,-0.219214865313,8.882823818977E-02)
  );
#8273 = ORIENTED_EDGE('',*,*,#8274,.T.);
#8274 = EDGE_CURVE('',#8267,#4609,#8275,.T.);
#8275 = LINE('',#8276,#8277);
#8276 = CARTESIAN_POINT('',(-67.23162841796,64.51830291748,
    121.39624786377));
#8277 = VECTOR('',#8278,1.);
#8278 = DIRECTION('',(-0.168997264533,0.295323309022,0.940331892328));
#8279 = PLANE('',#8280);
#8280 = AXIS2_PLACEMENT_3D('',#8281,#8282,#8283);
#8281 = CARTESIAN_POINT('',(-67.40732973298,64.863764486195,
    122.51666881348));
#8282 = DIRECTION('',(-0.234864144089,-0.938638102808,0.252581364671));
#8283 = DIRECTION('',(0.,0.259849830526,0.96564903851));
#8284 = ADVANCED_FACE('',(#8285),#8302,.F.);
#8285 = FACE_BOUND('',#8286,.T.);
#8286 = EDGE_LOOP('',(#8287,#8295,#8301));
#8287 = ORIENTED_EDGE('',*,*,#8288,.F.);
#8288 = EDGE_CURVE('',#8289,#4609,#8291,.T.);
#8289 = VERTEX_POINT('',#8290);
#8290 = CARTESIAN_POINT('',(-67.55253601074,64.685401916504,
    121.34461212158));
#8291 = LINE('',#8292,#8293);
#8292 = CARTESIAN_POINT('',(-67.55253601074,64.685401916504,
    121.34461212158));
#8293 = VECTOR('',#8294,1.);
#8294 = DIRECTION('',(-3.723458338366E-02,0.229104108637,0.972689515316)
  );
#8295 = ORIENTED_EDGE('',*,*,#8296,.T.);
#8296 = EDGE_CURVE('',#8289,#6520,#8297,.T.);
#8297 = LINE('',#8298,#8299);
#8298 = CARTESIAN_POINT('',(-67.55253601074,64.685401916504,
    121.34461212158));
#8299 = VECTOR('',#8300,1.);
#8300 = DIRECTION('',(-0.166570595674,0.358502867578,0.918547729078));
#8301 = ORIENTED_EDGE('',*,*,#6519,.F.);
#8302 = PLANE('',#8303);
#8303 = AXIS2_PLACEMENT_3D('',#8304,#8305,#8306);
#8304 = CARTESIAN_POINT('',(-67.68819404657,65.073820024223,
    122.58951721867));
#8305 = DIRECTION('',(-0.7280147843,-0.672997604453,0.130647228217));
#8306 = DIRECTION('',(0.678815789455,-0.734308602691,-4.163336342344E-17
    ));
#8307 = ADVANCED_FACE('',(#8308),#8325,.F.);
#8308 = FACE_BOUND('',#8309,.T.);
#8309 = EDGE_LOOP('',(#8310,#8318,#8324));
#8310 = ORIENTED_EDGE('',*,*,#8311,.T.);
#8311 = EDGE_CURVE('',#6520,#8312,#8314,.T.);
#8312 = VERTEX_POINT('',#8313);
#8313 = CARTESIAN_POINT('',(-68.00811767578,65.229835510254,
    121.1989364624));
#8314 = LINE('',#8315,#8316);
#8315 = CARTESIAN_POINT('',(-67.95971679687,65.56175994873,
    123.58999633789));
#8316 = VECTOR('',#8317,1.);
#8317 = DIRECTION('',(-2.004613949176E-02,-0.137472784478,
    -0.990302673842));
#8318 = ORIENTED_EDGE('',*,*,#8319,.T.);
#8319 = EDGE_CURVE('',#8312,#4672,#8320,.T.);
#8320 = LINE('',#8321,#8322);
#8321 = CARTESIAN_POINT('',(-68.00811767578,65.229835510254,
    121.1989364624));
#8322 = VECTOR('',#8323,1.);
#8323 = DIRECTION('',(-3.723143599502E-02,0.229101123696,0.972690338852)
  );
#8324 = ORIENTED_EDGE('',*,*,#6544,.F.);
#8325 = PLANE('',#8326);
#8326 = AXIS2_PLACEMENT_3D('',#8327,#8328,#8329);
#8327 = CARTESIAN_POINT('',(-68.01879032339,65.46157943933,
    122.44175782253));
#8328 = DIRECTION('',(-0.852190394458,-0.5156361857,8.883048796108E-02)
  );
#8329 = DIRECTION('',(0.51768271066,-0.855572680188,0.));
#8330 = ADVANCED_FACE('',(#8331),#8341,.F.);
#8331 = FACE_BOUND('',#8332,.T.);
#8332 = EDGE_LOOP('',(#8333,#8339,#8340));
#8333 = ORIENTED_EDGE('',*,*,#8334,.F.);
#8334 = EDGE_CURVE('',#6559,#8312,#8335,.T.);
#8335 = LINE('',#8336,#8337);
#8336 = CARTESIAN_POINT('',(-68.1117401123,65.570068359375,
    121.11483764648));
#8337 = VECTOR('',#8338,1.);
#8338 = DIRECTION('',(0.283531681613,-0.930945025882,0.230111156414));
#8339 = ORIENTED_EDGE('',*,*,#6558,.F.);
#8340 = ORIENTED_EDGE('',*,*,#8319,.F.);
#8341 = PLANE('',#8342);
#8342 = AXIS2_PLACEMENT_3D('',#8343,#8344,#8345);
#8343 = CARTESIAN_POINT('',(-68.07751791693,65.576906492013,
    122.26140432496));
#8344 = DIRECTION('',(-0.958239957235,-0.284355896269,3.029700671639E-02
    ));
#8345 = DIRECTION('',(0.284486492546,-0.958680048587,0.));
#8346 = ADVANCED_FACE('',(#8347),#8364,.F.);
#8347 = FACE_BOUND('',#8348,.T.);
#8348 = EDGE_LOOP('',(#8349,#8357,#8363));
#8349 = ORIENTED_EDGE('',*,*,#8350,.F.);
#8350 = EDGE_CURVE('',#8351,#6559,#8353,.T.);
#8351 = VERTEX_POINT('',#8352);
#8352 = CARTESIAN_POINT('',(-68.11856079101,65.826850891113,
    121.05409240722));
#8353 = LINE('',#8354,#8355);
#8354 = CARTESIAN_POINT('',(-68.11856079101,65.826850891113,
    121.05409240722));
#8355 = VECTOR('',#8356,1.);
#8356 = DIRECTION('',(2.584002465238E-02,-0.972816230118,0.230132300092)
  );
#8357 = ORIENTED_EDGE('',*,*,#8358,.F.);
#8358 = EDGE_CURVE('',#4721,#8351,#8359,.T.);
#8359 = LINE('',#8360,#8361);
#8360 = CARTESIAN_POINT('',(-68.21054077148,66.475463867188,
    123.36518859863));
#8361 = VECTOR('',#8362,1.);
#8362 = DIRECTION('',(3.829068947724E-02,-0.270013517411,-0.962094862014
    ));
#8363 = ORIENTED_EDGE('',*,*,#6581,.F.);
#8364 = PLANE('',#8365);
#8365 = AXIS2_PLACEMENT_3D('',#8366,#8367,#8368);
#8366 = CARTESIAN_POINT('',(-68.16036552107,66.066508070909,
    122.1658097237));
#8367 = DIRECTION('',(-0.998972504039,-3.370257893763E-02,
    -3.029970870299E-02));
#8368 = DIRECTION('',(3.371806030109E-02,-0.999431384543,
    -4.336808689942E-19));
#8369 = ADVANCED_FACE('',(#8370),#8380,.F.);
#8370 = FACE_BOUND('',#8371,.T.);
#8371 = EDGE_LOOP('',(#8372,#8373,#8379));
#8372 = ORIENTED_EDGE('',*,*,#8358,.T.);
#8373 = ORIENTED_EDGE('',*,*,#8374,.F.);
#8374 = EDGE_CURVE('',#6607,#8351,#8375,.T.);
#8375 = LINE('',#8376,#8377);
#8376 = CARTESIAN_POINT('',(-68.12118530273,65.92561340332,
    121.03073120117));
#8377 = VECTOR('',#8378,1.);
#8378 = DIRECTION('',(2.585171601954E-02,-0.97282111591,0.230110332709)
  );
#8379 = ORIENTED_EDGE('',*,*,#6606,.F.);
#8380 = PLANE('',#8381);
#8381 = AXIS2_PLACEMENT_3D('',#8382,#8383,#8384);
#8382 = CARTESIAN_POINT('',(-68.16426806566,66.169634185467,
    122.17975829968));
#8383 = DIRECTION('',(-0.998972240722,-3.371302798912E-02,
    -3.029676567955E-02));
#8384 = DIRECTION('',(3.372851114209E-02,-0.999431031906,0.));
#8385 = ADVANCED_FACE('',(#8386),#8396,.F.);
#8386 = FACE_BOUND('',#8387,.T.);
#8387 = EDGE_LOOP('',(#8388,#8394,#8395));
#8388 = ORIENTED_EDGE('',*,*,#8389,.T.);
#8389 = EDGE_CURVE('',#4863,#6598,#8390,.T.);
#8390 = LINE('',#8391,#8392);
#8391 = CARTESIAN_POINT('',(-71.15040588378,70.783790588379,
    119.77051544189));
#8392 = VECTOR('',#8393,1.);
#8393 = DIRECTION('',(0.555365235577,-0.80446232784,0.210736371324));
#8394 = ORIENTED_EDGE('',*,*,#6614,.T.);
#8395 = ORIENTED_EDGE('',*,*,#6736,.F.);
#8396 = PLANE('',#8397);
#8397 = AXIS2_PLACEMENT_3D('',#8398,#8399,#8400);
#8398 = CARTESIAN_POINT('',(-69.56748526232,68.36716467701,
    120.40030316465));
#8399 = DIRECTION('',(-3.723826895101E-02,0.229097744716,0.972690873141)
  );
#8400 = DIRECTION('',(1.734723475977E-18,-0.973365985058,0.229256753731)
  );
#8401 = ADVANCED_FACE('',(#8402),#8412,.F.);
#8402 = FACE_BOUND('',#8403,.T.);
#8403 = EDGE_LOOP('',(#8404,#8410,#8411));
#8404 = ORIENTED_EDGE('',*,*,#8405,.F.);
#8405 = EDGE_CURVE('',#6653,#6629,#8406,.T.);
#8406 = LINE('',#8407,#8408);
#8407 = CARTESIAN_POINT('',(-67.60997009277,66.846412658691,
    120.8334197998));
#8408 = VECTOR('',#8409,1.);
#8409 = DIRECTION('',(-0.688086209367,-0.711737737649,0.141303790765));
#8410 = ORIENTED_EDGE('',*,*,#6652,.F.);
#8411 = ORIENTED_EDGE('',*,*,#6628,.F.);
#8412 = PLANE('',#8413);
#8413 = AXIS2_PLACEMENT_3D('',#8414,#8415,#8416);
#8414 = CARTESIAN_POINT('',(-67.83535406417,66.911819525926,
    121.95625773684));
#8415 = DIRECTION('',(-0.724673199869,0.664033381494,-0.184142395046));
#8416 = DIRECTION('',(-0.675586191177,-0.737281017178,4.163336342344E-17
    ));
#8417 = ADVANCED_FACE('',(#8418),#8428,.F.);
#8418 = FACE_BOUND('',#8419,.T.);
#8419 = EDGE_LOOP('',(#8420,#8426,#8427));
#8420 = ORIENTED_EDGE('',*,*,#8421,.F.);
#8421 = EDGE_CURVE('',#6629,#4863,#8422,.T.);
#8422 = LINE('',#8423,#8424);
#8423 = CARTESIAN_POINT('',(-67.86145019531,66.586288452148,
    120.88506317138));
#8424 = VECTOR('',#8425,1.);
#8425 = DIRECTION('',(-0.603722366458,0.770495611047,-0.204586943855));
#8426 = ORIENTED_EDGE('',*,*,#6638,.T.);
#8427 = ORIENTED_EDGE('',*,*,#8389,.F.);
#8428 = PLANE('',#8429);
#8429 = AXIS2_PLACEMENT_3D('',#8430,#8431,#8432);
#8430 = CARTESIAN_POINT('',(-69.49890620027,68.535751039302,
    120.36322075227));
#8431 = DIRECTION('',(-3.723086024638E-02,0.2291026321,0.972690005608));
#8432 = DIRECTION('',(0.,-0.973364848038,0.229261581175));
#8433 = ADVANCED_FACE('',(#8434),#8444,.F.);
#8434 = FACE_BOUND('',#8435,.T.);
#8435 = EDGE_LOOP('',(#8436,#8437,#8443));
#8436 = ORIENTED_EDGE('',*,*,#6676,.T.);
#8437 = ORIENTED_EDGE('',*,*,#8438,.F.);
#8438 = EDGE_CURVE('',#6692,#6653,#8439,.T.);
#8439 = LINE('',#8440,#8441);
#8440 = CARTESIAN_POINT('',(-67.38787078857,67.584701538086,
    123.13541412353));
#8441 = VECTOR('',#8442,1.);
#8442 = DIRECTION('',(-9.14866526465E-02,-0.304114317267,-0.948232394733
    ));
#8443 = ORIENTED_EDGE('',*,*,#6700,.F.);
#8444 = PLANE('',#8445);
#8445 = AXIS2_PLACEMENT_3D('',#8446,#8447,#8448);
#8446 = CARTESIAN_POINT('',(-67.55203259643,67.199067724062,
    122.05019539456));
#8447 = DIRECTION('',(-0.521897631721,0.825615087205,-0.214435514278));
#8448 = DIRECTION('',(0.845277814425,0.534327068789,0.));
#8449 = ADVANCED_FACE('',(#8450),#8467,.F.);
#8450 = FACE_BOUND('',#8451,.T.);
#8451 = EDGE_LOOP('',(#8452,#8460,#8461));
#8452 = ORIENTED_EDGE('',*,*,#8453,.T.);
#8453 = EDGE_CURVE('',#8454,#4841,#8456,.T.);
#8454 = VERTEX_POINT('',#8455);
#8455 = CARTESIAN_POINT('',(-67.0376586914,67.688621520996,
    123.12434387207));
#8456 = LINE('',#8457,#8458);
#8457 = CARTESIAN_POINT('',(-67.0376586914,67.688621520996,
    123.12434387207));
#8458 = VECTOR('',#8459,1.);
#8459 = DIRECTION('',(-0.743031779459,0.644526221008,-0.180249064206));
#8460 = ORIENTED_EDGE('',*,*,#6691,.T.);
#8461 = ORIENTED_EDGE('',*,*,#8462,.T.);
#8462 = EDGE_CURVE('',#6692,#8454,#8463,.T.);
#8463 = LINE('',#8464,#8465);
#8464 = CARTESIAN_POINT('',(-67.38787078857,67.584701538086,
    123.13541412353));
#8465 = VECTOR('',#8466,1.);
#8466 = DIRECTION('',(0.958243732807,0.284343896577,-3.029021319528E-02)
  );
#8467 = PLANE('',#8468);
#8468 = AXIS2_PLACEMENT_3D('',#8469,#8470,#8471);
#8469 = CARTESIAN_POINT('',(-69.1608497703,69.426786324485,
    122.63367668887));
#8470 = DIRECTION('',(3.723458513543E-02,-0.229098707438,-0.972690787414
    ));
#8471 = DIRECTION('',(0.,0.973365765568,-0.22925768563));
#8472 = ADVANCED_FACE('',(#8473),#8490,.F.);
#8473 = FACE_BOUND('',#8474,.T.);
#8474 = EDGE_LOOP('',(#8475,#8483,#8484));
#8475 = ORIENTED_EDGE('',*,*,#8476,.T.);
#8476 = EDGE_CURVE('',#8477,#4342,#8479,.T.);
#8477 = VERTEX_POINT('',#8478);
#8478 = CARTESIAN_POINT('',(-66.31745910644,67.620826721191,
    123.16787719726));
#8479 = LINE('',#8480,#8481);
#8480 = CARTESIAN_POINT('',(-66.31745910644,67.620826721191,
    123.16787719726));
#8481 = VECTOR('',#8482,1.);
#8482 = DIRECTION('',(0.995992667105,-7.069850510576E-02,
    5.477525398591E-02));
#8483 = ORIENTED_EDGE('',*,*,#6715,.T.);
#8484 = ORIENTED_EDGE('',*,*,#8485,.F.);
#8485 = EDGE_CURVE('',#8477,#4841,#8486,.T.);
#8486 = LINE('',#8487,#8488);
#8487 = CARTESIAN_POINT('',(-66.31745910644,67.620826721191,
    123.16787719726));
#8488 = VECTOR('',#8489,1.);
#8489 = DIRECTION('',(-0.786749907259,0.59343294755,-0.16988796364));
#8490 = PLANE('',#8491);
#8491 = AXIS2_PLACEMENT_3D('',#8492,#8493,#8494);
#8492 = CARTESIAN_POINT('',(-65.82260659622,68.837397157059,
    122.90027458981));
#8493 = DIRECTION('',(3.723139543966E-02,-0.229101801184,-0.972690180833
    ));
#8494 = DIRECTION('',(0.,0.973365042806,-0.229260754257));
#8495 = ADVANCED_FACE('',(#8496),#8513,.F.);
#8496 = FACE_BOUND('',#8497,.T.);
#8497 = EDGE_LOOP('',(#8498,#8506,#8512));
#8498 = ORIENTED_EDGE('',*,*,#8499,.T.);
#8499 = EDGE_CURVE('',#6243,#8500,#8502,.T.);
#8500 = VERTEX_POINT('',#8501);
#8501 = CARTESIAN_POINT('',(-66.58320617675,67.151092529297,
    120.80095672607));
#8502 = LINE('',#8503,#8504);
#8503 = CARTESIAN_POINT('',(-59.98135375976,66.627563476562,
    121.17696380615));
#8504 = VECTOR('',#8505,1.);
#8505 = DIRECTION('',(-0.995267611853,7.892504665955E-02,
    -5.668525210681E-02));
#8506 = ORIENTED_EDGE('',*,*,#8507,.F.);
#8507 = EDGE_CURVE('',#4863,#8500,#8508,.T.);
#8508 = LINE('',#8509,#8510);
#8509 = CARTESIAN_POINT('',(-71.15040588378,70.783790588379,
    119.77051544189));
#8510 = VECTOR('',#8511,1.);
#8511 = DIRECTION('',(0.770703763021,-0.613008899029,0.173884442598));
#8512 = ORIENTED_EDGE('',*,*,#6722,.T.);
#8513 = PLANE('',#8514);
#8514 = AXIS2_PLACEMENT_3D('',#8515,#8516,#8517);
#8515 = CARTESIAN_POINT('',(-65.74559430563,68.278259153939,
    120.56753206718));
#8516 = DIRECTION('',(-3.72315464176E-02,0.229101423599,0.972690263988)
  );
#8517 = DIRECTION('',(0.,-0.973365131498,0.229260377701));
#8518 = ADVANCED_FACE('',(#8519),#8529,.F.);
#8519 = FACE_BOUND('',#8520,.T.);
#8520 = EDGE_LOOP('',(#8521,#8522,#8523));
#8521 = ORIENTED_EDGE('',*,*,#6742,.T.);
#8522 = ORIENTED_EDGE('',*,*,#8374,.T.);
#8523 = ORIENTED_EDGE('',*,*,#8524,.F.);
#8524 = EDGE_CURVE('',#4889,#8351,#8525,.T.);
#8525 = LINE('',#8526,#8527);
#8526 = CARTESIAN_POINT('',(-74.06036376953,63.506202697754,
    121.37325286865));
#8527 = VECTOR('',#8528,1.);
#8528 = DIRECTION('',(0.930313198126,0.363345881763,-4.997122769942E-02)
  );
#8529 = PLANE('',#8530);
#8530 = AXIS2_PLACEMENT_3D('',#8531,#8532,#8533);
#8531 = CARTESIAN_POINT('',(-71.06676386912,64.700603256688,
    121.20651558519));
#8532 = DIRECTION('',(-3.722673368999E-02,0.229090756943,0.972692960488)
  );
#8533 = DIRECTION('',(0.,-0.973367655225,0.229249662511));
#8534 = ADVANCED_FACE('',(#8535),#8552,.F.);
#8535 = FACE_BOUND('',#8536,.T.);
#8536 = EDGE_LOOP('',(#8537,#8545,#8546));
#8537 = ORIENTED_EDGE('',*,*,#8538,.T.);
#8538 = EDGE_CURVE('',#8539,#4962,#8541,.T.);
#8539 = VERTEX_POINT('',#8540);
#8540 = CARTESIAN_POINT('',(-101.9858169555,84.530502319336,
    148.01123046875));
#8541 = LINE('',#8542,#8543);
#8542 = CARTESIAN_POINT('',(-101.9858169555,84.530502319336,
    148.01123046875));
#8543 = VECTOR('',#8544,1.);
#8544 = DIRECTION('',(-0.172224340166,-0.619376865873,-0.765970674814));
#8545 = ORIENTED_EDGE('',*,*,#6757,.T.);
#8546 = ORIENTED_EDGE('',*,*,#8547,.F.);
#8547 = EDGE_CURVE('',#8539,#5280,#8548,.T.);
#8548 = LINE('',#8549,#8550);
#8549 = CARTESIAN_POINT('',(-101.9858169555,84.530502319336,
    148.01123046875));
#8550 = VECTOR('',#8551,1.);
#8551 = DIRECTION('',(-0.207190310104,-0.342333599579,0.916449606906));
#8552 = PLANE('',#8553);
#8553 = AXIS2_PLACEMENT_3D('',#8554,#8555,#8556);
#8554 = CARTESIAN_POINT('',(-102.9507360556,81.964328458353,
    147.84466795114));
#8555 = DIRECTION('',(0.931498926822,-0.355311493578,7.78684265926E-02)
  );
#8556 = DIRECTION('',(0.356393631397,0.934335902928,0.));
#8557 = ADVANCED_FACE('',(#8558),#8575,.F.);
#8558 = FACE_BOUND('',#8559,.T.);
#8559 = EDGE_LOOP('',(#8560,#8568,#8569));
#8560 = ORIENTED_EDGE('',*,*,#8561,.T.);
#8561 = EDGE_CURVE('',#8562,#4960,#8564,.T.);
#8562 = VERTEX_POINT('',#8563);
#8563 = CARTESIAN_POINT('',(-101.8417663574,84.475555419922,
    146.03735351562));
#8564 = LINE('',#8565,#8566);
#8565 = CARTESIAN_POINT('',(-101.8417663574,84.475555419922,
    146.03735351562));
#8566 = VECTOR('',#8567,1.);
#8567 = DIRECTION('',(0.230692748181,0.411561640566,-0.881701691022));
#8568 = ORIENTED_EDGE('',*,*,#6775,.T.);
#8569 = ORIENTED_EDGE('',*,*,#8570,.T.);
#8570 = EDGE_CURVE('',#6776,#8562,#8571,.T.);
#8571 = LINE('',#8572,#8573);
#8572 = CARTESIAN_POINT('',(-101.9421539306,84.275718688965,
    146.32641601562));
#8573 = VECTOR('',#8574,1.);
#8574 = DIRECTION('',(0.274679523181,0.546791362721,-0.790930063405));
#8575 = PLANE('',#8576);
#8576 = AXIS2_PLACEMENT_3D('',#8577,#8578,#8579);
#8577 = CARTESIAN_POINT('',(-101.1668176635,85.674210594878,
    143.43276535905));
#8578 = DIRECTION('',(0.931510108194,-0.355277917201,7.788786735622E-02)
  );
#8579 = DIRECTION('',(0.356360495585,0.934348541598,0.));
#8580 = ADVANCED_FACE('',(#8581),#8598,.F.);
#8581 = FACE_BOUND('',#8582,.T.);
#8582 = EDGE_LOOP('',(#8583,#8584,#8592));
#8583 = ORIENTED_EDGE('',*,*,#6784,.F.);
#8584 = ORIENTED_EDGE('',*,*,#8585,.T.);
#8585 = EDGE_CURVE('',#4962,#8586,#8588,.T.);
#8586 = VERTEX_POINT('',#8587);
#8587 = CARTESIAN_POINT('',(-102.0165634155,84.154418945312,
    146.66304016113));
#8588 = LINE('',#8589,#8590);
#8589 = CARTESIAN_POINT('',(-103.3090362548,79.771759033203,
    142.12619018554));
#8590 = VECTOR('',#8591,1.);
#8591 = DIRECTION('',(0.200724545383,0.68063899808,0.704585134085));
#8592 = ORIENTED_EDGE('',*,*,#8593,.F.);
#8593 = EDGE_CURVE('',#6776,#8586,#8594,.T.);
#8594 = LINE('',#8595,#8596);
#8595 = CARTESIAN_POINT('',(-101.9421539306,84.275718688965,
    146.32641601562));
#8596 = VECTOR('',#8597,1.);
#8597 = DIRECTION('',(-0.203601038587,-0.33190330283,0.92107915765));
#8598 = PLANE('',#8599);
#8599 = AXIS2_PLACEMENT_3D('',#8600,#8601,#8602);
#8600 = CARTESIAN_POINT('',(-102.625853202,82.055031107754,
    144.37217485593));
#8601 = DIRECTION('',(0.931497982578,-0.355313686923,7.786971387736E-02)
  );
#8602 = DIRECTION('',(0.356395867365,0.934335050036,0.));
#8603 = ADVANCED_FACE('',(#8604),#8621,.F.);
#8604 = FACE_BOUND('',#8605,.T.);
#8605 = EDGE_LOOP('',(#8606,#8614,#8615));
#8606 = ORIENTED_EDGE('',*,*,#8607,.T.);
#8607 = EDGE_CURVE('',#8608,#4970,#8610,.T.);
#8608 = VERTEX_POINT('',#8609);
#8609 = CARTESIAN_POINT('',(-98.82643127441,85.883285522461,
    147.21118164062));
#8610 = LINE('',#8611,#8612);
#8611 = CARTESIAN_POINT('',(-98.82643127441,85.883285522461,
    147.21118164062));
#8612 = VECTOR('',#8613,1.);
#8613 = DIRECTION('',(0.101336104988,4.789132146562E-02,-0.993698855365)
  );
#8614 = ORIENTED_EDGE('',*,*,#6798,.T.);
#8615 = ORIENTED_EDGE('',*,*,#8616,.F.);
#8616 = EDGE_CURVE('',#8608,#5257,#8617,.T.);
#8617 = LINE('',#8618,#8619);
#8618 = CARTESIAN_POINT('',(-98.82643127441,85.883285522461,
    147.21118164062));
#8619 = VECTOR('',#8620,1.);
#8620 = DIRECTION('',(0.111113647319,0.481791519579,0.869212683433));
#8621 = PLANE('',#8622);
#8622 = AXIS2_PLACEMENT_3D('',#8623,#8624,#8625);
#8623 = CARTESIAN_POINT('',(-98.33137859322,87.062458311626,
    146.66968365961));
#8624 = DIRECTION('',(-0.931498445689,0.35531269686,-7.78686915905E-02)
  );
#8625 = DIRECTION('',(-0.356394845743,-0.934335439726,0.));
#8626 = ADVANCED_FACE('',(#8627),#8644,.F.);
#8627 = FACE_BOUND('',#8628,.T.);
#8628 = EDGE_LOOP('',(#8629,#8637,#8643));
#8629 = ORIENTED_EDGE('',*,*,#8630,.F.);
#8630 = EDGE_CURVE('',#8631,#4960,#8633,.T.);
#8631 = VERTEX_POINT('',#8632);
#8632 = CARTESIAN_POINT('',(-101.0620269775,86.736038208008,
    147.02429199218));
#8633 = LINE('',#8634,#8635);
#8634 = CARTESIAN_POINT('',(-101.0620269775,86.736038208008,
    147.02429199218));
#8635 = VECTOR('',#8636,1.);
#8636 = DIRECTION('',(0.101336104988,4.789132146562E-02,-0.993698855365)
  );
#8637 = ORIENTED_EDGE('',*,*,#8638,.T.);
#8638 = EDGE_CURVE('',#8631,#5282,#8639,.T.);
#8639 = LINE('',#8640,#8641);
#8640 = CARTESIAN_POINT('',(-101.0620269775,86.736038208008,
    147.02429199218));
#8641 = VECTOR('',#8642,1.);
#8642 = DIRECTION('',(0.111113647319,0.481791519579,0.869212683433));
#8643 = ORIENTED_EDGE('',*,*,#6805,.F.);
#8644 = PLANE('',#8645);
#8645 = AXIS2_PLACEMENT_3D('',#8646,#8647,#8648);
#8646 = CARTESIAN_POINT('',(-100.5669742963,87.915210997173,
    146.48279401117));
#8647 = DIRECTION('',(0.931498445689,-0.35531269686,7.78686915905E-02));
#8648 = DIRECTION('',(0.356394845743,0.934335439726,0.));
#8649 = ADVANCED_FACE('',(#8650),#8667,.F.);
#8650 = FACE_BOUND('',#8651,.T.);
#8651 = EDGE_LOOP('',(#8652,#8660,#8666));
#8652 = ORIENTED_EDGE('',*,*,#8653,.F.);
#8653 = EDGE_CURVE('',#8654,#4970,#8656,.T.);
#8654 = VERTEX_POINT('',#8655);
#8655 = CARTESIAN_POINT('',(-99.48664855957,83.887535095215,
    146.00242614746));
#8656 = LINE('',#8657,#8658);
#8657 = CARTESIAN_POINT('',(-99.48664855957,83.887535095215,
    146.00242614746));
#8658 = VECTOR('',#8659,1.);
#8659 = DIRECTION('',(0.223372564269,0.389807857312,-0.893394947327));
#8660 = ORIENTED_EDGE('',*,*,#8661,.T.);
#8661 = EDGE_CURVE('',#8654,#6821,#8662,.T.);
#8662 = LINE('',#8663,#8664);
#8663 = CARTESIAN_POINT('',(-99.48664855957,83.887535095215,
    146.00242614746));
#8664 = VECTOR('',#8665,1.);
#8665 = DIRECTION('',(-0.327032733703,-0.724352663524,0.606928999086));
#8666 = ORIENTED_EDGE('',*,*,#6820,.T.);
#8667 = PLANE('',#8668);
#8668 = AXIS2_PLACEMENT_3D('',#8669,#8670,#8671);
#8669 = CARTESIAN_POINT('',(-98.87588064504,84.938570162954,
    143.49200756134));
#8670 = DIRECTION('',(-0.931499743998,0.355308849237,-7.787071712873E-02
    ));
#8671 = DIRECTION('',(-0.356391042957,-0.93433689026,3.469446951954E-18)
  );
#8672 = ADVANCED_FACE('',(#8673),#8690,.F.);
#8673 = FACE_BOUND('',#8674,.T.);
#8674 = EDGE_LOOP('',(#8675,#8683,#8684));
#8675 = ORIENTED_EDGE('',*,*,#8676,.T.);
#8676 = EDGE_CURVE('',#8677,#5001,#8679,.T.);
#8677 = VERTEX_POINT('',#8678);
#8678 = CARTESIAN_POINT('',(-99.51984405517,83.814002990723,
    146.06404113769));
#8679 = LINE('',#8680,#8681);
#8680 = CARTESIAN_POINT('',(-99.51984405517,83.814002990723,
    146.06404113769));
#8681 = VECTOR('',#8682,1.);
#8682 = DIRECTION('',(-0.299131283026,-0.626473042953,0.71975829413));
#8683 = ORIENTED_EDGE('',*,*,#6828,.T.);
#8684 = ORIENTED_EDGE('',*,*,#8685,.F.);
#8685 = EDGE_CURVE('',#8677,#6821,#8686,.T.);
#8686 = LINE('',#8687,#8688);
#8687 = CARTESIAN_POINT('',(-99.51984405517,83.814002990723,
    146.06404113769));
#8688 = VECTOR('',#8689,1.);
#8689 = DIRECTION('',(-0.32704512028,-0.724355082574,0.606919437528));
#8690 = PLANE('',#8691);
#8691 = AXIS2_PLACEMENT_3D('',#8692,#8693,#8694);
#8692 = CARTESIAN_POINT('',(-99.61521598401,83.611652474204,
    146.2815933239));
#8693 = DIRECTION('',(-0.931485404317,0.35535645822,-7.782499049448E-02)
  );
#8694 = DIRECTION('',(-0.35643752039,-0.934319160704,0.));
#8695 = ADVANCED_FACE('',(#8696),#8706,.F.);
#8696 = FACE_BOUND('',#8697,.T.);
#8697 = EDGE_LOOP('',(#8698,#8699,#8705));
#8698 = ORIENTED_EDGE('',*,*,#6844,.F.);
#8699 = ORIENTED_EDGE('',*,*,#8700,.F.);
#8700 = EDGE_CURVE('',#8562,#5001,#8701,.T.);
#8701 = LINE('',#8702,#8703);
#8702 = CARTESIAN_POINT('',(-101.8417663574,84.475555419922,
    146.03735351562));
#8703 = VECTOR('',#8704,1.);
#8704 = DIRECTION('',(0.879529281841,-0.433579846674,0.196052949334));
#8705 = ORIENTED_EDGE('',*,*,#8570,.F.);
#8706 = PLANE('',#8707);
#8707 = AXIS2_PLACEMENT_3D('',#8708,#8709,#8710);
#8708 = CARTESIAN_POINT('',(-100.8760251624,83.93309022081,
    146.33554815419));
#8709 = DIRECTION('',(-0.238449141476,-0.758139221687,-0.606932391184));
#8710 = DIRECTION('',(0.,-0.624959352423,0.78065729217));
#8711 = ADVANCED_FACE('',(#8712),#8722,.F.);
#8712 = FACE_BOUND('',#8713,.T.);
#8713 = EDGE_LOOP('',(#8714,#8720,#8721));
#8714 = ORIENTED_EDGE('',*,*,#8715,.F.);
#8715 = EDGE_CURVE('',#5049,#8586,#8716,.T.);
#8716 = LINE('',#8717,#8718);
#8717 = CARTESIAN_POINT('',(-99.79301452636,83.29207611084,
    146.95027160644));
#8718 = VECTOR('',#8719,1.);
#8719 = DIRECTION('',(-0.925650911295,0.358988477595,-0.119572837099));
#8720 = ORIENTED_EDGE('',*,*,#6864,.F.);
#8721 = ORIENTED_EDGE('',*,*,#8593,.T.);
#8722 = PLANE('',#8723);
#8723 = AXIS2_PLACEMENT_3D('',#8724,#8725,#8726);
#8724 = CARTESIAN_POINT('',(-100.9626874644,83.786178456637,
    146.70584499595));
#8725 = DIRECTION('',(-0.291212930237,-0.877674515266,-0.38063430549));
#8726 = DIRECTION('',(0.,-0.39787907638,0.917437867422));
#8727 = ADVANCED_FACE('',(#8728),#8738,.F.);
#8728 = FACE_BOUND('',#8729,.T.);
#8729 = EDGE_LOOP('',(#8730,#8731,#8732));
#8730 = ORIENTED_EDGE('',*,*,#6881,.F.);
#8731 = ORIENTED_EDGE('',*,*,#8715,.T.);
#8732 = ORIENTED_EDGE('',*,*,#8733,.T.);
#8733 = EDGE_CURVE('',#8586,#6882,#8734,.T.);
#8734 = LINE('',#8735,#8736);
#8735 = CARTESIAN_POINT('',(-102.0165634155,84.154418945312,
    146.66304016113));
#8736 = VECTOR('',#8737,1.);
#8737 = DIRECTION('',(-0.118653644605,-9.445949011954E-02,0.988432454621
    ));
#8738 = PLANE('',#8739);
#8739 = AXIS2_PLACEMENT_3D('',#8740,#8741,#8742);
#8740 = CARTESIAN_POINT('',(-100.9948312513,83.74439692755,
    146.89342431491));
#8741 = DIRECTION('',(-0.34384836259,-0.929962242106,-0.130148114857));
#8742 = DIRECTION('',(-0.937939830366,0.346798031443,1.387778780781E-17)
  );
#8743 = ADVANCED_FACE('',(#8744),#8754,.F.);
#8744 = FACE_BOUND('',#8745,.T.);
#8745 = EDGE_LOOP('',(#8746,#8747,#8748));
#8746 = ORIENTED_EDGE('',*,*,#6904,.T.);
#8747 = ORIENTED_EDGE('',*,*,#6889,.F.);
#8748 = ORIENTED_EDGE('',*,*,#8749,.F.);
#8749 = EDGE_CURVE('',#6905,#6882,#8750,.T.);
#8750 = LINE('',#8751,#8752);
#8751 = CARTESIAN_POINT('',(-102.0692901611,84.174530029297,
    147.38554382324));
#8752 = VECTOR('',#8753,1.);
#8753 = DIRECTION('',(2.561364522727E-02,-0.14948599305,-0.988432030572)
  );
#8754 = PLANE('',#8755);
#8755 = AXIS2_PLACEMENT_3D('',#8756,#8757,#8758);
#8756 = CARTESIAN_POINT('',(-101.0233161583,83.738222914195,
    147.20831056294));
#8757 = DIRECTION('',(-0.362841111068,-0.922718018398,0.13014525209));
#8758 = DIRECTION('',(-0.930633110099,0.365953568622,0.));
#8759 = ADVANCED_FACE('',(#8760),#8775,.F.);
#8760 = FACE_BOUND('',#8761,.T.);
#8761 = EDGE_LOOP('',(#8762,#8768,#8774));
#8762 = ORIENTED_EDGE('',*,*,#8763,.F.);
#8763 = EDGE_CURVE('',#4962,#6905,#8764,.T.);
#8764 = LINE('',#8765,#8766);
#8765 = CARTESIAN_POINT('',(-103.3090362548,79.771759033203,
    142.12619018554));
#8766 = VECTOR('',#8767,1.);
#8767 = DIRECTION('',(0.177866567032,0.631666247186,0.754560293482));
#8768 = ORIENTED_EDGE('',*,*,#8769,.T.);
#8769 = EDGE_CURVE('',#4962,#6927,#8770,.T.);
#8770 = LINE('',#8771,#8772);
#8771 = CARTESIAN_POINT('',(-103.3090362548,79.771759033203,
    142.12619018554));
#8772 = VECTOR('',#8773,1.);
#8773 = DIRECTION('',(0.1728656061,0.620776948377,0.764691743509));
#8774 = ORIENTED_EDGE('',*,*,#6926,.T.);
#8775 = PLANE('',#8776);
#8776 = AXIS2_PLACEMENT_3D('',#8777,#8778,#8779);
#8777 = CARTESIAN_POINT('',(-102.6670764913,82.064764236354,
    144.90970569253));
#8778 = DIRECTION('',(0.931491194501,-0.355328446554,7.788356460656E-02)
  );
#8779 = DIRECTION('',(0.356411058737,0.934329255247,0.));
#8780 = ADVANCED_FACE('',(#8781),#8791,.F.);
#8781 = FACE_BOUND('',#8782,.T.);
#8782 = EDGE_LOOP('',(#8783,#8784,#8790));
#8783 = ORIENTED_EDGE('',*,*,#6934,.F.);
#8784 = ORIENTED_EDGE('',*,*,#8785,.F.);
#8785 = EDGE_CURVE('',#6951,#6927,#8786,.T.);
#8786 = LINE('',#8787,#8788);
#8787 = CARTESIAN_POINT('',(-102.0019836425,84.470520019531,
    147.9309387207));
#8788 = VECTOR('',#8789,1.);
#8789 = DIRECTION('',(-0.159234871839,-0.590807910763,-0.79094264531));
#8790 = ORIENTED_EDGE('',*,*,#6959,.T.);
#8791 = PLANE('',#8792);
#8792 = AXIS2_PLACEMENT_3D('',#8793,#8794,#8795);
#8793 = CARTESIAN_POINT('',(-100.9732301567,83.951483438491,
    147.86581013015));
#8794 = DIRECTION('',(-0.327039225465,-0.724361738596,0.606914670004));
#8795 = DIRECTION('',(-8.326672684689E-17,0.64223043039,0.76651162697));
#8796 = ADVANCED_FACE('',(#8797),#8812,.F.);
#8797 = FACE_BOUND('',#8798,.T.);
#8798 = EDGE_LOOP('',(#8799,#8805,#8806));
#8799 = ORIENTED_EDGE('',*,*,#8800,.T.);
#8800 = EDGE_CURVE('',#8539,#5162,#8801,.T.);
#8801 = LINE('',#8802,#8803);
#8802 = CARTESIAN_POINT('',(-101.9858169555,84.530502319336,
    148.01123046875));
#8803 = VECTOR('',#8804,1.);
#8804 = DIRECTION('',(0.931498385138,-0.355312473351,7.787043577282E-02)
  );
#8805 = ORIENTED_EDGE('',*,*,#6950,.T.);
#8806 = ORIENTED_EDGE('',*,*,#8807,.F.);
#8807 = EDGE_CURVE('',#8539,#6951,#8808,.T.);
#8808 = LINE('',#8809,#8810);
#8809 = CARTESIAN_POINT('',(-101.9858169555,84.530502319336,
    148.01123046875));
#8810 = VECTOR('',#8811,1.);
#8811 = DIRECTION('',(-0.159248701944,-0.59085101212,-0.790907663641));
#8812 = PLANE('',#8813);
#8813 = AXIS2_PLACEMENT_3D('',#8814,#8815,#8816);
#8814 = CARTESIAN_POINT('',(-100.895283706,84.097640457278,
    148.08224347148));
#8815 = DIRECTION('',(-0.327029183963,-0.724328445684,0.606959813834));
#8816 = DIRECTION('',(0.,0.642275839317,0.766473578299));
#8817 = ADVANCED_FACE('',(#8818),#8828,.F.);
#8818 = FACE_BOUND('',#8819,.T.);
#8819 = EDGE_LOOP('',(#8820,#8821,#8827));
#8820 = ORIENTED_EDGE('',*,*,#8800,.F.);
#8821 = ORIENTED_EDGE('',*,*,#8822,.T.);
#8822 = EDGE_CURVE('',#8539,#6975,#8823,.T.);
#8823 = LINE('',#8824,#8825);
#8824 = CARTESIAN_POINT('',(-101.9858169555,84.530502319336,
    148.01123046875));
#8825 = VECTOR('',#8826,1.);
#8826 = DIRECTION('',(0.940743050329,-0.322955723149,0.103451022918));
#8827 = ORIENTED_EDGE('',*,*,#6974,.F.);
#8828 = PLANE('',#8829);
#8829 = AXIS2_PLACEMENT_3D('',#8830,#8831,#8832);
#8830 = CARTESIAN_POINT('',(-100.8386962584,84.114947088462,
    148.12233917508));
#8831 = DIRECTION('',(-0.27469151846,-0.546801877796,0.790918628005));
#8832 = DIRECTION('',(0.,-0.822560552569,-0.568677533719));
#8833 = ADVANCED_FACE('',(#8834),#8844,.F.);
#8834 = FACE_BOUND('',#8835,.T.);
#8835 = EDGE_LOOP('',(#8836,#8842,#8843));
#8836 = ORIENTED_EDGE('',*,*,#8837,.T.);
#8837 = EDGE_CURVE('',#8539,#5186,#8838,.T.);
#8838 = LINE('',#8839,#8840);
#8839 = CARTESIAN_POINT('',(-101.9858169555,84.530502319336,
    148.01123046875));
#8840 = VECTOR('',#8841,1.);
#8841 = DIRECTION('',(0.956779762705,-0.237127842334,0.168353414184));
#8842 = ORIENTED_EDGE('',*,*,#6982,.F.);
#8843 = ORIENTED_EDGE('',*,*,#8822,.F.);
#8844 = PLANE('',#8845);
#8845 = AXIS2_PLACEMENT_3D('',#8846,#8847,#8848);
#8846 = CARTESIAN_POINT('',(-100.7807339004,84.175381040014,
    148.18424811146));
#8847 = DIRECTION('',(-0.274685138556,-0.546777095994,0.790937976046));
#8848 = DIRECTION('',(0.,-0.822579115453,-0.5686506826));
#8849 = ADVANCED_FACE('',(#8850),#8867,.F.);
#8850 = FACE_BOUND('',#8851,.T.);
#8851 = EDGE_LOOP('',(#8852,#8860,#8866));
#8852 = ORIENTED_EDGE('',*,*,#8853,.T.);
#8853 = EDGE_CURVE('',#5186,#8854,#8856,.T.);
#8854 = VERTEX_POINT('',#8855);
#8855 = CARTESIAN_POINT('',(-101.8986663818,84.807579040527,
    148.23304748535));
#8856 = LINE('',#8857,#8858);
#8857 = CARTESIAN_POINT('',(-99.66307067871,83.954833984375,
    148.41993713378));
#8858 = VECTOR('',#8859,1.);
#8859 = DIRECTION('',(-0.931499016667,0.355310747897,-7.787075431456E-02
    ));
#8860 = ORIENTED_EDGE('',*,*,#8861,.T.);
#8861 = EDGE_CURVE('',#8854,#6998,#8862,.T.);
#8862 = LINE('',#8863,#8864);
#8863 = CARTESIAN_POINT('',(-101.8986663818,84.807579040527,
    148.23304748535));
#8864 = VECTOR('',#8865,1.);
#8865 = DIRECTION('',(0.943405163638,-0.318064762427,9.392286262262E-02)
  );
#8866 = ORIENTED_EDGE('',*,*,#6997,.F.);
#8867 = PLANE('',#8868);
#8868 = AXIS2_PLACEMENT_3D('',#8869,#8870,#8871);
#8869 = CARTESIAN_POINT('',(-100.7499160682,84.395025415471,
    148.33831315129));
#8870 = DIRECTION('',(-0.203594355093,-0.33188462295,0.921087365902));
#8871 = DIRECTION('',(0.,-0.940791942988,-0.338984542435));
#8872 = ADVANCED_FACE('',(#8873),#8888,.F.);
#8873 = FACE_BOUND('',#8874,.T.);
#8874 = EDGE_LOOP('',(#8875,#8876,#8882));
#8875 = ORIENTED_EDGE('',*,*,#7005,.F.);
#8876 = ORIENTED_EDGE('',*,*,#8877,.T.);
#8877 = EDGE_CURVE('',#6998,#7059,#8878,.T.);
#8878 = LINE('',#8879,#8880);
#8879 = CARTESIAN_POINT('',(-99.63246917724,84.04354095459,
    148.45866394043));
#8880 = VECTOR('',#8881,1.);
#8881 = DIRECTION('',(-0.892964380313,0.448709892913,-3.569380189394E-02
    ));
#8882 = ORIENTED_EDGE('',*,*,#8883,.F.);
#8883 = EDGE_CURVE('',#5210,#7059,#8884,.T.);
#8884 = LINE('',#8885,#8886);
#8885 = CARTESIAN_POINT('',(-99.55290985107,84.274192810059,
    148.55937194824));
#8886 = VECTOR('',#8887,1.);
#8887 = DIRECTION('',(-0.931499016667,0.355310747897,-7.787075431456E-02
    ));
#8888 = PLANE('',#8889);
#8889 = AXIS2_PLACEMENT_3D('',#8890,#8891,#8892);
#8890 = CARTESIAN_POINT('',(-100.6335896663,84.617579953114,
    148.44422663965));
#8891 = DIRECTION('',(-0.203609474343,-0.331928454273,0.921068229396));
#8892 = DIRECTION('',(0.,-0.940775418333,-0.339030400202));
#8893 = ADVANCED_FACE('',(#8894),#8912,.F.);
#8894 = FACE_BOUND('',#8895,.T.);
#8895 = EDGE_LOOP('',(#8896,#8897,#8905,#8911));
#8896 = ORIENTED_EDGE('',*,*,#8883,.T.);
#8897 = ORIENTED_EDGE('',*,*,#8898,.F.);
#8898 = EDGE_CURVE('',#8899,#7059,#8901,.T.);
#8899 = VERTEX_POINT('',#8900);
#8900 = CARTESIAN_POINT('',(-101.6628341674,85.466819763184,
    148.42004394531));
#8901 = LINE('',#8902,#8903);
#8902 = CARTESIAN_POINT('',(-101.6628341674,85.466819763184,
    148.42004394531));
#8903 = VECTOR('',#8904,1.);
#8904 = DIRECTION('',(-0.343853646817,-0.929962124336,-0.130134994795));
#8905 = ORIENTED_EDGE('',*,*,#8906,.T.);
#8906 = EDGE_CURVE('',#8899,#7020,#8907,.T.);
#8907 = LINE('',#8908,#8909);
#8908 = CARTESIAN_POINT('',(-101.6628341674,85.466819763184,
    148.42004394531));
#8909 = VECTOR('',#8910,1.);
#8910 = DIRECTION('',(0.931499016667,-0.355310747897,7.787075431456E-02)
  );
#8911 = ORIENTED_EDGE('',*,*,#7019,.T.);
#8912 = PLANE('',#8913);
#8913 = AXIS2_PLACEMENT_3D('',#8914,#8915,#8916);
#8914 = CARTESIAN_POINT('',(-100.6078720092,84.870506286621,
    148.48970794677));
#8915 = DIRECTION('',(-0.118655214438,-9.444447683645E-02,0.988433700802
    ));
#8916 = DIRECTION('',(0.992871707735,0.,0.119187969102));
#8917 = ADVANCED_FACE('',(#8918),#8935,.F.);
#8918 = FACE_BOUND('',#8919,.T.);
#8919 = EDGE_LOOP('',(#8920,#8928,#8934));
#8920 = ORIENTED_EDGE('',*,*,#8921,.T.);
#8921 = EDGE_CURVE('',#7020,#8922,#8924,.T.);
#8922 = VERTEX_POINT('',#8923);
#8923 = CARTESIAN_POINT('',(-99.294631958,84.951301574707,
    148.55937194824));
#8924 = LINE('',#8925,#8926);
#8925 = CARTESIAN_POINT('',(-99.42723846435,84.614074707031,
    148.60693359375));
#8926 = VECTOR('',#8927,1.);
#8927 = DIRECTION('',(0.362837961196,0.922720253312,-0.130138188257));
#8928 = ORIENTED_EDGE('',*,*,#8929,.F.);
#8929 = EDGE_CURVE('',#5257,#8922,#8930,.T.);
#8930 = LINE('',#8931,#8932);
#8931 = CARTESIAN_POINT('',(-98.1593170166,88.775909423828,
    152.42984008789));
#8932 = VECTOR('',#8933,1.);
#8933 = DIRECTION('',(-0.204247887164,-0.688062883632,-0.69631334093));
#8934 = ORIENTED_EDGE('',*,*,#7042,.F.);
#8935 = PLANE('',#8936);
#8936 = AXIS2_PLACEMENT_3D('',#8937,#8938,#8939);
#8937 = CARTESIAN_POINT('',(-98.7795280986,86.715336685459,
    150.44673410578));
#8938 = DIRECTION('',(-0.931500332062,0.355308762337,-7.786407884219E-02
    ));
#8939 = DIRECTION('',(-0.356390770449,-0.934336994204,3.469446951954E-18
    ));
#8940 = ADVANCED_FACE('',(#8941),#8951,.F.);
#8941 = FACE_BOUND('',#8942,.T.);
#8942 = EDGE_LOOP('',(#8943,#8944,#8950));
#8943 = ORIENTED_EDGE('',*,*,#7058,.F.);
#8944 = ORIENTED_EDGE('',*,*,#8945,.F.);
#8945 = EDGE_CURVE('',#8899,#5282,#8946,.T.);
#8946 = LINE('',#8947,#8948);
#8947 = CARTESIAN_POINT('',(-101.6628341674,85.466819763184,
    148.42004394531));
#8948 = VECTOR('',#8949,1.);
#8949 = DIRECTION('',(0.218922446562,0.718593971455,0.660072470703));
#8950 = ORIENTED_EDGE('',*,*,#8898,.T.);
#8951 = PLANE('',#8952);
#8952 = AXIS2_PLACEMENT_3D('',#8953,#8954,#8955);
#8953 = CARTESIAN_POINT('',(-101.0809201521,87.396053616881,
    150.26195128159));
#8954 = DIRECTION('',(0.931495585446,-0.355318405081,7.787685987822E-02)
  );
#8955 = DIRECTION('',(0.356400799434,0.934333168716,-3.469446951954E-18)
  );
#8956 = ADVANCED_FACE('',(#8957),#8972,.F.);
#8957 = FACE_BOUND('',#8958,.T.);
#8958 = EDGE_LOOP('',(#8959,#8965,#8966));
#8959 = ORIENTED_EDGE('',*,*,#8960,.F.);
#8960 = EDGE_CURVE('',#5280,#8854,#8961,.T.);
#8961 = LINE('',#8962,#8963);
#8962 = CARTESIAN_POINT('',(-103.3048706054,82.35107421875,153.845703125
    ));
#8963 = VECTOR('',#8964,1.);
#8964 = DIRECTION('',(0.223704327931,0.390790150519,-0.892882652941));
#8965 = ORIENTED_EDGE('',*,*,#7066,.T.);
#8966 = ORIENTED_EDGE('',*,*,#8967,.T.);
#8967 = EDGE_CURVE('',#7059,#8854,#8968,.T.);
#8968 = LINE('',#8969,#8970);
#8969 = CARTESIAN_POINT('',(-101.7885055541,85.126937866211,
    148.3724822998));
#8970 = VECTOR('',#8971,1.);
#8971 = DIRECTION('',(-0.301423240587,-0.873833051301,-0.381523037951));
#8972 = PLANE('',#8973);
#8973 = AXIS2_PLACEMENT_3D('',#8974,#8975,#8976);
#8974 = CARTESIAN_POINT('',(-102.5535695801,83.696235759494,
    150.99625244096));
#8975 = DIRECTION('',(0.931498459953,-0.3553126743,7.786862389179E-02));
#8976 = DIRECTION('',(0.356394821224,0.934335449079,-3.469446951954E-18)
  );
#8977 = ADVANCED_FACE('',(#8978),#8983,.T.);
#8978 = FACE_BOUND('',#8979,.F.);
#8979 = EDGE_LOOP('',(#8980,#8981,#8982));
#8980 = ORIENTED_EDGE('',*,*,#7190,.F.);
#8981 = ORIENTED_EDGE('',*,*,#7152,.F.);
#8982 = ORIENTED_EDGE('',*,*,#7120,.T.);
#8983 = PLANE('',#8984);
#8984 = AXIS2_PLACEMENT_3D('',#8985,#8986,#8987);
#8985 = CARTESIAN_POINT('',(-60.76763872754,71.992387946399,
    132.10810621451));
#8986 = DIRECTION('',(-0.363736567873,-0.909700495979,0.20035148317));
#8987 = DIRECTION('',(-0.928527235053,0.371264290992,0.));
#8988 = ADVANCED_FACE('',(#8989),#8999,.T.);
#8989 = FACE_BOUND('',#8990,.F.);
#8990 = EDGE_LOOP('',(#8991,#8992,#8998));
#8991 = ORIENTED_EDGE('',*,*,#7263,.T.);
#8992 = ORIENTED_EDGE('',*,*,#8993,.T.);
#8993 = EDGE_CURVE('',#7256,#85,#8994,.T.);
#8994 = LINE('',#8995,#8996);
#8995 = CARTESIAN_POINT('',(-43.83759307861,65.976165771484,
    167.2296295166));
#8996 = VECTOR('',#8997,1.);
#8997 = DIRECTION('',(-0.916328235223,0.362543397318,0.170014265269));
#8998 = ORIENTED_EDGE('',*,*,#84,.T.);
#8999 = PLANE('',#9000);
#9000 = AXIS2_PLACEMENT_3D('',#9001,#9002,#9003);
#9001 = CARTESIAN_POINT('',(-74.08082713999,77.996533946643,
    173.02252231776));
#9002 = DIRECTION('',(-0.309373884461,-0.910541707767,0.274229097708));
#9003 = DIRECTION('',(-0.946839371168,0.321706706809,2.775557561563E-17)
  );
#9004 = ADVANCED_FACE('',(#9005),#9022,.T.);
#9005 = FACE_BOUND('',#9006,.F.);
#9006 = EDGE_LOOP('',(#9007,#9008,#9016));
#9007 = ORIENTED_EDGE('',*,*,#92,.F.);
#9008 = ORIENTED_EDGE('',*,*,#9009,.F.);
#9009 = EDGE_CURVE('',#9010,#85,#9012,.T.);
#9010 = VERTEX_POINT('',#9011);
#9011 = CARTESIAN_POINT('',(-49.93546105901,69.653109740496,
    168.20159182566));
#9012 = LINE('',#9013,#9014);
#9013 = CARTESIAN_POINT('',(-43.3465385437,67.204261779785,
    166.95916748046));
#9014 = VECTOR('',#9015,1.);
#9015 = DIRECTION('',(-0.923046564024,0.343060851587,0.174052557442));
#9016 = ORIENTED_EDGE('',*,*,#9017,.F.);
#9017 = EDGE_CURVE('',#93,#9010,#9018,.T.);
#9018 = LINE('',#9019,#9020);
#9019 = CARTESIAN_POINT('',(-102.2093124389,90.335151672363,
    177.90040588378));
#9020 = VECTOR('',#9021,1.);
#9021 = DIRECTION('',(0.916328235223,-0.362543397318,-0.170014265269));
#9022 = PLANE('',#9023);
#9023 = AXIS2_PLACEMENT_3D('',#9024,#9025,#9026);
#9024 = CARTESIAN_POINT('',(-73.1806354434,78.648589540227,
    172.53987145168));
#9025 = DIRECTION('',(-0.227454942135,-0.121822817824,-0.966138421944));
#9026 = DIRECTION('',(-0.973388351587,3.469446951954E-18,0.22916177036)
  );
#9027 = ADVANCED_FACE('',(#9028),#9046,.T.);
#9028 = FACE_BOUND('',#9029,.F.);
#9029 = EDGE_LOOP('',(#9030,#9038,#9039,#9040));
#9030 = ORIENTED_EDGE('',*,*,#9031,.T.);
#9031 = EDGE_CURVE('',#9032,#7681,#9034,.T.);
#9032 = VERTEX_POINT('',#9033);
#9033 = CARTESIAN_POINT('',(-68.09150106201,90.613342126465,
    169.8852465332));
#9034 = LINE('',#9035,#9036);
#9035 = CARTESIAN_POINT('',(-68.09150106201,90.613342126465,
    169.8852465332));
#9036 = VECTOR('',#9037,1.);
#9037 = DIRECTION('',(-0.829382043199,0.414194187308,0.374924794618));
#9038 = ORIENTED_EDGE('',*,*,#7690,.T.);
#9039 = ORIENTED_EDGE('',*,*,#7305,.T.);
#9040 = ORIENTED_EDGE('',*,*,#9041,.F.);
#9041 = EDGE_CURVE('',#9032,#7298,#9042,.T.);
#9042 = LINE('',#9043,#9044);
#9043 = CARTESIAN_POINT('',(-68.09150106201,90.613342126465,
    169.8852465332));
#9044 = VECTOR('',#9045,1.);
#9045 = DIRECTION('',(-0.363745137116,-0.909699490194,0.200340492075));
#9046 = PLANE('',#9047);
#9047 = AXIS2_PLACEMENT_3D('',#9048,#9049,#9050);
#9048 = CARTESIAN_POINT('',(-69.14375859985,88.956134637451,
    170.43273951416));
#9049 = DIRECTION('',(-0.424048761828,-2.978173582641E-02,
    -0.905149543337));
#9050 = DIRECTION('',(-0.905551222563,1.734723475977E-18,0.424236942422)
  );
#9051 = ADVANCED_FACE('',(#9052),#9070,.T.);
#9052 = FACE_BOUND('',#9053,.F.);
#9053 = EDGE_LOOP('',(#9054,#9062,#9063,#9064));
#9054 = ORIENTED_EDGE('',*,*,#9055,.T.);
#9055 = EDGE_CURVE('',#9056,#9032,#9058,.T.);
#9056 = VERTEX_POINT('',#9057);
#9057 = CARTESIAN_POINT('',(-67.37814504394,90.30605300293,
    169.78510310058));
#9058 = LINE('',#9059,#9060);
#9059 = CARTESIAN_POINT('',(-67.37814504394,90.30605300293,
    169.78510310058));
#9060 = VECTOR('',#9061,1.);
#9061 = DIRECTION('',(-0.910874353896,0.392373197633,0.127871752914));
#9062 = ORIENTED_EDGE('',*,*,#9041,.T.);
#9063 = ORIENTED_EDGE('',*,*,#7297,.T.);
#9064 = ORIENTED_EDGE('',*,*,#9065,.F.);
#9065 = EDGE_CURVE('',#9056,#7290,#9066,.T.);
#9066 = LINE('',#9067,#9068);
#9067 = CARTESIAN_POINT('',(-67.37814504394,90.30605300293,
    169.78510310058));
#9068 = VECTOR('',#9069,1.);
#9069 = DIRECTION('',(-0.363745137116,-0.909699490194,0.200340492075));
#9070 = PLANE('',#9071);
#9071 = AXIS2_PLACEMENT_3D('',#9072,#9073,#9074);
#9072 = CARTESIAN_POINT('',(-68.46231252441,88.640300592041,
    170.23585535888));
#9073 = DIRECTION('',(-0.194933107928,-0.135972287981,-0.971345777947));
#9074 = DIRECTION('',(-0.980451583855,3.469446951954E-18,0.196760493279)
  );
#9075 = ADVANCED_FACE('',(#9076),#9087,.T.);
#9076 = FACE_BOUND('',#9077,.F.);
#9077 = EDGE_LOOP('',(#9078,#9079,#9085,#9086));
#9078 = ORIENTED_EDGE('',*,*,#7375,.F.);
#9079 = ORIENTED_EDGE('',*,*,#9080,.T.);
#9080 = EDGE_CURVE('',#7368,#9056,#9081,.T.);
#9081 = LINE('',#9082,#9083);
#9082 = CARTESIAN_POINT('',(-66.64958364257,90.036788781738,
    169.8852465332));
#9083 = VECTOR('',#9084,1.);
#9084 = DIRECTION('',(-0.930288741253,0.343819303255,-0.127871594212));
#9085 = ORIENTED_EDGE('',*,*,#9065,.T.);
#9086 = ORIENTED_EDGE('',*,*,#7289,.T.);
#9087 = PLANE('',#9088);
#9088 = AXIS2_PLACEMENT_3D('',#9089,#9090,#9091);
#9089 = CARTESIAN_POINT('',(-67.74135381469,88.352023919678,
    170.23585535888));
#9090 = DIRECTION('',(4.744379566629E-02,-0.232887174765,-0.97134579326)
  );
#9091 = DIRECTION('',(-1.734723475977E-18,0.972440850065,-0.233149722549
    ));
#9092 = ADVANCED_FACE('',(#9093),#9109,.T.);
#9093 = FACE_BOUND('',#9094,.F.);
#9094 = EDGE_LOOP('',(#9095,#9096,#9097,#9103));
#9095 = ORIENTED_EDGE('',*,*,#7335,.T.);
#9096 = ORIENTED_EDGE('',*,*,#7414,.T.);
#9097 = ORIENTED_EDGE('',*,*,#9098,.F.);
#9098 = EDGE_CURVE('',#7391,#234,#9099,.T.);
#9099 = LINE('',#9100,#9101);
#9100 = CARTESIAN_POINT('',(-64.52210408935,89.643813928223,
    171.96356989746));
#9101 = VECTOR('',#9102,1.);
#9102 = DIRECTION('',(-0.363745137116,-0.909699490194,0.200340492075));
#9103 = ORIENTED_EDGE('',*,*,#9104,.T.);
#9104 = EDGE_CURVE('',#7391,#7336,#9105,.T.);
#9105 = LINE('',#9106,#9107);
#9106 = CARTESIAN_POINT('',(-64.52210408935,89.643813928223,
    171.96356989746));
#9107 = VECTOR('',#9108,1.);
#9108 = DIRECTION('',(-0.424042442978,-2.978077899703E-02,
    -0.905152535077));
#9109 = PLANE('',#9110);
#9110 = AXIS2_PLACEMENT_3D('',#9111,#9112,#9113);
#9111 = CARTESIAN_POINT('',(-65.41563970336,87.812755426025,
    172.00981165771));
#9112 = DIRECTION('',(0.829383095632,-0.414197704672,-0.374918580661));
#9113 = DIRECTION('',(0.446787385182,0.894640169253,0.));
#9114 = ADVANCED_FACE('',(#9115),#9120,.T.);
#9115 = FACE_BOUND('',#9116,.F.);
#9116 = EDGE_LOOP('',(#9117,#9118,#9119));
#9117 = ORIENTED_EDGE('',*,*,#7399,.T.);
#9118 = ORIENTED_EDGE('',*,*,#7345,.F.);
#9119 = ORIENTED_EDGE('',*,*,#9104,.F.);
#9120 = PLANE('',#9121);
#9121 = AXIS2_PLACEMENT_3D('',#9122,#9123,#9124);
#9122 = CARTESIAN_POINT('',(-64.91291465704,89.652225593343,
    171.29219822741));
#9123 = DIRECTION('',(0.363710253638,0.909717820332,-0.200320589977));
#9124 = DIRECTION('',(0.928538930891,-0.371235038514,-4.163336342344E-17
    ));
#9125 = ADVANCED_FACE('',(#9126),#9141,.T.);
#9126 = FACE_BOUND('',#9127,.F.);
#9127 = EDGE_LOOP('',(#9128,#9134,#9135));
#9128 = ORIENTED_EDGE('',*,*,#9129,.T.);
#9129 = EDGE_CURVE('',#7501,#7368,#9130,.T.);
#9130 = LINE('',#9131,#9132);
#9131 = CARTESIAN_POINT('',(-67.89514333496,90.898460229492,
    171.53641535644));
#9132 = VECTOR('',#9133,1.);
#9133 = DIRECTION('',(0.5559063718,-0.384573016559,-0.736933986682));
#9134 = ORIENTED_EDGE('',*,*,#7367,.F.);
#9135 = ORIENTED_EDGE('',*,*,#9136,.T.);
#9136 = EDGE_CURVE('',#158,#7501,#9137,.T.);
#9137 = LINE('',#9138,#9139);
#9138 = CARTESIAN_POINT('',(-65.95546132812,89.823905786133,
    170.17887141113));
#9139 = VECTOR('',#9140,1.);
#9140 = DIRECTION('',(-0.7460337978,0.413291420706,0.522133866084));
#9141 = PLANE('',#9142);
#9142 = AXIS2_PLACEMENT_3D('',#9143,#9144,#9145);
#9143 = CARTESIAN_POINT('',(-66.97684912098,90.343593033805,
    170.68418032844));
#9144 = DIRECTION('',(0.363746008445,0.909699328937,-0.200339642286));
#9145 = DIRECTION('',(0.928523749038,-0.371273009351,6.938893903907E-17)
  );
#9146 = ADVANCED_FACE('',(#9147),#9164,.T.);
#9147 = FACE_BOUND('',#9148,.F.);
#9148 = EDGE_LOOP('',(#9149,#9157,#9158));
#9149 = ORIENTED_EDGE('',*,*,#9150,.T.);
#9150 = EDGE_CURVE('',#9151,#158,#9153,.T.);
#9151 = VERTEX_POINT('',#9152);
#9152 = CARTESIAN_POINT('',(-65.02752095947,90.471137841797,
    174.80258967285));
#9153 = LINE('',#9154,#9155);
#9154 = CARTESIAN_POINT('',(-65.02752095947,90.471137841797,
    174.80258967285));
#9155 = VECTOR('',#9156,1.);
#9156 = DIRECTION('',(-0.194940494627,-0.135969660693,-0.971344663302));
#9157 = ORIENTED_EDGE('',*,*,#7390,.F.);
#9158 = ORIENTED_EDGE('',*,*,#9159,.F.);
#9159 = EDGE_CURVE('',#9151,#7391,#9160,.T.);
#9160 = LINE('',#9161,#9162);
#9161 = CARTESIAN_POINT('',(-65.02752095947,90.471137841797,
    174.80258967285));
#9162 = VECTOR('',#9163,1.);
#9163 = DIRECTION('',(0.168472810849,-0.275775490379,-0.946342850615));
#9164 = PLANE('',#9165);
#9165 = AXIS2_PLACEMENT_3D('',#9166,#9167,#9168);
#9166 = CARTESIAN_POINT('',(-65.21999000529,90.026208994509,
    172.43282573672));
#9167 = DIRECTION('',(0.363745950706,0.909699025322,-0.200341125768));
#9168 = DIRECTION('',(0.928523726637,-0.371273065374,-4.163336342344E-17
    ));
#9169 = ADVANCED_FACE('',(#9170),#9187,.T.);
#9170 = FACE_BOUND('',#9171,.F.);
#9171 = EDGE_LOOP('',(#9172,#9180,#9181));
#9172 = ORIENTED_EDGE('',*,*,#9173,.T.);
#9173 = EDGE_CURVE('',#9174,#234,#9176,.T.);
#9174 = VERTEX_POINT('',#9175);
#9175 = CARTESIAN_POINT('',(-67.76442128906,86.673621972656,
    172.55576350097));
#9176 = LINE('',#9177,#9178);
#9177 = CARTESIAN_POINT('',(-67.76442128906,86.673621972656,
    172.55576350097));
#9178 = VECTOR('',#9179,1.);
#9179 = DIRECTION('',(0.93103697303,-0.348279443085,0.108956800498));
#9180 = ORIENTED_EDGE('',*,*,#7429,.F.);
#9181 = ORIENTED_EDGE('',*,*,#9182,.T.);
#9182 = EDGE_CURVE('',#7430,#9174,#9183,.T.);
#9183 = LINE('',#9184,#9185);
#9184 = CARTESIAN_POINT('',(-68.05019552002,86.739890893555,
    172.33779169921));
#9185 = VECTOR('',#9186,1.);
#9186 = DIRECTION('',(0.781930758596,-0.181323933288,0.596410865074));
#9187 = PLANE('',#9188);
#9188 = AXIS2_PLACEMENT_3D('',#9189,#9190,#9191);
#9189 = CARTESIAN_POINT('',(-67.02519680758,86.385396505546,
    172.58914491435));
#9190 = DIRECTION('',(-0.363742415913,-0.909706256861,0.200314705137));
#9191 = DIRECTION('',(-0.928525987843,0.371267410232,-1.387778780781E-17
    ));
#9192 = ADVANCED_FACE('',(#9193),#9210,.T.);
#9193 = FACE_BOUND('',#9194,.F.);
#9194 = EDGE_LOOP('',(#9195,#9203,#9209));
#9195 = ORIENTED_EDGE('',*,*,#9196,.T.);
#9196 = EDGE_CURVE('',#280,#9197,#9199,.T.);
#9197 = VERTEX_POINT('',#9198);
#9198 = CARTESIAN_POINT('',(-66.59520894775,90.378677209473,
    171.53641535644));
#9199 = LINE('',#9200,#9201);
#9200 = CARTESIAN_POINT('',(-68.37411672363,86.839233239746,
    172.20076777343));
#9201 = VECTOR('',#9202,1.);
#9202 = DIRECTION('',(0.442882571424,0.881191295007,-0.165399303302));
#9203 = ORIENTED_EDGE('',*,*,#9204,.F.);
#9204 = EDGE_CURVE('',#7430,#9197,#9205,.T.);
#9205 = LINE('',#9206,#9207);
#9206 = CARTESIAN_POINT('',(-68.05019552002,86.739890893555,
    172.33779169921));
#9207 = VECTOR('',#9208,1.);
#9208 = DIRECTION('',(0.363747145252,0.909697834899,-0.200344362287));
#9209 = ORIENTED_EDGE('',*,*,#7438,.F.);
#9210 = PLANE('',#9211);
#9211 = AXIS2_PLACEMENT_3D('',#9212,#9213,#9214);
#9212 = CARTESIAN_POINT('',(-67.43909401922,88.50592397059,
    171.9187563657));
#9213 = DIRECTION('',(-0.286609748738,0.313944738414,0.905148359746));
#9214 = DIRECTION('',(1.387778780781E-17,-0.944784510998,0.327692276044)
  );
#9215 = ADVANCED_FACE('',(#9216),#9233,.T.);
#9216 = FACE_BOUND('',#9217,.F.);
#9217 = EDGE_LOOP('',(#9218,#9219,#9227));
#9218 = ORIENTED_EDGE('',*,*,#7460,.T.);
#9219 = ORIENTED_EDGE('',*,*,#9220,.F.);
#9220 = EDGE_CURVE('',#9221,#7453,#9223,.T.);
#9221 = VERTEX_POINT('',#9222);
#9222 = CARTESIAN_POINT('',(-66.91913778076,90.478027185059,
    171.39939143066));
#9223 = LINE('',#9224,#9225);
#9224 = CARTESIAN_POINT('',(-66.91913778076,90.478027185059,
    171.39939143066));
#9225 = VECTOR('',#9226,1.);
#9226 = DIRECTION('',(-0.93029491327,0.343798288454,-0.12788319358));
#9227 = ORIENTED_EDGE('',*,*,#9228,.F.);
#9228 = EDGE_CURVE('',#280,#9221,#9229,.T.);
#9229 = LINE('',#9230,#9231);
#9230 = CARTESIAN_POINT('',(-68.37411672363,86.839233239746,
    172.20076777343));
#9231 = VECTOR('',#9232,1.);
#9232 = DIRECTION('',(0.363744859125,0.909698794961,-0.200344153664));
#9233 = PLANE('',#9234);
#9234 = AXIS2_PLACEMENT_3D('',#9235,#9236,#9237);
#9235 = CARTESIAN_POINT('',(-67.70378181239,88.770802446725,
    171.77039198382));
#9236 = DIRECTION('',(-4.74572099704E-02,0.232896001322,0.971343021692)
  );
#9237 = DIRECTION('',(-1.734723475977E-18,-0.972438695742,0.2331587078)
  );
#9238 = ADVANCED_FACE('',(#9239),#9249,.T.);
#9239 = FACE_BOUND('',#9240,.F.);
#9240 = EDGE_LOOP('',(#9241,#9247,#9248));
#9241 = ORIENTED_EDGE('',*,*,#9242,.F.);
#9242 = EDGE_CURVE('',#7453,#7492,#9243,.T.);
#9243 = LINE('',#9244,#9245);
#9244 = CARTESIAN_POINT('',(-67.25913411865,90.603675683594,
    171.35265375976));
#9245 = VECTOR('',#9246,1.);
#9246 = DIRECTION('',(-0.910862254123,0.392397446675,0.12788353239));
#9247 = ORIENTED_EDGE('',*,*,#7475,.F.);
#9248 = ORIENTED_EDGE('',*,*,#7491,.T.);
#9249 = PLANE('',#9250);
#9250 = AXIS2_PLACEMENT_3D('',#9251,#9252,#9253);
#9251 = CARTESIAN_POINT('',(-68.20078021478,88.969529466508,
    171.77039202798));
#9252 = DIRECTION('',(0.194950029708,0.135968949964,0.971342849133));
#9253 = DIRECTION('',(0.980448174206,-1.387778780781E-17,-0.196777482698
    ));
#9254 = ADVANCED_FACE('',(#9255),#9265,.T.);
#9255 = FACE_BOUND('',#9256,.F.);
#9256 = EDGE_LOOP('',(#9257,#9263,#9264));
#9257 = ORIENTED_EDGE('',*,*,#9258,.T.);
#9258 = EDGE_CURVE('',#158,#7492,#9259,.T.);
#9259 = LINE('',#9260,#9261);
#9260 = CARTESIAN_POINT('',(-65.95546132812,89.823905786133,
    170.17887141113));
#9261 = VECTOR('',#9262,1.);
#9262 = DIRECTION('',(-0.730414961221,0.412023801223,0.544729631698));
#9263 = ORIENTED_EDGE('',*,*,#7508,.T.);
#9264 = ORIENTED_EDGE('',*,*,#9136,.F.);
#9265 = PLANE('',#9266);
#9266 = AXIS2_PLACEMENT_3D('',#9267,#9268,#9269);
#9267 = CARTESIAN_POINT('',(-66.91751879782,90.36101256873,
    170.87099793872));
#9268 = DIRECTION('',(0.363719447359,0.909701254729,-0.200379117567));
#9269 = DIRECTION('',(0.928533365791,-0.371248957726,1.387778780781E-17)
  );
#9270 = ADVANCED_FACE('',(#9271),#9281,.T.);
#9271 = FACE_BOUND('',#9272,.F.);
#9272 = EDGE_LOOP('',(#9273,#9279,#9280));
#9273 = ORIENTED_EDGE('',*,*,#9274,.T.);
#9274 = EDGE_CURVE('',#7523,#7368,#9275,.T.);
#9275 = LINE('',#9276,#9277);
#9276 = CARTESIAN_POINT('',(-68.14782125244,91.04750045166,
    171.7543871582));
#9277 = VECTOR('',#9278,1.);
#9278 = DIRECTION('',(0.576247762414,-0.388736962952,-0.71890339403));
#9279 = ORIENTED_EDGE('',*,*,#9129,.F.);
#9280 = ORIENTED_EDGE('',*,*,#7530,.T.);
#9281 = PLANE('',#9282);
#9282 = AXIS2_PLACEMENT_3D('',#9283,#9284,#9285);
#9283 = CARTESIAN_POINT('',(-67.38804857338,90.540317858959,
    170.83086862402));
#9284 = DIRECTION('',(0.363775421921,0.90969316214,-0.200314236044));
#9285 = DIRECTION('',(0.928512531327,-0.37130106271,1.387778780781E-17)
  );
#9286 = ADVANCED_FACE('',(#9287),#9302,.T.);
#9287 = FACE_BOUND('',#9288,.F.);
#9288 = EDGE_LOOP('',(#9289,#9295,#9301));
#9289 = ORIENTED_EDGE('',*,*,#9290,.T.);
#9290 = EDGE_CURVE('',#7547,#7658,#9291,.T.);
#9291 = LINE('',#9292,#9293);
#9292 = CARTESIAN_POINT('',(-68.33284169921,91.184036096191,
    172.03846003418));
#9293 = VECTOR('',#9294,1.);
#9294 = DIRECTION('',(-0.930940590025,0.362462567552,-4.439037021483E-02
    ));
#9295 = ORIENTED_EDGE('',*,*,#9296,.F.);
#9296 = EDGE_CURVE('',#7523,#7658,#9297,.T.);
#9297 = LINE('',#9298,#9299);
#9298 = CARTESIAN_POINT('',(-68.14782125244,91.04750045166,
    171.7543871582));
#9299 = VECTOR('',#9300,1.);
#9300 = DIRECTION('',(-0.914492004123,0.389655326511,0.108963759649));
#9301 = ORIENTED_EDGE('',*,*,#7554,.T.);
#9302 = PLANE('',#9303);
#9303 = AXIS2_PLACEMENT_3D('',#9304,#9305,#9306);
#9304 = CARTESIAN_POINT('',(-68.9926566508,91.422383225912,
    171.9227481483));
#9305 = DIRECTION('',(0.363745779093,0.909702973519,-0.200323508764));
#9306 = DIRECTION('',(0.928524342515,-0.371271525109,-5.551115123126E-17
    ));
#9307 = ADVANCED_FACE('',(#9308),#9318,.T.);
#9308 = FACE_BOUND('',#9309,.F.);
#9309 = EDGE_LOOP('',(#9310,#9316,#9317));
#9310 = ORIENTED_EDGE('',*,*,#9311,.F.);
#9311 = EDGE_CURVE('',#7658,#7571,#9312,.T.);
#9312 = LINE('',#9313,#9314);
#9313 = CARTESIAN_POINT('',(-69.90341359863,91.795539697266,
    171.96356989746));
#9314 = VECTOR('',#9315,1.);
#9315 = DIRECTION('',(0.916138849064,-0.310476985464,0.253561926819));
#9316 = ORIENTED_EDGE('',*,*,#9290,.F.);
#9317 = ORIENTED_EDGE('',*,*,#7578,.T.);
#9318 = PLANE('',#9319);
#9319 = AXIS2_PLACEMENT_3D('',#9320,#9321,#9322);
#9320 = CARTESIAN_POINT('',(-69.0677339526,91.490065390743,
    172.09376799437));
#9321 = DIRECTION('',(0.363744970555,0.909697890161,-0.200348059718));
#9322 = DIRECTION('',(0.92852391181,-0.371272602271,-6.938893903907E-17)
  );
#9323 = ADVANCED_FACE('',(#9324),#9334,.T.);
#9324 = FACE_BOUND('',#9325,.F.);
#9325 = EDGE_LOOP('',(#9326,#9327,#9328));
#9326 = ORIENTED_EDGE('',*,*,#9311,.T.);
#9327 = ORIENTED_EDGE('',*,*,#7602,.T.);
#9328 = ORIENTED_EDGE('',*,*,#9329,.F.);
#9329 = EDGE_CURVE('',#7658,#7595,#9330,.T.);
#9330 = LINE('',#9331,#9332);
#9331 = CARTESIAN_POINT('',(-69.90341359863,91.795539697266,
    171.96356989746));
#9332 = VECTOR('',#9333,1.);
#9333 = DIRECTION('',(0.858576309007,-0.244003809901,0.450897840277));
#9334 = PLANE('',#9335);
#9335 = AXIS2_PLACEMENT_3D('',#9336,#9337,#9338);
#9336 = CARTESIAN_POINT('',(-69.10203996458,91.546218986691,
    172.28646165533));
#9337 = DIRECTION('',(0.36374226899,0.909702312547,-0.200332883711));
#9338 = DIRECTION('',(0.928525484607,-0.371268668803,0.));
#9339 = ADVANCED_FACE('',(#9340),#9357,.T.);
#9340 = FACE_BOUND('',#9341,.F.);
#9341 = EDGE_LOOP('',(#9342,#9343,#9351));
#9342 = ORIENTED_EDGE('',*,*,#7619,.T.);
#9343 = ORIENTED_EDGE('',*,*,#9344,.T.);
#9344 = EDGE_CURVE('',#528,#9345,#9347,.T.);
#9345 = VERTEX_POINT('',#9346);
#9346 = CARTESIAN_POINT('',(-68.38368398437,91.43357833252,
    173.07927729492));
#9347 = LINE('',#9348,#9349);
#9348 = CARTESIAN_POINT('',(-69.83866292724,87.794792016602,
    173.88065363769));
#9349 = VECTOR('',#9350,1.);
#9350 = DIRECTION('',(0.363745490265,0.909698466041,-0.200344501284));
#9351 = ORIENTED_EDGE('',*,*,#9352,.F.);
#9352 = EDGE_CURVE('',#7595,#9345,#9353,.T.);
#9353 = LINE('',#9354,#9355);
#9354 = CARTESIAN_POINT('',(-68.4549348999,91.383888085937,
    172.72426630859));
#9355 = VECTOR('',#9356,1.);
#9356 = DIRECTION('',(0.194949435812,0.135957348265,0.971344592269));
#9357 = PLANE('',#9358);
#9358 = AXIS2_PLACEMENT_3D('',#9359,#9360,#9361);
#9359 = CARTESIAN_POINT('',(-69.09807774745,89.680526794255,
    173.3696952777));
#9360 = DIRECTION('',(0.910868992777,-0.392379262449,-0.127891330422));
#9361 = DIRECTION('',(0.395628086366,0.918410810737,-1.387778780781E-17)
  );
#9362 = ADVANCED_FACE('',(#9363),#9380,.T.);
#9363 = FACE_BOUND('',#9364,.F.);
#9364 = EDGE_LOOP('',(#9365,#9366,#9374));
#9365 = ORIENTED_EDGE('',*,*,#7634,.F.);
#9366 = ORIENTED_EDGE('',*,*,#9367,.F.);
#9367 = EDGE_CURVE('',#9368,#559,#9370,.T.);
#9368 = VERTEX_POINT('',#9369);
#9369 = CARTESIAN_POINT('',(-71.39555532226,88.339134057617,
    173.52564265136));
#9370 = LINE('',#9371,#9372);
#9371 = CARTESIAN_POINT('',(-71.39555532226,88.339134057617,
    173.52564265136));
#9372 = VECTOR('',#9373,1.);
#9373 = DIRECTION('',(0.168475000354,-0.275773904115,-0.946342923081));
#9374 = ORIENTED_EDGE('',*,*,#9375,.F.);
#9375 = EDGE_CURVE('',#7635,#9368,#9376,.T.);
#9376 = LINE('',#9377,#9378);
#9377 = CARTESIAN_POINT('',(-69.80952626953,88.26552565918,
    176.07105280761));
#9378 = VECTOR('',#9379,1.);
#9379 = DIRECTION('',(-0.528675786522,2.453610661889E-02,-0.848469146297
    ));
#9380 = PLANE('',#9381);
#9381 = AXIS2_PLACEMENT_3D('',#9382,#9383,#9384);
#9382 = CARTESIAN_POINT('',(-70.65635720131,88.167735905662,
    174.08947352505));
#9383 = DIRECTION('',(-0.363743583298,-0.909700320523,0.200339542903));
#9384 = DIRECTION('',(-0.928524741882,0.371270526319,1.387778780781E-17)
  );
#9385 = ADVANCED_FACE('',(#9386),#9403,.T.);
#9386 = FACE_BOUND('',#9387,.F.);
#9387 = EDGE_LOOP('',(#9388,#9389,#9397));
#9388 = ORIENTED_EDGE('',*,*,#7642,.T.);
#9389 = ORIENTED_EDGE('',*,*,#9390,.F.);
#9390 = EDGE_CURVE('',#9391,#7635,#9393,.T.);
#9391 = VERTEX_POINT('',#9392);
#9392 = CARTESIAN_POINT('',(-69.82485372314,87.795760949707,
    173.91011835937));
#9393 = LINE('',#9394,#9395);
#9394 = CARTESIAN_POINT('',(-69.82485372314,87.795760949707,
    173.91011835937));
#9395 = VECTOR('',#9396,1.);
#9396 = DIRECTION('',(6.930923287488E-03,0.212422966441,0.977153235491)
  );
#9397 = ORIENTED_EDGE('',*,*,#9398,.T.);
#9398 = EDGE_CURVE('',#9391,#528,#9399,.T.);
#9399 = LINE('',#9400,#9401);
#9400 = CARTESIAN_POINT('',(-69.82485372314,87.795760949707,
    173.91011835937));
#9401 = VECTOR('',#9402,1.);
#9402 = DIRECTION('',(-0.42418579688,-2.976331281975E-02,-0.905085937873
    ));
#9403 = PLANE('',#9404);
#9404 = AXIS2_PLACEMENT_3D('',#9405,#9406,#9407);
#9405 = CARTESIAN_POINT('',(-69.8207454234,88.028692685711,
    174.97527476089));
#9406 = DIRECTION('',(-0.36364777278,-0.909737041649,0.200346730456));
#9407 = DIRECTION('',(-0.928563615899,0.371173290025,1.387778780781E-17)
  );
#9408 = ADVANCED_FACE('',(#9409),#9424,.T.);
#9409 = FACE_BOUND('',#9410,.F.);
#9410 = EDGE_LOOP('',(#9411,#9417,#9418));
#9411 = ORIENTED_EDGE('',*,*,#9412,.T.);
#9412 = EDGE_CURVE('',#7368,#7658,#9413,.T.);
#9413 = LINE('',#9414,#9415);
#9414 = CARTESIAN_POINT('',(-66.64958364257,90.036788781738,
    169.8852465332));
#9415 = VECTOR('',#9416,1.);
#9416 = DIRECTION('',(-0.76693417716,0.414541080649,0.489864940936));
#9417 = ORIENTED_EDGE('',*,*,#7657,.F.);
#9418 = ORIENTED_EDGE('',*,*,#9419,.F.);
#9419 = EDGE_CURVE('',#7368,#590,#9420,.T.);
#9420 = LINE('',#9421,#9422);
#9421 = CARTESIAN_POINT('',(-66.64958364257,90.036788781738,
    169.8852465332));
#9422 = VECTOR('',#9423,1.);
#9423 = DIRECTION('',(-0.877633792378,0.406765842334,0.253575385216));
#9424 = PLANE('',#9425);
#9425 = AXIS2_PLACEMENT_3D('',#9426,#9427,#9428);
#9426 = CARTESIAN_POINT('',(-68.40303359242,90.93206204283,
    170.7668599974));
#9427 = DIRECTION('',(0.363742202121,0.909699835213,-0.200344254245));
#9428 = DIRECTION('',(0.928525159593,-0.371269481648,-4.163336342344E-17
    ));
#9429 = ADVANCED_FACE('',(#9430),#9440,.T.);
#9430 = FACE_BOUND('',#9431,.F.);
#9431 = EDGE_LOOP('',(#9432,#9438,#9439));
#9432 = ORIENTED_EDGE('',*,*,#9433,.T.);
#9433 = EDGE_CURVE('',#9032,#590,#9434,.T.);
#9434 = LINE('',#9435,#9436);
#9435 = CARTESIAN_POINT('',(-68.09150106201,90.613342126465,
    169.8852465332));
#9436 = VECTOR('',#9437,1.);
#9437 = DIRECTION('',(-0.766933309152,0.414538495412,0.489868487592));
#9438 = ORIENTED_EDGE('',*,*,#7680,.F.);
#9439 = ORIENTED_EDGE('',*,*,#9031,.F.);
#9440 = PLANE('',#9441);
#9441 = AXIS2_PLACEMENT_3D('',#9442,#9443,#9444);
#9442 = CARTESIAN_POINT('',(-68.70056394779,90.935844536045,
    170.24383270926));
#9443 = DIRECTION('',(0.363739398544,0.909701006143,-0.200344027537));
#9444 = DIRECTION('',(0.928526310817,-0.371266602485,-4.163336342344E-17
    ));
#9445 = ADVANCED_FACE('',(#9446),#9469,.T.);
#9446 = FACE_BOUND('',#9447,.F.);
#9447 = EDGE_LOOP('',(#9448,#9456,#9462,#9463));
#9448 = ORIENTED_EDGE('',*,*,#9449,.T.);
#9449 = EDGE_CURVE('',#9450,#9368,#9452,.T.);
#9450 = VERTEX_POINT('',#9451);
#9451 = CARTESIAN_POINT('',(-69.94057637939,91.97792800293,
    172.72428156738));
#9452 = LINE('',#9453,#9454);
#9453 = CARTESIAN_POINT('',(-69.94057637939,91.97792800293,
    172.72428156738));
#9454 = VECTOR('',#9455,1.);
#9455 = DIRECTION('',(-0.363745137116,-0.909699490194,0.200340492075));
#9456 = ORIENTED_EDGE('',*,*,#9457,.T.);
#9457 = EDGE_CURVE('',#9368,#7707,#9458,.T.);
#9458 = LINE('',#9459,#9460);
#9459 = CARTESIAN_POINT('',(-71.39555532226,88.339134057617,
    173.52564265136));
#9460 = VECTOR('',#9461,1.);
#9461 = DIRECTION('',(4.745276467776E-02,-0.232889713075,-0.971344746559
    ));
#9462 = ORIENTED_EDGE('',*,*,#7706,.F.);
#9463 = ORIENTED_EDGE('',*,*,#9464,.T.);
#9464 = EDGE_CURVE('',#7658,#9450,#9465,.T.);
#9465 = LINE('',#9466,#9467);
#9466 = CARTESIAN_POINT('',(-69.90341359863,91.795539697266,
    171.96356989746));
#9467 = VECTOR('',#9468,1.);
#9468 = DIRECTION('',(-4.745276467776E-02,0.232889713075,0.971344746559)
  );
#9469 = PLANE('',#9470);
#9470 = AXIS2_PLACEMENT_3D('',#9471,#9472,#9473);
#9471 = CARTESIAN_POINT('',(-70.64948446044,90.067336877441,
    172.74460627441));
#9472 = DIRECTION('',(-0.930289060465,0.343815217798,-0.127880256451));
#9473 = DIRECTION('',(-0.346661441772,-0.937990322332,0.));
#9474 = ADVANCED_FACE('',(#9475),#9480,.T.);
#9475 = FACE_BOUND('',#9476,.F.);
#9476 = EDGE_LOOP('',(#9477,#9478,#9479));
#9477 = ORIENTED_EDGE('',*,*,#9367,.T.);
#9478 = ORIENTED_EDGE('',*,*,#7714,.F.);
#9479 = ORIENTED_EDGE('',*,*,#9457,.F.);
#9480 = PLANE('',#9481);
#9481 = AXIS2_PLACEMENT_3D('',#9482,#9483,#9484);
#9482 = CARTESIAN_POINT('',(-71.28825484229,88.132975855994,
    172.78434000446));
#9483 = DIRECTION('',(-0.363740456852,-0.909701380053,0.200340408254));
#9484 = DIRECTION('',(-0.928525991041,0.371267402233,2.775557561563E-17)
  );
#9485 = ADVANCED_FACE('',(#9486),#9491,.T.);
#9486 = FACE_BOUND('',#9487,.F.);
#9487 = EDGE_LOOP('',(#9488,#9489,#9490));
#9488 = ORIENTED_EDGE('',*,*,#7761,.T.);
#9489 = ORIENTED_EDGE('',*,*,#7776,.T.);
#9490 = ORIENTED_EDGE('',*,*,#7882,.T.);
#9491 = PLANE('',#9492);
#9492 = AXIS2_PLACEMENT_3D('',#9493,#9494,#9495);
#9493 = CARTESIAN_POINT('',(-95.08839764707,77.516301789338,
    147.73243283121));
#9494 = DIRECTION('',(-0.309291495021,-0.910551174195,0.274290594589));
#9495 = DIRECTION('',(-0.946866483715,0.321626898776,1.387778780781E-17)
  );
#9496 = ADVANCED_FACE('',(#9497),#9502,.T.);
#9497 = FACE_BOUND('',#9498,.F.);
#9498 = EDGE_LOOP('',(#9499,#9500,#9501));
#9499 = ORIENTED_EDGE('',*,*,#7985,.T.);
#9500 = ORIENTED_EDGE('',*,*,#7888,.F.);
#9501 = ORIENTED_EDGE('',*,*,#7793,.T.);
#9502 = PLANE('',#9503);
#9503 = AXIS2_PLACEMENT_3D('',#9504,#9505,#9506);
#9504 = CARTESIAN_POINT('',(-55.89029596263,60.875753351015,
    135.31408578865));
#9505 = DIRECTION('',(0.394806150432,4.423587314391E-02,0.917698910923)
  );
#9506 = DIRECTION('',(0.918598113153,3.469446951954E-18,-0.395192999067)
  );
#9507 = ADVANCED_FACE('',(#9508),#9523,.F.);
#9508 = FACE_BOUND('',#9509,.T.);
#9509 = EDGE_LOOP('',(#9510,#9516,#9517));
#9510 = ORIENTED_EDGE('',*,*,#9511,.F.);
#9511 = EDGE_CURVE('',#4334,#8289,#9512,.T.);
#9512 = LINE('',#9513,#9514);
#9513 = CARTESIAN_POINT('',(-62.8913116455,59.34997177124,
    122.77970123291));
#9514 = VECTOR('',#9515,1.);
#9515 = DIRECTION('',(-0.644826849474,0.738095474832,-0.198528094308));
#9516 = ORIENTED_EDGE('',*,*,#7903,.F.);
#9517 = ORIENTED_EDGE('',*,*,#9518,.F.);
#9518 = EDGE_CURVE('',#8289,#7904,#9519,.T.);
#9519 = LINE('',#9520,#9521);
#9520 = CARTESIAN_POINT('',(-67.55253601074,64.685401916504,
    121.34461212158));
#9521 = VECTOR('',#9522,1.);
#9522 = DIRECTION('',(-0.724662012165,0.664040404649,-0.184161095562));
#9523 = PLANE('',#9524);
#9524 = AXIS2_PLACEMENT_3D('',#9525,#9526,#9527);
#9525 = CARTESIAN_POINT('',(-65.34740285913,62.145473959055,
    122.02725372109));
#9526 = DIRECTION('',(-3.736427771307E-02,0.228990727078,0.972711240638)
  );
#9527 = DIRECTION('',(0.,-0.973390948273,0.229150740389));
#9528 = ADVANCED_FACE('',(#9529),#9544,.F.);
#9529 = FACE_BOUND('',#9530,.T.);
#9530 = EDGE_LOOP('',(#9531,#9532,#9538));
#9531 = ORIENTED_EDGE('',*,*,#7912,.F.);
#9532 = ORIENTED_EDGE('',*,*,#9533,.T.);
#9533 = EDGE_CURVE('',#4889,#8312,#9534,.T.);
#9534 = LINE('',#9535,#9536);
#9535 = CARTESIAN_POINT('',(-74.06036376953,63.506202697754,
    121.37325286865));
#9536 = VECTOR('',#9537,1.);
#9537 = DIRECTION('',(0.961389064963,0.273796159687,-2.768986657456E-02)
  );
#9538 = ORIENTED_EDGE('',*,*,#9539,.F.);
#9539 = EDGE_CURVE('',#7904,#8312,#9540,.T.);
#9540 = LINE('',#9541,#9542);
#9541 = CARTESIAN_POINT('',(-67.8173828125,64.928092956543,
    121.27730560302));
#9542 = VECTOR('',#9543,1.);
#9543 = DIRECTION('',(-0.521885812843,0.825623355917,-0.214432442781));
#9544 = PLANE('',#9545);
#9545 = AXIS2_PLACEMENT_3D('',#9546,#9547,#9548);
#9546 = CARTESIAN_POINT('',(-70.90017285486,64.313957155773,
    121.3039591684));
#9547 = DIRECTION('',(-3.7229408378E-02,0.229096151171,0.972691587642));
#9548 = DIRECTION('',(1.734723475977E-18,-0.973366378484,0.229255083341)
  );
#9549 = ADVANCED_FACE('',(#9550),#9567,.T.);
#9550 = FACE_BOUND('',#9551,.F.);
#9551 = EDGE_LOOP('',(#9552,#9560,#9561));
#9552 = ORIENTED_EDGE('',*,*,#9553,.F.);
#9553 = EDGE_CURVE('',#7256,#9554,#9556,.T.);
#9554 = VERTEX_POINT('',#9555);
#9555 = CARTESIAN_POINT('',(-43.40110015869,67.067802429199,
    166.98921203613));
#9556 = LINE('',#9557,#9558);
#9557 = CARTESIAN_POINT('',(-43.83759307861,65.976165771484,
    167.2296295166));
#9558 = VECTOR('',#9559,1.);
#9559 = DIRECTION('',(0.363743693296,0.90969972991,-0.200342025019));
#9560 = ORIENTED_EDGE('',*,*,#7969,.F.);
#9561 = ORIENTED_EDGE('',*,*,#9562,.T.);
#9562 = EDGE_CURVE('',#7962,#9554,#9563,.T.);
#9563 = LINE('',#9564,#9565);
#9564 = CARTESIAN_POINT('',(-33.4966430664,51.247413635254,
    125.63263702392));
#9565 = VECTOR('',#9566,1.);
#9566 = DIRECTION('',(-0.218287539677,0.348670675675,0.911470959464));
#9567 = PLANE('',#9568);
#9568 = AXIS2_PLACEMENT_3D('',#9569,#9570,#9571);
#9569 = CARTESIAN_POINT('',(-38.59143673929,59.098738133313,
    146.65273520115));
#9570 = DIRECTION('',(-0.90039003834,0.288248800007,-0.32589938348));
#9571 = DIRECTION('',(0.340345146391,0.,-0.940300580308));
#9572 = ADVANCED_FACE('',(#9573),#9583,.F.);
#9573 = FACE_BOUND('',#9574,.T.);
#9574 = EDGE_LOOP('',(#9575,#9576,#9577));
#9575 = ORIENTED_EDGE('',*,*,#8006,.F.);
#9576 = ORIENTED_EDGE('',*,*,#8054,.T.);
#9577 = ORIENTED_EDGE('',*,*,#9578,.T.);
#9578 = EDGE_CURVE('',#8047,#6243,#9579,.T.);
#9579 = LINE('',#9580,#9581);
#9580 = CARTESIAN_POINT('',(-65.64234924316,66.661186218262,
    120.95236206054));
#9581 = VECTOR('',#9582,1.);
#9582 = DIRECTION('',(0.999196266891,-5.934595441213E-03,
    3.964342073834E-02));
#9583 = PLANE('',#9584);
#9584 = AXIS2_PLACEMENT_3D('',#9585,#9586,#9587);
#9585 = CARTESIAN_POINT('',(-62.85330465442,66.5683017991,
    121.08099350476));
#9586 = DIRECTION('',(-3.723116638074E-02,0.229095087507,0.972691770876)
  );
#9587 = DIRECTION('',(-1.734723475977E-18,-0.97336662564,0.229254033965)
  );
#9588 = ADVANCED_FACE('',(#9589),#9599,.F.);
#9589 = FACE_BOUND('',#9590,.T.);
#9590 = EDGE_LOOP('',(#9591,#9592,#9593));
#9591 = ORIENTED_EDGE('',*,*,#8022,.T.);
#9592 = ORIENTED_EDGE('',*,*,#8476,.F.);
#9593 = ORIENTED_EDGE('',*,*,#9594,.T.);
#9594 = EDGE_CURVE('',#8477,#8023,#9595,.T.);
#9595 = LINE('',#9596,#9597);
#9596 = CARTESIAN_POINT('',(-66.31745910644,67.620826721191,
    123.16787719726));
#9597 = VECTOR('',#9598,1.);
#9598 = DIRECTION('',(0.87806008435,-0.457212495065,0.141305423208));
#9599 = PLANE('',#9600);
#9600 = AXIS2_PLACEMENT_3D('',#9601,#9602,#9603);
#9601 = CARTESIAN_POINT('',(-63.20440953455,67.363678441355,
    123.3476023956));
#9602 = DIRECTION('',(3.723003006329E-02,-0.229118102145,-0.972686393516
    ));
#9603 = DIRECTION('',(0.,0.973361203314,-0.229277054857));
#9604 = ADVANCED_FACE('',(#9605),#9622,.F.);
#9605 = FACE_BOUND('',#9606,.T.);
#9606 = EDGE_LOOP('',(#9607,#9615,#9621));
#9607 = ORIENTED_EDGE('',*,*,#9608,.F.);
#9608 = EDGE_CURVE('',#9609,#8023,#9611,.T.);
#9609 = VERTEX_POINT('',#9610);
#9610 = CARTESIAN_POINT('',(-65.71591949462,66.72859954834,
    120.93366241455));
#9611 = LINE('',#9612,#9613);
#9612 = CARTESIAN_POINT('',(-65.71591949462,66.72859954834,
    120.93366241455));
#9613 = VECTOR('',#9614,1.);
#9614 = DIRECTION('',(-0.116228770748,0.300324804583,0.946729044977));
#9615 = ORIENTED_EDGE('',*,*,#9616,.F.);
#9616 = EDGE_CURVE('',#6267,#9609,#9617,.T.);
#9617 = LINE('',#9618,#9619);
#9618 = CARTESIAN_POINT('',(-65.73170471191,67.211036682129,
    123.286819458));
#9619 = VECTOR('',#9620,1.);
#9620 = DIRECTION('',(6.571276722087E-03,-0.200835240331,-0.979602993341
    ));
#9621 = ORIENTED_EDGE('',*,*,#8030,.F.);
#9622 = PLANE('',#9623);
#9623 = AXIS2_PLACEMENT_3D('',#9624,#9625,#9626);
#9624 = CARTESIAN_POINT('',(-65.79540759521,67.051926466278,
    122.17516933316));
#9625 = DIRECTION('',(0.68809516239,0.711729666039,-0.141300849168));
#9626 = DIRECTION('',(0.718943036145,-0.695068997135,-4.163336342344E-17
    ));
#9627 = ADVANCED_FACE('',(#9628),#9638,.F.);
#9628 = FACE_BOUND('',#9629,.T.);
#9629 = EDGE_LOOP('',(#9630,#9631,#9637));
#9630 = ORIENTED_EDGE('',*,*,#9616,.T.);
#9631 = ORIENTED_EDGE('',*,*,#9632,.F.);
#9632 = EDGE_CURVE('',#8047,#9609,#9633,.T.);
#9633 = LINE('',#9634,#9635);
#9634 = CARTESIAN_POINT('',(-65.64234924316,66.661186218262,
    120.95236206054));
#9635 = VECTOR('',#9636,1.);
#9636 = DIRECTION('',(-0.724669502597,0.66402361557,-0.184192155021));
#9637 = ORIENTED_EDGE('',*,*,#8046,.F.);
#9638 = PLANE('',#9639);
#9639 = AXIS2_PLACEMENT_3D('',#9640,#9641,#9642);
#9640 = CARTESIAN_POINT('',(-65.70488341932,66.947629228625,
    122.09065148667));
#9641 = DIRECTION('',(0.688088070611,0.711736245028,-0.141302245545));
#9642 = DIRECTION('',(0.718949826558,-0.695061973418,-1.387778780781E-17
    ));
#9643 = ADVANCED_FACE('',(#9644),#9654,.F.);
#9644 = FACE_BOUND('',#9645,.T.);
#9645 = EDGE_LOOP('',(#9646,#9652,#9653));
#9646 = ORIENTED_EDGE('',*,*,#9647,.T.);
#9647 = EDGE_CURVE('',#4334,#6320,#9648,.T.);
#9648 = LINE('',#9649,#9650);
#9649 = CARTESIAN_POINT('',(-62.8913116455,59.34997177124,
    122.77970123291));
#9650 = VECTOR('',#9651,1.);
#9651 = DIRECTION('',(-0.351945299903,0.907994054871,-0.227335219875));
#9652 = ORIENTED_EDGE('',*,*,#8068,.T.);
#9653 = ORIENTED_EDGE('',*,*,#8084,.F.);
#9654 = PLANE('',#9655);
#9655 = AXIS2_PLACEMENT_3D('',#9656,#9657,#9658);
#9656 = CARTESIAN_POINT('',(-64.14799689016,62.678956362432,
    121.94751031584));
#9657 = DIRECTION('',(-3.727566594007E-02,0.229085454248,0.972692335418)
  );
#9658 = DIRECTION('',(0.,-0.973368806428,0.229244774583));
#9659 = ADVANCED_FACE('',(#9660),#9670,.F.);
#9660 = FACE_BOUND('',#9661,.T.);
#9661 = EDGE_LOOP('',(#9662,#9668,#9669));
#9662 = ORIENTED_EDGE('',*,*,#9663,.T.);
#9663 = EDGE_CURVE('',#4334,#6343,#9664,.T.);
#9664 = LINE('',#9665,#9666);
#9665 = CARTESIAN_POINT('',(-62.8913116455,59.34997177124,
    122.77970123291));
#9666 = VECTOR('',#9667,1.);
#9667 = DIRECTION('',(-0.380606358211,0.89675012236,-0.225783121903));
#9668 = ORIENTED_EDGE('',*,*,#8100,.T.);
#9669 = ORIENTED_EDGE('',*,*,#9647,.F.);
#9670 = PLANE('',#9671);
#9671 = AXIS2_PLACEMENT_3D('',#9672,#9673,#9674);
#9672 = CARTESIAN_POINT('',(-64.1683758182,62.502324649856,
    121.98833296994));
#9673 = DIRECTION('',(-3.720731891663E-02,0.229111089528,0.972688914337)
  );
#9674 = DIRECTION('',(0.,-0.973362901979,0.229269843309));
#9675 = ADVANCED_FACE('',(#9676),#9686,.F.);
#9676 = FACE_BOUND('',#9677,.T.);
#9677 = EDGE_LOOP('',(#9678,#9684,#9685));
#9678 = ORIENTED_EDGE('',*,*,#9679,.T.);
#9679 = EDGE_CURVE('',#6343,#6389,#9680,.T.);
#9680 = LINE('',#9681,#9682);
#9681 = CARTESIAN_POINT('',(-65.42391204834,65.317054748535,
    121.27731323242));
#9682 = VECTOR('',#9683,1.);
#9683 = DIRECTION('',(-0.47710965618,-0.859340144241,0.184121950011));
#9684 = ORIENTED_EDGE('',*,*,#8134,.F.);
#9685 = ORIENTED_EDGE('',*,*,#8116,.F.);
#9686 = PLANE('',#9687);
#9687 = AXIS2_PLACEMENT_3D('',#9688,#9689,#9690);
#9688 = CARTESIAN_POINT('',(-65.51109659867,65.160022570044,
    121.31095901129));
#9689 = DIRECTION('',(0.232455453028,-0.325438907694,-0.916544586868));
#9690 = DIRECTION('',(0.,0.942358573658,-0.334604720012));
#9691 = ADVANCED_FACE('',(#9692),#9707,.F.);
#9692 = FACE_BOUND('',#9693,.T.);
#9693 = EDGE_LOOP('',(#9694,#9700,#9706));
#9694 = ORIENTED_EDGE('',*,*,#9695,.F.);
#9695 = EDGE_CURVE('',#8173,#6389,#9696,.T.);
#9696 = LINE('',#9697,#9698);
#9697 = CARTESIAN_POINT('',(-65.84976196289,64.742866516113,
    121.39624786377));
#9698 = VECTOR('',#9699,1.);
#9699 = DIRECTION('',(0.688086209367,0.711737737649,-0.141303790765));
#9700 = ORIENTED_EDGE('',*,*,#9701,.T.);
#9701 = EDGE_CURVE('',#8173,#8150,#9702,.T.);
#9702 = LINE('',#9703,#9704);
#9703 = CARTESIAN_POINT('',(-65.84976196289,64.742866516113,
    121.39624786377));
#9704 = VECTOR('',#9705,1.);
#9705 = DIRECTION('',(0.688077708204,0.711750106422,-0.141282884603));
#9706 = ORIENTED_EDGE('',*,*,#8149,.T.);
#9707 = PLANE('',#9708);
#9708 = AXIS2_PLACEMENT_3D('',#9709,#9710,#9711);
#9709 = CARTESIAN_POINT('',(-65.72402212738,64.872928933311,
    121.37042670858));
#9710 = DIRECTION('',(0.646086706391,-0.512285515561,0.565805194719));
#9711 = DIRECTION('',(-0.658820656233,2.775557561563E-17,0.752300035173)
  );
#9712 = ADVANCED_FACE('',(#9713),#9718,.F.);
#9713 = FACE_BOUND('',#9714,.T.);
#9714 = EDGE_LOOP('',(#9715,#9716,#9717));
#9715 = ORIENTED_EDGE('',*,*,#8172,.F.);
#9716 = ORIENTED_EDGE('',*,*,#8157,.F.);
#9717 = ORIENTED_EDGE('',*,*,#9701,.F.);
#9718 = PLANE('',#9719);
#9719 = AXIS2_PLACEMENT_3D('',#9720,#9721,#9722);
#9720 = CARTESIAN_POINT('',(-65.87568185258,65.03054631047,
    122.53564959271));
#9721 = DIRECTION('',(0.724680441339,-0.664025891032,0.184140907948));
#9722 = DIRECTION('',(0.675578378905,0.737288175652,1.387778780781E-17)
  );
#9723 = ADVANCED_FACE('',(#9724),#9739,.F.);
#9724 = FACE_BOUND('',#9725,.T.);
#9725 = EDGE_LOOP('',(#9726,#9732,#9738));
#9726 = ORIENTED_EDGE('',*,*,#9727,.F.);
#9727 = EDGE_CURVE('',#4334,#8173,#9728,.T.);
#9728 = LINE('',#9729,#9730);
#9729 = CARTESIAN_POINT('',(-62.8913116455,59.34997177124,
    122.77970123291));
#9730 = VECTOR('',#9731,1.);
#9731 = DIRECTION('',(-0.469242600978,0.855372132503,-0.219430846431));
#9732 = ORIENTED_EDGE('',*,*,#9733,.F.);
#9733 = EDGE_CURVE('',#6412,#4334,#9734,.T.);
#9734 = LINE('',#9735,#9736);
#9735 = CARTESIAN_POINT('',(-66.16121673584,64.554428100586,
    121.4287109375));
#9736 = VECTOR('',#9737,1.);
#9737 = DIRECTION('',(0.519596969798,-0.827002516425,0.214676097419));
#9738 = ORIENTED_EDGE('',*,*,#8180,.F.);
#9739 = PLANE('',#9740);
#9740 = AXIS2_PLACEMENT_3D('',#9741,#9742,#9743);
#9741 = CARTESIAN_POINT('',(-64.49222901308,62.074042789856,
    122.07681044001));
#9742 = DIRECTION('',(-3.722958866104E-02,0.229103167819,0.972689928098)
  );
#9743 = DIRECTION('',(0.,-0.97336472433,0.229262106398));
#9744 = ADVANCED_FACE('',(#9745),#9755,.F.);
#9745 = FACE_BOUND('',#9746,.T.);
#9746 = EDGE_LOOP('',(#9747,#9753,#9754));
#9747 = ORIENTED_EDGE('',*,*,#9748,.F.);
#9748 = EDGE_CURVE('',#6435,#6412,#9749,.T.);
#9749 = LINE('',#9750,#9751);
#9750 = CARTESIAN_POINT('',(-66.511428833,64.450508117676,
    121.43978118896));
#9751 = VECTOR('',#9752,1.);
#9752 = DIRECTION('',(0.958243732807,0.284343896577,-3.029021319528E-02)
  );
#9753 = ORIENTED_EDGE('',*,*,#8217,.T.);
#9754 = ORIENTED_EDGE('',*,*,#8195,.T.);
#9755 = PLANE('',#9756);
#9756 = AXIS2_PLACEMENT_3D('',#9757,#9758,#9759);
#9757 = CARTESIAN_POINT('',(-66.33632295746,64.502468705201,
    121.43424618471));
#9758 = DIRECTION('',(8.316443634041E-02,-0.175772280358,0.980911709577)
  );
#9759 = DIRECTION('',(1.734723475977E-18,-0.984321558863,-0.176383300676
    ));
#9760 = ADVANCED_FACE('',(#9761),#9776,.F.);
#9761 = FACE_BOUND('',#9762,.T.);
#9762 = EDGE_LOOP('',(#9763,#9769,#9775));
#9763 = ORIENTED_EDGE('',*,*,#9764,.F.);
#9764 = EDGE_CURVE('',#4334,#6435,#9765,.T.);
#9765 = LINE('',#9766,#9767);
#9766 = CARTESIAN_POINT('',(-62.8913116455,59.34997177124,
    122.77970123291));
#9767 = VECTOR('',#9768,1.);
#9768 = DIRECTION('',(-0.565946640326,0.797386178297,-0.209474778826));
#9769 = ORIENTED_EDGE('',*,*,#9770,.F.);
#9770 = EDGE_CURVE('',#6474,#4334,#9771,.T.);
#9771 = LINE('',#9772,#9773);
#9772 = CARTESIAN_POINT('',(-66.8765258789,64.438186645508,
    121.4287109375));
#9773 = VECTOR('',#9774,1.);
#9774 = DIRECTION('',(0.603563796059,-0.770614101229,0.204608531281));
#9775 = ORIENTED_EDGE('',*,*,#8234,.T.);
#9776 = PLANE('',#9777);
#9777 = AXIS2_PLACEMENT_3D('',#9778,#9779,#9780);
#9778 = CARTESIAN_POINT('',(-64.84604646034,61.966766959286,
    122.08853465981));
#9779 = DIRECTION('',(-3.722529298114E-02,0.229106490116,0.97268930998)
  );
#9780 = DIRECTION('',(0.,-0.973363949909,0.229265394285));
#9781 = ADVANCED_FACE('',(#9782),#9792,.F.);
#9782 = FACE_BOUND('',#9783,.T.);
#9783 = EDGE_LOOP('',(#9784,#9790,#9791));
#9784 = ORIENTED_EDGE('',*,*,#9785,.F.);
#9785 = EDGE_CURVE('',#8267,#6474,#9786,.T.);
#9786 = LINE('',#9787,#9788);
#9787 = CARTESIAN_POINT('',(-67.23162841796,64.51830291748,
    121.39624786377));
#9788 = VECTOR('',#9789,1.);
#9789 = DIRECTION('',(0.971625394594,-0.219212750701,8.88248980319E-02)
  );
#9790 = ORIENTED_EDGE('',*,*,#8266,.T.);
#9791 = ORIENTED_EDGE('',*,*,#8251,.T.);
#9792 = PLANE('',#9793);
#9793 = AXIS2_PLACEMENT_3D('',#9794,#9795,#9796);
#9794 = CARTESIAN_POINT('',(-67.05407716829,64.478244727825,
    121.4124794854));
#9795 = DIRECTION('',(-0.135081804695,-0.822560914748,-0.552400622347));
#9796 = DIRECTION('',(0.,-0.557510513188,0.830169878811));
#9797 = ADVANCED_FACE('',(#9798),#9808,.F.);
#9798 = FACE_BOUND('',#9799,.T.);
#9799 = EDGE_LOOP('',(#9800,#9801,#9802));
#9800 = ORIENTED_EDGE('',*,*,#8288,.T.);
#9801 = ORIENTED_EDGE('',*,*,#8274,.F.);
#9802 = ORIENTED_EDGE('',*,*,#9803,.F.);
#9803 = EDGE_CURVE('',#8289,#8267,#9804,.T.);
#9804 = LINE('',#9805,#9806);
#9805 = CARTESIAN_POINT('',(-67.55253601074,64.685401916504,
    121.34461212158));
#9806 = VECTOR('',#9807,1.);
#9807 = DIRECTION('',(0.878062674275,-0.457213843659,0.141284964564));
#9808 = PLANE('',#9809);
#9809 = AXIS2_PLACEMENT_3D('',#9810,#9811,#9812);
#9810 = CARTESIAN_POINT('',(-67.50777260413,64.896041762499,
    122.44358234303));
#9811 = DIRECTION('',(-0.477096077927,-0.859343043983,0.184143599359));
#9812 = DIRECTION('',(-0.874294039195,0.485396675956,0.));
#9813 = ADVANCED_FACE('',(#9814),#9824,.F.);
#9814 = FACE_BOUND('',#9815,.T.);
#9815 = EDGE_LOOP('',(#9816,#9817,#9818));
#9816 = ORIENTED_EDGE('',*,*,#8296,.F.);
#9817 = ORIENTED_EDGE('',*,*,#9518,.T.);
#9818 = ORIENTED_EDGE('',*,*,#9819,.F.);
#9819 = EDGE_CURVE('',#6520,#7904,#9820,.T.);
#9820 = LINE('',#9821,#9822);
#9821 = CARTESIAN_POINT('',(-67.95971679687,65.56175994873,
    123.58999633789));
#9822 = VECTOR('',#9823,1.);
#9823 = DIRECTION('',(5.925271218364E-02,-0.263791448495,-0.962758114897
    ));
#9824 = PLANE('',#9825);
#9825 = AXIS2_PLACEMENT_3D('',#9826,#9827,#9828);
#9826 = CARTESIAN_POINT('',(-67.81216715539,65.157289887878,
    122.37071072771));
#9827 = DIRECTION('',(-0.688463777478,-0.709176894608,0.151939985702));
#9828 = DIRECTION('',(-0.717507355125,0.696550928031,2.775557561563E-17)
  );
#9829 = ADVANCED_FACE('',(#9830),#9835,.F.);
#9830 = FACE_BOUND('',#9831,.T.);
#9831 = EDGE_LOOP('',(#9832,#9833,#9834));
#9832 = ORIENTED_EDGE('',*,*,#9539,.T.);
#9833 = ORIENTED_EDGE('',*,*,#8311,.F.);
#9834 = ORIENTED_EDGE('',*,*,#9819,.T.);
#9835 = PLANE('',#9836);
#9836 = AXIS2_PLACEMENT_3D('',#9837,#9838,#9839);
#9837 = CARTESIAN_POINT('',(-67.93469072633,65.303516652861,
    122.3310779659));
#9838 = DIRECTION('',(-0.852202671,-0.515616327845,8.882797982158E-02));
#9839 = DIRECTION('',(0.51766265774,-0.855584813318,6.938893903907E-18)
  );
#9840 = ADVANCED_FACE('',(#9841),#9851,.F.);
#9841 = FACE_BOUND('',#9842,.T.);
#9842 = EDGE_LOOP('',(#9843,#9844,#9850));
#9843 = ORIENTED_EDGE('',*,*,#9533,.F.);
#9844 = ORIENTED_EDGE('',*,*,#9845,.T.);
#9845 = EDGE_CURVE('',#4889,#6559,#9846,.T.);
#9846 = LINE('',#9847,#9848);
#9847 = CARTESIAN_POINT('',(-74.06036376953,63.506202697754,
    121.37325286865));
#9848 = VECTOR('',#9849,1.);
#9849 = DIRECTION('',(0.943959127064,0.327505140782,-4.100669694263E-02)
  );
#9850 = ORIENTED_EDGE('',*,*,#8334,.T.);
#9851 = PLANE('',#9852);
#9852 = AXIS2_PLACEMENT_3D('',#9853,#9854,#9855);
#9853 = CARTESIAN_POINT('',(-70.97557023928,64.479816213727,
    121.26200933167));
#9854 = DIRECTION('',(-3.722819411097E-02,0.229091991264,0.972692613883)
  );
#9855 = DIRECTION('',(0.,-0.973367361373,0.22925091017));
#9856 = ADVANCED_FACE('',(#9857),#9862,.F.);
#9857 = FACE_BOUND('',#9858,.T.);
#9858 = EDGE_LOOP('',(#9859,#9860,#9861));
#9859 = ORIENTED_EDGE('',*,*,#9845,.F.);
#9860 = ORIENTED_EDGE('',*,*,#8524,.T.);
#9861 = ORIENTED_EDGE('',*,*,#8350,.T.);
#9862 = PLANE('',#9863);
#9863 = AXIS2_PLACEMENT_3D('',#9864,#9865,#9866);
#9864 = CARTESIAN_POINT('',(-71.02719039151,64.625090647268,
    121.22581660455));
#9865 = DIRECTION('',(-3.723563029407E-02,0.229112775773,0.97268743377)
  );
#9866 = DIRECTION('',(0.,-0.973362447529,0.229271772662));
#9867 = ADVANCED_FACE('',(#9868),#9878,.F.);
#9868 = FACE_BOUND('',#9869,.T.);
#9869 = EDGE_LOOP('',(#9870,#9871,#9877));
#9870 = ORIENTED_EDGE('',*,*,#8421,.T.);
#9871 = ORIENTED_EDGE('',*,*,#9872,.F.);
#9872 = EDGE_CURVE('',#6653,#4863,#9873,.T.);
#9873 = LINE('',#9874,#9875);
#9874 = CARTESIAN_POINT('',(-67.60997009277,66.846412658691,
    120.8334197998));
#9875 = VECTOR('',#9876,1.);
#9876 = DIRECTION('',(-0.655553124685,0.729051607551,-0.196809182315));
#9877 = ORIENTED_EDGE('',*,*,#8405,.T.);
#9878 = PLANE('',#9879);
#9879 = AXIS2_PLACEMENT_3D('',#9880,#9881,#9882);
#9880 = CARTESIAN_POINT('',(-69.38767742211,68.683515766266,
    120.3326742089));
#9881 = DIRECTION('',(-3.722937746446E-02,0.229103739732,0.972689801475)
  );
#9882 = DIRECTION('',(0.,-0.973364589956,0.229262676902));
#9883 = ADVANCED_FACE('',(#9884),#9894,.F.);
#9884 = FACE_BOUND('',#9885,.T.);
#9885 = EDGE_LOOP('',(#9886,#9892,#9893));
#9886 = ORIENTED_EDGE('',*,*,#9887,.T.);
#9887 = EDGE_CURVE('',#6653,#8454,#9888,.T.);
#9888 = LINE('',#9889,#9890);
#9889 = CARTESIAN_POINT('',(-67.60997009277,66.846412658691,
    120.8334197998));
#9890 = VECTOR('',#9891,1.);
#9891 = DIRECTION('',(0.228282815175,0.335939157587,0.913800765318));
#9892 = ORIENTED_EDGE('',*,*,#8462,.F.);
#9893 = ORIENTED_EDGE('',*,*,#8438,.T.);
#9894 = PLANE('',#9895);
#9895 = AXIS2_PLACEMENT_3D('',#9896,#9897,#9898);
#9896 = CARTESIAN_POINT('',(-67.39636185638,67.269171871699,
    122.06078406157));
#9897 = DIRECTION('',(-0.281831539246,0.921200900834,-0.268253394737));
#9898 = DIRECTION('',(0.956248967178,0.292554119388,-2.775557561563E-17)
  );
#9899 = ADVANCED_FACE('',(#9900),#9917,.F.);
#9900 = FACE_BOUND('',#9901,.T.);
#9901 = EDGE_LOOP('',(#9902,#9910,#9911));
#9902 = ORIENTED_EDGE('',*,*,#9903,.T.);
#9903 = EDGE_CURVE('',#9904,#4841,#9906,.T.);
#9904 = VERTEX_POINT('',#9905);
#9905 = CARTESIAN_POINT('',(-66.6725616455,67.700942993164,
    123.13541412353));
#9906 = LINE('',#9907,#9908);
#9907 = CARTESIAN_POINT('',(-66.6725616455,67.700942993164,
    123.13541412353));
#9908 = VECTOR('',#9909,1.);
#9909 = DIRECTION('',(-0.770703763021,0.613008899029,-0.173884442598));
#9910 = ORIENTED_EDGE('',*,*,#8453,.F.);
#9911 = ORIENTED_EDGE('',*,*,#9912,.T.);
#9912 = EDGE_CURVE('',#8454,#9904,#9913,.T.);
#9913 = LINE('',#9914,#9915);
#9914 = CARTESIAN_POINT('',(-67.0376586914,67.688621520996,
    123.12434387207));
#9915 = VECTOR('',#9916,1.);
#9916 = DIRECTION('',(0.998972412484,3.371380545328E-02,
    3.029023635462E-02));
#9917 = PLANE('',#9918);
#9918 = AXIS2_PLACEMENT_3D('',#9919,#9920,#9921);
#9919 = CARTESIAN_POINT('',(-68.9783011409,69.458622201031,
    122.63316537538));
#9920 = DIRECTION('',(3.722535395574E-02,-0.229108784488,-0.972688767229
    ));
#9921 = DIRECTION('',(1.734723475977E-18,0.973363408994,-0.22926769077)
  );
#9922 = ADVANCED_FACE('',(#9923),#9933,.F.);
#9923 = FACE_BOUND('',#9924,.T.);
#9924 = EDGE_LOOP('',(#9925,#9926,#9927));
#9925 = ORIENTED_EDGE('',*,*,#8485,.T.);
#9926 = ORIENTED_EDGE('',*,*,#9903,.F.);
#9927 = ORIENTED_EDGE('',*,*,#9928,.T.);
#9928 = EDGE_CURVE('',#9904,#8477,#9929,.T.);
#9929 = LINE('',#9930,#9931);
#9930 = CARTESIAN_POINT('',(-66.6725616455,67.700942993164,
    123.13541412353));
#9931 = VECTOR('',#9932,1.);
#9932 = DIRECTION('',(0.971625394594,-0.219212750701,8.88248980319E-02)
  );
#9933 = PLANE('',#9934);
#9934 = AXIS2_PLACEMENT_3D('',#9935,#9936,#9937);
#9935 = CARTESIAN_POINT('',(-68.7959498705,69.443249074882,
    122.64376570112));
#9936 = DIRECTION('',(3.72345109408E-02,-0.229097899704,-0.9726909805));
#9937 = DIRECTION('',(1.734723475977E-18,0.973365956095,-0.229256876702)
  );
#9938 = ADVANCED_FACE('',(#9939),#9956,.F.);
#9939 = FACE_BOUND('',#9940,.T.);
#9940 = EDGE_LOOP('',(#9941,#9949,#9955));
#9941 = ORIENTED_EDGE('',*,*,#9942,.F.);
#9942 = EDGE_CURVE('',#9943,#6243,#9945,.T.);
#9943 = VERTEX_POINT('',#9944);
#9944 = CARTESIAN_POINT('',(-66.22810363769,67.070976257324,
    120.8334197998));
#9945 = LINE('',#9946,#9947);
#9946 = CARTESIAN_POINT('',(-66.22810363769,67.070976257324,
    120.8334197998));
#9947 = VECTOR('',#9948,1.);
#9948 = DIRECTION('',(0.995992667105,-7.069850510576E-02,
    5.477525398591E-02));
#9949 = ORIENTED_EDGE('',*,*,#9950,.T.);
#9950 = EDGE_CURVE('',#9943,#8500,#9951,.T.);
#9951 = LINE('',#9952,#9953);
#9952 = CARTESIAN_POINT('',(-66.22810363769,67.070976257324,
    120.8334197998));
#9953 = VECTOR('',#9954,1.);
#9954 = DIRECTION('',(-0.971625394594,0.219212750701,-8.88248980319E-02)
  );
#9955 = ORIENTED_EDGE('',*,*,#8499,.F.);
#9956 = PLANE('',#9957);
#9957 = AXIS2_PLACEMENT_3D('',#9958,#9959,#9960);
#9958 = CARTESIAN_POINT('',(-63.28438442147,66.876501730236,
    120.9919009269));
#9959 = DIRECTION('',(-3.723028501267E-02,0.229115058369,0.97268710072)
  );
#9960 = DIRECTION('',(-3.469446951954E-18,-0.97336192026,0.229274011149)
  );
#9961 = ADVANCED_FACE('',(#9962),#9979,.F.);
#9962 = FACE_BOUND('',#9963,.T.);
#9963 = EDGE_LOOP('',(#9964,#9965,#9973));
#9964 = ORIENTED_EDGE('',*,*,#8507,.T.);
#9965 = ORIENTED_EDGE('',*,*,#9966,.T.);
#9966 = EDGE_CURVE('',#8500,#9967,#9969,.T.);
#9967 = VERTEX_POINT('',#9968);
#9968 = CARTESIAN_POINT('',(-66.94830322265,67.138771057129,
    120.7898864746));
#9969 = LINE('',#9970,#9971);
#9970 = CARTESIAN_POINT('',(-66.58320617675,67.151092529297,
    120.80095672607));
#9971 = VECTOR('',#9972,1.);
#9972 = DIRECTION('',(-0.998972412484,-3.371380545328E-02,
    -3.029023635462E-02));
#9973 = ORIENTED_EDGE('',*,*,#9974,.T.);
#9974 = EDGE_CURVE('',#9967,#4863,#9975,.T.);
#9975 = LINE('',#9976,#9977);
#9976 = CARTESIAN_POINT('',(-66.94830322265,67.138771057129,
    120.7898864746));
#9977 = VECTOR('',#9978,1.);
#9978 = DIRECTION('',(-0.743031779459,0.644526221008,-0.180249064206));
#9979 = PLANE('',#9980);
#9980 = AXIS2_PLACEMENT_3D('',#9981,#9982,#9983);
#9981 = CARTESIAN_POINT('',(-68.88894567215,68.908771737164,
    120.29870797792));
#9982 = DIRECTION('',(-3.722535395574E-02,0.229108784488,0.972688767229)
  );
#9983 = DIRECTION('',(-1.734723475977E-18,-0.973363408994,0.22926769077)
  );
#9984 = ADVANCED_FACE('',(#9985),#9995,.F.);
#9985 = FACE_BOUND('',#9986,.T.);
#9986 = EDGE_LOOP('',(#9987,#9988,#9989));
#9987 = ORIENTED_EDGE('',*,*,#8769,.F.);
#9988 = ORIENTED_EDGE('',*,*,#8538,.F.);
#9989 = ORIENTED_EDGE('',*,*,#9990,.T.);
#9990 = EDGE_CURVE('',#8539,#6927,#9991,.T.);
#9991 = LINE('',#9992,#9993);
#9992 = CARTESIAN_POINT('',(-101.9858169555,84.530502319336,
    148.01123046875));
#9993 = VECTOR('',#9994,1.);
#9994 = DIRECTION('',(-0.159238713548,-0.590819883433,-0.790932928539));
#9995 = PLANE('',#9996);
#9996 = AXIS2_PLACEMENT_3D('',#9997,#9998,#9999);
#9997 = CARTESIAN_POINT('',(-102.6462407477,82.15373763968,
    145.06642673196));
#9998 = DIRECTION('',(0.931453341887,-0.355411078456,7.795920213684E-02)
  );
#9999 = DIRECTION('',(0.35649605634,0.934296827466,3.469446951954E-18));
#10000 = ADVANCED_FACE('',(#10001),#10011,.F.);
#10001 = FACE_BOUND('',#10002,.T.);
#10002 = EDGE_LOOP('',(#10003,#10004,#10005));
#10003 = ORIENTED_EDGE('',*,*,#8547,.T.);
#10004 = ORIENTED_EDGE('',*,*,#8960,.T.);
#10005 = ORIENTED_EDGE('',*,*,#10006,.T.);
#10006 = EDGE_CURVE('',#8854,#8539,#10007,.T.);
#10007 = LINE('',#10008,#10009);
#10008 = CARTESIAN_POINT('',(-101.8986663818,84.807579040527,
    148.23304748535));
#10009 = VECTOR('',#10010,1.);
#10010 = DIRECTION('',(-0.238460563888,-0.758134666787,-0.606933593143)
  );
#10011 = PLANE('',#10012);
#10012 = AXIS2_PLACEMENT_3D('',#10013,#10014,#10015);
#10013 = CARTESIAN_POINT('',(-102.6045630234,83.54216772188,
    150.90323506823));
#10014 = DIRECTION('',(0.931494988863,-0.355322950249,7.786325673874E-02
    ));
#10015 = DIRECTION('',(0.356404978613,0.93433157456,3.469446951954E-18)
  );
#10016 = ADVANCED_FACE('',(#10017),#10034,.F.);
#10017 = FACE_BOUND('',#10018,.T.);
#10018 = EDGE_LOOP('',(#10019,#10027,#10028));
#10019 = ORIENTED_EDGE('',*,*,#10020,.T.);
#10020 = EDGE_CURVE('',#10021,#4960,#10023,.T.);
#10021 = VERTEX_POINT('',#10022);
#10022 = CARTESIAN_POINT('',(-101.7222442626,84.740287780762,
    145.81553649902));
#10023 = LINE('',#10024,#10025);
#10024 = CARTESIAN_POINT('',(-101.7222442626,84.740287780762,
    145.81553649902));
#10025 = VECTOR('',#10026,1.);
#10026 = DIRECTION('',(0.223372564269,0.389807857312,-0.893394947327));
#10027 = ORIENTED_EDGE('',*,*,#8561,.F.);
#10028 = ORIENTED_EDGE('',*,*,#10029,.T.);
#10029 = EDGE_CURVE('',#8562,#10021,#10030,.T.);
#10030 = LINE('',#10031,#10032);
#10031 = CARTESIAN_POINT('',(-101.8417663574,84.475555419922,
    146.03735351562));
#10032 = VECTOR('',#10033,1.);
#10033 = DIRECTION('',(0.327032733703,0.724352663524,-0.606928999086));
#10034 = PLANE('',#10035);
#10035 = AXIS2_PLACEMENT_3D('',#10036,#10037,#10038);
#10036 = CARTESIAN_POINT('',(-101.1114763481,85.791322848501,
    143.3051179129));
#10037 = DIRECTION('',(0.931499743998,-0.355308849237,7.787071712873E-02
    ));
#10038 = DIRECTION('',(0.356391042957,0.93433689026,-3.469446951954E-18)
  );
#10039 = ADVANCED_FACE('',(#10040),#10050,.F.);
#10040 = FACE_BOUND('',#10041,.T.);
#10041 = EDGE_LOOP('',(#10042,#10043,#10049));
#10042 = ORIENTED_EDGE('',*,*,#8585,.F.);
#10043 = ORIENTED_EDGE('',*,*,#10044,.T.);
#10044 = EDGE_CURVE('',#4962,#6882,#10045,.T.);
#10045 = LINE('',#10046,#10047);
#10046 = CARTESIAN_POINT('',(-103.3090362548,79.771759033203,
    142.12619018554));
#10047 = VECTOR('',#10048,1.);
#10048 = DIRECTION('',(0.18733761102,0.652121350909,0.734603541501));
#10049 = ORIENTED_EDGE('',*,*,#8733,.F.);
#10050 = PLANE('',#10051);
#10051 = AXIS2_PLACEMENT_3D('',#10052,#10053,#10054);
#10052 = CARTESIAN_POINT('',(-102.6565879305,82.013524956918,
    144.55044972809));
#10053 = DIRECTION('',(0.931500303116,-0.355308785768,7.786431821144E-02
    ));
#10054 = DIRECTION('',(0.356390800634,0.934336982691,1.387778780781E-17)
  );
#10055 = ADVANCED_FACE('',(#10056),#10073,.F.);
#10056 = FACE_BOUND('',#10057,.T.);
#10057 = EDGE_LOOP('',(#10058,#10066,#10067));
#10058 = ORIENTED_EDGE('',*,*,#10059,.F.);
#10059 = EDGE_CURVE('',#4970,#10060,#10062,.T.);
#10060 = VERTEX_POINT('',#10061);
#10061 = CARTESIAN_POINT('',(-98.81707000732,85.828659057617,
    146.84992980957));
#10062 = LINE('',#10063,#10064);
#10063 = CARTESIAN_POINT('',(-98.16348266601,86.196594238281,
    140.71032714843));
#10064 = VECTOR('',#10065,1.);
#10065 = DIRECTION('',(-0.105668763153,-5.948593707993E-02,
    0.992620539674));
#10066 = ORIENTED_EDGE('',*,*,#8607,.F.);
#10067 = ORIENTED_EDGE('',*,*,#10068,.T.);
#10068 = EDGE_CURVE('',#8608,#10060,#10069,.T.);
#10069 = LINE('',#10070,#10071);
#10070 = CARTESIAN_POINT('',(-98.82643127441,85.883285522461,
    147.21118164062));
#10071 = VECTOR('',#10072,1.);
#10072 = DIRECTION('',(2.561372515003E-02,-0.149465584413,
    -0.988435114795));
#10073 = PLANE('',#10074);
#10074 = AXIS2_PLACEMENT_3D('',#10075,#10076,#10077);
#10075 = CARTESIAN_POINT('',(-98.50186803509,86.021901321434,
    143.96111571773));
#10076 = DIRECTION('',(-0.931495149239,0.355321505517,
    -7.786793088958E-02));
#10077 = DIRECTION('',(-0.356403659988,-0.934332077554,
    1.040834085586E-17));
#10078 = ADVANCED_FACE('',(#10079),#10096,.F.);
#10079 = FACE_BOUND('',#10080,.T.);
#10080 = EDGE_LOOP('',(#10081,#10082,#10090));
#10081 = ORIENTED_EDGE('',*,*,#8616,.T.);
#10082 = ORIENTED_EDGE('',*,*,#10083,.F.);
#10083 = EDGE_CURVE('',#10084,#5257,#10086,.T.);
#10084 = VERTEX_POINT('',#10085);
#10085 = CARTESIAN_POINT('',(-98.86979675293,85.848770141602,
    147.57243347168));
#10086 = LINE('',#10087,#10088);
#10087 = CARTESIAN_POINT('',(-98.86979675293,85.848770141602,
    147.57243347168));
#10088 = VECTOR('',#10089,1.);
#10089 = DIRECTION('',(0.124306806717,0.512137529595,0.849860558318));
#10090 = ORIENTED_EDGE('',*,*,#10091,.T.);
#10091 = EDGE_CURVE('',#10084,#8608,#10092,.T.);
#10092 = LINE('',#10093,#10094);
#10093 = CARTESIAN_POINT('',(-98.86979675293,85.848770141602,
    147.57243347168));
#10094 = VECTOR('',#10095,1.);
#10095 = DIRECTION('',(0.118653878547,9.443880129232E-02,-0.988434403446
    ));
#10096 = PLANE('',#10097);
#10097 = AXIS2_PLACEMENT_3D('',#10098,#10099,#10100);
#10098 = CARTESIAN_POINT('',(-98.51387233268,87.277173339923,
    149.8324872856));
#10099 = DIRECTION('',(-0.931496998363,0.355316044043,
    -7.787073189951E-02));
#10100 = DIRECTION('',(-0.35639826009,-0.934334137343,0.));
#10101 = ADVANCED_FACE('',(#10102),#10119,.F.);
#10102 = FACE_BOUND('',#10103,.T.);
#10103 = EDGE_LOOP('',(#10104,#10112,#10118));
#10104 = ORIENTED_EDGE('',*,*,#10105,.T.);
#10105 = EDGE_CURVE('',#4960,#10106,#10108,.T.);
#10106 = VERTEX_POINT('',#10107);
#10107 = CARTESIAN_POINT('',(-101.0526657104,86.681411743164,
    146.66304016113));
#10108 = LINE('',#10109,#10110);
#10109 = CARTESIAN_POINT('',(-100.3990783691,87.049346923828,140.5234375
    ));
#10110 = VECTOR('',#10111,1.);
#10111 = DIRECTION('',(-0.105668763153,-5.948593707993E-02,
    0.992620539674));
#10112 = ORIENTED_EDGE('',*,*,#10113,.T.);
#10113 = EDGE_CURVE('',#10106,#8631,#10114,.T.);
#10114 = LINE('',#10115,#10116);
#10115 = CARTESIAN_POINT('',(-101.0526657104,86.681411743164,
    146.66304016113));
#10116 = VECTOR('',#10117,1.);
#10117 = DIRECTION('',(-2.561372515003E-02,0.149465584413,0.988435114795
    ));
#10118 = ORIENTED_EDGE('',*,*,#8630,.T.);
#10119 = PLANE('',#10120);
#10120 = AXIS2_PLACEMENT_3D('',#10121,#10122,#10123);
#10121 = CARTESIAN_POINT('',(-100.7374637382,86.874654006981,
    143.77422606929));
#10122 = DIRECTION('',(0.931495149239,-0.355321505517,7.786793088958E-02
    ));
#10123 = DIRECTION('',(0.356403659988,0.934332077554,-3.469446951954E-18
    ));
#10124 = ADVANCED_FACE('',(#10125),#10142,.F.);
#10125 = FACE_BOUND('',#10126,.T.);
#10126 = EDGE_LOOP('',(#10127,#10128,#10136));
#10127 = ORIENTED_EDGE('',*,*,#8638,.F.);
#10128 = ORIENTED_EDGE('',*,*,#10129,.T.);
#10129 = EDGE_CURVE('',#8631,#10130,#10132,.T.);
#10130 = VERTEX_POINT('',#10131);
#10131 = CARTESIAN_POINT('',(-101.105392456,86.701522827148,
    147.38554382324));
#10132 = LINE('',#10133,#10134);
#10133 = CARTESIAN_POINT('',(-101.0620269775,86.736038208008,
    147.02429199218));
#10134 = VECTOR('',#10135,1.);
#10135 = DIRECTION('',(-0.118653878547,-9.443880129232E-02,
    0.988434403446));
#10136 = ORIENTED_EDGE('',*,*,#10137,.T.);
#10137 = EDGE_CURVE('',#10130,#5282,#10138,.T.);
#10138 = LINE('',#10139,#10140);
#10139 = CARTESIAN_POINT('',(-101.105392456,86.701522827148,
    147.38554382324));
#10140 = VECTOR('',#10141,1.);
#10141 = DIRECTION('',(0.124306806717,0.512137529595,0.849860558318));
#10142 = PLANE('',#10143);
#10143 = AXIS2_PLACEMENT_3D('',#10144,#10145,#10146);
#10144 = CARTESIAN_POINT('',(-100.7494680358,88.12992602547,
    149.64559763716));
#10145 = DIRECTION('',(0.931496998363,-0.355316044043,7.787073189951E-02
    ));
#10146 = DIRECTION('',(0.35639826009,0.934334137343,3.469446951954E-18)
  );
#10147 = ADVANCED_FACE('',(#10148),#10165,.F.);
#10148 = FACE_BOUND('',#10149,.T.);
#10149 = EDGE_LOOP('',(#10150,#10158,#10164));
#10150 = ORIENTED_EDGE('',*,*,#10151,.F.);
#10151 = EDGE_CURVE('',#10152,#4970,#10154,.T.);
#10152 = VERTEX_POINT('',#10153);
#10153 = CARTESIAN_POINT('',(-99.35613250732,84.19913482666,
    145.862991333));
#10154 = LINE('',#10155,#10156);
#10155 = CARTESIAN_POINT('',(-99.35613250732,84.19913482666,
    145.862991333));
#10156 = VECTOR('',#10157,1.);
#10157 = DIRECTION('',(0.210957311467,0.353312978081,-0.911409322016));
#10158 = ORIENTED_EDGE('',*,*,#10159,.T.);
#10159 = EDGE_CURVE('',#10152,#8654,#10160,.T.);
#10160 = LINE('',#10161,#10162);
#10161 = CARTESIAN_POINT('',(-99.35613250732,84.19913482666,
    145.862991333));
#10162 = VECTOR('',#10163,1.);
#10163 = DIRECTION('',(-0.357114926469,-0.852591794404,0.381518232078));
#10164 = ORIENTED_EDGE('',*,*,#8653,.T.);
#10165 = PLANE('',#10166);
#10166 = AXIS2_PLACEMENT_3D('',#10167,#10168,#10169);
#10167 = CARTESIAN_POINT('',(-98.81242209313,85.08525531082,
    143.40221543925));
#10168 = DIRECTION('',(-0.93149540111,0.355321701483,-7.786402357344E-02
    ));
#10169 = DIRECTION('',(-0.356403747454,-0.93433204419,
    -3.469446951954E-18));
#10170 = ADVANCED_FACE('',(#10171),#10181,.F.);
#10171 = FACE_BOUND('',#10172,.T.);
#10172 = EDGE_LOOP('',(#10173,#10174,#10180));
#10173 = ORIENTED_EDGE('',*,*,#8661,.F.);
#10174 = ORIENTED_EDGE('',*,*,#10175,.T.);
#10175 = EDGE_CURVE('',#8654,#8677,#10176,.T.);
#10176 = LINE('',#10177,#10178);
#10177 = CARTESIAN_POINT('',(-99.48664855957,83.887535095215,
    146.00242614746));
#10178 = VECTOR('',#10179,1.);
#10179 = DIRECTION('',(-0.327000525781,-0.724346372667,0.606953860309));
#10180 = ORIENTED_EDGE('',*,*,#8685,.T.);
#10181 = PLANE('',#10182);
#10182 = AXIS2_PLACEMENT_3D('',#10183,#10184,#10185);
#10183 = CARTESIAN_POINT('',(-99.54640878953,83.755169074443,
    146.11333528671));
#10184 = DIRECTION('',(-0.530147275324,0.672287005558,0.516695315079));
#10185 = DIRECTION('',(0.785226669961,0.619208427577,2.775557561563E-17)
  );
#10186 = ADVANCED_FACE('',(#10187),#10197,.F.);
#10187 = FACE_BOUND('',#10188,.T.);
#10188 = EDGE_LOOP('',(#10189,#10190,#10196));
#10189 = ORIENTED_EDGE('',*,*,#8676,.F.);
#10190 = ORIENTED_EDGE('',*,*,#10191,.T.);
#10191 = EDGE_CURVE('',#8677,#8562,#10192,.T.);
#10192 = LINE('',#10193,#10194);
#10193 = CARTESIAN_POINT('',(-99.51984405517,83.814002990723,
    146.06404113769));
#10194 = VECTOR('',#10195,1.);
#10195 = DIRECTION('',(-0.961667774796,0.273994376075,-1.10531804213E-02
    ));
#10196 = ORIENTED_EDGE('',*,*,#8700,.T.);
#10197 = PLANE('',#10198);
#10198 = AXIS2_PLACEMENT_3D('',#10199,#10200,#10201);
#10199 = CARTESIAN_POINT('',(-100.600359085,83.997850471067,
    146.17763343346));
#10200 = DIRECTION('',(-0.191405990534,-0.699571075372,-0.688450475554)
  );
#10201 = DIRECTION('',(-1.387778780781E-17,-0.70141904673,0.712749128996
    ));
#10202 = ADVANCED_FACE('',(#10203),#10208,.F.);
#10203 = FACE_BOUND('',#10204,.T.);
#10204 = EDGE_LOOP('',(#10205,#10206,#10207));
#10205 = ORIENTED_EDGE('',*,*,#10044,.F.);
#10206 = ORIENTED_EDGE('',*,*,#8763,.T.);
#10207 = ORIENTED_EDGE('',*,*,#8749,.T.);
#10208 = PLANE('',#10209);
#10209 = AXIS2_PLACEMENT_3D('',#10210,#10211,#10212);
#10210 = CARTESIAN_POINT('',(-102.6706338925,82.016879840775,
    144.73378087901));
#10211 = DIRECTION('',(0.931495296285,-0.355319539747,7.78751415559E-02)
  );
#10212 = DIRECTION('',(0.356401889573,0.934332752882,3.469446951954E-18)
  );
#10213 = ADVANCED_FACE('',(#10214),#10219,.F.);
#10214 = FACE_BOUND('',#10215,.T.);
#10215 = EDGE_LOOP('',(#10216,#10217,#10218));
#10216 = ORIENTED_EDGE('',*,*,#9990,.F.);
#10217 = ORIENTED_EDGE('',*,*,#8807,.T.);
#10218 = ORIENTED_EDGE('',*,*,#8785,.T.);
#10219 = PLANE('',#10220);
#10220 = AXIS2_PLACEMENT_3D('',#10221,#10222,#10223);
#10221 = CARTESIAN_POINT('',(-102.0149157198,84.422537967285,
    147.86669985995));
#10222 = DIRECTION('',(-0.957182166883,0.288582357333,
    -2.285874969033E-02));
#10223 = DIRECTION('',(-0.288657782271,-0.957432339507,0.));
#10224 = ADVANCED_FACE('',(#10225),#10230,.F.);
#10225 = FACE_BOUND('',#10226,.T.);
#10226 = EDGE_LOOP('',(#10227,#10228,#10229));
#10227 = ORIENTED_EDGE('',*,*,#8853,.F.);
#10228 = ORIENTED_EDGE('',*,*,#8837,.F.);
#10229 = ORIENTED_EDGE('',*,*,#10006,.F.);
#10230 = PLANE('',#10231);
#10231 = AXIS2_PLACEMENT_3D('',#10232,#10233,#10234);
#10232 = CARTESIAN_POINT('',(-100.8829715667,84.33669966507,
    148.26026365594));
#10233 = DIRECTION('',(-0.274686547308,-0.54678894127,0.790929297999));
#10234 = DIRECTION('',(0.,-0.822570434525,-0.568663239752));
#10235 = ADVANCED_FACE('',(#10236),#10241,.F.);
#10236 = FACE_BOUND('',#10237,.T.);
#10237 = EDGE_LOOP('',(#10238,#10239,#10240));
#10238 = ORIENTED_EDGE('',*,*,#8877,.F.);
#10239 = ORIENTED_EDGE('',*,*,#8861,.F.);
#10240 = ORIENTED_EDGE('',*,*,#8967,.F.);
#10241 = PLANE('',#10242);
#10242 = AXIS2_PLACEMENT_3D('',#10243,#10244,#10245);
#10243 = CARTESIAN_POINT('',(-100.8159320734,84.538162379869,
    148.37529989542));
#10244 = DIRECTION('',(-0.203603847455,-0.331916824027,0.921073664388));
#10245 = DIRECTION('',(-1.387778780781E-17,-0.940779845172,
    -0.339018115914));
#10246 = ADVANCED_FACE('',(#10247),#10257,.F.);
#10247 = FACE_BOUND('',#10248,.T.);
#10248 = EDGE_LOOP('',(#10249,#10255,#10256));
#10249 = ORIENTED_EDGE('',*,*,#10250,.F.);
#10250 = EDGE_CURVE('',#8922,#8899,#10251,.T.);
#10251 = LINE('',#10252,#10253);
#10252 = CARTESIAN_POINT('',(-99.294631958,84.951301574707,
    148.55937194824));
#10253 = VECTOR('',#10254,1.);
#10254 = DIRECTION('',(-0.975506539781,0.21235153072,-5.739179597456E-02
    ));
#10255 = ORIENTED_EDGE('',*,*,#8921,.F.);
#10256 = ORIENTED_EDGE('',*,*,#8906,.F.);
#10257 = PLANE('',#10258);
#10258 = AXIS2_PLACEMENT_3D('',#10259,#10260,#10261);
#10259 = CARTESIAN_POINT('',(-100.4307092008,85.10112997159,
    148.50727446136));
#10260 = DIRECTION('',(-2.561342514727E-02,0.149478060125,0.988433235982
    ));
#10261 = DIRECTION('',(4.336808689942E-19,-0.988757625202,0.149527116621
    ));
#10262 = ADVANCED_FACE('',(#10263),#10280,.F.);
#10263 = FACE_BOUND('',#10264,.T.);
#10264 = EDGE_LOOP('',(#10265,#10266,#10274));
#10265 = ORIENTED_EDGE('',*,*,#8929,.T.);
#10266 = ORIENTED_EDGE('',*,*,#10267,.T.);
#10267 = EDGE_CURVE('',#8922,#10268,#10270,.T.);
#10268 = VERTEX_POINT('',#10269);
#10269 = CARTESIAN_POINT('',(-99.16411590576,85.262901306152,
    148.41993713378));
#10270 = LINE('',#10271,#10272);
#10271 = CARTESIAN_POINT('',(-99.294631958,84.951301574707,
    148.55937194824));
#10272 = VECTOR('',#10273,1.);
#10273 = DIRECTION('',(0.357114926469,0.852591794404,-0.381518232078));
#10274 = ORIENTED_EDGE('',*,*,#10275,.F.);
#10275 = EDGE_CURVE('',#5257,#10268,#10276,.T.);
#10276 = LINE('',#10277,#10278);
#10277 = CARTESIAN_POINT('',(-98.1593170166,88.775909423828,
    152.42984008789));
#10278 = VECTOR('',#10279,1.);
#10279 = DIRECTION('',(-0.185217821428,-0.647564121771,-0.739158350302)
  );
#10280 = PLANE('',#10281);
#10281 = AXIS2_PLACEMENT_3D('',#10282,#10283,#10284);
#10282 = CARTESIAN_POINT('',(-98.71195914209,86.881514825206,
    150.39671405096));
#10283 = DIRECTION('',(-0.931496149791,0.355317553931,-7.78739930416E-02
    ));
#10284 = DIRECTION('',(-0.356399865637,-0.934333524912,
    3.469446951954E-18));
#10285 = ADVANCED_FACE('',(#10286),#10303,.F.);
#10286 = FACE_BOUND('',#10287,.T.);
#10287 = EDGE_LOOP('',(#10288,#10289,#10297));
#10288 = ORIENTED_EDGE('',*,*,#8945,.T.);
#10289 = ORIENTED_EDGE('',*,*,#10290,.F.);
#10290 = EDGE_CURVE('',#10291,#5282,#10293,.T.);
#10291 = VERTEX_POINT('',#10292);
#10292 = CARTESIAN_POINT('',(-101.5670623779,85.710372924805,
    148.38569641113));
#10293 = LINE('',#10294,#10295);
#10294 = CARTESIAN_POINT('',(-101.5670623779,85.710372924805,
    148.38569641113));
#10295 = VECTOR('',#10296,1.);
#10296 = DIRECTION('',(0.208498471695,0.696973548491,0.686116797641));
#10297 = ORIENTED_EDGE('',*,*,#10298,.T.);
#10298 = EDGE_CURVE('',#10291,#8899,#10299,.T.);
#10299 = LINE('',#10300,#10301);
#10300 = CARTESIAN_POINT('',(-101.5670623779,85.710372924805,
    148.38569641113));
#10301 = VECTOR('',#10302,1.);
#10302 = DIRECTION('',(-0.362839272909,-0.922721111214,0.130128447912));
#10303 = PLANE('',#10304);
#10304 = AXIS2_PLACEMENT_3D('',#10305,#10306,#10307);
#10305 = CARTESIAN_POINT('',(-101.0190671276,87.562084207146,
    150.27963560632));
#10306 = DIRECTION('',(0.931499670889,-0.355309997561,7.786635195912E-02
    ));
#10307 = DIRECTION('',(0.356392072899,0.934336497401,-3.469446951954E-18
    ));
#10308 = ADVANCED_FACE('',(#10309),#10320,.T.);
#10309 = FACE_BOUND('',#10310,.F.);
#10310 = EDGE_LOOP('',(#10311,#10317,#10318,#10319));
#10311 = ORIENTED_EDGE('',*,*,#10312,.F.);
#10312 = EDGE_CURVE('',#9010,#9554,#10313,.T.);
#10313 = LINE('',#10314,#10315);
#10314 = CARTESIAN_POINT('',(-102.2093124389,90.335151672363,
    177.90040588378));
#10315 = VECTOR('',#10316,1.);
#10316 = DIRECTION('',(0.916328235223,-0.362543397318,-0.170014265269));
#10317 = ORIENTED_EDGE('',*,*,#9009,.T.);
#10318 = ORIENTED_EDGE('',*,*,#8993,.F.);
#10319 = ORIENTED_EDGE('',*,*,#9553,.T.);
#10320 = PLANE('',#10321);
#10321 = AXIS2_PLACEMENT_3D('',#10322,#10323,#10324);
#10322 = CARTESIAN_POINT('',(-72.81170782008,77.799187368958,
    172.56011945485));
#10323 = DIRECTION('',(-0.227455141875,-0.121823417468,-0.966138299309)
  );
#10324 = DIRECTION('',(-0.97338830021,0.,0.229161988591));
#10325 = ADVANCED_FACE('',(#10326),#10336,.T.);
#10326 = FACE_BOUND('',#10327,.F.);
#10327 = EDGE_LOOP('',(#10328,#10334,#10335));
#10328 = ORIENTED_EDGE('',*,*,#10329,.T.);
#10329 = EDGE_CURVE('',#7368,#9032,#10330,.T.);
#10330 = LINE('',#10331,#10332);
#10331 = CARTESIAN_POINT('',(-66.64958364257,90.036788781738,
    169.8852465332));
#10332 = VECTOR('',#10333,1.);
#10333 = DIRECTION('',(-0.928524118749,0.371272084732,0.));
#10334 = ORIENTED_EDGE('',*,*,#9055,.F.);
#10335 = ORIENTED_EDGE('',*,*,#9080,.F.);
#10336 = PLANE('',#10337);
#10337 = AXIS2_PLACEMENT_3D('',#10338,#10339,#10340);
#10338 = CARTESIAN_POINT('',(-67.37245107694,90.320291880087,
    169.86010313715));
#10339 = DIRECTION('',(0.363746293492,0.909702669559,-0.200323955052));
#10340 = DIRECTION('',(0.928524118749,-0.371272084732,0.));
#10341 = ADVANCED_FACE('',(#10342),#10367,.T.);
#10342 = FACE_BOUND('',#10343,.F.);
#10343 = EDGE_LOOP('',(#10344,#10345,#10353,#10361));
#10344 = ORIENTED_EDGE('',*,*,#9098,.T.);
#10345 = ORIENTED_EDGE('',*,*,#10346,.T.);
#10346 = EDGE_CURVE('',#234,#10347,#10349,.T.);
#10347 = VERTEX_POINT('',#10348);
#10348 = CARTESIAN_POINT('',(-65.82441121826,86.111503442383,
    173.52564265136));
#10349 = LINE('',#10350,#10351);
#10350 = CARTESIAN_POINT('',(-65.97708303222,86.00501998291,
    172.76493098144));
#10351 = VECTOR('',#10352,1.);
#10352 = DIRECTION('',(0.194944902673,0.135967518195,0.971344078542));
#10353 = ORIENTED_EDGE('',*,*,#10354,.F.);
#10354 = EDGE_CURVE('',#10355,#10347,#10357,.T.);
#10355 = VERTEX_POINT('',#10356);
#10356 = CARTESIAN_POINT('',(-64.36943227539,89.750297387695,
    172.72428156738));
#10357 = LINE('',#10358,#10359);
#10358 = CARTESIAN_POINT('',(-64.36943227539,89.750297387695,
    172.72428156738));
#10359 = VECTOR('',#10360,1.);
#10360 = DIRECTION('',(-0.363745137116,-0.909699490194,0.200340492075));
#10361 = ORIENTED_EDGE('',*,*,#10362,.T.);
#10362 = EDGE_CURVE('',#10355,#7391,#10363,.T.);
#10363 = LINE('',#10364,#10365);
#10364 = CARTESIAN_POINT('',(-64.36943227539,89.750297387695,
    172.72428156738));
#10365 = VECTOR('',#10366,1.);
#10366 = DIRECTION('',(-0.194944902673,-0.135967518195,-0.971344078542)
  );
#10367 = PLANE('',#10368);
#10368 = AXIS2_PLACEMENT_3D('',#10369,#10370,#10371);
#10369 = CARTESIAN_POINT('',(-65.1732576538,87.877658685303,
    172.74460627441));
#10370 = DIRECTION('',(0.910871012554,-0.392377042765,-0.127883755028));
#10371 = DIRECTION('',(0.395625458648,0.918411942687,0.));
#10372 = ADVANCED_FACE('',(#10373),#10390,.T.);
#10373 = FACE_BOUND('',#10374,.F.);
#10374 = EDGE_LOOP('',(#10375,#10383,#10389));
#10375 = ORIENTED_EDGE('',*,*,#10376,.T.);
#10376 = EDGE_CURVE('',#9151,#10377,#10379,.T.);
#10377 = VERTEX_POINT('',#10378);
#10378 = CARTESIAN_POINT('',(-65.85506612548,90.344329675293,
    172.72426630859));
#10379 = LINE('',#10380,#10381);
#10380 = CARTESIAN_POINT('',(-65.02752095947,90.471137841797,
    174.80258967285));
#10381 = VECTOR('',#10382,1.);
#10382 = DIRECTION('',(-0.36933900115,-5.659534183462E-02,
    -0.927569765307));
#10383 = ORIENTED_EDGE('',*,*,#10384,.F.);
#10384 = EDGE_CURVE('',#158,#10377,#10385,.T.);
#10385 = LINE('',#10386,#10387);
#10386 = CARTESIAN_POINT('',(-65.95546132812,89.823905786133,
    170.17887141113));
#10387 = VECTOR('',#10388,1.);
#10388 = DIRECTION('',(3.861366684059E-02,0.200163694521,0.979001266664)
  );
#10389 = ORIENTED_EDGE('',*,*,#9150,.F.);
#10390 = PLANE('',#10391);
#10391 = AXIS2_PLACEMENT_3D('',#10392,#10393,#10394);
#10392 = CARTESIAN_POINT('',(-65.59183064505,90.191079338624,
    172.50633446059));
#10393 = DIRECTION('',(0.363746312077,0.909698869653,-0.200341176502));
#10394 = DIRECTION('',(0.92852357758,-0.371273438154,-2.775557561563E-17
    ));
#10395 = ADVANCED_FACE('',(#10396),#10413,.T.);
#10396 = FACE_BOUND('',#10397,.F.);
#10397 = EDGE_LOOP('',(#10398,#10399,#10407));
#10398 = ORIENTED_EDGE('',*,*,#9159,.T.);
#10399 = ORIENTED_EDGE('',*,*,#10400,.F.);
#10400 = EDGE_CURVE('',#10401,#7391,#10403,.T.);
#10401 = VERTEX_POINT('',#10402);
#10402 = CARTESIAN_POINT('',(-64.40659505615,89.932685693359,
    173.4849932373));
#10403 = LINE('',#10404,#10405);
#10404 = CARTESIAN_POINT('',(-64.40659505615,89.932685693359,
    173.4849932373));
#10405 = VECTOR('',#10406,1.);
#10406 = DIRECTION('',(-7.438248370412E-02,-0.186020077972,
    -0.97972637849));
#10407 = ORIENTED_EDGE('',*,*,#10408,.F.);
#10408 = EDGE_CURVE('',#9151,#10401,#10409,.T.);
#10409 = LINE('',#10410,#10411);
#10410 = CARTESIAN_POINT('',(-65.02752095947,90.471137841797,
    174.80258967285));
#10411 = VECTOR('',#10412,1.);
#10412 = DIRECTION('',(0.399845798947,-0.346736749644,-0.848467420418));
#10413 = PLANE('',#10414);
#10414 = AXIS2_PLACEMENT_3D('',#10415,#10416,#10417);
#10415 = CARTESIAN_POINT('',(-64.6811627691,90.02573784338,
    173.40900057005));
#10416 = DIRECTION('',(0.363749046983,0.909697975995,-0.200340268767));
#10417 = DIRECTION('',(0.92852248951,-0.371276159313,0.));
#10418 = ADVANCED_FACE('',(#10419),#10436,.T.);
#10419 = FACE_BOUND('',#10420,.F.);
#10420 = EDGE_LOOP('',(#10421,#10429,#10430));
#10421 = ORIENTED_EDGE('',*,*,#10422,.T.);
#10422 = EDGE_CURVE('',#10423,#234,#10425,.T.);
#10423 = VERTEX_POINT('',#10424);
#10424 = CARTESIAN_POINT('',(-67.5362642456,86.644958337402,
    172.83983637695));
#10425 = LINE('',#10426,#10427);
#10426 = CARTESIAN_POINT('',(-67.5362642456,86.644958337402,
    172.83983637695));
#10427 = VECTOR('',#10428,1.);
#10428 = DIRECTION('',(0.92419915427,-0.37932119816,-4.439990848054E-02)
  );
#10429 = ORIENTED_EDGE('',*,*,#9173,.F.);
#10430 = ORIENTED_EDGE('',*,*,#10431,.T.);
#10431 = EDGE_CURVE('',#9174,#10423,#10432,.T.);
#10432 = LINE('',#10433,#10434);
#10433 = CARTESIAN_POINT('',(-67.76442128906,86.673621972656,
    172.55576350097));
#10434 = VECTOR('',#10435,1.);
#10435 = DIRECTION('',(0.624269152543,-7.842766113044E-02,0.777262585715
    ));
#10436 = PLANE('',#10437);
#10437 = AXIS2_PLACEMENT_3D('',#10438,#10439,#10440);
#10438 = CARTESIAN_POINT('',(-66.89403008652,86.362673684792,
    172.72411744936));
#10439 = DIRECTION('',(-0.363743633753,-0.909696871605,0.200355111478));
#10440 = DIRECTION('',(-0.928524238883,0.371271784285,1.387778780781E-17
    ));
#10441 = ADVANCED_FACE('',(#10442),#10452,.T.);
#10442 = FACE_BOUND('',#10443,.F.);
#10443 = EDGE_LOOP('',(#10444,#10445,#10451));
#10444 = ORIENTED_EDGE('',*,*,#9204,.T.);
#10445 = ORIENTED_EDGE('',*,*,#10446,.F.);
#10446 = EDGE_CURVE('',#9174,#9197,#10447,.T.);
#10447 = LINE('',#10448,#10449);
#10448 = CARTESIAN_POINT('',(-67.76442128906,86.673621972656,
    172.55576350097));
#10449 = VECTOR('',#10450,1.);
#10450 = DIRECTION('',(0.291090648469,0.922421782078,-0.253780003789));
#10451 = ORIENTED_EDGE('',*,*,#9182,.F.);
#10452 = PLANE('',#10453);
#10453 = AXIS2_PLACEMENT_3D('',#10454,#10455,#10456);
#10454 = CARTESIAN_POINT('',(-67.27972131617,88.462633425813,
    172.01155136332));
#10455 = DIRECTION('',(-0.506226444926,0.373598168781,0.777276781296));
#10456 = DIRECTION('',(0.837952370329,0.,0.545743369231));
#10457 = ADVANCED_FACE('',(#10458),#10468,.T.);
#10458 = FACE_BOUND('',#10459,.F.);
#10459 = EDGE_LOOP('',(#10460,#10466,#10467));
#10460 = ORIENTED_EDGE('',*,*,#10461,.F.);
#10461 = EDGE_CURVE('',#9197,#9221,#10462,.T.);
#10462 = LINE('',#10463,#10464);
#10463 = CARTESIAN_POINT('',(-66.59520894775,90.378677209473,
    171.53641535644));
#10464 = VECTOR('',#10465,1.);
#10465 = DIRECTION('',(-0.886309924729,0.271833996887,-0.374914650905));
#10466 = ORIENTED_EDGE('',*,*,#9196,.F.);
#10467 = ORIENTED_EDGE('',*,*,#9228,.T.);
#10468 = PLANE('',#10469);
#10469 = AXIS2_PLACEMENT_3D('',#10470,#10471,#10472);
#10470 = CARTESIAN_POINT('',(-67.53023288181,88.711990248108,
    171.81842638556));
#10471 = DIRECTION('',(-0.286599054108,0.313940288642,0.905153289422));
#10472 = DIRECTION('',(2.775557561563E-17,-0.944786501483,0.327686537128
    ));
#10473 = ADVANCED_FACE('',(#10474),#10489,.T.);
#10474 = FACE_BOUND('',#10475,.F.);
#10475 = EDGE_LOOP('',(#10476,#10482,#10483));
#10476 = ORIENTED_EDGE('',*,*,#10477,.T.);
#10477 = EDGE_CURVE('',#158,#9221,#10478,.T.);
#10478 = LINE('',#10479,#10480);
#10479 = CARTESIAN_POINT('',(-65.95546132812,89.823905786133,
    170.17887141113));
#10480 = VECTOR('',#10481,1.);
#10481 = DIRECTION('',(-0.571211972914,0.38772554189,0.723454066383));
#10482 = ORIENTED_EDGE('',*,*,#9220,.T.);
#10483 = ORIENTED_EDGE('',*,*,#10484,.F.);
#10484 = EDGE_CURVE('',#158,#7453,#10485,.T.);
#10485 = LINE('',#10486,#10487);
#10486 = CARTESIAN_POINT('',(-65.95546132812,89.823905786133,
    170.17887141113));
#10487 = VECTOR('',#10488,1.);
#10488 = DIRECTION('',(-0.679091229453,0.406186968237,0.611430493936));
#10489 = PLANE('',#10490);
#10490 = AXIS2_PLACEMENT_3D('',#10491,#10492,#10493);
#10491 = CARTESIAN_POINT('',(-66.57942926999,90.217199932231,
    170.83183493277));
#10492 = DIRECTION('',(0.363729996081,0.909702276076,-0.200355331481));
#10493 = DIRECTION('',(0.928529797847,-0.371257881412,
    -4.163336342344E-17));
#10494 = ADVANCED_FACE('',(#10495),#10500,.T.);
#10495 = FACE_BOUND('',#10496,.F.);
#10496 = EDGE_LOOP('',(#10497,#10498,#10499));
#10497 = ORIENTED_EDGE('',*,*,#10484,.T.);
#10498 = ORIENTED_EDGE('',*,*,#9242,.T.);
#10499 = ORIENTED_EDGE('',*,*,#9258,.F.);
#10500 = PLANE('',#10501);
#10501 = AXIS2_PLACEMENT_3D('',#10502,#10503,#10504);
#10502 = CARTESIAN_POINT('',(-66.7557794298,90.286564449412,
    170.82661199554));
#10503 = DIRECTION('',(0.363772907734,0.909696463341,-0.200303809705));
#10504 = DIRECTION('',(0.928513880568,-0.371297688644,0.));
#10505 = ADVANCED_FACE('',(#10506),#10511,.T.);
#10506 = FACE_BOUND('',#10507,.F.);
#10507 = EDGE_LOOP('',(#10508,#10509,#10510));
#10508 = ORIENTED_EDGE('',*,*,#9296,.T.);
#10509 = ORIENTED_EDGE('',*,*,#9412,.F.);
#10510 = ORIENTED_EDGE('',*,*,#9274,.F.);
#10511 = PLANE('',#10512);
#10512 = AXIS2_PLACEMENT_3D('',#10513,#10514,#10515);
#10513 = CARTESIAN_POINT('',(-68.18016152908,90.915902675628,
    171.09812827655));
#10514 = DIRECTION('',(0.363741921996,0.909699848212,-0.200344703811));
#10515 = DIRECTION('',(0.928525259988,-0.371269230564,1.387778780781E-17
    ));
#10516 = ADVANCED_FACE('',(#10517),#10527,.T.);
#10517 = FACE_BOUND('',#10518,.F.);
#10518 = EDGE_LOOP('',(#10519,#10520,#10521));
#10519 = ORIENTED_EDGE('',*,*,#9329,.T.);
#10520 = ORIENTED_EDGE('',*,*,#9352,.T.);
#10521 = ORIENTED_EDGE('',*,*,#10522,.F.);
#10522 = EDGE_CURVE('',#7658,#9345,#10523,.T.);
#10523 = LINE('',#10524,#10525);
#10524 = CARTESIAN_POINT('',(-69.90341359863,91.795539697266,
    171.96356989746));
#10525 = VECTOR('',#10526,1.);
#10526 = DIRECTION('',(0.791633528758,-0.188547192711,0.58117666184));
#10527 = PLANE('',#10528);
#10528 = AXIS2_PLACEMENT_3D('',#10529,#10530,#10531);
#10529 = CARTESIAN_POINT('',(-69.09204320501,91.585069367798,
    172.48103054359));
#10530 = DIRECTION('',(0.363742181321,0.90970239408,-0.200332672655));
#10531 = DIRECTION('',(0.928525526926,-0.371268562966,2.775557561563E-17
    ));
#10532 = ADVANCED_FACE('',(#10533),#10550,.T.);
#10533 = FACE_BOUND('',#10534,.F.);
#10534 = EDGE_LOOP('',(#10535,#10543,#10549));
#10535 = ORIENTED_EDGE('',*,*,#10536,.T.);
#10536 = EDGE_CURVE('',#528,#10537,#10539,.T.);
#10537 = VERTEX_POINT('',#10538);
#10538 = CARTESIAN_POINT('',(-68.22870809326,91.444465478516,
    173.41008784179));
#10539 = LINE('',#10540,#10541);
#10540 = CARTESIAN_POINT('',(-69.83866292724,87.794792016602,
    173.88065363769));
#10541 = VECTOR('',#10542,1.);
#10542 = DIRECTION('',(0.400819972394,0.908635438319,-0.11715370229));
#10543 = ORIENTED_EDGE('',*,*,#10544,.F.);
#10544 = EDGE_CURVE('',#9345,#10537,#10545,.T.);
#10545 = LINE('',#10546,#10547);
#10546 = CARTESIAN_POINT('',(-68.38368398437,91.43357833252,
    173.07927729492));
#10547 = VECTOR('',#10548,1.);
#10548 = DIRECTION('',(0.424040127745,2.978906425897E-02,0.90515334707)
  );
#10549 = ORIENTED_EDGE('',*,*,#9344,.F.);
#10550 = PLANE('',#10551);
#10551 = AXIS2_PLACEMENT_3D('',#10552,#10553,#10554);
#10552 = CARTESIAN_POINT('',(-69.0389433957,89.696359664779,
    173.54896778767));
#10553 = DIRECTION('',(0.829384686585,-0.414199555912,-0.374913015966));
#10554 = DIRECTION('',(0.446788297499,0.894639713638,-8.326672684689E-17
    ));
#10555 = ADVANCED_FACE('',(#10556),#10573,.T.);
#10556 = FACE_BOUND('',#10557,.F.);
#10557 = EDGE_LOOP('',(#10558,#10559,#10567));
#10558 = ORIENTED_EDGE('',*,*,#9375,.T.);
#10559 = ORIENTED_EDGE('',*,*,#10560,.F.);
#10560 = EDGE_CURVE('',#10561,#9368,#10563,.T.);
#10561 = VERTEX_POINT('',#10562);
#10562 = CARTESIAN_POINT('',(-70.91079122314,88.468940576172,
    174.99523188476));
#10563 = LINE('',#10564,#10565);
#10564 = CARTESIAN_POINT('',(-70.91079122314,88.468940576172,
    174.99523188476));
#10565 = VECTOR('',#10566,1.);
#10566 = DIRECTION('',(-0.312164383927,-8.358905283567E-02,
    -0.946343630852));
#10567 = ORIENTED_EDGE('',*,*,#10568,.F.);
#10568 = EDGE_CURVE('',#7635,#10561,#10569,.T.);
#10569 = LINE('',#10570,#10571);
#10570 = CARTESIAN_POINT('',(-69.80952626953,88.26552565918,
    176.07105280761));
#10571 = VECTOR('',#10572,1.);
#10572 = DIRECTION('',(-0.709158695435,0.130988874832,-0.69277403196));
#10573 = PLANE('',#10574);
#10574 = AXIS2_PLACEMENT_3D('',#10575,#10576,#10577);
#10575 = CARTESIAN_POINT('',(-70.68093876403,88.344704454325,
    174.84842235463));
#10576 = DIRECTION('',(-0.363739817944,-0.909702355734,0.20033713788));
#10577 = DIRECTION('',(-0.92852635312,0.371266496686,-4.163336342344E-17
    ));
#10578 = ADVANCED_FACE('',(#10579),#10596,.T.);
#10579 = FACE_BOUND('',#10580,.F.);
#10580 = EDGE_LOOP('',(#10581,#10582,#10590));
#10581 = ORIENTED_EDGE('',*,*,#9390,.T.);
#10582 = ORIENTED_EDGE('',*,*,#10583,.F.);
#10583 = EDGE_CURVE('',#10584,#7635,#10586,.T.);
#10584 = VERTEX_POINT('',#10585);
#10585 = CARTESIAN_POINT('',(-69.11540395507,88.052642663574,
    176.36467768554));
#10586 = LINE('',#10587,#10588);
#10587 = CARTESIAN_POINT('',(-69.11540395507,88.052642663574,
    176.36467768554));
#10588 = VECTOR('',#10589,1.);
#10589 = DIRECTION('',(-0.886309032921,0.271825466538,-0.374922943955));
#10590 = ORIENTED_EDGE('',*,*,#10591,.F.);
#10591 = EDGE_CURVE('',#9391,#10584,#10592,.T.);
#10592 = LINE('',#10593,#10594);
#10593 = CARTESIAN_POINT('',(-69.82485372314,87.795760949707,
    173.91011835937));
#10594 = VECTOR('',#10595,1.);
#10595 = DIRECTION('',(0.27627502388,0.10003527357,0.955858281976));
#10596 = PLANE('',#10597);
#10597 = AXIS2_PLACEMENT_3D('',#10598,#10599,#10600);
#10598 = CARTESIAN_POINT('',(-69.60702868318,87.999588644499,
    175.2311520426));
#10599 = DIRECTION('',(-0.363745886468,-0.909699462545,0.200339257067));
#10600 = DIRECTION('',(-0.928523810756,0.371272854999,0.));
#10601 = ADVANCED_FACE('',(#10602),#10612,.T.);
#10602 = FACE_BOUND('',#10603,.F.);
#10603 = EDGE_LOOP('',(#10604,#10610,#10611));
#10604 = ORIENTED_EDGE('',*,*,#10605,.F.);
#10605 = EDGE_CURVE('',#10537,#9391,#10606,.T.);
#10606 = LINE('',#10607,#10608);
#10607 = CARTESIAN_POINT('',(-68.22870809326,91.444465478516,
    173.41008784179));
#10608 = VECTOR('',#10609,1.);
#10609 = DIRECTION('',(-0.397662420198,-0.909035269934,0.124577195257));
#10610 = ORIENTED_EDGE('',*,*,#10536,.F.);
#10611 = ORIENTED_EDGE('',*,*,#9398,.F.);
#10612 = PLANE('',#10613);
#10613 = AXIS2_PLACEMENT_3D('',#10614,#10615,#10616);
#10614 = CARTESIAN_POINT('',(-69.03347059308,89.612504064973,
    173.65371403209));
#10615 = DIRECTION('',(0.829323415541,-0.414191191286,-0.375057768213));
#10616 = DIRECTION('',(0.446807494827,0.894630126123,2.775557561563E-17)
  );
#10617 = ADVANCED_FACE('',(#10618),#10623,.T.);
#10618 = FACE_BOUND('',#10619,.F.);
#10619 = EDGE_LOOP('',(#10620,#10621,#10622));
#10620 = ORIENTED_EDGE('',*,*,#9419,.T.);
#10621 = ORIENTED_EDGE('',*,*,#9433,.F.);
#10622 = ORIENTED_EDGE('',*,*,#10329,.F.);
#10623 = PLANE('',#10624);
#10624 = AXIS2_PLACEMENT_3D('',#10625,#10626,#10627);
#10625 = CARTESIAN_POINT('',(-67.99794648704,90.638393950644,
    170.16887117783));
#10626 = DIRECTION('',(0.363745514857,0.909700722249,-0.200334211659));
#10627 = DIRECTION('',(0.928524118749,-0.371272084732,0.));
#10628 = ADVANCED_FACE('',(#10629),#10654,.T.);
#10629 = FACE_BOUND('',#10630,.F.);
#10630 = EDGE_LOOP('',(#10631,#10641,#10647,#10648));
#10631 = ORIENTED_EDGE('',*,*,#10632,.T.);
#10632 = EDGE_CURVE('',#10633,#10635,#10637,.T.);
#10633 = VERTEX_POINT('',#10634);
#10634 = CARTESIAN_POINT('',(-69.78790456543,92.084411462402,
    173.4849932373));
#10635 = VERTEX_POINT('',#10636);
#10636 = CARTESIAN_POINT('',(-71.2428835083,88.44561751709,
    174.28635432128));
#10637 = LINE('',#10638,#10639);
#10638 = CARTESIAN_POINT('',(-69.78790456543,92.084411462402,
    173.4849932373));
#10639 = VECTOR('',#10640,1.);
#10640 = DIRECTION('',(-0.363745137116,-0.909699490194,0.200340492075));
#10641 = ORIENTED_EDGE('',*,*,#10642,.T.);
#10642 = EDGE_CURVE('',#10635,#9368,#10643,.T.);
#10643 = LINE('',#10644,#10645);
#10644 = CARTESIAN_POINT('',(-71.2428835083,88.44561751709,
    174.28635432128));
#10645 = VECTOR('',#10646,1.);
#10646 = DIRECTION('',(-0.194944902673,-0.135967518195,-0.971344078542)
  );
#10647 = ORIENTED_EDGE('',*,*,#9449,.F.);
#10648 = ORIENTED_EDGE('',*,*,#10649,.T.);
#10649 = EDGE_CURVE('',#9450,#10633,#10650,.T.);
#10650 = LINE('',#10651,#10652);
#10651 = CARTESIAN_POINT('',(-69.94057637939,91.97792800293,
    172.72428156738));
#10652 = VECTOR('',#10653,1.);
#10653 = DIRECTION('',(0.194944902673,0.135967518195,0.971344078542));
#10654 = PLANE('',#10655);
#10655 = AXIS2_PLACEMENT_3D('',#10656,#10657,#10658);
#10656 = CARTESIAN_POINT('',(-70.59172994384,90.21177276001,
    173.50531794433));
#10657 = DIRECTION('',(-0.910871012554,0.392377042765,0.127883755028));
#10658 = DIRECTION('',(-0.395625458648,-0.918411942687,0.));
#10659 = ADVANCED_FACE('',(#10660),#10677,.T.);
#10660 = FACE_BOUND('',#10661,.F.);
#10661 = EDGE_LOOP('',(#10662,#10670,#10676));
#10662 = ORIENTED_EDGE('',*,*,#10663,.T.);
#10663 = EDGE_CURVE('',#7658,#10664,#10666,.T.);
#10664 = VERTEX_POINT('',#10665);
#10665 = CARTESIAN_POINT('',(-68.1180208374,91.430557092285,
    173.5479052246));
#10666 = LINE('',#10667,#10668);
#10667 = CARTESIAN_POINT('',(-69.90341359863,91.795539697266,
    171.96356989746));
#10668 = VECTOR('',#10669,1.);
#10669 = DIRECTION('',(0.7393733817,-0.151147931573,0.656110741579));
#10670 = ORIENTED_EDGE('',*,*,#10671,.T.);
#10671 = EDGE_CURVE('',#10664,#9450,#10672,.T.);
#10672 = LINE('',#10673,#10674);
#10673 = CARTESIAN_POINT('',(-68.1180208374,91.430557092285,
    173.5479052246));
#10674 = VECTOR('',#10675,1.);
#10675 = DIRECTION('',(-0.878947080129,0.263975529181,-0.397201397689));
#10676 = ORIENTED_EDGE('',*,*,#9464,.F.);
#10677 = PLANE('',#10678);
#10678 = AXIS2_PLACEMENT_3D('',#10679,#10680,#10681);
#10679 = CARTESIAN_POINT('',(-69.15341015688,91.689580317825,
    172.84417259504));
#10680 = DIRECTION('',(0.363746063346,0.909699308023,-0.200339637572));
#10681 = DIRECTION('',(0.928523726777,-0.371273065023,
    -4.163336342344E-17));
#10682 = ADVANCED_FACE('',(#10683),#10693,.F.);
#10683 = FACE_BOUND('',#10684,.T.);
#10684 = EDGE_LOOP('',(#10685,#10691,#10692));
#10685 = ORIENTED_EDGE('',*,*,#10686,.F.);
#10686 = EDGE_CURVE('',#4334,#8267,#10687,.T.);
#10687 = LINE('',#10688,#10689);
#10688 = CARTESIAN_POINT('',(-62.8913116455,59.34997177124,
    122.77970123291));
#10689 = VECTOR('',#10690,1.);
#10690 = DIRECTION('',(-0.629998528533,0.750185110397,-0.20080875027));
#10691 = ORIENTED_EDGE('',*,*,#9511,.T.);
#10692 = ORIENTED_EDGE('',*,*,#9803,.T.);
#10693 = PLANE('',#10694);
#10694 = AXIS2_PLACEMENT_3D('',#10695,#10696,#10697);
#10695 = CARTESIAN_POINT('',(-65.20036147794,62.043152632282,
    122.0569827223));
#10696 = DIRECTION('',(-3.720361309835E-02,0.22912428632,0.972685947565)
  );
#10697 = DIRECTION('',(1.734723475977E-18,-0.973359798762,0.229283017589
    ));
#10698 = ADVANCED_FACE('',(#10699),#10709,.F.);
#10699 = FACE_BOUND('',#10700,.T.);
#10700 = EDGE_LOOP('',(#10701,#10702,#10703));
#10701 = ORIENTED_EDGE('',*,*,#9578,.F.);
#10702 = ORIENTED_EDGE('',*,*,#9632,.T.);
#10703 = ORIENTED_EDGE('',*,*,#10704,.T.);
#10704 = EDGE_CURVE('',#9609,#6243,#10705,.T.);
#10705 = LINE('',#10706,#10707);
#10706 = CARTESIAN_POINT('',(-65.71591949462,66.72859954834,
    120.93366241455));
#10707 = VECTOR('',#10708,1.);
#10708 = DIRECTION('',(0.99894642426,-1.760022071239E-02,
    4.238246911712E-02));
#10709 = PLANE('',#10710);
#10710 = AXIS2_PLACEMENT_3D('',#10711,#10712,#10713);
#10711 = CARTESIAN_POINT('',(-62.85549736739,66.661635109465,
    121.05892554979));
#10712 = DIRECTION('',(-3.722990910409E-02,0.229177463994,0.972672413439
    ));
#10713 = DIRECTION('',(0.,-0.973347209149,0.229336456854));
#10714 = ADVANCED_FACE('',(#10715),#10730,.F.);
#10715 = FACE_BOUND('',#10716,.T.);
#10716 = EDGE_LOOP('',(#10717,#10723,#10724));
#10717 = ORIENTED_EDGE('',*,*,#10718,.F.);
#10718 = EDGE_CURVE('',#8023,#9943,#10719,.T.);
#10719 = LINE('',#10720,#10721);
#10720 = CARTESIAN_POINT('',(-65.99655151367,67.453727722168,
    123.21952056884));
#10721 = VECTOR('',#10722,1.);
#10722 = DIRECTION('',(-9.538031168627E-02,-0.157661926744,
    -0.982876041522));
#10723 = ORIENTED_EDGE('',*,*,#9594,.F.);
#10724 = ORIENTED_EDGE('',*,*,#10725,.T.);
#10725 = EDGE_CURVE('',#8477,#9943,#10726,.T.);
#10726 = LINE('',#10727,#10728);
#10727 = CARTESIAN_POINT('',(-66.31745910644,67.620826721191,
    123.16787719726));
#10728 = VECTOR('',#10729,1.);
#10729 = DIRECTION('',(3.723140887948E-02,-0.229104135753,
    -0.972689630444));
#10730 = PLANE('',#10731);
#10731 = AXIS2_PLACEMENT_3D('',#10732,#10733,#10734);
#10732 = CARTESIAN_POINT('',(-66.18962520359,67.320312374991,
    122.0966817263));
#10733 = DIRECTION('',(0.477099509728,0.859340938956,-0.184144531419));
#10734 = DIRECTION('',(0.874292052869,-0.485400253699,1.387778780781E-17
    ));
#10735 = ADVANCED_FACE('',(#10736),#10753,.F.);
#10736 = FACE_BOUND('',#10737,.T.);
#10737 = EDGE_LOOP('',(#10738,#10746,#10752));
#10738 = ORIENTED_EDGE('',*,*,#10739,.T.);
#10739 = EDGE_CURVE('',#8023,#10740,#10742,.T.);
#10740 = VERTEX_POINT('',#10741);
#10741 = CARTESIAN_POINT('',(-65.90718841552,66.903877258301,
    120.88506317138));
#10742 = LINE('',#10743,#10744);
#10743 = CARTESIAN_POINT('',(-65.99655151367,67.453727722168,
    123.21952056884));
#10744 = VECTOR('',#10745,1.);
#10745 = DIRECTION('',(3.723458338366E-02,-0.229104108637,
    -0.972689515316));
#10746 = ORIENTED_EDGE('',*,*,#10747,.F.);
#10747 = EDGE_CURVE('',#9609,#10740,#10748,.T.);
#10748 = LINE('',#10749,#10750);
#10749 = CARTESIAN_POINT('',(-65.71591949462,66.72859954834,
    120.93366241455));
#10750 = VECTOR('',#10751,1.);
#10751 = DIRECTION('',(-0.724649261706,0.664064305482,-0.184125081654));
#10752 = ORIENTED_EDGE('',*,*,#9608,.T.);
#10753 = PLANE('',#10754);
#10754 = AXIS2_PLACEMENT_3D('',#10755,#10756,#10757);
#10755 = CARTESIAN_POINT('',(-65.89910887835,67.118291672918,
    122.00444210841));
#10756 = DIRECTION('',(0.688112200369,0.711714560077,-0.141293965468));
#10757 = DIRECTION('',(0.718927063575,-0.695085517947,0.));
#10758 = ADVANCED_FACE('',(#10759),#10769,.F.);
#10759 = FACE_BOUND('',#10760,.T.);
#10760 = EDGE_LOOP('',(#10761,#10762,#10768));
#10761 = ORIENTED_EDGE('',*,*,#9663,.F.);
#10762 = ORIENTED_EDGE('',*,*,#10763,.F.);
#10763 = EDGE_CURVE('',#6389,#4334,#10764,.T.);
#10764 = LINE('',#10765,#10766);
#10765 = CARTESIAN_POINT('',(-65.59828186035,65.002990722656,
    121.34460449218));
#10766 = VECTOR('',#10767,1.);
#10767 = DIRECTION('',(0.420996233019,-0.879174684185,0.2231906057));
#10768 = ORIENTED_EDGE('',*,*,#9679,.F.);
#10769 = PLANE('',#10770);
#10770 = AXIS2_PLACEMENT_3D('',#10771,#10772,#10773);
#10771 = CARTESIAN_POINT('',(-64.23607207249,62.335246042733,
    122.02509412116));
#10772 = DIRECTION('',(-3.725375672805E-02,0.229092060916,0.972691618775
    ));
#10773 = DIRECTION('',(1.734723475977E-18,-0.973367293484,0.229251198415
    ));
#10774 = ADVANCED_FACE('',(#10775),#10780,.F.);
#10775 = FACE_BOUND('',#10776,.T.);
#10776 = EDGE_LOOP('',(#10777,#10778,#10779));
#10777 = ORIENTED_EDGE('',*,*,#10763,.T.);
#10778 = ORIENTED_EDGE('',*,*,#9727,.T.);
#10779 = ORIENTED_EDGE('',*,*,#9695,.T.);
#10780 = PLANE('',#10781);
#10781 = AXIS2_PLACEMENT_3D('',#10782,#10783,#10784);
#10782 = CARTESIAN_POINT('',(-64.34658059549,62.189113491564,
    122.05528180579));
#10783 = DIRECTION('',(-3.722905817803E-02,0.229103447163,0.972689882607
    ));
#10784 = DIRECTION('',(0.,-0.973364659557,0.229262381401));
#10785 = ADVANCED_FACE('',(#10786),#10791,.F.);
#10786 = FACE_BOUND('',#10787,.T.);
#10787 = EDGE_LOOP('',(#10788,#10789,#10790));
#10788 = ORIENTED_EDGE('',*,*,#9733,.T.);
#10789 = ORIENTED_EDGE('',*,*,#9764,.T.);
#10790 = ORIENTED_EDGE('',*,*,#9748,.T.);
#10791 = PLANE('',#10792);
#10792 = AXIS2_PLACEMENT_3D('',#10793,#10794,#10795);
#10793 = CARTESIAN_POINT('',(-64.66273130652,61.998134749391,
    122.08816294433));
#10794 = DIRECTION('',(-3.723495971391E-02,0.229099937386,0.972690483383
    ));
#10795 = DIRECTION('',(0.,-0.973365474921,0.229258919633));
#10796 = ADVANCED_FACE('',(#10797),#10802,.F.);
#10797 = FACE_BOUND('',#10798,.T.);
#10798 = EDGE_LOOP('',(#10799,#10800,#10801));
#10799 = ORIENTED_EDGE('',*,*,#9770,.T.);
#10800 = ORIENTED_EDGE('',*,*,#10686,.T.);
#10801 = ORIENTED_EDGE('',*,*,#9785,.T.);
#10802 = PLANE('',#10803);
#10803 = AXIS2_PLACEMENT_3D('',#10804,#10805,#10806);
#10804 = CARTESIAN_POINT('',(-65.02942333912,61.982147214606,
    122.0778934029));
#10805 = DIRECTION('',(-3.723399566383E-02,0.229099991906,0.972690507446
    ));
#10806 = DIRECTION('',(0.,-0.973365464012,0.22925896595));
#10807 = ADVANCED_FACE('',(#10808),#10825,.F.);
#10808 = FACE_BOUND('',#10809,.T.);
#10809 = EDGE_LOOP('',(#10810,#10811,#10819));
#10810 = ORIENTED_EDGE('',*,*,#9872,.T.);
#10811 = ORIENTED_EDGE('',*,*,#10812,.F.);
#10812 = EDGE_CURVE('',#10813,#4863,#10815,.T.);
#10813 = VERTEX_POINT('',#10814);
#10814 = CARTESIAN_POINT('',(-67.29851531982,67.034851074219,
    120.80095672607));
#10815 = LINE('',#10816,#10817);
#10816 = CARTESIAN_POINT('',(-67.29851531982,67.034851074219,
    120.80095672607));
#10817 = VECTOR('',#10818,1.);
#10818 = DIRECTION('',(-0.703802408896,0.684991594921,-0.188278209359));
#10819 = ORIENTED_EDGE('',*,*,#10820,.T.);
#10820 = EDGE_CURVE('',#10813,#6653,#10821,.T.);
#10821 = LINE('',#10822,#10823);
#10822 = CARTESIAN_POINT('',(-67.29851531982,67.034851074219,
    120.80095672607));
#10823 = VECTOR('',#10824,1.);
#10824 = DIRECTION('',(-0.852207721318,-0.515608321506,
    8.882600137684E-02));
#10825 = PLANE('',#10826);
#10826 = AXIS2_PLACEMENT_3D('',#10827,#10828,#10829);
#10827 = CARTESIAN_POINT('',(-69.24172851995,68.800029280801,
    120.31081724179));
#10828 = DIRECTION('',(-3.722974921938E-02,0.229103421828,0.972689862125
    ));
#10829 = DIRECTION('',(0.,-0.973364664137,0.229262361955));
#10830 = ADVANCED_FACE('',(#10831),#10841,.F.);
#10831 = FACE_BOUND('',#10832,.T.);
#10832 = EDGE_LOOP('',(#10833,#10834,#10840));
#10833 = ORIENTED_EDGE('',*,*,#10820,.F.);
#10834 = ORIENTED_EDGE('',*,*,#10835,.F.);
#10835 = EDGE_CURVE('',#8454,#10813,#10836,.T.);
#10836 = LINE('',#10837,#10838);
#10837 = CARTESIAN_POINT('',(-67.0376586914,67.688621520996,
    123.12434387207));
#10838 = VECTOR('',#10839,1.);
#10839 = DIRECTION('',(-0.107451361764,-0.269299366527,-0.957043392978)
  );
#10840 = ORIENTED_EDGE('',*,*,#9887,.F.);
#10841 = PLANE('',#10842);
#10842 = AXIS2_PLACEMENT_3D('',#10843,#10844,#10845);
#10843 = CARTESIAN_POINT('',(-67.26147908763,67.288132883857,
    121.89134369506));
#10844 = DIRECTION('',(-0.522938657466,0.834008955611,-0.175966537981));
#10845 = DIRECTION('',(0.847228990828,0.531227857986,-1.387778780781E-17
    ));
#10846 = ADVANCED_FACE('',(#10847),#10863,.F.);
#10847 = FACE_BOUND('',#10848,.T.);
#10848 = EDGE_LOOP('',(#10849,#10855,#10856,#10862));
#10849 = ORIENTED_EDGE('',*,*,#10850,.F.);
#10850 = EDGE_CURVE('',#9904,#8500,#10851,.T.);
#10851 = LINE('',#10852,#10853);
#10852 = CARTESIAN_POINT('',(-66.6725616455,67.700942993164,
    123.13541412353));
#10853 = VECTOR('',#10854,1.);
#10854 = DIRECTION('',(3.723140887948E-02,-0.229104135753,
    -0.972689630444));
#10855 = ORIENTED_EDGE('',*,*,#9912,.F.);
#10856 = ORIENTED_EDGE('',*,*,#10857,.T.);
#10857 = EDGE_CURVE('',#8454,#9967,#10858,.T.);
#10858 = LINE('',#10859,#10860);
#10859 = CARTESIAN_POINT('',(-67.0376586914,67.688621520996,
    123.12434387207));
#10860 = VECTOR('',#10861,1.);
#10861 = DIRECTION('',(3.723140887948E-02,-0.229104135753,
    -0.972689630444));
#10862 = ORIENTED_EDGE('',*,*,#9966,.F.);
#10863 = PLANE('',#10864);
#10864 = AXIS2_PLACEMENT_3D('',#10865,#10866,#10867);
#10865 = CARTESIAN_POINT('',(-66.81043243408,67.419857025146,
    121.96265029907));
#10866 = DIRECTION('',(-2.585345054591E-02,0.972817854916,
    -0.230123923684));
#10867 = DIRECTION('',(0.,-0.230200869778,-0.973143134155));
#10868 = ADVANCED_FACE('',(#10869),#10875,.F.);
#10869 = FACE_BOUND('',#10870,.T.);
#10870 = EDGE_LOOP('',(#10871,#10872,#10873,#10874));
#10871 = ORIENTED_EDGE('',*,*,#9950,.F.);
#10872 = ORIENTED_EDGE('',*,*,#10725,.F.);
#10873 = ORIENTED_EDGE('',*,*,#9928,.F.);
#10874 = ORIENTED_EDGE('',*,*,#10850,.T.);
#10875 = PLANE('',#10876);
#10876 = AXIS2_PLACEMENT_3D('',#10877,#10878,#10879);
#10877 = CARTESIAN_POINT('',(-66.4503326416,67.385959625244,
    121.98441696167));
#10878 = DIRECTION('',(0.233576120965,0.948397022096,-0.214441796752));
#10879 = DIRECTION('',(0.970985276946,-0.239139273131,1.387778780781E-17
    ));
#10880 = ADVANCED_FACE('',(#10881),#10896,.F.);
#10881 = FACE_BOUND('',#10882,.T.);
#10882 = EDGE_LOOP('',(#10883,#10889,#10895));
#10883 = ORIENTED_EDGE('',*,*,#10884,.F.);
#10884 = EDGE_CURVE('',#10740,#6243,#10885,.T.);
#10885 = LINE('',#10886,#10887);
#10886 = CARTESIAN_POINT('',(-65.90718841552,66.903877258301,
    120.88506317138));
#10887 = VECTOR('',#10888,1.);
#10888 = DIRECTION('',(0.997707566575,-4.652177571662E-02,
    4.91460678388E-02));
#10889 = ORIENTED_EDGE('',*,*,#10890,.T.);
#10890 = EDGE_CURVE('',#10740,#9943,#10891,.T.);
#10891 = LINE('',#10892,#10893);
#10892 = CARTESIAN_POINT('',(-65.90718841552,66.903877258301,
    120.88506317138));
#10893 = VECTOR('',#10894,1.);
#10894 = DIRECTION('',(-0.878064864899,0.457204114566,-0.141302833143));
#10895 = ORIENTED_EDGE('',*,*,#9942,.T.);
#10896 = PLANE('',#10897);
#10897 = AXIS2_PLACEMENT_3D('',#10898,#10899,#10900);
#10898 = CARTESIAN_POINT('',(-63.11505382951,66.813828099072,
    121.01314490535));
#10899 = DIRECTION('',(-3.723018636333E-02,0.229116236119,0.972686827077
    ));
#10900 = DIRECTION('',(0.,-0.973361642848,0.229275188873));
#10901 = ADVANCED_FACE('',(#10902),#10919,.F.);
#10902 = FACE_BOUND('',#10903,.T.);
#10903 = EDGE_LOOP('',(#10904,#10905,#10913));
#10904 = ORIENTED_EDGE('',*,*,#9974,.F.);
#10905 = ORIENTED_EDGE('',*,*,#10906,.T.);
#10906 = EDGE_CURVE('',#9967,#10907,#10909,.T.);
#10907 = VERTEX_POINT('',#10908);
#10908 = CARTESIAN_POINT('',(-67.04558563232,67.109909057617,
    120.7929611206));
#10909 = LINE('',#10910,#10911);
#10910 = CARTESIAN_POINT('',(-66.94830322265,67.138771057129,
    120.7898864746));
#10911 = VECTOR('',#10912,1.);
#10912 = DIRECTION('',(-0.958257390552,-0.284298306678,
    3.028607390733E-02));
#10913 = ORIENTED_EDGE('',*,*,#10914,.T.);
#10914 = EDGE_CURVE('',#10907,#4863,#10915,.T.);
#10915 = LINE('',#10916,#10917);
#10916 = CARTESIAN_POINT('',(-67.04558563232,67.109909057617,
    120.7929611206));
#10917 = VECTOR('',#10918,1.);
#10918 = DIRECTION('',(-0.732625837139,0.655712154768,-0.182485486673));
#10919 = PLANE('',#10920);
#10920 = AXIS2_PLACEMENT_3D('',#10921,#10922,#10923);
#10921 = CARTESIAN_POINT('',(-69.05500346681,68.937746712439,
    120.28552790894));
#10922 = DIRECTION('',(-3.72291532879E-02,0.229104637022,0.972689598711)
  );
#10923 = DIRECTION('',(-1.734723475977E-18,-0.973364378916,
    0.229263572899));
#10924 = ADVANCED_FACE('',(#10925),#10942,.F.);
#10925 = FACE_BOUND('',#10926,.T.);
#10926 = EDGE_LOOP('',(#10927,#10935,#10936));
#10927 = ORIENTED_EDGE('',*,*,#10928,.T.);
#10928 = EDGE_CURVE('',#10929,#4960,#10931,.T.);
#10929 = VERTEX_POINT('',#10930);
#10930 = CARTESIAN_POINT('',(-101.5917282104,85.051887512207,
    145.67610168457));
#10931 = LINE('',#10932,#10933);
#10932 = CARTESIAN_POINT('',(-101.5917282104,85.051887512207,
    145.67610168457));
#10933 = VECTOR('',#10934,1.);
#10934 = DIRECTION('',(0.210957311467,0.353312978081,-0.911409322016));
#10935 = ORIENTED_EDGE('',*,*,#10020,.F.);
#10936 = ORIENTED_EDGE('',*,*,#10937,.T.);
#10937 = EDGE_CURVE('',#10021,#10929,#10938,.T.);
#10938 = LINE('',#10939,#10940);
#10939 = CARTESIAN_POINT('',(-101.7222442626,84.740287780762,
    145.81553649902));
#10940 = VECTOR('',#10941,1.);
#10941 = DIRECTION('',(0.357114926469,0.852591794404,-0.381518232078));
#10942 = PLANE('',#10943);
#10943 = AXIS2_PLACEMENT_3D('',#10944,#10945,#10946);
#10944 = CARTESIAN_POINT('',(-101.0480177962,85.938007996367,
    143.21532579081));
#10945 = DIRECTION('',(0.93149540111,-0.355321701483,7.786402357343E-02)
  );
#10946 = DIRECTION('',(0.356403747454,0.93433204419,0.));
#10947 = ADVANCED_FACE('',(#10948),#10958,.F.);
#10948 = FACE_BOUND('',#10949,.T.);
#10949 = EDGE_LOOP('',(#10950,#10951,#10957));
#10950 = ORIENTED_EDGE('',*,*,#10191,.F.);
#10951 = ORIENTED_EDGE('',*,*,#10952,.F.);
#10952 = EDGE_CURVE('',#10021,#8677,#10953,.T.);
#10953 = LINE('',#10954,#10955);
#10954 = CARTESIAN_POINT('',(-101.7222442626,84.740287780762,
    145.81553649902));
#10955 = VECTOR('',#10956,1.);
#10956 = DIRECTION('',(0.916845402975,-0.385606552657,0.103450923591));
#10957 = ORIENTED_EDGE('',*,*,#10029,.F.);
#10958 = PLANE('',#10959);
#10959 = AXIS2_PLACEMENT_3D('',#10960,#10961,#10962);
#10960 = CARTESIAN_POINT('',(-100.73076671,84.23880097608,
    145.99052288307));
#10961 = DIRECTION('',(-0.159243134521,-0.590819812626,-0.790932091343)
  );
#10962 = DIRECTION('',(1.387778780781E-17,0.80115531746,-0.598456479041)
  );
#10963 = ADVANCED_FACE('',(#10964),#10981,.F.);
#10964 = FACE_BOUND('',#10965,.T.);
#10965 = EDGE_LOOP('',(#10966,#10974,#10975));
#10966 = ORIENTED_EDGE('',*,*,#10967,.F.);
#10967 = EDGE_CURVE('',#4970,#10968,#10970,.T.);
#10968 = VERTEX_POINT('',#10969);
#10969 = CARTESIAN_POINT('',(-98.82408905029,85.789756774902,
    146.75642395019));
#10970 = LINE('',#10971,#10972);
#10971 = CARTESIAN_POINT('',(-98.16348266601,86.196594238281,
    140.71032714843));
#10972 = VECTOR('',#10973,1.);
#10973 = DIRECTION('',(-0.108373039189,-6.674203188416E-02,
    0.991867322557));
#10974 = ORIENTED_EDGE('',*,*,#10059,.T.);
#10975 = ORIENTED_EDGE('',*,*,#10976,.T.);
#10976 = EDGE_CURVE('',#10060,#10968,#10977,.T.);
#10977 = LINE('',#10978,#10979);
#10978 = CARTESIAN_POINT('',(-98.81707000732,85.828659057617,
    146.84992980957));
#10979 = VECTOR('',#10980,1.);
#10980 = DIRECTION('',(-6.914054931224E-02,-0.383203979286,
    -0.921072361273));
#10981 = PLANE('',#10982);
#10982 = AXIS2_PLACEMENT_3D('',#10983,#10984,#10985);
#10983 = CARTESIAN_POINT('',(-98.4947120361,86.001383422657,
    143.78189749946));
#10984 = DIRECTION('',(-0.931520873811,0.355252553742,
    -7.787480153592E-02));
#10985 = DIRECTION('',(-0.356334690027,-0.934358383429,
    1.387778780781E-17));
#10986 = ADVANCED_FACE('',(#10987),#11003,.F.);
#10987 = FACE_BOUND('',#10988,.T.);
#10988 = EDGE_LOOP('',(#10989,#10990,#10996,#10997));
#10989 = ORIENTED_EDGE('',*,*,#10068,.F.);
#10990 = ORIENTED_EDGE('',*,*,#10991,.T.);
#10991 = EDGE_CURVE('',#8608,#8631,#10992,.T.);
#10992 = LINE('',#10993,#10994);
#10993 = CARTESIAN_POINT('',(-98.82643127441,85.883285522461,
    147.21118164062));
#10994 = VECTOR('',#10995,1.);
#10995 = DIRECTION('',(-0.931497964533,0.355313525485,
    -7.787066635903E-02));
#10996 = ORIENTED_EDGE('',*,*,#10113,.F.);
#10997 = ORIENTED_EDGE('',*,*,#10998,.F.);
#10998 = EDGE_CURVE('',#10060,#10106,#10999,.T.);
#10999 = LINE('',#11000,#11001);
#11000 = CARTESIAN_POINT('',(-98.81707000732,85.828659057617,
    146.84992980957));
#11001 = VECTOR('',#11002,1.);
#11002 = DIRECTION('',(-0.931497964533,0.355313525485,
    -7.787066635903E-02));
#11003 = PLANE('',#11004);
#11004 = AXIS2_PLACEMENT_3D('',#11005,#11006,#11007);
#11005 = CARTESIAN_POINT('',(-99.93954849243,86.282348632812,
    146.93711090087));
#11006 = DIRECTION('',(0.36284335001,0.922719855356,-0.130125984665));
#11007 = DIRECTION('',(0.930632589165,-0.365954893374,6.938893903907E-18
    ));
#11008 = ADVANCED_FACE('',(#11009),#11026,.F.);
#11009 = FACE_BOUND('',#11010,.T.);
#11010 = EDGE_LOOP('',(#11011,#11012,#11020));
#11011 = ORIENTED_EDGE('',*,*,#10083,.T.);
#11012 = ORIENTED_EDGE('',*,*,#11013,.F.);
#11013 = EDGE_CURVE('',#11014,#5257,#11016,.T.);
#11014 = VERTEX_POINT('',#11015);
#11015 = CARTESIAN_POINT('',(-98.94420623779,85.727470397949,
    147.90905761718));
#11016 = LINE('',#11017,#11018);
#11017 = CARTESIAN_POINT('',(-98.94420623779,85.727470397949,
    147.90905761718));
#11018 = VECTOR('',#11019,1.);
#11019 = DIRECTION('',(0.14248003706,0.553379628176,0.820652439319));
#11020 = ORIENTED_EDGE('',*,*,#11021,.T.);
#11021 = EDGE_CURVE('',#11014,#10084,#11022,.T.);
#11022 = LINE('',#11023,#11024);
#11023 = CARTESIAN_POINT('',(-98.94420623779,85.727470397949,
    147.90905761718));
#11024 = VECTOR('',#11025,1.);
#11025 = DIRECTION('',(0.203601038587,0.33190330283,-0.92107915765));
#11026 = PLANE('',#11027);
#11027 = AXIS2_PLACEMENT_3D('',#11028,#11029,#11030);
#11028 = CARTESIAN_POINT('',(-98.54461597309,87.235447979909,
    150.00985940523));
#11029 = DIRECTION('',(-0.931497809617,0.355314188336,
    -7.786949496491E-02));
#11030 = DIRECTION('',(-0.356396364193,-0.934334860524,0.));
#11031 = ADVANCED_FACE('',(#11032),#11043,.F.);
#11032 = FACE_BOUND('',#11033,.T.);
#11033 = EDGE_LOOP('',(#11034,#11040,#11041,#11042));
#11034 = ORIENTED_EDGE('',*,*,#11035,.T.);
#11035 = EDGE_CURVE('',#10084,#10130,#11036,.T.);
#11036 = LINE('',#11037,#11038);
#11037 = CARTESIAN_POINT('',(-98.86979675293,85.848770141602,
    147.57243347168));
#11038 = VECTOR('',#11039,1.);
#11039 = DIRECTION('',(-0.931497964533,0.355313525485,
    -7.787066635903E-02));
#11040 = ORIENTED_EDGE('',*,*,#10129,.F.);
#11041 = ORIENTED_EDGE('',*,*,#10991,.F.);
#11042 = ORIENTED_EDGE('',*,*,#10091,.F.);
#11043 = PLANE('',#11044);
#11044 = AXIS2_PLACEMENT_3D('',#11045,#11046,#11047);
#11045 = CARTESIAN_POINT('',(-99.96591186523,86.292404174805,
    147.29836273193));
#11046 = DIRECTION('',(0.343850100212,0.929964291473,0.130128879076));
#11047 = DIRECTION('',(0.937939508901,-0.346798900867,6.938893903907E-18
    ));
#11048 = ADVANCED_FACE('',(#11049),#11066,.F.);
#11049 = FACE_BOUND('',#11050,.T.);
#11050 = EDGE_LOOP('',(#11051,#11059,#11065));
#11051 = ORIENTED_EDGE('',*,*,#11052,.T.);
#11052 = EDGE_CURVE('',#4960,#11053,#11055,.T.);
#11053 = VERTEX_POINT('',#11054);
#11054 = CARTESIAN_POINT('',(-101.0779418945,86.541366577148,
    146.32641601562));
#11055 = LINE('',#11056,#11057);
#11056 = CARTESIAN_POINT('',(-100.3990783691,87.049346923828,140.5234375
    ));
#11057 = VECTOR('',#11058,1.);
#11058 = DIRECTION('',(-0.115756275554,-8.661816519378E-02,
    0.989493697872));
#11059 = ORIENTED_EDGE('',*,*,#11060,.T.);
#11060 = EDGE_CURVE('',#11053,#10106,#11061,.T.);
#11061 = LINE('',#11062,#11063);
#11062 = CARTESIAN_POINT('',(-101.0779418945,86.541366577148,
    146.32641601562));
#11063 = VECTOR('',#11064,1.);
#11064 = DIRECTION('',(6.916101461142E-02,0.383193354726,0.921075245));
#11065 = ORIENTED_EDGE('',*,*,#10105,.F.);
#11066 = PLANE('',#11067);
#11067 = AXIS2_PLACEMENT_3D('',#11068,#11069,#11070);
#11068 = CARTESIAN_POINT('',(-100.7418337007,86.824826218138,
    143.59914456359));
#11069 = DIRECTION('',(0.931503692449,-0.355298608148,7.787021254888E-02
    ));
#11070 = DIRECTION('',(0.356380756588,0.934340813801,0.));
#11071 = ADVANCED_FACE('',(#11072),#11089,.F.);
#11072 = FACE_BOUND('',#11073,.T.);
#11073 = EDGE_LOOP('',(#11074,#11075,#11083));
#11074 = ORIENTED_EDGE('',*,*,#10137,.F.);
#11075 = ORIENTED_EDGE('',*,*,#11076,.T.);
#11076 = EDGE_CURVE('',#10130,#11077,#11079,.T.);
#11077 = VERTEX_POINT('',#11078);
#11078 = CARTESIAN_POINT('',(-101.1798019409,86.580215454102,
    147.72216796875));
#11079 = LINE('',#11080,#11081);
#11080 = CARTESIAN_POINT('',(-101.105392456,86.701522827148,
    147.38554382324));
#11081 = VECTOR('',#11082,1.);
#11082 = DIRECTION('',(-0.203599627862,-0.331921878705,0.921072775611));
#11083 = ORIENTED_EDGE('',*,*,#11084,.T.);
#11084 = EDGE_CURVE('',#11077,#5282,#11085,.T.);
#11085 = LINE('',#11086,#11087);
#11086 = CARTESIAN_POINT('',(-101.1798019409,86.580215454102,
    147.72216796875));
#11087 = VECTOR('',#11088,1.);
#11088 = DIRECTION('',(0.142479927862,0.553380589016,0.820651810366));
#11089 = PLANE('',#11090);
#11090 = AXIS2_PLACEMENT_3D('',#11091,#11092,#11093);
#11091 = CARTESIAN_POINT('',(-100.780211758,88.088198421674,
    149.82296931914));
#11092 = DIRECTION('',(0.931500942928,-0.355307020897,7.786471746778E-02
    ));
#11093 = DIRECTION('',(0.356389041535,0.934337653674,0.));
#11094 = ADVANCED_FACE('',(#11095),#11112,.F.);
#11095 = FACE_BOUND('',#11096,.T.);
#11096 = EDGE_LOOP('',(#11097,#11098,#11106));
#11097 = ORIENTED_EDGE('',*,*,#10151,.T.);
#11098 = ORIENTED_EDGE('',*,*,#11099,.F.);
#11099 = EDGE_CURVE('',#11100,#4970,#11102,.T.);
#11100 = VERTEX_POINT('',#11101);
#11101 = CARTESIAN_POINT('',(-99.22352600097,84.536361694336,
    145.8154296875));
#11102 = LINE('',#11103,#11104);
#11103 = CARTESIAN_POINT('',(-99.22352600097,84.536361694336,
    145.8154296875));
#11104 = VECTOR('',#11105,1.);
#11105 = DIRECTION('',(0.193723466219,0.30340835373,-0.932960122151));
#11106 = ORIENTED_EDGE('',*,*,#11107,.T.);
#11107 = EDGE_CURVE('',#11100,#10152,#11108,.T.);
#11108 = LINE('',#11109,#11110);
#11109 = CARTESIAN_POINT('',(-99.22352600097,84.536361694336,
    145.8154296875));
#11110 = VECTOR('',#11111,1.);
#11111 = DIRECTION('',(-0.362837961196,-0.922720253312,0.130138188257));
#11112 = PLANE('',#11113);
#11113 = AXIS2_PLACEMENT_3D('',#11114,#11115,#11116);
#11114 = CARTESIAN_POINT('',(-98.74509159964,85.251755749064,
    143.35651911384));
#11115 = DIRECTION('',(-0.931500165175,0.355307788296,
    -7.787051980278E-02));
#11116 = DIRECTION('',(-0.356389973275,-0.934337298276,
    3.469446951954E-18));
#11117 = ADVANCED_FACE('',(#11118),#11134,.F.);
#11118 = FACE_BOUND('',#11119,.T.);
#11119 = EDGE_LOOP('',(#11120,#11121,#11127,#11128));
#11120 = ORIENTED_EDGE('',*,*,#10159,.F.);
#11121 = ORIENTED_EDGE('',*,*,#11122,.F.);
#11122 = EDGE_CURVE('',#10929,#10152,#11123,.T.);
#11123 = LINE('',#11124,#11125);
#11124 = CARTESIAN_POINT('',(-101.5917282104,85.051887512207,
    145.67610168457));
#11125 = VECTOR('',#11126,1.);
#11126 = DIRECTION('',(0.931497964533,-0.355313525485,7.787066635903E-02
    ));
#11127 = ORIENTED_EDGE('',*,*,#10937,.F.);
#11128 = ORIENTED_EDGE('',*,*,#11129,.F.);
#11129 = EDGE_CURVE('',#8654,#10021,#11130,.T.);
#11130 = LINE('',#11131,#11132);
#11131 = CARTESIAN_POINT('',(-99.48664855957,83.887535095215,
    146.00242614746));
#11132 = VECTOR('',#11133,1.);
#11133 = DIRECTION('',(-0.931497964533,0.355313525485,
    -7.787066635903E-02));
#11134 = PLANE('',#11135);
#11135 = AXIS2_PLACEMENT_3D('',#11136,#11137,#11138);
#11136 = CARTESIAN_POINT('',(-100.539188385,84.469711303711,
    145.83926391601));
#11137 = DIRECTION('',(-6.916669691493E-02,-0.383192233909,
    -0.921075284605));
#11138 = DIRECTION('',(-3.469446951954E-18,0.923286448284,
    -0.384112137813));
#11139 = ADVANCED_FACE('',(#11140),#11145,.F.);
#11140 = FACE_BOUND('',#11141,.T.);
#11141 = EDGE_LOOP('',(#11142,#11143,#11144));
#11142 = ORIENTED_EDGE('',*,*,#11129,.T.);
#11143 = ORIENTED_EDGE('',*,*,#10952,.T.);
#11144 = ORIENTED_EDGE('',*,*,#10175,.F.);
#11145 = PLANE('',#11146);
#11146 = AXIS2_PLACEMENT_3D('',#11147,#11148,#11149);
#11147 = CARTESIAN_POINT('',(-100.5897802048,84.286312997838,
    145.926645193));
#11148 = DIRECTION('',(-0.159253581289,-0.590840034619,-0.790914881854)
  );
#11149 = DIRECTION('',(6.938893903907E-17,0.801139253006,-0.598477983967
    ));
#11150 = ADVANCED_FACE('',(#11151),#11161,.F.);
#11151 = FACE_BOUND('',#11152,.T.);
#11152 = EDGE_LOOP('',(#11153,#11154,#11155));
#11153 = ORIENTED_EDGE('',*,*,#10250,.T.);
#11154 = ORIENTED_EDGE('',*,*,#10298,.F.);
#11155 = ORIENTED_EDGE('',*,*,#11156,.F.);
#11156 = EDGE_CURVE('',#8922,#10291,#11157,.T.);
#11157 = LINE('',#11158,#11159);
#11158 = CARTESIAN_POINT('',(-99.294631958,84.951301574707,
    148.55937194824));
#11159 = VECTOR('',#11160,1.);
#11160 = DIRECTION('',(-0.946001182741,0.315997527881,
    -7.230023946091E-02));
#11161 = PLANE('',#11162);
#11162 = AXIS2_PLACEMENT_3D('',#11163,#11164,#11165);
#11163 = CARTESIAN_POINT('',(-100.5150277483,85.286155730954,
    148.47710924057));
#11164 = DIRECTION('',(-2.561557370763E-02,0.149468563107,0.988434616465
    ));
#11165 = DIRECTION('',(-4.336808689942E-19,-0.988759060589,
    0.149517624721));
#11166 = ADVANCED_FACE('',(#11167),#11184,.F.);
#11167 = FACE_BOUND('',#11168,.T.);
#11168 = EDGE_LOOP('',(#11169,#11170,#11178));
#11169 = ORIENTED_EDGE('',*,*,#10267,.F.);
#11170 = ORIENTED_EDGE('',*,*,#11171,.F.);
#11171 = EDGE_CURVE('',#11172,#8922,#11174,.T.);
#11172 = VERTEX_POINT('',#11173);
#11173 = CARTESIAN_POINT('',(-101.3997116088,86.115653991699,
    148.23304748535));
#11174 = LINE('',#11175,#11176);
#11175 = CARTESIAN_POINT('',(-101.3997116088,86.115653991699,
    148.23304748535));
#11176 = VECTOR('',#11177,1.);
#11177 = DIRECTION('',(0.867120614559,-0.479617948406,0.134418984426));
#11178 = ORIENTED_EDGE('',*,*,#11179,.F.);
#11179 = EDGE_CURVE('',#10268,#11172,#11180,.T.);
#11180 = LINE('',#11181,#11182);
#11181 = CARTESIAN_POINT('',(-99.16411590576,85.262901306152,
    148.41993713378));
#11182 = VECTOR('',#11183,1.);
#11183 = DIRECTION('',(-0.931497964533,0.355313525485,
    -7.787066635903E-02));
#11184 = PLANE('',#11185);
#11185 = AXIS2_PLACEMENT_3D('',#11186,#11187,#11188);
#11186 = CARTESIAN_POINT('',(-100.2383465333,85.575473662913,
    148.37056623418));
#11187 = DIRECTION('',(6.916669691494E-02,0.383192233909,0.921075284605)
  );
#11188 = DIRECTION('',(0.,-0.923286448284,0.384112137813));
#11189 = ADVANCED_FACE('',(#11190),#11207,.F.);
#11190 = FACE_BOUND('',#11191,.T.);
#11191 = EDGE_LOOP('',(#11192,#11193,#11201));
#11192 = ORIENTED_EDGE('',*,*,#10275,.T.);
#11193 = ORIENTED_EDGE('',*,*,#11194,.T.);
#11194 = EDGE_CURVE('',#10268,#11195,#11197,.T.);
#11195 = VERTEX_POINT('',#11196);
#11196 = CARTESIAN_POINT('',(-99.13092041015,85.336433410645,
    148.35832214355));
#11197 = LINE('',#11198,#11199);
#11198 = CARTESIAN_POINT('',(-99.16411590576,85.262901306152,
    148.41993713378));
#11199 = VECTOR('',#11200,1.);
#11200 = DIRECTION('',(0.327000525781,0.724346372667,-0.606953860309));
#11201 = ORIENTED_EDGE('',*,*,#11202,.F.);
#11202 = EDGE_CURVE('',#5257,#11195,#11203,.T.);
#11203 = LINE('',#11204,#11205);
#11204 = CARTESIAN_POINT('',(-98.1593170166,88.775909423828,
    152.42984008789));
#11205 = VECTOR('',#11206,1.);
#11206 = DIRECTION('',(-0.179339352809,-0.634861308943,-0.751524127983)
  );
#11207 = PLANE('',#11208);
#11208 = AXIS2_PLACEMENT_3D('',#11209,#11210,#11211);
#11209 = CARTESIAN_POINT('',(-98.6580062532,87.021653811147,
    150.39075481817));
#11210 = DIRECTION('',(-0.931508452625,0.355291061279,
    -7.784770044138E-02));
#11211 = DIRECTION('',(-0.356372558284,-0.934343940796,
    3.469446951954E-18));
#11212 = ADVANCED_FACE('',(#11213),#11230,.F.);
#11213 = FACE_BOUND('',#11214,.T.);
#11214 = EDGE_LOOP('',(#11215,#11223,#11229));
#11215 = ORIENTED_EDGE('',*,*,#11216,.F.);
#11216 = EDGE_CURVE('',#11217,#5282,#11219,.T.);
#11217 = VERTEX_POINT('',#11218);
#11218 = CARTESIAN_POINT('',(-101.5302276611,85.804046630859,
    148.3724822998));
#11219 = LINE('',#11220,#11221);
#11220 = CARTESIAN_POINT('',(-101.5302276611,85.804046630859,
    148.3724822998));
#11221 = VECTOR('',#11222,1.);
#11222 = DIRECTION('',(0.204247694271,0.688063606379,0.696312683327));
#11223 = ORIENTED_EDGE('',*,*,#11224,.T.);
#11224 = EDGE_CURVE('',#11217,#10291,#11225,.T.);
#11225 = LINE('',#11226,#11227);
#11226 = CARTESIAN_POINT('',(-101.5302276611,85.804046630859,
    148.3724822998));
#11227 = VECTOR('',#11228,1.);
#11228 = DIRECTION('',(-0.362834550567,-0.922718022342,0.13016351317));
#11229 = ORIENTED_EDGE('',*,*,#10290,.T.);
#11230 = PLANE('',#11231);
#11231 = AXIS2_PLACEMENT_3D('',#11232,#11233,#11234);
#11232 = CARTESIAN_POINT('',(-100.9770214569,87.675385979355,
    150.29365411739));
#11233 = DIRECTION('',(0.93150198451,-0.355305162428,7.786073725014E-02)
  );
#11234 = DIRECTION('',(0.356387066285,0.934338407101,-3.469446951954E-18
    ));
#11235 = ADVANCED_FACE('',(#11236),#11253,.T.);
#11236 = FACE_BOUND('',#11237,.F.);
#11237 = EDGE_LOOP('',(#11238,#11246,#11252));
#11238 = ORIENTED_EDGE('',*,*,#11239,.T.);
#11239 = EDGE_CURVE('',#234,#11240,#11242,.T.);
#11240 = VERTEX_POINT('',#11241);
#11241 = CARTESIAN_POINT('',(-65.86157399902,86.293891748047,
    174.28635432128));
#11242 = LINE('',#11243,#11244);
#11243 = CARTESIAN_POINT('',(-65.97708303222,86.00501998291,
    172.76493098144));
#11244 = VECTOR('',#11245,1.);
#11245 = DIRECTION('',(7.438248370412E-02,0.186020077972,0.97972637849)
  );
#11246 = ORIENTED_EDGE('',*,*,#11247,.F.);
#11247 = EDGE_CURVE('',#10347,#11240,#11248,.T.);
#11248 = LINE('',#11249,#11250);
#11249 = CARTESIAN_POINT('',(-65.82441121826,86.111503442383,
    173.52564265136));
#11250 = VECTOR('',#11251,1.);
#11251 = DIRECTION('',(-4.745276467776E-02,0.232889713075,0.971344746559
    ));
#11252 = ORIENTED_EDGE('',*,*,#10346,.F.);
#11253 = PLANE('',#11254);
#11254 = AXIS2_PLACEMENT_3D('',#11255,#11256,#11257);
#11255 = CARTESIAN_POINT('',(-65.89549725307,86.139926985526,
    173.52564258569));
#11256 = DIRECTION('',(-0.363741471694,-0.909701004994,0.200340268752));
#11257 = DIRECTION('',(-0.928525581186,0.371268427265,5.551115123126E-17
    ));
#11258 = ADVANCED_FACE('',(#11259),#11275,.T.);
#11259 = FACE_BOUND('',#11260,.F.);
#11260 = EDGE_LOOP('',(#11261,#11262,#11263,#11269));
#11261 = ORIENTED_EDGE('',*,*,#10354,.T.);
#11262 = ORIENTED_EDGE('',*,*,#11247,.T.);
#11263 = ORIENTED_EDGE('',*,*,#11264,.F.);
#11264 = EDGE_CURVE('',#10401,#11240,#11265,.T.);
#11265 = LINE('',#11266,#11267);
#11266 = CARTESIAN_POINT('',(-64.40659505615,89.932685693359,
    173.4849932373));
#11267 = VECTOR('',#11268,1.);
#11268 = DIRECTION('',(-0.363745137116,-0.909699490194,0.200340492075));
#11269 = ORIENTED_EDGE('',*,*,#11270,.T.);
#11270 = EDGE_CURVE('',#10401,#10355,#11271,.T.);
#11271 = LINE('',#11272,#11273);
#11272 = CARTESIAN_POINT('',(-64.40659505615,89.932685693359,
    173.4849932373));
#11273 = VECTOR('',#11274,1.);
#11274 = DIRECTION('',(4.745276467776E-02,-0.232889713075,
    -0.971344746559));
#11275 = PLANE('',#11276);
#11276 = AXIS2_PLACEMENT_3D('',#11277,#11278,#11279);
#11277 = CARTESIAN_POINT('',(-65.1155031372,88.022094567871,
    173.50531794433));
#11278 = DIRECTION('',(0.930289060465,-0.343815217798,0.127880256451));
#11279 = DIRECTION('',(0.346661441772,0.937990322332,6.938893903907E-18)
  );
#11280 = ADVANCED_FACE('',(#11281),#11286,.T.);
#11281 = FACE_BOUND('',#11282,.F.);
#11282 = EDGE_LOOP('',(#11283,#11284,#11285));
#11283 = ORIENTED_EDGE('',*,*,#10400,.T.);
#11284 = ORIENTED_EDGE('',*,*,#10362,.F.);
#11285 = ORIENTED_EDGE('',*,*,#11270,.F.);
#11286 = PLANE('',#11287);
#11287 = AXIS2_PLACEMENT_3D('',#11288,#11289,#11290);
#11288 = CARTESIAN_POINT('',(-64.4405183102,89.778720930838,
    172.7242815017));
#11289 = DIRECTION('',(0.363741471694,0.909701004994,-0.200340268752));
#11290 = DIRECTION('',(0.928525581186,-0.371268427265,0.));
#11291 = ADVANCED_FACE('',(#11292),#11309,.T.);
#11292 = FACE_BOUND('',#11293,.F.);
#11293 = EDGE_LOOP('',(#11294,#11302,#11308));
#11294 = ORIENTED_EDGE('',*,*,#11295,.F.);
#11295 = EDGE_CURVE('',#11296,#9151,#11298,.T.);
#11296 = VERTEX_POINT('',#11297);
#11297 = CARTESIAN_POINT('',(-65.87240773925,90.429443200684,
    173.07927729492));
#11298 = LINE('',#11299,#11300);
#11299 = CARTESIAN_POINT('',(-65.87240773925,90.429443200684,
    173.07927729492));
#11300 = VECTOR('',#11301,1.);
#11301 = DIRECTION('',(0.440106228472,2.171897073891E-02,0.897683014193)
  );
#11302 = ORIENTED_EDGE('',*,*,#11303,.T.);
#11303 = EDGE_CURVE('',#11296,#10377,#11304,.T.);
#11304 = LINE('',#11305,#11306);
#11305 = CARTESIAN_POINT('',(-65.87240773925,90.429443200684,
    173.07927729492));
#11306 = VECTOR('',#11307,1.);
#11307 = DIRECTION('',(4.744847889793E-02,-0.232879555911,
    -0.971347391148));
#11308 = ORIENTED_EDGE('',*,*,#10376,.F.);
#11309 = PLANE('',#11310);
#11310 = AXIS2_PLACEMENT_3D('',#11311,#11312,#11313);
#11311 = CARTESIAN_POINT('',(-65.47908585905,90.42410166057,
    173.76913801138));
#11312 = DIRECTION('',(0.363727345789,0.909707993678,-0.200334181219));
#11313 = DIRECTION('',(0.928531534738,-0.371253537353,
    -8.326672684689E-17));
#11314 = ADVANCED_FACE('',(#11315),#11332,.T.);
#11315 = FACE_BOUND('',#11316,.F.);
#11316 = EDGE_LOOP('',(#11317,#11318,#11326));
#11317 = ORIENTED_EDGE('',*,*,#10384,.T.);
#11318 = ORIENTED_EDGE('',*,*,#11319,.T.);
#11319 = EDGE_CURVE('',#10377,#11320,#11322,.T.);
#11320 = VERTEX_POINT('',#11321);
#11321 = CARTESIAN_POINT('',(-65.92630941162,90.294631799316,
    172.36927058105));
#11322 = LINE('',#11323,#11324);
#11323 = CARTESIAN_POINT('',(-65.85506612548,90.344329675293,
    172.72426630859));
#11324 = VECTOR('',#11325,1.);
#11325 = DIRECTION('',(-0.194936706319,-0.135983905008,-0.971343429539)
  );
#11326 = ORIENTED_EDGE('',*,*,#11327,.F.);
#11327 = EDGE_CURVE('',#158,#11320,#11328,.T.);
#11328 = LINE('',#11329,#11330);
#11329 = CARTESIAN_POINT('',(-65.95546132812,89.823905786133,
    170.17887141113));
#11330 = VECTOR('',#11331,1.);
#11331 = DIRECTION('',(1.301077251346E-02,0.210089414632,0.977595600265)
  );
#11332 = PLANE('',#11333);
#11333 = AXIS2_PLACEMENT_3D('',#11334,#11335,#11336);
#11334 = CARTESIAN_POINT('',(-65.91957142948,90.089945814571,
    171.45206056655));
#11335 = DIRECTION('',(0.363681004633,0.909724398158,-0.200343820135));
#11336 = DIRECTION('',(0.928550146708,-0.371206984105,1.387778780781E-17
    ));
#11337 = ADVANCED_FACE('',(#11338),#11355,.T.);
#11338 = FACE_BOUND('',#11339,.F.);
#11339 = EDGE_LOOP('',(#11340,#11341,#11349));
#11340 = ORIENTED_EDGE('',*,*,#10408,.T.);
#11341 = ORIENTED_EDGE('',*,*,#11342,.F.);
#11342 = EDGE_CURVE('',#11343,#10401,#11345,.T.);
#11343 = VERTEX_POINT('',#11344);
#11344 = CARTESIAN_POINT('',(-64.63105947265,90.178550561523,
    174.19387080078));
#11345 = LINE('',#11346,#11347);
#11346 = CARTESIAN_POINT('',(-64.63105947265,90.178550561523,
    174.19387080078));
#11347 = VECTOR('',#11348,1.);
#11348 = DIRECTION('',(0.286613360857,-0.313939096801,-0.905149172722));
#11349 = ORIENTED_EDGE('',*,*,#11350,.F.);
#11350 = EDGE_CURVE('',#9151,#11343,#11351,.T.);
#11351 = LINE('',#11352,#11353);
#11352 = CARTESIAN_POINT('',(-65.02752095947,90.471137841797,
    174.80258967285));
#11353 = VECTOR('',#11354,1.);
#11354 = DIRECTION('',(0.506237972787,-0.373601967794,-0.777267447259));
#11355 = PLANE('',#11356);
#11356 = AXIS2_PLACEMENT_3D('',#11357,#11358,#11359);
#11357 = CARTESIAN_POINT('',(-64.69546558332,90.196046004059,
    174.15636416483));
#11358 = DIRECTION('',(0.363770990606,0.909692015164,-0.200327491724));
#11359 = DIRECTION('',(0.92851392926,-0.371297566878,-5.551115123126E-17
    ));
#11360 = ADVANCED_FACE('',(#11361),#11378,.T.);
#11361 = FACE_BOUND('',#11362,.F.);
#11362 = EDGE_LOOP('',(#11363,#11371,#11372));
#11363 = ORIENTED_EDGE('',*,*,#11364,.T.);
#11364 = EDGE_CURVE('',#11365,#234,#11367,.T.);
#11365 = VERTEX_POINT('',#11366);
#11366 = CARTESIAN_POINT('',(-67.38128835449,86.655845483398,
    173.17064692382));
#11367 = LINE('',#11368,#11369);
#11368 = CARTESIAN_POINT('',(-67.38128835449,86.655845483398,
    173.17064692382));
#11369 = VECTOR('',#11370,1.);
#11370 = DIRECTION('',(0.877633152543,-0.406768174634,-0.253573858398));
#11371 = ORIENTED_EDGE('',*,*,#10422,.F.);
#11372 = ORIENTED_EDGE('',*,*,#11373,.T.);
#11373 = EDGE_CURVE('',#10423,#11365,#11374,.T.);
#11374 = LINE('',#11375,#11376);
#11375 = CARTESIAN_POINT('',(-67.5362642456,86.644958337402,
    172.83983637695));
#11376 = VECTOR('',#11377,1.);
#11377 = DIRECTION('',(0.424040127745,2.978906425897E-02,0.90515334707)
  );
#11378 = PLANE('',#11379);
#11379 = AXIS2_PLACEMENT_3D('',#11380,#11381,#11382);
#11380 = CARTESIAN_POINT('',(-66.79298291838,86.359934756589,
    172.89513764062));
#11381 = DIRECTION('',(-0.363745018139,-0.909698881949,0.200343469972));
#11382 = DIRECTION('',(-0.928524034607,0.371272295165,6.938893903907E-17
    ));
#11383 = ADVANCED_FACE('',(#11384),#11409,.T.);
#11384 = FACE_BOUND('',#11385,.F.);
#11385 = EDGE_LOOP('',(#11386,#11394,#11402,#11408));
#11386 = ORIENTED_EDGE('',*,*,#11387,.T.);
#11387 = EDGE_CURVE('',#9174,#11388,#11390,.T.);
#11388 = VERTEX_POINT('',#11389);
#11389 = CARTESIAN_POINT('',(-66.30944234619,90.312415917969,
    171.7543871582));
#11390 = LINE('',#11391,#11392);
#11391 = CARTESIAN_POINT('',(-67.76442128906,86.673621972656,
    172.55576350097));
#11392 = VECTOR('',#11393,1.);
#11393 = DIRECTION('',(0.363744859125,0.909698794961,-0.200344153664));
#11394 = ORIENTED_EDGE('',*,*,#11395,.F.);
#11395 = EDGE_CURVE('',#11396,#11388,#11398,.T.);
#11396 = VERTEX_POINT('',#11397);
#11397 = CARTESIAN_POINT('',(-66.08128530273,90.283752282715,
    172.03846003418));
#11398 = LINE('',#11399,#11400);
#11399 = CARTESIAN_POINT('',(-66.08128530273,90.283752282715,
    172.03846003418));
#11400 = VECTOR('',#11401,1.);
#11401 = DIRECTION('',(-0.624269152543,7.842766113044E-02,
    -0.777262585715));
#11402 = ORIENTED_EDGE('',*,*,#11403,.F.);
#11403 = EDGE_CURVE('',#10423,#11396,#11404,.T.);
#11404 = LINE('',#11405,#11406);
#11405 = CARTESIAN_POINT('',(-67.5362642456,86.644958337402,
    172.83983637695));
#11406 = VECTOR('',#11407,1.);
#11407 = DIRECTION('',(0.363744859125,0.909698794961,-0.200344153664));
#11408 = ORIENTED_EDGE('',*,*,#10431,.F.);
#11409 = PLANE('',#11410);
#11410 = AXIS2_PLACEMENT_3D('',#11411,#11412,#11413);
#11411 = CARTESIAN_POINT('',(-66.92285329589,88.478687127686,
    172.29711176757));
#11412 = DIRECTION('',(-0.691362314229,0.407793944786,0.596424554374));
#11413 = DIRECTION('',(-0.653205069271,2.775557561563E-17,
    -0.757181046698));
#11414 = ADVANCED_FACE('',(#11415),#11425,.T.);
#11415 = FACE_BOUND('',#11416,.F.);
#11416 = EDGE_LOOP('',(#11417,#11418,#11424));
#11417 = ORIENTED_EDGE('',*,*,#10446,.T.);
#11418 = ORIENTED_EDGE('',*,*,#11419,.F.);
#11419 = EDGE_CURVE('',#11388,#9197,#11420,.T.);
#11420 = LINE('',#11421,#11422);
#11421 = CARTESIAN_POINT('',(-66.30944234619,90.312415917969,
    171.7543871582));
#11422 = VECTOR('',#11423,1.);
#11423 = DIRECTION('',(-0.781925606223,0.1813067036,-0.596422858015));
#11424 = ORIENTED_EDGE('',*,*,#11387,.F.);
#11425 = PLANE('',#11426);
#11426 = AXIS2_PLACEMENT_3D('',#11427,#11428,#11429);
#11427 = CARTESIAN_POINT('',(-67.07991143623,88.589666155554,
    172.08062791267));
#11428 = DIRECTION('',(-0.506241417139,0.373599972276,0.777266163093));
#11429 = DIRECTION('',(0.837941579429,-5.551115123126E-17,0.545759937576
    ));
#11430 = ADVANCED_FACE('',(#11431),#11441,.T.);
#11431 = FACE_BOUND('',#11432,.F.);
#11432 = EDGE_LOOP('',(#11433,#11439,#11440));
#11433 = ORIENTED_EDGE('',*,*,#11434,.T.);
#11434 = EDGE_CURVE('',#158,#9197,#11435,.T.);
#11435 = LINE('',#11436,#11437);
#11436 = CARTESIAN_POINT('',(-65.95546132812,89.823905786133,
    170.17887141113));
#11437 = VECTOR('',#11438,1.);
#11438 = DIRECTION('',(-0.399844299571,0.34673390628,0.848469288976));
#11439 = ORIENTED_EDGE('',*,*,#10461,.T.);
#11440 = ORIENTED_EDGE('',*,*,#10477,.F.);
#11441 = PLANE('',#11442);
#11442 = AXIS2_PLACEMENT_3D('',#11443,#11444,#11445);
#11443 = CARTESIAN_POINT('',(-66.398358447,90.156962151616,
    170.88706213372));
#11444 = DIRECTION('',(0.363750850524,0.909698061303,-0.20033660675));
#11445 = DIRECTION('',(0.928521866897,-0.371277716399,0.));
#11446 = ADVANCED_FACE('',(#11447),#11457,.T.);
#11447 = FACE_BOUND('',#11448,.F.);
#11448 = EDGE_LOOP('',(#11449,#11450,#11451));
#11449 = ORIENTED_EDGE('',*,*,#10522,.T.);
#11450 = ORIENTED_EDGE('',*,*,#10544,.T.);
#11451 = ORIENTED_EDGE('',*,*,#11452,.F.);
#11452 = EDGE_CURVE('',#7658,#10537,#11453,.T.);
#11453 = LINE('',#11454,#11455);
#11454 = CARTESIAN_POINT('',(-69.90341359863,91.795539697266,
    171.96356989746));
#11455 = VECTOR('',#11456,1.);
#11456 = DIRECTION('',(0.747434881944,-0.156687319892,0.6455928911));
#11457 = PLANE('',#11458);
#11458 = AXIS2_PLACEMENT_3D('',#11459,#11460,#11461);
#11459 = CARTESIAN_POINT('',(-69.03756772479,91.603078776403,
    172.66171659362));
#11460 = DIRECTION('',(0.363750422284,0.90969618307,-0.200345912848));
#11461 = DIRECTION('',(0.928521753316,-0.371278000452,0.));
#11462 = ADVANCED_FACE('',(#11463),#11473,.T.);
#11463 = FACE_BOUND('',#11464,.F.);
#11464 = EDGE_LOOP('',(#11465,#11466,#11467));
#11465 = ORIENTED_EDGE('',*,*,#10560,.T.);
#11466 = ORIENTED_EDGE('',*,*,#10642,.F.);
#11467 = ORIENTED_EDGE('',*,*,#11468,.F.);
#11468 = EDGE_CURVE('',#10561,#10635,#11469,.T.);
#11469 = LINE('',#11470,#11471);
#11470 = CARTESIAN_POINT('',(-70.91079122314,88.468940576172,
    174.99523188476));
#11471 = VECTOR('',#11472,1.);
#11472 = DIRECTION('',(-0.424042442978,-2.978077899703E-02,
    -0.905152535077));
#11473 = PLANE('',#11474);
#11474 = AXIS2_PLACEMENT_3D('',#11475,#11476,#11477);
#11475 = CARTESIAN_POINT('',(-71.17569699747,88.414477066202,
    174.26694488968));
#11476 = DIRECTION('',(-0.363759334025,-0.909693310293,0.200342776557));
#11477 = DIRECTION('',(-0.928518213267,0.371286853565,2.775557561563E-17
    ));
#11478 = ADVANCED_FACE('',(#11479),#11496,.T.);
#11479 = FACE_BOUND('',#11480,.F.);
#11480 = EDGE_LOOP('',(#11481,#11482,#11490));
#11481 = ORIENTED_EDGE('',*,*,#10568,.T.);
#11482 = ORIENTED_EDGE('',*,*,#11483,.F.);
#11483 = EDGE_CURVE('',#11484,#10561,#11486,.T.);
#11484 = VERTEX_POINT('',#11485);
#11485 = CARTESIAN_POINT('',(-70.42189199218,88.407516320801,
    175.60395075683));
#11486 = LINE('',#11487,#11488);
#11487 = CARTESIAN_POINT('',(-70.42189199218,88.407516320801,
    175.60395075683));
#11488 = VECTOR('',#11489,1.);
#11489 = DIRECTION('',(-0.624267623824,7.843165118225E-02,
    -0.777263410909));
#11490 = ORIENTED_EDGE('',*,*,#11491,.F.);
#11491 = EDGE_CURVE('',#7635,#11484,#11492,.T.);
#11492 = LINE('',#11493,#11494);
#11493 = CARTESIAN_POINT('',(-69.80952626953,88.26552565918,
    176.07105280761));
#11494 = VECTOR('',#11495,1.);
#11495 = DIRECTION('',(-0.781917855492,0.18130510825,-0.596433504244));
#11496 = PLANE('',#11497);
#11497 = AXIS2_PLACEMENT_3D('',#11498,#11499,#11500);
#11498 = CARTESIAN_POINT('',(-70.37565815533,88.377347138879,
    175.55092066882));
#11499 = DIRECTION('',(-0.363771317305,-0.909681802623,0.200373268384));
#11500 = DIRECTION('',(-0.928512377225,0.371301448071,0.));
#11501 = ADVANCED_FACE('',(#11502),#11527,.T.);
#11502 = FACE_BOUND('',#11503,.F.);
#11503 = EDGE_LOOP('',(#11504,#11514,#11520,#11521));
#11504 = ORIENTED_EDGE('',*,*,#11505,.F.);
#11505 = EDGE_CURVE('',#11506,#11508,#11510,.T.);
#11506 = VERTEX_POINT('',#11507);
#11507 = CARTESIAN_POINT('',(-67.6604250122,91.691436608887,
    175.56331660156));
#11508 = VERTEX_POINT('',#11509);
#11509 = CARTESIAN_POINT('',(-68.35454732666,91.904319604492,
    175.26969172363));
#11510 = LINE('',#11511,#11512);
#11511 = CARTESIAN_POINT('',(-67.6604250122,91.691436608887,
    175.56331660156));
#11512 = VECTOR('',#11513,1.);
#11513 = DIRECTION('',(-0.886309032921,0.271825466538,-0.374922943955));
#11514 = ORIENTED_EDGE('',*,*,#11515,.T.);
#11515 = EDGE_CURVE('',#11506,#10584,#11516,.T.);
#11516 = LINE('',#11517,#11518);
#11517 = CARTESIAN_POINT('',(-67.6604250122,91.691436608887,
    175.56331660156));
#11518 = VECTOR('',#11519,1.);
#11519 = DIRECTION('',(-0.363745137116,-0.909699490194,0.200340492075));
#11520 = ORIENTED_EDGE('',*,*,#10583,.T.);
#11521 = ORIENTED_EDGE('',*,*,#11522,.F.);
#11522 = EDGE_CURVE('',#11508,#7635,#11523,.T.);
#11523 = LINE('',#11524,#11525);
#11524 = CARTESIAN_POINT('',(-68.35454732666,91.904319604492,
    175.26969172363));
#11525 = VECTOR('',#11526,1.);
#11526 = DIRECTION('',(-0.363745137116,-0.909699490194,0.200340492075));
#11527 = PLANE('',#11528);
#11528 = AXIS2_PLACEMENT_3D('',#11529,#11530,#11531);
#11529 = CARTESIAN_POINT('',(-68.73497564086,89.978481134033,
    175.81718470459));
#11530 = DIRECTION('',(-0.286609563253,0.313939985443,0.905150067001));
#11531 = DIRECTION('',(-1.387778780781E-17,-0.944786238292,
    0.327687295962));
#11532 = ADVANCED_FACE('',(#11533),#11550,.T.);
#11533 = FACE_BOUND('',#11534,.F.);
#11534 = EDGE_LOOP('',(#11535,#11543,#11549));
#11535 = ORIENTED_EDGE('',*,*,#11536,.T.);
#11536 = EDGE_CURVE('',#10584,#11537,#11539,.T.);
#11537 = VERTEX_POINT('',#11538);
#11538 = CARTESIAN_POINT('',(-69.68368703613,87.805671533203,
    174.21144892578));
#11539 = LINE('',#11540,#11541);
#11540 = CARTESIAN_POINT('',(-69.11540395507,88.052642663574,
    176.36467768554));
#11541 = VECTOR('',#11542,1.);
#11542 = DIRECTION('',(-0.253628702179,-0.110224937817,-0.961001011714)
  );
#11543 = ORIENTED_EDGE('',*,*,#11544,.T.);
#11544 = EDGE_CURVE('',#11537,#9391,#11545,.T.);
#11545 = LINE('',#11546,#11547);
#11546 = CARTESIAN_POINT('',(-69.68368703613,87.805671533203,
    174.21144892578));
#11547 = VECTOR('',#11548,1.);
#11548 = DIRECTION('',(-0.424043764238,-2.976992108012E-02,
    -0.905152273272));
#11549 = ORIENTED_EDGE('',*,*,#10591,.T.);
#11550 = PLANE('',#11551);
#11551 = AXIS2_PLACEMENT_3D('',#11552,#11553,#11554);
#11552 = CARTESIAN_POINT('',(-69.45776702731,87.918365645432,
    175.1333467867));
#11553 = DIRECTION('',(-0.363806753647,-0.909671883342,0.200353963419));
#11554 = DIRECTION('',(-0.928498510951,0.371336121542,0.));
#11555 = ADVANCED_FACE('',(#11556),#11566,.T.);
#11556 = FACE_BOUND('',#11557,.F.);
#11557 = EDGE_LOOP('',(#11558,#11559,#11560));
#11558 = ORIENTED_EDGE('',*,*,#10605,.T.);
#11559 = ORIENTED_EDGE('',*,*,#11544,.F.);
#11560 = ORIENTED_EDGE('',*,*,#11561,.T.);
#11561 = EDGE_CURVE('',#11537,#10537,#11562,.T.);
#11562 = LINE('',#11563,#11564);
#11563 = CARTESIAN_POINT('',(-69.68368703613,87.805671533203,
    174.21144892578));
#11564 = VECTOR('',#11565,1.);
#11565 = DIRECTION('',(0.363745137116,0.909699490194,-0.200340492075));
#11566 = PLANE('',#11567);
#11567 = AXIS2_PLACEMENT_3D('',#11568,#11569,#11570);
#11568 = CARTESIAN_POINT('',(-69.02197093646,89.549921958328,
    173.74828734644));
#11569 = DIRECTION('',(0.829380682253,-0.414197874176,-0.374923732155));
#11570 = DIRECTION('',(0.446788572089,0.894639576506,8.326672684689E-17)
  );
#11571 = ADVANCED_FACE('',(#11572),#11590,.T.);
#11572 = FACE_BOUND('',#11573,.F.);
#11573 = EDGE_LOOP('',(#11574,#11582,#11583,#11584));
#11574 = ORIENTED_EDGE('',*,*,#11575,.T.);
#11575 = EDGE_CURVE('',#11576,#10561,#11578,.T.);
#11576 = VERTEX_POINT('',#11577);
#11577 = CARTESIAN_POINT('',(-69.45581228027,92.107734521484,
    174.19387080078));
#11578 = LINE('',#11579,#11580);
#11579 = CARTESIAN_POINT('',(-69.45581228027,92.107734521484,
    174.19387080078));
#11580 = VECTOR('',#11581,1.);
#11581 = DIRECTION('',(-0.363745137116,-0.909699490194,0.200340492075));
#11582 = ORIENTED_EDGE('',*,*,#11468,.T.);
#11583 = ORIENTED_EDGE('',*,*,#10632,.F.);
#11584 = ORIENTED_EDGE('',*,*,#11585,.T.);
#11585 = EDGE_CURVE('',#10633,#11576,#11586,.T.);
#11586 = LINE('',#11587,#11588);
#11587 = CARTESIAN_POINT('',(-69.78790456543,92.084411462402,
    173.4849932373));
#11588 = VECTOR('',#11589,1.);
#11589 = DIRECTION('',(0.424042442978,2.978077899703E-02,0.905152535077)
  );
#11590 = PLANE('',#11591);
#11591 = AXIS2_PLACEMENT_3D('',#11592,#11593,#11594);
#11592 = CARTESIAN_POINT('',(-70.34934789428,90.276676019287,
    174.24011256103));
#11593 = DIRECTION('',(-0.829383095632,0.414197704672,0.374918580661));
#11594 = DIRECTION('',(-0.446787385182,-0.894640169253,
    8.326672684689E-17));
#11595 = ADVANCED_FACE('',(#11596),#11606,.T.);
#11596 = FACE_BOUND('',#11597,.F.);
#11597 = EDGE_LOOP('',(#11598,#11604,#11605));
#11598 = ORIENTED_EDGE('',*,*,#11599,.T.);
#11599 = EDGE_CURVE('',#10664,#10633,#11600,.T.);
#11600 = LINE('',#11601,#11602);
#11601 = CARTESIAN_POINT('',(-68.1180208374,91.430557092285,
    173.5479052246));
#11602 = VECTOR('',#11603,1.);
#11603 = DIRECTION('',(-0.930590524246,0.364379070743,-3.50595063983E-02
    ));
#11604 = ORIENTED_EDGE('',*,*,#10649,.F.);
#11605 = ORIENTED_EDGE('',*,*,#10671,.F.);
#11606 = PLANE('',#11607);
#11607 = AXIS2_PLACEMENT_3D('',#11608,#11609,#11610);
#11608 = CARTESIAN_POINT('',(-69.14043401269,91.779830872772,
    173.27753971391));
#11609 = DIRECTION('',(0.363746525078,0.909698828148,-0.200340978234));
#11610 = DIRECTION('',(0.928523496791,-0.371273640199,
    -2.775557561563E-17));
#11611 = ADVANCED_FACE('',(#11612),#11622,.T.);
#11612 = FACE_BOUND('',#11613,.F.);
#11613 = EDGE_LOOP('',(#11614,#11615,#11621));
#11614 = ORIENTED_EDGE('',*,*,#11452,.T.);
#11615 = ORIENTED_EDGE('',*,*,#11616,.T.);
#11616 = EDGE_CURVE('',#10537,#10664,#11617,.T.);
#11617 = LINE('',#11618,#11619);
#11618 = CARTESIAN_POINT('',(-68.22870809326,91.444465478516,
    173.41008784179));
#11619 = VECTOR('',#11620,1.);
#11620 = DIRECTION('',(0.624259320183,-7.844118697912E-02,0.777269117713
    ));
#11621 = ORIENTED_EDGE('',*,*,#10663,.F.);
#11622 = PLANE('',#11623);
#11623 = AXIS2_PLACEMENT_3D('',#11624,#11625,#11626);
#11624 = CARTESIAN_POINT('',(-69.00565423154,91.609832179586,
    172.75032516473));
#11625 = DIRECTION('',(0.363734086361,0.909707483978,-0.200324257177));
#11626 = DIRECTION('',(0.928529091324,-0.371259648448,
    -1.387778780781E-17));
#11627 = ADVANCED_FACE('',(#11628),#11633,.F.);
#11628 = FACE_BOUND('',#11629,.T.);
#11629 = EDGE_LOOP('',(#11630,#11631,#11632));
#11630 = ORIENTED_EDGE('',*,*,#10704,.F.);
#11631 = ORIENTED_EDGE('',*,*,#10747,.T.);
#11632 = ORIENTED_EDGE('',*,*,#10884,.T.);
#11633 = PLANE('',#11634);
#11634 = AXIS2_PLACEMENT_3D('',#11635,#11636,#11637);
#11635 = CARTESIAN_POINT('',(-62.96166975592,66.724715152281,
    121.0400042223));
#11636 = DIRECTION('',(-3.723286990719E-02,0.229070064285,0.972697598973
    ));
#11637 = DIRECTION('',(0.,-0.973372519603,0.229229007941));
#11638 = ADVANCED_FACE('',(#11639),#11644,.F.);
#11639 = FACE_BOUND('',#11640,.T.);
#11640 = EDGE_LOOP('',(#11641,#11642,#11643));
#11641 = ORIENTED_EDGE('',*,*,#10890,.F.);
#11642 = ORIENTED_EDGE('',*,*,#10739,.F.);
#11643 = ORIENTED_EDGE('',*,*,#10718,.T.);
#11644 = PLANE('',#11645);
#11645 = AXIS2_PLACEMENT_3D('',#11646,#11647,#11648);
#11646 = CARTESIAN_POINT('',(-66.03502795388,67.20439132322,
    121.95625723246));
#11647 = DIRECTION('',(0.477090708234,0.859345839979,-0.184144463471));
#11648 = DIRECTION('',(0.874297027838,-0.485391292787,0.));
#11649 = ADVANCED_FACE('',(#11650),#11660,.F.);
#11650 = FACE_BOUND('',#11651,.T.);
#11651 = EDGE_LOOP('',(#11652,#11653,#11654));
#11652 = ORIENTED_EDGE('',*,*,#10812,.T.);
#11653 = ORIENTED_EDGE('',*,*,#10914,.F.);
#11654 = ORIENTED_EDGE('',*,*,#11655,.T.);
#11655 = EDGE_CURVE('',#10907,#10813,#11656,.T.);
#11656 = LINE('',#11657,#11658);
#11657 = CARTESIAN_POINT('',(-67.04558563232,67.109909057617,
    120.7929611206));
#11658 = VECTOR('',#11659,1.);
#11659 = DIRECTION('',(-0.958238479255,-0.284361430952,3.02918052081E-02
    ));
#11660 = PLANE('',#11661);
#11661 = AXIS2_PLACEMENT_3D('',#11662,#11663,#11664);
#11662 = CARTESIAN_POINT('',(-69.1142023696,68.885105716025,
    120.29566036123));
#11663 = DIRECTION('',(-3.723673150386E-02,0.229096615003,0.972691198079
    ));
#11664 = DIRECTION('',(-1.734723475977E-18,-0.973366254419,
    0.229255610091));
#11665 = ADVANCED_FACE('',(#11666),#11676,.F.);
#11666 = FACE_BOUND('',#11667,.T.);
#11667 = EDGE_LOOP('',(#11668,#11669,#11670));
#11668 = ORIENTED_EDGE('',*,*,#10835,.T.);
#11669 = ORIENTED_EDGE('',*,*,#11655,.F.);
#11670 = ORIENTED_EDGE('',*,*,#11671,.F.);
#11671 = EDGE_CURVE('',#8454,#10907,#11672,.T.);
#11672 = LINE('',#11673,#11674);
#11673 = CARTESIAN_POINT('',(-67.0376586914,67.688621520996,
    123.12434387207));
#11674 = VECTOR('',#11675,1.);
#11675 = DIRECTION('',(-3.299938183316E-03,-0.24091454381,
    -0.970540721963));
#11676 = PLANE('',#11677);
#11677 = AXIS2_PLACEMENT_3D('',#11678,#11679,#11680);
#11678 = CARTESIAN_POINT('',(-67.10865342733,67.364440350127,
    121.90036036544));
#11679 = DIRECTION('',(-0.283535496133,0.930941459937,-0.230120882587));
#11680 = DIRECTION('',(0.956615044793,0.291354862799,6.938893903907E-18)
  );
#11681 = ADVANCED_FACE('',(#11682),#11687,.F.);
#11682 = FACE_BOUND('',#11683,.T.);
#11683 = EDGE_LOOP('',(#11684,#11685,#11686));
#11684 = ORIENTED_EDGE('',*,*,#11671,.T.);
#11685 = ORIENTED_EDGE('',*,*,#10906,.F.);
#11686 = ORIENTED_EDGE('',*,*,#10857,.F.);
#11687 = PLANE('',#11688);
#11688 = AXIS2_PLACEMENT_3D('',#11689,#11690,#11691);
#11689 = CARTESIAN_POINT('',(-67.01689075136,67.400636504833,
    121.93373508503));
#11690 = DIRECTION('',(-0.283472679648,0.930959433888,-0.230125557792));
#11691 = DIRECTION('',(0.956634601199,0.291290644871,0.));
#11692 = ADVANCED_FACE('',(#11693),#11710,.F.);
#11693 = FACE_BOUND('',#11694,.T.);
#11694 = EDGE_LOOP('',(#11695,#11703,#11704));
#11695 = ORIENTED_EDGE('',*,*,#11696,.T.);
#11696 = EDGE_CURVE('',#11697,#4960,#11699,.T.);
#11697 = VERTEX_POINT('',#11698);
#11698 = CARTESIAN_POINT('',(-101.4591217041,85.389114379883,
    145.62854003906));
#11699 = LINE('',#11700,#11701);
#11700 = CARTESIAN_POINT('',(-101.4591217041,85.389114379883,
    145.62854003906));
#11701 = VECTOR('',#11702,1.);
#11702 = DIRECTION('',(0.193723466219,0.30340835373,-0.932960122151));
#11703 = ORIENTED_EDGE('',*,*,#10928,.F.);
#11704 = ORIENTED_EDGE('',*,*,#11705,.T.);
#11705 = EDGE_CURVE('',#10929,#11697,#11706,.T.);
#11706 = LINE('',#11707,#11708);
#11707 = CARTESIAN_POINT('',(-101.5917282104,85.051887512207,
    145.67610168457));
#11708 = VECTOR('',#11709,1.);
#11709 = DIRECTION('',(0.362837961196,0.922720253312,-0.130138188257));
#11710 = PLANE('',#11711);
#11711 = AXIS2_PLACEMENT_3D('',#11712,#11713,#11714);
#11712 = CARTESIAN_POINT('',(-100.9806873027,86.104508434611,
    143.1696294654));
#11713 = DIRECTION('',(0.931500165175,-0.355307788296,7.787051980278E-02
    ));
#11714 = DIRECTION('',(0.356389973275,0.934337298276,0.));
#11715 = ADVANCED_FACE('',(#11716),#11733,.F.);
#11716 = FACE_BOUND('',#11717,.T.);
#11717 = EDGE_LOOP('',(#11718,#11726,#11727));
#11718 = ORIENTED_EDGE('',*,*,#11719,.T.);
#11719 = EDGE_CURVE('',#11720,#4970,#11722,.T.);
#11720 = VERTEX_POINT('',#11721);
#11721 = CARTESIAN_POINT('',(-98.8423461914,85.688613891602,
    146.51330566406));
#11722 = LINE('',#11723,#11724);
#11723 = CARTESIAN_POINT('',(-98.8423461914,85.688613891602,
    146.51330566406));
#11724 = VECTOR('',#11725,1.);
#11725 = DIRECTION('',(0.115756275554,8.661816519378E-02,-0.989493697872
    ));
#11726 = ORIENTED_EDGE('',*,*,#10967,.T.);
#11727 = ORIENTED_EDGE('',*,*,#11728,.T.);
#11728 = EDGE_CURVE('',#10968,#11720,#11729,.T.);
#11729 = LINE('',#11730,#11731);
#11730 = CARTESIAN_POINT('',(-98.82408905029,85.789756774902,
    146.75642395019));
#11731 = VECTOR('',#11732,1.);
#11732 = DIRECTION('',(-6.91688858057E-02,-0.383189268335,
    -0.921076353984));
#11733 = PLANE('',#11734);
#11734 = AXIS2_PLACEMENT_3D('',#11735,#11736,#11737);
#11735 = CARTESIAN_POINT('',(-98.50549445788,85.96342948854,
    143.7377074168));
#11736 = DIRECTION('',(-0.931497484292,0.355315364573,
    -7.786801946381E-02));
#11737 = DIRECTION('',(-0.356397502814,-0.934334426203,
    3.469446951954E-18));
#11738 = ADVANCED_FACE('',(#11739),#11749,.F.);
#11739 = FACE_BOUND('',#11740,.T.);
#11740 = EDGE_LOOP('',(#11741,#11742,#11748));
#11741 = ORIENTED_EDGE('',*,*,#10998,.T.);
#11742 = ORIENTED_EDGE('',*,*,#11743,.F.);
#11743 = EDGE_CURVE('',#10968,#10106,#11744,.T.);
#11744 = LINE('',#11745,#11746);
#11745 = CARTESIAN_POINT('',(-98.82408905029,85.789756774902,
    146.75642395019));
#11746 = VECTOR('',#11747,1.);
#11747 = DIRECTION('',(-0.927742632577,0.371190429477,
    -3.887509182599E-02));
#11748 = ORIENTED_EDGE('',*,*,#10976,.F.);
#11749 = PLANE('',#11750);
#11750 = AXIS2_PLACEMENT_3D('',#11751,#11752,#11753);
#11751 = CARTESIAN_POINT('',(-99.91351844514,86.236277143601,
    146.7345488698));
#11752 = DIRECTION('',(0.357109817277,0.852593009418,-0.381520299193));
#11753 = DIRECTION('',(0.,-0.408452686588,-0.912779492988));
#11754 = ADVANCED_FACE('',(#11755),#11772,.F.);
#11755 = FACE_BOUND('',#11756,.T.);
#11756 = EDGE_LOOP('',(#11757,#11758,#11766));
#11757 = ORIENTED_EDGE('',*,*,#11013,.T.);
#11758 = ORIENTED_EDGE('',*,*,#11759,.F.);
#11759 = EDGE_CURVE('',#11760,#5257,#11762,.T.);
#11760 = VERTEX_POINT('',#11761);
#11761 = CARTESIAN_POINT('',(-99.01670837402,85.583145141602,
    148.11782836914));
#11762 = LINE('',#11763,#11764);
#11763 = CARTESIAN_POINT('',(-99.01670837402,85.583145141602,
    148.11782836914));
#11764 = VECTOR('',#11765,1.);
#11765 = DIRECTION('',(0.157798889454,0.587613408582,0.793605690845));
#11766 = ORIENTED_EDGE('',*,*,#11767,.T.);
#11767 = EDGE_CURVE('',#11760,#11014,#11768,.T.);
#11768 = LINE('',#11769,#11770);
#11769 = CARTESIAN_POINT('',(-99.01670837402,85.583145141602,
    148.11782836914));
#11770 = VECTOR('',#11771,1.);
#11771 = DIRECTION('',(0.274677455798,0.546782429899,-0.790936956799));
#11772 = PLANE('',#11773);
#11773 = AXIS2_PLACEMENT_3D('',#11774,#11775,#11776);
#11774 = CARTESIAN_POINT('',(-98.57943603605,87.179099271924,
    150.16927807872));
#11775 = DIRECTION('',(-0.931500612064,0.355307880155,
    -7.786475469794E-02));
#11776 = DIRECTION('',(-0.356389904449,-0.934337324528,
    3.469446951954E-18));
#11777 = ADVANCED_FACE('',(#11778),#11788,.F.);
#11778 = FACE_BOUND('',#11779,.T.);
#11779 = EDGE_LOOP('',(#11780,#11786,#11787));
#11780 = ORIENTED_EDGE('',*,*,#11781,.F.);
#11781 = EDGE_CURVE('',#10084,#11760,#11782,.T.);
#11782 = LINE('',#11783,#11784);
#11783 = CARTESIAN_POINT('',(-98.86979675293,85.848770141602,
    147.57243347168));
#11784 = VECTOR('',#11785,1.);
#11785 = DIRECTION('',(-0.23536903091,-0.425561288957,0.873784303263));
#11786 = ORIENTED_EDGE('',*,*,#11021,.F.);
#11787 = ORIENTED_EDGE('',*,*,#11767,.F.);
#11788 = PLANE('',#11789);
#11789 = AXIS2_PLACEMENT_3D('',#11790,#11791,#11792);
#11790 = CARTESIAN_POINT('',(-98.94051783724,85.724225300672,
    147.85013825342));
#11791 = DIRECTION('',(-0.931507088269,0.355287288086,
    -7.788123925953E-02));
#11792 = DIRECTION('',(-0.356369709934,-0.934345027194,
    3.469446951954E-18));
#11793 = ADVANCED_FACE('',(#11794),#11804,.F.);
#11794 = FACE_BOUND('',#11795,.T.);
#11795 = EDGE_LOOP('',(#11796,#11797,#11803));
#11796 = ORIENTED_EDGE('',*,*,#11781,.T.);
#11797 = ORIENTED_EDGE('',*,*,#11798,.F.);
#11798 = EDGE_CURVE('',#10130,#11760,#11799,.T.);
#11799 = LINE('',#11800,#11801);
#11800 = CARTESIAN_POINT('',(-101.105392456,86.701522827148,
    147.38554382324));
#11801 = VECTOR('',#11802,1.);
#11802 = DIRECTION('',(0.842265384222,-0.450987690827,0.295294980087));
#11803 = ORIENTED_EDGE('',*,*,#11035,.F.);
#11804 = PLANE('',#11805);
#11805 = AXIS2_PLACEMENT_3D('',#11806,#11807,#11808);
#11806 = CARTESIAN_POINT('',(-99.90225799322,86.151893610736,
    147.64337464813));
#11807 = DIRECTION('',(0.277328640161,0.832256643214,0.480039274614));
#11808 = DIRECTION('',(-1.387778780781E-17,0.499637497003,
    -0.866234593854));
#11809 = ADVANCED_FACE('',(#11810),#11827,.F.);
#11810 = FACE_BOUND('',#11811,.T.);
#11811 = EDGE_LOOP('',(#11812,#11820,#11826));
#11812 = ORIENTED_EDGE('',*,*,#11813,.T.);
#11813 = EDGE_CURVE('',#4960,#11814,#11816,.T.);
#11814 = VERTEX_POINT('',#11815);
#11815 = CARTESIAN_POINT('',(-101.1361465454,86.325439453125,
    146.03735351562));
#11816 = LINE('',#11817,#11818);
#11817 = CARTESIAN_POINT('',(-100.3990783691,87.049346923828,140.5234375
    ));
#11818 = VECTOR('',#11819,1.);
#11819 = DIRECTION('',(-0.131387871676,-0.129041878253,0.982896444613));
#11820 = ORIENTED_EDGE('',*,*,#11821,.T.);
#11821 = EDGE_CURVE('',#11814,#11053,#11822,.T.);
#11822 = LINE('',#11823,#11824);
#11823 = CARTESIAN_POINT('',(-101.1361465454,86.325439453125,
    146.03735351562));
#11824 = VECTOR('',#11825,1.);
#11825 = DIRECTION('',(0.159259059658,0.590817919313,0.790930299164));
#11826 = ORIENTED_EDGE('',*,*,#11052,.F.);
#11827 = PLANE('',#11828);
#11828 = AXIS2_PLACEMENT_3D('',#11829,#11830,#11831);
#11829 = CARTESIAN_POINT('',(-100.7636748772,86.733029966484,
    143.44154753942));
#11830 = DIRECTION('',(0.931492120968,-0.355329839964,7.786612488866E-02
    ));
#11831 = DIRECTION('',(0.35641196939,0.934328907867,3.469446951954E-18)
  );
#11832 = ADVANCED_FACE('',(#11833),#11850,.F.);
#11833 = FACE_BOUND('',#11834,.T.);
#11834 = EDGE_LOOP('',(#11835,#11836,#11844));
#11835 = ORIENTED_EDGE('',*,*,#11060,.F.);
#11836 = ORIENTED_EDGE('',*,*,#11837,.F.);
#11837 = EDGE_CURVE('',#11838,#11053,#11840,.T.);
#11838 = VERTEX_POINT('',#11839);
#11839 = CARTESIAN_POINT('',(-101.0709228515,86.580261230469,
    146.419921875));
#11840 = LINE('',#11841,#11842);
#11841 = CARTESIAN_POINT('',(-101.0709228515,86.580261230469,
    146.419921875));
#11842 = VECTOR('',#11843,1.);
#11843 = DIRECTION('',(-6.914254037067E-02,-0.383139859576,
    -0.921098885634));
#11844 = ORIENTED_EDGE('',*,*,#11845,.T.);
#11845 = EDGE_CURVE('',#11838,#10106,#11846,.T.);
#11846 = LINE('',#11847,#11848);
#11847 = CARTESIAN_POINT('',(-101.0709228515,86.580261230469,
    146.419921875));
#11848 = VECTOR('',#11849,1.);
#11849 = DIRECTION('',(6.916811967765E-02,0.383213928411,0.921066151963)
  );
#11850 = PLANE('',#11851);
#11851 = AXIS2_PLACEMENT_3D('',#11852,#11853,#11854);
#11852 = CARTESIAN_POINT('',(-101.0653042713,86.611387802516,
    146.49472868836));
#11853 = DIRECTION('',(0.951048598089,-0.304090001861,5.509841051376E-02
    ));
#11854 = DIRECTION('',(0.304552639006,0.95249550659,-2.081668171172E-17)
  );
#11855 = ADVANCED_FACE('',(#11856),#11866,.F.);
#11856 = FACE_BOUND('',#11857,.T.);
#11857 = EDGE_LOOP('',(#11858,#11859,#11865));
#11858 = ORIENTED_EDGE('',*,*,#11798,.T.);
#11859 = ORIENTED_EDGE('',*,*,#11860,.T.);
#11860 = EDGE_CURVE('',#11760,#11077,#11861,.T.);
#11861 = LINE('',#11862,#11863);
#11862 = CARTESIAN_POINT('',(-99.01670837402,85.583145141602,
    148.11782836914));
#11863 = VECTOR('',#11864,1.);
#11864 = DIRECTION('',(-0.895887165312,0.412956013347,-0.163870430737));
#11865 = ORIENTED_EDGE('',*,*,#11076,.F.);
#11866 = PLANE('',#11867);
#11867 = AXIS2_PLACEMENT_3D('',#11868,#11869,#11870);
#11868 = CARTESIAN_POINT('',(-100.1532790181,86.149131396663,
    147.81520274317));
#11869 = DIRECTION('',(0.327803330245,0.863368916072,0.383587136699));
#11870 = DIRECTION('',(1.387778780781E-17,0.406021451988,-0.9138635459)
  );
#11871 = ADVANCED_FACE('',(#11872),#11889,.F.);
#11872 = FACE_BOUND('',#11873,.T.);
#11873 = EDGE_LOOP('',(#11874,#11875,#11883));
#11874 = ORIENTED_EDGE('',*,*,#11084,.F.);
#11875 = ORIENTED_EDGE('',*,*,#11876,.T.);
#11876 = EDGE_CURVE('',#11077,#11877,#11879,.T.);
#11877 = VERTEX_POINT('',#11878);
#11878 = CARTESIAN_POINT('',(-101.2801895141,86.380378723145,
    148.01123046875));
#11879 = LINE('',#11880,#11881);
#11880 = CARTESIAN_POINT('',(-101.1798019409,86.580215454102,
    147.72216796875));
#11881 = VECTOR('',#11882,1.);
#11882 = DIRECTION('',(-0.274679523181,-0.546791362721,0.790930063405));
#11883 = ORIENTED_EDGE('',*,*,#11884,.T.);
#11884 = EDGE_CURVE('',#11877,#5282,#11885,.T.);
#11885 = LINE('',#11886,#11887);
#11886 = CARTESIAN_POINT('',(-101.2801895141,86.380378723145,
    148.01123046875));
#11887 = VECTOR('',#11888,1.);
#11888 = DIRECTION('',(0.163708688014,0.600684683931,0.782545446577));
#11889 = PLANE('',#11890);
#11890 = AXIS2_PLACEMENT_3D('',#11891,#11892,#11893);
#11891 = CARTESIAN_POINT('',(-100.8257553244,88.003932478409,
    149.98329360447));
#11892 = DIRECTION('',(0.93150098556,-0.355306924933,7.786464535564E-02)
  );
#11893 = DIRECTION('',(0.356388943265,0.934337691158,-3.469446951954E-18
    ));
#11894 = ADVANCED_FACE('',(#11895),#11912,.F.);
#11895 = FACE_BOUND('',#11896,.T.);
#11896 = EDGE_LOOP('',(#11897,#11898,#11906));
#11897 = ORIENTED_EDGE('',*,*,#11099,.T.);
#11898 = ORIENTED_EDGE('',*,*,#11899,.F.);
#11899 = EDGE_CURVE('',#11900,#4970,#11902,.T.);
#11900 = VERTEX_POINT('',#11901);
#11901 = CARTESIAN_POINT('',(-99.09785461425,84.876243591309,
    145.862991333));
#11902 = LINE('',#11903,#11904);
#11903 = CARTESIAN_POINT('',(-99.09785461425,84.876243591309,
    145.862991333));
#11904 = VECTOR('',#11905,1.);
#11905 = DIRECTION('',(0.173013079531,0.244482865654,-0.9540936027));
#11906 = ORIENTED_EDGE('',*,*,#11907,.T.);
#11907 = EDGE_CURVE('',#11900,#11100,#11908,.T.);
#11908 = LINE('',#11909,#11910);
#11909 = CARTESIAN_POINT('',(-99.09785461425,84.876243591309,
    145.862991333));
#11910 = VECTOR('',#11911,1.);
#11911 = DIRECTION('',(-0.343853646817,-0.929962124336,-0.130134994795)
  );
#11912 = PLANE('',#11913);
#11913 = AXIS2_PLACEMENT_3D('',#11914,#11915,#11916);
#11914 = CARTESIAN_POINT('',(-98.67850142745,85.426675500641,
    143.35809338967));
#11915 = DIRECTION('',(-0.931496806787,0.355317432969,
    -7.786668590576E-02));
#11916 = DIRECTION('',(-0.356399540275,-0.93433364902,
    -3.469446951954E-18));
#11917 = ADVANCED_FACE('',(#11918),#11929,.F.);
#11918 = FACE_BOUND('',#11919,.T.);
#11919 = EDGE_LOOP('',(#11920,#11921,#11927,#11928));
#11920 = ORIENTED_EDGE('',*,*,#11107,.F.);
#11921 = ORIENTED_EDGE('',*,*,#11922,.F.);
#11922 = EDGE_CURVE('',#11697,#11100,#11923,.T.);
#11923 = LINE('',#11924,#11925);
#11924 = CARTESIAN_POINT('',(-101.4591217041,85.389114379883,
    145.62854003906));
#11925 = VECTOR('',#11926,1.);
#11926 = DIRECTION('',(0.931497964533,-0.355313525485,7.787066635903E-02
    ));
#11927 = ORIENTED_EDGE('',*,*,#11705,.F.);
#11928 = ORIENTED_EDGE('',*,*,#11122,.T.);
#11929 = PLANE('',#11930);
#11930 = AXIS2_PLACEMENT_3D('',#11931,#11932,#11933);
#11931 = CARTESIAN_POINT('',(-100.4076271057,84.794124603271,
    145.74576568603));
#11932 = DIRECTION('',(2.561298251904E-02,-0.149477891291,
    -0.988433272984));
#11933 = DIRECTION('',(4.336808689942E-19,0.988757650999,-0.149526946035
    ));
#11934 = ADVANCED_FACE('',(#11935),#11945,.F.);
#11935 = FACE_BOUND('',#11936,.T.);
#11936 = EDGE_LOOP('',(#11937,#11938,#11939));
#11937 = ORIENTED_EDGE('',*,*,#11156,.T.);
#11938 = ORIENTED_EDGE('',*,*,#11224,.F.);
#11939 = ORIENTED_EDGE('',*,*,#11940,.F.);
#11940 = EDGE_CURVE('',#8922,#11217,#11941,.T.);
#11941 = LINE('',#11942,#11943);
#11942 = CARTESIAN_POINT('',(-99.294631958,84.951301574707,
    148.55937194824));
#11943 = VECTOR('',#11944,1.);
#11944 = DIRECTION('',(-0.931499016667,0.355310747897,
    -7.787075431456E-02));
#11945 = PLANE('',#11946);
#11946 = AXIS2_PLACEMENT_3D('',#11947,#11948,#11949);
#11947 = CARTESIAN_POINT('',(-100.4449746661,85.362587693547,
    148.46736592333));
#11948 = DIRECTION('',(-2.560425320689E-02,0.149501384672,0.988429946025
    ));
#11949 = DIRECTION('',(-4.336808689942E-19,-0.988754101772,
    0.149550413673));
#11950 = ADVANCED_FACE('',(#11951),#11961,.F.);
#11951 = FACE_BOUND('',#11952,.T.);
#11952 = EDGE_LOOP('',(#11953,#11954,#11955));
#11953 = ORIENTED_EDGE('',*,*,#11171,.T.);
#11954 = ORIENTED_EDGE('',*,*,#11940,.T.);
#11955 = ORIENTED_EDGE('',*,*,#11956,.F.);
#11956 = EDGE_CURVE('',#11172,#11217,#11957,.T.);
#11957 = LINE('',#11958,#11959);
#11958 = CARTESIAN_POINT('',(-101.3997116088,86.115653991699,
    148.23304748535));
#11959 = VECTOR('',#11960,1.);
#11960 = DIRECTION('',(-0.35710857057,-0.852597495048,0.381511441851));
#11961 = PLANE('',#11962);
#11962 = AXIS2_PLACEMENT_3D('',#11963,#11964,#11965);
#11963 = CARTESIAN_POINT('',(-100.45599832,85.491480518147,
    148.42185302724));
#11964 = DIRECTION('',(6.91627056692E-02,0.383185846693,0.92107824154));
#11965 = DIRECTION('',(0.,-0.923289156216,0.38410562872));
#11966 = ADVANCED_FACE('',(#11967),#11977,.F.);
#11967 = FACE_BOUND('',#11968,.T.);
#11968 = EDGE_LOOP('',(#11969,#11975,#11976));
#11969 = ORIENTED_EDGE('',*,*,#11970,.F.);
#11970 = EDGE_CURVE('',#11195,#11172,#11971,.T.);
#11971 = LINE('',#11972,#11973);
#11972 = CARTESIAN_POINT('',(-99.13092041015,85.336433410645,
    148.35832214355));
#11973 = VECTOR('',#11974,1.);
#11974 = DIRECTION('',(-0.944486239593,0.324385565682,
    -5.215120320848E-02));
#11975 = ORIENTED_EDGE('',*,*,#11194,.F.);
#11976 = ORIENTED_EDGE('',*,*,#11179,.T.);
#11977 = PLANE('',#11978);
#11978 = AXIS2_PLACEMENT_3D('',#11979,#11980,#11981);
#11979 = CARTESIAN_POINT('',(-100.2502989025,85.699222465635,
    148.31269743107));
#11980 = DIRECTION('',(0.159253581289,0.590840034619,0.790914881854));
#11981 = DIRECTION('',(4.163336342344E-17,-0.801139253006,0.598477983967
    ));
#11982 = ADVANCED_FACE('',(#11983),#12000,.F.);
#11983 = FACE_BOUND('',#11984,.T.);
#11984 = EDGE_LOOP('',(#11985,#11993,#11994));
#11985 = ORIENTED_EDGE('',*,*,#11986,.F.);
#11986 = EDGE_CURVE('',#5257,#11987,#11989,.T.);
#11987 = VERTEX_POINT('',#11988);
#11988 = CARTESIAN_POINT('',(-99.04459381103,85.527633666992,
    148.19812011718));
#11989 = LINE('',#11990,#11991);
#11990 = CARTESIAN_POINT('',(-98.1593170166,88.775909423828,
    152.42984008789));
#11991 = VECTOR('',#11992,1.);
#11992 = DIRECTION('',(-0.163708826753,-0.600683782142,-0.782546109769)
  );
#11993 = ORIENTED_EDGE('',*,*,#11202,.T.);
#11994 = ORIENTED_EDGE('',*,*,#11995,.T.);
#11995 = EDGE_CURVE('',#11195,#11987,#11996,.T.);
#11996 = LINE('',#11997,#11998);
#11997 = CARTESIAN_POINT('',(-99.13092041015,85.336433410645,
    148.35832214355));
#11998 = VECTOR('',#11999,1.);
#11999 = DIRECTION('',(0.32704512028,0.724355082574,-0.606919437528));
#12000 = PLANE('',#12001);
#12001 = AXIS2_PLACEMENT_3D('',#12002,#12003,#12004);
#12002 = CARTESIAN_POINT('',(-98.63460651207,87.064130809343,
    150.3046561556));
#12003 = DIRECTION('',(-0.931495413038,0.355319331753,
    -7.787469404064E-02));
#12004 = DIRECTION('',(-0.356401668449,-0.93433283723,3.469446951954E-18
    ));
#12005 = ADVANCED_FACE('',(#12006),#12016,.F.);
#12006 = FACE_BOUND('',#12007,.T.);
#12007 = EDGE_LOOP('',(#12008,#12014,#12015));
#12008 = ORIENTED_EDGE('',*,*,#12009,.F.);
#12009 = EDGE_CURVE('',#11172,#5282,#12010,.T.);
#12010 = LINE('',#12011,#12012);
#12011 = CARTESIAN_POINT('',(-101.3997116088,86.115653991699,
    148.23304748535));
#12012 = VECTOR('',#12013,1.);
#12013 = DIRECTION('',(0.185217821428,0.647564121771,0.739158350302));
#12014 = ORIENTED_EDGE('',*,*,#11956,.T.);
#12015 = ORIENTED_EDGE('',*,*,#11216,.T.);
#12016 = PLANE('',#12017);
#12017 = AXIS2_PLACEMENT_3D('',#12018,#12019,#12020);
#12018 = CARTESIAN_POINT('',(-100.9475551487,87.734264494225,
    150.20982335475));
#12019 = DIRECTION('',(0.931498615414,-0.355312244805,7.786872397206E-02
    ));
#12020 = DIRECTION('',(0.356394393215,0.934335612339,-3.469446951954E-18
    ));
#12021 = ADVANCED_FACE('',(#12022),#12039,.T.);
#12022 = FACE_BOUND('',#12023,.F.);
#12023 = EDGE_LOOP('',(#12024,#12032,#12038));
#12024 = ORIENTED_EDGE('',*,*,#12025,.T.);
#12025 = EDGE_CURVE('',#234,#12026,#12028,.T.);
#12026 = VERTEX_POINT('',#12027);
#12027 = CARTESIAN_POINT('',(-66.48249990234,86.832343896484,
    175.60395075683));
#12028 = LINE('',#12029,#12030);
#12029 = CARTESIAN_POINT('',(-65.97708303222,86.00501998291,
    172.76493098144));
#12030 = VECTOR('',#12031,1.);
#12031 = DIRECTION('',(-0.168472810849,0.275775490379,0.946342850615));
#12032 = ORIENTED_EDGE('',*,*,#12033,.F.);
#12033 = EDGE_CURVE('',#11240,#12026,#12034,.T.);
#12034 = LINE('',#12035,#12036);
#12035 = CARTESIAN_POINT('',(-65.86157399902,86.293891748047,
    174.28635432128));
#12036 = VECTOR('',#12037,1.);
#12037 = DIRECTION('',(-0.399845798947,0.346736749644,0.848467420418));
#12038 = ORIENTED_EDGE('',*,*,#11239,.F.);
#12039 = PLANE('',#12040);
#12040 = AXIS2_PLACEMENT_3D('',#12041,#12042,#12043);
#12041 = CARTESIAN_POINT('',(-66.13614171197,86.386943898067,
    174.21036165403));
#12042 = DIRECTION('',(-0.363749046983,-0.909697975995,0.200340268767));
#12043 = DIRECTION('',(-0.92852248951,0.371276159313,-5.551115123126E-17
    ));
#12044 = ADVANCED_FACE('',(#12045),#12063,.T.);
#12045 = FACE_BOUND('',#12046,.F.);
#12046 = EDGE_LOOP('',(#12047,#12055,#12056,#12057));
#12047 = ORIENTED_EDGE('',*,*,#12048,.F.);
#12048 = EDGE_CURVE('',#11343,#12049,#12051,.T.);
#12049 = VERTEX_POINT('',#12050);
#12050 = CARTESIAN_POINT('',(-66.08603841552,86.539756616211,
    174.99523188476));
#12051 = LINE('',#12052,#12053);
#12052 = CARTESIAN_POINT('',(-64.63105947265,90.178550561523,
    174.19387080078));
#12053 = VECTOR('',#12054,1.);
#12054 = DIRECTION('',(-0.363745137116,-0.909699490194,0.200340492075));
#12055 = ORIENTED_EDGE('',*,*,#11342,.T.);
#12056 = ORIENTED_EDGE('',*,*,#11264,.T.);
#12057 = ORIENTED_EDGE('',*,*,#12058,.T.);
#12058 = EDGE_CURVE('',#11240,#12049,#12059,.T.);
#12059 = LINE('',#12060,#12061);
#12060 = CARTESIAN_POINT('',(-65.86157399902,86.293891748047,
    174.28635432128));
#12061 = VECTOR('',#12062,1.);
#12062 = DIRECTION('',(-0.286613360857,0.313939096801,0.905149172722));
#12063 = PLANE('',#12064);
#12064 = AXIS2_PLACEMENT_3D('',#12065,#12066,#12067);
#12065 = CARTESIAN_POINT('',(-65.24631673584,88.236221154785,
    174.24011256103));
#12066 = DIRECTION('',(0.886308454111,-0.271823348193,0.374925848067));
#12067 = DIRECTION('',(-0.38959521202,-4.163336342344E-17,0.920986194669
    ));
#12068 = ADVANCED_FACE('',(#12069),#12086,.T.);
#12069 = FACE_BOUND('',#12070,.F.);
#12070 = EDGE_LOOP('',(#12071,#12072,#12080));
#12071 = ORIENTED_EDGE('',*,*,#11295,.T.);
#12072 = ORIENTED_EDGE('',*,*,#12073,.F.);
#12073 = EDGE_CURVE('',#12074,#9151,#12076,.T.);
#12074 = VERTEX_POINT('',#12075);
#12075 = CARTESIAN_POINT('',(-65.97715169677,90.544181665039,
    173.41008784179));
#12076 = LINE('',#12077,#12078);
#12077 = CARTESIAN_POINT('',(-65.97715169677,90.544181665039,
    173.41008784179));
#12078 = VECTOR('',#12079,1.);
#12079 = DIRECTION('',(0.562888551479,-4.329633640121E-02,0.825398028752
    ));
#12080 = ORIENTED_EDGE('',*,*,#12081,.T.);
#12081 = EDGE_CURVE('',#12074,#11296,#12082,.T.);
#12082 = LINE('',#12083,#12084);
#12083 = CARTESIAN_POINT('',(-65.97715169677,90.544181665039,
    173.41008784179));
#12084 = VECTOR('',#12085,1.);
#12085 = DIRECTION('',(0.286596934702,-0.313943572073,-0.905152821668));
#12086 = PLANE('',#12087);
#12087 = AXIS2_PLACEMENT_3D('',#12088,#12089,#12090);
#12088 = CARTESIAN_POINT('',(-65.51589333265,90.478016084936,
    173.9471232923));
#12089 = DIRECTION('',(0.363751022396,0.909696034083,-0.200345499772));
#12090 = DIRECTION('',(0.92852152119,-0.371278580971,1.387778780781E-17)
  );
#12091 = ADVANCED_FACE('',(#12092),#12117,.T.);
#12092 = FACE_BOUND('',#12093,.F.);
#12093 = EDGE_LOOP('',(#12094,#12102,#12103,#12111));
#12094 = ORIENTED_EDGE('',*,*,#12095,.T.);
#12095 = EDGE_CURVE('',#12096,#10377,#12098,.T.);
#12096 = VERTEX_POINT('',#12097);
#12097 = CARTESIAN_POINT('',(-67.31004506835,86.70553572998,
    173.52564265136));
#12098 = LINE('',#12099,#12100);
#12099 = CARTESIAN_POINT('',(-67.31004506835,86.70553572998,
    173.52564265136));
#12100 = VECTOR('',#12101,1.);
#12101 = DIRECTION('',(0.363744859125,0.909698794961,-0.200344153664));
#12102 = ORIENTED_EDGE('',*,*,#11303,.F.);
#12103 = ORIENTED_EDGE('',*,*,#12104,.F.);
#12104 = EDGE_CURVE('',#12105,#11296,#12107,.T.);
#12105 = VERTEX_POINT('',#12106);
#12106 = CARTESIAN_POINT('',(-67.32738668212,86.790649255371,
    173.88065363769));
#12107 = LINE('',#12108,#12109);
#12108 = CARTESIAN_POINT('',(-67.32738668212,86.790649255371,
    173.88065363769));
#12109 = VECTOR('',#12110,1.);
#12110 = DIRECTION('',(0.363744859125,0.909698794961,-0.200344153664));
#12111 = ORIENTED_EDGE('',*,*,#12112,.F.);
#12112 = EDGE_CURVE('',#12096,#12105,#12113,.T.);
#12113 = LINE('',#12114,#12115);
#12114 = CARTESIAN_POINT('',(-67.31004506835,86.70553572998,
    173.52564265136));
#12115 = VECTOR('',#12116,1.);
#12116 = DIRECTION('',(-4.744847889793E-02,0.232879555911,0.971347391148
    ));
#12117 = PLANE('',#12118);
#12118 = AXIS2_PLACEMENT_3D('',#12119,#12120,#12121);
#12119 = CARTESIAN_POINT('',(-66.5912264038,88.567489465332,
    173.30245997314));
#12120 = DIRECTION('',(-0.930289608824,0.343816594635,-0.127872565344));
#12121 = DIRECTION('',(-0.346662483392,-0.937989937371,0.));
#12122 = ADVANCED_FACE('',(#12123),#12138,.T.);
#12123 = FACE_BOUND('',#12124,.F.);
#12124 = EDGE_LOOP('',(#12125,#12131,#12137));
#12125 = ORIENTED_EDGE('',*,*,#12126,.T.);
#12126 = EDGE_CURVE('',#10377,#11365,#12127,.T.);
#12127 = LINE('',#12128,#12129);
#12128 = CARTESIAN_POINT('',(-65.85506612548,90.344329675293,
    172.72426630859));
#12129 = VECTOR('',#12130,1.);
#12130 = DIRECTION('',(-0.379973346374,-0.918297253709,0.111132397959));
#12131 = ORIENTED_EDGE('',*,*,#12132,.T.);
#12132 = EDGE_CURVE('',#11365,#11320,#12133,.T.);
#12133 = LINE('',#12134,#12135);
#12134 = CARTESIAN_POINT('',(-67.38128835449,86.655845483398,
    173.17064692382));
#12135 = VECTOR('',#12136,1.);
#12136 = DIRECTION('',(0.363745490265,0.909698466041,-0.200344501284));
#12137 = ORIENTED_EDGE('',*,*,#11319,.F.);
#12138 = PLANE('',#12139);
#12139 = AXIS2_PLACEMENT_3D('',#12140,#12141,#12142);
#12140 = CARTESIAN_POINT('',(-66.60345680101,88.567556923737,
    172.84528325602));
#12141 = DIRECTION('',(-0.910873255514,0.392376289216,0.127870090523));
#12142 = DIRECTION('',(-0.395623996065,-0.918412572724,
    -1.387778780781E-17));
#12143 = ADVANCED_FACE('',(#12144),#12159,.T.);
#12144 = FACE_BOUND('',#12145,.F.);
#12145 = EDGE_LOOP('',(#12146,#12147,#12153));
#12146 = ORIENTED_EDGE('',*,*,#11327,.T.);
#12147 = ORIENTED_EDGE('',*,*,#12148,.T.);
#12148 = EDGE_CURVE('',#11320,#11396,#12149,.T.);
#12149 = LINE('',#12150,#12151);
#12150 = CARTESIAN_POINT('',(-65.92630941162,90.294631799316,
    172.36927058105));
#12151 = VECTOR('',#12152,1.);
#12152 = DIRECTION('',(-0.424040391345,-2.976820745621E-02,
    -0.905153909748));
#12153 = ORIENTED_EDGE('',*,*,#12154,.F.);
#12154 = EDGE_CURVE('',#158,#11396,#12155,.T.);
#12155 = LINE('',#12156,#12157);
#12156 = CARTESIAN_POINT('',(-65.95546132812,89.823905786133,
    170.17887141113));
#12157 = VECTOR('',#12158,1.);
#12158 = DIRECTION('',(-6.55425632866E-02,0.239537164502,0.968672348743)
  );
#12159 = PLANE('',#12160);
#12160 = AXIS2_PLACEMENT_3D('',#12161,#12162,#12163);
#12161 = CARTESIAN_POINT('',(-65.97883413377,90.075528494066,
    171.27899446457));
#12162 = DIRECTION('',(0.36377712706,0.909687433112,-0.200337155479));
#12163 = DIRECTION('',(0.928511125123,-0.371304579183,0.));
#12164 = ADVANCED_FACE('',(#12165),#12181,.T.);
#12165 = FACE_BOUND('',#12166,.F.);
#12166 = EDGE_LOOP('',(#12167,#12168,#12174,#12180));
#12167 = ORIENTED_EDGE('',*,*,#12048,.T.);
#12168 = ORIENTED_EDGE('',*,*,#12169,.T.);
#12169 = EDGE_CURVE('',#12049,#12026,#12170,.T.);
#12170 = LINE('',#12171,#12172);
#12171 = CARTESIAN_POINT('',(-66.08603841552,86.539756616211,
    174.99523188476));
#12172 = VECTOR('',#12173,1.);
#12173 = DIRECTION('',(-0.506237972787,0.373601967794,0.777267447259));
#12174 = ORIENTED_EDGE('',*,*,#12175,.F.);
#12175 = EDGE_CURVE('',#9151,#12026,#12176,.T.);
#12176 = LINE('',#12177,#12178);
#12177 = CARTESIAN_POINT('',(-65.02752095947,90.471137841797,
    174.80258967285));
#12178 = VECTOR('',#12179,1.);
#12179 = DIRECTION('',(-0.363745137116,-0.909699490194,0.200340492075));
#12180 = ORIENTED_EDGE('',*,*,#11350,.T.);
#12181 = PLANE('',#12182);
#12182 = AXIS2_PLACEMENT_3D('',#12183,#12184,#12185);
#12183 = CARTESIAN_POINT('',(-65.5567796875,88.505447229004,
    174.8989107788));
#12184 = DIRECTION('',(0.781927402597,-0.181307289607,0.596420324774));
#12185 = DIRECTION('',(-0.606471687657,4.163336342344E-17,0.795105082407
    ));
#12186 = ADVANCED_FACE('',(#12187),#12202,.T.);
#12187 = FACE_BOUND('',#12188,.F.);
#12188 = EDGE_LOOP('',(#12189,#12195,#12196));
#12189 = ORIENTED_EDGE('',*,*,#12190,.F.);
#12190 = EDGE_CURVE('',#234,#12096,#12191,.T.);
#12191 = LINE('',#12192,#12193);
#12192 = CARTESIAN_POINT('',(-65.97708303222,86.00501998291,
    172.76493098144));
#12193 = VECTOR('',#12194,1.);
#12194 = DIRECTION('',(-0.7901065412,0.415227184999,0.450908015442));
#12195 = ORIENTED_EDGE('',*,*,#11364,.F.);
#12196 = ORIENTED_EDGE('',*,*,#12197,.T.);
#12197 = EDGE_CURVE('',#11365,#12096,#12198,.T.);
#12198 = LINE('',#12199,#12200);
#12199 = CARTESIAN_POINT('',(-67.38128835449,86.655845483398,
    173.17064692382));
#12200 = VECTOR('',#12201,1.);
#12201 = DIRECTION('',(0.194937259656,0.135963415307,0.971346186741));
#12202 = PLANE('',#12203);
#12203 = AXIS2_PLACEMENT_3D('',#12204,#12205,#12206);
#12204 = CARTESIAN_POINT('',(-66.72941977936,86.376954885555,
    173.08783150544));
#12205 = DIRECTION('',(-0.363748053923,-0.909699694825,0.200334266923));
#12206 = DIRECTION('',(-0.928523080775,0.371274680618,2.775557561563E-17
    ));
#12207 = ADVANCED_FACE('',(#12208),#12218,.T.);
#12208 = FACE_BOUND('',#12209,.F.);
#12209 = EDGE_LOOP('',(#12210,#12211,#12217));
#12210 = ORIENTED_EDGE('',*,*,#11373,.F.);
#12211 = ORIENTED_EDGE('',*,*,#12212,.F.);
#12212 = EDGE_CURVE('',#11320,#10423,#12213,.T.);
#12213 = LINE('',#12214,#12215);
#12214 = CARTESIAN_POINT('',(-65.92630941162,90.294631799316,
    172.36927058105));
#12215 = VECTOR('',#12216,1.);
#12216 = DIRECTION('',(-0.400819972394,-0.908635438319,0.11715370229));
#12217 = ORIENTED_EDGE('',*,*,#12132,.F.);
#12218 = PLANE('',#12219);
#12219 = AXIS2_PLACEMENT_3D('',#12220,#12221,#12222);
#12220 = CARTESIAN_POINT('',(-66.72602894316,88.393064151139,
    172.70095643107));
#12221 = DIRECTION('',(-0.829384686585,0.414199555912,0.374913015966));
#12222 = DIRECTION('',(-0.446788297499,-0.894639713638,0.));
#12223 = ADVANCED_FACE('',(#12224),#12234,.T.);
#12224 = FACE_BOUND('',#12225,.F.);
#12225 = EDGE_LOOP('',(#12226,#12227,#12228));
#12226 = ORIENTED_EDGE('',*,*,#12154,.T.);
#12227 = ORIENTED_EDGE('',*,*,#11395,.T.);
#12228 = ORIENTED_EDGE('',*,*,#12229,.F.);
#12229 = EDGE_CURVE('',#158,#11388,#12230,.T.);
#12230 = LINE('',#12231,#12232);
#12231 = CARTESIAN_POINT('',(-65.95546132812,89.823905786133,
    170.17887141113));
#12232 = VECTOR('',#12233,1.);
#12233 = DIRECTION('',(-0.209820385386,0.289561809519,0.933878666822));
#12234 = PLANE('',#12235);
#12235 = AXIS2_PLACEMENT_3D('',#12236,#12237,#12238);
#12236 = CARTESIAN_POINT('',(-66.08310809882,90.082389180057,
    171.12082090219));
#12237 = DIRECTION('',(0.363731223619,0.909704191563,-0.200344405506));
#12238 = DIRECTION('',(0.928529635408,-0.371258287678,
    -6.938893903907E-17));
#12239 = ADVANCED_FACE('',(#12240),#12245,.T.);
#12240 = FACE_BOUND('',#12241,.F.);
#12241 = EDGE_LOOP('',(#12242,#12243,#12244));
#12242 = ORIENTED_EDGE('',*,*,#12212,.T.);
#12243 = ORIENTED_EDGE('',*,*,#11403,.T.);
#12244 = ORIENTED_EDGE('',*,*,#12148,.F.);
#12245 = PLANE('',#12246);
#12246 = AXIS2_PLACEMENT_3D('',#12247,#12248,#12249);
#12247 = CARTESIAN_POINT('',(-66.73654479372,88.546527857027,
    172.50815047804));
#12248 = DIRECTION('',(-0.829381307442,0.414199094791,0.374921000666));
#12249 = DIRECTION('',(-0.446789356355,-0.894639184838,
    -2.775557561563E-17));
#12250 = ADVANCED_FACE('',(#12251),#12256,.T.);
#12251 = FACE_BOUND('',#12252,.F.);
#12252 = EDGE_LOOP('',(#12253,#12254,#12255));
#12253 = ORIENTED_EDGE('',*,*,#12229,.T.);
#12254 = ORIENTED_EDGE('',*,*,#11419,.T.);
#12255 = ORIENTED_EDGE('',*,*,#11434,.F.);
#12256 = PLANE('',#12257);
#12257 = AXIS2_PLACEMENT_3D('',#12258,#12259,#12260);
#12258 = CARTESIAN_POINT('',(-66.2270480321,90.110428498422,
    170.98680464469));
#12259 = DIRECTION('',(0.363745406077,0.909699540169,-0.200339776816));
#12260 = DIRECTION('',(0.928523990712,-0.371272404943,
    -5.551115123126E-17));
#12261 = ADVANCED_FACE('',(#12262),#12280,.T.);
#12262 = FACE_BOUND('',#12263,.F.);
#12263 = EDGE_LOOP('',(#12264,#12272,#12273,#12274));
#12264 = ORIENTED_EDGE('',*,*,#12265,.T.);
#12265 = EDGE_CURVE('',#12266,#11484,#12268,.T.);
#12266 = VERTEX_POINT('',#12267);
#12267 = CARTESIAN_POINT('',(-68.96691304931,92.046310266113,
    174.80258967285));
#12268 = LINE('',#12269,#12270);
#12269 = CARTESIAN_POINT('',(-68.96691304931,92.046310266113,
    174.80258967285));
#12270 = VECTOR('',#12271,1.);
#12271 = DIRECTION('',(-0.363745137116,-0.909699490194,0.200340492075));
#12272 = ORIENTED_EDGE('',*,*,#11483,.T.);
#12273 = ORIENTED_EDGE('',*,*,#11575,.F.);
#12274 = ORIENTED_EDGE('',*,*,#12275,.T.);
#12275 = EDGE_CURVE('',#11576,#12266,#12276,.T.);
#12276 = LINE('',#12277,#12278);
#12277 = CARTESIAN_POINT('',(-69.45581228027,92.107734521484,
    174.19387080078));
#12278 = VECTOR('',#12279,1.);
#12279 = DIRECTION('',(0.624267623824,-7.843165118225E-02,0.777263410909
    ));
#12280 = PLANE('',#12281);
#12281 = AXIS2_PLACEMENT_3D('',#12282,#12283,#12284);
#12282 = CARTESIAN_POINT('',(-69.93885213623,90.257625421143,
    174.8989107788));
#12283 = DIRECTION('',(-0.691363093079,0.407791868932,0.596425070869));
#12284 = DIRECTION('',(-0.653204971693,0.,-0.757181130877));
#12285 = ADVANCED_FACE('',(#12286),#12297,.T.);
#12286 = FACE_BOUND('',#12287,.F.);
#12287 = EDGE_LOOP('',(#12288,#12289,#12290,#12291));
#12288 = ORIENTED_EDGE('',*,*,#11522,.T.);
#12289 = ORIENTED_EDGE('',*,*,#11491,.T.);
#12290 = ORIENTED_EDGE('',*,*,#12265,.F.);
#12291 = ORIENTED_EDGE('',*,*,#12292,.T.);
#12292 = EDGE_CURVE('',#12266,#11508,#12293,.T.);
#12293 = LINE('',#12294,#12295);
#12294 = CARTESIAN_POINT('',(-68.96691304931,92.046310266113,
    174.80258967285));
#12295 = VECTOR('',#12296,1.);
#12296 = DIRECTION('',(0.781917855492,-0.18130510825,0.596433504244));
#12297 = PLANE('',#12298);
#12298 = AXIS2_PLACEMENT_3D('',#12299,#12300,#12301);
#12299 = CARTESIAN_POINT('',(-69.38821965942,90.155917962646,
    175.43682124023));
#12300 = DIRECTION('',(-0.506252500148,0.373599594716,0.777259125982));
#12301 = DIRECTION('',(0.837933855614,0.,0.545771796281));
#12302 = ADVANCED_FACE('',(#12303),#12313,.T.);
#12303 = FACE_BOUND('',#12304,.F.);
#12304 = EDGE_LOOP('',(#12305,#12311,#12312));
#12305 = ORIENTED_EDGE('',*,*,#12306,.T.);
#12306 = EDGE_CURVE('',#12266,#11506,#12307,.T.);
#12307 = LINE('',#12308,#12309);
#12308 = CARTESIAN_POINT('',(-68.96691304931,92.046310266113,
    174.80258967285));
#12309 = VECTOR('',#12310,1.);
#12310 = DIRECTION('',(0.841312115717,-0.228520659121,0.48986960745));
#12311 = ORIENTED_EDGE('',*,*,#11505,.T.);
#12312 = ORIENTED_EDGE('',*,*,#12292,.F.);
#12313 = PLANE('',#12314);
#12314 = AXIS2_PLACEMENT_3D('',#12315,#12316,#12317);
#12315 = CARTESIAN_POINT('',(-68.32393230848,91.877772997781,
    175.20473107337));
#12316 = DIRECTION('',(0.363742784724,0.909702859976,-0.200329461421));
#12317 = DIRECTION('',(0.928525380158,-0.371268930026,
    -1.387778780781E-17));
#12318 = ADVANCED_FACE('',(#12319),#12344,.T.);
#12319 = FACE_BOUND('',#12320,.F.);
#12320 = EDGE_LOOP('',(#12321,#12331,#12337,#12338));
#12321 = ORIENTED_EDGE('',*,*,#12322,.F.);
#12322 = EDGE_CURVE('',#12323,#12325,#12327,.T.);
#12323 = VERTEX_POINT('',#12324);
#12324 = CARTESIAN_POINT('',(-68.38684255371,87.783378442383,
    176.46482111816));
#12325 = VERTEX_POINT('',#12326);
#12326 = CARTESIAN_POINT('',(-66.93186361084,91.422172387695,
    175.66346003418));
#12327 = LINE('',#12328,#12329);
#12328 = CARTESIAN_POINT('',(-68.38684255371,87.783378442383,
    176.46482111816));
#12329 = VECTOR('',#12330,1.);
#12330 = DIRECTION('',(0.363745137116,0.909699490194,-0.200340492075));
#12331 = ORIENTED_EDGE('',*,*,#12332,.T.);
#12332 = EDGE_CURVE('',#12323,#10584,#12333,.T.);
#12333 = LINE('',#12334,#12335);
#12334 = CARTESIAN_POINT('',(-68.38684255371,87.783378442383,
    176.46482111816));
#12335 = VECTOR('',#12336,1.);
#12336 = DIRECTION('',(-0.930288741253,0.343819303255,-0.127871594212));
#12337 = ORIENTED_EDGE('',*,*,#11515,.F.);
#12338 = ORIENTED_EDGE('',*,*,#12339,.F.);
#12339 = EDGE_CURVE('',#12325,#11506,#12340,.T.);
#12340 = LINE('',#12341,#12342);
#12341 = CARTESIAN_POINT('',(-66.93186361084,91.422172387695,
    175.66346003418));
#12342 = VECTOR('',#12343,1.);
#12343 = DIRECTION('',(-0.930288741253,0.343819303255,-0.127871594212));
#12344 = PLANE('',#12345);
#12345 = AXIS2_PLACEMENT_3D('',#12346,#12347,#12348);
#12346 = CARTESIAN_POINT('',(-68.02363378295,89.737407525635,
    176.01406885986));
#12347 = DIRECTION('',(-4.744379566629E-02,0.232887174765,0.97134579326)
  );
#12348 = DIRECTION('',(0.,-0.972440850065,0.233149722549));
#12349 = ADVANCED_FACE('',(#12350),#12367,.T.);
#12350 = FACE_BOUND('',#12351,.F.);
#12351 = EDGE_LOOP('',(#12352,#12360,#12366));
#12352 = ORIENTED_EDGE('',*,*,#12353,.T.);
#12353 = EDGE_CURVE('',#10584,#12354,#12356,.T.);
#12354 = VERTEX_POINT('',#12355);
#12355 = CARTESIAN_POINT('',(-69.45553762207,87.777007897949,
    174.49552180175));
#12356 = LINE('',#12357,#12358);
#12357 = CARTESIAN_POINT('',(-69.11540395507,88.052642663574,
    176.36467768554));
#12358 = VECTOR('',#12359,1.);
#12359 = DIRECTION('',(-0.17717676433,-0.143579070964,-0.973649549151));
#12360 = ORIENTED_EDGE('',*,*,#12361,.T.);
#12361 = EDGE_CURVE('',#12354,#11537,#12362,.T.);
#12362 = LINE('',#12363,#12364);
#12363 = CARTESIAN_POINT('',(-69.45553762207,87.777007897949,
    174.49552180175));
#12364 = VECTOR('',#12365,1.);
#12365 = DIRECTION('',(-0.624256412485,7.842868317643E-02,-0.77727271477
    ));
#12366 = ORIENTED_EDGE('',*,*,#11536,.F.);
#12367 = PLANE('',#12368);
#12368 = AXIS2_PLACEMENT_3D('',#12369,#12370,#12371);
#12369 = CARTESIAN_POINT('',(-69.36489126665,87.911948738373,
    175.27284166046));
#12370 = DIRECTION('',(-0.363736585093,-0.909703229522,0.200339039784));
#12371 = DIRECTION('',(-0.928527613574,0.371263344314,1.387778780781E-17
    ));
#12372 = ADVANCED_FACE('',(#12373),#12391,.T.);
#12373 = FACE_BOUND('',#12374,.F.);
#12374 = EDGE_LOOP('',(#12375,#12376,#12384,#12390));
#12375 = ORIENTED_EDGE('',*,*,#12361,.F.);
#12376 = ORIENTED_EDGE('',*,*,#12377,.T.);
#12377 = EDGE_CURVE('',#12354,#12378,#12380,.T.);
#12378 = VERTEX_POINT('',#12379);
#12379 = CARTESIAN_POINT('',(-68.00055867919,91.415801843262,
    173.69416071777));
#12380 = LINE('',#12381,#12382);
#12381 = CARTESIAN_POINT('',(-69.45553762207,87.777007897949,
    174.49552180175));
#12382 = VECTOR('',#12383,1.);
#12383 = DIRECTION('',(0.363745137116,0.909699490194,-0.200340492075));
#12384 = ORIENTED_EDGE('',*,*,#12385,.F.);
#12385 = EDGE_CURVE('',#10537,#12378,#12386,.T.);
#12386 = LINE('',#12387,#12388);
#12387 = CARTESIAN_POINT('',(-68.22870809326,91.444465478516,
    173.41008784179));
#12388 = VECTOR('',#12389,1.);
#12389 = DIRECTION('',(0.624256412485,-7.842868317643E-02,0.77727271477)
  );
#12390 = ORIENTED_EDGE('',*,*,#11561,.F.);
#12391 = PLANE('',#12392);
#12392 = AXIS2_PLACEMENT_3D('',#12393,#12394,#12395);
#12393 = CARTESIAN_POINT('',(-68.84212285766,89.610736688232,
    173.95280482177));
#12394 = DIRECTION('',(0.691372151395,-0.407793007073,-0.59641379231));
#12395 = DIRECTION('',(0.653192983044,0.,0.757191473078));
#12396 = ADVANCED_FACE('',(#12397),#12407,.T.);
#12397 = FACE_BOUND('',#12398,.F.);
#12398 = EDGE_LOOP('',(#12399,#12405,#12406));
#12399 = ORIENTED_EDGE('',*,*,#12400,.T.);
#12400 = EDGE_CURVE('',#10633,#12266,#12401,.T.);
#12401 = LINE('',#12402,#12403);
#12402 = CARTESIAN_POINT('',(-69.78790456543,92.084411462402,
    173.4849932373));
#12403 = VECTOR('',#12404,1.);
#12404 = DIRECTION('',(0.52867833303,-2.453530462278E-02,0.84846758277)
  );
#12405 = ORIENTED_EDGE('',*,*,#12275,.F.);
#12406 = ORIENTED_EDGE('',*,*,#11585,.F.);
#12407 = PLANE('',#12408);
#12408 = AXIS2_PLACEMENT_3D('',#12409,#12410,#12411);
#12409 = CARTESIAN_POINT('',(-69.39709399774,92.075999797282,
    174.15636490735));
#12410 = DIRECTION('',(0.363710253638,0.909717820332,-0.200320589977));
#12411 = DIRECTION('',(0.928538930891,-0.371235038514,0.));
#12412 = ADVANCED_FACE('',(#12413),#12428,.T.);
#12413 = FACE_BOUND('',#12414,.F.);
#12414 = EDGE_LOOP('',(#12415,#12421,#12422));
#12415 = ORIENTED_EDGE('',*,*,#12416,.T.);
#12416 = EDGE_CURVE('',#12378,#10633,#12417,.T.);
#12417 = LINE('',#12418,#12419);
#12418 = CARTESIAN_POINT('',(-68.00055867919,91.415801843262,
    173.69416071777));
#12419 = VECTOR('',#12420,1.);
#12420 = DIRECTION('',(-0.931036213597,0.348281646532,-0.108956246535));
#12421 = ORIENTED_EDGE('',*,*,#11599,.F.);
#12422 = ORIENTED_EDGE('',*,*,#12423,.T.);
#12423 = EDGE_CURVE('',#10664,#12378,#12424,.T.);
#12424 = LINE('',#12425,#12426);
#12425 = CARTESIAN_POINT('',(-68.1180208374,91.430557092285,
    173.5479052246));
#12426 = VECTOR('',#12427,1.);
#12427 = DIRECTION('',(0.62425367242,-7.841690065339E-02,0.777276104201)
  );
#12428 = PLANE('',#12429);
#12429 = AXIS2_PLACEMENT_3D('',#12430,#12431,#12432);
#12430 = CARTESIAN_POINT('',(-68.88097878211,91.737735268453,
    173.55746697214));
#12431 = DIRECTION('',(0.363745774059,0.909695189103,-0.200358864981));
#12432 = DIRECTION('',(0.92852324905,-0.371274259778,0.));
#12433 = ADVANCED_FACE('',(#12434),#12439,.T.);
#12434 = FACE_BOUND('',#12435,.F.);
#12435 = EDGE_LOOP('',(#12436,#12437,#12438));
#12436 = ORIENTED_EDGE('',*,*,#12385,.T.);
#12437 = ORIENTED_EDGE('',*,*,#12423,.F.);
#12438 = ORIENTED_EDGE('',*,*,#11616,.F.);
#12439 = PLANE('',#12440);
#12440 = AXIS2_PLACEMENT_3D('',#12441,#12442,#12443);
#12441 = CARTESIAN_POINT('',(-68.11463325733,91.430133106627,
    173.55212412034));
#12442 = DIRECTION('',(-0.750155919798,-0.33795428178,0.568377514878));
#12443 = DIRECTION('',(-0.603910056115,0.,-0.797052472628));
#12444 = ADVANCED_FACE('',(#12445),#12462,.F.);
#12445 = FACE_BOUND('',#12446,.T.);
#12446 = EDGE_LOOP('',(#12447,#12455,#12456));
#12447 = ORIENTED_EDGE('',*,*,#12448,.F.);
#12448 = EDGE_CURVE('',#4960,#12449,#12451,.T.);
#12449 = VERTEX_POINT('',#12450);
#12450 = CARTESIAN_POINT('',(-101.3334503173,85.728996276855,
    145.67610168457));
#12451 = LINE('',#12452,#12453);
#12452 = CARTESIAN_POINT('',(-100.3990783691,87.049346923828,140.5234375
    ));
#12453 = VECTOR('',#12454,1.);
#12454 = DIRECTION('',(-0.173013079531,-0.244482865654,0.9540936027));
#12455 = ORIENTED_EDGE('',*,*,#11696,.F.);
#12456 = ORIENTED_EDGE('',*,*,#12457,.T.);
#12457 = EDGE_CURVE('',#11697,#12449,#12458,.T.);
#12458 = LINE('',#12459,#12460);
#12459 = CARTESIAN_POINT('',(-101.4591217041,85.389114379883,
    145.62854003906));
#12460 = VECTOR('',#12461,1.);
#12461 = DIRECTION('',(0.343853646817,0.929962124336,0.130134994795));
#12462 = PLANE('',#12463);
#12463 = AXIS2_PLACEMENT_3D('',#12464,#12465,#12466);
#12464 = CARTESIAN_POINT('',(-100.9140971305,86.279428186187,
    143.17120374123));
#12465 = DIRECTION('',(0.931496806787,-0.355317432969,7.786668590576E-02
    ));
#12466 = DIRECTION('',(0.356399540275,0.93433364902,0.));
#12467 = ADVANCED_FACE('',(#12468),#12485,.F.);
#12468 = FACE_BOUND('',#12469,.T.);
#12469 = EDGE_LOOP('',(#12470,#12478,#12479));
#12470 = ORIENTED_EDGE('',*,*,#12471,.F.);
#12471 = EDGE_CURVE('',#4970,#12472,#12474,.T.);
#12472 = VERTEX_POINT('',#12473);
#12473 = CARTESIAN_POINT('',(-98.90054321289,85.472686767578,
    146.22424316406));
#12474 = LINE('',#12475,#12476);
#12475 = CARTESIAN_POINT('',(-98.16348266601,86.196594238281,
    140.71032714843));
#12476 = VECTOR('',#12477,1.);
#12477 = DIRECTION('',(-0.131386535157,-0.129041901311,0.982896620243));
#12478 = ORIENTED_EDGE('',*,*,#11719,.F.);
#12479 = ORIENTED_EDGE('',*,*,#12480,.F.);
#12480 = EDGE_CURVE('',#12472,#11720,#12481,.T.);
#12481 = LINE('',#12482,#12483);
#12482 = CARTESIAN_POINT('',(-98.90054321289,85.472686767578,
    146.22424316406));
#12483 = VECTOR('',#12484,1.);
#12484 = DIRECTION('',(0.159238713548,0.590819883433,0.790932928539));
#12485 = PLANE('',#12486);
#12486 = AXIS2_PLACEMENT_3D('',#12487,#12488,#12489);
#12487 = CARTESIAN_POINT('',(-98.52807721332,85.880277315548,
    143.62843692029));
#12488 = DIRECTION('',(-0.931501684608,0.35530402761,-7.786950325272E-02
    ));
#12489 = DIRECTION('',(-0.356386172752,-0.934338747923,
    3.469446951954E-18));
#12490 = ADVANCED_FACE('',(#12491),#12501,.F.);
#12491 = FACE_BOUND('',#12492,.T.);
#12492 = EDGE_LOOP('',(#12493,#12499,#12500));
#12493 = ORIENTED_EDGE('',*,*,#12494,.F.);
#12494 = EDGE_CURVE('',#12472,#10968,#12495,.T.);
#12495 = LINE('',#12496,#12497);
#12496 = CARTESIAN_POINT('',(-98.90054321289,85.472686767578,
    146.22424316406));
#12497 = VECTOR('',#12498,1.);
#12498 = DIRECTION('',(0.122488252491,0.507982165978,0.852614066885));
#12499 = ORIENTED_EDGE('',*,*,#12480,.T.);
#12500 = ORIENTED_EDGE('',*,*,#11728,.F.);
#12501 = PLANE('',#12502);
#12502 = AXIS2_PLACEMENT_3D('',#12503,#12504,#12505);
#12503 = CARTESIAN_POINT('',(-98.85885063211,85.639210504047,
    146.48532619801));
#12504 = DIRECTION('',(-0.931509266737,0.355287232836,-7.78554311932E-02
    ));
#12505 = DIRECTION('',(-0.356368933976,-0.934345323152,
    3.469446951954E-18));
#12506 = ADVANCED_FACE('',(#12507),#12517,.F.);
#12507 = FACE_BOUND('',#12508,.T.);
#12508 = EDGE_LOOP('',(#12509,#12515,#12516));
#12509 = ORIENTED_EDGE('',*,*,#12510,.T.);
#12510 = EDGE_CURVE('',#11838,#10968,#12511,.T.);
#12511 = LINE('',#12512,#12513);
#12512 = CARTESIAN_POINT('',(-101.0709228515,86.580261230469,
    146.419921875));
#12513 = VECTOR('',#12514,1.);
#12514 = DIRECTION('',(0.934043242323,-0.328624816099,0.139889069315));
#12515 = ORIENTED_EDGE('',*,*,#11743,.T.);
#12516 = ORIENTED_EDGE('',*,*,#11845,.F.);
#12517 = PLANE('',#12518);
#12518 = AXIS2_PLACEMENT_3D('',#12519,#12520,#12521);
#12519 = CARTESIAN_POINT('',(-100.0011757898,86.232167123263,
    146.64331903145));
#12520 = DIRECTION('',(0.357107570126,0.852585389271,-0.381539430938));
#12521 = DIRECTION('',(-2.775557561563E-17,-0.408472793183,
    -0.912770495376));
#12522 = ADVANCED_FACE('',(#12523),#12533,.F.);
#12523 = FACE_BOUND('',#12524,.T.);
#12524 = EDGE_LOOP('',(#12525,#12526,#12527));
#12525 = ORIENTED_EDGE('',*,*,#11759,.T.);
#12526 = ORIENTED_EDGE('',*,*,#11986,.T.);
#12527 = ORIENTED_EDGE('',*,*,#12528,.T.);
#12528 = EDGE_CURVE('',#11987,#11760,#12529,.T.);
#12529 = LINE('',#12530,#12531);
#12530 = CARTESIAN_POINT('',(-99.04459381103,85.527633666992,
    148.19812011718));
#12531 = VECTOR('',#12532,1.);
#12532 = DIRECTION('',(0.274684898354,0.546814588351,-0.79091213961));
#12533 = PLANE('',#12534);
#12534 = AXIS2_PLACEMENT_3D('',#12535,#12536,#12537);
#12535 = CARTESIAN_POINT('',(-98.59900943125,87.150743256275,
    150.2740440833));
#12536 = DIRECTION('',(-0.93150148201,0.355305950461,-7.786315290686E-02
    ));
#12537 = DIRECTION('',(-0.356387924158,-0.93433807988,
    -3.469446951954E-18));
#12538 = ADVANCED_FACE('',(#12539),#12556,.F.);
#12539 = FACE_BOUND('',#12540,.T.);
#12540 = EDGE_LOOP('',(#12541,#12549,#12555));
#12541 = ORIENTED_EDGE('',*,*,#12542,.T.);
#12542 = EDGE_CURVE('',#4960,#12543,#12545,.T.);
#12543 = VERTEX_POINT('',#12544);
#12544 = CARTESIAN_POINT('',(-101.1990814208,86.12532043457,
    145.87715148925));
#12545 = LINE('',#12546,#12547);
#12546 = CARTESIAN_POINT('',(-100.3990783691,87.049346923828,140.5234375
    ));
#12547 = VECTOR('',#12548,1.);
#12548 = DIRECTION('',(-0.145681423501,-0.168266226,0.974917124701));
#12549 = ORIENTED_EDGE('',*,*,#12550,.T.);
#12550 = EDGE_CURVE('',#12543,#11814,#12551,.T.);
#12551 = LINE('',#12552,#12553);
#12552 = CARTESIAN_POINT('',(-101.1990814208,86.12532043457,
    145.87715148925));
#12553 = VECTOR('',#12554,1.);
#12554 = DIRECTION('',(0.238428837286,0.758151097348,0.606925533439));
#12555 = ORIENTED_EDGE('',*,*,#11813,.F.);
#12556 = PLANE('',#12557);
#12557 = AXIS2_PLACEMENT_3D('',#12558,#12559,#12560);
#12558 = CARTESIAN_POINT('',(-100.7921068095,86.628316421641,
    143.30386198764));
#12559 = DIRECTION('',(0.93150753881,-0.355287757044,7.787371081128E-02)
  );
#12560 = DIRECTION('',(0.356369970107,0.934344927961,1.387778780781E-17)
  );
#12561 = ADVANCED_FACE('',(#12562),#12579,.F.);
#12562 = FACE_BOUND('',#12563,.T.);
#12563 = EDGE_LOOP('',(#12564,#12565,#12573));
#12564 = ORIENTED_EDGE('',*,*,#11821,.F.);
#12565 = ORIENTED_EDGE('',*,*,#12566,.F.);
#12566 = EDGE_CURVE('',#12567,#11814,#12569,.T.);
#12567 = VERTEX_POINT('',#12568);
#12568 = CARTESIAN_POINT('',(-101.1199798583,86.385414123535,
    146.11764526367));
#12569 = LINE('',#12570,#12571);
#12570 = CARTESIAN_POINT('',(-101.1199798583,86.385414123535,
    146.11764526367));
#12571 = VECTOR('',#12572,1.);
#12572 = DIRECTION('',(-0.159255773258,-0.590802092298,-0.790942783278)
  );
#12573 = ORIENTED_EDGE('',*,*,#12574,.F.);
#12574 = EDGE_CURVE('',#11053,#12567,#12575,.T.);
#12575 = LINE('',#12576,#12577);
#12576 = CARTESIAN_POINT('',(-101.0779418945,86.541366577148,
    146.32641601562));
#12577 = VECTOR('',#12578,1.);
#12578 = DIRECTION('',(-0.159260323539,-0.590824006072,-0.790925497879)
  );
#12579 = PLANE('',#12580);
#12580 = AXIS2_PLACEMENT_3D('',#12581,#12582,#12583);
#12581 = CARTESIAN_POINT('',(-101.1070443033,86.433402613472,
    146.18188508245));
#12582 = DIRECTION('',(0.974036036719,-0.224611470493,
    -2.834583737049E-02));
#12583 = DIRECTION('',(0.224701761049,0.974427585089,0.));
#12584 = ADVANCED_FACE('',(#12585),#12600,.F.);
#12585 = FACE_BOUND('',#12586,.T.);
#12586 = EDGE_LOOP('',(#12587,#12588,#12594));
#12587 = ORIENTED_EDGE('',*,*,#11837,.T.);
#12588 = ORIENTED_EDGE('',*,*,#12589,.T.);
#12589 = EDGE_CURVE('',#11053,#12543,#12590,.T.);
#12590 = LINE('',#12591,#12592);
#12591 = CARTESIAN_POINT('',(-101.0779418945,86.541366577148,
    146.32641601562));
#12592 = VECTOR('',#12593,1.);
#12593 = DIRECTION('',(-0.194076099018,-0.666542249128,-0.719761000553)
  );
#12594 = ORIENTED_EDGE('',*,*,#12595,.F.);
#12595 = EDGE_CURVE('',#11838,#12543,#12596,.T.);
#12596 = LINE('',#12597,#12598);
#12597 = CARTESIAN_POINT('',(-101.0709228515,86.580261230469,
    146.419921875));
#12598 = VECTOR('',#12599,1.);
#12599 = DIRECTION('',(-0.178067508871,-0.632108914988,-0.754142083349)
  );
#12600 = PLANE('',#12601);
#12601 = AXIS2_PLACEMENT_3D('',#12602,#12603,#12604);
#12602 = CARTESIAN_POINT('',(-101.1322637079,86.359002751216,
    146.14412354159));
#12603 = DIRECTION('',(0.93149791188,-0.355313203164,7.78727668734E-02)
  );
#12604 = DIRECTION('',(0.356395467379,0.934335202607,0.));
#12605 = ADVANCED_FACE('',(#12606),#12616,.F.);
#12606 = FACE_BOUND('',#12607,.T.);
#12607 = EDGE_LOOP('',(#12608,#12614,#12615));
#12608 = ORIENTED_EDGE('',*,*,#12609,.T.);
#12609 = EDGE_CURVE('',#11987,#11077,#12610,.T.);
#12610 = LINE('',#12611,#12612);
#12611 = CARTESIAN_POINT('',(-99.04459381103,85.527633666992,
    148.19812011718));
#12612 = VECTOR('',#12613,1.);
#12613 = DIRECTION('',(-0.879530480288,0.433577294786,-0.196053216476));
#12614 = ORIENTED_EDGE('',*,*,#11860,.F.);
#12615 = ORIENTED_EDGE('',*,*,#12528,.F.);
#12616 = PLANE('',#12617);
#12617 = AXIS2_PLACEMENT_3D('',#12618,#12619,#12620);
#12618 = CARTESIAN_POINT('',(-100.0831787393,86.057242989543,
    147.94459932804));
#12619 = DIRECTION('',(0.238434496754,0.758125411229,0.606955395072));
#12620 = DIRECTION('',(0.,0.624980725626,-0.780640181259));
#12621 = ADVANCED_FACE('',(#12622),#12637,.F.);
#12622 = FACE_BOUND('',#12623,.T.);
#12623 = EDGE_LOOP('',(#12624,#12630,#12631));
#12624 = ORIENTED_EDGE('',*,*,#12625,.T.);
#12625 = EDGE_CURVE('',#11195,#11877,#12626,.T.);
#12626 = LINE('',#12627,#12628);
#12627 = CARTESIAN_POINT('',(-99.13092041015,85.336433410645,
    148.35832214355));
#12628 = VECTOR('',#12629,1.);
#12629 = DIRECTION('',(-0.890162870983,0.432370871936,-0.143754972871));
#12630 = ORIENTED_EDGE('',*,*,#11876,.F.);
#12631 = ORIENTED_EDGE('',*,*,#12632,.T.);
#12632 = EDGE_CURVE('',#11077,#11195,#12633,.T.);
#12633 = LINE('',#12634,#12635);
#12634 = CARTESIAN_POINT('',(-101.1798019409,86.580215454102,
    147.72216796875));
#12635 = VECTOR('',#12636,1.);
#12636 = DIRECTION('',(0.826215547167,-0.501557579666,0.256530434643));
#12637 = PLANE('',#12638);
#12638 = AXIS2_PLACEMENT_3D('',#12639,#12640,#12641);
#12639 = CARTESIAN_POINT('',(-100.2530724683,85.948726417972,
    148.09453249886));
#12640 = DIRECTION('',(0.264852219495,0.747724461373,0.608901824347));
#12641 = DIRECTION('',(0.,0.631451583222,-0.775415306817));
#12642 = ADVANCED_FACE('',(#12643),#12653,.F.);
#12643 = FACE_BOUND('',#12644,.T.);
#12644 = EDGE_LOOP('',(#12645,#12646,#12652));
#12645 = ORIENTED_EDGE('',*,*,#11884,.F.);
#12646 = ORIENTED_EDGE('',*,*,#12647,.T.);
#12647 = EDGE_CURVE('',#11877,#11172,#12648,.T.);
#12648 = LINE('',#12649,#12650);
#12649 = CARTESIAN_POINT('',(-101.2801895141,86.380378723145,
    148.01123046875));
#12650 = VECTOR('',#12651,1.);
#12651 = DIRECTION('',(-0.327037678836,-0.724342740984,0.606938176592));
#12652 = ORIENTED_EDGE('',*,*,#12009,.T.);
#12653 = PLANE('',#12654);
#12654 = AXIS2_PLACEMENT_3D('',#12655,#12656,#12657);
#12655 = CARTESIAN_POINT('',(-100.88289937,87.883070125168,
    150.11538544771));
#12656 = DIRECTION('',(0.931496794191,-0.355316166386,7.787261596373E-02
    ));
#12657 = DIRECTION('',(0.356398435413,0.934334070467,0.));
#12658 = ADVANCED_FACE('',(#12659),#12676,.F.);
#12659 = FACE_BOUND('',#12660,.T.);
#12660 = EDGE_LOOP('',(#12661,#12662,#12670));
#12661 = ORIENTED_EDGE('',*,*,#11899,.T.);
#12662 = ORIENTED_EDGE('',*,*,#12663,.T.);
#12663 = EDGE_CURVE('',#4970,#12664,#12666,.T.);
#12664 = VERTEX_POINT('',#12665);
#12665 = CARTESIAN_POINT('',(-98.98769378662,85.195602416992,
    146.00242614746));
#12666 = LINE('',#12667,#12668);
#12667 = CARTESIAN_POINT('',(-98.16348266601,86.196594238281,
    140.71032714843));
#12668 = VECTOR('',#12669,1.);
#12669 = DIRECTION('',(-0.151269292503,-0.18371424605,0.971270650717));
#12670 = ORIENTED_EDGE('',*,*,#12671,.F.);
#12671 = EDGE_CURVE('',#11900,#12664,#12672,.T.);
#12672 = LINE('',#12673,#12674);
#12673 = CARTESIAN_POINT('',(-99.09785461425,84.876243591309,
    145.862991333));
#12674 = VECTOR('',#12675,1.);
#12675 = DIRECTION('',(0.301423240587,0.873833051301,0.381523037951));
#12676 = PLANE('',#12677);
#12677 = AXIS2_PLACEMENT_3D('',#12678,#12679,#12680);
#12678 = CARTESIAN_POINT('',(-98.61733779555,85.597688476141,
    143.40676185967));
#12679 = DIRECTION('',(-0.931498541706,0.355312541025,
    -7.786825405385E-02));
#12680 = DIRECTION('',(-0.356394677217,-0.934335504009,0.));
#12681 = ADVANCED_FACE('',(#12682),#12693,.F.);
#12682 = FACE_BOUND('',#12683,.T.);
#12683 = EDGE_LOOP('',(#12684,#12690,#12691,#12692));
#12684 = ORIENTED_EDGE('',*,*,#12685,.T.);
#12685 = EDGE_CURVE('',#11900,#12449,#12686,.T.);
#12686 = LINE('',#12687,#12688);
#12687 = CARTESIAN_POINT('',(-99.09785461425,84.876243591309,
    145.862991333));
#12688 = VECTOR('',#12689,1.);
#12689 = DIRECTION('',(-0.931497964533,0.355313525485,
    -7.787066635903E-02));
#12690 = ORIENTED_EDGE('',*,*,#12457,.F.);
#12691 = ORIENTED_EDGE('',*,*,#11922,.T.);
#12692 = ORIENTED_EDGE('',*,*,#11907,.F.);
#12693 = PLANE('',#12694);
#12694 = AXIS2_PLACEMENT_3D('',#12695,#12696,#12697);
#12695 = CARTESIAN_POINT('',(-100.2784881591,85.132678985596,
    145.74576568603));
#12696 = DIRECTION('',(0.118655494101,9.444437015911E-02,-0.988433677423
    ));
#12697 = DIRECTION('',(-0.992871674158,0.,-0.11918824881));
#12698 = ADVANCED_FACE('',(#12699),#12704,.F.);
#12699 = FACE_BOUND('',#12700,.T.);
#12700 = EDGE_LOOP('',(#12701,#12702,#12703));
#12701 = ORIENTED_EDGE('',*,*,#12625,.F.);
#12702 = ORIENTED_EDGE('',*,*,#11970,.T.);
#12703 = ORIENTED_EDGE('',*,*,#12647,.F.);
#12704 = PLANE('',#12705);
#12705 = AXIS2_PLACEMENT_3D('',#12706,#12707,#12708);
#12706 = CARTESIAN_POINT('',(-100.3132609327,85.824527210883,
    148.23177020737));
#12707 = DIRECTION('',(0.159248928687,0.590828074967,0.790924752769));
#12708 = DIRECTION('',(-4.163336342344E-17,-0.801148642482,
    0.598465414748));
#12709 = ADVANCED_FACE('',(#12710),#12715,.F.);
#12710 = FACE_BOUND('',#12711,.T.);
#12711 = EDGE_LOOP('',(#12712,#12713,#12714));
#12712 = ORIENTED_EDGE('',*,*,#12632,.F.);
#12713 = ORIENTED_EDGE('',*,*,#12609,.F.);
#12714 = ORIENTED_EDGE('',*,*,#11995,.F.);
#12715 = PLANE('',#12716);
#12716 = AXIS2_PLACEMENT_3D('',#12717,#12718,#12719);
#12717 = CARTESIAN_POINT('',(-100.0806067151,85.976339827863,
    148.01478947537));
#12718 = DIRECTION('',(0.122435585679,0.604345355871,0.787258672989));
#12719 = DIRECTION('',(0.,-0.793226543135,0.608926638657));
#12720 = ADVANCED_FACE('',(#12721),#12736,.T.);
#12721 = FACE_BOUND('',#12722,.F.);
#12722 = EDGE_LOOP('',(#12723,#12729,#12735));
#12723 = ORIENTED_EDGE('',*,*,#12724,.T.);
#12724 = EDGE_CURVE('',#234,#10584,#12725,.T.);
#12725 = LINE('',#12726,#12727);
#12726 = CARTESIAN_POINT('',(-65.97708303222,86.00501998291,
    172.76493098144));
#12727 = VECTOR('',#12728,1.);
#12728 = DIRECTION('',(-0.603970219362,0.394065218316,0.692771663564));
#12729 = ORIENTED_EDGE('',*,*,#12730,.F.);
#12730 = EDGE_CURVE('',#12026,#10584,#12731,.T.);
#12731 = LINE('',#12732,#12733);
#12732 = CARTESIAN_POINT('',(-66.48249990234,86.832343896484,
    175.60395075683));
#12733 = VECTOR('',#12734,1.);
#12734 = DIRECTION('',(-0.877633792378,0.406765842334,0.253575385216));
#12735 = ORIENTED_EDGE('',*,*,#12025,.F.);
#12736 = PLANE('',#12737);
#12737 = AXIS2_PLACEMENT_3D('',#12738,#12739,#12740);
#12738 = CARTESIAN_POINT('',(-67.2612152415,86.976183261606,
    174.84324365115));
#12739 = DIRECTION('',(-0.36374296116,-0.909700038466,0.200341953225));
#12740 = DIRECTION('',(-0.928524921108,0.371270078085,0.));
#12741 = ADVANCED_FACE('',(#12742),#12747,.T.);
#12742 = FACE_BOUND('',#12743,.F.);
#12743 = EDGE_LOOP('',(#12744,#12745,#12746));
#12744 = ORIENTED_EDGE('',*,*,#12033,.T.);
#12745 = ORIENTED_EDGE('',*,*,#12169,.F.);
#12746 = ORIENTED_EDGE('',*,*,#12058,.F.);
#12747 = PLANE('',#12748);
#12748 = AXIS2_PLACEMENT_3D('',#12749,#12750,#12751);
#12749 = CARTESIAN_POINT('',(-66.15044452619,86.557252058746,
    174.95772524881));
#12750 = DIRECTION('',(-0.363770990606,-0.909692015164,0.200327491724));
#12751 = DIRECTION('',(-0.92851392926,0.371297566878,1.387778780781E-17)
  );
#12752 = ADVANCED_FACE('',(#12753),#12770,.T.);
#12753 = FACE_BOUND('',#12754,.F.);
#12754 = EDGE_LOOP('',(#12755,#12756,#12764));
#12755 = ORIENTED_EDGE('',*,*,#12073,.T.);
#12756 = ORIENTED_EDGE('',*,*,#12757,.F.);
#12757 = EDGE_CURVE('',#12758,#9151,#12760,.T.);
#12758 = VERTEX_POINT('',#12759);
#12759 = CARTESIAN_POINT('',(-66.16217214355,90.68071730957,
    173.69416071777));
#12760 = LINE('',#12761,#12762);
#12761 = CARTESIAN_POINT('',(-66.16217214355,90.68071730957,
    173.69416071777));
#12762 = VECTOR('',#12763,1.);
#12763 = DIRECTION('',(0.709160922123,-0.130987893645,0.692771938124));
#12764 = ORIENTED_EDGE('',*,*,#12765,.T.);
#12765 = EDGE_CURVE('',#12758,#12074,#12766,.T.);
#12766 = LINE('',#12767,#12768);
#12767 = CARTESIAN_POINT('',(-66.16217214355,90.68071730957,
    173.69416071777));
#12768 = VECTOR('',#12769,1.);
#12769 = DIRECTION('',(0.506246574261,-0.3735841282,-0.777270419613));
#12770 = PLANE('',#12771);
#12771 = AXIS2_PLACEMENT_3D('',#12772,#12773,#12774);
#12772 = CARTESIAN_POINT('',(-65.5996273916,90.548049786189,
    174.1131027004));
#12773 = DIRECTION('',(0.363733388758,0.90970584652,-0.200332959621));
#12774 = DIRECTION('',(0.928529106414,-0.371259610707,
    -1.387778780781E-17));
#12775 = ADVANCED_FACE('',(#12776),#12786,.T.);
#12776 = FACE_BOUND('',#12777,.F.);
#12777 = EDGE_LOOP('',(#12778,#12784,#12785));
#12778 = ORIENTED_EDGE('',*,*,#12779,.T.);
#12779 = EDGE_CURVE('',#12074,#12105,#12780,.T.);
#12780 = LINE('',#12781,#12782);
#12781 = CARTESIAN_POINT('',(-65.97715169677,90.544181665039,
    173.41008784179));
#12782 = VECTOR('',#12783,1.);
#12783 = DIRECTION('',(-0.336158492656,-0.934490522507,0.117153451333));
#12784 = ORIENTED_EDGE('',*,*,#12104,.T.);
#12785 = ORIENTED_EDGE('',*,*,#12081,.F.);
#12786 = PLANE('',#12787);
#12787 = AXIS2_PLACEMENT_3D('',#12788,#12789,#12790);
#12788 = CARTESIAN_POINT('',(-66.59555727798,88.719367245831,
    173.54896782179));
#12789 = DIRECTION('',(-0.886313190378,0.271826665281,-0.374912246537));
#12790 = DIRECTION('',(0.389581457615,-2.775557561563E-17,
    -0.920992012931));
#12791 = ADVANCED_FACE('',(#12792),#12797,.T.);
#12792 = FACE_BOUND('',#12793,.F.);
#12793 = EDGE_LOOP('',(#12794,#12795,#12796));
#12794 = ORIENTED_EDGE('',*,*,#12197,.F.);
#12795 = ORIENTED_EDGE('',*,*,#12126,.F.);
#12796 = ORIENTED_EDGE('',*,*,#12095,.F.);
#12797 = PLANE('',#12798);
#12798 = AXIS2_PLACEMENT_3D('',#12799,#12800,#12801);
#12799 = CARTESIAN_POINT('',(-66.63289754906,88.432616541497,
    173.04963000181));
#12800 = DIRECTION('',(-0.910871930985,0.392376722182,0.127878196862));
#12801 = DIRECTION('',(-0.395624849533,-0.918412205076,
    1.387778780781E-17));
#12802 = ADVANCED_FACE('',(#12803),#12813,.T.);
#12803 = FACE_BOUND('',#12804,.F.);
#12804 = EDGE_LOOP('',(#12805,#12806,#12807));
#12805 = ORIENTED_EDGE('',*,*,#12190,.T.);
#12806 = ORIENTED_EDGE('',*,*,#12112,.T.);
#12807 = ORIENTED_EDGE('',*,*,#12808,.F.);
#12808 = EDGE_CURVE('',#234,#12105,#12809,.T.);
#12809 = LINE('',#12810,#12811);
#12810 = CARTESIAN_POINT('',(-65.97708303222,86.00501998291,
    172.76493098144));
#12811 = VECTOR('',#12812,1.);
#12812 = DIRECTION('',(-0.703381389081,0.409239069306,0.581186721845));
#12813 = PLANE('',#12814);
#12814 = AXIS2_PLACEMENT_3D('',#12815,#12816,#12817);
#12815 = CARTESIAN_POINT('',(-66.70987410072,86.411986999539,
    173.28239992248));
#12816 = DIRECTION('',(-0.363749857731,-0.909699673864,0.200331086887));
#12817 = DIRECTION('',(-0.928522443118,0.371276275333,4.163336342344E-17
    ));
#12818 = ADVANCED_FACE('',(#12819),#12844,.T.);
#12819 = FACE_BOUND('',#12820,.F.);
#12820 = EDGE_LOOP('',(#12821,#12822,#12830,#12838));
#12821 = ORIENTED_EDGE('',*,*,#12175,.T.);
#12822 = ORIENTED_EDGE('',*,*,#12823,.T.);
#12823 = EDGE_CURVE('',#12026,#12824,#12826,.T.);
#12824 = VERTEX_POINT('',#12825);
#12825 = CARTESIAN_POINT('',(-67.02395040283,87.151710351562,
    176.07105280761));
#12826 = LINE('',#12827,#12828);
#12827 = CARTESIAN_POINT('',(-66.48249990234,86.832343896484,
    175.60395075683));
#12828 = VECTOR('',#12829,1.);
#12829 = DIRECTION('',(-0.6913617004,0.407789327435,0.596428422907));
#12830 = ORIENTED_EDGE('',*,*,#12831,.F.);
#12831 = EDGE_CURVE('',#12832,#12824,#12834,.T.);
#12832 = VERTEX_POINT('',#12833);
#12833 = CARTESIAN_POINT('',(-65.56897145996,90.790504296875,
    175.26969172363));
#12834 = LINE('',#12835,#12836);
#12835 = CARTESIAN_POINT('',(-65.56897145996,90.790504296875,
    175.26969172363));
#12836 = VECTOR('',#12837,1.);
#12837 = DIRECTION('',(-0.363745137116,-0.909699490194,0.200340492075));
#12838 = ORIENTED_EDGE('',*,*,#12839,.T.);
#12839 = EDGE_CURVE('',#12832,#9151,#12840,.T.);
#12840 = LINE('',#12841,#12842);
#12841 = CARTESIAN_POINT('',(-65.56897145996,90.790504296875,
    175.26969172363));
#12842 = VECTOR('',#12843,1.);
#12843 = DIRECTION('',(0.6913617004,-0.407789327435,-0.596428422907));
#12844 = PLANE('',#12845);
#12845 = AXIS2_PLACEMENT_3D('',#12846,#12847,#12848);
#12846 = CARTESIAN_POINT('',(-66.02573568115,88.81142409668,
    175.43682124023));
#12847 = DIRECTION('',(0.624267346779,-7.844019521049E-02,0.777262771218
    ));
#12848 = DIRECTION('',(0.779665058781,0.,-0.626196771085));
#12849 = ADVANCED_FACE('',(#12850),#12860,.T.);
#12850 = FACE_BOUND('',#12851,.F.);
#12851 = EDGE_LOOP('',(#12852,#12858,#12859));
#12852 = ORIENTED_EDGE('',*,*,#12853,.T.);
#12853 = EDGE_CURVE('',#10633,#11506,#12854,.T.);
#12854 = LINE('',#12855,#12856);
#12855 = CARTESIAN_POINT('',(-69.78790456543,92.084411462402,
    173.4849932373));
#12856 = VECTOR('',#12857,1.);
#12857 = DIRECTION('',(0.709158807379,-0.130991425054,0.692773435172));
#12858 = ORIENTED_EDGE('',*,*,#12306,.F.);
#12859 = ORIENTED_EDGE('',*,*,#12400,.F.);
#12860 = PLANE('',#12861);
#12861 = AXIS2_PLACEMENT_3D('',#12862,#12863,#12864);
#12862 = CARTESIAN_POINT('',(-68.78590332355,91.928206812467,
    174.59497040638));
#12863 = DIRECTION('',(0.363750812584,0.909695898557,-0.200346496086));
#12864 = DIRECTION('',(0.928521575948,-0.371278444026,4.163336342344E-17
    ));
#12865 = ADVANCED_FACE('',(#12866),#12891,.T.);
#12866 = FACE_BOUND('',#12867,.F.);
#12867 = EDGE_LOOP('',(#12868,#12878,#12884,#12885));
#12868 = ORIENTED_EDGE('',*,*,#12869,.T.);
#12869 = EDGE_CURVE('',#12870,#12872,#12874,.T.);
#12870 = VERTEX_POINT('',#12871);
#12871 = CARTESIAN_POINT('',(-66.21850759277,91.11488326416,
    175.56331660156));
#12872 = VERTEX_POINT('',#12873);
#12873 = CARTESIAN_POINT('',(-67.67348653564,87.476089318848,
    176.36467768554));
#12874 = LINE('',#12875,#12876);
#12875 = CARTESIAN_POINT('',(-66.21850759277,91.11488326416,
    175.56331660156));
#12876 = VECTOR('',#12877,1.);
#12877 = DIRECTION('',(-0.363745137116,-0.909699490194,0.200340492075));
#12878 = ORIENTED_EDGE('',*,*,#12879,.T.);
#12879 = EDGE_CURVE('',#12872,#12323,#12880,.T.);
#12880 = LINE('',#12881,#12882);
#12881 = CARTESIAN_POINT('',(-67.67348653564,87.476089318848,
    176.36467768554));
#12882 = VECTOR('',#12883,1.);
#12883 = DIRECTION('',(-0.910874353896,0.392373197633,0.127871752914));
#12884 = ORIENTED_EDGE('',*,*,#12322,.T.);
#12885 = ORIENTED_EDGE('',*,*,#12886,.T.);
#12886 = EDGE_CURVE('',#12325,#12870,#12887,.T.);
#12887 = LINE('',#12888,#12889);
#12888 = CARTESIAN_POINT('',(-66.93186361084,91.422172387695,
    175.66346003418));
#12889 = VECTOR('',#12890,1.);
#12890 = DIRECTION('',(0.910874353896,-0.392373197633,-0.127871752914));
#12891 = PLANE('',#12892);
#12892 = AXIS2_PLACEMENT_3D('',#12893,#12894,#12895);
#12893 = CARTESIAN_POINT('',(-67.30267507324,89.449130853271,
    176.01406885986));
#12894 = DIRECTION('',(0.194933107928,0.135972287981,0.971345777947));
#12895 = DIRECTION('',(0.980451583855,0.,-0.196760493279));
#12896 = ADVANCED_FACE('',(#12897),#12907,.T.);
#12897 = FACE_BOUND('',#12898,.F.);
#12898 = EDGE_LOOP('',(#12899,#12905,#12906));
#12899 = ORIENTED_EDGE('',*,*,#12900,.T.);
#12900 = EDGE_CURVE('',#12872,#10584,#12901,.T.);
#12901 = LINE('',#12902,#12903);
#12902 = CARTESIAN_POINT('',(-67.67348653564,87.476089318848,
    176.36467768554));
#12903 = VECTOR('',#12904,1.);
#12904 = DIRECTION('',(-0.928524118749,0.371272084732,0.));
#12905 = ORIENTED_EDGE('',*,*,#12332,.F.);
#12906 = ORIENTED_EDGE('',*,*,#12879,.F.);
#12907 = PLANE('',#12908);
#12908 = AXIS2_PLACEMENT_3D('',#12909,#12910,#12911);
#12909 = CARTESIAN_POINT('',(-68.39253652071,87.769139565225,
    176.38982108159));
#12910 = DIRECTION('',(-0.363746293492,-0.909702669559,0.200323955052));
#12911 = DIRECTION('',(-0.928524118749,0.371272084732,0.));
#12912 = ADVANCED_FACE('',(#12913),#12923,.T.);
#12913 = FACE_BOUND('',#12914,.F.);
#12914 = EDGE_LOOP('',(#12915,#12921,#12922));
#12915 = ORIENTED_EDGE('',*,*,#12916,.T.);
#12916 = EDGE_CURVE('',#11506,#12870,#12917,.T.);
#12917 = LINE('',#12918,#12919);
#12918 = CARTESIAN_POINT('',(-67.6604250122,91.691436608887,
    175.56331660156));
#12919 = VECTOR('',#12920,1.);
#12920 = DIRECTION('',(0.928524118749,-0.371272084732,0.));
#12921 = ORIENTED_EDGE('',*,*,#12886,.F.);
#12922 = ORIENTED_EDGE('',*,*,#12339,.T.);
#12923 = PLANE('',#12924);
#12924 = AXIS2_PLACEMENT_3D('',#12925,#12926,#12927);
#12925 = CARTESIAN_POINT('',(-66.93755757784,91.407933510538,
    175.58845999761));
#12926 = DIRECTION('',(0.363746293492,0.909702669559,-0.200323955052));
#12927 = DIRECTION('',(0.928524118749,-0.371272084732,0.));
#12928 = ADVANCED_FACE('',(#12929),#12946,.T.);
#12929 = FACE_BOUND('',#12930,.F.);
#12930 = EDGE_LOOP('',(#12931,#12939,#12945));
#12931 = ORIENTED_EDGE('',*,*,#12932,.T.);
#12932 = EDGE_CURVE('',#10584,#12933,#12935,.T.);
#12933 = VERTEX_POINT('',#12934);
#12934 = CARTESIAN_POINT('',(-69.16976339111,87.710746606445,
    174.7135088623));
#12935 = LINE('',#12936,#12937);
#12936 = CARTESIAN_POINT('',(-69.11540395507,88.052642663574,
    176.36467768554));
#12937 = VECTOR('',#12938,1.);
#12938 = DIRECTION('',(-3.222120300681E-02,-0.202656669522,
    -0.978719606616));
#12939 = ORIENTED_EDGE('',*,*,#12940,.T.);
#12940 = EDGE_CURVE('',#12933,#12354,#12941,.T.);
#12941 = LINE('',#12942,#12943);
#12942 = CARTESIAN_POINT('',(-69.16976339111,87.710746606445,
    174.7135088623));
#12943 = VECTOR('',#12944,1.);
#12944 = DIRECTION('',(-0.781914247451,0.181299229493,-0.596440021309));
#12945 = ORIENTED_EDGE('',*,*,#12353,.F.);
#12946 = PLANE('',#12947);
#12947 = AXIS2_PLACEMENT_3D('',#12948,#12949,#12950);
#12948 = CARTESIAN_POINT('',(-69.22728600973,87.885025899224,
    175.40043046328));
#12949 = DIRECTION('',(-0.363746606025,-0.909698959754,0.20034023367));
#12950 = DIRECTION('',(-0.928523486825,0.371273665124,
    -1.387778780781E-17));
#12951 = ADVANCED_FACE('',(#12952),#12969,.T.);
#12952 = FACE_BOUND('',#12953,.F.);
#12953 = EDGE_LOOP('',(#12954,#12962,#12968));
#12954 = ORIENTED_EDGE('',*,*,#12955,.T.);
#12955 = EDGE_CURVE('',#12354,#12956,#12958,.T.);
#12956 = VERTEX_POINT('',#12957);
#12957 = CARTESIAN_POINT('',(-67.71478444824,91.349540551758,
    173.91213251953));
#12958 = LINE('',#12959,#12960);
#12959 = CARTESIAN_POINT('',(-69.45553762207,87.777007897949,
    174.49552180175));
#12960 = VECTOR('',#12961,1.);
#12961 = DIRECTION('',(0.433383296887,0.889428784633,-0.145242400991));
#12962 = ORIENTED_EDGE('',*,*,#12963,.F.);
#12963 = EDGE_CURVE('',#12378,#12956,#12964,.T.);
#12964 = LINE('',#12965,#12966);
#12965 = CARTESIAN_POINT('',(-68.00055867919,91.415801843262,
    173.69416071777));
#12966 = VECTOR('',#12967,1.);
#12967 = DIRECTION('',(0.781933718218,-0.181303744099,0.5964131225));
#12968 = ORIENTED_EDGE('',*,*,#12377,.F.);
#12969 = PLANE('',#12970);
#12970 = AXIS2_PLACEMENT_3D('',#12971,#12972,#12973);
#12971 = CARTESIAN_POINT('',(-68.62162808305,89.658412325229,
    174.13434833329));
#12972 = DIRECTION('',(0.506234232188,-0.373595358908,-0.777273060104));
#12973 = DIRECTION('',(-0.837947336319,1.387778780781E-16,
    -0.545751098538));
#12974 = ADVANCED_FACE('',(#12975),#12985,.T.);
#12975 = FACE_BOUND('',#12976,.F.);
#12976 = EDGE_LOOP('',(#12977,#12983,#12984));
#12977 = ORIENTED_EDGE('',*,*,#12978,.T.);
#12978 = EDGE_CURVE('',#12956,#10633,#12979,.T.);
#12979 = LINE('',#12980,#12981);
#12980 = CARTESIAN_POINT('',(-67.71478444824,91.349540551758,
    173.91213251953));
#12981 = VECTOR('',#12982,1.);
#12982 = DIRECTION('',(-0.925250200451,0.327978804384,-0.190635700857));
#12983 = ORIENTED_EDGE('',*,*,#12416,.F.);
#12984 = ORIENTED_EDGE('',*,*,#12963,.T.);
#12985 = PLANE('',#12986);
#12986 = AXIS2_PLACEMENT_3D('',#12987,#12988,#12989);
#12987 = CARTESIAN_POINT('',(-68.73978728804,91.704033231395,
    173.66077916626));
#12988 = DIRECTION('',(0.363745619955,0.90969637717,-0.200353750471));
#12989 = DIRECTION('',(0.928523470433,-0.37127370612,-6.938893903907E-17
    ));
#12990 = ADVANCED_FACE('',(#12991),#13008,.F.);
#12991 = FACE_BOUND('',#12992,.T.);
#12992 = EDGE_LOOP('',(#12993,#12994,#13002));
#12993 = ORIENTED_EDGE('',*,*,#12448,.T.);
#12994 = ORIENTED_EDGE('',*,*,#12995,.T.);
#12995 = EDGE_CURVE('',#12449,#12996,#12998,.T.);
#12996 = VERTEX_POINT('',#12997);
#12997 = CARTESIAN_POINT('',(-101.2232894897,86.048355102539,
    145.81553649902));
#12998 = LINE('',#12999,#13000);
#12999 = CARTESIAN_POINT('',(-101.3334503173,85.728996276855,
    145.67610168457));
#13000 = VECTOR('',#13001,1.);
#13001 = DIRECTION('',(0.301423240587,0.873833051301,0.381523037951));
#13002 = ORIENTED_EDGE('',*,*,#13003,.F.);
#13003 = EDGE_CURVE('',#4960,#12996,#13004,.T.);
#13004 = LINE('',#13005,#13006);
#13005 = CARTESIAN_POINT('',(-100.3990783691,87.049346923828,140.5234375
    ));
#13006 = VECTOR('',#13007,1.);
#13007 = DIRECTION('',(-0.151269292503,-0.18371424605,0.971270650717));
#13008 = PLANE('',#13009);
#13009 = AXIS2_PLACEMENT_3D('',#13010,#13011,#13012);
#13010 = CARTESIAN_POINT('',(-100.8529334986,86.450441161688,
    143.21987221123));
#13011 = DIRECTION('',(0.931498541706,-0.355312541025,7.786825405385E-02
    ));
#13012 = DIRECTION('',(0.356394677217,0.934335504009,0.));
#13013 = ADVANCED_FACE('',(#13014),#13024,.F.);
#13014 = FACE_BOUND('',#13015,.T.);
#13015 = EDGE_LOOP('',(#13016,#13017,#13018));
#13016 = ORIENTED_EDGE('',*,*,#12663,.F.);
#13017 = ORIENTED_EDGE('',*,*,#12471,.T.);
#13018 = ORIENTED_EDGE('',*,*,#13019,.T.);
#13019 = EDGE_CURVE('',#12472,#12664,#13020,.T.);
#13020 = LINE('',#13021,#13022);
#13021 = CARTESIAN_POINT('',(-98.90054321289,85.472686767578,
    146.22424316406));
#13022 = VECTOR('',#13023,1.);
#13023 = DIRECTION('',(-0.238456789948,-0.758143543493,-0.606923987652)
  );
#13024 = PLANE('',#13025);
#13025 = AXIS2_PLACEMENT_3D('',#13026,#13027,#13028);
#13026 = CARTESIAN_POINT('',(-98.56598019459,85.752551247729,
    143.49904042391));
#13027 = DIRECTION('',(-0.931496959158,0.355316925621,-7.78671782429E-02
    ));
#13028 = DIRECTION('',(-0.356399045128,-0.934333837893,0.));
#13029 = ADVANCED_FACE('',(#13030),#13040,.F.);
#13030 = FACE_BOUND('',#13031,.T.);
#13031 = EDGE_LOOP('',(#13032,#13033,#13034));
#13032 = ORIENTED_EDGE('',*,*,#12494,.T.);
#13033 = ORIENTED_EDGE('',*,*,#12510,.F.);
#13034 = ORIENTED_EDGE('',*,*,#13035,.F.);
#13035 = EDGE_CURVE('',#12472,#11838,#13036,.T.);
#13036 = LINE('',#13037,#13038);
#13037 = CARTESIAN_POINT('',(-98.90054321289,85.472686767578,
    146.22424316406));
#13038 = VECTOR('',#13039,1.);
#13039 = DIRECTION('',(-0.887863970186,0.453089147344,8.004870395858E-02
    ));
#13040 = PLANE('',#13041);
#13041 = AXIS2_PLACEMENT_3D('',#13042,#13043,#13044);
#13042 = CARTESIAN_POINT('',(-99.84084071538,86.051070995983,
    146.45819401226));
#13043 = DIRECTION('',(0.352036314975,0.780985193854,-0.515880373652));
#13044 = DIRECTION('',(0.,-0.551162287683,-0.834398066055));
#13045 = ADVANCED_FACE('',(#13046),#13056,.F.);
#13046 = FACE_BOUND('',#13047,.T.);
#13047 = EDGE_LOOP('',(#13048,#13049,#13055));
#13048 = ORIENTED_EDGE('',*,*,#13003,.T.);
#13049 = ORIENTED_EDGE('',*,*,#13050,.T.);
#13050 = EDGE_CURVE('',#12996,#12543,#13051,.T.);
#13051 = LINE('',#13052,#13053);
#13052 = CARTESIAN_POINT('',(-101.2232894897,86.048355102539,
    145.81553649902));
#13053 = VECTOR('',#13054,1.);
#13054 = DIRECTION('',(0.238458589499,0.758137488453,0.606930844245));
#13055 = ORIENTED_EDGE('',*,*,#12542,.F.);
#13056 = PLANE('',#13057);
#13057 = AXIS2_PLACEMENT_3D('',#13058,#13059,#13060);
#13058 = CARTESIAN_POINT('',(-100.8088417866,86.563742206934,
    143.2094204665));
#13059 = DIRECTION('',(0.931495373972,-0.355321317454,7.786610065213E-02
    ));
#13060 = DIRECTION('',(0.356403420249,0.934332169003,-3.469446951954E-18
    ));
#13061 = ADVANCED_FACE('',(#13062),#13072,.F.);
#13062 = FACE_BOUND('',#13063,.T.);
#13063 = EDGE_LOOP('',(#13064,#13065,#13071));
#13064 = ORIENTED_EDGE('',*,*,#12550,.F.);
#13065 = ORIENTED_EDGE('',*,*,#13066,.T.);
#13066 = EDGE_CURVE('',#12543,#12567,#13067,.T.);
#13067 = LINE('',#13068,#13069);
#13068 = CARTESIAN_POINT('',(-101.1990814208,86.12532043457,
    145.87715148925));
#13069 = VECTOR('',#13070,1.);
#13070 = DIRECTION('',(0.21793210931,0.716582131412,0.662582556873));
#13071 = ORIENTED_EDGE('',*,*,#12566,.T.);
#13072 = PLANE('',#13073);
#13073 = AXIS2_PLACEMENT_3D('',#13074,#13075,#13076);
#13074 = CARTESIAN_POINT('',(-101.1580744592,86.258445224079,
    145.99401386289));
#13075 = DIRECTION('',(0.931546642913,-0.355209890625,7.776108075536E-02
    ));
#13076 = DIRECTION('',(0.356288724747,0.934375911835,-3.469446951954E-18
    ));
#13077 = ADVANCED_FACE('',(#13078),#13083,.F.);
#13078 = FACE_BOUND('',#13079,.T.);
#13079 = EDGE_LOOP('',(#13080,#13081,#13082));
#13080 = ORIENTED_EDGE('',*,*,#13066,.F.);
#13081 = ORIENTED_EDGE('',*,*,#12589,.F.);
#13082 = ORIENTED_EDGE('',*,*,#12574,.T.);
#13083 = PLANE('',#13084);
#13084 = AXIS2_PLACEMENT_3D('',#13085,#13086,#13087);
#13085 = CARTESIAN_POINT('',(-101.1362651774,86.338158650692,
    146.09686963776));
#13086 = DIRECTION('',(0.931539079607,-0.355225487392,7.778043630851E-02
    ));
#13087 = DIRECTION('',(0.356304908492,0.934369740619,0.));
#13088 = ADVANCED_FACE('',(#13089),#13104,.F.);
#13089 = FACE_BOUND('',#13090,.T.);
#13090 = EDGE_LOOP('',(#13091,#13097,#13098));
#13091 = ORIENTED_EDGE('',*,*,#13092,.F.);
#13092 = EDGE_CURVE('',#11838,#12664,#13093,.T.);
#13093 = LINE('',#13094,#13095);
#13094 = CARTESIAN_POINT('',(-101.0709228515,86.580261230469,
    146.419921875));
#13095 = VECTOR('',#13096,1.);
#13096 = DIRECTION('',(0.821454259639,-0.545995589068,-0.164625988346));
#13097 = ORIENTED_EDGE('',*,*,#12595,.T.);
#13098 = ORIENTED_EDGE('',*,*,#13099,.F.);
#13099 = EDGE_CURVE('',#12664,#12543,#13100,.T.);
#13100 = LINE('',#13101,#13102);
#13101 = CARTESIAN_POINT('',(-98.98769378662,85.195602416992,
    146.00242614746));
#13102 = VECTOR('',#13103,1.);
#13103 = DIRECTION('',(-0.920588419003,0.387036459214,-5.21511460717E-02
    ));
#13104 = PLANE('',#13105);
#13105 = AXIS2_PLACEMENT_3D('',#13106,#13107,#13108);
#13106 = CARTESIAN_POINT('',(-100.1971653391,85.850488679723,
    146.08798532645));
#13107 = DIRECTION('',(0.325124335428,0.685555602296,-0.651389040952));
#13108 = DIRECTION('',(0.,-0.688811277166,-0.724940704092));
#13109 = ADVANCED_FACE('',(#13110),#13121,.F.);
#13110 = FACE_BOUND('',#13111,.T.);
#13111 = EDGE_LOOP('',(#13112,#13118,#13119,#13120));
#13112 = ORIENTED_EDGE('',*,*,#13113,.T.);
#13113 = EDGE_CURVE('',#12664,#12996,#13114,.T.);
#13114 = LINE('',#13115,#13116);
#13115 = CARTESIAN_POINT('',(-98.98769378662,85.195602416992,
    146.00242614746));
#13116 = VECTOR('',#13117,1.);
#13117 = DIRECTION('',(-0.931497964533,0.355313525485,
    -7.787066635903E-02));
#13118 = ORIENTED_EDGE('',*,*,#12995,.F.);
#13119 = ORIENTED_EDGE('',*,*,#12685,.F.);
#13120 = ORIENTED_EDGE('',*,*,#12671,.T.);
#13121 = PLANE('',#13122);
#13122 = AXIS2_PLACEMENT_3D('',#13123,#13124,#13125);
#13123 = CARTESIAN_POINT('',(-100.160572052,85.462299346924,
    145.83926391601));
#13124 = DIRECTION('',(0.203606257659,0.331915904673,-0.921073462905));
#13125 = DIRECTION('',(2.775557561563E-17,0.940780121013,0.339017350451)
  );
#13126 = ADVANCED_FACE('',(#13127),#13144,.T.);
#13127 = FACE_BOUND('',#13128,.F.);
#13128 = EDGE_LOOP('',(#13129,#13137,#13143));
#13129 = ORIENTED_EDGE('',*,*,#13130,.T.);
#13130 = EDGE_CURVE('',#234,#13131,#13133,.T.);
#13131 = VERTEX_POINT('',#13132);
#13132 = CARTESIAN_POINT('',(-67.61715108642,87.041930993652,
    174.49552180175));
#13133 = LINE('',#13134,#13135);
#13134 = CARTESIAN_POINT('',(-65.97708303222,86.00501998291,
    172.76493098144));
#13135 = VECTOR('',#13136,1.);
#13136 = DIRECTION('',(-0.630797633135,0.398813335625,0.665614204595));
#13137 = ORIENTED_EDGE('',*,*,#13138,.F.);
#13138 = EDGE_CURVE('',#10584,#13131,#13139,.T.);
#13139 = LINE('',#13140,#13141);
#13140 = CARTESIAN_POINT('',(-69.11540395507,88.052642663574,
    176.36467768554));
#13141 = VECTOR('',#13142,1.);
#13142 = DIRECTION('',(0.576249251148,-0.388734008194,-0.71890379845));
#13143 = ORIENTED_EDGE('',*,*,#12724,.F.);
#13144 = PLANE('',#13145);
#13145 = AXIS2_PLACEMENT_3D('',#13146,#13147,#13148);
#13146 = CARTESIAN_POINT('',(-67.56397827584,87.032108316439,
    174.54747880878));
#13147 = DIRECTION('',(-0.3637772186,-0.909693709591,0.200308486984));
#13148 = DIRECTION('',(-0.928511976128,0.371302451091,
    -1.387778780781E-17));
#13149 = ADVANCED_FACE('',(#13150),#13160,.T.);
#13150 = FACE_BOUND('',#13151,.F.);
#13151 = EDGE_LOOP('',(#13152,#13153,#13154));
#13152 = ORIENTED_EDGE('',*,*,#12730,.T.);
#13153 = ORIENTED_EDGE('',*,*,#12900,.F.);
#13154 = ORIENTED_EDGE('',*,*,#13155,.F.);
#13155 = EDGE_CURVE('',#12026,#12872,#13156,.T.);
#13156 = LINE('',#13157,#13158);
#13157 = CARTESIAN_POINT('',(-66.48249990234,86.832343896484,
    175.60395075683));
#13158 = VECTOR('',#13159,1.);
#13159 = DIRECTION('',(-0.766933309152,0.414538495412,0.489868487592));
#13160 = PLANE('',#13161);
#13161 = AXIS2_PLACEMENT_3D('',#13162,#13163,#13164);
#13162 = CARTESIAN_POINT('',(-67.76704111061,87.451037494668,
    176.08105304091));
#13163 = DIRECTION('',(-0.363745514857,-0.909700722249,0.200334211659));
#13164 = DIRECTION('',(-0.928524118749,0.371272084732,
    -1.387778780781E-17));
#13165 = ADVANCED_FACE('',(#13166),#13183,.T.);
#13166 = FACE_BOUND('',#13167,.F.);
#13167 = EDGE_LOOP('',(#13168,#13169,#13177));
#13168 = ORIENTED_EDGE('',*,*,#12757,.T.);
#13169 = ORIENTED_EDGE('',*,*,#13170,.F.);
#13170 = EDGE_CURVE('',#13171,#9151,#13173,.T.);
#13171 = VERTEX_POINT('',#13172);
#13172 = CARTESIAN_POINT('',(-66.41485006103,90.829757531738,
    173.91213251953));
#13173 = LINE('',#13174,#13175);
#13174 = CARTESIAN_POINT('',(-66.41485006103,90.829757531738,
    173.91213251953));
#13175 = VECTOR('',#13176,1.);
#13176 = DIRECTION('',(0.822330653576,-0.212569579693,0.527812911909));
#13177 = ORIENTED_EDGE('',*,*,#13178,.T.);
#13178 = EDGE_CURVE('',#13171,#12758,#13179,.T.);
#13179 = LINE('',#13180,#13181);
#13180 = CARTESIAN_POINT('',(-66.41485006103,90.829757531738,
    173.91213251953));
#13181 = VECTOR('',#13182,1.);
#13182 = DIRECTION('',(0.691371520877,-0.407800436618,-0.596409443264));
#13183 = PLANE('',#13184);
#13184 = AXIS2_PLACEMENT_3D('',#13185,#13186,#13187);
#13185 = CARTESIAN_POINT('',(-65.72260951166,90.628289467613,
    174.25416503696));
#13186 = DIRECTION('',(0.363747440422,0.909696678492,-0.200349077179));
#13187 = DIRECTION('',(0.928522872258,-0.3712752021,1.387778780781E-17)
  );
#13188 = ADVANCED_FACE('',(#13189),#13206,.T.);
#13189 = FACE_BOUND('',#13190,.F.);
#13190 = EDGE_LOOP('',(#13191,#13199,#13205));
#13191 = ORIENTED_EDGE('',*,*,#13192,.T.);
#13192 = EDGE_CURVE('',#12758,#13193,#13195,.T.);
#13193 = VERTEX_POINT('',#13194);
#13194 = CARTESIAN_POINT('',(-67.43213826904,86.905387719727,
    174.21144892578));
#13195 = LINE('',#13196,#13197);
#13196 = CARTESIAN_POINT('',(-66.16217214355,90.68071730957,
    173.69416071777));
#13197 = VECTOR('',#13198,1.);
#13198 = DIRECTION('',(-0.316175085178,-0.939918892864,0.128785831327));
#13199 = ORIENTED_EDGE('',*,*,#13200,.T.);
#13200 = EDGE_CURVE('',#13193,#12074,#13201,.T.);
#13201 = LINE('',#13202,#13203);
#13202 = CARTESIAN_POINT('',(-67.43213826904,86.905387719727,
    174.21144892578));
#13203 = VECTOR('',#13204,1.);
#13204 = DIRECTION('',(0.363746792102,0.909698859053,-0.20034035308));
#13205 = ORIENTED_EDGE('',*,*,#12765,.F.);
#13206 = PLANE('',#13207);
#13207 = AXIS2_PLACEMENT_3D('',#13208,#13209,#13210);
#13208 = CARTESIAN_POINT('',(-66.72128887208,88.83980351405,
    173.86755388943));
#13209 = DIRECTION('',(-0.781925990137,0.181308004318,-0.596421959287));
#13210 = DIRECTION('',(0.606473430976,5.551115123126E-17,-0.795103752677
    ));
#13211 = ADVANCED_FACE('',(#13212),#13222,.T.);
#13212 = FACE_BOUND('',#13213,.F.);
#13213 = EDGE_LOOP('',(#13214,#13220,#13221));
#13214 = ORIENTED_EDGE('',*,*,#13215,.F.);
#13215 = EDGE_CURVE('',#12105,#13193,#13216,.T.);
#13216 = LINE('',#13217,#13218);
#13217 = CARTESIAN_POINT('',(-67.32738668212,86.790649255371,
    173.88065363769));
#13218 = VECTOR('',#13219,1.);
#13219 = DIRECTION('',(-0.286626926822,0.313953558083,0.905139861119));
#13220 = ORIENTED_EDGE('',*,*,#12779,.F.);
#13221 = ORIENTED_EDGE('',*,*,#13200,.F.);
#13222 = PLANE('',#13223);
#13223 = AXIS2_PLACEMENT_3D('',#13224,#13225,#13226);
#13224 = CARTESIAN_POINT('',(-66.70898215751,88.615466122088,
    173.74176925994));
#13225 = DIRECTION('',(-0.886302265646,0.271818781172,-0.374943787937));
#13226 = DIRECTION('',(0.389613331547,-4.163336342344E-17,
    -0.920978529544));
#13227 = ADVANCED_FACE('',(#13228),#13238,.T.);
#13228 = FACE_BOUND('',#13229,.F.);
#13229 = EDGE_LOOP('',(#13230,#13231,#13232));
#13230 = ORIENTED_EDGE('',*,*,#12808,.T.);
#13231 = ORIENTED_EDGE('',*,*,#13215,.T.);
#13232 = ORIENTED_EDGE('',*,*,#13233,.F.);
#13233 = EDGE_CURVE('',#234,#13193,#13234,.T.);
#13234 = LINE('',#13235,#13236);
#13235 = CARTESIAN_POINT('',(-65.97708303222,86.00501998291,
    172.76493098144));
#13236 = VECTOR('',#13237,1.);
#13237 = DIRECTION('',(-0.6494059902,0.401843302493,0.645595709507));
#13238 = PLANE('',#13239);
#13239 = AXIS2_PLACEMENT_3D('',#13240,#13241,#13242);
#13240 = CARTESIAN_POINT('',(-66.73691344853,86.462589467768,
    173.46308022178));
#13241 = DIRECTION('',(-0.363731783522,-0.90970175992,0.200354430086));
#13242 = DIRECTION('',(-0.928529096303,0.371259635993,0.));
#13243 = ADVANCED_FACE('',(#13244),#13254,.T.);
#13244 = FACE_BOUND('',#13245,.F.);
#13245 = EDGE_LOOP('',(#13246,#13247,#13253));
#13246 = ORIENTED_EDGE('',*,*,#13155,.T.);
#13247 = ORIENTED_EDGE('',*,*,#13248,.F.);
#13248 = EDGE_CURVE('',#12824,#12872,#13249,.T.);
#13249 = LINE('',#13250,#13251);
#13250 = CARTESIAN_POINT('',(-67.02395040283,87.151710351562,
    176.07105280761));
#13251 = VECTOR('',#13252,1.);
#13252 = DIRECTION('',(-0.829382043199,0.414194187308,0.374924794618));
#13253 = ORIENTED_EDGE('',*,*,#12823,.F.);
#13254 = PLANE('',#13255);
#13255 = AXIS2_PLACEMENT_3D('',#13256,#13257,#13258);
#13256 = CARTESIAN_POINT('',(-67.06442364986,87.153586909268,
    176.00609150949));
#13257 = DIRECTION('',(-0.363739398544,-0.909701006143,0.200344027537));
#13258 = DIRECTION('',(-0.928526310817,0.371266602485,1.387778780781E-17
    ));
#13259 = ADVANCED_FACE('',(#13260),#13271,.T.);
#13260 = FACE_BOUND('',#13261,.F.);
#13261 = EDGE_LOOP('',(#13262,#13263,#13264,#13265));
#13262 = ORIENTED_EDGE('',*,*,#12831,.T.);
#13263 = ORIENTED_EDGE('',*,*,#13248,.T.);
#13264 = ORIENTED_EDGE('',*,*,#12869,.F.);
#13265 = ORIENTED_EDGE('',*,*,#13266,.T.);
#13266 = EDGE_CURVE('',#12870,#12832,#13267,.T.);
#13267 = LINE('',#13268,#13269);
#13268 = CARTESIAN_POINT('',(-66.21850759277,91.11488326416,
    175.56331660156));
#13269 = VECTOR('',#13270,1.);
#13270 = DIRECTION('',(0.829382043199,-0.414194187308,-0.374924794618));
#13271 = PLANE('',#13272);
#13272 = AXIS2_PLACEMENT_3D('',#13273,#13274,#13275);
#13273 = CARTESIAN_POINT('',(-66.6212289978,89.133296807861,
    175.81718470459));
#13274 = DIRECTION('',(0.424048761828,2.978173582641E-02,0.905149543337)
  );
#13275 = DIRECTION('',(0.905551222563,-1.734723475977E-18,
    -0.424236942422));
#13276 = ADVANCED_FACE('',(#13277),#13287,.T.);
#13277 = FACE_BOUND('',#13278,.F.);
#13278 = EDGE_LOOP('',(#13279,#13285,#13286));
#13279 = ORIENTED_EDGE('',*,*,#13280,.T.);
#13280 = EDGE_CURVE('',#12870,#9151,#13281,.T.);
#13281 = LINE('',#13282,#13283);
#13282 = CARTESIAN_POINT('',(-66.21850759277,91.11488326416,
    175.56331660156));
#13283 = VECTOR('',#13284,1.);
#13284 = DIRECTION('',(0.766933309152,-0.414538495412,-0.489868487592));
#13285 = ORIENTED_EDGE('',*,*,#12839,.F.);
#13286 = ORIENTED_EDGE('',*,*,#13266,.F.);
#13287 = PLANE('',#13288);
#13288 = AXIS2_PLACEMENT_3D('',#13289,#13290,#13291);
#13289 = CARTESIAN_POINT('',(-65.60944470699,90.79238085458,
    175.2047304255));
#13290 = DIRECTION('',(0.363739398544,0.909701006143,-0.200344027537));
#13291 = DIRECTION('',(0.928526310817,-0.371266602485,0.));
#13292 = ADVANCED_FACE('',(#13293),#13308,.T.);
#13293 = FACE_BOUND('',#13294,.F.);
#13294 = EDGE_LOOP('',(#13295,#13301,#13307));
#13295 = ORIENTED_EDGE('',*,*,#13296,.T.);
#13296 = EDGE_CURVE('',#10633,#9151,#13297,.T.);
#13297 = LINE('',#13298,#13299);
#13298 = CARTESIAN_POINT('',(-69.78790456543,92.084411462402,
    173.4849932373));
#13299 = VECTOR('',#13300,1.);
#13300 = DIRECTION('',(0.916136859179,-0.310474858776,0.253571720274));
#13301 = ORIENTED_EDGE('',*,*,#13302,.F.);
#13302 = EDGE_CURVE('',#11506,#9151,#13303,.T.);
#13303 = LINE('',#13304,#13305);
#13304 = CARTESIAN_POINT('',(-67.6604250122,91.691436608887,
    175.56331660156));
#13305 = VECTOR('',#13306,1.);
#13306 = DIRECTION('',(0.877633792378,-0.406765842334,-0.253575385216));
#13307 = ORIENTED_EDGE('',*,*,#12853,.F.);
#13308 = PLANE('',#13309);
#13309 = AXIS2_PLACEMENT_3D('',#13310,#13311,#13312);
#13310 = CARTESIAN_POINT('',(-67.47542701086,91.388615186666,
    174.52415236807));
#13311 = DIRECTION('',(0.363744029214,0.909700324457,-0.200338715415));
#13312 = DIRECTION('',(0.928524585532,-0.37127091734,0.));
#13313 = ADVANCED_FACE('',(#13314),#13319,.T.);
#13314 = FACE_BOUND('',#13315,.F.);
#13315 = EDGE_LOOP('',(#13316,#13317,#13318));
#13316 = ORIENTED_EDGE('',*,*,#13302,.T.);
#13317 = ORIENTED_EDGE('',*,*,#13280,.F.);
#13318 = ORIENTED_EDGE('',*,*,#12916,.F.);
#13319 = PLANE('',#13320);
#13320 = AXIS2_PLACEMENT_3D('',#13321,#13322,#13323);
#13321 = CARTESIAN_POINT('',(-66.31206216774,91.089831439981,
    175.27969195692));
#13322 = DIRECTION('',(0.363745514857,0.909700722249,-0.200334211659));
#13323 = DIRECTION('',(0.928524118749,-0.371272084732,
    -1.387778780781E-17));
#13324 = ADVANCED_FACE('',(#13325),#13342,.T.);
#13325 = FACE_BOUND('',#13326,.F.);
#13326 = EDGE_LOOP('',(#13327,#13335,#13341));
#13327 = ORIENTED_EDGE('',*,*,#13328,.T.);
#13328 = EDGE_CURVE('',#10584,#13329,#13331,.T.);
#13329 = VERTEX_POINT('',#13330);
#13330 = CARTESIAN_POINT('',(-68.8458421875,87.611404260254,
    174.85053278808));
#13331 = LINE('',#13332,#13333);
#13332 = CARTESIAN_POINT('',(-69.11540395507,88.052642663574,
    176.36467768554));
#13333 = VECTOR('',#13334,1.);
#13334 = DIRECTION('',(0.168476445454,-0.275774559786,-0.946342474743));
#13335 = ORIENTED_EDGE('',*,*,#13336,.T.);
#13336 = EDGE_CURVE('',#13329,#12933,#13337,.T.);
#13337 = LINE('',#13338,#13339);
#13338 = CARTESIAN_POINT('',(-68.8458421875,87.611404260254,
    174.85053278808));
#13339 = VECTOR('',#13340,1.);
#13340 = DIRECTION('',(-0.886310477269,0.271819693443,-0.374923715094));
#13341 = ORIENTED_EDGE('',*,*,#12932,.F.);
#13342 = PLANE('',#13343);
#13343 = AXIS2_PLACEMENT_3D('',#13344,#13345,#13346);
#13344 = CARTESIAN_POINT('',(-69.05815061357,87.8378610823,
    175.49335262896));
#13345 = DIRECTION('',(-0.363740634952,-0.909701284567,0.200340518475));
#13346 = DIRECTION('',(-0.92852591494,0.37126759256,2.775557561563E-17)
  );
#13347 = ADVANCED_FACE('',(#13348),#13358,.T.);
#13348 = FACE_BOUND('',#13349,.F.);
#13349 = EDGE_LOOP('',(#13350,#13356,#13357));
#13350 = ORIENTED_EDGE('',*,*,#13351,.T.);
#13351 = EDGE_CURVE('',#12933,#12956,#13352,.T.);
#13352 = LINE('',#13353,#13354);
#13353 = CARTESIAN_POINT('',(-69.16976339111,87.710746606445,
    174.7135088623));
#13354 = VECTOR('',#13355,1.);
#13355 = DIRECTION('',(0.363744859125,0.909698794961,-0.200344153664));
#13356 = ORIENTED_EDGE('',*,*,#12955,.F.);
#13357 = ORIENTED_EDGE('',*,*,#12940,.F.);
#13358 = PLANE('',#13359);
#13359 = AXIS2_PLACEMENT_3D('',#13360,#13361,#13362);
#13360 = CARTESIAN_POINT('',(-68.54869477789,89.468134275011,
    174.27331033544));
#13361 = DIRECTION('',(0.506258527962,-0.373603939673,-0.777253111365));
#13362 = DIRECTION('',(-0.837928952329,0.,-0.545779324315));
#13363 = ADVANCED_FACE('',(#13364),#13381,.T.);
#13364 = FACE_BOUND('',#13365,.F.);
#13365 = EDGE_LOOP('',(#13366,#13374,#13375));
#13366 = ORIENTED_EDGE('',*,*,#13367,.T.);
#13367 = EDGE_CURVE('',#13368,#10633,#13370,.T.);
#13368 = VERTEX_POINT('',#13369);
#13369 = CARTESIAN_POINT('',(-67.39086324462,91.250190576172,
    174.04915644531));
#13370 = LINE('',#13371,#13372);
#13371 = CARTESIAN_POINT('',(-67.39086324462,91.250190576172,
    174.04915644531));
#13372 = VECTOR('',#13373,1.);
#13373 = DIRECTION('',(-0.921938171304,0.320853909209,-0.216985661363));
#13374 = ORIENTED_EDGE('',*,*,#12978,.F.);
#13375 = ORIENTED_EDGE('',*,*,#13376,.T.);
#13376 = EDGE_CURVE('',#12956,#13368,#13377,.T.);
#13377 = LINE('',#13378,#13379);
#13378 = CARTESIAN_POINT('',(-67.71478444824,91.349540551758,
    173.91213251953));
#13379 = VECTOR('',#13380,1.);
#13380 = DIRECTION('',(0.886305447867,-0.271839026359,0.374921587575));
#13381 = PLANE('',#13382);
#13382 = AXIS2_PLACEMENT_3D('',#13383,#13384,#13385);
#13383 = CARTESIAN_POINT('',(-68.58632102987,91.662885812616,
    173.75258136974));
#13384 = DIRECTION('',(0.363735596554,0.909720073817,-0.200264333055));
#13385 = DIRECTION('',(0.928530331137,-0.37125654763,-1.387778780781E-17
    ));
#13386 = ADVANCED_FACE('',(#13387),#13392,.F.);
#13387 = FACE_BOUND('',#13388,.T.);
#13388 = EDGE_LOOP('',(#13389,#13390,#13391));
#13389 = ORIENTED_EDGE('',*,*,#13092,.T.);
#13390 = ORIENTED_EDGE('',*,*,#13019,.F.);
#13391 = ORIENTED_EDGE('',*,*,#13035,.T.);
#13392 = PLANE('',#13393);
#13393 = AXIS2_PLACEMENT_3D('',#13394,#13395,#13396);
#13394 = CARTESIAN_POINT('',(-99.93519457047,85.913421731908,
    146.25519895488));
#13395 = DIRECTION('',(0.217875797252,0.567258094813,-0.79419669531));
#13396 = DIRECTION('',(5.551115123126E-17,0.81374571191,0.581221056353)
  );
#13397 = ADVANCED_FACE('',(#13398),#13403,.F.);
#13398 = FACE_BOUND('',#13399,.T.);
#13399 = EDGE_LOOP('',(#13400,#13401,#13402));
#13400 = ORIENTED_EDGE('',*,*,#13099,.T.);
#13401 = ORIENTED_EDGE('',*,*,#13050,.F.);
#13402 = ORIENTED_EDGE('',*,*,#13113,.F.);
#13403 = PLANE('',#13404);
#13404 = AXIS2_PLACEMENT_3D('',#13405,#13406,#13407);
#13405 = CARTESIAN_POINT('',(-100.1224530797,85.650453985617,
    145.92277615086));
#13406 = DIRECTION('',(0.274687409424,0.546785916787,-0.790931089481));
#13407 = DIRECTION('',(0.,0.822572508368,0.568660239929));
#13408 = ADVANCED_FACE('',(#13409),#13419,.T.);
#13409 = FACE_BOUND('',#13410,.F.);
#13410 = EDGE_LOOP('',(#13411,#13412,#13418));
#13411 = ORIENTED_EDGE('',*,*,#13233,.T.);
#13412 = ORIENTED_EDGE('',*,*,#13413,.T.);
#13413 = EDGE_CURVE('',#13193,#13131,#13414,.T.);
#13414 = LINE('',#13415,#13416);
#13415 = CARTESIAN_POINT('',(-67.43213826904,86.905387719727,
    174.21144892578));
#13416 = VECTOR('',#13417,1.);
#13417 = DIRECTION('',(-0.506227100684,0.373606037977,0.77727257183));
#13418 = ORIENTED_EDGE('',*,*,#13130,.F.);
#13419 = PLANE('',#13420);
#13420 = AXIS2_PLACEMENT_3D('',#13421,#13422,#13423);
#13421 = CARTESIAN_POINT('',(-66.80837760753,86.525696256157,
    173.61987043996));
#13422 = DIRECTION('',(-0.363700439514,-0.909706673577,0.200389017532));
#13423 = DIRECTION('',(-0.928540815908,0.371230323643,
    -4.163336342344E-17));
#13424 = ADVANCED_FACE('',(#13425),#13442,.T.);
#13425 = FACE_BOUND('',#13426,.F.);
#13426 = EDGE_LOOP('',(#13427,#13428,#13436));
#13427 = ORIENTED_EDGE('',*,*,#13138,.T.);
#13428 = ORIENTED_EDGE('',*,*,#13429,.T.);
#13429 = EDGE_CURVE('',#13131,#13430,#13432,.T.);
#13430 = VERTEX_POINT('',#13431);
#13431 = CARTESIAN_POINT('',(-67.8698290039,87.190963586426,
    174.7135088623));
#13432 = LINE('',#13433,#13434);
#13433 = CARTESIAN_POINT('',(-67.61715108642,87.041930993652,
    174.49552180175));
#13434 = VECTOR('',#13435,1.);
#13435 = DIRECTION('',(-0.691360190514,0.407772878454,0.596441419227));
#13436 = ORIENTED_EDGE('',*,*,#13437,.F.);
#13437 = EDGE_CURVE('',#10584,#13430,#13438,.T.);
#13438 = LINE('',#13439,#13440);
#13439 = CARTESIAN_POINT('',(-69.11540395507,88.052642663574,
    176.36467768554));
#13440 = VECTOR('',#13441,1.);
#13441 = DIRECTION('',(0.555910349412,-0.384574462105,-0.736930231781));
#13442 = PLANE('',#13443);
#13443 = AXIS2_PLACEMENT_3D('',#13444,#13445,#13446);
#13444 = CARTESIAN_POINT('',(-68.37693034376,87.549111331481,
    175.41905061695));
#13445 = DIRECTION('',(-0.363668904581,-0.909715320702,0.200406993692));
#13446 = DIRECTION('',(-0.928553127014,0.371199528976,
    -1.387778780781E-17));
#13447 = ADVANCED_FACE('',(#13448),#13465,.T.);
#13448 = FACE_BOUND('',#13449,.F.);
#13449 = EDGE_LOOP('',(#13450,#13451,#13459));
#13450 = ORIENTED_EDGE('',*,*,#13170,.T.);
#13451 = ORIENTED_EDGE('',*,*,#13452,.F.);
#13452 = EDGE_CURVE('',#13453,#9151,#13455,.T.);
#13453 = VERTEX_POINT('',#13454);
#13454 = CARTESIAN_POINT('',(-66.71796590576,90.981132348633,
    174.04915644531));
#13455 = LINE('',#13456,#13457);
#13456 = CARTESIAN_POINT('',(-66.71796590576,90.981132348633,
    174.04915644531));
#13457 = VECTOR('',#13458,1.);
#13458 = DIRECTION('',(0.880564279557,-0.265659610197,0.392468496924));
#13459 = ORIENTED_EDGE('',*,*,#13460,.T.);
#13460 = EDGE_CURVE('',#13453,#13171,#13461,.T.);
#13461 = LINE('',#13462,#13463);
#13462 = CARTESIAN_POINT('',(-66.71796590576,90.981132348633,
    174.04915644531));
#13463 = VECTOR('',#13464,1.);
#13464 = DIRECTION('',(0.829383952275,-0.414190963934,-0.374924132465));
#13465 = PLANE('',#13466);
#13466 = AXIS2_PLACEMENT_3D('',#13467,#13468,#13469);
#13467 = CARTESIAN_POINT('',(-65.87219602661,90.710487274128,
    174.35581170218));
#13468 = DIRECTION('',(0.363740051219,0.909702702735,-0.200335138643));
#13469 = DIRECTION('',(0.928526319859,-0.371266579871,
    -1.387778780781E-17));
#13470 = ADVANCED_FACE('',(#13471),#13486,.T.);
#13471 = FACE_BOUND('',#13472,.F.);
#13472 = EDGE_LOOP('',(#13473,#13479,#13485));
#13473 = ORIENTED_EDGE('',*,*,#13474,.T.);
#13474 = EDGE_CURVE('',#13171,#13131,#13475,.T.);
#13475 = LINE('',#13476,#13477);
#13476 = CARTESIAN_POINT('',(-66.41485006103,90.829757531738,
    173.91213251953));
#13477 = VECTOR('',#13478,1.);
#13478 = DIRECTION('',(-0.299329080418,-0.94303058093,0.145242641973));
#13479 = ORIENTED_EDGE('',*,*,#13480,.T.);
#13480 = EDGE_CURVE('',#13131,#12758,#13481,.T.);
#13481 = LINE('',#13482,#13483);
#13482 = CARTESIAN_POINT('',(-67.61715108642,87.041930993652,
    174.49552180175));
#13483 = VECTOR('',#13484,1.);
#13484 = DIRECTION('',(0.363745768257,0.909699161277,-0.200340839689));
#13485 = ORIENTED_EDGE('',*,*,#13178,.F.);
#13486 = PLANE('',#13487);
#13487 = AXIS2_PLACEMENT_3D('',#13488,#13489,#13490);
#13488 = CARTESIAN_POINT('',(-66.92399128135,88.979611289334,
    174.13434822167));
#13489 = DIRECTION('',(-0.624252252228,7.843146010784E-02,
    -0.777275775805));
#13490 = DIRECTION('',(-0.779677566062,2.081668171172E-17,0.626181198201
    ));
#13491 = ADVANCED_FACE('',(#13492),#13497,.T.);
#13492 = FACE_BOUND('',#13493,.F.);
#13493 = EDGE_LOOP('',(#13494,#13495,#13496));
#13494 = ORIENTED_EDGE('',*,*,#13413,.F.);
#13495 = ORIENTED_EDGE('',*,*,#13192,.F.);
#13496 = ORIENTED_EDGE('',*,*,#13480,.F.);
#13497 = PLANE('',#13498);
#13498 = AXIS2_PLACEMENT_3D('',#13499,#13500,#13501);
#13499 = CARTESIAN_POINT('',(-66.87301945583,88.746303582662,
    174.03805565022));
#13500 = DIRECTION('',(-0.781932754092,0.181311646373,-0.596411984258));
#13501 = DIRECTION('',(0.606463701924,-2.775557561563E-17,
    -0.795111173515));
#13502 = ADVANCED_FACE('',(#13503),#13513,.T.);
#13503 = FACE_BOUND('',#13504,.F.);
#13504 = EDGE_LOOP('',(#13505,#13511,#13512));
#13505 = ORIENTED_EDGE('',*,*,#13506,.T.);
#13506 = EDGE_CURVE('',#13368,#9151,#13507,.T.);
#13507 = LINE('',#13508,#13509);
#13508 = CARTESIAN_POINT('',(-67.39086324462,91.250190576172,
    174.04915644531));
#13509 = VECTOR('',#13510,1.);
#13510 = DIRECTION('',(0.908979714869,-0.299636297632,0.28978262042));
#13511 = ORIENTED_EDGE('',*,*,#13296,.F.);
#13512 = ORIENTED_EDGE('',*,*,#13367,.F.);
#13513 = PLANE('',#13514);
#13514 = AXIS2_PLACEMENT_3D('',#13515,#13516,#13517);
#13515 = CARTESIAN_POINT('',(-67.40349970796,91.270876380378,
    174.12012370141));
#13516 = DIRECTION('',(0.363752915513,0.909685776509,-0.200388633591));
#13517 = DIRECTION('',(0.928519411771,-0.37128385632,-2.775557561563E-17
    ));
#13518 = ADVANCED_FACE('',(#13519),#13536,.T.);
#13519 = FACE_BOUND('',#13520,.F.);
#13520 = EDGE_LOOP('',(#13521,#13529,#13535));
#13521 = ORIENTED_EDGE('',*,*,#13522,.T.);
#13522 = EDGE_CURVE('',#10584,#13523,#13525,.T.);
#13523 = VERTEX_POINT('',#13524);
#13524 = CARTESIAN_POINT('',(-68.5058458496,87.485748132324,
    174.89727045898));
#13525 = LINE('',#13526,#13527);
#13526 = CARTESIAN_POINT('',(-69.11540395507,88.052642663574,
    176.36467768554));
#13527 = VECTOR('',#13528,1.);
#13528 = DIRECTION('',(0.361311096782,-0.33602257604,-0.869794872216));
#13529 = ORIENTED_EDGE('',*,*,#13530,.T.);
#13530 = EDGE_CURVE('',#13523,#13329,#13531,.T.);
#13531 = LINE('',#13532,#13533);
#13532 = CARTESIAN_POINT('',(-68.5058458496,87.485748132324,
    174.89727045898));
#13533 = VECTOR('',#13534,1.);
#13534 = DIRECTION('',(-0.930288236455,0.343816696311,-0.12788227575));
#13535 = ORIENTED_EDGE('',*,*,#13328,.F.);
#13536 = PLANE('',#13537);
#13537 = AXIS2_PLACEMENT_3D('',#13538,#13539,#13540);
#13538 = CARTESIAN_POINT('',(-68.87160640026,87.774642033793,
    175.54498454681));
#13539 = DIRECTION('',(-0.36374697194,-0.909699136996,0.200338764481));
#13540 = DIRECTION('',(-0.928523383008,0.371273924761,
    -1.387778780781E-17));
#13541 = ADVANCED_FACE('',(#13542),#13552,.T.);
#13542 = FACE_BOUND('',#13543,.F.);
#13543 = EDGE_LOOP('',(#13544,#13550,#13551));
#13544 = ORIENTED_EDGE('',*,*,#13545,.T.);
#13545 = EDGE_CURVE('',#13329,#12956,#13546,.T.);
#13546 = LINE('',#13547,#13548);
#13547 = CARTESIAN_POINT('',(-68.8458421875,87.611404260254,
    174.85053278808));
#13548 = VECTOR('',#13549,1.);
#13549 = DIRECTION('',(0.281591675139,0.930658112038,-0.233627068187));
#13550 = ORIENTED_EDGE('',*,*,#13351,.F.);
#13551 = ORIENTED_EDGE('',*,*,#13336,.F.);
#13552 = PLANE('',#13553);
#13553 = AXIS2_PLACEMENT_3D('',#13554,#13555,#13556);
#13554 = CARTESIAN_POINT('',(-68.38932128325,89.424847746045,
    174.36610887752));
#13555 = DIRECTION('',(0.286610165393,-0.313943696383,-0.905148589236));
#13556 = DIRECTION('',(1.387778780781E-17,0.944784873458,-0.327691231017
    ));
#13557 = ADVANCED_FACE('',(#13558),#13568,.T.);
#13558 = FACE_BOUND('',#13559,.F.);
#13559 = EDGE_LOOP('',(#13560,#13561,#13562));
#13560 = ORIENTED_EDGE('',*,*,#13376,.F.);
#13561 = ORIENTED_EDGE('',*,*,#13545,.F.);
#13562 = ORIENTED_EDGE('',*,*,#13563,.T.);
#13563 = EDGE_CURVE('',#13329,#13368,#13564,.T.);
#13564 = LINE('',#13565,#13566);
#13565 = CARTESIAN_POINT('',(-68.8458421875,87.611404260254,
    174.85053278808));
#13566 = VECTOR('',#13567,1.);
#13567 = DIRECTION('',(0.363745490265,0.909698466041,-0.200344501284));
#13568 = PLANE('',#13569);
#13569 = AXIS2_PLACEMENT_3D('',#13570,#13571,#13572);
#13570 = CARTESIAN_POINT('',(-68.1713052433,89.536095602824,
    174.39655628307));
#13571 = DIRECTION('',(0.286604138972,-0.313942459659,-0.905150926392));
#13572 = DIRECTION('',(0.,0.944785535065,-0.327689323493));
#13573 = ADVANCED_FACE('',(#13574),#13584,.T.);
#13574 = FACE_BOUND('',#13575,.F.);
#13575 = EDGE_LOOP('',(#13576,#13577,#13578));
#13576 = ORIENTED_EDGE('',*,*,#13429,.F.);
#13577 = ORIENTED_EDGE('',*,*,#13474,.F.);
#13578 = ORIENTED_EDGE('',*,*,#13579,.F.);
#13579 = EDGE_CURVE('',#13430,#13171,#13580,.T.);
#13580 = LINE('',#13581,#13582);
#13581 = CARTESIAN_POINT('',(-67.8698290039,87.190963586426,
    174.7135088623));
#13582 = VECTOR('',#13583,1.);
#13583 = DIRECTION('',(0.363744859125,0.909698794961,-0.200344153664));
#13584 = PLANE('',#13585);
#13585 = AXIS2_PLACEMENT_3D('',#13586,#13587,#13588);
#13586 = CARTESIAN_POINT('',(-67.10801036114,88.892074121618,
    174.27331035684));
#13587 = DIRECTION('',(-0.624276952704,7.844252778614E-02,
    -0.777254820607));
#13588 = DIRECTION('',(-0.779657227134,-6.938893903907E-18,
    0.626206521986));
#13589 = ADVANCED_FACE('',(#13590),#13607,.T.);
#13590 = FACE_BOUND('',#13591,.F.);
#13591 = EDGE_LOOP('',(#13592,#13593,#13601));
#13592 = ORIENTED_EDGE('',*,*,#13437,.T.);
#13593 = ORIENTED_EDGE('',*,*,#13594,.T.);
#13594 = EDGE_CURVE('',#13430,#13595,#13597,.T.);
#13595 = VERTEX_POINT('',#13596);
#13596 = CARTESIAN_POINT('',(-68.17294484863,87.342346032715,
    174.85053278808));
#13597 = LINE('',#13598,#13599);
#13598 = CARTESIAN_POINT('',(-67.8698290039,87.190963586426,
    174.7135088623));
#13599 = VECTOR('',#13600,1.);
#13600 = DIRECTION('',(-0.829376780963,0.414208257938,0.374920890664));
#13601 = ORIENTED_EDGE('',*,*,#13602,.F.);
#13602 = EDGE_CURVE('',#10584,#13595,#13603,.T.);
#13603 = LINE('',#13604,#13605);
#13604 = CARTESIAN_POINT('',(-69.11540395507,88.052642663574,
    176.36467768554));
#13605 = VECTOR('',#13606,1.);
#13606 = DIRECTION('',(0.490931692176,-0.369997090113,-0.788725698152));
#13607 = PLANE('',#13608);
#13608 = AXIS2_PLACEMENT_3D('',#13609,#13610,#13611);
#13609 = CARTESIAN_POINT('',(-68.51885019084,87.62523004137,
    175.5070182454));
#13610 = DIRECTION('',(-0.363763922241,-0.909695407081,0.20032492409));
#13611 = DIRECTION('',(-0.928516893794,0.371290153302,0.));
#13612 = ADVANCED_FACE('',(#13613),#13630,.T.);
#13613 = FACE_BOUND('',#13614,.F.);
#13614 = EDGE_LOOP('',(#13615,#13616,#13624));
#13615 = ORIENTED_EDGE('',*,*,#13452,.T.);
#13616 = ORIENTED_EDGE('',*,*,#13617,.F.);
#13617 = EDGE_CURVE('',#13618,#9151,#13620,.T.);
#13618 = VERTEX_POINT('',#13619);
#13619 = CARTESIAN_POINT('',(-67.05086690673,91.124534448242,
    174.09589411621));
#13620 = LINE('',#13621,#13622);
#13621 = CARTESIAN_POINT('',(-67.05086690673,91.124534448242,
    174.09589411621));
#13622 = VECTOR('',#13623,1.);
#13623 = DIRECTION('',(0.903038797076,-0.291617202829,0.315405037992));
#13624 = ORIENTED_EDGE('',*,*,#13625,.T.);
#13625 = EDGE_CURVE('',#13618,#13453,#13626,.T.);
#13626 = LINE('',#13627,#13628);
#13627 = CARTESIAN_POINT('',(-67.05086690673,91.124534448242,
    174.09589411621));
#13628 = VECTOR('',#13629,1.);
#13629 = DIRECTION('',(0.910873270724,-0.392372324255,-0.127882148243));
#13630 = PLANE('',#13631);
#13631 = AXIS2_PLACEMENT_3D('',#13632,#13633,#13634);
#13632 = CARTESIAN_POINT('',(-66.0368446077,90.788014326923,
    174.40890821987));
#13633 = DIRECTION('',(0.363741101112,0.909701599769,-0.200338240833));
#13634 = DIRECTION('',(0.928525795261,-0.371267891872,
    -1.387778780781E-17));
#13635 = ADVANCED_FACE('',(#13636),#13646,.T.);
#13636 = FACE_BOUND('',#13637,.F.);
#13637 = EDGE_LOOP('',(#13638,#13644,#13645));
#13638 = ORIENTED_EDGE('',*,*,#13639,.T.);
#13639 = EDGE_CURVE('',#13453,#13430,#13640,.T.);
#13640 = LINE('',#13641,#13642);
#13641 = CARTESIAN_POINT('',(-66.71796590576,90.981132348633,
    174.04915644531));
#13642 = VECTOR('',#13643,1.);
#13643 = DIRECTION('',(-0.286771599102,-0.943612794399,0.165399347627));
#13644 = ORIENTED_EDGE('',*,*,#13579,.T.);
#13645 = ORIENTED_EDGE('',*,*,#13460,.F.);
#13646 = PLANE('',#13647);
#13647 = AXIS2_PLACEMENT_3D('',#13648,#13649,#13650);
#13648 = CARTESIAN_POINT('',(-67.18985370895,89.129257460386,
    174.33116785449));
#13649 = DIRECTION('',(-0.424048769647,-2.978550023584E-02,
    -0.905149415807));
#13650 = DIRECTION('',(-0.905551196595,0.,0.424236997851));
#13651 = ADVANCED_FACE('',(#13652),#13662,.T.);
#13652 = FACE_BOUND('',#13653,.F.);
#13653 = EDGE_LOOP('',(#13654,#13655,#13656));
#13654 = ORIENTED_EDGE('',*,*,#13617,.T.);
#13655 = ORIENTED_EDGE('',*,*,#13506,.F.);
#13656 = ORIENTED_EDGE('',*,*,#13657,.T.);
#13657 = EDGE_CURVE('',#13368,#13618,#13658,.T.);
#13658 = LINE('',#13659,#13660);
#13659 = CARTESIAN_POINT('',(-67.39086324462,91.250190576172,
    174.04915644531));
#13660 = VECTOR('',#13661,1.);
#13661 = DIRECTION('',(0.930288236455,-0.343816696311,0.12788227575));
#13662 = PLANE('',#13663);
#13663 = AXIS2_PLACEMENT_3D('',#13664,#13665,#13666);
#13664 = CARTESIAN_POINT('',(-66.20704902206,90.856558888195,
    174.41112500229));
#13665 = DIRECTION('',(0.363748392173,0.909692165809,-0.200367838382));
#13666 = DIRECTION('',(0.928521902431,-0.371277627533,5.551115123126E-17
    ));
#13667 = ADVANCED_FACE('',(#13668),#13678,.T.);
#13668 = FACE_BOUND('',#13669,.F.);
#13669 = EDGE_LOOP('',(#13670,#13671,#13677));
#13670 = ORIENTED_EDGE('',*,*,#13602,.T.);
#13671 = ORIENTED_EDGE('',*,*,#13672,.T.);
#13672 = EDGE_CURVE('',#13595,#13523,#13673,.T.);
#13673 = LINE('',#13674,#13675);
#13674 = CARTESIAN_POINT('',(-68.17294484863,87.342346032715,
    174.85053278808));
#13675 = VECTOR('',#13676,1.);
#13676 = DIRECTION('',(-0.910873270724,0.392372324255,0.127882148243));
#13677 = ORIENTED_EDGE('',*,*,#13522,.F.);
#13678 = PLANE('',#13679);
#13679 = AXIS2_PLACEMENT_3D('',#13680,#13681,#13682);
#13680 = CARTESIAN_POINT('',(-68.68682622565,87.701867683221,
    175.5500249806));
#13681 = DIRECTION('',(-0.363740291935,-0.909701035384,0.200342272735));
#13682 = DIRECTION('',(-0.928526000577,0.371267378383,
    -2.775557561563E-17));
#13683 = ADVANCED_FACE('',(#13684),#13695,.T.);
#13684 = FACE_BOUND('',#13685,.F.);
#13685 = EDGE_LOOP('',(#13686,#13687,#13688,#13689));
#13686 = ORIENTED_EDGE('',*,*,#13657,.F.);
#13687 = ORIENTED_EDGE('',*,*,#13563,.F.);
#13688 = ORIENTED_EDGE('',*,*,#13530,.F.);
#13689 = ORIENTED_EDGE('',*,*,#13690,.F.);
#13690 = EDGE_CURVE('',#13618,#13523,#13691,.T.);
#13691 = LINE('',#13692,#13693);
#13692 = CARTESIAN_POINT('',(-67.05086690673,91.124534448242,
    174.09589411621));
#13693 = VECTOR('',#13694,1.);
#13694 = DIRECTION('',(-0.363745490265,-0.909698466041,0.200344501284));
#13695 = PLANE('',#13696);
#13696 = AXIS2_PLACEMENT_3D('',#13697,#13698,#13699);
#13697 = CARTESIAN_POINT('',(-67.94835454711,89.367969354248,
    174.47321345214));
#13698 = DIRECTION('',(4.745252552802E-02,-0.232894733872,
    -0.971343554442));
#13699 = DIRECTION('',(-1.734723475977E-18,0.972439012432,
    -0.233157386974));
#13700 = ADVANCED_FACE('',(#13701),#13711,.T.);
#13701 = FACE_BOUND('',#13702,.F.);
#13702 = EDGE_LOOP('',(#13703,#13704,#13705));
#13703 = ORIENTED_EDGE('',*,*,#13594,.F.);
#13704 = ORIENTED_EDGE('',*,*,#13639,.F.);
#13705 = ORIENTED_EDGE('',*,*,#13706,.F.);
#13706 = EDGE_CURVE('',#13595,#13453,#13707,.T.);
#13707 = LINE('',#13708,#13709);
#13708 = CARTESIAN_POINT('',(-68.17294484863,87.342346032715,
    174.85053278808));
#13709 = VECTOR('',#13710,1.);
#13710 = DIRECTION('',(0.363745490265,0.909698466041,-0.200344501284));
#13711 = PLANE('',#13712);
#13712 = AXIS2_PLACEMENT_3D('',#13713,#13714,#13715);
#13713 = CARTESIAN_POINT('',(-67.39794139641,89.042839693316,
    174.43149757007));
#13714 = DIRECTION('',(-0.424049306006,-2.978529437486E-02,
    -0.905149171305));
#13715 = DIRECTION('',(-0.905550946427,1.734723475977E-18,0.424237531844
    ));
#13716 = ADVANCED_FACE('',(#13717),#13723,.T.);
#13717 = FACE_BOUND('',#13718,.F.);
#13718 = EDGE_LOOP('',(#13719,#13720,#13721,#13722));
#13719 = ORIENTED_EDGE('',*,*,#13690,.T.);
#13720 = ORIENTED_EDGE('',*,*,#13672,.F.);
#13721 = ORIENTED_EDGE('',*,*,#13706,.T.);
#13722 = ORIENTED_EDGE('',*,*,#13625,.F.);
#13723 = PLANE('',#13724);
#13724 = AXIS2_PLACEMENT_3D('',#13725,#13726,#13727);
#13725 = CARTESIAN_POINT('',(-67.61190587768,89.233440240478,
    174.47321345214));
#13726 = DIRECTION('',(-0.194943831715,-0.13597189645,-0.971343680605));
#13727 = DIRECTION('',(-0.980449413673,1.387778780781E-17,0.196771306923
    ));
#13728 = ADVANCED_FACE('',(#13729),#13757,.T.);
#13729 = FACE_BOUND('',#13730,.F.);
#13730 = EDGE_LOOP('',(#13731,#13732,#13733,#13734,#13735,#13736,#13737,
    #13738,#13739,#13740,#13741,#13742,#13743,#13744,#13745,#13746,
    #13747,#13748,#13749,#13755,#13756));
#13731 = ORIENTED_EDGE('',*,*,#2714,.F.);
#13732 = ORIENTED_EDGE('',*,*,#653,.F.);
#13733 = ORIENTED_EDGE('',*,*,#606,.F.);
#13734 = ORIENTED_EDGE('',*,*,#575,.F.);
#13735 = ORIENTED_EDGE('',*,*,#536,.F.);
#13736 = ORIENTED_EDGE('',*,*,#505,.F.);
#13737 = ORIENTED_EDGE('',*,*,#474,.F.);
#13738 = ORIENTED_EDGE('',*,*,#443,.F.);
#13739 = ORIENTED_EDGE('',*,*,#412,.F.);
#13740 = ORIENTED_EDGE('',*,*,#381,.F.);
#13741 = ORIENTED_EDGE('',*,*,#350,.F.);
#13742 = ORIENTED_EDGE('',*,*,#319,.F.);
#13743 = ORIENTED_EDGE('',*,*,#296,.F.);
#13744 = ORIENTED_EDGE('',*,*,#256,.F.);
#13745 = ORIENTED_EDGE('',*,*,#225,.F.);
#13746 = ORIENTED_EDGE('',*,*,#202,.F.);
#13747 = ORIENTED_EDGE('',*,*,#180,.F.);
#13748 = ORIENTED_EDGE('',*,*,#125,.F.);
#13749 = ORIENTED_EDGE('',*,*,#13750,.F.);
#13750 = EDGE_CURVE('',#62,#116,#13751,.T.);
#13751 = LINE('',#13752,#13753);
#13752 = CARTESIAN_POINT('',(-41.74591445922,66.836250305176,
    168.08772277832));
#13753 = VECTOR('',#13754,1.);
#13754 = DIRECTION('',(0.363745089128,0.909699191036,-0.200341937603));
#13755 = ORIENTED_EDGE('',*,*,#61,.F.);
#13756 = ORIENTED_EDGE('',*,*,#21,.F.);
#13757 = PLANE('',#13758);
#13758 = AXIS2_PLACEMENT_3D('',#13759,#13760,#13761);
#13759 = CARTESIAN_POINT('',(-70.41596794128,84.817245483398,
    172.20693206787));
#13760 = DIRECTION('',(0.218038701228,0.125949520612,0.967778819268));
#13761 = DIRECTION('',(0.975547443372,0.,-0.219788957254));
#13762 = ADVANCED_FACE('',(#13763),#13773,.T.);
#13763 = FACE_BOUND('',#13764,.F.);
#13764 = EDGE_LOOP('',(#13765,#13766,#13767));
#13765 = ORIENTED_EDGE('',*,*,#5939,.T.);
#13766 = ORIENTED_EDGE('',*,*,#2780,.T.);
#13767 = ORIENTED_EDGE('',*,*,#13768,.F.);
#13768 = EDGE_CURVE('',#116,#2781,#13769,.T.);
#13769 = LINE('',#13770,#13771);
#13770 = CARTESIAN_POINT('',(-37.0899772644,78.480400085449,
    165.52334594726));
#13771 = VECTOR('',#13772,1.);
#13772 = DIRECTION('',(9.885115336188E-02,-0.5609747967,-0.82190980463)
  );
#13773 = PLANE('',#13774);
#13774 = AXIS2_PLACEMENT_3D('',#13775,#13776,#13777);
#13775 = CARTESIAN_POINT('',(-33.05747606159,66.010251202868,
    141.88387970997));
#13776 = DIRECTION('',(0.904549948599,-0.293596243506,0.309177354101));
#13777 = DIRECTION('',(-0.323431119001,-4.163336342344E-17,
    0.946251716649));
#13778 = ADVANCED_FACE('',(#13779),#13785,.T.);
#13779 = FACE_BOUND('',#13780,.F.);
#13780 = EDGE_LOOP('',(#13781,#13782,#13783,#13784));
#13781 = ORIENTED_EDGE('',*,*,#13750,.T.);
#13782 = ORIENTED_EDGE('',*,*,#13768,.T.);
#13783 = ORIENTED_EDGE('',*,*,#7859,.F.);
#13784 = ORIENTED_EDGE('',*,*,#7926,.F.);
#13785 = PLANE('',#13786);
#13786 = AXIS2_PLACEMENT_3D('',#13787,#13788,#13789);
#13787 = CARTESIAN_POINT('',(-36.17797404395,62.890764569481,
    148.05113677059));
#13788 = DIRECTION('',(0.904549884791,-0.293596362586,0.309177427702));
#13789 = DIRECTION('',(-0.323431208369,5.551115123126E-17,0.946251686103
    ));
#13790 = ADVANCED_FACE('',(#13791),#13810,.T.);
#13791 = FACE_BOUND('',#13792,.F.);
#13792 = EDGE_LOOP('',(#13793,#13799,#13800,#13801,#13807,#13808,#13809)
  );
#13793 = ORIENTED_EDGE('',*,*,#13794,.T.);
#13794 = EDGE_CURVE('',#4225,#4136,#13795,.T.);
#13795 = LINE('',#13796,#13797);
#13796 = CARTESIAN_POINT('',(-38.74516296386,78.711952209473,
    164.42483520507));
#13797 = VECTOR('',#13798,1.);
#13798 = DIRECTION('',(0.10975742658,-0.574340411202,-0.811225245768));
#13799 = ORIENTED_EDGE('',*,*,#6063,.T.);
#13800 = ORIENTED_EDGE('',*,*,#4121,.F.);
#13801 = ORIENTED_EDGE('',*,*,#13802,.T.);
#13802 = EDGE_CURVE('',#4114,#6187,#13803,.T.);
#13803 = LINE('',#13804,#13805);
#13804 = CARTESIAN_POINT('',(-38.74516296386,78.711952209473,
    164.42483520507));
#13805 = VECTOR('',#13806,1.);
#13806 = DIRECTION('',(0.10975742658,-0.574340411202,-0.811225245768));
#13807 = ORIENTED_EDGE('',*,*,#6186,.F.);
#13808 = ORIENTED_EDGE('',*,*,#6095,.F.);
#13809 = ORIENTED_EDGE('',*,*,#4232,.F.);
#13810 = PLANE('',#13811);
#13811 = AXIS2_PLACEMENT_3D('',#13812,#13813,#13814);
#13812 = CARTESIAN_POINT('',(-34.52629768145,66.516741849583,
    141.98267943582));
#13813 = DIRECTION('',(-0.900389568654,0.288249948625,-0.325899665199));
#13814 = DIRECTION('',(0.340345563494,4.163336342344E-17,-0.940300429336
    ));
#13815 = ADVANCED_FACE('',(#13816),#13823,.T.);
#13816 = FACE_BOUND('',#13817,.F.);
#13817 = EDGE_LOOP('',(#13818,#13819,#13820,#13821,#13822));
#13818 = ORIENTED_EDGE('',*,*,#4224,.F.);
#13819 = ORIENTED_EDGE('',*,*,#4216,.T.);
#13820 = ORIENTED_EDGE('',*,*,#4208,.T.);
#13821 = ORIENTED_EDGE('',*,*,#6110,.F.);
#13822 = ORIENTED_EDGE('',*,*,#13794,.F.);
#13823 = PLANE('',#13824);
#13824 = AXIS2_PLACEMENT_3D('',#13825,#13826,#13827);
#13825 = CARTESIAN_POINT('',(-33.55783257242,51.42429044235,
    125.95813342666));
#13826 = DIRECTION('',(-0.900389624158,0.288249951843,-0.325899509007));
#13827 = DIRECTION('',(0.340345400722,1.387778780781E-17,-0.940300488252
    ));
#13828 = ADVANCED_FACE('',(#13829),#13843,.T.);
#13829 = FACE_BOUND('',#13830,.F.);
#13830 = EDGE_LOOP('',(#13831,#13837,#13838,#13839,#13840,#13841,#13842)
  );
#13831 = ORIENTED_EDGE('',*,*,#13832,.T.);
#13832 = EDGE_CURVE('',#4114,#9554,#13833,.T.);
#13833 = LINE('',#13834,#13835);
#13834 = CARTESIAN_POINT('',(-38.74516296386,78.711952209473,
    164.42483520507));
#13835 = VECTOR('',#13836,1.);
#13836 = DIRECTION('',(-0.363745089128,-0.909699191036,0.200341937603));
#13837 = ORIENTED_EDGE('',*,*,#9562,.F.);
#13838 = ORIENTED_EDGE('',*,*,#7961,.F.);
#13839 = ORIENTED_EDGE('',*,*,#6210,.T.);
#13840 = ORIENTED_EDGE('',*,*,#6202,.T.);
#13841 = ORIENTED_EDGE('',*,*,#6194,.F.);
#13842 = ORIENTED_EDGE('',*,*,#13802,.F.);
#13843 = PLANE('',#13844);
#13844 = AXIS2_PLACEMENT_3D('',#13845,#13846,#13847);
#13845 = CARTESIAN_POINT('',(-37.77402198348,63.611745984038,
    148.38603543222));
#13846 = DIRECTION('',(-0.900389493792,0.288250084832,-0.325899751554));
#13847 = DIRECTION('',(0.340345668249,1.387778780781E-17,-0.94030039142)
  );
#13848 = ADVANCED_FACE('',(#13849),#13856,.T.);
#13849 = FACE_BOUND('',#13850,.F.);
#13850 = EDGE_LOOP('',(#13851,#13852,#13853,#13854,#13855));
#13851 = ORIENTED_EDGE('',*,*,#13832,.F.);
#13852 = ORIENTED_EDGE('',*,*,#7321,.F.);
#13853 = ORIENTED_EDGE('',*,*,#7728,.T.);
#13854 = ORIENTED_EDGE('',*,*,#9017,.T.);
#13855 = ORIENTED_EDGE('',*,*,#10312,.T.);
#13856 = PLANE('',#13857);
#13857 = AXIS2_PLACEMENT_3D('',#13858,#13859,#13860);
#13858 = CARTESIAN_POINT('',(-70.47723770141,84.523551940918,
    171.16262054443));
#13859 = DIRECTION('',(-0.227455030968,-0.121823106519,-0.966138364628)
  );
#13860 = DIRECTION('',(-0.973388328591,0.,0.22916186804));
#13861 = ( GEOMETRIC_REPRESENTATION_CONTEXT(3) 
GLOBAL_UNCERTAINTY_ASSIGNED_CONTEXT((#13865)) 
GLOBAL_UNIT_ASSIGNED_CONTEXT((#13862,#13863,#13864)) 
REPRESENTATION_CONTEXT('Context #1',
  '3D Context with UNIT and UNCERTAINTY') );
#13862 = ( LENGTH_UNIT() NAMED_UNIT(*) SI_UNIT(.MILLI.,.METRE.) );
#13863 = ( NAMED_UNIT(*) PLANE_ANGLE_UNIT() SI_UNIT($,.RADIAN.) );
#13864 = ( NAMED_UNIT(*) SI_UNIT($,.STERADIAN.) SOLID_ANGLE_UNIT() );
#13865 = UNCERTAINTY_MEASURE_WITH_UNIT(LENGTH_MEASURE(1.E-05),#13862,
  'distance_accuracy_value','confusion accuracy');
#13866 = PRODUCT_RELATED_PRODUCT_CATEGORY('part',$,(#7));
ENDSEC;
END-ISO-10303-21;
