# Blender 5.2.0 LTS
# www.blender.org
o PROPOSED__RIGHT_LOWER_FACE__V10_NECK_REMOVAL_WITH_V2_CLEARANCE_RESTORED_V11
v -1.351500 20.353500 24.058500
v -1.127317 21.572918 25.363400
v 0.000000 39.511951 1.712933
v 0.000000 40.064999 0.000000
v 0.175000 64.890411 23.798746
v 0.925000 65.467361 24.615522
v 4.675000 64.890411 23.798746
v 3.925000 65.467361 24.615522
v -0.326696 1.711704 48.013561
v 0.189000 0.000000 47.803501
v 0.337538 3.096850 54.022083
v 0.704487 1.799373 54.432850
v 2.555344 1.790928 54.443375
v 0.337538 15.095939 53.874241
v 1.084148 15.705789 54.669968
v 3.904406 0.457093 54.869778
v 4.084121 0.457103 54.870537
v 4.082444 0.461987 55.266975
v 4.132378 0.626206 54.817410
v 4.293904 3.097057 54.038818
v 4.837498 3.468952 54.036537
v 4.832425 3.111860 55.240257
v 4.836477 3.397080 54.278809
v 4.084121 15.705945 54.682655
v 4.837498 15.096173 53.893276
v 0.645086 1.976938 66.741798
v 0.312747 10.381330 59.793678
v 0.314277 10.932849 59.425171
v 0.314791 11.583411 59.295765
v 0.314209 12.233974 59.425171
v 0.310434 10.012815 60.345196
v 0.307689 9.883410 60.995750
v 0.304931 10.012815 61.646305
v 0.302579 10.381329 62.197823
v 0.312622 12.785493 59.793678
v 0.310270 13.154006 60.345196
v 0.307512 13.283411 60.995750
v 0.304767 13.154006 61.646305
v 0.302454 12.785492 62.197823
v 0.300992 10.932849 62.566334
v 0.300410 11.583410 62.695736
v 0.300924 12.233973 62.566334
v 4.446968 1.842926 58.663574
v 4.062972 15.767547 59.682228
v 4.812707 10.381565 59.812714
v 4.814237 10.933084 59.444202
v 4.814750 11.583647 59.314800
v 4.814169 12.234208 59.444202
v 4.810393 10.013051 60.364231
v 4.807649 9.883646 61.014786
v 4.804891 10.013051 61.665340
v 4.802538 10.381564 62.216858
v 4.812582 12.785728 59.812714
v 4.810230 13.154242 60.364231
v 4.807472 13.283647 61.014786
v 4.804727 13.154242 61.665340
v 4.802413 12.785728 62.216858
v 4.800951 10.933084 62.585365
v 4.800370 11.583646 62.714771
v 4.800883 12.234208 62.585365
v 6.556342 11.565503 64.232941
v 4.933773 10.899465 65.871124
v 4.393060 2.056700 73.488312
v 7.421622 4.359385 65.676254
v 9.044190 5.025423 64.038071
v 10.062453 9.382609 66.818123
v 9.894733 9.705449 66.783257
v 9.787261 10.053020 66.818123
v 9.747356 10.401632 66.920334
v 9.755796 10.492160 66.965500
v 10.015865 9.472288 66.808441
v 10.278987 9.106500 66.920334
v 10.529581 8.895938 67.082932
v 9.777741 10.727532 67.082932
v 9.876345 11.008508 67.294830
v 10.797156 8.765272 67.294830
v 8.907016 8.229900 68.721115
v 9.174591 8.099236 68.933014
v 9.248569 8.087606 69.001556
v 9.440910 8.057370 69.179771
v 9.687830 8.107161 69.444580
v 9.898520 8.245212 69.709389
v 8.164696 9.386982 68.456306
v 8.272170 9.039413 68.421448
v 8.194549 9.290435 68.446625
v 8.318759 8.949736 68.431129
v 8.439888 8.716572 68.456306
v 8.135876 9.638758 68.530128
v 8.124791 9.735595 68.558517
v 8.146736 9.970967 68.675949
v 8.155176 10.061495 68.721115
v 8.656422 8.440463 68.558517
v 8.253779 10.342471 68.933014
v 8.413878 10.559374 69.179771
v 8.566044 10.659078 69.371025
v 8.624569 10.697426 69.444580
v 9.920816 11.068759 67.363373
v 10.036444 11.225411 67.541588
v 10.247134 11.363462 67.806396
v 10.494053 11.413253 68.071205
v 9.586368 10.422612 70.285477
v 9.655977 10.364122 70.330643
v 8.871488 10.747215 69.709389
v 9.137808 10.705350 69.956146
v 9.405383 10.574685 70.168045
v 10.058619 8.462115 69.956146
v 10.086009 8.540164 70.015007
v 10.157223 8.743091 70.168045
v 10.147703 9.417603 70.432854
v 9.872511 10.088013 70.432854
v 9.812363 10.164710 70.404465
v 9.946261 9.946054 70.448189
v 10.040231 9.765173 70.467720
v 9.993643 9.854852 70.458038
v 10.117849 9.514151 70.442543
v 10.187608 9.068990 70.330643
v 10.176523 9.165827 70.359039
v 13.876194 6.597104 72.979065
v 11.063476 8.723408 67.541588
v 11.310395 8.773197 67.806396
v 11.521086 8.911248 68.071205
v 11.636713 9.067901 68.249420
v 11.662794 10.431210 68.829529
v 10.760373 11.371387 68.317963
v 11.027948 11.240722 68.529861
v 11.278543 11.030160 68.692459
v 11.338691 10.953463 68.720848
v 11.495076 10.754050 68.794670
v 11.541665 10.664372 68.804352
v 11.568828 10.612088 68.809998
v 11.681185 9.128152 68.317963
v 11.779787 9.409128 68.529861
v 11.810173 9.735027 68.692459
v 11.770268 10.083640 68.794670
v 11.692648 10.334661 68.819847
v 13.010914 13.803222 71.535751
v 11.388346 13.137183 73.173935
v 15.498762 7.263143 71.340881
v 0.523190 69.308830 11.322545
v 0.175000 68.577393 12.379194
v 0.523190 71.517815 12.035752
v 4.305793 69.352982 11.258765
v 4.305793 71.695305 12.015021
v 4.675000 68.577393 12.379194
v 0.523190 92.930779 18.949274
v 4.305793 91.988243 18.566925
v 0.175000 74.789558 21.511862
v 0.175000 73.587479 22.009779
v 0.175000 73.218964 22.561298
v 0.175000 73.089561 23.211861
v 0.175000 73.218964 23.862423
v 0.175000 74.139000 21.641266
v 0.175000 75.440117 21.641266
v 0.175000 73.587479 24.413942
v 0.175000 74.139000 24.782455
v 0.175000 74.789558 24.911861
v 0.175000 75.440117 24.782455
v 0.925000 70.225510 26.151766
v 0.175000 75.991638 22.009779
v 0.175000 76.360153 22.561298
v 0.175000 76.489555 23.211861
v 0.175000 76.360153 23.862423
v 0.175000 75.991638 24.413942
v 4.675000 74.789558 21.511860
v 4.675000 73.587479 22.009779
v 4.675000 73.218964 22.561298
v 4.675000 73.089561 23.211861
v 4.675000 73.218964 23.862423
v 4.675000 74.139000 21.641266
v 4.675000 75.440117 21.641266
v 3.925000 70.225510 26.151766
v 4.675000 73.587479 24.413942
v 4.675000 74.139000 24.782455
v 4.675000 74.789558 24.911860
v 4.675000 75.440117 24.782455
v 4.675000 75.991638 22.009779
v 4.675000 76.360153 22.561298
v 4.675000 76.489555 23.211861
v 4.675000 76.360153 23.862423
v 4.675000 75.991638 24.413942
v 0.175000 97.171883 28.738356
v 4.675000 97.171883 28.738354
v 0.175000 95.601288 29.787792
v 0.175000 95.969803 29.236273
v 0.175000 96.521324 28.867760
v 0.175000 95.471886 30.438354
v 0.175000 95.601288 31.088917
v 0.175000 95.969803 31.640436
v 0.175000 96.521324 32.008949
v 0.175000 97.822441 28.867760
v 0.175000 98.373962 29.236273
v 0.175000 98.742477 29.787792
v 0.175000 98.871880 30.438354
v 0.175000 98.742477 31.088917
v 0.175000 97.171883 32.138355
v 0.175000 97.822441 32.008949
v 0.175000 98.373962 31.640436
v 0.925000 99.155029 35.492134
v 4.675000 95.601288 29.787792
v 4.675000 95.969803 29.236273
v 4.675000 96.521324 28.867760
v 4.675000 95.471886 30.438354
v 4.675000 95.601288 31.088917
v 4.675000 95.969803 31.640436
v 4.675000 96.521324 32.008949
v 4.675000 97.822441 28.867760
v 4.675000 98.373962 29.236273
v 4.675000 98.742477 29.787792
v 4.675000 98.871880 30.438354
v 4.675000 98.742477 31.088917
v 4.675000 97.171883 32.138355
v 4.675000 97.822441 32.008949
v 4.675000 98.373962 31.640436
v 3.925000 99.155029 35.492134
v 0.523190 108.570381 23.998774
v 0.175000 108.545822 25.283648
v 4.305793 108.571861 23.921217
v 4.675000 108.545822 25.283648
v 0.175000 104.858841 36.703197
v 0.925000 103.913177 37.028378
v 3.925000 103.913177 37.028378
v 4.675000 104.858841 36.703197
v 0.522829 118.732559 27.281139
v 0.175000 118.001884 28.336695
v 4.326503 118.733963 27.279112
v 4.675000 118.001884 28.336695
v 0.175000 123.011971 37.967278
v 0.175000 123.563492 37.598763
v 0.175000 124.214050 37.469357
v 0.175000 124.864609 37.598763
v 0.175000 125.416130 37.967278
v 4.675000 123.011971 37.967274
v 4.675000 123.563492 37.598763
v 4.675000 124.214050 37.469357
v 4.675000 124.864609 37.598763
v 4.675000 125.416130 37.967274
v 0.175000 114.314903 39.756245
v 0.925000 114.891846 40.573017
v 3.925000 114.891846 40.573017
v 4.675000 114.314903 39.756245
v 0.175000 122.643456 38.518795
v 0.175000 122.514053 39.169357
v 0.175000 122.643456 39.819920
v 0.175000 123.011971 40.371441
v 0.175000 123.563492 40.739952
v 0.175000 125.784645 38.518795
v 0.175000 125.914047 39.169357
v 0.175000 124.864609 40.739952
v 0.175000 125.784645 39.819920
v 0.175000 125.416130 40.371441
v 0.175000 124.214050 40.869358
v 0.925000 119.649994 42.109264
v 3.925000 119.649994 42.109264
v 4.675000 122.643456 38.518795
v 4.675000 122.514053 39.169357
v 4.675000 122.643456 39.819920
v 4.675000 123.011971 40.371437
v 4.675000 123.563492 40.739952
v 4.675000 125.784645 38.518795
v 4.675000 125.914047 39.169357
v 4.675000 124.864609 40.739952
v 4.675000 125.784645 39.819920
v 4.675000 125.416130 40.371437
v 4.675000 124.214050 40.869358
v 40.504501 16.551001 20.421000
v 39.628422 17.492376 21.680483
v 31.466999 40.064999 0.000000
v 31.600342 40.990150 1.538282
v 62.421608 24.493746 72.310959
v 58.491447 117.200005 22.418732
v 59.614498 116.390999 23.569500
v 0.564256 2.218558 83.491188
v 0.552948 2.252362 85.834473
v 0.201458 3.493211 86.190971
v 0.234229 10.234777 78.359764
v 0.231484 10.105372 79.010323
v 0.238072 11.154811 77.439743
v 0.236543 10.603292 77.808250
v 0.238586 11.805373 77.310341
v 0.238005 12.455935 77.439743
v 0.228726 10.234777 79.660881
v 0.226374 10.603291 80.212395
v 0.224787 11.154811 80.580902
v 0.224206 11.805372 80.710304
v 0.224719 12.455935 80.580902
v 0.236417 13.007455 77.808250
v 0.234066 13.375968 78.359764
v 0.231307 13.505373 79.010323
v 0.228562 13.375968 79.660881
v 0.226249 13.007454 80.212395
v 0.975984 16.020836 80.239403
v 0.201458 15.492299 86.043129
v 0.954835 16.082436 85.238976
v 4.356768 2.200620 83.468796
v 4.348126 2.234891 85.845428
v 4.701418 3.493445 86.209999
v 4.734189 10.235013 78.378792
v 4.731444 10.105608 79.029350
v 4.738032 11.155046 77.458771
v 4.736502 10.603527 77.827278
v 4.738545 11.805609 77.329369
v 4.737964 12.456170 77.458771
v 4.728686 10.235013 79.679909
v 4.726334 10.603526 80.231422
v 4.724747 11.155046 80.599930
v 4.724165 11.805608 80.729332
v 4.724679 12.456170 80.599930
v 4.736377 13.007690 77.827278
v 4.734025 13.376204 78.378792
v 4.731267 13.505609 79.029350
v 4.728522 13.376204 79.679909
v 4.726209 13.007689 80.231422
v 3.954808 16.082592 85.251671
v 4.701418 15.492534 86.062157
v 0.000000 0.550500 92.482498
v 0.000000 2.350363 92.460320
v 20.215500 0.550500 92.482498
v 19.699804 2.262204 92.692558
v 29.985817 11.829962 81.358902
v 29.799259 12.055448 82.834053
v 30.778500 10.605000 82.413002
v 30.778500 10.605000 82.413002
v 41.475246 19.931635 80.180511
v 42.028019 19.386318 81.317055
v 41.788368 20.016321 81.335823
v 41.788368 20.016321 81.335823
v 41.048756 21.052790 80.213913
v 41.361877 21.137478 81.369232
v 41.361877 21.137476 81.369232
v 41.379517 21.091105 81.367851
v 41.724327 20.667536 81.968391
v 42.004745 20.074844 82.134193
v 42.004745 20.074842 82.134193
v 41.995991 20.333820 82.441544
v 42.723003 19.375011 83.622322
v 41.935940 21.292738 83.487335
v 41.966270 21.213011 83.484962
v 41.966270 21.213011 83.484962
v 41.963326 21.300146 83.588371
v 42.801277 17.353573 81.256485
v 42.789978 17.383274 81.257370
v 43.427528 17.522949 83.567139
v 50.024265 24.547194 77.525162
v 50.450756 23.426039 77.491760
v 50.763874 23.510725 78.647072
v 50.763874 23.510725 78.647072
v 50.337387 24.631882 78.680481
v 50.360237 24.571815 78.678688
v 50.337387 24.631880 78.680481
v 47.257118 23.358212 82.101479
v 51.765488 20.877678 78.568619
v 51.776787 20.847977 78.567734
v 52.403038 21.017353 80.878387
v 51.050323 22.757706 78.624634
v 51.698513 22.869415 80.933571
v 51.022507 23.580675 79.601326
v 51.022507 23.580675 79.601334
v 51.020657 23.635342 79.666206
v 50.988575 24.584396 80.792542
v 50.988575 24.584396 80.792542
v 50.911449 24.787142 80.798584
v 50.911449 24.787142 80.798584
v 50.963638 24.801258 80.991135
v 50.982964 24.750458 80.989624
v 33.346500 50.113499 126.394501
v 32.636982 51.546982 125.568840
v 62.790787 58.731396 120.153442
v 59.880829 66.008987 118.550705
v 59.970184 66.558838 120.885162
v 0.175000 145.945816 44.825256
v 0.175000 145.394287 45.193771
v 0.175000 146.596375 44.695850
v 0.175000 147.246933 44.825256
v 0.175000 145.025772 45.745289
v 0.175000 144.896378 46.395851
v 0.175000 145.025772 47.046413
v 0.175000 145.394287 47.597935
v 0.175000 145.945816 47.966446
v 0.175000 147.246933 47.966446
v 0.175000 147.798462 45.193771
v 0.175000 148.166962 45.745289
v 0.175000 148.296371 46.395851
v 0.175000 148.166962 47.046413
v 0.175000 147.798462 47.597935
v 4.675000 145.945816 44.825256
v 4.675000 145.394287 45.193768
v 4.675000 146.596375 44.695850
v 4.675000 147.246933 44.825256
v 4.675000 145.025787 45.745289
v 4.675000 144.896378 46.395851
v 4.675000 145.025787 47.046413
v 4.675000 145.394287 47.597931
v 4.675000 145.945816 47.966446
v 4.675000 147.246933 47.966446
v 4.675000 147.798462 45.193768
v 4.675000 148.166977 45.745289
v 4.675000 148.296371 46.395851
v 4.675000 148.166977 47.046413
v 4.675000 147.798462 47.597931
v 0.175000 146.596375 48.095852
v 4.675000 146.596375 48.095852
v 0.521433 157.994751 39.962753
v 0.175000 157.970306 41.241146
v 4.327899 157.994797 39.960289
v 4.675000 157.970306 41.241146
v 0.175000 154.283325 52.660694
v 0.925000 153.337677 52.985874
v 4.675000 154.283325 52.660694
v 3.925000 153.337677 52.985874
v 0.000000 188.338501 47.872501
v 0.000000 188.338501 47.872501
v 0.000000 187.698990 49.555069
v 0.000000 187.785446 49.585434
v 0.175000 193.556519 53.086533
v 0.520351 194.334381 52.076778
v 4.675000 193.556519 53.086533
v 4.329144 194.335526 52.075298
v 0.175000 189.293152 64.303642
v 0.925000 189.827789 65.148727
v 0.175000 196.487854 62.441746
v 0.175000 197.039383 62.073231
v 0.175000 197.689941 61.943825
v 0.175000 198.340500 62.073231
v 0.175000 198.892029 62.441746
v 0.175000 196.119339 62.993263
v 0.175000 195.989944 63.643826
v 0.175000 196.119339 64.294388
v 0.175000 196.487854 64.845909
v 0.175000 197.039383 65.214424
v 0.175000 197.689941 65.343826
v 0.175000 199.260529 62.993263
v 0.175000 199.389938 63.643826
v 0.175000 199.260529 64.294388
v 0.175000 198.892029 64.845909
v 0.175000 198.340500 65.214424
v 0.925000 194.501587 66.925133
v 3.925000 189.827789 65.148727
v 4.675000 189.293152 64.303642
v 4.675000 196.487854 62.441742
v 4.675000 197.039383 62.073231
v 4.675000 197.689941 61.943825
v 4.675000 198.340500 62.073231
v 4.675000 198.892029 62.441742
v 3.925000 194.501587 66.925133
v 4.675000 196.119354 62.993263
v 4.675000 195.989944 63.643826
v 4.675000 196.119354 64.294388
v 4.675000 196.487854 64.845909
v 4.675000 197.039383 65.214417
v 4.675000 197.689941 65.343826
v 4.675000 199.260544 62.993263
v 4.675000 199.389938 63.643826
v 4.675000 199.260544 64.294388
v 4.675000 198.892029 64.845909
v 4.675000 198.340500 65.214417
v 0.175000 214.605835 69.327995
v 0.175000 214.237320 69.879517
v 0.175000 214.107925 70.530075
v 0.175000 214.237320 71.180634
v 0.175000 214.605835 71.732155
v 0.175000 215.157364 68.959480
v 0.175000 215.807922 68.830078
v 0.175000 216.458481 68.959480
v 0.175000 217.010010 69.327995
v 0.175000 215.157364 72.100670
v 0.175000 216.458481 72.100670
v 0.175000 217.378510 69.879517
v 0.175000 217.507919 70.530075
v 0.175000 217.378510 71.180634
v 0.175000 217.010010 71.732155
v 0.175000 215.807922 72.230072
v 4.675000 214.605835 69.327995
v 4.675000 214.237335 69.879517
v 4.675000 214.107925 70.530075
v 4.675000 214.237335 71.180634
v 4.675000 214.605835 71.732155
v 4.675000 215.157364 68.959480
v 4.675000 215.807922 68.830078
v 4.675000 216.458481 68.959480
v 4.675000 217.010010 69.327995
v 4.675000 215.157364 72.100670
v 4.675000 216.458481 72.100670
v 4.675000 217.378525 69.879517
v 4.675000 217.507919 70.530075
v 4.675000 217.378525 71.180634
v 4.675000 217.010010 71.732155
v 4.675000 215.807922 72.230072
v 0.520353 225.999252 64.111893
v 0.175000 225.910065 65.383408
v 0.000000 231.687424 65.801659
v 0.000000 233.274002 64.951500
v 0.000000 233.274002 64.951500
v 0.000000 232.634491 66.634064
v 4.329142 225.999390 64.110039
v 4.675000 225.910065 65.383408
v 0.175000 221.646698 76.600525
v 0.925000 220.685730 76.877159
v 3.925000 220.685730 76.877159
v 4.675000 221.646698 76.600525
v 30.000000 233.274002 64.951500
v 29.863813 232.060425 66.273880
v 0.175000 228.151642 87.193245
v 0.925000 228.000626 88.181778
v 0.175000 234.486877 92.435295
v 0.175000 235.038406 92.066780
v 0.175000 234.118362 92.986816
v 0.175000 233.988968 93.637375
v 0.175000 234.118362 94.287933
v 0.175000 234.486877 94.839455
v 0.175000 235.038406 95.207970
v 0.925000 230.362167 92.588943
v 3.925000 228.000626 88.181778
v 4.675000 228.151642 87.193245
v 3.925000 230.362167 92.588943
v 4.675000 234.486877 92.435295
v 4.675000 235.038406 92.066780
v 4.675000 234.118378 92.986816
v 4.675000 233.988968 93.637375
v 4.675000 234.118378 94.287933
v 4.675000 234.486877 94.839455
v 4.675000 235.038406 95.207970
v 0.175000 238.728851 81.525536
v 0.520802 239.980026 81.273575
v 0.520803 241.068863 83.305588
v 4.325385 239.993820 81.270798
v 4.675000 238.728851 81.525536
v 4.325385 241.094666 83.325211
v 0.175000 235.688965 91.937378
v 0.175000 236.339523 92.066780
v 0.175000 236.891052 92.435295
v 0.175000 237.259552 92.986816
v 0.175000 237.388962 93.637375
v 0.175000 237.259552 94.287933
v 0.175000 236.891052 94.839455
v 0.175000 235.688965 95.337372
v 0.175000 236.339523 95.207970
v 4.675000 235.688965 91.937378
v 4.675000 236.339523 92.066780
v 4.675000 236.891052 92.435295
v 4.675000 237.259567 92.986816
v 4.675000 237.388962 93.637375
v 4.675000 237.259567 94.287933
v 4.675000 236.891052 94.839455
v 4.675000 235.688965 95.337372
v 4.675000 236.339523 95.207970
v 0.520801 251.759644 103.256943
v 4.325387 251.684601 103.088371
v 0.175000 246.147110 112.798088
v 0.175000 246.797668 112.668686
v 0.175000 247.448227 112.798088
v 0.175000 245.595581 113.166603
v 0.175000 245.227066 113.718124
v 0.175000 245.097672 114.368683
v 0.175000 245.227066 115.019241
v 0.175000 247.999756 113.166603
v 0.175000 248.368256 113.718124
v 0.175000 248.497665 114.368683
v 0.175000 248.368256 115.019241
v 4.675000 246.147110 112.798088
v 4.675000 246.797668 112.668686
v 4.675000 247.448227 112.798088
v 4.675000 245.595581 113.166603
v 4.675000 245.227081 113.718124
v 4.675000 245.097672 114.368683
v 4.675000 245.227081 115.019241
v 4.675000 247.999756 113.166603
v 4.675000 248.368271 113.718124
v 4.675000 248.497665 114.368683
v 4.675000 248.368271 115.019241
v 0.175000 245.595581 115.570763
v 0.175000 246.147110 115.939278
v 0.175000 246.797668 116.068680
v 0.175000 247.448227 115.939278
v 0.175000 247.999756 115.570763
v 0.175000 247.988647 124.213432
v 0.925000 247.081924 123.791672
v 4.675000 245.595581 115.570763
v 4.675000 246.147110 115.939278
v 4.675000 246.797668 116.068680
v 4.675000 247.448227 115.939278
v 4.675000 247.999756 115.570763
v 3.925000 247.081924 123.791672
v 4.675000 247.988647 124.213432
v 0.520802 259.468597 117.643517
v 0.175000 258.565857 118.545723
v 4.325386 259.478546 117.633568
v 4.675000 258.565857 118.545723
v 1.799999 260.842010 130.966873
v 1.799999 261.270477 127.795692
v 1.799999 265.196625 128.326157
v 1.799999 267.391754 128.622742
v 1.799999 269.198456 128.866837
v 0.000000 267.757935 133.117157
v 0.000000 269.344513 132.266998
v 1.799999 267.058960 131.806839
v 1.799999 268.860962 131.364609
v 28.429405 263.004181 128.029938
v 28.299999 263.648895 128.117035
v 28.429405 264.293610 128.204147
v 28.797918 262.457642 127.956093
v 29.349438 262.092438 127.906746
v 28.797918 264.840149 128.277985
v 30.000000 261.964203 127.889420
v 30.650562 262.092438 127.906746
v 29.349438 265.205353 128.327332
v 29.482824 265.231659 128.330887
v 30.000000 265.314636 128.484863
v 30.510580 265.232941 128.331055
v 30.650562 265.205353 128.327332
v 28.429405 262.575714 131.201111
v 28.299999 263.220428 131.288223
v 28.429405 263.865143 131.375320
v 28.797918 262.029175 131.127274
v 29.349438 261.663971 131.077927
v 28.797918 264.411682 131.449173
v 29.349438 264.776886 131.498505
v 30.000000 261.535736 131.060608
v 30.650562 261.663971 131.077927
v 30.000000 264.905121 131.515839
v 30.650562 264.776886 131.498505
v 31.202082 262.457642 127.956093
v 31.570595 263.004181 128.029938
v 31.202082 264.840149 128.277985
v 31.700001 263.648895 128.117035
v 31.570595 264.293610 128.204147
v 31.202082 262.029175 131.127274
v 31.570595 262.575714 131.201111
v 31.202082 264.411682 131.449173
v 31.700001 263.220428 131.288223
v 31.570595 263.865143 131.375320
v 55.312630 251.523987 132.103516
v 55.710117 250.810837 133.050018
v 60.284332 251.257446 132.049728
v 60.215744 251.897110 131.888153
v 60.600101 250.690430 132.186691
v 60.003296 248.304260 133.584534
v 61.114983 250.282394 132.278214
v 61.750587 250.095444 132.310349
v 62.410152 250.158035 132.278214
v 58.200001 260.842010 130.966873
v 58.200001 261.270477 127.795692
v 58.200001 264.638428 128.250732
v 57.391293 265.269470 128.335999
v 58.200001 267.391754 128.622742
v 58.200001 269.198456 128.866837
v 58.200001 266.245087 130.159256
v 58.200001 267.130920 131.816559
v 58.200001 268.860962 131.364609
v 60.404781 252.512039 131.726593
v 60.822662 253.008621 131.589630
v 61.405773 253.311249 131.498108
v 62.065338 253.373840 131.465973
v 62.700943 253.186905 131.498108
v 61.457069 261.474365 129.413574
v 62.576302 262.633057 129.463547
v 59.565765 267.892731 133.238449
v 60.000000 269.344513 132.266998
v 61.563873 262.586792 133.772583
v 55.781315 251.552475 135.956024
v 60.391136 252.369888 136.408737
v 60.706905 251.802872 136.545700
v 61.221786 251.394836 136.637222
v 61.857391 251.207886 136.669357
v 62.516956 251.270477 136.637222
v 55.419434 252.636414 136.462524
v 60.322548 253.009552 136.247162
v 60.511585 253.624481 136.085602
v 60.929466 254.121048 135.948639
v 61.512577 254.423691 135.857117
v 62.172142 254.486282 135.824982
v 63.916500 23.506500 72.486000
v 63.275898 83.725777 40.722878
v 64.738503 83.321999 39.754501
v 81.229652 54.422813 84.851303
v 82.567497 53.224499 84.970497
v 65.238022 65.045090 118.572678
v 65.749237 64.124298 118.769989
v 65.323387 64.698479 118.651054
v 65.497757 64.384415 118.718346
v 65.449318 64.471657 118.699654
v 65.679382 64.196548 118.755646
v 65.247467 65.400635 118.488579
v 65.541824 66.042610 118.326103
v 65.615395 66.110023 118.307404
v 65.351089 65.740868 118.404472
v 66.060692 63.935852 118.802452
v 66.313622 63.860802 118.810448
v 66.410904 63.831932 118.813522
v 66.776001 63.819611 118.802452
v 65.806664 66.285301 118.258804
v 66.127579 66.452400 118.207161
v 66.482681 66.532516 118.174698
v 62.880142 59.281239 122.487900
v 65.587112 64.934265 121.052811
v 65.412743 65.248329 120.985512
v 65.327377 65.594933 120.907135
v 65.336823 65.950485 120.823036
v 65.440445 66.290718 120.738930
v 65.631180 66.592461 120.660561
v 65.838593 64.674141 121.104446
v 66.150047 64.485695 121.136909
v 66.500259 64.381783 121.147980
v 65.896027 66.835152 120.593262
v 66.216934 67.002251 120.541618
v 66.572037 67.082367 120.509155
v 67.032463 63.877472 118.779007
v 67.131104 63.899727 118.769989
v 67.452011 64.066826 118.718353
v 67.716858 64.309517 118.651047
v 66.847778 66.520195 118.163628
v 66.945061 66.491333 118.166702
v 67.197990 66.416275 118.174698
v 67.509445 66.227837 118.207161
v 67.760925 65.967712 118.258804
v 67.907593 64.611259 118.572678
v 68.011215 64.951492 118.488579
v 68.018036 65.208275 118.427834
v 67.935295 65.653648 118.326103
v 68.020660 65.307037 118.404472
v 66.865356 64.369453 121.136909
v 67.220459 64.449570 121.104446
v 67.541374 64.616676 121.052811
v 66.937134 67.070045 120.498085
v 67.287346 66.966125 120.509155
v 67.512283 66.830025 120.532600
v 67.598801 66.777679 120.541618
v 67.806213 64.859367 120.985512
v 67.859192 64.943184 120.963737
v 67.996948 65.161102 120.907135
v 68.024651 66.203499 120.660561
v 68.110016 65.856888 120.738930
v 68.100571 65.501343 120.823036
v 67.850281 66.517563 120.593262
v 73.959839 62.887627 118.746994
v 74.049194 63.437469 121.081451
v 92.249062 84.557426 114.914627
v 71.049881 70.165215 117.144257
v 71.139236 70.715065 119.478714
v 92.146698 85.529816 115.693382
v 92.335907 85.466354 118.686729
v 92.532875 84.462242 119.404663
v 102.799187 78.893883 114.127686
v 96.775330 88.438683 114.710800
v 96.859772 89.096542 114.719406
v 97.353142 87.274506 114.649597
v 96.948578 87.798874 114.686287
v 97.927429 86.945419 114.606316
v 98.584007 86.861710 114.563042
v 97.189041 89.672279 114.710800
v 97.713020 90.078262 114.686279
v 98.351936 90.252678 114.649597
v 99.222916 87.036118 114.526352
v 99.746902 87.442101 114.501839
v 100.076172 88.017845 114.493225
v 99.008514 90.168968 114.606316
v 99.582802 89.839874 114.563042
v 99.987366 89.315514 114.526352
v 100.160614 88.675697 114.501839
v 104.336700 78.543877 114.412544
v 105.536690 80.810692 114.381424
v 110.756294 90.670670 114.246025
v 104.548828 102.944817 114.526947
v 104.722076 102.305008 114.502434
v 104.633270 103.602676 114.535553
v 105.126640 101.780640 114.465744
v 105.700928 101.451553 114.422462
v 104.962540 104.178413 114.526947
v 105.486519 104.584396 114.502434
v 106.357506 101.367844 114.379189
v 106.125435 104.758812 114.465744
v 106.782013 104.675102 114.422462
v 106.130302 110.461220 114.586319
v 106.996414 101.542252 114.342499
v 107.520401 101.948235 114.317986
v 107.849670 102.523979 114.309372
v 107.356300 104.346008 114.379189
v 107.760864 103.821648 114.342499
v 107.934113 103.181831 114.317986
v 116.172028 100.901138 114.105545
v 116.680428 104.797676 113.799377
v 117.245064 104.265213 113.944298
v 97.059143 88.343498 119.200836
v 97.232391 87.703682 119.176315
v 97.636955 87.179321 119.139633
v 98.211243 86.850227 119.096352
v 98.867821 86.766518 119.053078
v 97.143585 89.001350 119.209442
v 97.472855 89.577095 119.200836
v 97.996841 89.983078 119.176315
v 98.635750 90.157486 119.139633
v 99.506737 86.940933 119.016388
v 100.030716 87.346916 118.991875
v 100.359985 87.922653 118.983261
v 99.292328 90.073776 119.096352
v 99.866615 89.744690 119.053078
v 100.271179 89.220322 119.016388
v 100.444427 88.580513 118.991875
v 102.899109 73.160667 118.569649
v 104.064003 71.788498 118.582497
v 103.083000 78.798698 118.617722
v 105.388382 78.282066 117.857841
v 107.251663 81.795624 117.819115
v 104.832642 102.849632 119.016983
v 102.910736 105.616608 115.438789
v 105.410454 101.685455 118.955780
v 105.005890 102.209816 118.992462
v 104.917084 103.507484 119.025589
v 105.246353 104.083229 119.016983
v 105.770340 104.489212 118.992462
v 105.984741 101.356361 118.912498
v 106.641319 101.272652 118.869225
v 106.409248 104.663620 118.955780
v 105.272247 110.023438 115.382942
v 105.461456 109.959976 118.376289
v 106.414116 110.366035 119.076355
v 107.280235 101.447067 118.832535
v 107.804214 101.853050 118.808022
v 107.065826 104.579910 118.912498
v 107.640114 104.250824 118.869225
v 108.133484 102.428787 118.799408
v 108.217926 103.086647 118.808022
v 108.044678 103.726456 118.832535
v 115.399033 97.159058 117.649773
v 118.124046 103.497604 115.739807
v 118.572136 103.142548 117.583824
v 116.964241 104.702492 118.289413
v 121.843613 108.445160 118.853882
v 123.343498 107.765999 118.126503
v 92.575500 152.524506 59.146500
v 91.083153 152.733597 60.130966
v 88.945503 188.338501 47.872501
v 88.630424 187.507858 49.437988
v 62.993263 250.460678 132.186691
v 63.411144 250.957245 132.049728
v 63.531593 252.211838 131.726593
v 63.600182 251.572174 131.888153
v 63.215824 252.778854 131.589630
v 63.669281 264.459015 132.530457
v 70.152435 258.188782 130.407806
v 72.696098 243.628189 133.692642
v 73.210983 243.220139 133.784164
v 73.846588 243.033203 133.816299
v 74.506149 243.095795 133.784164
v 72.500778 245.449799 133.232544
v 72.311737 244.834854 133.394119
v 72.380325 244.195190 133.555679
v 72.918663 245.946365 133.095581
v 73.501770 246.248993 133.004059
v 74.796936 246.124649 133.004059
v 74.161331 246.311584 132.971924
v 75.089256 243.398422 133.692657
v 75.507141 243.894989 133.555679
v 75.311821 245.716599 133.095581
v 75.627594 245.149597 133.232559
v 75.696182 244.509918 133.394119
v 72.164001 257.008789 130.658539
v 63.100067 251.573120 136.545700
v 63.517948 252.069687 136.408737
v 62.807747 254.299347 135.857117
v 63.706985 252.684616 136.247162
v 63.638397 253.324280 136.085602
v 63.322628 253.891296 135.948639
v 71.643120 241.508316 135.033691
v 72.802895 244.740616 138.051666
v 72.487122 245.307632 137.914688
v 72.418533 245.947296 137.753128
v 72.607574 246.562225 137.591553
v 73.317780 244.332581 138.143173
v 73.025459 247.058807 137.454590
v 73.608566 247.361435 137.363068
v 73.953384 244.145630 138.175308
v 74.612946 244.208221 138.143173
v 74.268127 247.424026 137.330933
v 75.936302 239.001755 135.568207
v 76.007500 239.743393 138.474213
v 76.912636 238.912827 134.792725
v 77.019432 240.025253 139.151733
v 75.196053 244.510864 138.051651
v 75.613937 245.007431 137.914688
v 75.802979 245.622360 137.753128
v 74.903732 247.237091 137.363068
v 75.418617 246.829041 137.454590
v 75.734390 246.262024 137.591553
v 82.589874 231.061142 129.772949
v 82.351791 232.194977 129.303619
v 85.295395 227.312790 127.867668
v 83.644257 230.430984 132.509949
v 83.933365 231.249725 133.409119
v 89.805672 225.874695 124.976974
v 90.426636 225.932877 124.751152
v 90.998169 226.233810 124.600266
v 91.433258 226.731674 124.547279
v 91.665665 227.350662 124.600266
v 91.660011 227.996567 124.751152
v 91.417152 228.571014 124.976974
v 88.786728 226.483673 125.509712
v 88.543869 227.058121 125.735527
v 89.229813 226.068100 125.243340
v 90.811394 225.122849 129.348846
v 90.368309 225.538422 129.615219
v 90.125450 226.112869 129.841034
v 90.119789 226.758774 129.991913
v 88.538216 227.704025 125.886421
v 88.770622 228.323013 125.939400
v 89.205711 228.820877 125.886421
v 89.777245 229.121811 125.735535
v 90.398209 229.179993 125.509712
v 90.352203 227.377762 130.044907
v 90.787292 227.875626 129.991913
v 91.387253 224.929443 129.082474
v 92.008217 224.987625 128.856659
v 92.579750 225.288559 128.705765
v 93.014839 225.786423 128.652786
v 93.247246 226.405411 128.705765
v 93.241592 227.051315 128.856659
v 90.974068 228.986588 125.243340
v 91.979790 228.234741 129.615219
v 92.555649 228.041336 129.348846
v 92.998734 227.625763 129.082474
v 91.358826 228.176559 129.841034
v 83.057076 248.863205 132.102783
v 83.499718 250.359116 132.071381
v 83.880890 252.051910 134.395355
v 91.519684 239.726074 127.505791
v 93.003693 240.311905 127.460564
v 93.101257 238.780823 131.611298
v 83.163872 249.975632 136.461792
v 83.993340 252.551300 135.080948
v 89.067451 250.617310 136.951828
v 90.000000 251.828995 136.001999
v 101.704453 175.929932 82.964127
v 101.704453 175.929932 82.964127
v 102.734726 175.836777 82.355972
v 102.019020 174.990280 83.640976
v 101.075317 177.809204 81.610428
v 101.307358 177.636353 81.617210
v 102.158012 177.559433 81.115082
v 102.158012 177.559433 81.115082
v 101.127739 177.652603 81.723236
v 101.127762 177.652634 81.723267
v 101.158569 177.560516 81.789566
v 105.181625 175.615509 80.911591
v 103.049294 174.897110 83.032822
v 104.552490 177.494781 79.557892
v 108.958771 183.665955 86.077194
v 105.481598 183.980377 88.129730
v 105.534027 183.823776 88.242538
v 105.564850 183.731689 88.308868
v 105.534019 183.823776 88.242538
v 105.713638 183.807526 88.136513
v 106.564293 183.730606 87.634384
v 106.564293 183.730606 87.634384
v 106.110733 182.101105 89.483429
v 106.110733 182.101105 89.483421
v 106.110733 182.101105 89.483429
v 106.425301 181.161453 90.160278
v 107.140999 182.007935 88.875267
v 107.455574 181.068283 89.552124
v 109.587906 181.786682 87.430893
v 104.450470 200.774460 114.378372
v 105.078140 200.708832 113.299393
v 126.939003 200.651993 109.988998
v 125.536842 200.077454 110.960518
v 105.504852 200.144302 117.115372
v 106.659714 199.763580 117.404892
v 114.246033 208.239929 111.501556
v 114.015205 211.368942 112.727272
v 115.389984 209.475189 111.763275
v 117.453972 209.885818 114.800964
v 101.513496 208.851440 116.547340
v 101.270638 209.425888 116.773155
v 101.264984 210.071793 116.924049
v 102.532440 208.242462 116.014603
v 101.956581 208.435867 116.280968
v 102.852219 208.480652 120.878662
v 102.846558 209.126541 121.029549
v 101.497398 210.690781 116.977028
v 101.932487 211.188644 116.924042
v 102.504021 211.489578 116.773155
v 103.153404 208.300644 115.788780
v 103.724937 208.601578 115.637894
v 104.160027 209.099442 115.584908
v 104.386780 210.364319 115.788780
v 104.392441 209.718430 115.637894
v 104.114014 207.297211 120.120102
v 104.734978 207.355392 119.894279
v 105.306511 207.656326 119.743393
v 105.741600 208.154190 119.690414
v 105.725502 209.993530 120.120094
v 105.974014 208.773178 119.743393
v 105.968361 209.419083 119.894279
v 103.095070 207.906189 120.652840
v 103.538155 207.490616 120.386475
v 103.078972 209.745529 121.082527
v 103.514061 210.243393 121.029549
v 105.282417 210.409103 120.386467
v 103.124985 211.547760 116.547340
v 103.700844 211.354355 116.280968
v 104.143929 210.938782 116.014595
v 104.085594 210.544327 120.878654
v 104.706558 210.602509 120.652840
v 104.578911 224.367264 119.344017
v 95.477531 240.199234 130.267731
v 115.827606 207.294678 115.607056
v 20.093767 0.129408 91.230354
v 30.179934 9.730028 81.615410
v 26.970789 11.528494 80.044777
v 16.884623 1.927873 89.659721
v 20.231085 3.026980 94.267662
v 30.317251 12.627600 84.652718
v 27.108107 14.426065 83.082085
v 17.021940 4.825445 92.697029
v 31.287823 11.724536 81.915779
v 33.821110 50.698929 125.302696
v 30.820992 52.751762 123.633812
v 28.287708 13.777371 80.246895
v 28.515907 9.459338 84.112450
v 31.049192 48.433731 127.499367
v 28.049076 50.486565 125.830482
v 25.515793 11.512174 82.443565
v 19.617001 42.842999 142.132507
v 20.215500 0.550500 92.482498
v 30.778500 10.605000 82.413002
v 33.346500 50.113499 126.394501
v 43.960499 63.055500 165.889496
v 18.346378 44.023026 141.649750
v 18.771383 1.359809 91.775711
v 29.380125 11.472342 81.683434
v 32.129272 51.344376 125.901245
v 42.943111 64.525711 165.681137
v 74.478683 47.166058 84.629387
v 77.181290 46.692654 81.718758
v 71.340935 50.593449 81.158440
v 76.524094 63.541248 82.841621
v 75.662773 53.906284 90.810875
v 77.925774 55.620735 93.628586
v 76.129578 60.853474 91.887283
v 79.203697 58.653942 78.531868
v 81.207039 61.847916 79.867958
v 81.187149 62.751648 92.374420
v 82.983345 57.518909 94.115723
v 86.246384 57.878452 91.830269
v 86.265297 178.588287 47.875172
v 81.721313 179.243484 51.419594
v 79.126801 190.040344 49.589134
v 81.654823 192.937973 50.690456
v 79.126801 187.979721 55.010738
v 84.516167 194.371582 54.671986
v 88.721153 179.760117 50.806992
v 88.168808 193.028305 55.596008
v 90.138535 192.473129 57.022991
v 92.682678 189.544724 56.047375
v 82.152756 190.087494 57.786613
v 86.802803 188.642380 59.822666
v 61.016953 75.196861 38.211098
v 56.927746 75.020508 43.945843
v 60.194458 80.257454 43.058220
v 62.151539 73.755798 41.765823
v 58.178349 85.073265 43.593441
v 60.690258 94.338600 42.874794
v 62.990467 91.701988 36.759460
v 60.336170 86.063980 41.163166
v 66.988335 79.274956 47.552559
v 64.308731 84.162254 51.862324
v 63.118423 82.459534 39.353241
v 65.278473 87.778198 46.198673
v 62.900669 83.156410 38.781715
v 62.049072 83.828796 37.451912
v 62.342213 86.280441 37.236290
v 65.082420 93.233887 39.227139
v 63.261063 82.842140 39.465263
v 62.301888 93.992188 41.656776
v 62.328796 94.011902 41.688545
v 60.821625 90.296806 40.616074
v 60.905476 88.829903 39.720482
v 60.324947 88.030220 40.544926
v 59.725540 83.912209 40.833504
v 60.166531 83.931969 40.106785
v 61.466908 87.509941 38.565395
v 60.337303 83.928650 39.866436
v 64.938660 88.778236 45.389633
v 64.929398 88.755234 45.383221
v 63.130363 91.944283 43.353973
v 64.316673 89.009377 45.789391
v 63.684521 82.471893 40.268738
v 67.486404 81.096283 46.873211
v 63.156075 79.066780 40.475155
v 63.156395 79.146004 40.450901
v 63.186352 80.821770 39.975616
v 65.588570 82.498245 50.250046
v 68.469620 81.636604 48.540482
v 66.139732 83.500175 50.699638
v 68.221634 81.488029 48.086792
v 65.837257 84.406731 49.922367
v 65.299118 87.757080 46.235500
v 65.288116 87.752510 46.220798
v 65.634918 84.930367 49.432438
v 64.927582 87.809319 46.614101
v 64.631714 87.855423 46.884132
v 64.838737 87.820396 46.698650
v 64.373192 87.372368 44.997520
v 61.924839 82.859505 40.576771
v 63.176899 82.737656 39.471928
v 63.219265 82.849518 39.504135
v 63.667564 87.383186 45.333492
v 63.710773 87.380386 45.311920
v 60.366882 86.060669 41.136150
v 60.366772 85.988914 41.155437
v 60.401505 83.355431 41.916542
v 63.176174 82.884407 39.433346
v 61.850704 83.142433 40.568470
v 61.503922 83.199501 40.868244
v 63.131866 82.465675 39.373158
v 63.562374 82.579063 40.036858
v 63.094723 82.367859 39.343410
v 63.039314 82.552994 39.646290
v 63.551025 82.580605 40.049259
v 63.178440 82.425377 39.554024
v 62.909393 82.449074 39.792103
v 28.697491 227.926193 70.478203
v 29.102182 237.126129 74.257683
v 34.130653 224.341934 62.626415
v 36.658676 227.239563 63.727737
v 34.130653 222.281311 68.048019
v 34.919250 234.713440 72.433403
v 32.445343 237.553131 73.780952
v 29.102182 232.013824 76.997070
v 29.742577 233.629135 77.088120
v 0.800000 39.986084 8.381157
v 0.800000 183.501434 54.717415
v 6.800000 183.501434 54.717415
v 6.800000 39.986084 8.381157
v 0.800000 42.136826 1.719753
v 0.800000 185.652191 48.056007
v 6.800000 185.652191 48.056007
v 6.800000 42.136826 1.719753
v 0.800000 227.403320 70.933556
v 0.800000 261.112274 133.841888
v 6.800000 261.112274 133.841888
v 6.800000 227.403320 70.933556
v 0.800000 233.573364 67.627388
v 0.800000 267.282318 130.535736
v 6.800000 267.282318 130.535736
v 6.800000 233.573364 67.627388
v 0.800000 187.833145 56.238785
v 0.800000 228.094833 71.541374
v 6.800000 228.094833 71.541374
v 6.800000 187.833145 56.238785
v 0.800000 190.320114 49.695465
v 0.800000 230.581802 64.998055
v 6.800000 230.581802 64.998055
v 6.800000 190.320114 49.695465
v 0.978418 8.030235 50.208107
v 0.810567 8.519135 89.887535
v 6.810514 8.519447 89.912910
v 6.978365 8.030548 50.233482
v 6.978365 1.031079 50.319725
v 0.825234 1.476946 86.506645
v 6.825294 1.476928 86.505157
v 0.810567 4.660316 89.935081
v 0.826056 1.759473 86.308754
v 6.810514 4.646435 89.960632
v 6.826060 1.740203 86.320747
v 6.110252 8.198989 63.904270
v 6.923435 8.190543 63.218830
v 6.918739 8.204222 64.328941
v 6.920966 6.013885 63.829361
v 6.978365 6.768473 50.249031
v 6.973573 6.728503 51.382553
v 4.039291 5.651486 50.250362
v 1.865493 1.104041 56.241371
v 0.957246 1.092434 55.299408
v 0.978418 5.285694 50.241924
v 0.952193 5.253602 56.442871
v 6.923536 7.355086 63.205070
v 6.963358 6.641783 53.798649
v 6.961647 7.409054 54.193794
v 6.928956 2.906554 61.978420
v 3.488885 6.183568 50.241478
v 3.829415 5.571672 50.250458
v 6.102286 1.031033 50.316021
v 6.886304 1.110790 56.789112
v 6.950682 1.133613 56.863602
v 6.978365 1.388191 50.315323
v 6.949848 2.110652 57.048679
v 6.948820 3.124986 57.279430
v 6.977138 1.366919 50.605812
v 6.213542 1.075063 50.315948
v 2.519646 1.052637 52.069408
v 1.448344 1.066189 53.169338
v 2.534864 1.549618 52.190166
v 120.494392 197.208740 114.172424
v 86.260918 244.637390 138.280151
v 82.579659 244.385162 133.548920
v 116.813133 196.956512 109.441177
v 90.286797 249.260712 134.901245
v 86.605537 249.008484 130.170013
v 121.690819 201.700470 110.480118
v 120.839012 201.579834 106.062256
v 123.572617 203.144989 111.460854
v 121.521942 203.798599 109.911865
v 122.443314 204.063400 111.371979
v 121.330505 201.613510 106.693939
v 122.806747 203.050278 112.061806
v 119.586159 201.096588 107.062836
v 120.369591 201.040756 106.456238
v 119.566284 200.118225 107.130455
v 122.585587 199.610275 112.417282
v 122.671402 201.821732 112.232613
v 122.781944 201.829376 112.146194
v 121.620041 199.815842 110.641754
v 121.692711 199.897110 110.585060
v 121.683586 199.886642 110.592697
v 121.766594 201.707809 110.519791
v 121.725182 201.701019 110.453644
v 98.296516 77.734756 120.088547
v 115.214500 109.305435 119.688400
v 113.663536 110.063736 113.942139
v 96.745552 78.493057 114.342285
v 104.195290 74.548233 118.075928
v 102.644325 75.306534 112.329666
v 115.551880 109.043655 113.297852
v 117.201454 102.471619 111.985359
v 116.604416 101.357491 111.999481
v 119.572517 103.243706 117.712227
v 117.960342 107.822136 118.751541
v 116.800888 103.772591 118.530098
v 115.870255 108.879608 113.815620
v 115.519707 109.078140 114.658722
v 114.648415 108.714775 113.498299
v 112.754715 102.091751 113.135437
v 115.467033 108.710983 113.276848
v 120.029663 105.679825 115.195038
v 118.354462 104.623245 111.958084
v 117.735886 104.752129 112.142052
v 58.247807 262.247314 136.444214
v 83.954628 247.238373 139.644714
v 82.673470 244.001923 134.757599
v 56.966648 259.010864 131.557098
v 61.509769 266.983154 132.452820
v 87.216591 251.974213 135.653320
v 85.935432 248.737762 130.766205
v 60.228611 263.746704 127.565697
v 33.835613 23.198174 16.734406
v 37.644695 23.692596 15.617969
v 34.557980 27.127411 20.939081
v 36.761734 20.869574 25.729635
v 38.619183 24.575642 29.339561
v 42.708389 24.751987 23.604816
v 43.842976 23.310930 27.159542
v 59.696766 28.115753 67.818169
v 59.346260 34.241966 75.855377
v 61.704712 35.239353 74.708199
v 59.650288 27.999857 79.108627
v 62.484013 30.814573 79.326324
v 67.545067 31.338554 75.268517
v 64.842461 31.811958 78.179146
v 53.437767 117.453819 28.212605
v 60.347679 108.757866 28.411779
v 58.047470 111.394478 34.527111
v 62.685421 110.469749 31.169388
v 62.392048 125.453598 27.091484
v 57.848064 126.108795 30.635904
v 63.586662 122.277962 29.210022
v 80.999176 151.488220 55.624443
v 85.543159 150.833023 52.080021
v 87.019913 155.699081 59.034855
v 86.737778 147.657379 54.198559
v 86.895447 155.466156 58.949707
v 83.619148 160.519211 57.313866
v 88.163132 159.864014 53.769447
v 90.618988 161.035843 56.701267
v 86.464622 153.405624 63.913132
v 88.481201 157.109421 60.412403
v 88.504372 155.271744 57.592319
v 88.186325 156.567825 60.924305
v 87.978851 156.978394 60.544224
v 84.955208 150.544678 57.583256
v 86.717232 148.089691 54.929173
v 86.582054 150.934341 59.736637
v 88.567917 155.685684 57.921467
v 88.502533 155.417343 57.815758
v 88.499908 155.625916 58.135826
v 87.602356 154.333969 60.221119
v 88.448364 155.194992 57.728165
v 86.942978 155.507019 58.980766
v 87.072090 155.653915 59.119904
v 86.915085 155.437378 58.961151
v 87.004196 155.169495 59.158710
v 28.421093 37.285809 4.499839
v 29.143461 41.215042 8.704514
v 35.951431 23.501886 24.087709
v 32.230175 37.780231 3.383401
v 38.238045 20.957401 20.145868
v 35.281704 19.858973 20.189428
v 35.127430 19.837082 19.653383
v 38.967262 20.251497 18.606428
v 38.073132 21.035728 18.027184
v 38.454151 21.135742 18.652935
v 30.472479 38.267403 7.898232
v 38.860710 21.464855 17.278629
v 39.822914 22.810663 18.402445
v 36.165688 23.454662 20.762526
v 33.167500 36.277592 4.414337
v 34.129704 37.623402 5.538153
v 37.257774 23.781460 22.365667
v 40.915001 23.137459 20.005587
v 41.811127 22.347736 21.609735
v 61.198708 79.024376 36.187611
v 62.094833 78.234650 37.791759
v 57.541481 79.668373 38.547691
v 36.973228 20.040606 28.026443
v 58.573704 79.555542 45.258957
v 62.662907 79.731895 39.524212
v 63.797497 78.290833 43.078938
v 38.741932 19.612392 27.288319
v 39.199730 19.831104 25.959126
v 38.849926 20.121538 25.394545
v 41.798935 22.246201 22.879267
v 43.650459 22.780495 27.005953
v 39.726250 19.991861 27.127981
v 39.647205 21.100466 27.602631
v 39.692501 20.617294 27.392298
v 38.900700 20.884935 25.940859
v 38.881027 20.513016 25.667421
v 56.951828 27.442160 74.100464
v 31.821077 49.315044 118.417152
v 33.758743 46.320690 120.993835
v 35.308727 47.555573 121.263298
v 58.544518 26.638670 75.400200
v 57.689381 26.302393 75.081245
v 60.120560 25.960268 77.509010
v 58.068520 25.162354 78.124893
v 57.285141 26.140265 78.149445
v 58.864365 26.762903 77.674683
v 61.612617 32.269417 71.858788
v 34.972801 49.478233 122.626007
v 34.668777 55.720337 119.372757
v 37.806526 52.292946 122.843704
v 64.750366 28.842024 75.329735
v 63.513672 28.600113 74.747833
v 63.979736 28.076563 75.270531
v 61.823700 27.935545 74.117508
v 63.852444 28.729937 76.030777
v 63.176384 28.462997 76.378349
v 60.741089 27.050465 77.185059
v 60.647385 27.465893 77.138649
v 59.200607 31.249382 73.032013
v 65.040962 27.348583 73.592331
v 73.845039 54.583420 82.834625
v 76.982788 51.156029 86.305573
v 79.685394 50.682625 83.394943
v 64.089081 27.515322 74.617485
v 63.214474 28.485456 73.614777
v 62.129715 28.049889 76.272163
v 63.852444 28.729937 76.030777
v 62.491264 28.065628 76.605316
v 63.176365 28.462990 76.378357
v 62.491009 28.192776 76.584396
v 62.188747 31.144438 74.783676
v 66.364922 28.806673 74.109550
v 65.742401 29.861559 72.528511
v 78.383553 50.003624 80.990166
v 74.829895 51.286503 83.245331
v 79.006073 48.948738 82.571205
v 58.442261 88.122688 37.776318
v 62.086105 87.517181 35.385551
v 54.972401 110.516273 26.816200
v 58.616245 109.910767 24.425432
v 59.702839 110.781731 25.860960
v 63.172699 88.388145 36.821079
v 59.658451 113.205956 26.234747
v 57.358242 115.842567 32.350079
v 61.996193 114.917839 28.992355
v 61.379482 89.890511 45.051826
v 62.197380 88.952995 42.877365
v 63.028152 89.561790 43.858242
v 63.400719 89.054337 38.055302
v 65.280022 93.724876 39.364857
v 62.323437 94.045982 41.671928
v 61.661201 92.392754 41.206341
v 55.123096 123.121552 27.694666
v 59.667080 122.466354 24.150246
v 60.861698 119.290718 26.268784
v 88.268127 153.820267 55.021259
v 83.724144 154.475464 58.565681
v 86.243004 152.793976 57.939812
v 88.782158 152.453827 55.932835
v 87.139465 148.097717 54.632122
v 62.753666 119.450043 27.754036
v 59.739395 118.579773 31.430553
v 63.257839 117.878250 28.883316
v 89.174744 148.414169 56.272060
v 88.841820 148.318054 56.678127
v 81.951241 142.929520 55.405273
v 84.924477 141.959869 52.728237
v 86.328926 145.478088 53.723240
v 89.302383 148.016235 56.557957
v 88.943893 147.942413 56.965080
v 88.218399 145.241287 55.824909
v 88.006180 145.530457 56.322136
v 61.356785 79.366425 46.040989
v 64.910439 78.083542 43.785824
v 65.911324 79.680817 44.454372
v 75.443359 55.586586 81.765854
v 78.997017 54.303707 79.510689
v 79.997902 55.900978 80.179237
v 62.749393 86.794609 47.907684
v 78.083435 60.908886 86.796257
v 80.763039 56.021584 82.486504
v 82.766380 59.215553 83.822594
v 64.274643 86.243088 46.939152
v 63.663540 85.127304 46.437405
v 69.283730 81.975906 49.629322
v 66.159668 80.673851 45.450970
v 66.548157 82.896873 51.529446
v 65.282608 82.371147 49.842117
v 36.749702 48.425171 120.982460
v 37.452007 50.035721 121.937912
v 34.369339 51.025265 118.349319
v 74.419792 53.556644 84.643166
v 76.800156 50.956551 87.276306
v 77.502464 52.567101 88.231758
v 30.255835 227.295792 63.749111
v 30.255835 225.235168 69.170715
v 32.783855 230.193420 64.850433
v 83.001625 185.025864 53.888039
v 83.001625 187.086487 48.466434
v 85.529648 189.984116 49.567757
v 26.578976 232.650787 73.341866
v 29.281744 236.574783 70.034698
v 31.755651 233.735092 68.687149
v 86.693878 250.724747 133.743637
v 81.517204 249.640442 138.398346
v 84.219971 253.564438 135.091187
v 27.274063 234.928101 70.155655
v 27.274063 229.815796 72.895042
v 30.997114 234.237350 68.866562
v 54.349075 262.369446 133.647308
v 54.349075 267.481750 130.907913
v 58.072124 266.790985 129.618820
v 34.849113 229.677414 64.428925
v 35.815315 230.326736 66.055222
v 34.022381 227.076752 68.418037
v 84.495049 191.831177 50.044403
v 85.461250 192.480499 51.670696
v 83.668312 189.230515 54.033520
v 32.611626 235.197952 70.070129
v 34.223045 234.016388 69.985115
v 32.172668 231.039566 72.493996
v 58.224144 265.993164 127.540764
v 57.785187 261.834778 129.964630
v 59.835564 264.811584 127.455750
v 33.651264 229.128601 70.958687
v 34.127201 233.668747 69.371109
v 35.444199 232.378586 68.595871
v 86.058617 245.335571 133.018158
v 86.534554 249.875717 131.430573
v 87.851555 248.585556 130.655334
v 78.744667 60.642368 88.555359
v 80.540863 55.409630 90.296661
v 83.803902 55.769173 88.011208
v 98.129410 70.598785 117.798157
v 96.333214 75.831520 116.056854
v 101.392448 70.958328 115.512703
v 82.076225 60.096954 89.344345
v 85.784019 58.094002 88.079262
v 85.331200 56.525799 89.234985
v 97.710793 73.598686 113.790588
v 100.965767 70.027519 113.681229
v 101.418587 71.595726 112.525505
v 88.644287 155.116867 55.263813
v 84.100304 155.772064 58.808235
v 85.784142 183.335434 46.380806
v 81.240158 183.990631 49.925224
v 88.239998 184.507263 49.312626
v 89.439407 156.166122 58.340977
v 90.422318 155.965271 57.386436
v 91.059639 156.688293 58.069839
v 89.274902 159.413635 62.018490
v 92.034683 158.479431 58.162220
v 93.046539 159.089920 59.775742
v 86.799675 183.834503 54.330971
v 89.559456 182.900299 50.474701
v 90.571312 183.510788 52.088223
v 82.104218 187.164978 53.729942
v 84.467628 191.449066 50.615314
v 88.120270 190.105789 51.539341
v 85.444458 250.263535 132.254150
v 89.097099 248.920258 133.178162
v 83.081047 245.979446 135.368774
v 84.230400 187.808685 55.616989
v 87.566132 191.639435 52.817314
v 90.110275 188.711029 51.841698
v 118.108070 198.788254 111.004410
v 120.715630 201.782776 108.815887
v 120.827171 199.205536 109.258553
v 121.079681 198.748047 102.474319
v 121.417862 202.610596 108.162323
v 119.870186 201.493042 107.480858
v 117.458984 198.127441 103.932137
v 87.981400 186.988144 55.863091
v 91.753036 186.664429 53.620342
v 91.706825 188.630936 53.258785
v 123.526573 198.943542 105.281654
v 119.801147 197.300751 107.885963
v 119.840530 197.318115 107.858437
v 123.282494 198.835907 105.452286
v 119.841431 197.297287 107.862007
v 118.145332 196.764114 105.178825
v 116.044121 196.083115 101.743515
v 119.204330 195.649567 98.981476
v 120.955116 198.086639 101.546951
v 123.555115 197.729126 105.504936
v 123.283730 197.563477 105.703766
v 122.824120 196.734390 104.419205
v 122.735573 196.820282 104.897659
v 88.492668 187.379135 55.964291
v 89.387207 191.227844 53.180897
v 91.023224 190.285233 53.840397
v 89.430664 243.855591 134.357788
v 90.325203 247.704300 131.574402
v 91.961220 246.761688 132.233902
v 78.353600 248.662094 134.652084
v 83.032509 243.056931 131.312103
v 85.395920 247.341019 128.197479
v 81.056366 252.586090 131.344925
v 89.048561 245.997742 129.121490
v 86.589859 246.303986 140.324631
vn 0.5440 -0.8058 -0.2339
vn -0.0000 -0.9999 0.0123
vn 0.8312 -0.1464 -0.5364
vn 0.8281 -0.1376 -0.5434
vn 0.9007 -0.2181 -0.3759
vn 0.8076 -0.2916 -0.5125
vn 0.8427 -0.4552 -0.2875
vn 0.8074 -0.2920 -0.5127
vn -0.1245 -0.6775 -0.7249
vn 0.4404 -0.6805 0.5856
vn -0.4404 0.6805 -0.5856
vn 0.5410 -0.5909 0.5984
vn 0.3097 -0.9022 0.3002
vn 0.8572 -0.0736 -0.5097
vn 0.5751 0.6605 -0.4827
vn 0.7996 -0.1594 -0.5789
vn 0.7834 -0.1130 -0.6111
vn 0.4075 0.7386 -0.5370
vn 0.4660 0.6766 -0.5702
vn -0.0000 0.3072 -0.9516
vn -0.0000 0.8814 -0.4723
vn -0.0000 0.3553 -0.9348
vn -0.5974 -0.0272 0.8015
vn -0.5481 0.8025 0.2358
vn 0.0046 0.9999 -0.0144
vn -0.8435 0.1531 0.5148
vn -0.8452 0.1584 0.5105
vn -0.9015 0.2137 0.3763
vn -0.8048 0.2883 0.5189
vn -0.8437 0.4506 0.2918
vn -0.8083 0.2826 0.5165
vn 0.1331 0.6708 0.7296
vn -0.4312 0.6839 -0.5885
vn 0.4312 -0.6839 0.5886
vn 0.4312 -0.6839 0.5885
vn -0.5386 0.5904 -0.6011
vn -0.3076 0.9018 -0.3034
vn -0.8621 0.0924 0.4983
vn -0.5752 -0.6621 0.4803
vn -0.5752 -0.6621 0.4804
vn -0.8215 0.1787 0.5415
vn -0.8049 0.1218 0.5808
vn -0.4074 -0.7398 0.5355
vn -0.4676 -0.6762 0.5693
vn 0.0196 -0.3072 0.9514
vn 0.0005 -0.3074 0.9516
vn 0.0006 -0.3074 0.9516
vn 0.0036 -0.8814 0.4723
vn 0.0010 -0.8817 0.4718
vn 0.0005 -0.3553 0.9348
vn 0.0035 -0.3494 0.9370
vn 0.8167 -0.1344 -0.5613
vn 0.6363 0.0978 0.7652
vn 0.5433 0.5507 -0.6337
vn -0.0000 -0.1218 0.9926
vn -1.0000 0.0001 0.0073
vn -0.5444 -0.7621 0.3505
vn 0.3539 -0.1974 0.9142
vn 0.1958 0.8850 -0.4225
vn -0.0223 -0.8082 0.5885
vn -0.6564 0.6703 -0.3462
vn -0.9119 -0.2767 0.3032
vn 0.0350 -0.6388 -0.7686
vn 0.0848 0.0813 0.9931
vn 0.5510 -0.7593 0.3463
vn 0.5709 -0.0052 0.8210
vn 0.4626 -0.4068 0.7877
vn 0.1926 0.5093 0.8388
vn -1.0000 -0.0000 -0.0000
vn -0.0000 0.8834 0.4687
vn 0.0430 -0.8578 0.5122
vn -0.0000 0.5561 0.8311
vn -0.0000 -0.7368 -0.6762
vn -0.0000 0.7368 0.6762
vn -0.0000 -0.8834 -0.4687
vn 0.6247 -0.2399 0.7431
vn -0.0000 -0.8168 0.5770
vn -0.6247 -0.2399 0.7431
vn -0.0000 -0.3072 0.9516
vn -0.0000 0.9998 0.0191
vn 1.0000 -0.0000 -0.0000
vn -0.0000 -0.8222 -0.5692
vn 0.9622 0.0837 -0.2591
vn 0.9622 0.0837 -0.2592
vn -0.9622 0.0837 -0.2592
vn -0.0000 0.3252 0.9457
vn -0.0000 -0.9516 -0.3072
vn -0.0000 0.9516 0.3072
vn -0.9622 0.0837 -0.2591
vn -0.0000 0.1951 -0.9808
vn -0.0000 0.5556 -0.8315
vn -0.0000 0.8315 -0.5556
vn -0.0000 0.9808 -0.1951
vn -0.0000 0.9808 0.1951
vn -0.0000 0.8315 0.5556
vn -0.0000 0.5556 0.8315
vn -0.0000 0.1951 0.9808
vn -0.0000 -0.1951 0.9808
vn -0.0000 -0.5556 0.8315
vn -0.0000 -0.8315 0.5556
vn -0.0000 -0.9808 0.1951
vn -0.0000 -0.9808 -0.1951
vn -0.0000 -0.8315 -0.5556
vn -0.0000 -0.5556 -0.8315
vn -0.0000 -0.1951 -0.9808
vn -0.0000 -0.8168 0.5769
vn -0.0000 0.8315 -0.5555
vn -0.0000 0.8315 0.5555
vn -0.0000 -0.8315 0.5555
vn -0.0000 -0.8315 -0.5555
vn -0.6247 -0.6883 0.3688
vn -0.0000 0.4723 0.8814
vn 0.6247 -0.6883 0.3688
vn -0.0000 -0.4723 -0.8814
vn -0.9622 0.2400 -0.1286
vn -0.0000 0.7069 0.7073
vn -0.0000 -0.1974 -0.9803
vn -0.0000 -0.9885 -0.1510
vn -0.0000 -0.8814 0.4723
vn 0.9622 0.2400 -0.1286
vn -0.0000 -0.4217 0.9067
vn -0.0000 0.9808 -0.1952
vn -0.0000 0.9808 0.1952
vn -0.0000 -0.9808 -0.1952
vn -0.0000 0.8314 -0.5556
vn -0.0000 0.8314 0.5556
vn -0.0000 -0.9808 0.1952
vn -0.0000 -0.5555 -0.8315
vn -0.0000 -0.9348 -0.3553
vn 0.6247 -0.2774 0.7299
vn -0.0000 -0.3553 0.9348
vn -0.0000 -0.7922 -0.6103
vn -0.6247 -0.2774 0.7299
vn -0.0000 0.2766 0.9610
vn -0.0000 0.9348 0.3553
vn -0.9622 0.0968 -0.2546
vn -0.0000 -0.8451 0.5347
vn -0.0000 0.9975 0.0700
vn 0.9622 0.0968 -0.2546
vn -0.0000 0.5555 -0.8315
vn -0.0042 0.0123 0.9999
vn -0.0040 -0.2772 0.9608
vn -0.9622 -0.2724 -0.0007
vn 1.0000 0.0001 0.0042
vn 0.0040 -0.3008 -0.9537
vn -1.0000 -0.0001 -0.0042
vn 0.9622 -0.2723 0.0074
vn 0.9622 -0.2722 0.0074
vn -0.0025 0.8073 0.5901
vn -0.6247 0.7808 -0.0123
vn 0.0025 0.7926 -0.6098
vn 0.0042 -0.0123 -0.9999
vn 0.6247 0.7808 -0.0070
vn -0.0000 0.9999 -0.0123
vn 0.0041 0.1951 -0.9808
vn 0.0035 0.5556 -0.8315
vn 0.0023 0.8315 -0.5556
vn 0.0008 0.9808 -0.1951
vn -0.0009 0.9808 0.1951
vn -0.0024 0.8315 0.5556
vn -0.0035 0.5556 0.8315
vn -0.0042 0.1951 0.9808
vn -0.0041 -0.1951 0.9808
vn -0.0035 -0.5556 0.8315
vn -0.0023 -0.8315 0.5556
vn -0.0008 -0.9808 0.1951
vn 0.0009 -0.9808 -0.1951
vn 0.0024 -0.8315 -0.5556
vn 0.0035 -0.5556 -0.8315
vn 0.0042 -0.1951 -0.9808
vn 0.3515 -0.2101 0.9123
vn 0.3514 -0.2101 0.9123
vn -0.8161 -0.3589 -0.4529
vn -0.2865 -0.9519 -0.1087
vn 0.5411 -0.7497 -0.3811
vn -0.5411 0.7497 0.3811
vn -0.8161 -0.3588 -0.4530
vn -0.7640 -0.6276 0.1498
vn -0.3515 0.2101 -0.9123
vn -0.3514 0.2100 -0.9123
vn 0.5181 -0.0597 0.8532
vn -0.9359 -0.0523 0.3485
vn -0.1659 0.3491 -0.9223
vn -0.3375 0.8806 0.3327
vn 0.7118 -0.5731 -0.4061
vn -0.1659 0.3490 -0.9223
vn -0.3770 -0.6213 0.6869
vn 0.8682 -0.2916 -0.4016
vn 0.9362 0.0878 -0.3404
vn 0.8616 0.4537 -0.2275
vn 0.6559 0.7506 -0.0799
vn 0.3504 0.9332 0.0799
vn -0.0085 0.9737 0.2275
vn -0.3661 0.8661 0.3404
vn -0.6680 0.6265 0.4016
vn -0.8682 0.2916 0.4016
vn -0.9362 -0.0877 0.3404
vn -0.8616 -0.4537 0.2275
vn -0.6559 -0.7506 0.0799
vn -0.3504 -0.9332 -0.0799
vn 0.0085 -0.9737 -0.2275
vn 0.3661 -0.8661 -0.3404
vn 0.6680 -0.6265 -0.4016
vn 0.9362 0.0877 -0.3404
vn -0.3661 0.8661 0.3405
vn 0.0631 -0.0211 0.9978
vn 0.0631 -0.0212 0.9978
vn -0.6471 0.3553 0.6745
vn -0.8792 0.4720 0.0656
vn -0.7259 0.3818 -0.5721
vn 0.4723 0.8814 -0.0112
vn -0.0631 0.0212 -0.9978
vn -0.0631 0.0211 -0.9978
vn -0.9867 -0.1512 0.0592
vn -0.4723 -0.8814 0.0112
vn 0.1597 -0.0980 -0.9823
vn 0.6896 0.7236 -0.0282
vn -0.4200 0.9064 0.0458
vn 0.2818 -0.1390 0.9494
vn -0.2208 -0.9753 -0.0067
vn 0.9899 -0.1262 -0.0652
vn 0.9632 0.2629 -0.0553
vn 0.7899 0.6121 -0.0370
vn 0.4964 0.8680 -0.0130
vn 0.1273 0.9918 0.0130
vn -0.2612 0.9646 0.0370
vn -0.6099 0.7905 0.0553
vn -0.8658 0.4961 0.0652
vn -0.9899 0.1262 0.0652
vn -0.9632 -0.2629 0.0553
vn -0.7900 -0.6120 0.0370
vn -0.4964 -0.8680 0.0130
vn -0.1273 -0.9918 -0.0130
vn 0.2612 -0.9646 -0.0370
vn 0.6099 -0.7905 -0.0553
vn 0.8658 -0.4961 -0.0652
vn -0.7900 -0.6121 0.0370
vn 0.0237 0.2472 0.9687
vn 0.0238 0.2472 0.9687
vn 0.1413 0.4320 0.8907
vn 0.1055 -0.9641 0.2435
vn -0.8586 0.5013 -0.1069
vn 0.0952 -0.0490 -0.9943
vn 0.8586 -0.5013 0.1069
vn 0.0951 -0.0491 -0.9943
vn -0.0237 -0.2472 -0.9687
vn -0.0237 -0.2471 -0.9687
vn -0.0238 -0.2473 -0.9686
vn 0.9580 -0.2825 0.0486
vn -0.7067 0.6895 -0.1586
vn -0.3850 -0.4931 0.7802
vn -0.4146 -0.8019 -0.4301
vn -0.4147 -0.8019 -0.4301
vn -0.9248 -0.3626 0.1152
vn -0.5120 -0.8292 0.2242
vn -0.1034 0.9644 -0.2436
vn -0.4761 0.8548 -0.2065
vn -0.7762 0.6152 -0.1380
vn -0.9582 0.2818 -0.0485
vn -0.9944 -0.0944 0.0485
vn -0.8791 -0.4562 0.1380
vn -0.6300 -0.7486 0.2065
vn -0.2850 -0.9271 0.2436
vn 0.1034 -0.9644 0.2436
vn 0.4761 -0.8548 0.2065
vn 0.7762 -0.6152 0.1380
vn 0.9582 -0.2819 0.0484
vn 0.9944 0.0944 -0.0485
vn 0.8791 0.4562 -0.1380
vn 0.6300 0.7487 -0.2065
vn 0.2850 0.9271 -0.2436
vn -0.8791 -0.4563 0.1380
vn 0.9582 -0.2819 0.0485
vn 0.6300 0.7486 -0.2065
vn -0.0000 0.9910 0.1339
vn -0.0000 -0.9910 -0.1339
vn -0.0000 0.1339 -0.9910
vn -0.0000 -0.1339 0.9910
vn -0.1951 -0.9720 -0.1313
vn -0.5556 -0.8240 -0.1113
vn -0.8315 -0.5506 -0.0744
vn -0.9808 -0.1933 -0.0261
vn -0.9808 0.1933 0.0261
vn -0.8315 0.5506 0.0744
vn -0.5556 0.8240 0.1113
vn -0.1951 0.9720 0.1313
vn 0.1951 0.9720 0.1313
vn 0.5556 0.8240 0.1113
vn 0.8315 0.5506 0.0744
vn 0.9808 0.1933 0.0261
vn 0.9808 -0.1933 -0.0261
vn 0.8315 -0.5506 -0.0744
vn 0.5556 -0.8240 -0.1113
vn 0.1951 -0.9720 -0.1313
vn -0.0372 -0.2291 -0.9727
vn 0.0373 0.2291 0.9727
vn 0.0372 0.2291 0.9727
vn 0.3637 -0.9097 0.2003
vn -0.9308 -0.3464 0.1172
vn -0.3637 0.9097 -0.2003
vn 0.9308 0.3464 -0.1172
vn 0.2835 0.9309 -0.2301
vn 0.5693 0.7951 -0.2091
vn 0.7725 0.6101 -0.1764
vn 0.8781 0.4572 -0.1413
vn 0.9716 0.2192 -0.0888
vn 0.9990 -0.0337 -0.0303
vn 0.9582 -0.2844 0.0303
vn 0.8522 -0.5156 0.0888
vn 0.6881 -0.7117 0.1413
vn 0.6861 -0.7202 0.1029
vn 0.2336 -0.9484 0.2145
vn -0.0259 -0.9728 0.2301
vn -0.2835 -0.9309 0.2301
vn -0.5219 -0.8256 0.2144
vn -0.7247 -0.6640 0.1841
vn -0.8781 -0.4572 0.1413
vn -0.9716 -0.2192 0.0888
vn -0.9990 0.0337 0.0303
vn -0.9582 0.2844 -0.0303
vn -0.8522 0.5156 -0.0888
vn -0.6881 0.7117 -0.1413
vn -0.2336 0.9484 -0.2144
vn 0.0259 0.9728 -0.2301
vn 0.2609 0.0706 0.9628
vn 0.2611 0.0706 0.9627
vn -0.2609 -0.0706 -0.9628
vn -0.2608 -0.0706 -0.9628
vn 0.3554 -0.9343 -0.0278
vn 0.8975 0.3494 -0.2689
vn 0.8976 0.3494 -0.2689
vn -0.3554 0.9343 0.0278
vn -0.8976 -0.3494 0.2689
vn -0.8976 -0.3494 0.2688
vn 0.2610 0.0706 0.9628
vn -0.8975 -0.3495 0.2689
vn -0.8975 -0.3494 0.2689
vn -0.6761 -0.2775 0.6826
vn -0.6760 -0.2775 0.6826
vn 0.6760 0.2775 -0.6826
vn 0.6761 0.2775 -0.6826
vn 0.6455 0.2238 0.7303
vn -0.6455 -0.2238 -0.7303
vn -0.4657 -0.5314 -0.7076
vn -0.5344 -0.4680 -0.7038
vn -0.4644 -0.6040 -0.6478
vn -0.2962 -0.7791 -0.5525
vn 0.1092 -0.9539 -0.2797
vn 0.2941 -0.9510 -0.0954
vn 0.4589 -0.8833 0.0954
vn 0.5925 -0.7555 0.2797
vn 0.6782 -0.6150 0.4023
vn 0.7321 -0.3575 0.5798
vn 0.7287 -0.1145 0.6752
vn 0.6756 0.1362 0.7246
vn 0.5765 0.3777 0.7246
vn 0.4709 0.5498 0.6899
vn 0.0831 0.8917 0.4449
vn -0.1092 0.9539 0.2797
vn -0.2941 0.9510 0.0954
vn -0.4589 0.8833 -0.0954
vn -0.5925 0.7555 -0.2797
vn -0.6857 0.5761 -0.4449
vn -0.7118 0.5648 -0.4177
vn -0.7287 0.1145 -0.6752
vn -0.6756 -0.1362 -0.7246
vn 0.6759 0.2776 -0.6827
vn -0.2621 0.7830 -0.5640
vn 0.2621 -0.7830 0.5640
vn 0.8586 -0.0776 -0.5068
vn -0.4406 -0.6171 -0.6519
vn -0.8586 0.0776 0.5068
vn -0.8585 0.0776 0.5069
vn 0.4407 0.6171 0.6519
vn 0.4406 0.6171 0.6519
vn -0.2621 0.7830 -0.5641
vn -0.0327 -0.6899 -0.7232
vn 0.0327 0.6899 0.7232
vn 0.8023 -0.4496 0.3927
vn 0.5960 0.5674 -0.5682
vn -0.8023 0.4496 -0.3927
vn -0.5960 -0.5674 0.5682
vn 0.6600 0.5393 -0.5230
vn -0.6600 -0.5393 0.5230
vn 0.7500 -0.5132 0.4172
vn 0.0434 0.6676 0.7432
vn -0.7500 0.5132 -0.4172
vn -0.0434 -0.6676 -0.7432
vn 0.5652 -0.8168 0.1158
vn -0.8022 0.4503 -0.3920
vn -0.7495 0.5141 -0.4170
vn -0.5664 0.8159 -0.1164
vn -0.5969 -0.6143 0.5161
vn -0.0430 -0.6828 -0.7293
vn 0.7085 0.5017 -0.4964
vn -0.5496 -0.2681 0.7912
vn 0.7870 0.4918 -0.3726
vn 0.2223 -0.7516 0.6210
vn 0.6900 0.7220 -0.0511
vn 0.4885 0.4219 0.7638
vn 0.4196 -0.7719 0.4777
vn -0.4432 -0.5624 0.6981
vn -0.7642 -0.0483 0.6432
vn -0.8341 -0.2860 0.4716
vn -0.5008 -0.7980 -0.3352
vn -0.0712 -0.2455 -0.9668
vn 0.7985 -0.2774 -0.5343
vn 0.8479 -0.2802 -0.4502
vn -0.9973 0.0705 -0.0225
vn -0.3612 0.8980 0.2511
vn -0.5862 0.3308 -0.7396
vn -0.3119 0.5265 -0.7909
vn -0.1861 0.2521 0.9496
vn -0.4460 -0.4504 0.7735
vn -0.4676 -0.3799 0.7982
vn 0.5075 -0.5574 0.6571
vn -0.7750 0.5908 0.2245
vn -0.9643 -0.2477 -0.0941
vn 0.4916 0.3171 -0.8111
vn -0.6158 -0.2733 -0.7390
vn 0.0962 -0.9494 0.2989
vn 0.5145 0.1667 0.8411
vn -0.7265 0.6185 0.2994
vn 0.4072 0.7261 -0.5541
vn 0.3771 0.9112 -0.1660
vn 0.4954 0.5553 -0.6680
vn 0.7576 0.0422 -0.6514
vn 0.5560 0.6540 -0.5130
vn -0.1006 0.6427 0.7595
vn 0.7976 -0.1468 -0.5850
vn 0.8399 -0.1618 -0.5181
vn -0.7636 0.2531 0.5940
vn -0.7912 0.1195 0.5998
vn 0.3119 -0.5265 0.7909
vn 0.0088 -0.6587 0.7524
vn -0.1378 0.8896 -0.4354
vn -0.8831 0.2067 -0.4213
vn -0.8527 0.0880 -0.5150
vn -0.8526 0.0880 -0.5150
vn -0.3292 -0.9070 -0.2626
vn -0.8140 0.0464 -0.5790
vn 0.8545 -0.3946 -0.3378
vn 0.8500 -0.3346 -0.4069
vn 0.5688 0.6425 0.5135
vn 0.5679 0.6429 0.5139
vn 0.3910 -0.3901 0.8336
vn 0.1454 0.9893 -0.0091
vn 0.8138 -0.1725 -0.5550
vn 0.0107 0.9535 -0.3013
vn 0.5768 -0.4205 0.7003
vn 0.5296 -0.4197 0.7371
vn -0.3909 0.3898 -0.8338
vn 0.7995 -0.1570 -0.5797
vn 0.3632 0.9048 0.2224
vn 0.3672 0.9027 0.2243
vn 0.0737 0.9351 -0.3465
vn -0.1741 -0.6963 0.6963
vn 0.0753 -0.9660 0.2474
vn -0.8119 0.1447 0.5655
vn 0.6892 0.2096 0.6936
vn 0.8126 -0.1987 -0.5479
vn -0.1102 0.9691 -0.2208
vn 0.8043 -0.4301 0.4101
vn 0.6327 0.1957 0.7493
vn 0.0297 0.6321 0.7743
vn -0.7963 0.2857 0.5331
vn 0.6555 -0.2990 0.6935
vn 0.5291 0.6932 -0.4894
vn 0.9245 -0.1776 0.3372
vn -0.7196 0.2907 -0.6306
vn -0.9986 0.0249 0.0464
vn -0.5222 -0.7076 0.4761
vn 0.7750 -0.5908 -0.2245
vn -0.7489 -0.6195 -0.2354
vn -0.1880 0.6451 -0.7406
vn -0.0000 0.9516 0.3073
vn 0.0002 0.5737 0.8191
vn -0.0038 -0.7815 0.6239
vn 0.4548 0.1985 -0.8682
vn 0.6316 0.2087 0.7467
vn 0.3553 -0.9342 -0.0320
vn 0.3551 -0.9343 -0.0314
vn 0.7063 0.1886 -0.6823
vn -0.6471 -0.3502 0.6772
vn -0.3757 0.9259 0.0403
vn 0.3365 -0.9417 -0.0035
vn -0.3678 0.9293 0.0331
vn -0.3780 0.9234 0.0660
vn 0.7264 0.1291 -0.6750
vn -0.7024 0.1883 -0.6864
vn -0.5751 -0.6605 0.4827
vn 0.6135 0.0420 0.7885
vn -0.6136 -0.0420 -0.7885
vn 0.5410 -0.7496 -0.3812
vn 0.5411 -0.7497 -0.3810
vn 0.3418 -0.7868 0.5139
vn 0.8488 -0.0536 -0.5259
vn -0.4423 -0.6078 -0.6595
vn 0.5800 0.0488 0.8132
vn 0.0854 -0.9961 0.0212
vn 0.8725 -0.0742 -0.4830
vn -0.8427 0.4552 0.2875
vn 0.2585 -0.1264 0.9577
vn 0.4725 0.8813 -0.0112
vn -0.2585 0.1264 -0.9577
vn 0.8137 -0.1725 -0.5551
vn 0.0757 0.9345 -0.3479
vn 0.0642 -0.9651 0.2540
vn -0.8118 0.1515 0.5639
vn 0.8125 -0.2026 -0.5466
vn 0.0899 0.9321 -0.3508
vn -0.4660 -0.6766 0.5702
vn 0.2135 0.5394 0.8145
vn -0.2135 -0.5394 -0.8145
vn -0.8976 0.0210 0.4403
vn 0.7780 -0.4553 -0.4329
vn 0.3292 0.9070 0.2626
vn 0.1107 -0.7214 0.6836
vn 0.2186 0.9581 0.1853
vn -0.2787 0.7251 -0.6297
vn 0.0474 -0.9631 -0.2648
vn 0.4398 0.5573 -0.7043
vn 0.5008 0.7980 0.3352
vn 0.3862 -0.9224 -0.0079
vn -0.9987 -0.0511 -0.0046
vn -0.5354 0.6603 -0.5266
vn -0.4533 0.3945 0.7993
vn 0.0289 0.7242 0.6890
vn -0.5035 0.4611 -0.7307
vn -0.0610 -0.0713 -0.9956
vn -0.7824 -0.6223 -0.0260
vn -0.7105 0.1709 0.6827
vn 0.5450 0.5974 0.5882
vn 0.7549 -0.1431 -0.6401
vn 0.7993 -0.1572 -0.5800
vn 0.1378 -0.8896 0.4354
vn 0.3825 0.2411 0.8919
vn -0.4134 -0.7887 0.4551
vn 0.9282 -0.3083 0.2085
vn 0.0135 0.6829 0.7304
vn -0.8411 0.1466 0.5207
vn -0.5450 -0.5975 -0.5882
vn -0.0962 0.9494 -0.2989
vn -0.5577 0.3061 -0.7715
vn 0.3398 -0.7868 0.5152
vn 0.5545 0.6053 0.5711
vn 0.8496 -0.0561 -0.5244
vn 0.5277 -0.4194 0.7387
vn -0.2467 -0.9104 -0.3320
vn 0.8017 -0.1588 -0.5762
vn 0.8015 -0.1586 -0.5765
vn 0.2787 -0.7251 0.6297
vn -0.9523 -0.1236 0.2791
vn 0.8546 0.4864 0.1818
vn -0.7289 -0.4501 0.5158
vn 0.3468 -0.9359 -0.0616
vn 0.4811 0.6729 0.5619
vn -0.7819 -0.5520 -0.2896
vn -0.4481 0.3949 -0.8021
vn 0.0640 -0.2989 0.9521
vn 0.2836 -0.3603 0.8887
vn -0.7448 0.4204 -0.5182
vn 0.8728 0.2434 -0.4230
vn 0.7448 -0.4205 0.5181
vn 0.3800 -0.9236 -0.0509
vn 0.4533 -0.3945 -0.7993
vn -0.7750 -0.6174 -0.1347
vn 0.5233 0.8437 -0.1197
vn -0.2273 -0.1573 -0.9610
vn 0.3663 -0.9305 -0.0009
vn 0.4532 -0.3945 -0.7993
vn 0.7084 0.7037 0.0544
vn -0.8903 -0.2438 -0.3846
vn -0.2264 -0.1584 -0.9611
vn -0.8370 -0.4763 0.2692
vn 0.3663 -0.9305 -0.0021
vn -0.6757 0.1184 0.7277
vn 0.2491 0.2381 -0.9388
vn -0.2264 -0.1586 -0.9610
vn 0.3671 -0.9302 -0.0002
vn -0.3113 0.5274 -0.7905
vn -0.0508 -0.3595 0.9318
vn -0.5433 -0.4355 -0.7178
vn 0.1519 0.4534 0.8783
vn 0.5844 0.4280 0.6894
vn -0.9351 -0.2618 -0.2389
vn 0.5296 -0.4198 0.7371
vn -0.5450 -0.5974 -0.5882
vn 0.5450 0.5974 0.5883
vn -0.2987 0.7939 -0.5296
vn -0.1989 -0.5894 0.7829
vn 0.5276 -0.4195 0.7386
vn 0.2521 -0.7859 0.5646
vn -0.5604 0.7814 -0.2745
vn 0.5280 -0.4196 0.7384
vn -0.8281 0.1805 0.5308
vn 0.7160 -0.4258 0.5532
vn -0.5004 -0.7986 -0.3343
vn 0.1214 0.8477 0.5164
vn 0.5008 0.7985 0.3340
vn -0.8707 -0.4916 0.0161
vn 0.0739 0.9351 -0.3467
vn 0.8128 -0.1989 -0.5475
vn 0.7642 0.0483 -0.6432
vn -0.3512 -0.8053 -0.4777
vn 0.0958 0.9776 0.1873
vn -0.6320 -0.7244 -0.2753
vn 0.5203 0.3946 0.7573
vn -0.6327 -0.1957 -0.7493
vn -0.6185 0.7099 0.3369
vn 0.2446 -0.9685 0.0464
vn 0.3656 0.4396 0.8204
vn -0.3656 -0.4396 -0.8204
vn -0.9308 0.1727 0.3223
vn 0.7662 -0.6426 0.0028
vn 0.4831 0.3247 0.8131
vn -0.6084 -0.6012 -0.5180
vn 0.4660 0.6765 -0.5702
vn 0.8057 -0.5908 -0.0425
vn -0.9263 0.2579 0.2746
vn 0.6327 0.1957 0.7492
vn -0.6327 -0.1957 -0.7492
vn 0.6585 -0.6451 -0.3876
vn -0.7681 0.2816 0.5751
vn -0.4885 -0.4219 -0.7638
vn -0.8158 -0.0899 0.5714
vn 0.4957 0.5862 -0.6408
vn 0.2264 0.7841 -0.5779
vn -0.5548 -0.5254 0.6450
vn -0.6140 -0.2930 -0.7330
vn 0.0606 0.3053 0.9503
vn 0.3398 -0.7867 0.5154
vn 0.5059 0.3052 0.8068
vn -0.8153 -0.2474 -0.5235
vn -0.0097 -0.5845 -0.8113
vn 0.0097 0.5845 0.8113
vn -0.9132 0.3358 -0.2310
vn 0.5204 -0.6958 0.4950
vn -0.5145 -0.1667 -0.8411
vn -0.6360 0.7321 0.2439
vn 0.1971 -0.9776 0.0733
vn 0.3418 -0.7868 0.5140
vn 0.5139 0.1663 0.8416
vn 0.0229 -0.9832 0.1811
vn 0.0231 -0.9833 0.1808
vn -0.3757 0.9256 0.0464
vn -0.3756 0.9256 0.0460
vn 0.3415 -0.7867 0.5142
vn -0.8628 0.0987 0.4958
vn 0.8487 -0.0538 -0.5261
vn 0.6308 -0.7350 0.2486
vn 0.8180 -0.4713 0.3298
vn -0.9827 0.1558 -0.1005
vn 0.4056 0.6931 -0.5958
vn 0.6514 0.7488 0.1225
vn 0.4727 -0.8719 0.1276
vn -0.5241 -0.7141 0.4641
vn -0.2438 0.7177 0.6523
vn -0.6831 -0.1344 -0.7178
vn 0.5439 -0.8059 -0.2339
vn -0.0000 0.8814 -0.4724
vn 0.4472 -0.8944 0.0044
vn -0.0000 -1.0000 -0.0000
vn -0.5996 -0.0344 -0.7995
vn -0.9855 0.1694 -0.0000
vn 0.8944 -0.4472 0.0105
vn 0.8944 0.4472 -0.0000
vn 0.5547 -0.8321 -0.0000
vn -0.4676 -0.6762 0.5692
vn 0.0576 -0.3819 0.9224
vn -0.4677 -0.6762 0.5693
vn 0.0051 -0.3125 0.9499
vn 0.0064 -0.3138 0.9495
vn 0.0006 -0.3137 0.9495
vn 0.0196 -0.3073 0.9514
vn 0.0035 -0.8814 0.4723
vn -0.9473 -0.3079 0.0888
vn -0.0000 -0.9012 0.4333
vn 0.0034 -0.8814 0.4723
vn 0.0012 -0.8819 0.4714
vn 0.0010 -0.8818 0.4716
vn 0.0011 -0.8818 0.4716
vn 0.0010 -0.8819 0.4715
vn 0.0011 -0.8817 0.4718
vn 0.0045 -0.3530 0.9356
vn 0.5958 0.1747 0.7839
vn 0.6727 0.2864 -0.6823
vn -0.0117 0.0123 0.9999
vn -0.9575 -0.2884 -0.0005
vn -0.4486 -0.8369 0.3135
vn 0.0024 0.0114 0.9999
vn 0.0420 0.9431 -0.3298
vn -0.0113 -0.7296 0.6838
vn -0.6730 0.5945 -0.4400
vn -0.8968 -0.3019 0.3235
vn -0.1336 -0.3656 -0.9211
vn -0.0591 0.4761 0.8774
vn 0.2583 -0.7880 0.5589
vn 0.6542 0.0856 0.7515
vn 0.4266 -0.4000 0.8112
vn 0.1906 0.5059 0.8413
vn 0.0035 0.9516 0.3072
vn -0.0029 0.4723 0.8814
vn 0.0198 -0.4722 -0.8813
vn 0.0222 0.9345 0.3552
vn -0.0025 -0.9348 -0.3553
vn -0.0000 -0.4218 0.9067
vn -0.0000 -0.5555 0.8315
vn -0.0000 -0.8451 0.5346
vn -0.0041 -0.2772 0.9608
vn 1.0000 -0.0000 0.0042
vn 0.0041 -0.3008 -0.9537
vn 0.3514 -0.2100 0.9123
vn 0.3515 -0.2100 0.9123
vn 0.3514 -0.2100 0.9124
vn 0.3520 -0.2103 0.9121
vn 0.3516 -0.2100 0.9123
vn 0.3513 -0.2100 0.9124
vn -0.2865 -0.9519 -0.1088
vn -0.3514 0.2101 -0.9123
vn -0.3514 0.2100 -0.9124
vn -0.3515 0.2100 -0.9123
vn -0.3514 0.2101 -0.9124
vn -0.3514 0.2098 -0.9124
vn -0.3513 0.2101 -0.9124
vn 0.9362 0.0877 -0.3405
vn -0.9362 -0.0878 0.3404
vn -0.6560 -0.7506 0.0799
vn 0.3661 -0.8660 -0.3405
vn 0.6560 0.7506 -0.0799
vn -0.3661 0.8660 0.3405
vn 0.0629 -0.0212 0.9978
vn 0.0630 -0.0212 0.9978
vn 0.0630 -0.0211 0.9978
vn 0.0631 -0.0213 0.9978
vn -0.0630 0.0212 -0.9978
vn -0.0630 0.0211 -0.9978
vn -0.0634 0.0211 -0.9978
vn -0.9867 -0.1513 0.0592
vn 0.6896 0.7236 -0.0283
vn 0.7900 0.6121 -0.0370
vn -0.9632 -0.2630 0.0553
vn -0.7899 -0.6121 0.0370
vn 0.9632 0.2630 -0.0553
vn 0.0237 0.2471 0.9687
vn 0.0236 0.2471 0.9687
vn 0.1056 -0.9641 0.2435
vn -0.0238 -0.2472 -0.9687
vn -0.0236 -0.2472 -0.9687
vn -0.0239 -0.2472 -0.9687
vn -0.0238 -0.2473 -0.9687
vn 0.5494 -0.8242 -0.1374
vn -0.9582 0.2818 -0.0484
vn 0.9582 -0.2818 0.0484
vn -0.9582 0.2819 -0.0485
vn -0.9944 -0.0944 0.0484
vn 0.9944 0.0944 -0.0484
vn 0.8791 0.4563 -0.1380
vn -0.0000 0.1340 -0.9910
vn -0.0000 0.1337 -0.9910
vn -0.0000 -0.1338 0.9910
vn -0.0000 -0.1340 0.9910
vn -0.1950 -0.9720 -0.1313
vn 0.1952 -0.9719 -0.1313
vn 0.1950 -0.9720 -0.1313
vn -0.0373 -0.2291 -0.9727
vn 0.5345 0.2673 -0.8018
vn -0.0371 -0.2291 -0.9727
vn -0.0374 -0.2291 -0.9727
vn 0.9545 0.2983 -0.0000
vn -0.0378 -0.2291 -0.9727
vn 0.8296 0.2074 -0.5185
vn 0.0374 0.2291 0.9727
vn 0.0371 0.2291 0.9727
vn 0.0394 0.2292 0.9726
vn -0.3637 0.9097 -0.2004
vn -0.0372 -0.2292 -0.9727
vn 0.5223 0.8281 -0.2038
vn -0.0382 -0.2289 -0.9727
vn 0.7250 0.6665 -0.1735
vn 0.8780 0.4572 -0.1413
vn 0.9716 0.2193 -0.0888
vn 0.9582 -0.2843 0.0303
vn 0.4771 -0.8594 0.1841
vn 0.4779 -0.8525 0.2117
vn 0.2336 -0.9484 0.2144
vn -0.0258 -0.9728 0.2301
vn -0.5219 -0.8256 0.2145
vn 0.4470 -0.0279 -0.8941
vn -0.8780 -0.4572 0.1413
vn -0.6861 0.7202 -0.1029
vn -0.8523 0.5155 -0.0888
vn -0.4782 0.8496 -0.2223
vn -0.4771 0.8593 -0.1841
vn -0.9970 -0.0779 -0.0000
vn -0.2611 -0.0706 -0.9627
vn 0.8975 0.3495 -0.2689
vn -0.3555 0.9343 0.0278
vn 0.7044 -0.7044 0.0880
vn -0.9222 -0.1729 0.3458
vn -0.6760 -0.2775 0.6827
vn -0.6761 -0.2775 0.6825
vn 0.9999 -0.0000 -0.0134
vn -0.6760 -0.2776 0.6826
vn -0.6172 0.7715 0.1543
vn -0.0000 -0.0000 1.0000
vn -0.6765 -0.2775 0.6822
vn 0.6396 0.6396 0.4264
vn -0.6760 -0.2776 0.6827
vn 0.9918 -0.1240 -0.0310
vn 0.8240 0.5665 -0.0000
vn 0.6761 0.2776 -0.6826
vn -0.0000 0.9884 -0.1521
vn 0.6761 0.2775 -0.6825
vn 0.6765 0.2775 -0.6822
vn 0.6758 0.2776 -0.6828
vn 0.6764 0.2773 -0.6823
vn 0.6761 0.2776 -0.6825
vn -0.6136 -0.3150 -0.7241
vn -0.5955 -0.3855 -0.7048
vn -0.6755 -0.2776 0.6831
vn -0.4381 -0.5935 -0.6752
vn -0.2698 -0.7688 -0.5798
vn -0.2504 -0.7606 -0.5990
vn -0.0831 -0.8917 -0.4449
vn -0.0639 -0.8835 -0.4641
vn 0.4589 -0.8834 0.0954
vn 0.6782 -0.5791 0.4523
vn 0.6899 -0.3736 0.6200
vn 0.6830 0.1393 0.7170
vn 0.7287 -0.1146 0.6752
vn 0.6505 0.2039 0.7317
vn 0.6760 0.2776 -0.6826
vn 0.4306 0.5904 0.6826
vn 0.2698 0.7688 0.5798
vn -0.4589 0.8834 -0.0954
vn -0.7287 0.1146 -0.6752
vn -0.7126 0.3653 -0.5990
vn -0.7321 0.3575 -0.5798
vn 0.6756 0.2777 -0.6830
vn -0.4405 -0.6170 -0.6521
vn -0.8586 0.0777 0.5067
vn -0.4410 -0.6167 -0.6521
vn -0.4532 0.8702 -0.1934
vn 0.4406 0.6171 0.6520
vn -0.6905 -0.5526 0.4668
vn 0.6288 0.5599 -0.5396
vn -0.5495 -0.2682 0.7913
vn 0.7286 0.5660 -0.3856
vn 0.3006 0.9513 -0.0683
vn 0.3947 -0.7756 0.4926
vn -0.9003 0.3224 0.2925
vn 0.1134 -0.6956 0.7094
vn 0.1479 0.2360 -0.9604
vn -0.7160 0.6290 0.3029
vn -0.1381 0.6311 0.7633
vn 0.8403 -0.1618 -0.5174
vn 0.8403 -0.1616 -0.5175
vn 0.8403 -0.1618 -0.5175
vn 0.0874 -0.7564 0.6483
vn -0.1378 0.8897 -0.4353
vn 0.5927 0.6419 0.4866
vn 0.5934 0.6301 0.5009
vn 0.8201 -0.1308 -0.5571
vn 0.5219 0.6614 0.5387
vn 0.5638 0.6379 0.5246
vn 0.8128 -0.1985 -0.5477
vn 0.5983 0.6314 0.4934
vn 0.5610 0.6466 0.5168
vn 0.5543 0.6508 0.5188
vn -0.0968 0.9686 -0.2289
vn 0.8137 -0.1727 -0.5551
vn 0.0108 0.9535 -0.3012
vn 0.5770 -0.4202 0.7003
vn 0.5771 -0.4201 0.7003
vn -0.3910 0.3898 -0.8338
vn -0.3913 0.3899 -0.8336
vn 0.7996 -0.1569 -0.5797
vn 0.8001 -0.1570 -0.5790
vn 0.7996 -0.1571 -0.5796
vn 0.7998 -0.1572 -0.5794
vn 0.3663 0.9035 0.2224
vn 0.3662 0.9036 0.2224
vn 0.8144 -0.0467 0.5784
vn 0.3570 0.9025 0.2411
vn 0.3570 0.9025 0.2412
vn 0.3663 0.9036 0.2223
vn 0.0738 0.9352 -0.3464
vn 0.0739 0.9350 -0.3468
vn 0.3906 -0.3896 0.8340
vn 0.0968 -0.9687 0.2286
vn 0.0978 -0.9683 0.2297
vn 0.0944 -0.9687 0.2295
vn 0.0618 -0.9648 0.2554
vn -0.8120 0.1447 0.5655
vn 0.6596 0.1942 0.7261
vn 0.6593 0.1945 0.7263
vn 0.7987 -0.1565 -0.5810
vn 0.4856 0.7800 0.3947
vn 0.6596 0.1941 0.7261
vn 0.6720 0.0731 0.7370
vn 0.6579 0.2165 0.7213
vn 0.6892 0.2095 0.6937
vn 0.6598 0.1940 0.7260
vn 0.6567 0.5057 0.5595
vn 0.6739 0.1927 0.7133
vn 0.8127 -0.1985 -0.5479
vn 0.8127 -0.2018 -0.5467
vn -0.1099 0.9691 -0.2207
vn -0.1101 0.9691 -0.2209
vn 0.8042 -0.4302 0.4100
vn 0.6733 -0.2836 0.6828
vn -0.3181 0.5665 -0.7602
vn -0.0045 -0.7809 0.6246
vn 0.7060 0.1891 -0.6825
vn 0.7058 0.1885 -0.6829
vn -0.3745 0.9264 0.0394
vn -0.3778 0.9249 0.0414
vn 0.3368 -0.9416 -0.0039
vn 0.3362 -0.9418 -0.0042
vn 0.7307 0.1277 -0.6707
vn 0.7258 0.1414 -0.6732
vn 0.7223 0.1541 -0.6742
vn 0.6134 0.0420 0.7886
vn 0.6136 0.0420 0.7885
vn -0.6135 -0.0420 -0.7885
vn 0.5518 -0.7421 -0.3806
vn 0.3419 -0.7868 0.5139
vn 0.8488 -0.0536 -0.5260
vn 0.8489 -0.0534 -0.5258
vn 0.6092 0.0450 0.7917
vn 0.0638 -0.9960 0.0626
vn 0.8724 -0.0742 -0.4830
vn 0.0756 0.9345 -0.3479
vn 0.0642 -0.9651 0.2539
vn 0.8124 -0.2027 -0.5467
vn 0.8127 -0.2024 -0.5465
vn -0.9527 -0.1225 0.2782
vn 0.3651 0.8643 -0.3461
vn 0.3576 -0.9071 -0.2220
vn 0.5955 0.0871 0.7986
vn -0.4134 -0.7887 0.4550
vn 0.9281 -0.3084 0.2085
vn 0.9282 -0.3083 0.2084
vn 0.0135 0.6830 0.7303
vn 0.0135 0.6829 0.7303
vn 0.3396 -0.7866 0.5156
vn 0.3403 -0.7868 0.5150
vn 0.3398 -0.7880 0.5134
vn 0.5548 0.6055 0.5706
vn 0.5543 0.6056 0.5709
vn 0.8500 -0.0574 -0.5237
vn 0.8501 -0.0571 -0.5235
vn 0.5279 -0.4195 0.7385
vn -0.2468 -0.9104 -0.3321
vn 0.8018 -0.1585 -0.5761
vn 0.8014 -0.1586 -0.5767
vn 0.2840 -0.3599 0.8887
vn 0.8758 0.2272 -0.4258
vn 0.8721 0.2451 -0.4235
vn -0.2268 -0.1576 -0.9611
vn 0.3666 -0.9304 -0.0007
vn -0.8903 -0.2438 -0.3845
vn 0.3663 -0.9305 -0.0020
vn 0.3668 -0.9303 -0.0027
vn -0.6757 0.1183 0.7276
vn 0.3671 -0.9302 0.0010
vn 0.5450 0.5975 0.5882
vn 0.7997 -0.1594 -0.5789
vn 0.2521 -0.7859 0.5647
vn -0.8281 0.1804 0.5308
vn 0.8127 -0.1990 -0.5476
vn 0.5203 0.3946 0.7574
vn 0.7834 -0.1129 -0.6111
vn 0.1971 -0.9776 0.0732
vn 0.0231 -0.9832 0.1808
vn -0.3757 0.9256 0.0463
vn -0.3757 0.9256 0.0462
vn -0.8630 0.0971 0.4957
vn -0.8630 0.0982 0.4957
vn 0.6308 -0.7350 0.2487
vn -0.6832 -0.1436 -0.7160
s 0
f 10//1 16//1 317//1
f 18//1 321//1 317//1
f 10//2 317//2 315//2
f 265//3 267//3 673//3
f 267//4 271//4 673//4
f 265//5 673//5 671//5
f 671//6 673//6 675//6
f 675//7 828//7 799//7
f 673//8 828//8 675//8
f 1//9 267//9 265//9
f 322//10 671//10 365//10
f 351//11 335//11 355//11
f 365//12 671//12 675//12
f 365//13 675//13 799//13
f 829//14 831//14 962//14
f 831//15 930//15 962//15
f 271//16 829//16 673//16
f 271//17 831//17 829//17
f 500//18 930//18 831//18
f 500//19 657//19 930//19
f 267//20 410//20 831//20
f 591//21 594//21 596//21
f 657//21 644//21 648//21
f 411//22 500//22 831//22
f 267//23 831//23 271//23
f 21//24 23//24 320//24
f 273//25 9//25 316//25
f 266//26 672//26 268//26
f 268//27 672//27 270//27
f 266//28 269//28 672//28
f 269//29 674//29 672//29
f 801//30 674//30 798//30
f 672//31 781//31 827//31
f 2//32 266//32 268//32
f 269//33 319//33 366//33
f 357//34 358//34 338//34
f 354//35 360//35 337//35
f 356//35 350//35 334//35
f 269//36 366//36 674//36
f 366//37 798//37 674//37
f 830//38 963//38 832//38
f 832//39 968//39 925//39
f 929//40 969//40 963//40
f 270//41 672//41 830//41
f 270//42 830//42 832//42
f 501//43 832//43 929//43
f 929//44 928//44 923//44
f 922//44 642//44 501//44
f 3//45 139//45 141//45
f 215//46 223//46 413//46
f 404//47 832//47 413//47
f 490//48 523//48 546//48
f 593//49 590//49 595//49
f 412//50 488//50 493//50
f 494//51 832//51 501//51
f 268//52 270//52 832//52
f 321//53 318//53 317//53
f 321//54 9//54 320//54
f 318//55 315//55 317//55
f 9//56 315//56 316//56
f 266//57 671//57 269//57
f 798//58 828//58 827//58
f 673//59 827//59 828//59
f 266//60 1//60 265//60
f 1//61 268//61 267//61
f 319//62 365//62 366//62
f 269//63 322//63 319//63
f 798//64 365//64 799//64
f 963//65 829//65 962//65
f 930//66 963//66 962//66
f 830//67 673//67 829//67
f 930//68 656//68 929//68
f 410//69 3//69 413//69
f 410//70 832//70 831//70
f 3//71 267//71 268//71
f 594//69 490//69 593//69
f 594//72 656//72 657//72
f 501//73 491//73 500//73
f 411//69 493//69 492//69
f 492//74 501//74 500//74
f 832//75 411//75 831//75
f 194//69 219//69 216//69
f 189//69 5//69 219//69
f 149//69 148//69 140//69
f 214//76 222//76 221//76
f 6//77 7//77 8//77
f 198//78 220//78 219//78
f 7//76 214//76 171//76
f 7//76 222//76 214//76
f 6//79 171//79 158//79
f 215//80 218//80 217//80
f 5//78 198//78 219//78
f 5//78 158//78 198//78
f 144//81 165//81 166//81
f 209//81 218//81 222//81
f 170//81 144//81 218//81
f 158//79 214//79 198//79
f 7//76 171//76 8//76
f 198//79 221//79 220//79
f 144//82 139//82 142//82
f 144//83 146//83 218//83
f 146//84 217//84 218//84
f 5//78 6//78 158//78
f 145//85 216//85 215//85
f 145//85 140//85 216//85
f 219//86 221//86 222//86
f 142//84 143//84 144//84
f 7//87 140//87 144//87
f 216//88 222//88 218//88
f 139//89 140//89 141//89
f 155//90 174//90 173//90
f 154//91 173//91 172//91
f 151//92 172//92 168//92
f 150//93 168//93 167//93
f 149//94 167//94 166//94
f 148//95 166//95 165//95
f 148//96 169//96 152//96
f 147//97 169//97 164//97
f 147//98 170//98 153//98
f 153//99 176//99 159//99
f 159//100 177//100 160//100
f 160//101 178//101 161//101
f 161//102 179//102 162//102
f 162//103 180//103 163//103
f 157//104 180//104 175//104
f 156//105 175//105 174//105
f 189//90 211//90 205//90
f 188//91 205//91 204//91
f 187//92 204//92 203//92
f 186//93 203//93 202//93
f 183//94 202//94 199//94
f 184//95 199//95 200//95
f 184//96 201//96 185//96
f 181//97 201//97 182//97
f 181//98 206//98 190//98
f 190//99 207//99 191//99
f 191//100 208//100 192//100
f 192//101 209//101 193//101
f 193//102 210//102 194//102
f 194//103 213//103 197//103
f 196//104 213//104 212//104
f 195//105 212//105 211//105
f 238//106 240//106 239//106
f 383//69 406//69 403//69
f 378//69 237//69 406//69
f 224//69 242//69 241//69
f 240//76 409//76 253//76
f 240//76 408//76 409//76
f 224//87 240//87 237//87
f 402//80 405//80 404//80
f 237//78 407//78 406//78
f 237//78 252//78 407//78
f 252//79 409//79 407//79
f 239//76 240//76 253//76
f 238//79 253//79 252//79
f 226//82 223//82 225//82
f 224//85 402//85 223//85
f 232//81 254//81 240//81
f 398//81 405//81 399//81
f 235//81 226//81 405//81
f 237//78 238//78 252//78
f 226//83 404//83 405//83
f 403//88 408//88 405//88
f 406//86 409//86 408//86
f 245//90 264//90 258//90
f 244//91 258//91 257//91
f 243//92 257//92 256//92
f 242//93 256//93 255//93
f 241//94 255//94 254//94
f 227//95 254//95 232//95
f 227//96 233//96 228//96
f 228//97 234//97 229//97
f 229//98 235//98 230//98
f 230//99 236//99 231//99
f 231//100 259//100 246//100
f 246//101 260//101 247//101
f 247//102 262//102 249//102
f 249//103 263//103 250//103
f 248//104 263//104 261//104
f 251//105 261//105 264//105
f 378//90 401//90 393//90
f 392//91 378//91 393//91
f 376//107 392//107 391//107
f 375//93 391//93 390//93
f 374//94 390//94 389//94
f 371//108 389//108 386//108
f 371//96 385//96 370//96
f 370//97 387//97 372//97
f 372//98 388//98 373//98
f 373//99 395//99 380//99
f 380//109 396//109 381//109
f 382//101 396//101 397//101
f 382//102 398//102 383//102
f 383//110 399//110 384//110
f 379//104 399//104 394//104
f 400//105 394//105 401//105
f 554//69 502//69 575//69
f 573//69 575//69 585//69
f 502//69 505//69 528//69
f 502//111 503//111 511//111
f 575//112 587//112 585//112
f 502//111 511//111 576//111
f 502//111 576//111 575//111
f 513//81 538//81 537//81
f 581//81 587//81 583//81
f 540//81 526//81 587//81
f 512//113 513//113 514//113
f 502//114 526//114 513//114
f 522//115 524//115 523//115
f 584//116 587//116 586//116
f 546//115 522//115 585//115
f 526//117 523//117 525//117
f 513//113 583//113 582//113
f 513//113 582//113 514//113
f 512//118 502//118 513//118
f 503//119 514//119 511//119
f 511//119 582//119 576//119
f 546//115 585//115 584//115
f 525//120 527//120 526//120
f 526//120 547//120 587//120
f 576//121 583//121 575//121
f 547//120 586//120 587//120
f 510//90 544//90 521//90
f 509//91 521//91 520//91
f 519//107 509//107 520//107
f 518//122 508//122 519//122
f 506//123 518//123 517//123
f 504//108 517//108 515//108
f 504//96 516//96 505//96
f 505//97 537//97 528//97
f 528//98 538//98 529//98
f 529//99 539//99 530//99
f 531//109 539//109 540//109
f 532//101 540//101 541//101
f 532//124 542//124 533//124
f 533//110 543//110 534//110
f 536//104 543//104 545//104
f 535//105 545//105 544//105
f 571//90 579//90 578//90
f 570//91 578//91 577//91
f 565//125 570//125 577//125
f 564//93 554//93 565//93
f 552//94 564//94 563//94
f 551//126 563//126 562//126
f 551//96 559//96 548//96
f 548//97 560//97 549//97
f 549//98 561//98 550//98
f 550//99 566//99 555//99
f 556//109 566//109 567//109
f 556//127 568//127 557//127
f 557//124 569//124 558//124
f 558//110 581//110 574//110
f 573//128 581//128 580//128
f 572//105 580//105 579//105
f 414//129 438//129 418//129
f 438//130 498//130 444//130
f 438//130 499//130 498//130
f 419//131 444//131 436//131
f 416//132 415//132 417//132
f 418//133 497//133 496//133
f 418//133 436//133 497//133
f 436//131 498//131 497//131
f 437//130 438//130 444//130
f 496//134 498//134 499//134
f 489//135 499//135 495//135
f 415//136 489//136 488//136
f 419//137 438//137 437//137
f 439//81 445//81 438//81
f 485//81 495//81 486//81
f 442//81 416//81 495//81
f 418//133 419//133 436//133
f 488//138 495//138 494//138
f 469//69 496//69 489//69
f 465//69 418//69 496//69
f 418//69 425//69 420//69
f 417//139 495//139 416//139
f 449//90 430//90 450//90
f 448//140 429//140 449//140
f 447//107 428//107 448//107
f 446//93 427//93 447//93
f 425//94 446//94 445//94
f 420//108 445//108 439//108
f 421//96 439//96 440//96
f 421//97 441//97 422//97
f 422//98 442//98 423//98
f 423//99 443//99 424//99
f 431//109 443//109 451//109
f 432//101 451//101 452//101
f 432//102 453//102 433//102
f 433//110 454//110 434//110
f 435//128 454//128 455//128
f 430//105 455//105 450//105
f 465//90 487//90 481//90
f 460//91 481//91 476//91
f 475//107 460//107 476//107
f 474//93 459//93 475//93
f 457//94 474//94 473//94
f 456//108 473//108 472//108
f 456//96 477//96 461//96
f 461//97 478//97 462//97
f 462//98 479//98 463//98
f 463//99 480//99 464//99
f 467//100 480//100 483//100
f 468//101 483//101 484//101
f 468//102 485//102 469//102
f 469//110 486//110 470//110
f 466//104 486//104 482//104
f 471//105 482//105 487//105
f 292//141 296//141 314//141
f 273//142 296//142 274//142
f 16//2 17//2 18//2
f 11//143 12//143 26//143
f 21//144 47//144 46//144
f 296//144 23//144 50//144
f 305//144 306//144 314//144
f 274//143 26//143 272//143
f 13//145 11//145 20//145
f 16//145 19//145 17//145
f 284//146 274//146 285//146
f 11//146 274//146 276//146
f 11//146 28//146 29//146
f 63//147 22//147 296//147
f 17//148 19//148 18//148
f 63//147 296//147 294//147
f 272//143 273//143 274//143
f 313//149 292//149 314//149
f 14//150 292//150 15//150
f 15//151 25//151 14//151
f 14//152 21//152 20//152
f 24//153 44//153 25//153
f 25//153 44//153 314//153
f 294//147 296//147 295//147
f 15//154 44//154 24//154
f 15//150 292//150 291//150
f 15//154 291//154 44//154
f 291//150 292//150 293//150
f 44//154 291//154 313//154
f 44//153 313//153 314//153
f 291//154 293//154 313//154
f 58//155 41//155 59//155
f 52//156 40//156 58//156
f 33//157 52//157 51//157
f 50//158 33//158 51//158
f 49//159 32//159 50//159
f 45//160 31//160 49//160
f 27//161 46//161 28//161
f 28//162 47//162 29//162
f 30//163 47//163 48//163
f 35//164 48//164 53//164
f 36//165 53//165 54//165
f 37//166 54//166 55//166
f 38//167 55//167 56//167
f 39//168 56//168 57//168
f 42//169 57//169 60//169
f 59//170 42//170 60//170
f 283//155 306//155 305//155
f 282//156 305//156 304//156
f 281//157 304//157 303//157
f 276//158 303//158 298//158
f 275//159 298//159 297//159
f 300//160 275//160 297//160
f 277//161 300//161 299//161
f 277//162 301//162 279//162
f 280//163 301//163 302//163
f 286//164 302//164 308//164
f 309//165 286//165 308//165
f 310//166 287//166 309//166
f 311//167 288//167 310//167
f 312//168 289//168 311//168
f 285//169 312//169 307//169
f 306//170 285//170 307//170
f 888//171 965//171 992//171
f 909//172 920//172 926//172
f 1004//171 988//171 987//171
f 884//173 885//173 886//173
f 960//174 965//174 964//174
f 961//175 1004//175 965//175
f 885//176 926//176 924//176
f 885//177 961//177 960//177
f 885//173 960//173 886//173
f 884//178 886//178 887//178
f 886//178 960//178 887//178
f 887//178 960//178 964//178
f 961//179 981//179 982//179
f 924//179 966//179 999//179
f 906//180 885//180 907//180
f 1003//181 1004//181 969//181
f 884//182 888//182 885//182
f 924//183 1002//183 966//183
f 966//183 967//183 968//183
f 925//184 926//184 1003//184
f 968//185 1004//185 966//185
f 966//186 1002//186 967//186
f 887//187 965//187 888//187
f 972//188 994//188 976//188
f 971//189 976//189 975//189
f 970//190 975//190 992//190
f 974//191 992//191 993//191
f 973//192 993//192 985//192
f 986//193 973//193 985//193
f 981//194 986//194 987//194
f 988//195 981//195 987//195
f 984//196 988//196 990//196
f 991//197 984//197 990//197
f 991//198 999//198 983//198
f 998//199 989//199 996//199
f 997//200 996//200 1001//200
f 1000//201 997//201 1001//201
f 978//202 1000//202 995//202
f 995//203 977//203 978//203
f 902//188 904//188 908//188
f 897//204 902//204 901//204
f 897//190 900//190 896//190
f 898//191 900//191 899//191
f 889//192 899//192 910//192
f 911//193 889//193 910//193
f 891//205 911//205 912//205
f 892//195 912//195 913//195
f 914//196 892//196 913//196
f 914//197 894//197 893//197
f 895//198 915//198 919//198
f 918//199 895//199 919//199
f 907//200 918//200 917//200
f 920//201 907//201 917//201
f 909//202 906//202 920//202
f 908//203 905//203 909//203
f 786//206 785//206 741//206
f 820//207 800//207 826//207
f 819//207 822//207 826//207
f 741//208 814//208 740//208
f 739//209 740//209 804//209
f 739//210 804//210 772//210
f 736//210 739//210 772//210
f 772//211 826//211 780//211
f 764//212 736//212 772//212
f 772//212 777//212 776//212
f 736//213 747//213 748//213
f 740//209 814//209 804//209
f 804//209 814//209 813//209
f 772//210 804//210 813//210
f 736//214 740//214 739//214
f 736//215 800//215 741//215
f 742//216 760//216 759//216
f 780//217 825//217 824//217
f 780//216 779//216 761//216
f 742//216 761//216 760//216
f 772//218 814//218 815//218
f 800//219 801//219 802//219
f 800//219 802//219 823//219
f 826//219 823//219 825//219
f 800//220 759//220 801//220
f 782//221 744//221 787//221
f 783//222 743//222 782//222
f 784//223 746//223 783//223
f 745//224 785//224 747//224
f 748//225 785//225 786//225
f 752//226 786//226 791//226
f 753//227 791//227 792//227
f 753//228 793//228 754//228
f 758//229 793//229 797//229
f 758//230 796//230 757//230
f 756//231 796//231 795//231
f 794//232 756//232 795//232
f 751//233 794//233 790//233
f 789//234 751//234 790//234
f 749//235 789//235 788//235
f 787//236 749//236 788//236
f 762//221 807//221 803//221
f 763//222 803//222 806//222
f 765//223 806//223 805//223
f 765//224 810//224 766//224
f 769//225 810//225 811//225
f 769//226 816//226 773//226
f 774//227 816//227 817//227
f 774//228 820//228 775//228
f 778//229 820//229 821//229
f 778//230 822//230 777//230
f 777//237 819//237 776//237
f 818//232 776//232 819//232
f 770//233 818//233 812//233
f 768//234 812//234 809//234
f 767//235 809//235 808//235
f 807//236 767//236 808//236
f 662//238 665//238 877//238
f 877//238 880//238 879//238
f 658//239 668//239 669//239
f 658//240 928//240 838//240
f 875//241 876//241 877//241
f 631//242 658//242 654//242
f 654//243 655//243 839//243
f 876//244 927//244 877//244
f 654//245 839//245 856//245
f 921//243 856//243 922//243
f 650//246 631//246 654//246
f 855//247 854//247 876//247
f 653//248 652//248 921//248
f 922//249 928//249 927//249
f 655//250 658//250 838//250
f 665//251 875//251 877//251
f 631//252 876//252 863//252
f 636//253 631//253 863//253
f 631//254 659//254 665//254
f 863//253 876//253 874//253
f 632//255 636//255 659//255
f 636//255 863//255 659//255
f 659//255 863//255 875//255
f 863//255 874//255 875//255
f 638//256 664//256 639//256
f 639//257 857//257 833//257
f 834//258 857//258 858//258
f 860//259 834//259 858//259
f 835//260 860//260 861//260
f 837//261 861//261 862//261
f 653//262 862//262 859//262
f 652//263 859//263 670//263
f 651//264 670//264 669//264
f 650//265 669//265 668//265
f 667//266 650//266 668//266
f 666//267 649//267 667//267
f 633//268 666//268 660//268
f 661//269 633//269 660//269
f 635//270 662//270 637//270
f 637//271 663//271 638//271
f 842//256 872//256 843//256
f 843//257 878//257 851//257
f 879//258 851//258 878//258
f 855//259 879//259 880//259
f 883//260 855//260 880//260
f 882//272 854//272 883//272
f 849//262 882//262 881//262
f 873//263 849//263 881//263
f 848//264 873//264 870//264
f 869//265 848//265 870//265
f 867//266 847//266 869//266
f 845//273 867//273 866//273
f 865//268 845//268 866//268
f 840//269 865//269 864//269
f 840//274 868//274 841//274
f 842//271 868//271 871//271
f 592//275 648//275 645//275
f 588//276 641//276 640//276
f 590//277 602//277 599//277
f 623//277 609//277 642//277
f 592//277 644//277 591//277
f 603//277 604//277 641//277
f 641//81 646//81 647//81
f 644//81 645//81 648//81
f 617//278 588//278 640//278
f 595//278 619//278 647//278
f 590//69 588//69 595//69
f 591//69 596//69 592//69
f 608//279 620//279 619//279
f 609//280 628//280 620//280
f 623//281 630//281 628//281
f 630//282 624//282 629//282
f 629//283 622//283 627//283
f 627//284 621//284 626//284
f 621//285 618//285 626//285
f 603//286 618//286 604//286
f 603//287 614//287 617//287
f 601//288 613//288 614//288
f 600//289 610//289 613//289
f 597//290 611//290 610//290
f 598//291 612//291 611//291
f 602//292 612//292 599//292
f 615//293 605//293 616//293
f 606//294 619//294 616//294
f 679//295 681//295 367//295
f 737//295 718//295 714//295
f 693//296 694//296 695//296
f 735//297 726//297 733//297
f 734//298 693//298 367//298
f 367//299 369//299 368//299
f 737//300 369//300 738//300
f 738//301 734//301 737//301
f 702//302 687//302 701//302
f 681//303 701//303 686//303
f 680//304 700//304 681//304
f 695//305 680//305 678//305
f 696//306 678//306 676//306
f 696//307 682//307 697//307
f 698//308 682//308 685//308
f 698//309 683//309 699//309
f 684//310 699//310 683//310
f 704//311 684//311 690//311
f 704//312 692//312 705//312
f 705//313 710//313 723//313
f 724//314 710//314 712//314
f 713//315 725//315 724//315
f 726//316 714//316 733//316
f 730//317 714//317 718//317
f 731//318 718//318 719//318
f 732//319 719//319 717//319
f 729//320 716//320 715//320
f 728//321 715//321 709//321
f 727//322 709//322 708//322
f 721//323 707//323 706//323
f 720//323 706//323 689//323
f 702//324 689//324 688//324
f 353//325 335//325 342//325
f 350//326 364//326 363//326
f 347//327 325//327 330//327
f 349//327 354//327 324//327
f 351//328 340//328 341//328
f 352//329 342//329 340//329
f 347//330 364//330 356//330
f 348//331 358//331 354//331
f 353//330 351//330 355//330
f 339//332 363//332 347//332
f 337//333 329//333 324//333
f 334//334 328//334 330//334
f 342//333 341//333 340//333
f 337//335 361//335 336//335
f 362//335 338//335 359//335
f 344//327 327//327 343//327
f 346//329 333//329 326//329
f 344//329 326//329 323//329
f 345//329 332//329 325//329
f 362//330 358//330 348//330
f 361//330 358//330 346//330
f 343//332 336//332 361//332
f 336//332 349//332 329//332
f 332//336 331//336 325//336
f 338//337 327//337 326//337
f 64//338 87//338 86//338
f 118//339 102//339 110//339
f 65//340 68//340 67//340
f 136//341 123//341 130//341
f 118//329 65//329 138//329
f 137//342 138//342 136//342
f 137//332 61//332 62//332
f 62//343 65//343 64//343
f 129//344 113//344 127//344
f 111//345 127//345 112//345
f 125//346 111//346 102//346
f 124//347 101//347 105//347
f 100//348 104//348 103//348
f 99//349 103//349 96//349
f 94//350 99//350 95//350
f 98//351 94//351 93//351
f 97//352 90//352 74//352
f 70//353 90//353 89//353
f 89//354 68//354 69//354
f 68//355 83//355 85//355
f 84//339 86//339 85//339
f 71//356 86//356 87//356
f 71//357 92//357 72//357
f 73//358 77//358 78//358
f 76//359 78//359 79//359
f 119//359 79//359 80//359
f 120//360 80//360 81//360
f 82//361 121//361 120//361
f 106//362 131//362 122//362
f 106//363 107//363 132//363
f 133//364 107//364 108//364
f 134//365 117//365 109//365
f 135//366 115//366 113//366
f 135//367 130//367 123//367
f 935//368 945//368 944//368
f 931//369 959//369 953//369
f 933//369 954//369 932//369
f 959//370 944//370 945//370
f 935//371 942//371 931//371
f 941//371 938//371 933//371
f 953//372 935//372 931//372
f 948//373 940//373 941//373
f 947//374 948//374 950//374
f 953//375 945//375 946//375
f 940//376 950//376 938//376
f 939//368 951//368 937//368
f 958//369 934//369 943//369
f 933//370 952//370 957//370
f 937//370 958//370 943//370
f 937//371 934//371 939//371
f 956//372 939//372 934//372
f 949//375 958//375 951//375
f 954//375 952//375 948//375
f 1005//377 1007//377 1006//377
f 1010//378 1012//378 1009//378
f 1005//379 1010//379 1009//379
f 1007//380 1010//380 1006//380
f 1008//381 1011//381 1007//381
f 1005//382 1012//382 1008//382
f 1016//383 1014//383 1013//383
f 1018//384 1020//384 1017//384
f 1014//385 1017//385 1013//385
f 1015//386 1018//386 1014//386
f 1016//387 1019//387 1015//387
f 1013//388 1020//388 1016//388
f 1021//379 1022//379 1023//379
f 1021//385 1023//385 1024//385
f 1021//389 1024//389 1025//389
f 1026//390 1028//390 1027//390
f 1026//391 1029//391 1028//391
f 1026//392 1030//392 1029//392
f 1021//393 1027//393 1022//393
f 1023//394 1027//394 1028//394
f 1024//395 1028//395 1029//395
f 1021//396 1030//396 1026//396
f 1024//397 1030//397 1025//397
f 1031//398 1041//398 1036//398
f 1039//399 1040//399 1042//399
f 1040//400 1041//400 1042//400
f 1041//401 1032//401 1042//401
f 1031//402 1036//402 1035//402
f 1035//403 1036//403 1037//403
f 1031//404 1035//404 1033//404
f 1031//405 1033//405 1032//405
f 1032//406 1033//406 1038//406
f 1032//407 1038//407 1039//407
f 1032//408 1039//408 1042//408
f 1034//409 1035//409 1037//409
f 1034//410 1037//410 1040//410
f 1033//411 1034//411 1038//411
f 1034//412 1039//412 1038//412
f 1037//413 1041//413 1040//413
f 1044//414 1054//414 1047//414
f 1047//415 1054//415 1053//415
f 1054//416 1049//416 1052//416
f 1045//417 1047//417 1046//417
f 1044//418 1047//418 1045//418
f 1043//419 1046//419 1052//419
f 1043//420 1044//420 1045//420
f 1043//421 1049//421 1044//421
f 1051//422 1054//422 1052//422
f 1046//423 1053//423 1048//423
f 1046//424 1048//424 1050//424
f 1048//425 1051//425 1050//425
f 1046//426 1050//426 1052//426
f 1043//427 1052//427 1049//427
f 1051//428 1052//428 1050//428
f 1048//429 1054//429 1051//429
f 1069//430 1061//430 1070//430
f 1055//431 1065//431 1115//431
f 1064//432 1060//432 1059//432
f 1064//433 1059//433 1056//433
f 1064//434 1063//434 1090//434
f 1056//435 1063//435 1064//435
f 1072//436 1061//436 1060//436
f 1060//437 1075//437 1074//437
f 1077//438 1056//438 1076//438
f 1075//439 1061//439 1079//439
f 1055//440 1058//440 1056//440
f 1055//441 1078//441 1080//441
f 1079//441 1061//441 1069//441
f 1093//442 1063//442 1058//442
f 1086//443 1058//443 1055//443
f 1084//444 1064//444 1099//444
f 1100//445 1098//445 1099//445
f 1084//446 1082//446 1081//446
f 1098//447 1096//447 1099//447
f 1066//448 1101//448 1082//448
f 1065//449 1116//449 1113//449
f 1065//450 1104//450 1103//450
f 1079//451 1070//451 1074//451
f 1082//452 1106//452 1105//452
f 1074//453 1083//453 1107//453
f 1068//454 1078//454 1111//454
f 1117//455 1085//455 1114//455
f 1086//456 1057//456 1091//456
f 1096//457 1095//457 1101//457
f 1105//458 1098//458 1099//458
f 1085//459 1118//459 1089//459
f 1104//459 1110//459 1103//459
f 1109//460 1057//460 1088//460
f 1057//461 1099//461 1097//461
f 1115//462 1118//462 1117//462
f 1115//463 1116//463 1119//463
f 1125//464 1126//464 1128//464
f 1121//465 1128//465 1126//465
f 1121//466 1127//466 1128//466
f 1124//467 1128//467 1127//467
f 1123//468 1126//468 1125//468
f 1125//469 1124//469 1123//469
f 1120//470 1121//470 1122//470
f 1120//471 1127//471 1121//471
f 1120//472 1124//472 1127//472
f 1122//473 1123//473 1124//473
f 1120//474 1122//474 1124//474
f 1123//475 1121//475 1126//475
f 1132//79 1130//79 1129//79
f 1134//20 1136//20 1133//20
f 1129//69 1134//69 1133//69
f 1131//476 1134//476 1130//476
f 1132//81 1135//81 1131//81
f 1129//87 1136//87 1132//87
f 1140//119 1138//119 1137//119
f 1142//21 1144//21 1141//21
f 1138//69 1141//69 1137//69
f 1139//112 1142//112 1138//112
f 1139//81 1144//81 1143//81
f 1137//114 1144//114 1140//114
f 1148//131 1146//131 1145//131
f 1150//22 1152//22 1149//22
f 1145//69 1150//69 1149//69
f 1147//135 1150//135 1146//135
f 1148//81 1151//81 1147//81
f 1145//129 1152//129 1148//129
f 1164//154 1154//154 1166//154
f 1182//2 1159//2 1171//2
f 1161//146 1154//146 1174//146
f 1155//141 1160//141 1162//141
f 1167//144 1178//144 1175//144
f 1157//152 1188//152 1184//152
f 1156//152 1170//152 1179//152
f 1159//477 1161//477 1158//477
f 1162//478 1161//478 1163//478
f 1166//479 1167//479 1164//479
f 1164//480 1167//480 1165//480
f 1170//481 1176//481 1180//481
f 1169//482 1170//482 1168//482
f 1171//483 1174//483 1175//483
f 1176//484 1179//484 1180//484
f 1178//485 1191//485 1190//485
f 1177//486 1174//486 1173//486
f 1188//487 1182//487 1183//487
f 1188//488 1187//488 1184//488
f 1185//489 1182//489 1191//489
f 1190//490 1191//490 1189//490
f 1194//491 1192//491 1193//491
f 1197//15 1202//15 1201//15
f 1209//492 1196//492 1192//492
f 1193//176 1197//176 1194//176
f 1194//493 1199//493 1205//493
f 1195//494 1212//494 1211//494
f 1206//495 1199//495 1203//495
f 1205//496 1203//496 1201//496
f 1201//497 1204//497 1215//497
f 1202//498 1200//498 1204//498
f 1211//499 1212//499 1215//499
f 1198//500 1214//500 1210//500
f 1211//501 1209//501 1208//501
f 1217//502 1219//502 1216//502
f 1223//7 1234//7 1233//7
f 1220//7 1224//7 1225//7
f 1216//503 1225//503 1227//503
f 1229//504 1222//504 1217//504
f 1235//505 1234//505 1223//505
f 1221//505 1218//505 1230//505
f 1221//215 1216//215 1219//215
f 1228//506 1232//506 1222//506
f 1224//507 1227//507 1225//507
f 1228//508 1230//508 1232//508
f 1223//509 1233//509 1235//509
f 1227//510 1230//510 1229//510
f 1235//511 1233//511 1234//511
f 1236//512 1238//512 1237//512
f 1241//19 1243//19 1240//19
f 1237//513 1240//513 1236//513
f 1237//244 1242//244 1241//244
f 1238//514 1243//514 1242//514
f 1236//242 1243//242 1239//242
f 1246//515 1247//515 1248//515
f 1250//516 1245//516 1249//516
f 1248//517 1250//517 1249//517
f 1248//518 1247//518 1250//518
f 1249//519 1246//519 1248//519
f 1246//520 1245//520 1244//520
f 1245//521 1247//521 1244//521
f 1251//522 1253//522 1256//522
f 1253//523 1257//523 1256//523
f 1255//12 1256//12 1257//12
f 1254//12 1256//12 1255//12
f 1251//524 1256//524 1254//524
f 1251//525 1254//525 1252//525
f 1251//526 1252//526 1253//526
f 1252//527 1254//527 1255//527
f 1252//528 1257//528 1253//528
f 1258//529 1263//529 1262//529
f 1258//530 1262//530 1259//530
f 1258//531 1259//531 1260//531
f 1258//532 1260//532 1263//532
f 1262//533 1263//533 1264//533
f 1259//534 1262//534 1264//534
f 1259//535 1264//535 1261//535
f 1259//536 1261//536 1260//536
f 1260//537 1264//537 1263//537
f 1265//538 1279//538 1278//538
f 1281//539 1275//539 1272//539
f 1284//539 1273//539 1280//539
f 1277//540 1270//540 1276//540
f 1273//541 1270//541 1265//541
f 1268//17 1271//17 1272//17
f 1265//542 1266//542 1268//542
f 1270//543 1272//543 1271//543
f 1265//544 1271//544 1266//544
f 1287//545 1277//545 1269//545
f 1275//546 1269//546 1288//546
f 1289//547 1277//547 1276//547
f 1278//548 1285//548 1288//548
f 1282//548 1267//548 1286//548
f 1267//549 1283//549 1287//549
f 1286//550 1267//550 1287//550
f 1280//551 1288//551 1289//551
f 1290//520 1291//520 1293//520
f 1292//552 1295//552 1294//552
f 1293//9 1298//9 1296//9
f 1291//553 1296//553 1295//553
f 1293//554 1292//554 1299//554
f 1297//555 1299//555 1298//555
f 1295//556 1298//556 1299//556
f 1300//520 1305//520 1304//520
f 1303//552 1301//552 1302//552
f 1301//3 1305//3 1302//3
f 1303//557 1305//557 1300//557
f 1300//558 1301//558 1303//558
f 1306//440 1307//440 1308//440
f 1309//517 1311//517 1310//517
f 1308//3 1309//3 1310//3
f 1309//559 1306//559 1311//559
f 1306//560 1310//560 1311//560
f 1318//440 1316//440 1312//440
f 1313//517 1315//517 1314//517
f 1314//5 1320//5 1319//5
f 1322//561 1312//561 1321//561
f 1312//562 1324//562 1318//562
f 1316//482 1317//482 1321//482
f 1321//563 1318//563 1322//563
f 1318//564 1325//564 1324//564
f 1320//565 1324//565 1319//565
f 1326//566 1330//566 1331//566
f 1327//527 1328//527 1329//527
f 1329//10 1333//10 1332//10
f 1328//567 1326//567 1334//567
f 1326//568 1329//568 1335//568
f 1333//569 1335//569 1332//569
f 1330//570 1334//570 1331//570
f 1336//571 1342//571 1341//571
f 1337//527 1339//527 1338//527
f 1344//12 1337//12 1345//12
f 1340//572 1338//572 1339//572
f 1347//573 1337//573 1336//573
f 1346//574 1347//574 1345//574
f 1341//575 1342//575 1344//575
f 1343//576 1344//576 1345//576
f 1348//405 1349//405 1354//405
f 1350//523 1351//523 1352//523
f 1356//12 1351//12 1358//12
f 1359//577 1351//577 1348//577
f 1349//578 1350//578 1352//578
f 1359//579 1358//579 1357//579
f 1353//575 1356//575 1354//575
f 1355//580 1356//580 1358//580
f 1360//405 1362//405 1361//405
f 1363//523 1364//523 1365//523
f 1365//6 1362//6 1363//6
f 1363//581 1360//581 1364//581
f 1364//582 1361//582 1365//582
f 1368//436 1370//436 1369//436
f 1366//536 1367//536 1371//536
f 1371//4 1369//4 1370//4
f 1367//583 1368//583 1369//583
f 1368//584 1371//584 1370//584
f 1372//436 1373//436 1374//436
f 1375//536 1376//536 1377//536
f 1372//16 1379//16 1378//16
f 1373//585 1377//585 1380//585
f 1375//586 1372//586 1381//586
f 1379//587 1381//587 1378//587
f 1381//453 1377//453 1376//453
f 1382//588 1383//588 1384//588
f 1385//589 1387//589 1388//589
f 1383//17 1388//17 1389//17
f 1386//590 1383//590 1382//590
f 1382//591 1389//591 1387//591
f 1387//592 1389//592 1388//592
f 1390//542 1392//542 1391//542
f 1394//589 1398//589 1393//589
f 1390//16 1398//16 1400//16
f 1396//593 1391//593 1392//593
f 1390//594 1395//594 1397//594
f 1395//595 1396//595 1397//595
f 1397//596 1401//596 1399//596
f 1398//597 1401//597 1400//597
f 1405//434 1406//434 1407//434
f 1402//412 1404//412 1403//412
f 1404//6 1406//6 1403//6
f 1403//598 1405//598 1402//598
f 1402//599 1407//599 1404//599
f 1409//434 1410//434 1411//434
f 1408//412 1412//412 1413//412
f 1410//8 1414//8 1411//8
f 1409//600 1414//600 1416//600
f 1409//601 1413//601 1417//601
f 1417//602 1414//602 1415//602
f 1412//603 1417//603 1413//603
f 1421//604 1423//604 1422//604
f 1418//403 1419//403 1420//403
f 1423//12 1418//12 1422//12
f 1422//605 1420//605 1421//605
f 1420//606 1423//606 1421//606
f 1427//473 1428//473 1429//473
f 1424//417 1425//417 1426//417
f 1428//22 1426//22 1429//22
f 1427//607 1424//607 1428//607
f 1427//608 1426//608 1425//608
f 1433//464 1435//464 1434//464
f 1430//609 1431//609 1432//609
f 1432//19 1435//19 1433//19
f 1435//610 1430//610 1434//610
f 1430//611 1433//611 1434//611
f 1439//612 1441//612 1440//612
f 1436//613 1438//613 1437//613
f 1441//21 1436//21 1440//21
f 1436//614 1439//614 1440//614
f 1437//615 1441//615 1439//615
f 1445//473 1446//473 1447//473
f 1442//417 1444//417 1443//417
f 1442//18 1446//18 1445//18
f 1443//616 1447//616 1446//616
f 1444//617 1445//617 1447//617
f 1451//612 1452//612 1453//612
f 1448//613 1449//613 1450//613
f 1453//618 1448//618 1451//618
f 1452//619 1449//619 1453//619
f 1452//620 1448//620 1450//620
f 1457//621 1459//621 1458//621
f 1454//622 1455//622 1456//622
f 1459//18 1455//18 1458//18
f 1457//623 1456//623 1459//623
f 1458//624 1454//624 1457//624
f 1460//625 1462//625 1461//625
f 1463//400 1465//400 1464//400
f 1461//13 1465//13 1463//13
f 1460//626 1463//626 1464//626
f 1465//627 1460//627 1464//627
f 1466//625 1467//625 1468//625
f 1469//400 1470//400 1471//400
f 1470//7 1467//7 1471//7
f 1471//628 1466//628 1469//628
f 1470//629 1466//629 1468//629
f 1474//543 1475//543 1476//543
f 1472//421 1477//421 1473//421
f 1472//17 1476//17 1479//17
f 1472//630 1475//630 1474//630
f 1475//631 1477//631 1479//631
f 1477//632 1478//632 1479//632
f 1483//543 1485//543 1484//543
f 1480//421 1481//421 1482//421
f 1481//14 1485//14 1482//14
f 1483//633 1482//633 1485//633
f 1480//634 1484//634 1481//634
f 1486//635 1487//635 1488//635
f 1489//636 1491//636 1490//636
f 1490//18 1487//18 1489//18
f 1489//637 1486//637 1491//637
f 1486//638 1490//638 1491//638
f 1496//422 1495//422 1497//422
f 1492//639 1493//639 1494//639
f 1493//15 1498//15 1494//15
f 1500//640 1493//640 1495//640
f 1492//641 1498//641 1501//641
f 1498//642 1500//642 1501//642
f 1500//497 1497//497 1501//497
f 1507//643 1506//643 1509//643
f 1514//422 1508//422 1515//422
f 1502//639 1504//639 1503//639
f 1503//14 1505//14 1514//14
f 1506//644 1510//644 1509//644
f 1512//645 1502//645 1503//645
f 1504//646 1511//646 1513//646
f 1506//647 1507//647 1510//647
f 1511//648 1512//648 1513//648
f 1513//649 1517//649 1515//649
f 1509//650 1510//650 1507//650
f 1517//651 1514//651 1515//651
f 1518//635 1519//635 1520//635
f 1521//636 1523//636 1522//636
f 1523//15 1519//15 1522//15
f 1518//652 1523//652 1521//652
f 1522//653 1518//653 1521//653
f 1525//635 1526//635 1528//635
f 1526//654 1527//654 1528//654
f 1527//655 1529//655 1528//655
f 1525//656 1528//656 1529//656
f 1524//657 1525//657 1529//657
f 1524//658 1529//658 1527//658
f 1526//659 1524//659 1527//659
f 10//1 321//1 19//1
f 16//660 18//660 317//660
f 10//1 19//1 16//1
f 18//1 19//1 321//1
f 351//11 341//11 335//11
f 267//20 4//20 410//20
f 591//21 644//21 500//21
f 500//21 491//21 594//21
f 594//661 657//661 648//661
f 594//21 648//21 596//21
f 591//21 500//21 594//21
f 657//21 500//21 644//21
f 411//22 492//22 500//22
f 9//24 13//24 20//24
f 9//24 20//24 21//24
f 43//24 318//24 320//24
f 22//24 43//24 320//24
f 320//24 9//24 21//24
f 23//24 22//24 320//24
f 318//25 43//25 63//25
f 63//662 294//662 295//662
f 273//663 272//663 26//663
f 318//25 63//25 295//25
f 318//25 295//25 273//25
f 12//25 13//25 9//25
f 26//25 12//25 9//25
f 316//25 318//25 273//25
f 273//25 26//25 9//25
f 827//30 824//30 825//30
f 823//664 802//664 801//664
f 827//30 825//30 823//30
f 761//30 779//30 674//30
f 759//665 760//665 761//665
f 827//30 823//30 801//30
f 759//30 761//30 674//30
f 798//30 827//30 801//30
f 801//30 759//30 674//30
f 672//31 674//31 779//31
f 781//31 824//31 827//31
f 672//31 779//31 781//31
f 338//35 333//35 357//35
f 358//35 359//35 338//35
f 337//35 324//35 354//35
f 354//666 358//666 360//666
f 334//35 332//35 356//35
f 356//35 364//35 350//35
f 350//35 339//35 334//35
f 832//39 963//39 969//39
f 968//667 967//667 1002//667
f 832//39 969//39 968//39
f 925//39 1003//39 929//39
f 968//668 1002//668 925//668
f 925//39 929//39 832//39
f 929//39 1003//39 969//39
f 929//669 656//669 928//669
f 922//670 856//670 839//670
f 929//669 923//669 922//669
f 642//44 643//44 501//44
f 656//671 646//671 642//671
f 838//44 928//44 656//44
f 655//44 838//44 656//44
f 655//44 656//44 642//44
f 839//44 655//44 642//44
f 501//44 929//44 922//44
f 922//44 839//44 642//44
f 268//45 217//45 146//45
f 268//45 146//45 143//45
f 215//45 413//45 3//45
f 145//45 215//45 3//45
f 268//45 143//45 142//45
f 268//45 142//45 139//45
f 141//45 145//45 3//45
f 3//45 268//45 139//45
f 217//672 268//672 832//672
f 217//673 832//673 225//673
f 402//47 404//47 413//47
f 217//674 225//674 223//674
f 223//47 402//47 413//47
f 215//675 217//675 223//675
f 404//47 225//47 832//47
f 501//676 586//676 547//676
f 547//677 527//677 525//677
f 523//678 524//678 546//678
f 501//676 547//676 525//676
f 501//676 525//676 523//676
f 584//48 593//48 490//48
f 546//679 584//679 490//679
f 490//676 501//676 523//676
f 593//676 584//676 586//676
f 586//680 501//680 643//680
f 608//681 607//681 606//681
f 586//682 643//682 608//682
f 647//680 646//680 656//680
f 595//683 647//683 656//683
f 586//49 608//49 606//49
f 586//49 606//49 590//49
f 595//49 656//49 593//49
f 593//684 586//684 590//684
f 412//50 832//50 417//50
f 412//50 417//50 415//50
f 488//50 494//50 493//50
f 412//50 415//50 488//50
f 501//685 493//685 494//685
f 494//50 417//50 832//50
f 321//686 320//686 318//686
f 321//687 10//687 9//687
f 318//688 316//688 315//688
f 9//689 10//689 315//689
f 266//690 265//690 671//690
f 798//691 799//691 828//691
f 673//692 672//692 827//692
f 266//693 2//693 1//693
f 1//694 2//694 268//694
f 319//695 322//695 365//695
f 269//696 671//696 322//696
f 798//697 366//697 365//697
f 963//698 830//698 829//698
f 930//699 929//699 963//699
f 830//700 672//700 673//700
f 930//701 657//701 656//701
f 410//69 4//69 3//69
f 410//702 413//702 832//702
f 3//87 4//87 267//87
f 594//69 491//69 490//69
f 594//703 593//703 656//703
f 501//704 490//704 491//704
f 411//69 412//69 493//69
f 492//705 493//705 501//705
f 832//706 412//706 411//706
f 216//69 192//69 193//69
f 194//69 197//69 219//69
f 216//69 193//69 194//69
f 191//69 192//69 216//69
f 140//69 152//69 147//69
f 140//69 147//69 153//69
f 190//69 191//69 216//69
f 181//69 190//69 216//69
f 216//69 140//69 153//69
f 216//69 153//69 159//69
f 185//69 181//69 216//69
f 185//69 216//69 159//69
f 185//69 159//69 160//69
f 184//69 185//69 160//69
f 184//69 160//69 161//69
f 183//69 184//69 161//69
f 183//69 161//69 162//69
f 186//69 183//69 162//69
f 186//69 162//69 163//69
f 187//69 186//69 163//69
f 187//69 163//69 157//69
f 188//69 187//69 157//69
f 188//69 157//69 156//69
f 189//69 188//69 156//69
f 189//69 156//69 155//69
f 151//69 150//69 5//69
f 219//69 197//69 196//69
f 219//69 196//69 195//69
f 154//69 151//69 5//69
f 155//69 154//69 5//69
f 219//69 195//69 189//69
f 189//69 155//69 5//69
f 140//69 5//69 150//69
f 140//69 150//69 149//69
f 148//69 152//69 140//69
f 6//77 5//77 7//77
f 6//79 8//79 171//79
f 215//80 216//80 218//80
f 167//81 7//81 144//81
f 144//81 169//81 165//81
f 166//81 167//81 144//81
f 222//81 213//81 210//81
f 209//81 208//81 218//81
f 222//81 210//81 209//81
f 212//81 213//81 222//81
f 7//81 167//81 168//81
f 7//81 168//81 172//81
f 211//81 212//81 222//81
f 205//81 211//81 222//81
f 7//81 172//81 173//81
f 7//81 173//81 174//81
f 205//81 222//81 7//81
f 204//81 205//81 7//81
f 204//81 7//81 174//81
f 203//81 204//81 174//81
f 203//81 174//81 175//81
f 202//81 203//81 175//81
f 202//81 175//81 180//81
f 199//81 202//81 180//81
f 199//81 180//81 179//81
f 200//81 199//81 179//81
f 200//81 179//81 178//81
f 201//81 200//81 178//81
f 201//81 178//81 177//81
f 182//81 201//81 177//81
f 182//81 177//81 176//81
f 206//81 182//81 176//81
f 206//81 176//81 170//81
f 218//81 208//81 207//81
f 218//81 207//81 206//81
f 164//81 169//81 144//81
f 218//81 206//81 170//81
f 170//81 164//81 144//81
f 158//79 171//79 214//79
f 198//79 214//79 221//79
f 144//82 140//82 139//82
f 144//84 143//84 146//84
f 145//85 141//85 140//85
f 219//86 220//86 221//86
f 7//87 5//87 140//87
f 216//88 219//88 222//88
f 155//90 156//90 174//90
f 154//91 155//91 173//91
f 151//92 154//92 172//92
f 150//93 151//93 168//93
f 149//94 150//94 167//94
f 148//95 149//95 166//95
f 148//96 165//96 169//96
f 147//97 152//97 169//97
f 147//98 164//98 170//98
f 153//99 170//99 176//99
f 159//100 176//100 177//100
f 160//101 177//101 178//101
f 161//102 178//102 179//102
f 162//103 179//103 180//103
f 157//104 163//104 180//104
f 156//105 157//105 175//105
f 189//90 195//90 211//90
f 188//91 189//91 205//91
f 187//92 188//92 204//92
f 186//93 187//93 203//93
f 183//94 186//94 202//94
f 184//95 183//95 199//95
f 184//96 200//96 201//96
f 181//97 185//97 201//97
f 181//98 182//98 206//98
f 190//99 206//99 207//99
f 191//100 207//100 208//100
f 192//101 208//101 209//101
f 193//102 209//102 210//102
f 194//103 210//103 213//103
f 196//104 197//104 213//104
f 195//105 196//105 212//105
f 238//77 237//77 240//77
f 403//69 381//69 382//69
f 383//69 384//69 406//69
f 403//69 382//69 383//69
f 380//69 381//69 403//69
f 224//69 228//69 229//69
f 224//69 229//69 230//69
f 373//69 380//69 403//69
f 372//69 373//69 403//69
f 403//69 224//69 230//69
f 403//69 230//69 231//69
f 370//69 372//69 403//69
f 370//69 403//69 231//69
f 370//69 231//69 246//69
f 371//69 370//69 246//69
f 371//69 246//69 247//69
f 374//69 371//69 247//69
f 374//69 247//69 249//69
f 375//69 374//69 249//69
f 375//69 249//69 250//69
f 376//69 375//69 250//69
f 376//69 250//69 248//69
f 377//69 376//69 248//69
f 377//69 248//69 251//69
f 378//69 377//69 251//69
f 378//69 251//69 245//69
f 243//69 242//69 237//69
f 406//69 384//69 379//69
f 406//69 379//69 400//69
f 244//69 243//69 237//69
f 245//69 244//69 237//69
f 406//69 400//69 378//69
f 378//69 245//69 237//69
f 227//69 228//69 224//69
f 224//69 237//69 242//69
f 241//69 227//69 224//69
f 224//87 226//87 240//87
f 402//80 403//80 405//80
f 252//79 253//79 409//79
f 238//79 239//79 253//79
f 226//82 224//82 223//82
f 224//89 403//89 402//89
f 240//81 226//81 233//81
f 240//81 233//81 232//81
f 254//81 255//81 240//81
f 397//81 396//81 405//81
f 405//81 408//81 399//81
f 398//81 397//81 405//81
f 394//81 399//81 408//81
f 240//81 255//81 256//81
f 240//81 256//81 257//81
f 401//81 394//81 408//81
f 393//81 401//81 408//81
f 240//81 257//81 258//81
f 240//81 258//81 264//81
f 393//81 408//81 240//81
f 392//81 393//81 240//81
f 392//81 240//81 264//81
f 391//81 392//81 264//81
f 391//81 264//81 261//81
f 390//81 391//81 261//81
f 390//81 261//81 263//81
f 389//81 390//81 263//81
f 389//81 263//81 262//81
f 386//81 389//81 262//81
f 386//81 262//81 260//81
f 385//81 386//81 260//81
f 385//81 260//81 259//81
f 387//81 385//81 259//81
f 387//81 259//81 236//81
f 388//81 387//81 236//81
f 388//81 236//81 235//81
f 405//81 396//81 395//81
f 405//81 395//81 388//81
f 234//81 233//81 226//81
f 405//81 388//81 235//81
f 235//81 234//81 226//81
f 226//83 225//83 404//83
f 403//88 406//88 408//88
f 406//86 407//86 409//86
f 245//90 251//90 264//90
f 244//91 245//91 258//91
f 243//92 244//92 257//92
f 242//93 243//93 256//93
f 241//94 242//94 255//94
f 227//95 241//95 254//95
f 227//96 232//96 233//96
f 228//97 233//97 234//97
f 229//98 234//98 235//98
f 230//99 235//99 236//99
f 231//100 236//100 259//100
f 246//101 259//101 260//101
f 247//102 260//102 262//102
f 249//103 262//103 263//103
f 248//104 250//104 263//104
f 251//105 248//105 261//105
f 378//90 400//90 401//90
f 392//91 377//91 378//91
f 376//125 377//125 392//125
f 375//93 376//93 391//93
f 374//94 375//94 390//94
f 371//95 374//95 389//95
f 371//96 386//96 385//96
f 370//97 385//97 387//97
f 372//98 387//98 388//98
f 373//99 388//99 395//99
f 380//100 395//100 396//100
f 382//101 381//101 396//101
f 382//102 397//102 398//102
f 383//103 398//103 399//103
f 379//104 384//104 399//104
f 400//105 379//105 394//105
f 557//69 558//69 585//69
f 522//69 529//69 530//69
f 522//69 530//69 531//69
f 556//69 557//69 585//69
f 555//69 556//69 585//69
f 585//69 522//69 531//69
f 585//69 531//69 532//69
f 550//69 555//69 585//69
f 550//69 585//69 532//69
f 550//69 532//69 533//69
f 549//69 550//69 533//69
f 549//69 533//69 534//69
f 548//69 549//69 534//69
f 548//69 534//69 536//69
f 551//69 548//69 536//69
f 551//69 536//69 535//69
f 552//69 551//69 535//69
f 552//69 535//69 510//69
f 553//69 552//69 510//69
f 553//69 510//69 509//69
f 554//69 553//69 509//69
f 554//69 509//69 508//69
f 506//69 504//69 502//69
f 575//69 572//69 571//69
f 575//69 571//69 570//69
f 507//69 506//69 502//69
f 508//69 507//69 502//69
f 575//69 570//69 554//69
f 554//69 508//69 502//69
f 585//69 558//69 574//69
f 573//69 572//69 575//69
f 585//69 574//69 573//69
f 529//69 522//69 502//69
f 502//69 504//69 505//69
f 528//69 529//69 502//69
f 575//112 583//112 587//112
f 516//81 515//81 513//81
f 513//81 526//81 538//81
f 537//81 516//81 513//81
f 583//81 579//81 580//81
f 581//81 569//81 587//81
f 583//81 580//81 581//81
f 578//81 579//81 583//81
f 513//81 515//81 517//81
f 513//81 517//81 518//81
f 577//81 578//81 583//81
f 565//81 577//81 583//81
f 513//81 518//81 519//81
f 513//81 519//81 520//81
f 565//81 583//81 513//81
f 564//81 565//81 513//81
f 564//81 513//81 520//81
f 563//81 564//81 520//81
f 563//81 520//81 521//81
f 562//81 563//81 521//81
f 562//81 521//81 544//81
f 559//81 562//81 544//81
f 559//81 544//81 545//81
f 560//81 559//81 545//81
f 560//81 545//81 543//81
f 561//81 560//81 543//81
f 561//81 543//81 542//81
f 566//81 561//81 542//81
f 566//81 542//81 541//81
f 567//81 566//81 541//81
f 567//81 541//81 540//81
f 587//81 569//81 568//81
f 587//81 568//81 567//81
f 539//81 538//81 526//81
f 587//81 567//81 540//81
f 540//81 539//81 526//81
f 502//114 522//114 526//114
f 584//116 585//116 587//116
f 546//115 524//115 522//115
f 526//117 522//117 523//117
f 512//118 503//118 502//118
f 503//119 512//119 514//119
f 511//119 514//119 582//119
f 526//120 527//120 547//120
f 576//707 582//707 583//707
f 510//90 535//90 544//90
f 509//91 510//91 521//91
f 519//107 508//107 509//107
f 518//93 507//93 508//93
f 506//94 507//94 518//94
f 504//108 506//108 517//108
f 504//96 515//96 516//96
f 505//97 516//97 537//97
f 528//98 537//98 538//98
f 529//99 538//99 539//99
f 531//109 530//109 539//109
f 532//127 531//127 540//127
f 532//102 541//102 542//102
f 533//110 542//110 543//110
f 536//104 534//104 543//104
f 535//105 536//105 545//105
f 571//90 572//90 579//90
f 570//91 571//91 578//91
f 565//107 554//107 570//107
f 564//93 553//93 554//93
f 552//94 553//94 564//94
f 551//108 552//108 563//108
f 551//96 562//96 559//96
f 548//97 559//97 560//97
f 549//98 560//98 561//98
f 550//708 561//708 566//708
f 556//109 555//109 566//109
f 556//101 567//101 568//101
f 557//102 568//102 569//102
f 558//110 569//110 581//110
f 573//104 574//104 581//104
f 572//105 573//105 580//105
f 414//129 416//129 438//129
f 419//131 437//131 444//131
f 416//132 414//132 415//132
f 436//131 444//131 498//131
f 496//134 497//134 498//134
f 489//135 496//135 499//135
f 415//136 414//136 489//136
f 419//709 418//709 438//709
f 438//81 416//81 440//81
f 438//81 440//81 439//81
f 445//81 446//81 438//81
f 484//81 483//81 495//81
f 495//81 499//81 486//81
f 485//81 484//81 495//81
f 482//81 486//81 499//81
f 438//81 446//81 447//81
f 438//81 447//81 448//81
f 487//81 482//81 499//81
f 481//81 487//81 499//81
f 438//81 448//81 449//81
f 438//81 449//81 450//81
f 481//81 499//81 438//81
f 476//81 481//81 438//81
f 476//81 438//81 450//81
f 475//81 476//81 450//81
f 475//81 450//81 455//81
f 474//81 475//81 455//81
f 474//81 455//81 454//81
f 473//81 474//81 454//81
f 473//81 454//81 453//81
f 472//81 473//81 453//81
f 472//81 453//81 452//81
f 477//81 472//81 452//81
f 477//81 452//81 451//81
f 478//81 477//81 451//81
f 478//81 451//81 443//81
f 479//81 478//81 443//81
f 479//81 443//81 442//81
f 495//81 483//81 480//81
f 495//81 480//81 479//81
f 441//81 440//81 416//81
f 495//81 479//81 442//81
f 442//81 441//81 416//81
f 488//138 489//138 495//138
f 489//69 467//69 468//69
f 469//69 470//69 496//69
f 489//69 468//69 469//69
f 464//69 467//69 489//69
f 414//69 421//69 422//69
f 414//69 422//69 423//69
f 464//69 489//69 414//69
f 463//69 464//69 414//69
f 414//69 423//69 424//69
f 414//69 424//69 431//69
f 462//69 463//69 414//69
f 461//69 462//69 414//69
f 461//69 414//69 431//69
f 456//69 461//69 431//69
f 456//69 431//69 432//69
f 457//69 456//69 432//69
f 457//69 432//69 433//69
f 458//69 457//69 433//69
f 458//69 433//69 434//69
f 459//69 458//69 434//69
f 459//69 434//69 435//69
f 460//69 459//69 435//69
f 460//69 435//69 430//69
f 465//69 460//69 430//69
f 465//69 430//69 429//69
f 427//69 426//69 418//69
f 496//69 470//69 466//69
f 496//69 466//69 471//69
f 428//69 427//69 418//69
f 429//69 428//69 418//69
f 496//69 471//69 465//69
f 465//69 429//69 418//69
f 421//69 414//69 418//69
f 418//69 426//69 425//69
f 420//69 421//69 418//69
f 417//139 494//139 495//139
f 449//90 429//90 430//90
f 448//91 428//91 429//91
f 447//107 427//107 428//107
f 446//93 426//93 427//93
f 425//94 426//94 446//94
f 420//108 425//108 445//108
f 421//96 420//96 439//96
f 421//97 440//97 441//97
f 422//98 441//98 442//98
f 423//99 442//99 443//99
f 431//109 424//109 443//109
f 432//101 431//101 451//101
f 432//102 452//102 453//102
f 433//110 453//110 454//110
f 435//104 434//104 454//104
f 430//105 435//105 455//105
f 465//90 471//90 487//90
f 460//91 465//91 481//91
f 475//92 459//92 460//92
f 474//93 458//93 459//93
f 457//94 458//94 474//94
f 456//95 457//95 473//95
f 456//96 472//96 477//96
f 461//97 477//97 478//97
f 462//98 478//98 479//98
f 463//99 479//99 480//99
f 467//109 464//109 480//109
f 468//101 467//101 483//101
f 468//102 484//102 485//102
f 469//103 485//103 486//103
f 466//104 470//104 486//104
f 471//105 466//105 482//105
f 292//141 274//141 296//141
f 273//710 295//710 296//710
f 45//144 23//144 21//144
f 21//144 25//144 48//144
f 21//144 48//144 47//144
f 46//144 45//144 21//144
f 314//144 307//144 312//144
f 314//144 312//144 311//144
f 53//144 48//144 25//144
f 54//144 53//144 25//144
f 314//144 311//144 310//144
f 314//144 310//144 309//144
f 55//144 54//144 25//144
f 56//144 55//144 25//144
f 25//144 314//144 309//144
f 25//144 309//144 308//144
f 56//144 25//144 308//144
f 56//144 308//144 302//144
f 57//144 56//144 302//144
f 57//144 302//144 301//144
f 60//144 57//144 301//144
f 60//144 301//144 299//144
f 59//144 60//144 299//144
f 59//144 299//144 300//144
f 58//144 59//144 300//144
f 58//144 300//144 297//144
f 52//144 58//144 297//144
f 52//711 297//711 298//711
f 51//144 52//144 298//144
f 303//144 304//144 296//144
f 50//711 51//711 298//711
f 298//144 303//144 296//144
f 296//144 22//144 23//144
f 23//144 45//144 49//144
f 50//144 298//144 296//144
f 23//144 49//144 50//144
f 314//144 296//144 304//144
f 314//144 304//144 305//144
f 306//144 307//144 314//144
f 274//143 11//143 26//143
f 13//712 12//712 11//712
f 283//146 282//146 274//146
f 274//146 292//146 285//146
f 284//146 283//146 274//146
f 14//146 30//146 35//146
f 14//146 35//146 36//146
f 290//146 285//146 292//146
f 289//146 290//146 292//146
f 14//146 36//146 37//146
f 14//146 37//146 38//146
f 288//146 289//146 292//146
f 287//146 288//146 292//146
f 292//146 14//146 38//146
f 292//146 38//146 39//146
f 287//146 292//146 39//146
f 287//146 39//146 42//146
f 286//146 287//146 42//146
f 286//146 42//146 41//146
f 280//146 286//146 41//146
f 280//146 41//146 40//146
f 279//146 280//146 40//146
f 279//146 40//146 34//146
f 277//146 279//146 34//146
f 277//146 34//146 33//146
f 278//146 277//146 33//146
f 278//146 33//146 32//146
f 275//146 278//146 32//146
f 31//146 27//146 11//146
f 276//146 275//146 32//146
f 32//146 31//146 11//146
f 274//146 282//146 281//146
f 276//146 32//146 11//146
f 274//146 281//146 276//146
f 30//146 14//146 11//146
f 11//146 27//146 28//146
f 29//146 30//146 11//146
f 63//147 43//147 22//147
f 313//149 293//149 292//149
f 15//151 24//151 25//151
f 20//152 11//152 14//152
f 14//152 25//152 21//152
f 58//155 40//155 41//155
f 52//156 34//156 40//156
f 33//157 34//157 52//157
f 50//158 32//158 33//158
f 49//159 31//159 32//159
f 45//160 27//160 31//160
f 27//161 45//161 46//161
f 28//162 46//162 47//162
f 30//163 29//163 47//163
f 35//164 30//164 48//164
f 36//165 35//165 53//165
f 37//166 36//166 54//166
f 38//167 37//167 55//167
f 39//168 38//168 56//168
f 42//169 39//169 57//169
f 59//170 41//170 42//170
f 283//155 284//155 306//155
f 282//156 283//156 305//156
f 281//157 282//157 304//157
f 276//158 281//158 303//158
f 275//159 276//159 298//159
f 300//160 278//160 275//160
f 277//161 278//161 300//161
f 277//162 299//162 301//162
f 280//163 279//163 301//163
f 286//164 280//164 302//164
f 309//165 287//165 286//165
f 310//166 288//166 287//166
f 311//167 289//167 288//167
f 312//168 290//168 289//168
f 285//169 290//169 312//169
f 306//170 284//170 285//170
f 926//171 917//171 918//171
f 926//172 918//172 919//172
f 991//171 990//171 1004//171
f 989//713 991//713 1004//713
f 1004//171 926//171 919//171
f 1004//714 919//714 915//714
f 996//715 989//715 1004//715
f 1001//716 996//716 1004//716
f 1004//713 915//713 914//713
f 1004//171 914//171 913//171
f 1001//171 1004//171 913//171
f 1001//171 913//171 912//171
f 1000//172 1001//172 912//172
f 1000//714 912//714 911//714
f 995//171 1000//171 911//171
f 995//171 911//171 910//171
f 994//172 995//172 910//172
f 994//713 910//713 899//713
f 976//171 994//171 899//171
f 976//717 899//717 900//717
f 975//172 976//172 900//172
f 992//718 975//718 900//718
f 902//172 908//172 888//172
f 965//714 986//714 985//714
f 965//714 985//714 993//714
f 901//714 902//714 888//714
f 900//172 901//172 888//172
f 965//171 993//171 992//171
f 992//171 900//171 888//171
f 926//171 888//171 908//171
f 926//171 908//171 909//171
f 920//172 917//172 926//172
f 986//171 965//171 1004//171
f 1004//713 990//713 988//713
f 987//171 986//171 1004//171
f 960//719 961//719 965//719
f 961//175 966//175 1004//175
f 885//176 888//176 926//176
f 984//179 966//179 961//179
f 961//720 980//720 981//720
f 982//179 984//179 961//179
f 885//721 904//721 903//721
f 885//179 903//179 897//179
f 973//722 980//722 961//722
f 974//179 973//179 961//179
f 885//723 897//723 896//723
f 885//724 896//724 898//724
f 970//722 974//722 961//722
f 970//179 961//179 885//179
f 970//179 885//179 898//179
f 971//721 970//721 898//721
f 971//179 898//179 889//179
f 972//720 971//720 889//720
f 972//179 889//179 890//179
f 977//179 972//179 890//179
f 977//180 890//180 891//180
f 978//179 977//179 891//179
f 978//179 891//179 892//179
f 979//720 978//720 892//720
f 979//722 892//722 893//722
f 997//720 979//720 893//720
f 997//179 893//179 894//179
f 998//722 997//722 894//722
f 998//179 894//179 895//179
f 999//725 998//725 895//725
f 916//720 907//720 924//720
f 895//179 916//179 924//179
f 966//179 984//179 983//179
f 999//179 895//179 924//179
f 966//722 983//722 999//722
f 905//179 904//179 885//179
f 885//179 924//179 907//179
f 906//179 905//179 885//179
f 1003//181 926//181 1004//181
f 884//182 887//182 888//182
f 924//183 925//183 1002//183
f 925//184 924//184 926//184
f 968//185 969//185 1004//185
f 887//187 964//187 965//187
f 972//188 977//188 994//188
f 971//726 972//726 976//726
f 970//190 971//190 975//190
f 974//191 970//191 992//191
f 973//192 974//192 993//192
f 986//193 980//193 973//193
f 981//194 980//194 986//194
f 988//195 982//195 981//195
f 984//196 982//196 988//196
f 991//727 983//727 984//727
f 991//198 989//198 999//198
f 998//728 999//728 989//728
f 997//200 998//200 996//200
f 1000//201 979//201 997//201
f 978//729 979//729 1000//729
f 995//203 994//203 977//203
f 902//188 903//188 904//188
f 897//726 903//726 902//726
f 897//190 901//190 900//190
f 898//730 896//730 900//730
f 889//192 898//192 899//192
f 911//193 890//193 889//193
f 891//731 890//731 911//731
f 892//195 891//195 912//195
f 914//196 893//196 892//196
f 914//197 915//197 894//197
f 895//198 894//198 915//198
f 918//728 916//728 895//728
f 907//200 916//200 918//200
f 920//201 906//201 907//201
f 909//202 905//202 906//202
f 908//203 904//203 905//203
f 784//206 783//206 741//206
f 741//207 800//207 791//207
f 741//732 791//732 786//732
f 785//207 784//207 741//207
f 809//733 812//733 815//733
f 741//207 783//207 782//207
f 741//206 782//206 787//206
f 808//207 809//207 815//207
f 807//206 808//206 815//206
f 815//207 741//207 787//207
f 815//734 787//734 788//734
f 807//207 815//207 788//207
f 807//207 788//207 789//207
f 803//734 807//734 789//734
f 803//206 789//206 790//206
f 806//207 803//207 790//207
f 806//207 790//207 794//207
f 805//206 806//206 794//206
f 805//206 794//206 795//206
f 810//207 805//207 795//207
f 810//207 795//207 796//207
f 811//206 810//206 796//206
f 811//207 796//207 797//207
f 816//207 811//207 797//207
f 816//733 797//733 793//733
f 817//734 816//734 793//734
f 792//207 791//207 800//207
f 820//735 817//735 793//735
f 793//207 792//207 800//207
f 826//207 821//207 820//207
f 820//207 793//207 800//207
f 826//207 815//207 812//207
f 826//207 812//207 818//207
f 822//206 821//206 826//206
f 826//206 818//206 819//206
f 741//208 815//208 814//208
f 772//211 815//211 826//211
f 775//212 778//212 780//212
f 742//212 752//212 753//212
f 742//736 753//736 754//736
f 775//212 780//212 742//212
f 774//212 775//212 742//212
f 742//212 754//212 758//212
f 774//212 742//212 758//212
f 773//213 774//213 758//213
f 773//212 758//212 757//212
f 769//212 773//212 757//212
f 769//212 757//212 756//212
f 766//213 769//213 756//213
f 766//213 756//213 755//213
f 765//212 766//212 755//212
f 765//212 755//212 751//212
f 763//212 765//212 751//212
f 763//213 751//213 750//213
f 762//212 763//212 750//212
f 762//212 750//212 749//212
f 764//737 762//737 749//737
f 764//738 749//738 744//738
f 743//212 746//212 736//212
f 772//736 770//736 768//736
f 772//212 768//212 767//212
f 744//737 743//737 736//737
f 772//213 767//213 764//213
f 764//212 744//212 736//212
f 771//212 770//212 772//212
f 772//212 780//212 778//212
f 772//736 778//736 777//736
f 776//736 771//736 772//736
f 752//212 742//212 736//212
f 736//212 746//212 745//212
f 736//212 745//212 747//212
f 748//736 752//736 736//736
f 736//739 741//739 740//739
f 736//215 742//215 800//215
f 824//217 781//217 780//217
f 780//740 826//740 825//740
f 761//216 742//216 780//216
f 780//216 781//216 779//216
f 772//218 813//218 814//218
f 826//219 800//219 823//219
f 800//220 742//220 759//220
f 782//221 743//221 744//221
f 783//222 746//222 743//222
f 784//741 745//741 746//741
f 745//224 784//224 785//224
f 748//225 747//225 785//225
f 752//226 748//226 786//226
f 753//227 752//227 791//227
f 753//228 792//228 793//228
f 758//229 754//229 793//229
f 758//742 797//742 796//742
f 756//743 757//743 796//743
f 794//232 755//232 756//232
f 751//233 755//233 794//233
f 789//234 750//234 751//234
f 749//235 750//235 789//235
f 787//236 744//236 749//236
f 762//221 764//221 807//221
f 763//744 762//744 803//744
f 765//223 763//223 806//223
f 765//224 805//224 810//224
f 769//225 766//225 810//225
f 769//226 811//226 816//226
f 774//227 773//227 816//227
f 774//228 817//228 820//228
f 778//229 775//229 820//229
f 778//742 821//742 822//742
f 777//743 822//743 819//743
f 818//232 771//232 776//232
f 770//233 771//233 818//233
f 768//234 770//234 812//234
f 767//235 768//235 809//235
f 807//236 764//236 767//236
f 882//238 883//238 927//238
f 927//238 658//238 670//238
f 927//745 670//745 859//745
f 881//238 882//238 927//238
f 873//238 881//238 927//238
f 927//238 859//238 862//238
f 927//238 862//238 861//238
f 870//238 873//238 927//238
f 870//238 927//238 861//238
f 870//238 861//238 860//238
f 869//238 870//238 860//238
f 869//239 860//239 858//239
f 867//238 869//238 858//238
f 867//238 858//238 857//238
f 866//238 867//238 857//238
f 866//238 857//238 664//238
f 865//238 866//238 664//238
f 865//238 664//238 663//238
f 864//238 865//238 663//238
f 864//239 663//239 662//239
f 868//746 864//746 662//746
f 877//238 872//238 871//238
f 660//238 666//238 665//238
f 661//238 660//238 665//238
f 877//239 871//239 868//239
f 662//238 661//238 665//238
f 877//238 868//238 662//238
f 878//238 872//238 877//238
f 877//238 927//238 883//238
f 877//239 883//239 880//239
f 879//239 878//239 877//239
f 658//238 665//238 666//238
f 658//238 666//238 667//238
f 669//238 670//238 658//238
f 658//238 667//238 668//238
f 658//240 927//240 928//240
f 875//747 874//747 876//747
f 631//242 665//242 658//242
f 876//244 921//244 927//244
f 921//243 654//243 856//243
f 649//246 634//246 631//246
f 654//748 652//748 651//748
f 650//246 649//246 631//246
f 654//246 651//246 650//246
f 876//246 843//246 851//246
f 876//748 851//748 852//748
f 854//246 921//246 876//246
f 876//246 852//246 855//246
f 842//246 843//246 876//246
f 631//246 634//246 633//246
f 631//246 633//246 635//246
f 841//748 842//748 876//748
f 840//749 841//749 876//749
f 631//246 635//246 637//246
f 631//750 637//750 638//750
f 840//246 876//246 631//246
f 846//246 840//246 631//246
f 846//246 631//246 638//246
f 845//246 846//246 638//246
f 845//748 638//748 639//748
f 844//246 845//246 639//246
f 844//246 639//246 833//246
f 847//246 844//246 833//246
f 847//246 833//246 834//246
f 848//748 847//748 834//748
f 848//246 834//246 836//246
f 850//246 848//246 836//246
f 850//246 836//246 835//246
f 849//246 850//246 835//246
f 849//246 835//246 837//246
f 921//246 854//246 853//246
f 849//751 837//751 653//751
f 921//246 853//246 849//246
f 652//246 654//246 921//246
f 921//246 849//246 653//246
f 927//249 921//249 922//249
f 922//752 923//752 928//752
f 655//250 654//250 658//250
f 665//251 659//251 875//251
f 636//253 632//253 631//253
f 631//254 632//254 659//254
f 638//256 663//256 664//256
f 639//257 664//257 857//257
f 834//258 833//258 857//258
f 860//753 836//753 834//753
f 835//260 836//260 860//260
f 837//261 835//261 861//261
f 653//262 837//262 862//262
f 652//263 653//263 859//263
f 651//264 652//264 670//264
f 650//265 651//265 669//265
f 667//266 649//266 650//266
f 666//754 634//754 649//754
f 633//268 634//268 666//268
f 661//269 635//269 633//269
f 635//274 661//274 662//274
f 637//271 662//271 663//271
f 842//256 871//256 872//256
f 843//257 872//257 878//257
f 879//258 852//258 851//258
f 855//755 852//755 879//755
f 883//756 854//756 855//756
f 882//261 853//261 854//261
f 849//262 853//262 882//262
f 873//263 850//263 849//263
f 848//264 850//264 873//264
f 869//265 847//265 848//265
f 867//266 844//266 847//266
f 845//754 844//754 867//754
f 865//757 846//757 845//757
f 840//758 846//758 865//758
f 840//270 864//270 868//270
f 842//271 841//271 868//271
f 592//275 596//275 648//275
f 588//276 589//276 641//276
f 598//277 589//277 590//277
f 590//759 606//759 605//759
f 590//277 605//277 602//277
f 599//277 598//277 590//277
f 642//277 641//277 624//277
f 642//277 624//277 625//277
f 608//277 643//277 642//277
f 609//760 608//760 642//760
f 642//277 625//277 623//277
f 592//277 645//277 644//277
f 589//277 598//277 597//277
f 589//277 597//277 600//277
f 622//277 624//277 641//277
f 621//277 622//277 641//277
f 589//277 600//277 601//277
f 589//277 601//277 603//277
f 604//277 621//277 641//277
f 641//277 589//277 603//277
f 647//81 640//81 641//81
f 641//81 642//81 646//81
f 610//278 611//278 588//278
f 640//278 629//278 627//278
f 640//278 627//278 626//278
f 613//278 610//278 588//278
f 614//278 613//278 588//278
f 640//278 626//278 618//278
f 617//278 614//278 588//278
f 640//278 618//278 617//278
f 595//278 588//278 611//278
f 595//278 611//278 612//278
f 629//278 640//278 647//278
f 630//278 629//278 647//278
f 595//278 612//278 615//278
f 595//278 615//278 616//278
f 628//278 630//278 647//278
f 620//761 628//761 647//761
f 595//278 616//278 619//278
f 619//762 620//762 647//762
f 590//69 589//69 588//69
f 619//279 607//279 608//279
f 608//763 609//763 620//763
f 609//280 623//280 628//280
f 623//281 625//281 630//281
f 630//282 625//282 624//282
f 629//283 624//283 622//283
f 627//284 622//284 621//284
f 621//285 604//285 618//285
f 603//286 617//286 618//286
f 603//287 601//287 614//287
f 601//288 600//288 613//288
f 600//289 597//289 610//289
f 597//290 598//290 611//290
f 598//291 599//291 612//291
f 602//292 615//292 612//292
f 615//293 602//293 605//293
f 616//764 605//764 606//764
f 606//765 607//765 619//765
f 737//766 711//766 710//766
f 737//295 710//295 692//295
f 716//295 717//295 734//295
f 715//295 716//295 734//295
f 368//295 737//295 692//295
f 368//295 692//295 691//295
f 709//295 715//295 734//295
f 708//295 709//295 734//295
f 368//295 691//295 690//295
f 690//767 684//767 683//767
f 368//295 690//295 683//295
f 708//295 734//295 367//295
f 707//766 708//766 367//766
f 368//295 683//295 685//295
f 368//295 685//295 682//295
f 706//768 707//768 367//768
f 689//769 706//769 367//769
f 367//295 368//295 682//295
f 367//769 682//769 676//769
f 688//295 689//295 367//295
f 686//770 687//770 688//770
f 686//295 688//295 367//295
f 367//295 676//295 678//295
f 367//766 678//766 680//766
f 677//766 686//766 367//766
f 681//769 677//769 367//769
f 367//768 680//768 679//768
f 712//295 711//295 737//295
f 737//295 734//295 717//295
f 737//771 717//771 719//771
f 713//295 712//295 737//295
f 714//295 713//295 737//295
f 737//295 719//295 718//295
f 724//297 725//297 738//297
f 735//297 731//297 732//297
f 729//772 728//772 727//772
f 735//297 732//297 729//297
f 723//296 724//296 738//296
f 705//297 723//297 738//297
f 735//297 729//297 727//297
f 735//297 727//297 722//297
f 705//297 738//297 369//297
f 704//297 705//297 369//297
f 693//297 735//297 722//297
f 693//297 722//297 721//297
f 703//297 704//297 369//297
f 699//297 703//297 369//297
f 693//297 721//297 720//297
f 693//296 720//296 702//296
f 698//297 699//297 369//297
f 697//297 698//297 369//297
f 693//297 702//297 701//297
f 693//296 701//296 700//296
f 697//297 369//297 693//297
f 696//773 697//773 693//773
f 693//297 700//297 694//297
f 695//774 696//774 693//774
f 730//297 731//297 735//297
f 735//297 738//297 725//297
f 735//775 725//775 726//775
f 733//297 730//297 735//297
f 734//298 735//298 693//298
f 367//299 693//299 369//299
f 737//776 368//776 369//776
f 738//301 735//301 734//301
f 702//302 688//302 687//302
f 686//777 677//777 681//777
f 681//778 700//778 701//778
f 701//302 687//302 686//302
f 681//779 679//779 680//779
f 680//780 694//780 700//780
f 695//781 694//781 680//781
f 696//782 695//782 678//782
f 696//307 676//307 682//307
f 698//783 697//783 682//783
f 698//309 685//309 683//309
f 684//310 703//310 699//310
f 690//784 691//784 704//784
f 704//785 703//785 684//785
f 704//786 691//786 692//786
f 705//787 692//787 710//787
f 712//788 713//788 724//788
f 724//314 723//314 710//314
f 710//789 711//789 712//789
f 713//315 726//315 725//315
f 726//316 713//316 714//316
f 730//790 733//790 714//790
f 731//318 730//318 718//318
f 717//319 716//319 732//319
f 732//319 731//319 719//319
f 729//320 732//320 716//320
f 728//321 729//321 715//321
f 707//791 722//791 727//791
f 727//792 728//792 709//792
f 708//793 707//793 727//793
f 721//794 722//794 707//794
f 720//323 721//323 706//323
f 702//324 720//324 689//324
f 353//325 355//325 335//325
f 330//327 328//327 347//327
f 347//327 345//327 325//327
f 325//333 331//333 330//333
f 324//327 329//327 349//327
f 349//795 348//795 354//795
f 351//796 352//796 340//796
f 352//329 353//329 342//329
f 356//331 345//331 347//331
f 347//331 363//331 364//331
f 353//797 352//797 351//797
f 347//332 328//332 339//332
f 339//798 350//798 363//798
f 337//333 336//333 329//333
f 330//799 331//799 334//799
f 334//333 339//333 328//333
f 342//337 335//337 341//337
f 337//325 360//325 361//325
f 362//335 336//335 338//335
f 344//327 323//327 327//327
f 346//329 357//329 333//329
f 344//329 346//329 326//329
f 345//329 356//329 332//329
f 348//331 349//331 362//331
f 362//797 359//797 358//797
f 344//331 343//331 361//331
f 361//797 360//797 358//797
f 358//331 357//331 346//331
f 346//331 344//331 361//331
f 343//332 327//332 336//332
f 336//332 362//332 349//332
f 332//333 334//333 331//333
f 326//333 333//333 338//333
f 338//333 336//333 327//333
f 327//333 323//333 326//333
f 105//800 101//800 102//800
f 118//801 112//801 114//801
f 118//802 114//802 113//802
f 105//338 102//338 137//338
f 104//338 105//338 137//338
f 118//338 113//338 115//338
f 109//803 117//803 116//803
f 118//804 115//804 109//804
f 103//338 104//338 137//338
f 94//805 95//805 96//805
f 96//338 103//338 137//338
f 118//338 109//338 116//338
f 108//806 107//806 106//806
f 118//338 116//338 108//338
f 96//338 137//338 62//338
f 94//338 96//338 62//338
f 118//338 108//338 106//338
f 118//338 106//338 82//338
f 93//338 94//338 62//338
f 91//338 93//338 62//338
f 64//338 118//338 82//338
f 64//338 82//338 81//338
f 91//338 62//338 64//338
f 90//807 91//807 64//807
f 64//338 81//338 80//338
f 80//808 79//808 78//808
f 64//338 80//338 78//338
f 89//809 90//809 64//809
f 83//810 88//810 89//810
f 83//338 89//338 64//338
f 64//338 78//338 77//338
f 64//338 77//338 92//338
f 85//801 83//801 64//801
f 84//338 85//338 64//338
f 64//338 92//338 87//338
f 86//802 84//802 64//802
f 110//802 112//802 118//802
f 118//338 137//338 102//338
f 102//811 111//811 110//811
f 135//340 123//340 138//340
f 136//812 130//812 129//812
f 128//813 127//813 126//813
f 136//814 129//814 128//814
f 134//341 135//341 138//341
f 133//341 134//341 138//341
f 136//341 128//341 126//341
f 136//341 126//341 125//341
f 132//341 133//341 138//341
f 131//341 132//341 138//341
f 136//341 125//341 124//341
f 136//341 124//341 100//341
f 131//341 138//341 65//341
f 122//815 131//815 65//815
f 61//341 136//341 100//341
f 61//341 100//341 99//341
f 121//816 122//816 65//816
f 120//341 121//341 65//341
f 61//341 99//341 98//341
f 61//341 98//341 97//341
f 119//341 120//341 65//341
f 76//341 119//341 65//341
f 61//341 97//341 75//341
f 61//341 75//341 74//341
f 73//341 76//341 65//341
f 72//341 73//341 65//341
f 65//341 61//341 74//341
f 65//367 74//367 70//367
f 66//341 72//341 65//341
f 71//341 66//341 65//341
f 65//817 70//817 69//817
f 65//341 69//341 68//341
f 67//814 71//814 65//814
f 136//341 138//341 123//341
f 118//329 64//329 65//329
f 137//342 118//342 138//342
f 137//332 136//332 61//332
f 62//343 61//343 65//343
f 127//818 128//818 129//818
f 129//819 135//819 113//819
f 113//820 114//820 127//820
f 112//821 110//821 111//821
f 111//822 126//822 127//822
f 127//820 114//820 112//820
f 102//823 101//823 125//823
f 125//824 126//824 111//824
f 105//825 104//825 124//825
f 124//826 125//826 101//826
f 100//348 124//348 104//348
f 96//827 95//827 99//827
f 99//349 100//349 103//349
f 93//828 91//828 97//828
f 98//350 99//350 94//350
f 93//351 97//351 98//351
f 74//341 75//341 97//341
f 97//829 91//829 90//829
f 70//353 74//353 90//353
f 69//353 70//353 89//353
f 89//354 88//354 68//354
f 86//830 67//830 68//830
f 68//831 88//831 83//831
f 85//832 86//832 68//832
f 71//356 67//356 86//356
f 72//833 66//833 71//833
f 71//834 87//834 92//834
f 92//835 77//835 72//835
f 73//835 72//835 77//835
f 76//358 73//358 78//358
f 119//359 76//359 79//359
f 120//360 119//360 80//360
f 120//836 81//836 82//836
f 82//362 122//362 121//362
f 122//362 82//362 106//362
f 106//363 132//363 131//363
f 116//837 117//837 133//837
f 133//838 132//838 107//838
f 108//839 116//839 133//839
f 109//366 115//366 134//366
f 134//365 133//365 117//365
f 135//366 134//366 115//366
f 135//840 129//840 130//840
f 935//368 946//368 945//368
f 931//369 942//369 959//369
f 933//369 957//369 954//369
f 959//370 942//370 944//370
f 935//371 944//371 942//371
f 933//371 932//371 941//371
f 941//841 936//841 938//841
f 953//372 946//372 935//372
f 941//372 932//372 954//372
f 954//806 955//806 948//806
f 948//842 947//842 940//842
f 940//843 936//843 941//843
f 941//372 954//372 948//372
f 953//375 959//375 945//375
f 938//844 936//844 940//844
f 940//376 947//376 950//376
f 950//368 952//368 938//368
f 939//368 949//368 951//368
f 958//369 956//369 934//369
f 933//370 938//370 952//370
f 937//370 951//370 958//370
f 937//371 943//371 934//371
f 956//372 949//372 939//372
f 949//375 956//375 958//375
f 954//375 957//375 952//375
f 952//845 950//845 948//845
f 1005//377 1008//377 1007//377
f 1010//378 1011//378 1012//378
f 1005//379 1006//379 1010//379
f 1007//380 1011//380 1010//380
f 1008//381 1012//381 1011//381
f 1005//382 1009//382 1012//382
f 1016//383 1015//383 1014//383
f 1018//384 1019//384 1020//384
f 1014//385 1018//385 1017//385
f 1015//386 1019//386 1018//386
f 1016//387 1020//387 1019//387
f 1013//388 1017//388 1020//388
f 1021//846 1026//846 1027//846
f 1023//377 1022//377 1027//377
f 1024//847 1023//847 1028//847
f 1021//848 1025//848 1030//848
f 1024//849 1029//849 1030//849
f 1039//850 1034//850 1040//850
f 1041//851 1031//851 1032//851
f 1034//852 1033//852 1035//852
f 1037//413 1036//413 1041//413
f 1054//853 1044//853 1049//853
f 1043//854 1045//854 1046//854
f 1046//855 1047//855 1053//855
f 1048//856 1053//856 1054//856
f 1115//857 1114//857 1085//857
f 1115//857 1085//857 1089//857
f 1065//858 1113//858 1115//858
f 1067//857 1071//857 1065//857
f 1055//430 1068//430 1067//430
f 1087//857 1086//857 1055//857
f 1115//857 1089//857 1088//857
f 1088//859 1087//859 1055//859
f 1055//857 1067//857 1065//857
f 1115//857 1088//857 1055//857
f 1063//434 1091//434 1090//434
f 1090//434 1092//434 1064//434
f 1056//860 1058//860 1063//860
f 1072//436 1070//436 1061//436
f 1060//861 1073//861 1072//861
f 1074//437 1076//437 1059//437
f 1060//437 1061//437 1075//437
f 1074//437 1059//437 1060//437
f 1077//439 1078//439 1056//439
f 1056//439 1059//439 1076//439
f 1080//441 1068//441 1055//441
f 1055//441 1056//441 1078//441
f 1093//442 1091//442 1063//442
f 1086//443 1093//443 1058//443
f 1099//862 1096//862 1066//862
f 1066//863 1082//863 1084//863
f 1084//864 1083//864 1073//864
f 1073//865 1060//865 1064//865
f 1064//866 1092//866 1094//866
f 1094//867 1097//867 1099//867
f 1099//868 1066//868 1084//868
f 1084//869 1073//869 1064//869
f 1064//870 1094//870 1099//870
f 1098//871 1095//871 1096//871
f 1066//872 1096//872 1101//872
f 1065//873 1102//873 1116//873
f 1103//874 1102//874 1065//874
f 1065//875 1071//875 1104//875
f 1074//451 1075//451 1079//451
f 1079//587 1069//587 1070//587
f 1070//451 1072//451 1074//451
f 1105//876 1084//876 1081//876
f 1082//876 1101//876 1106//876
f 1105//877 1081//877 1082//877
f 1108//453 1109//453 1077//453
f 1077//453 1076//453 1074//453
f 1074//878 1072//878 1073//878
f 1083//879 1084//879 1105//879
f 1074//453 1073//453 1083//453
f 1107//880 1108//880 1077//880
f 1083//881 1105//881 1107//881
f 1107//453 1077//453 1074//453
f 1110//882 1104//882 1071//882
f 1071//883 1067//883 1068//883
f 1068//884 1080//884 1078//884
f 1078//885 1077//885 1109//885
f 1078//886 1109//886 1112//886
f 1110//887 1071//887 1068//887
f 1078//885 1112//885 1111//885
f 1111//887 1110//887 1068//887
f 1091//888 1093//888 1086//888
f 1086//456 1087//456 1057//456
f 1057//889 1090//889 1091//889
f 1105//890 1106//890 1101//890
f 1101//891 1095//891 1098//891
f 1099//892 1062//892 1107//892
f 1105//893 1101//893 1098//893
f 1099//894 1107//894 1105//894
f 1085//895 1117//895 1118//895
f 1102//896 1103//896 1110//896
f 1110//897 1111//897 1112//897
f 1109//898 1108//898 1107//898
f 1110//899 1112//899 1109//899
f 1119//900 1116//900 1102//900
f 1102//901 1110//901 1109//901
f 1109//902 1107//902 1062//902
f 1057//903 1087//903 1088//903
f 1088//904 1089//904 1118//904
f 1119//905 1102//905 1109//905
f 1088//900 1118//900 1119//900
f 1109//460 1062//460 1057//460
f 1088//906 1119//906 1109//906
f 1097//907 1094//907 1092//907
f 1092//908 1090//908 1057//908
f 1057//461 1062//461 1099//461
f 1097//461 1092//461 1057//461
f 1117//909 1114//909 1115//909
f 1115//910 1119//910 1118//910
f 1115//911 1113//911 1116//911
f 1125//912 1128//912 1124//912
f 1123//913 1122//913 1121//913
f 1132//79 1131//79 1130//79
f 1134//20 1135//20 1136//20
f 1129//69 1130//69 1134//69
f 1131//88 1135//88 1134//88
f 1132//81 1136//81 1135//81
f 1129//87 1133//87 1136//87
f 1140//119 1139//119 1138//119
f 1142//21 1143//21 1144//21
f 1138//69 1142//69 1141//69
f 1139//112 1143//112 1142//112
f 1139//81 1140//81 1144//81
f 1137//114 1141//114 1144//114
f 1148//131 1147//131 1146//131
f 1150//22 1151//22 1152//22
f 1145//69 1146//69 1150//69
f 1147//135 1151//135 1150//135
f 1148//81 1152//81 1151//81
f 1145//129 1149//129 1152//129
f 1164//154 1165//154 1156//154
f 1156//154 1153//154 1154//154
f 1154//154 1155//154 1166//154
f 1164//154 1156//154 1154//154
f 1182//2 1181//2 1157//2
f 1159//2 1158//2 1172//2
f 1171//2 1190//2 1189//2
f 1159//2 1172//2 1171//2
f 1182//2 1157//2 1159//2
f 1171//2 1189//2 1182//2
f 1161//146 1160//146 1154//146
f 1154//146 1153//146 1173//146
f 1174//146 1172//146 1158//146
f 1154//146 1173//146 1174//146
f 1174//146 1158//146 1161//146
f 1155//141 1154//141 1160//141
f 1169//144 1168//144 1156//144
f 1167//144 1166//144 1155//144
f 1155//144 1162//144 1163//144
f 1157//144 1184//144 1187//144
f 1183//144 1185//144 1186//144
f 1157//711 1187//711 1183//711
f 1167//144 1155//144 1163//144
f 1176//144 1169//144 1156//144
f 1177//144 1176//144 1156//144
f 1167//711 1163//711 1159//711
f 1159//144 1157//144 1183//144
f 1183//144 1186//144 1178//144
f 1175//144 1177//144 1156//144
f 1159//144 1183//144 1178//144
f 1175//144 1156//144 1165//144
f 1167//144 1159//144 1178//144
f 1175//144 1165//144 1167//144
f 1157//152 1181//152 1188//152
f 1173//152 1153//152 1156//152
f 1156//152 1168//152 1170//152
f 1170//152 1180//152 1179//152
f 1179//152 1173//152 1156//152
f 1159//477 1163//477 1161//477
f 1162//914 1160//914 1161//914
f 1170//481 1169//481 1176//481
f 1175//915 1178//915 1171//915
f 1171//916 1172//916 1174//916
f 1176//484 1177//484 1179//484
f 1190//917 1171//917 1178//917
f 1178//918 1186//918 1191//918
f 1173//919 1179//919 1177//919
f 1177//920 1175//920 1174//920
f 1183//487 1187//487 1188//487
f 1188//487 1181//487 1182//487
f 1185//921 1183//921 1182//921
f 1182//922 1189//922 1191//922
f 1191//923 1186//923 1185//923
f 1194//491 1195//491 1192//491
f 1203//15 1199//15 1197//15
f 1197//15 1196//15 1200//15
f 1197//15 1200//15 1202//15
f 1201//15 1203//15 1197//15
f 1209//924 1210//924 1204//924
f 1204//925 1200//925 1196//925
f 1196//492 1193//492 1192//492
f 1192//492 1208//492 1209//492
f 1209//492 1204//492 1196//492
f 1193//176 1196//176 1197//176
f 1207//926 1195//926 1194//926
f 1194//926 1197//926 1199//926
f 1199//926 1206//926 1205//926
f 1205//926 1207//926 1194//926
f 1208//495 1192//495 1195//495
f 1195//495 1207//495 1212//495
f 1212//927 1213//927 1211//927
f 1211//175 1208//175 1195//175
f 1205//928 1206//928 1203//928
f 1215//497 1212//497 1207//497
f 1207//929 1205//929 1201//929
f 1201//497 1202//497 1204//497
f 1204//497 1210//497 1214//497
f 1215//497 1207//497 1201//497
f 1204//930 1214//930 1215//930
f 1215//931 1198//931 1211//931
f 1210//500 1209//500 1198//500
f 1198//932 1215//932 1214//932
f 1211//933 1198//933 1209//933
f 1217//502 1218//502 1219//502
f 1220//7 1221//7 1224//7
f 1226//503 1217//503 1216//503
f 1216//503 1220//503 1225//503
f 1227//503 1226//503 1216//503
f 1229//211 1228//211 1222//211
f 1222//211 1218//211 1217//211
f 1217//211 1226//211 1229//211
f 1231//505 1224//505 1221//505
f 1221//505 1219//505 1218//505
f 1218//505 1222//505 1232//505
f 1230//505 1231//505 1221//505
f 1218//505 1232//505 1230//505
f 1221//215 1220//215 1216//215
f 1224//934 1231//934 1227//934
f 1228//935 1229//935 1230//935
f 1229//936 1226//936 1227//936
f 1227//937 1231//937 1230//937
f 1236//512 1239//512 1238//512
f 1241//19 1242//19 1243//19
f 1237//513 1241//513 1240//513
f 1237//244 1238//244 1242//244
f 1238//514 1239//514 1243//514
f 1236//242 1240//242 1243//242
f 1246//938 1244//938 1247//938
f 1249//939 1245//939 1246//939
f 1245//940 1250//940 1247//940
f 1252//528 1255//528 1257//528
f 1260//941 1261//941 1264//941
f 1280//538 1273//538 1265//538
f 1265//942 1268//942 1279//942
f 1278//942 1280//942 1265//942
f 1281//943 1282//943 1275//943
f 1275//944 1285//944 1279//944
f 1279//539 1268//539 1272//539
f 1272//539 1274//539 1283//539
f 1272//539 1283//539 1281//539
f 1275//539 1279//539 1272//539
f 1284//539 1276//539 1273//539
f 1277//945 1274//945 1272//945
f 1270//946 1273//946 1276//946
f 1277//946 1272//946 1270//946
f 1268//17 1266//17 1271//17
f 1265//544 1270//544 1271//544
f 1287//632 1283//632 1274//632
f 1269//632 1275//632 1282//632
f 1269//947 1282//947 1286//947
f 1287//948 1274//948 1277//948
f 1269//949 1286//949 1287//949
f 1288//950 1285//950 1275//950
f 1269//951 1289//951 1288//951
f 1276//952 1284//952 1289//952
f 1289//953 1269//953 1277//953
f 1278//954 1279//954 1285//954
f 1282//592 1281//592 1267//592
f 1267//955 1281//955 1283//955
f 1289//956 1284//956 1280//956
f 1280//957 1278//957 1288//957
f 1296//9 1290//9 1293//9
f 1293//9 1297//9 1298//9
f 1295//553 1292//553 1291//553
f 1291//553 1290//553 1296//553
f 1299//554 1297//554 1293//554
f 1293//554 1291//554 1292//554
f 1292//554 1294//554 1299//554
f 1299//556 1294//556 1295//556
f 1295//556 1296//556 1298//556
f 1301//3 1304//3 1305//3
f 1303//557 1302//557 1305//557
f 1300//558 1304//558 1301//558
f 1308//3 1307//3 1309//3
f 1309//559 1307//559 1306//559
f 1306//560 1308//560 1310//560
f 1318//440 1317//440 1316//440
f 1314//5 1315//5 1320//5
f 1322//561 1320//561 1315//561
f 1315//561 1313//561 1312//561
f 1312//561 1316//561 1321//561
f 1321//958 1323//958 1322//958
f 1322//561 1315//561 1312//561
f 1312//562 1313//562 1314//562
f 1314//562 1319//562 1324//562
f 1312//562 1314//562 1324//562
f 1321//959 1317//959 1318//959
f 1318//960 1324//960 1322//960
f 1320//565 1322//565 1324//565
f 1329//10 1328//10 1333//10
f 1334//567 1333//567 1328//567
f 1328//567 1327//567 1326//567
f 1326//567 1331//567 1334//567
f 1335//568 1330//568 1326//568
f 1326//568 1327//568 1329//568
f 1329//568 1332//568 1335//568
f 1333//961 1334//961 1335//961
f 1330//962 1335//962 1334//962
f 1336//566 1340//566 1342//566
f 1341//566 1343//566 1336//566
f 1344//12 1342//12 1340//12
f 1340//12 1339//12 1337//12
f 1337//12 1346//12 1345//12
f 1344//12 1340//12 1337//12
f 1340//572 1336//572 1338//572
f 1347//963 1346//963 1337//963
f 1337//573 1338//573 1336//573
f 1336//573 1343//573 1347//573
f 1345//964 1347//964 1343//964
f 1343//965 1341//965 1344//965
f 1354//405 1355//405 1348//405
f 1349//405 1353//405 1354//405
f 1356//12 1353//12 1349//12
f 1349//12 1352//12 1351//12
f 1351//12 1357//12 1358//12
f 1356//12 1349//12 1351//12
f 1359//577 1357//577 1351//577
f 1351//577 1350//577 1348//577
f 1348//966 1355//966 1359//966
f 1349//578 1348//578 1350//578
f 1358//967 1359//967 1355//967
f 1355//965 1354//965 1356//965
f 1365//6 1361//6 1362//6
f 1363//581 1362//581 1360//581
f 1364//582 1360//582 1361//582
f 1371//4 1367//4 1369//4
f 1367//583 1366//583 1368//583
f 1368//584 1366//584 1371//584
f 1372//16 1374//16 1379//16
f 1379//585 1374//585 1373//585
f 1373//585 1375//585 1377//585
f 1380//585 1379//585 1373//585
f 1381//586 1376//586 1375//586
f 1375//586 1373//586 1372//586
f 1372//586 1378//586 1381//586
f 1379//451 1380//451 1381//451
f 1381//453 1380//453 1377//453
f 1385//968 1386//968 1387//968
f 1389//17 1384//17 1383//17
f 1383//17 1385//17 1388//17
f 1386//590 1385//590 1383//590
f 1387//591 1386//591 1382//591
f 1382//591 1384//591 1389//591
f 1394//968 1399//968 1398//968
f 1400//16 1392//16 1390//16
f 1390//969 1393//969 1398//969
f 1400//593 1401//593 1396//593
f 1396//593 1395//593 1391//593
f 1392//970 1400//970 1396//970
f 1397//594 1394//594 1393//594
f 1390//594 1391//594 1395//594
f 1397//594 1393//594 1390//594
f 1399//971 1394//971 1397//971
f 1397//596 1396//596 1401//596
f 1398//597 1399//597 1401//597
f 1404//6 1407//6 1406//6
f 1403//598 1406//598 1405//598
f 1402//599 1405//599 1407//599
f 1410//8 1415//8 1414//8
f 1412//600 1408//600 1409//600
f 1409//600 1411//600 1414//600
f 1416//600 1412//600 1409//600
f 1415//601 1410//601 1409//601
f 1409//601 1408//601 1413//601
f 1417//601 1415//601 1409//601
f 1417//889 1416//889 1414//889
f 1412//972 1416//972 1417//972
f 1423//12 1419//12 1418//12
f 1422//605 1418//605 1420//605
f 1420//606 1419//606 1423//606
f 1428//22 1424//22 1426//22
f 1427//607 1425//607 1424//607
f 1427//973 1429//973 1426//973
f 1432//19 1431//19 1435//19
f 1435//610 1431//610 1430//610
f 1430//611 1432//611 1433//611
f 1441//21 1438//21 1436//21
f 1436//614 1437//614 1439//614
f 1437//615 1438//615 1441//615
f 1442//18 1443//18 1446//18
f 1443//616 1444//616 1447//616
f 1444//617 1442//617 1445//617
f 1453//19 1449//19 1448//19
f 1452//619 1450//619 1449//619
f 1452//620 1451//620 1448//620
f 1459//18 1456//18 1455//18
f 1457//623 1454//623 1456//623
f 1458//624 1455//624 1454//624
f 1461//13 1462//13 1465//13
f 1460//626 1461//626 1463//626
f 1465//627 1462//627 1460//627
f 1470//7 1468//7 1467//7
f 1471//628 1467//628 1466//628
f 1470//629 1469//629 1466//629
f 1472//421 1478//421 1477//421
f 1479//974 1478//974 1472//974
f 1472//17 1474//17 1476//17
f 1472//630 1473//630 1475//630
f 1479//631 1476//631 1475//631
f 1475//631 1473//631 1477//631
f 1481//14 1484//14 1485//14
f 1483//633 1480//633 1482//633
f 1480//634 1483//634 1484//634
f 1490//18 1488//18 1487//18
f 1489//637 1487//637 1486//637
f 1486//638 1488//638 1490//638
f 1493//15 1499//15 1498//15
f 1500//640 1499//640 1493//640
f 1493//640 1492//640 1495//640
f 1495//640 1496//640 1500//640
f 1497//641 1495//641 1492//641
f 1492//641 1494//641 1498//641
f 1501//975 1497//975 1492//975
f 1498//496 1499//496 1500//496
f 1500//497 1496//497 1497//497
f 1514//422 1505//422 1508//422
f 1514//14 1516//14 1503//14
f 1503//14 1504//14 1505//14
f 1516//645 1517//645 1512//645
f 1512//645 1511//645 1502//645
f 1503//976 1516//976 1512//976
f 1513//646 1508//646 1505//646
f 1504//977 1502//977 1511//977
f 1513//978 1505//978 1504//978
f 1515//979 1508//979 1513//979
f 1513//980 1512//980 1517//980
f 1517//981 1516//981 1514//981
f 1523//15 1520//15 1519//15
f 1518//652 1520//652 1523//652
f 1522//653 1519//653 1518//653
f 1526//982 1525//982 1524//982
