# Blender 5.2.0 LTS
# www.blender.org
o right_upper_head
v 43.354012 64.663536 165.354355
v 43.960499 63.055500 165.889496
v 0.265356 88.729591 212.348373
v 0.000000 87.478500 213.615005
v 6.906072 90.173767 215.203796
v 7.420183 91.853111 216.979279
v 8.116285 95.374077 212.298889
v 8.492899 96.462593 214.404419
v 0.142781 101.320274 222.009827
v 0.698321 100.287941 223.902847
v 3.951126 100.045708 224.359818
v 4.642771 101.326668 222.016541
v 0.143558 109.750389 213.469757
v 0.891946 110.742302 213.605865
v 3.891940 110.746559 213.610352
v 4.643548 109.756783 213.476471
v 3.939261 103.325996 227.610138
v 0.127550 113.146652 220.952347
v 0.126818 113.797211 220.822937
v 0.125700 114.447777 220.952347
v 0.127783 112.595131 221.320862
v 0.127483 112.226616 221.872375
v 0.126695 112.097214 222.522949
v 0.125539 112.226616 223.173508
v 0.124191 112.595131 223.725021
v 0.122856 113.146645 224.093536
v 0.121738 113.797203 224.222946
v 0.121007 114.447769 224.093536
v 4.627540 113.153046 220.959076
v 4.626809 113.803612 220.829666
v 4.625690 114.454170 220.959076
v 4.627773 112.601524 221.327591
v 4.627473 112.233009 221.879105
v 4.626685 112.103607 222.529663
v 4.625529 112.233009 223.180237
v 4.624181 112.601524 223.731750
v 4.622847 113.153038 224.100266
v 4.621728 113.803604 224.229675
v 4.620997 114.454163 224.100266
v 0.124366 114.999290 221.320862
v 0.123018 115.367805 221.872375
v 0.121073 115.367805 223.173508
v 0.121862 115.497208 222.522949
v 0.120773 114.999290 223.725021
v 4.624356 115.005684 221.327591
v 4.623008 115.374199 221.879105
v 4.621064 115.374199 223.180237
v 4.621852 115.503601 222.529663
v 4.620764 115.005684 223.731750
v 0.079000 128.965149 238.395386
v 0.079067 129.885178 237.475357
v 0.079300 129.333664 237.843872
v 0.078335 130.535736 237.345947
v 0.077217 131.186295 237.475357
v 0.075883 131.737823 237.843872
v 0.074535 132.106339 238.395386
v 4.578990 128.971558 238.402115
v 4.579057 129.891586 237.482086
v 4.579290 129.340073 237.850601
v 4.578326 130.542145 237.352676
v 4.577208 131.192703 237.482086
v 4.575873 131.744232 237.850601
v 4.574525 132.112732 238.402115
v 0.078212 128.835739 239.045959
v 0.077056 128.965149 239.696518
v 0.075708 129.333649 240.248032
v 0.074373 129.885178 240.616547
v 0.073255 130.535736 240.745956
v 0.073379 132.235733 239.045959
v 0.072524 131.186295 240.616547
v 0.072290 131.737808 240.248032
v 0.072591 132.106323 239.696518
v 0.818975 135.935501 238.474670
v 0.056982 139.640625 242.975128
v 0.808668 139.493851 241.987213
v 3.818969 135.939774 238.479156
v 3.808662 139.498123 241.991699
v 4.578202 128.842148 239.052673
v 4.577046 128.971542 239.703247
v 4.575698 129.340057 240.254761
v 4.574364 129.891586 240.623276
v 4.573246 130.542145 240.752686
v 4.573369 132.242142 239.052673
v 4.572514 131.192703 240.623276
v 4.572281 131.744217 240.254761
v 4.572581 132.112732 239.703247
v 4.556972 139.647034 242.981842
v 3.852900 127.203835 251.269760
v 0.636709 129.256882 252.616302
v 0.056204 131.210510 251.515198
v 3.847058 128.819016 252.870163
v 0.776928 138.403549 257.256744
v 4.556195 131.216919 251.521912
v 0.128279 135.345322 260.352966
v 1.897637 135.796265 261.169067
v -0.151500 139.783493 265.246490
v 0.081842 147.128571 249.550491
v 0.838547 147.959427 249.003143
v 0.878910 152.948898 249.324860
v 0.125204 152.463638 252.952698
v 0.128147 152.832138 252.401184
v 3.838449 147.935165 249.002960
v 0.124201 152.334229 253.603271
v 0.125291 152.463638 254.253830
v 0.128308 152.832138 254.805344
v 4.581695 147.092194 249.550186
v 4.625057 152.427261 252.952408
v 4.628000 152.795761 252.400894
v 4.624054 152.297852 253.602966
v 4.625144 152.427261 254.253540
v 4.628160 152.795761 254.805054
v 0.076400 146.356415 261.525635
v 4.195289 146.636597 263.022888
v -0.263565 140.549423 263.621429
v 0.668883 146.832520 263.822815
v 0.699424 150.739395 264.070618
v 4.576253 146.320038 261.525330
v 0.132581 153.383636 252.032669
v 0.137832 154.034180 251.903259
v 0.143101 154.684723 252.032669
v 0.147584 155.236221 252.401184
v 0.150600 155.604721 252.952698
v 0.132791 153.383636 255.173859
v 0.138060 154.034180 255.303268
v 0.143311 154.684723 255.173859
v 0.150687 155.604721 254.253830
v 0.151690 155.734131 253.603271
v 0.147745 155.236221 254.805344
v 4.632434 153.347260 252.032379
v 4.637685 153.997803 251.902969
v 4.642953 154.648346 252.032379
v 4.647437 155.199844 252.400894
v 4.650454 155.568344 252.952408
v 4.632644 153.347260 255.173569
v 4.637913 153.997803 255.302979
v 4.643164 154.648346 255.173569
v 4.651543 155.697754 253.602966
v 4.650540 155.568344 254.253540
v 4.647598 155.199844 254.805054
v 4.330113 162.694244 264.039368
v 16.574020 87.653938 214.777206
v 25.984913 84.294449 213.462860
v 26.260061 85.741661 211.297638
v 26.498983 86.768318 210.724152
v 26.448368 86.285927 212.350418
v 26.551762 86.730202 212.102234
v 26.582464 86.673500 213.100113
v 26.687292 87.312584 211.776917
v 26.687521 87.312515 211.776917
v 26.499023 85.973793 215.238358
v 26.793596 87.283730 214.280487
v 27.032518 88.310387 213.707001
v 27.063906 88.401100 213.882446
v 11.013556 91.871948 213.591171
v 11.072417 92.187958 213.417282
v 11.450470 92.706993 213.081329
v 11.221440 92.472778 213.243378
v 13.569489 90.987625 213.591171
v 13.742057 91.914131 213.081329
v 13.777372 91.588455 213.243378
v 13.718513 91.272446 213.417282
v 11.743899 92.874641 212.942169
v 12.081733 92.964294 212.835403
v 12.440947 92.969849 212.768280
v 12.797062 92.890930 212.745377
v 13.125807 92.732895 212.768280
v 13.404781 92.506538 212.835403
v 13.614971 92.227272 212.942169
v 11.048873 91.546272 213.753220
v 11.175959 91.233131 213.892380
v 11.665123 90.727509 214.066284
v 11.386148 90.953865 213.999161
v 11.552571 92.321648 215.997910
v 11.425486 92.634781 215.858765
v 11.449030 93.276474 215.522812
v 11.598053 93.561295 215.348907
v 11.390170 92.960457 215.696716
v 11.993868 90.569481 214.089172
v 12.349983 90.490555 214.066284
v 12.709197 90.496109 213.999161
v 11.762761 92.042381 216.104691
v 12.041736 91.816025 216.171814
v 12.726596 91.579071 216.171814
v 13.047030 90.585762 213.892380
v 13.340460 90.753410 213.753235
v 13.085810 91.584625 216.104691
v 13.423643 91.674278 215.997910
v 13.717072 91.841919 215.858765
v 12.370480 91.657990 216.194702
v 12.458345 94.052811 214.940933
v 12.817559 94.058365 214.873810
v 11.827083 93.795509 215.186859
v 12.120512 93.963150 215.047714
v 13.781394 93.595047 214.940933
v 14.095125 92.360954 215.522812
v 13.946102 92.076134 215.696716
v 14.118670 93.002647 215.186859
v 13.991584 93.315781 215.047714
v 13.173675 93.979439 214.850906
v 13.502419 93.821411 214.873810
v 17.789619 92.877388 211.859375
v 15.851563 89.655579 216.607254
v 14.153985 92.676971 215.348907
v 14.144176 92.767433 215.303894
v 17.088131 89.333290 216.552689
v 18.166233 93.965904 213.964905
v 30.978226 84.806351 215.040710
v 33.317215 84.196724 214.937500
v 35.566010 81.384888 213.338623
v 35.605572 81.571411 213.149780
v 35.652863 81.774628 213.036270
v 35.479923 80.777596 213.860840
v 37.249279 81.228554 214.676941
v 35.933392 83.244972 210.858124
v 36.128574 83.835815 210.764633
v 36.096386 83.885498 210.806961
v 36.172314 84.271629 210.284637
v 35.577164 83.929779 211.935638
v 36.005737 83.454071 211.262589
v 36.098663 83.722649 211.782104
v 36.035889 83.811378 211.914795
v 36.099091 83.692078 211.965164
v 36.121700 83.789230 211.910889
v 36.102325 83.460533 213.351700
v 36.205421 84.031204 212.378952
v 35.313705 84.832169 213.441315
v 34.889214 85.748856 212.394562
v 34.140804 86.574554 213.560898
v 34.341747 86.522690 213.551773
v 34.509983 86.380455 213.367264
v 34.615097 86.047256 213.520706
v 36.218025 84.067642 212.449432
v 36.223881 84.098351 212.403793
v 36.360626 84.815895 211.337402
v 36.705853 85.813698 213.267487
v 34.206833 82.884422 215.456818
v 34.193897 83.607292 215.085419
v 36.166969 83.453972 214.811752
v 36.166969 83.453972 214.811752
v 35.930870 82.439445 215.378479
v 35.095146 85.141098 213.903305
v 36.466930 84.787041 213.840973
v 40.229111 78.470192 210.740311
v 40.507500 77.023499 211.774506
v 44.899139 256.424957 171.415054
v 44.688210 256.066620 171.931839
v 44.454773 255.948837 172.541443
v 44.234371 256.089508 173.151031
v 47.893826 256.273987 172.532639
v 47.682892 255.915619 173.049438
v 47.449459 255.797821 173.659027
v 47.229053 255.938507 174.268631
v 47.055237 256.316254 174.785416
v 45.055450 256.969299 171.069748
v 45.133350 257.616760 170.948486
v 45.020206 258.826080 171.415054
v 45.120972 258.268768 171.069748
v 44.060555 256.467224 173.667831
v 43.959789 257.024536 174.013138
v 43.958313 257.102264 174.027588
v 44.625988 259.344482 172.541443
v 44.025307 258.324005 174.013138
v 44.181622 258.868347 173.667831
v 44.392551 259.226685 173.151031
v 44.846394 259.203827 171.931839
v 48.050137 256.818329 172.187332
v 48.128036 257.465790 172.066071
v 48.115658 258.117798 172.187332
v 48.014893 258.675110 172.532639
v 47.841076 259.052856 173.049438
v 47.620674 259.193512 173.659027
v 43.950340 257.522278 174.105698
v 43.947411 257.676544 174.134399
v 46.954472 256.873566 175.130722
v 46.952999 256.951263 175.145172
v 46.945023 257.371307 175.223297
v 46.942097 257.525574 175.251984
v 47.019997 258.173035 175.130722
v 47.176308 258.717377 174.785416
v 47.387238 259.075714 174.268631
v -10.484152 207.114471 235.706268
v -10.538843 207.483887 236.254471
v -10.510343 207.628876 236.901108
v -10.402983 207.527344 237.547745
v 0.279548 171.551239 253.204178
v 0.284799 172.201782 253.074768
v 0.275113 170.999741 253.572693
v 0.272171 170.631241 254.124207
v 0.271168 170.501831 254.774780
v 0.272258 170.631241 255.425339
v 0.275274 170.999741 255.976852
v 0.279758 171.551239 256.345398
v 0.285026 172.201782 256.474792
v 1.047709 173.815445 250.670441
v 0.290067 172.852325 253.204178
v 1.088071 178.804916 250.992157
v 4.047611 173.791183 250.670258
v 4.087974 178.780655 250.991974
v 0.294551 173.403824 253.572693
v 0.297567 173.772324 254.124207
v 0.298657 173.901733 254.774780
v 0.297654 173.772324 255.425339
v 0.290277 172.852325 256.345398
v 0.294712 173.403824 255.976852
v 4.779401 171.514862 253.203888
v 4.784652 172.165405 253.074478
v 4.774966 170.963364 253.572403
v 4.772024 170.594864 254.123917
v 4.771021 170.465454 254.774475
v 4.772111 170.594864 255.425049
v 4.775127 170.963364 255.976562
v 4.779611 171.514862 256.345062
v 4.784879 172.165405 256.474457
v 4.789920 172.815948 253.203888
v 4.794404 173.367447 253.572403
v 4.797420 173.735947 254.123917
v 4.798510 173.865356 254.774475
v 4.797507 173.735947 255.425049
v 4.790131 172.815948 256.345062
v 4.794565 173.367447 255.976562
v 0.855910 170.760284 265.340576
v 0.338840 178.798523 263.617615
v 0.912756 178.033142 265.801910
v 2.351722 178.131119 265.487091
v 4.439997 175.781219 264.867798
v 4.838693 178.762146 263.617310
v 4.460930 178.274719 265.025635
v 0.344282 179.570679 251.642471
v 4.844135 179.534302 251.642166
v -0.030764 184.390015 266.426819
v 0.213000 184.841995 268.152008
v -6.288636 197.426926 238.334442
v -9.751648 204.824615 235.706268
v -9.581781 204.492050 236.254471
v -9.474422 204.390518 236.901108
v -9.445921 204.535507 237.547745
v -7.829909 201.193558 235.429810
v -3.448496 198.335464 238.005554
v -6.808074 196.947403 239.365341
v -2.547863 198.310196 238.871994
v -9.958164 205.337601 235.339981
v -10.169891 205.952911 235.211349
v -10.354595 206.576874 235.339981
v -9.500611 204.904922 238.095947
v -10.233115 207.194778 238.095947
v -5.491439 206.187424 235.212921
v -5.909682 207.315720 234.718002
v -6.094383 207.939667 234.846634
v -5.697955 206.700409 234.846634
v -5.554663 207.429291 238.097519
v -5.766390 208.044601 237.968887
v -6.223943 208.477280 235.212921
v -6.278633 208.846695 235.761124
v -6.142773 208.890152 237.054398
v -6.250133 208.991684 236.407761
v -5.972906 208.557587 237.602600
v -5.321572 205.854858 235.761124
v -5.214212 205.753326 236.407761
v -5.185711 205.898315 237.054398
v -5.240402 206.267731 237.602600
v -5.369959 206.805328 237.968887
v -9.814872 206.066483 238.590866
v -9.630172 205.442535 238.462234
v -9.673632 205.589355 238.492493
v -10.026600 206.681793 238.462234
v -5.054813 208.206421 248.006577
v -7.928197 203.952591 249.043808
v -7.796204 205.493240 250.097610
v -4.280368 206.312271 249.472397
v -3.667987 205.315384 248.550461
v -20.874889 235.592361 224.644852
v -20.446550 236.338928 226.226959
v -17.200851 224.094742 217.769623
v -19.754765 228.587173 214.966385
v -18.742123 227.861374 214.864990
v -15.901980 228.769913 214.536102
v -15.494557 229.949966 214.473038
v -17.001795 222.542892 222.042847
v -16.831926 222.210327 222.591049
v -16.724567 222.108795 223.237686
v -17.208309 223.055878 221.676559
v -17.420036 223.671173 221.547928
v -16.696066 222.253784 223.884323
v -16.880314 223.160797 224.798813
v -16.750757 222.623199 224.432526
v -17.065018 223.784760 224.927444
v -17.788988 225.202148 222.591049
v -17.760487 225.347137 223.237686
v -17.604740 224.295135 221.676559
v -17.734297 224.832733 222.042847
v -17.483261 224.913040 224.432526
v -17.276745 224.400055 224.798813
v -17.653128 225.245605 223.884323
v -12.741585 223.905685 221.549500
v -12.571718 223.573120 222.097702
v -12.464358 223.471588 222.744339
v -12.435858 223.616577 223.390976
v -12.490548 223.985992 223.939178
v -13.159828 225.033981 221.054581
v -12.948101 224.418671 221.183212
v -13.344533 225.657944 221.183212
v -13.375016 225.784439 221.269409
v -13.474090 226.195541 221.549500
v -13.528780 226.564957 222.097702
v -13.500279 226.709946 222.744339
v -13.392920 226.608414 223.390976
v -13.016537 225.762863 224.305466
v -13.223052 226.275848 223.939178
v -12.620105 224.523590 224.305466
v -12.804809 225.147552 224.434097
v -16.614681 236.955154 224.151505
v -16.959747 237.323715 225.473572
v -30.000000 257.578827 209.788101
v -30.000000 258.678009 211.213501
v -10.405605 221.293488 237.878891
v 37.334373 253.636230 191.308716
v 37.999142 253.971695 189.572739
v 37.788212 253.613342 190.089523
v 38.155457 254.516037 189.227432
v 37.554775 253.495544 190.699127
v 38.233356 255.163498 189.106171
v 38.220978 255.815506 189.227432
v 38.120213 256.372803 189.572739
v 37.160557 254.013977 191.825516
v 37.059792 254.571274 192.170822
v 37.047413 255.223282 192.292084
v 37.281624 256.415100 191.825516
v 37.125313 255.870743 192.170822
v 30.774733 250.373886 208.445084
v 37.946396 256.750549 190.089523
v 37.725990 256.891235 190.699127
v 37.492558 256.773407 191.308716
v 32.161327 257.621338 205.708771
v 36.192310 256.961731 203.980804
v 40.993832 253.820694 190.690323
v 40.782898 253.462341 191.207123
v 40.329060 253.485229 192.426315
v 40.549465 253.344543 191.816711
v 40.155247 253.862976 192.943100
v 40.054482 254.420273 193.288406
v 40.042103 255.072281 193.409668
v 40.276314 256.264099 192.943100
v 40.120003 255.719742 193.288406
v 41.150143 254.365036 190.345016
v 41.228043 255.012497 190.223755
v 41.215664 255.664505 190.345016
v 41.114899 256.221832 190.690323
v 40.941082 256.599579 191.207123
v 40.487244 256.622437 192.426315
v 40.720680 256.740234 191.816711
v 32.795517 256.442596 210.032913
v 33.769424 250.222885 209.562668
v 33.916859 256.161407 209.969955
v 33.769424 255.717407 210.305023
v 29.726475 257.212189 210.205261
v 30.000000 258.678009 211.213501
v 30.774733 257.133636 209.358383
v 32.640976 258.207733 210.212677
v 34.164532 257.956940 209.548874
v 33.769424 257.816467 210.588623
v 33.769424 258.150848 210.633804
v 97.254471 87.696289 119.525551
v 97.081223 88.336098 119.550064
v 92.554955 84.454842 119.753891
v 92.452591 85.427231 120.532646
v 92.838768 84.359657 124.243927
v 92.641800 85.363770 123.525993
v 97.365036 88.240913 124.040100
v 102.496292 72.624954 118.295044
v 104.064003 71.788498 118.582497
v 97.659035 87.171921 119.488861
v 98.233322 86.842834 119.445580
v 98.889900 86.759125 119.402306
v 99.528809 86.933533 119.365616
v 100.052795 87.339516 119.341103
v 100.382065 87.915260 119.332489
v 100.466507 88.573112 119.341103
v 103.105080 78.791298 118.966949
v 105.326500 78.285599 119.378517
v 107.102478 81.590286 119.337463
v 97.942848 87.076736 123.978897
v 98.517136 86.747643 123.935616
v 97.538284 87.601097 124.015579
v 99.173714 86.663933 123.892342
v 99.812630 86.838348 123.855652
v 100.336609 87.244331 123.831139
v 100.665878 87.820068 123.822525
v 100.750320 88.477928 123.831139
v 103.388893 78.696114 123.456985
v 104.718216 78.398216 123.018822
v 105.816521 80.441383 122.991913
v 97.165665 88.993958 119.558670
v 97.494934 89.569695 119.550064
v 97.449478 88.898766 124.048706
v 98.018913 89.975677 119.525543
v 98.657829 90.150093 119.488861
v 99.314407 90.066383 119.445580
v 99.888695 89.737289 119.402306
v 100.293259 89.212929 119.365616
v 105.432533 101.678055 119.305008
v 106.006821 101.348969 119.261726
v 106.663399 101.265259 119.218452
v 107.302307 101.439667 119.181763
v 97.778748 89.474510 124.040100
v 98.302734 89.880493 124.015579
v 98.941643 90.054901 123.978897
v 99.598221 89.971191 123.935616
v 100.172508 89.642105 123.892342
v 100.577072 89.117737 123.855652
v 105.716347 101.582870 123.795044
v 106.290634 101.253777 123.751762
v 106.947212 101.170067 123.708488
v 104.854721 102.842232 119.366211
v 105.027969 102.202423 119.341698
v 104.939163 103.500092 119.374817
v 105.268433 104.075829 119.366211
v 105.792412 104.481812 119.341698
v 106.431328 104.656227 119.305008
v 107.087906 104.572517 119.261726
v 106.436195 110.358635 119.425583
v 103.216629 105.514023 120.278053
v 105.311783 102.107231 123.831726
v 105.138535 102.747047 123.856247
v 105.222977 103.404900 123.864853
v 105.552246 103.980644 123.856247
v 106.076233 104.386627 123.831726
v 106.715141 104.561035 123.795044
v 105.578140 109.920853 120.222206
v 105.767349 109.857391 123.215553
v 106.720009 110.263451 123.915619
v 115.290085 96.825516 119.148170
v 110.887283 89.874474 122.867668
v 107.586128 101.344482 123.671799
v 107.826294 101.845650 119.157249
v 108.155563 102.421394 119.148636
v 108.240005 103.079247 119.157249
v 107.662193 104.243423 119.218452
v 108.066757 103.719063 119.181763
v 116.986320 104.695091 118.638641
v 108.110107 101.750465 123.647285
v 108.439377 102.326202 123.638672
v 108.523819 102.984062 123.647285
v 107.371719 104.477325 123.751762
v 107.946007 104.148239 123.708488
v 108.350571 103.623871 123.671799
v 118.667358 103.109840 119.070091
v 121.614029 108.226738 117.935005
v 123.343498 107.765999 118.126503
v 117.270134 104.599907 123.128677
v 118.277550 103.622536 122.686600
v 100.801453 89.714760 177.320984
v 101.666191 90.386749 176.771896
v 102.427498 89.029503 177.676498
v 102.427498 89.029503 177.676498
v 123.195396 153.044250 119.607040
v 124.832611 149.618103 118.852158
v 124.850494 150.080078 118.811684
v 125.123123 149.591827 118.680672
v 119.113190 150.135254 122.228264
v 120.340210 150.268097 124.286598
v 123.067848 149.777664 119.893875
v 122.991959 150.028320 122.721306
v 124.757385 149.868683 121.679192
v 126.350143 149.724670 120.739006
v 122.903557 155.024338 119.653236
v 123.279892 155.208084 119.417038
v 123.279900 155.208313 119.417023
v 123.374245 157.624542 119.204849
v 123.456528 159.731796 119.019814
v 125.193161 158.932510 118.036140
v 125.193169 158.932541 118.036140
v 125.206390 159.274277 118.006203
v 125.217941 159.572540 117.980072
v 125.508453 159.546265 117.808586
v 120.751373 154.087265 120.996674
v 120.595779 154.410049 121.068596
v 120.516106 154.765884 121.093132
v 120.759201 155.787933 120.882263
v 120.517784 155.130539 121.068596
v 120.540817 155.227371 121.048615
v 120.600700 155.479141 120.996674
v 120.644730 155.564911 120.964890
v 120.972282 153.819534 120.882263
v 121.243454 153.625107 120.733154
v 121.546410 153.517227 120.559517
v 121.860504 153.503235 120.373184
v 120.982483 156.035889 120.733154
v 121.255333 156.206100 120.559517
v 121.873253 156.272995 120.186844
v 121.559158 156.286972 120.373184
v 121.978394 154.220078 123.055008
v 121.822800 154.542862 123.126930
v 121.743126 154.898697 123.151466
v 121.744804 155.263351 123.126930
v 121.827721 155.611954 123.055008
v 121.986221 155.920746 122.940598
v 119.498520 160.089691 121.356178
v 120.725540 160.222534 123.414513
v 122.164330 153.584106 120.186852
v 122.361389 153.707047 120.061440
v 122.598442 153.933411 119.905525
v 122.437180 153.754333 120.013214
v 122.660461 154.002289 119.864105
v 123.194160 154.026627 120.837624
v 123.197571 154.060425 120.765114
v 122.818962 154.311081 119.749695
v 122.901878 154.659683 119.677773
v 123.236526 154.695908 120.239143
v 123.212204 154.299194 120.567482
v 123.224174 154.460007 120.364166
v 123.174736 153.834167 121.250473
v 123.172325 153.819153 121.312630
v 123.151703 153.690994 121.843178
v 122.176208 156.165115 120.013206
v 122.447380 155.970688 119.864105
v 122.508743 155.896317 119.832321
v 122.668289 155.702957 119.749695
v 122.711510 155.613281 119.729713
v 122.823883 155.380173 119.677773
v 123.249985 155.061829 120.234375
v 123.256004 155.438263 120.490143
v 123.259079 155.572281 120.549973
v 123.259834 155.808105 120.810387
v 123.260368 155.767044 120.742912
v 123.256958 156.029297 121.173935
v 123.256584 156.058273 121.221542
v 123.247009 156.281021 121.809494
v 122.199303 153.952347 122.940598
v 122.470474 153.757919 122.791489
v 122.773430 153.650040 122.617851
v 123.087524 153.636063 122.431519
v 123.133301 153.648254 122.403442
v 122.482353 156.338928 122.617851
v 122.209503 156.168701 122.791489
v 122.786179 156.419800 122.431519
v 123.100273 156.405807 122.245186
v 123.239044 156.356384 122.165649
v 125.039001 157.143875 121.041832
v 126.735474 159.679108 119.866920
v 123.380630 159.982452 121.847244
v 125.142715 159.823120 120.807106
v 109.661163 122.456688 174.841812
v 108.591240 122.584511 176.187317
v 107.846420 122.673485 177.123978
v 109.474365 122.238548 176.922440
v 108.729553 122.327522 177.859085
v 110.080879 122.406548 174.313995
v 110.303398 122.285576 174.758667
v 110.839874 122.075417 175.205215
v 111.478012 121.859230 175.476974
v 110.794510 121.721390 178.021317
v 112.741653 121.277130 177.197159
v 112.888496 121.306679 176.651047
v 113.061440 121.238930 176.795013
v 110.550980 132.220123 178.367691
v 111.295799 132.131149 177.431030
v 111.683952 131.979095 177.754135
v 112.178925 131.785187 178.166153
v 112.785439 131.953201 175.557709
v 112.730125 131.769958 177.084442
v 113.311150 131.649933 176.742294
v 114.194496 131.401215 176.730606
v 115.593056 130.853348 177.894775
v 115.765999 130.785599 178.038727
v 115.446213 130.823792 178.440872
v 111.434113 131.874176 179.102798
v 113.510994 131.263367 179.274963
v 121.515984 162.440567 186.834442
v 123.261002 162.568497 187.257004
v 58.247028 160.965179 242.095001
v 57.916111 162.131012 242.568588
v 58.052422 161.493637 242.445511
v 57.858845 162.780273 242.445511
v 57.960411 165.788925 240.757675
v 57.889336 163.342590 242.095001
v 58.002945 163.732346 241.570450
v 58.182373 163.890198 240.951691
v 57.929920 165.226608 241.108170
v 57.816311 164.836853 241.632736
v 57.770306 164.796371 241.791397
v 57.828632 164.879120 241.575851
v 57.636887 164.679001 242.251480
v 57.195683 165.116135 243.394806
v 57.418949 164.777069 242.870239
v 57.001083 165.644592 243.745300
v 62.365971 149.844849 234.646530
v 61.083958 152.773758 237.208725
v 60.970345 152.384003 237.733292
v 60.790916 152.226151 238.352051
v 63.615280 150.318054 234.834412
v 64.274033 152.343048 235.785950
v 64.743912 150.487854 235.205017
v 65.939980 150.382568 235.820114
v 60.402958 147.078857 241.891922
v 60.572983 152.324219 238.970795
v 60.349716 152.663284 239.495361
v 60.155117 153.191742 239.845856
v 63.976967 147.616577 243.065506
v 64.364922 152.763870 239.525635
v 64.146988 152.861938 240.144394
v 63.923721 153.201004 240.668961
v 64.544350 152.921722 238.906891
v 60.726265 155.151169 237.208725
v 60.503002 155.490234 237.733292
v 60.285065 155.588303 238.352051
v 60.063095 157.487030 238.158066
v 60.005821 158.136292 238.034988
v 59.869511 158.773666 238.158066
v 61.114445 153.336075 236.858231
v 61.057178 153.985336 236.735153
v 60.920868 154.622711 236.858231
v 64.300270 155.688889 238.382324
v 64.657959 153.311478 238.382324
v 64.688454 153.873795 238.031830
v 64.631180 154.523056 237.908752
v 64.494873 155.160431 238.031830
v 60.018806 153.829117 239.968933
v 59.961536 154.478378 239.845856
v 60.105637 155.430450 238.970795
v 59.992027 155.040695 239.495361
v 59.739563 156.377106 239.651886
v 59.872986 156.494476 239.191788
v 59.521629 156.475174 240.270630
v 59.298363 156.814240 240.795197
v 59.451649 159.641190 239.033127
v 59.233711 159.739258 239.651886
v 59.054283 159.581406 240.270630
v 58.940674 159.191650 240.795197
v 60.032604 156.924713 238.508560
v 59.918991 156.534958 239.033127
v 59.674911 159.302124 238.508560
v 59.103764 157.342697 241.145691
v 58.967453 157.980072 241.268768
v 58.910183 158.629333 241.145691
v 63.095634 157.012894 241.444229
v 62.872368 157.351959 241.968796
v 62.677769 157.880417 242.319290
v 62.514679 159.729370 241.968796
v 62.541458 158.517792 242.442368
v 62.484188 159.167053 242.319290
v 58.867653 160.685898 240.332932
v 58.821648 160.645416 240.491577
v 58.981262 161.075653 239.808365
v 58.818176 162.924606 239.457870
v 59.011757 161.637970 239.457870
v 58.954487 162.287231 239.334793
v 58.688225 160.528046 240.951691
v 58.470287 160.626114 241.570450
v 58.623573 163.453064 239.808380
v 58.400311 163.792130 240.332932
v 63.025654 160.178909 240.206726
v 62.807720 160.276978 240.825470
v 62.528488 162.824951 240.508377
v 62.585758 162.175690 240.631454
v 61.821030 161.502899 243.268585
v 62.441658 161.223618 241.506516
v 62.262226 161.065765 242.125275
v 62.425842 161.209702 241.561066
v 62.628288 160.119125 241.444229
v 62.044289 161.163834 242.744034
v 62.555264 161.613373 240.981964
v 62.392178 163.462326 240.631454
v 61.756378 164.427917 242.125275
v 61.576946 164.270065 242.744034
v 61.463337 163.880310 243.268585
v 61.390312 165.374573 242.806335
v 61.503925 165.764328 242.281769
v 61.402634 165.416840 242.749435
v 62.197575 163.990784 240.981964
v 61.974312 164.329849 241.506516
v 60.575085 166.182312 244.918900
v 61.626423 162.031357 243.619095
v 61.490112 162.668732 243.742172
v 61.432846 163.317993 243.619095
v 61.210884 165.216721 243.425079
v 60.992950 165.314789 244.043839
v 60.769684 165.653854 244.568405
v 64.077003 156.027954 238.906891
v 63.859074 156.126022 239.525635
v 63.566032 155.578415 240.668961
v 63.679642 155.968170 240.144394
v 63.729122 153.729462 241.019455
v 63.592812 154.366837 241.142532
v 63.535542 155.016098 241.019455
v 63.606609 157.462433 239.682159
v 63.637096 158.024750 239.331665
v 63.492996 157.072678 240.206726
v 63.313572 156.914825 240.825470
v 63.461582 157.045044 240.315063
v 63.579830 158.674011 239.208588
v 63.443520 159.311386 239.331665
v 63.248917 159.839844 239.682159
v 56.913666 159.322083 255.003189
v 54.425186 164.521271 256.313812
v 59.493530 144.510284 250.047638
v 60.471394 144.657394 250.368744
v 60.644424 144.699570 250.369446
v 62.055000 143.024994 251.589005
v 61.563717 143.781647 250.031403
v 59.922150 146.921356 251.084213
v 55.427742 252.722961 136.801575
v 55.825230 252.009781 137.748077
v 55.534546 253.835388 141.160583
v 55.896427 252.751419 140.654083
v 60.118408 249.503189 138.282593
v 60.715210 251.889404 136.884750
v 60.399441 252.456421 136.747787
v 60.330849 253.096085 136.586212
v 60.519886 253.711014 136.424652
v 61.230095 251.481369 136.976273
v 62.525261 251.357025 136.976273
v 63.108372 251.659653 136.884750
v 61.865700 251.294418 137.008408
v 60.937767 254.207596 136.287689
v 61.520878 254.510208 136.196167
v 62.180439 254.572830 136.164032
v 62.816044 254.385880 136.196167
v 63.526253 252.156235 136.747787
v 63.715290 252.771164 136.586212
v 63.330929 253.977844 136.287689
v 63.646698 253.410828 136.424652
v 60.506241 253.568863 141.106796
v 60.437649 254.208527 140.945221
v 60.626686 254.823456 140.783661
v 60.822010 253.001846 141.243759
v 61.336895 252.593811 141.335281
v 61.972500 252.406860 141.367416
v 62.632061 252.469467 141.335281
v 61.044567 255.320023 140.646683
v 61.627678 255.622650 140.555176
v 62.287239 255.685257 140.523026
v 62.922844 255.498322 140.555176
v 63.215172 252.772095 141.243759
v 63.633053 253.268661 141.106781
v 63.753498 254.523270 140.783661
v 63.822090 253.883606 140.945221
v 63.437729 255.090271 140.646683
v 59.506020 260.589294 132.837265
v 62.500710 260.438293 133.954849
v 62.485565 262.140045 134.225357
v 62.495415 262.288269 134.218979
v 62.497765 262.323608 134.217468
v 62.500710 262.367950 134.215561
v 60.126125 260.331573 134.744690
v 61.747604 260.337128 134.703552
v 62.220764 260.338745 134.691544
v 60.758751 262.295532 138.873505
v 59.332222 267.708435 131.924484
v 59.506020 267.238953 133.735687
v 59.694057 267.174652 133.798462
v 60.000000 269.344513 132.266998
v 62.009136 263.125702 134.131134
v 62.500710 263.690063 134.394196
v 60.908092 268.446564 134.431641
v 61.634750 263.325043 136.665283
v 62.500710 265.455231 134.632675
v 61.678986 263.785767 138.470642
v 60.759735 265.602539 139.317673
v 62.758144 264.745392 137.833969
v 60.769882 268.209015 136.189941
v 62.500710 267.467499 134.904556
v 62.500710 268.366272 135.025986
v 61.202858 267.570404 138.396164
v 63.689182 264.864929 134.206146
v 59.142487 259.678131 139.581085
v 60.374599 259.682343 139.549820
v 71.758232 242.707260 139.731750
v 76.051414 240.200699 140.266266
v 77.027748 240.111786 139.490784
v 76.122612 240.942337 143.172272
v 77.134544 241.224213 143.849792
v 84.294464 230.042374 134.197754
v 86.999985 226.294022 132.292480
v 85.348846 229.412216 136.934753
v 85.637955 230.230957 137.833939
v 84.056381 231.176208 133.728439
v 72.811211 244.827148 138.390717
v 72.426849 246.033829 138.092178
v 72.615891 246.648758 137.930603
v 72.495438 245.394165 138.253738
v 73.326096 244.419113 138.482224
v 73.961700 244.232162 138.514359
v 74.621262 244.294769 138.482224
v 75.204369 244.597397 138.390701
v 73.033775 247.145340 137.793640
v 73.616882 247.447968 137.702118
v 74.276443 247.510574 137.669983
v 74.912048 247.323624 137.702118
v 75.426933 246.915588 137.793640
v 75.622253 245.093979 138.253738
v 75.811295 245.708908 138.092178
v 75.742706 246.348572 137.930603
v 72.918007 245.939590 142.749710
v 72.602234 246.506607 142.612747
v 72.533646 247.146271 142.451172
v 72.722687 247.761200 142.289612
v 73.432892 245.531555 142.841232
v 74.068497 245.344604 142.873367
v 74.728058 245.407211 142.841232
v 75.311165 245.709839 142.749710
v 73.140572 248.257782 142.152649
v 73.723679 248.560410 142.061127
v 74.383240 248.623016 142.028992
v 75.018845 248.436066 142.061127
v 75.729050 246.206421 142.612747
v 75.918091 246.821350 142.451172
v 75.849503 247.461014 142.289612
v 75.533730 248.028030 142.152649
v 74.042313 258.178711 139.228378
v 78.336899 256.338715 136.028534
v 82.321533 254.019318 136.524277
v 83.172188 250.062164 136.800842
v 84.046089 253.015472 136.738846
v 83.278984 251.174591 141.159851
v 83.720779 252.546463 140.424377
v 106.782730 199.690063 117.724213
v 106.155060 199.755692 118.803192
v 107.209442 199.125534 121.540192
v 103.218094 207.832657 120.972160
v 104.237030 207.223679 120.439415
v 103.661179 207.417084 120.705788
v 104.858002 207.281876 120.213600
v 102.975227 208.407120 121.197983
v 102.969574 209.053009 121.348869
v 103.201973 209.671997 121.401848
v 103.637070 210.169861 121.348869
v 104.208595 210.470795 121.197983
v 104.829567 210.528992 120.972160
v 105.429535 207.582809 120.062714
v 105.864624 208.080673 120.009727
v 105.818611 206.278442 124.544922
v 106.439575 206.336639 124.319099
v 107.011108 206.637573 124.168213
v 106.091370 209.345551 120.213600
v 105.405426 210.335587 120.705795
v 105.848511 209.920013 120.439423
v 106.097031 208.699661 120.062714
v 104.799667 206.887421 125.077660
v 104.556808 207.461884 125.303482
v 104.551147 208.107773 125.454369
v 104.783554 208.726761 125.507355
v 105.242752 206.471848 124.811287
v 105.218643 209.224625 125.454369
v 105.790176 209.525558 125.303482
v 106.411140 209.583755 125.077667
v 106.987000 209.390350 124.811295
v 108.364304 198.744812 121.829712
v 115.950623 207.221161 115.926376
v 115.526634 212.968521 118.177773
v 107.446198 207.135437 124.115234
v 107.678604 207.754425 124.168213
v 107.672943 208.400314 124.319099
v 107.430084 208.974777 124.544922
v 125.208862 200.213257 109.756355
v 126.939003 200.651993 109.988998
v 118.379631 207.626053 119.611847
v 118.044640 209.482315 116.405449
v 117.532196 206.275909 120.031876
v 96.956375 200.204315 188.336487
v 93.324799 209.817108 188.743866
v 96.549248 206.487305 188.818192
v 96.786186 205.849426 188.568909
v 96.629532 206.165298 188.665131
v 97.008537 205.561234 188.536087
v 97.281441 205.320374 188.568909
v 98.161804 201.332733 186.594757
v 97.586288 205.143234 188.665131
v 97.902321 205.041885 188.818192
v 91.510269 224.855911 129.401794
v 92.131233 224.914108 129.175964
v 92.702766 225.215042 129.025085
v 93.137848 225.712906 128.972107
v 93.370255 226.331894 129.025085
v 93.364601 226.977783 129.175980
v 93.121742 227.552246 129.401794
v 106.775436 223.690857 127.782852
v 92.515984 224.104080 133.773651
v 90.491318 225.464890 129.934525
v 90.934410 225.049316 129.668152
v 90.248459 226.039337 130.160355
v 90.242805 226.685242 130.311234
v 90.475212 227.304230 130.364227
v 91.830040 225.094116 134.265854
v 91.824379 225.740005 134.416733
v 92.072891 224.519653 134.040039
v 92.056793 226.358994 134.469727
v 92.491875 226.856857 134.416748
v 90.910294 227.802094 130.311234
v 91.481827 228.103027 130.160355
v 92.102791 228.161224 129.934540
v 93.091850 223.910675 133.507294
v 93.712807 223.968872 133.281479
v 93.063408 227.157791 134.265854
v 93.684372 227.215988 134.040039
v 94.284340 224.269806 133.130585
v 94.719429 224.767670 133.077606
v 94.951836 225.386658 133.130585
v 94.260231 227.022583 133.773666
v 94.703323 226.607010 133.507294
v 94.946182 226.032562 133.281479
v 92.678650 227.967819 129.668167
v 93.224274 238.707306 131.930618
v 96.112549 239.847488 131.842560
v 94.805847 237.762054 136.036118
v 96.067360 238.515060 135.322845
v 97.764862 237.559860 130.679565
v 88.768013 250.560043 135.667358
v 90.000000 251.828995 136.001999
v 57.903141 166.438187 240.634598
v 57.766830 167.075562 240.757675
v 56.837994 167.493546 243.394806
v 56.951603 167.883301 242.870239
v 57.572231 167.604019 241.108170
v 57.348969 167.943085 241.632736
v 57.131031 168.041153 242.251495
v 56.733768 172.082062 241.609818
v 58.077057 172.184235 241.681519
v 56.864773 166.281967 243.868378
v 56.807503 166.931229 243.745300
v 59.205688 172.354034 242.052124
v 60.307774 172.619781 242.783401
v 61.340832 167.613281 241.931274
v 61.534412 166.326645 241.931274
v 61.477142 166.975906 241.808197
v 61.146233 168.141739 242.281769
v 60.922966 168.480804 242.806335
v 60.438774 166.819687 245.041977
v 60.381504 167.468948 244.918900
v 60.705032 168.578873 243.425095
v 60.411995 168.031265 244.568405
v 60.525604 168.421021 244.043839
v 54.770756 169.316071 248.855209
v 53.955307 166.376465 256.894745
v 55.083939 166.546265 257.265350
v 55.462055 167.552399 257.566681
v 55.797001 167.733002 259.325989
v 58.344761 169.853790 250.028793
v 73.967346 246.118286 207.720901
v 75.000000 247.220993 208.699493
v 95.580757 204.721008 190.310638
v 95.803108 204.432816 190.277817
v 96.076012 204.191956 190.310638
v 96.380859 204.014816 190.406860
v 96.696892 203.913483 190.559937
v 97.002563 203.894882 190.759415
v 97.277039 203.960236 190.991714
v 97.501610 204.105118 191.240997
v 92.119370 208.688690 190.485596
v 95.343826 205.358902 190.559937
v 95.345398 205.665146 190.759415
v 95.424103 205.036880 190.406860
v 95.428719 205.934708 190.991714
v 95.588089 206.149231 191.240997
v 96.550827 206.793549 189.017685
v 96.634140 207.063110 189.249969
v 96.793518 207.277634 189.499268
v 97.018082 207.422516 189.748550
v 97.292564 207.487885 189.980850
v 95.812660 206.294113 191.490295
v 96.087135 206.359467 191.722580
v 96.392807 206.340866 191.922073
v 96.708832 206.239517 192.075134
v 97.508934 205.533340 192.171356
v 97.013687 206.062393 192.171356
v 97.286583 205.821518 192.204178
v 97.227287 207.630432 193.335068
v 96.222969 210.800018 191.386414
v 95.895409 209.969330 193.928589
v 97.251549 210.497757 194.894699
v 97.660980 204.319641 191.490280
v 97.744293 204.589203 191.722580
v 99.329720 203.938354 192.398148
v 99.207062 204.153748 192.452805
v 100.727699 201.483353 191.775177
v 101.055252 202.314041 189.233002
v 102.386795 202.765640 190.447098
v 101.368561 204.551682 190.899506
v 102.088554 202.013382 192.745590
v 103.179245 203.034393 191.169647
v 98.207985 205.023285 189.017670
v 98.482460 205.088638 189.249969
v 98.707031 205.233521 189.499252
v 97.598228 207.469269 190.180328
v 97.914261 207.367935 190.333405
v 97.954590 207.759109 190.614746
v 98.403809 206.867371 190.589890
v 98.219109 207.190796 190.429611
v 98.337936 207.085922 190.443909
v 98.332161 207.096054 190.446472
v 98.559135 206.516434 190.653900
v 98.866409 205.448059 189.748550
v 98.949722 205.717621 189.980850
v 98.951218 206.008942 190.170609
v 98.941437 206.014618 190.194580
v 98.742508 206.225571 190.519073
v 97.745872 204.895447 191.922073
v 97.665596 205.217468 192.075134
v 97.549789 211.250015 192.596207
v 98.197403 210.114059 192.308456
v 98.342239 211.518768 193.318756
v 41.448650 77.762169 211.201263
v 44.844204 64.026543 166.079590
v 43.142620 67.452003 164.908783
v 39.747066 81.187630 210.030457
v 37.659603 75.969093 211.461975
v 41.055157 62.233459 166.340302
v 39.353573 65.658928 165.169495
v 35.958019 79.394554 210.291168
v 19.617001 42.842999 142.132507
v 40.507500 77.023499 211.774506
v 43.960499 63.055500 165.889496
v 18.851290 44.384460 141.605637
v 39.741787 78.564957 211.247635
v 43.194786 64.596962 165.362625
v 37.445217 81.435486 206.117935
v 47.877514 79.497993 207.104431
v 45.714214 85.999802 205.465302
v 36.757458 83.959885 216.254868
v 43.425591 88.530365 209.211914
v 40.249077 85.866287 216.672287
v 42.868244 85.036812 215.304901
v 39.609062 82.153427 210.447052
v 46.208443 85.266617 213.116241
v 39.054413 89.078812 211.993347
v 48.497066 82.736053 209.369629
v 39.467140 81.921715 209.977341
v 42.986134 81.177635 209.924744
v 37.174118 82.430550 210.113693
v 36.927662 83.335152 213.746201
v 39.520966 81.983353 210.287354
v 41.863396 83.014221 212.910751
v 39.388824 82.784492 213.580643
v 42.418373 81.431244 210.501755
v 40.558926 81.785568 210.364151
v 37.305202 84.204857 213.107620
v 39.586235 82.091988 210.492981
v 39.719986 82.051407 210.477844
v -1.477592 180.749069 261.730957
v 1.553787 188.843231 256.764191
v 5.891655 186.278244 257.513397
v 3.233020 190.901337 262.117615
v 7.615172 182.800751 258.742920
v 8.527137 182.174072 265.701050
v 9.222989 185.512909 263.611084
v 5.560134 189.525299 262.519531
v 6.970024 189.479172 262.228394
v 2.632155 192.044159 261.479187
v 64.259689 242.100357 206.267426
v 64.542671 241.381561 206.690674
v 66.019844 248.488083 208.663025
v 65.338058 245.301285 210.982422
v 65.621040 244.582489 211.405670
v 72.604851 241.719528 203.715805
v 68.549019 242.063629 212.446014
v 69.693291 244.188599 198.205048
v 72.499031 249.185165 199.100677
v 75.905632 247.169144 199.675797
v 0.203407 182.035294 260.213989
v -28.468323 252.104660 206.180099
v -22.760498 253.569290 205.050674
v 5.911231 183.499924 259.084534
v 0.203407 186.309952 265.757202
v -28.468323 256.379303 211.723312
v -22.760498 257.843933 210.593887
v 5.911231 187.774582 264.627747
v 1.824272 143.483032 257.945831
v 1.965466 94.736404 209.826889
v 7.758703 142.870361 258.583893
v 0.792331 138.617676 262.871613
v 6.726762 138.005005 263.509674
v 7.892384 96.717484 213.025345
v 6.490651 94.269211 210.313461
v 7.377922 96.853142 213.051559
v 5.874407 90.670563 216.577484
v 6.864621 90.409454 216.527023
v 0.929292 91.332214 216.195023
v 5.681273 90.107506 215.980881
v 1.430886 92.215988 212.378601
v 1.328549 93.602196 214.661392
v 5.906063 91.561707 213.054565
v 6.204971 92.328445 214.450790
v -1.088079 142.799622 257.441620
v -0.763941 182.868652 260.025421
v 5.092616 182.905334 258.721832
v 4.768478 142.836304 256.138031
v 0.432351 142.347687 264.259552
v 0.756489 182.416718 266.843353
v 6.613046 182.453400 265.539764
v 6.288908 142.384369 262.955963
v 60.173695 147.414917 244.655045
v 55.090397 167.484955 250.939713
v 49.271297 166.023254 250.900894
v 54.354595 145.953217 244.616226
v 60.627010 145.432312 251.353104
v 55.543713 165.502350 257.637756
v 49.724613 164.040649 257.598938
v 54.807911 143.970612 251.314285
v 118.895309 198.164429 110.021461
v 84.661819 245.593079 134.129211
v 84.886917 243.006195 139.538208
v 119.120407 195.577545 115.430458
v 90.542648 249.107788 135.565399
v 90.767746 246.520905 140.974396
v 125.001236 199.092255 116.866661
v 124.358841 202.257278 111.751534
v 122.847557 202.936508 112.139267
v 124.483383 201.970963 111.942245
v 124.486664 201.970413 111.930138
v 124.958344 199.585190 115.835960
v 124.596786 200.135208 115.970428
v 123.883202 201.971588 114.398323
v 121.648338 199.809784 110.693802
v 122.321533 201.778473 111.607315
v 122.445480 201.789093 111.607239
v 124.561569 199.188599 116.052795
v 123.225655 201.882507 112.856926
v 124.475273 201.970169 111.938004
v 98.168716 77.777618 118.066673
v 115.086700 109.348297 117.666527
v 114.273331 109.859222 123.589149
v 97.355347 78.288544 123.989296
v 104.265366 74.524734 119.184563
v 120.369980 106.606339 124.707039
v 103.451996 75.035660 125.107185
v 119.862740 103.631020 118.815651
v 119.919456 105.068092 122.687996
v 120.768806 106.355812 121.802925
v 119.999611 105.237663 122.744278
v 117.587067 108.014221 118.124992
v 116.681427 103.722961 118.370819
v 120.748779 106.366684 121.813683
v 120.028664 106.757767 122.223221
v 58.140999 261.134735 132.084656
v 83.847816 246.125763 135.285156
v 82.830788 245.640503 141.178375
v 57.123970 260.649445 137.977875
v 61.527237 267.165070 133.165588
v 87.234062 252.156097 136.366089
v 86.217033 251.670837 142.259308
v 60.510208 266.679779 139.058807
v 6.356445 139.550385 254.995544
v 6.877846 140.267685 255.354889
v 4.059492 134.431458 259.257080
v 7.551110 136.337860 259.674500
v 8.072511 137.055161 260.033844
v 8.382979 140.379318 262.236908
v -1.758118 144.103790 258.954132
v 28.549780 254.373322 204.872635
v 27.542379 251.159378 215.649750
v 36.677711 249.122742 207.808350
v 30.201017 246.536285 211.045532
v 31.279385 249.737213 215.760529
v 37.756081 252.323669 212.523346
v 38.437859 255.510468 210.203949
v 115.723770 109.068085 117.085197
v 115.073593 111.305061 126.285774
v 119.656502 105.954216 126.211884
v 120.451088 109.605240 127.639709
v 122.359550 113.784431 124.839203
v 116.752914 117.124794 122.184479
v 121.350151 112.865822 123.563980
v 121.946220 114.638649 123.157913
v 119.386780 113.281273 119.915604
v 122.515831 116.400993 122.765137
v 121.012398 116.971039 122.311447
v 121.455704 115.703125 123.317101
v 94.252762 88.489944 181.566574
v 96.589645 92.580406 173.914780
v 92.089470 94.991753 179.927444
v 94.872314 91.728004 183.831772
v 99.875931 97.691032 169.555084
v 104.458839 92.340187 169.481186
v 105.253426 95.991211 170.909012
v 99.213730 93.847359 177.864792
v 99.196724 93.860336 177.852585
v 99.322945 93.875977 177.755997
v 103.603264 95.313538 172.963196
v 103.390526 95.473167 172.815002
v 99.424217 93.913902 177.636047
v 99.426826 93.598404 178.162155
v 98.432739 90.914055 177.462570
v 98.397934 90.900833 177.503708
v 98.336205 90.830605 177.529938
v 98.352989 90.865120 177.538193
v 102.502167 92.215233 172.410233
v 102.441376 92.087250 172.377365
v 98.856819 91.982452 177.867157
v 116.687248 160.745346 177.209518
v 116.766129 162.754913 176.996796
v 115.469536 162.849747 187.024750
v 122.480904 160.536209 177.382233
v 122.559784 162.545776 177.169510
v 122.636429 166.131546 178.940491
v 122.293884 157.404984 179.864258
v 120.729889 158.652802 181.505295
v 121.168938 158.302521 181.044617
v 121.025787 158.383759 180.946320
v 120.799965 158.589554 181.376404
v 121.166229 158.884750 181.011078
v 120.838089 158.704910 181.383072
v 60.127052 139.688110 240.072128
v 59.569706 136.194565 246.165115
v 62.909904 136.424362 243.976456
v 52.720478 139.381714 250.231323
v 51.525814 142.594238 245.552383
v 59.348858 147.431198 245.749298
v 53.030949 142.705872 252.434387
v 2.000476 140.013535 256.425720
v 3.195141 136.801010 261.104675
v 3.505610 140.125168 263.307739
v 57.597851 139.635864 249.160492
v 56.403187 142.848389 244.481552
v 57.908321 142.960022 251.363556
v 1.848094 137.844910 262.165344
v 5.339712 139.751312 262.582764
v 4.145047 142.963837 257.903809
v 41.265808 85.665367 209.085068
v 42.460472 82.452843 213.764008
v 41.552879 81.957306 213.655502
v 42.097279 82.953133 212.900650
v 39.921093 82.668579 211.579910
v 38.128719 81.843246 214.451477
v 38.865234 83.797363 213.040237
v 4.560638 143.139084 259.489899
v 5.516337 142.854996 263.775452
v 5.587700 140.861755 263.627411
v 55.061451 145.770630 248.402420
v 56.088512 143.493301 252.539917
v 56.017147 145.486542 252.687958
v 43.040356 81.169579 205.217285
v 44.522881 77.238815 206.525421
v 45.273010 78.072792 208.181259
v 96.079720 87.235451 178.134171
v 96.829849 88.069427 179.790009
v 94.597198 91.166214 176.826035
v 44.234596 78.003166 206.271042
v 44.401695 79.281342 207.024536
v 43.930218 78.810196 206.002472
v 44.651321 78.935104 207.355927
v 44.317635 78.673897 205.895615
v 44.652885 79.224380 207.011749
v 42.079468 84.407097 206.724609
v 44.862320 81.143349 210.628937
v 60.915829 140.317825 248.652420
v 43.098999 82.691475 212.857391
v 61.473179 143.811371 242.559433
v 64.256027 140.547623 246.463760
v 42.716091 81.640923 210.965637
v 42.623405 81.095627 211.919739
v 42.610176 80.988403 212.104645
v 41.684383 81.930634 211.043732
v 41.898350 82.065956 213.512772
v 43.051723 82.457321 213.017853
v 42.105740 82.950920 212.900284
v 38.546974 84.945541 211.764236
v 41.334862 82.279007 214.675797
v 39.453274 82.508446 215.313766
v 57.770084 138.614120 249.158752
v 59.651672 138.384674 248.520782
v 56.863785 141.051208 245.609222
v -1.723467 186.109711 259.369476
v -0.645098 189.310638 264.084473
v 2.282880 186.791779 265.124817
v 67.819923 244.115082 204.085403
v 68.898293 247.316010 208.800400
v 71.781212 244.835907 209.824738
v 71.085014 244.831558 208.944397
v 71.171333 244.685654 208.899887
v 71.767021 244.747726 209.887848
v 71.012009 244.519318 209.138931
v -0.580693 187.099503 260.349701
v -0.580693 189.786423 263.834015
v 1.324451 189.304459 264.205688
v 25.554546 251.883545 210.391586
v 25.554546 254.570465 213.875900
v 27.459690 254.088501 214.247574
v 2.890526 184.255020 259.493134
v 3.802489 183.628342 266.451263
v 4.498342 186.967178 264.361298
v 50.915092 169.472839 251.867432
v 52.522907 172.184998 256.735596
v 51.827057 168.846161 258.825562
v 1.711453 187.129684 265.026123
v 4.370089 182.506592 260.421906
v 5.448458 185.707520 265.136902
v 31.722584 250.307938 208.137024
v 29.063946 254.931030 212.741241
v 32.800953 253.508865 212.852020
v 4.689524 181.943192 261.974609
v 4.974463 180.696991 266.184814
v 5.616070 182.524765 266.682404
v 48.934372 168.324432 254.949142
v 49.219315 167.078232 259.159332
v 49.860924 168.906006 259.656921
v 31.839375 250.354584 208.078644
v 32.917744 253.555511 212.793640
v 33.599522 256.742310 210.474243
v 69.098030 240.868515 205.997131
v 70.858185 247.256241 208.392731
v 70.176399 244.069443 210.712128
v 34.606594 253.311111 207.141876
v 35.716263 257.454224 208.123337
v 35.708160 256.995270 210.069946
v 67.994583 244.810516 205.276581
v 69.104256 248.953629 206.258041
v 69.096153 248.494659 208.204651
v 116.225952 105.983200 121.699272
v 120.058128 103.938538 122.401939
v 120.807854 105.615524 123.192902
v 102.954353 88.617020 171.098145
v 119.996986 105.100296 122.791367
v 99.122177 90.661682 170.395477
v 103.704079 90.294006 171.889114
v 119.943687 105.078156 122.720306
v 119.998291 105.168617 122.767944
v 120.049141 105.084106 122.759216
v 120.017784 105.135330 122.764320
v 116.662018 112.727966 121.763359
v 98.287506 96.268127 174.077499
v 101.459747 92.564323 174.026352
v 101.772926 95.166389 174.955048
v 103.241325 91.249542 172.947586
v 104.356125 95.187416 173.463730
v 103.435440 95.633392 172.835709
v 102.543938 92.453125 172.424652
v 119.992599 108.839294 121.709663
v 120.813248 111.415764 122.808548
v 120.788429 107.296555 123.401405
v 121.206955 109.016853 123.898888
v 121.932732 110.932495 123.421310
v 121.042488 107.195778 122.265839
v 121.279022 110.953911 123.730339
v 120.545990 107.273605 122.962410
v 117.857185 110.901451 123.290970
v 121.936661 109.611923 124.318092
v 122.686020 111.065468 123.166710
v 117.785904 158.249329 183.017853
v 119.029900 157.856094 183.331070
v 119.268341 158.026855 183.195984
v 119.535492 158.308762 182.972824
v 121.868210 155.080841 181.674759
v 122.615784 157.721191 182.020477
v 119.154373 157.660309 183.164902
v 120.098953 155.077438 180.518982
v 120.278282 157.011124 181.285126
v 120.517242 156.569611 180.711838
v 117.990028 165.320343 181.667145
v 122.797447 165.637238 182.052155
v 121.156143 198.103546 115.152954
v 125.963562 198.420441 115.537979
v 124.969330 199.995316 116.266869
v 121.803215 167.212112 182.781052
v 124.120110 198.298920 115.390335
v 124.574547 199.537506 116.022430
v 125.782661 198.408524 115.523491
v 124.516060 197.965378 116.159233
v 82.071327 247.991135 138.214905
v 84.877068 252.987701 139.110535
v 88.283669 250.971680 139.685654
v 68.684837 243.878799 203.092484
v 71.490578 248.875366 203.988113
v 73.014938 247.973251 204.245468
v 73.645462 246.258804 204.266891
v 75.180466 246.946365 203.190277
v 74.179398 247.548416 202.967667
v 74.670586 246.691040 202.754547
v 86.141945 246.675049 141.017456
v 89.838470 248.884293 141.920212
v 88.831451 250.609467 141.821777
v 73.562218 242.810547 201.985092
v 76.251724 246.744965 202.789413
v 77.258743 245.019791 202.887848
v 75.340385 245.411789 202.516876
v 75.804245 244.150497 202.532639
v 76.693451 244.681946 202.749786
v 75.445213 245.565140 202.548218
v 76.054688 244.275085 202.154037
v 75.380470 245.451935 202.446548
v 49.026855 85.794472 211.845734
v 91.132454 93.958557 188.659088
v 63.679161 130.675476 238.919586
v 41.350025 94.797905 201.075195
v 83.455620 102.961990 177.888550
v 56.002331 139.678909 228.149048
v 38.520405 110.903038 179.886978
v 38.520409 110.903038 179.886978
v 38.594753 110.144051 180.128647
v 39.078030 105.210594 181.699478
v 38.594753 111.721695 185.083542
v 38.594757 111.721695 185.083542
v 44.494434 113.254753 185.434982
v 39.078030 115.070946 212.667587
v 38.594753 118.184021 205.379562
v 38.594753 120.004395 211.096756
v 44.494434 119.474358 204.968704
v 35.806629 138.606262 171.066177
v 36.832268 132.460312 187.980682
v 36.895981 131.976318 188.710342
v 36.672810 134.043396 187.321945
v 36.753902 133.186172 187.493149
v 36.935337 131.807877 189.571045
v 36.944347 131.980621 190.431747
v 36.921638 132.468262 191.161407
v 36.601341 134.901489 187.493149
v 36.550369 135.629776 187.980682
v 36.527660 136.117432 188.710342
v 36.536671 136.290176 189.571045
v 36.576027 136.121735 190.431747
v 36.639740 135.637726 191.161407
v 42.870010 132.507660 188.541168
v 42.727932 133.717529 187.323975
v 42.806297 132.991669 187.811508
v 42.909367 132.339218 189.401871
v 42.918377 132.511963 190.262573
v 42.895668 132.999619 190.992233
v 42.646843 134.574753 187.152771
v 42.575371 135.432831 187.323975
v 42.524403 136.161133 187.811508
v 42.501690 136.648773 188.541168
v 42.510700 136.821518 189.401871
v 42.541431 136.690002 190.073929
v 42.613770 136.169083 190.992233
v 42.550056 136.653076 190.262573
v 35.806629 140.183914 176.021072
v 35.806629 140.426636 176.783371
v 41.780659 140.957977 176.614182
v 36.870667 133.196564 191.648941
v 36.799198 134.054642 191.820145
v 36.718105 134.911865 191.648941
v 42.844700 133.727905 191.479767
v 42.773228 134.585999 191.650970
v 42.692135 135.443222 191.479767
v 35.806629 146.646240 196.317093
v 35.806629 146.888962 197.079391
v 35.806629 148.466614 202.034286
v 41.780659 147.177582 196.147903
v 41.780659 147.420303 196.910202
v 70.016838 113.704391 178.995010
v 70.879738 113.781136 178.970566
v 70.954094 113.022156 179.212234
v 64.905716 115.070175 184.856949
v 71.437370 108.088692 180.783066
v 70.954094 114.842529 184.929428
v 64.905716 121.289780 204.390671
v 70.954094 121.304855 205.225449
v 71.437370 117.949043 211.751175
v 70.954094 122.882507 210.180344
v 70.954071 122.882500 210.180344
v 62.191936 142.773407 176.036148
v 63.217579 134.807083 187.233475
v 63.281292 134.323090 187.963135
v 63.058121 136.390167 186.574738
v 63.139214 135.532944 186.745941
v 63.320644 134.154648 188.823837
v 63.329655 134.327393 189.684540
v 63.306946 134.815033 190.414200
v 63.255978 135.543335 190.901733
v 63.184505 136.401413 191.072937
v 62.986649 137.248260 186.745941
v 62.935680 137.976547 187.233475
v 62.912971 138.464203 187.963135
v 63.025047 137.984497 190.414200
v 63.103416 137.258636 190.901733
v 62.921982 138.636948 188.823837
v 62.961338 138.468506 189.684540
v 69.191605 135.338440 187.064301
v 69.113235 136.064301 186.576767
v 69.032150 136.921524 186.405563
v 68.960678 137.779602 186.576767
v 68.909706 138.507904 187.064301
v 68.887001 138.995544 187.793961
v 68.896011 139.168289 188.654663
v 69.158531 136.932770 190.903763
v 69.077438 137.789993 190.732559
v 68.935364 138.999847 189.515366
v 68.999077 138.515854 190.245026
v 69.294670 134.685989 188.654663
v 69.255318 134.854431 187.793961
v 69.303680 134.858734 189.515366
v 69.280975 135.346390 190.245026
v 69.230003 136.074677 190.732559
v 68.165962 141.484375 170.149765
v 68.165962 143.304749 175.866959
v 62.191936 148.993011 195.569870
v 62.191936 149.235733 196.332169
v 68.165962 149.767075 196.162979
v 68.165962 151.344727 201.117874
vn 0.2172 -0.0646 0.9740
vn 0.0648 -0.2832 0.9569
vn 0.8666 0.4300 0.2532
vn 0.8401 0.5021 0.2052
vn 0.2522 0.9416 0.2229
vn 0.4838 0.8615 0.1544
vn -0.1474 -0.6951 0.7037
vn 0.2060 -0.5539 0.8067
vn 0.3369 -0.8934 0.2973
vn 0.4798 -0.5627 0.6732
vn 0.8709 -0.4647 0.1597
vn 0.9272 -0.2931 0.2334
vn -0.9989 0.0361 -0.0298
vn 0.9989 -0.0361 0.0298
vn 0.2772 0.4676 0.8393
vn -0.0000 0.6107 0.7919
vn 0.1859 0.5519 0.8129
vn -0.2174 0.0635 -0.9740
vn -0.0661 0.2862 -0.9559
vn -0.0657 0.2861 -0.9559
vn -0.8671 -0.4297 -0.2522
vn -0.8670 -0.4297 -0.2521
vn -0.8399 -0.5032 -0.2036
vn -0.8399 -0.5032 -0.2035
vn -0.2489 -0.9431 -0.2206
vn -0.4830 -0.8623 -0.1524
vn 0.1505 0.6961 -0.7020
vn 0.1504 0.6961 -0.7020
vn -0.2063 0.5530 -0.8072
vn -0.3366 0.8942 -0.2952
vn -0.4810 0.5620 -0.6729
vn -0.8704 0.4658 -0.1598
vn -0.9268 0.2945 -0.2330
vn 0.9989 -0.0363 0.0300
vn -0.9989 0.0364 -0.0300
vn -0.2760 -0.4677 -0.8397
vn 0.0018 -0.6116 -0.7912
vn -0.1842 -0.5524 -0.8130
vn -0.9900 -0.0038 0.1409
vn 0.9437 0.2917 -0.1560
vn -0.3531 -0.4139 0.8390
vn -0.1359 0.3739 -0.9175
vn -0.8692 0.4120 -0.2735
vn 0.1743 0.0894 -0.9806
vn -0.1890 -0.5949 -0.7813
vn -0.9978 -0.0483 0.0460
vn -0.9801 -0.1982 -0.0134
vn 0.3423 -0.3806 -0.8591
vn 0.8461 0.5272 0.0789
vn -0.4214 -0.8737 0.2432
vn 0.0933 -0.0626 -0.9937
vn -0.2307 -0.0612 0.9711
vn 0.1556 -0.0922 -0.9835
vn 0.8190 -0.4323 -0.3772
vn -0.9514 -0.2440 0.1881
vn -0.0000 0.5667 -0.8239
vn 0.9467 0.3028 -0.1096
vn -0.9377 -0.1378 0.3189
vn -0.1103 -0.0150 -0.9938
vn -0.3083 0.7533 -0.5809
vn 0.3083 -0.7533 0.5809
vn 0.8884 0.4464 0.1074
vn -0.9468 -0.3026 0.1094
vn -0.9467 -0.3028 0.1096
vn 0.2697 -0.5593 0.7839
vn -0.3221 0.8869 -0.3313
vn -0.5185 -0.6450 -0.5613
vn 0.6643 -0.2667 -0.6983
vn 0.2596 -0.9190 -0.2967
vn 0.0933 -0.5838 -0.8065
vn 0.0934 -0.5838 -0.8065
vn -0.1619 0.1531 -0.9749
vn -0.2561 0.5014 -0.8265
vn -0.3113 0.7734 -0.5522
vn -0.3192 0.9276 -0.1939
vn -0.2785 0.9407 0.1940
vn -0.1953 0.8105 0.5522
vn -0.0825 0.5569 0.8265
vn 0.0430 0.2186 0.9749
vn 0.1618 -0.1531 0.9749
vn 0.2561 -0.5014 0.8265
vn 0.3114 -0.7734 0.5522
vn 0.3192 -0.9276 0.1939
vn 0.2784 -0.9407 -0.1940
vn 0.1953 -0.8105 -0.5522
vn 0.0824 -0.5569 -0.8265
vn -0.0430 -0.2186 -0.9749
vn -0.2561 0.5014 -0.8264
vn -0.2785 0.9407 0.1939
vn -0.0824 0.5569 0.8265
vn 0.1619 -0.1531 0.9749
vn 0.2561 -0.5014 0.8264
vn 0.3113 -0.7734 0.5522
vn 0.2785 -0.9406 -0.1940
vn -1.0000 -0.0014 -0.0015
vn -0.9658 -0.1837 0.1832
vn 0.9657 -0.1809 0.1861
vn 0.0001 0.7025 -0.7117
vn 0.0021 -0.7117 -0.7025
vn 1.0000 0.0014 0.0015
vn -0.0012 0.9890 -0.1478
vn -0.0020 0.4906 0.8714
vn 0.6247 0.5495 -0.5548
vn 0.0013 0.1350 -0.9908
vn 0.6248 0.5494 -0.5548
vn -0.6247 0.5477 -0.5567
vn -0.6247 0.5477 -0.5566
vn -0.6246 0.5477 -0.5567
vn -0.0021 0.7117 0.7025
vn 0.0020 -0.8777 -0.4792
vn 0.0012 0.1951 -0.9808
vn 0.0005 0.5556 -0.8315
vn -0.0003 0.8315 -0.5555
vn -0.0011 0.9808 -0.1951
vn -0.0017 0.9808 0.1951
vn -0.0020 0.8315 0.5556
vn -0.0020 0.5556 0.8315
vn -0.0017 0.1951 0.9808
vn -0.0012 -0.1951 0.9808
vn -0.0004 -0.5556 0.8315
vn 0.0003 -0.8315 0.5556
vn 0.0011 -0.9808 0.1951
vn 0.0017 -0.9808 -0.1950
vn 0.0020 -0.8315 -0.5555
vn 0.0020 -0.5556 -0.8315
vn 0.0017 -0.1951 -0.9808
vn -0.0004 0.8315 -0.5556
vn -0.0018 0.1951 0.9808
vn -0.0005 -0.5556 0.8315
vn 0.0011 -0.9808 0.1952
vn 0.0017 -0.9808 -0.1951
vn 0.0020 -0.8315 -0.5556
vn 1.0000 -0.0081 -0.0001
vn -0.0079 -0.9788 0.2049
vn -0.9679 -0.0084 0.2514
vn 0.9676 -0.0240 0.2512
vn 0.0005 0.0643 -0.9979
vn -0.0081 -0.9979 -0.0643
vn 0.0081 0.9979 0.0643
vn -0.0045 -0.5473 -0.8369
vn 0.0077 0.9443 0.3289
vn -1.0000 0.0081 0.0001
vn -0.6243 0.0553 -0.7792
vn 0.0052 0.6502 -0.7597
vn -0.6244 0.0553 -0.7792
vn 0.6251 0.0452 -0.7793
vn 0.6250 0.0452 -0.7793
vn 0.0015 0.1951 -0.9808
vn 0.0044 0.5555 -0.8315
vn 0.0067 0.8314 -0.5556
vn 0.0079 0.9807 -0.1951
vn 0.0079 0.9807 0.1951
vn 0.0068 0.8314 0.5556
vn 0.0045 0.5555 0.8315
vn 0.0016 0.1951 0.9808
vn -0.0015 -0.1951 0.9808
vn -0.0044 -0.5556 0.8315
vn -0.0067 -0.8314 0.5556
vn -0.0079 -0.9808 0.1951
vn -0.0079 -0.9807 -0.1952
vn -0.0068 -0.8314 -0.5556
vn -0.0045 -0.5555 -0.8315
vn -0.0016 -0.1951 -0.9808
vn 0.0079 0.9808 -0.1951
vn 0.0079 0.9808 0.1951
vn -0.0079 -0.9807 0.1951
vn -0.0079 -0.9807 -0.1951
vn -0.9405 -0.1414 -0.3089
vn -0.9405 -0.1415 -0.3089
vn -0.9406 -0.1415 -0.3087
vn -0.9405 -0.1415 -0.3088
vn -0.9406 -0.1415 -0.3088
vn 0.2291 -0.9355 -0.2691
vn -0.2454 -0.3458 0.9057
vn -0.2454 -0.3457 0.9057
vn 0.0276 0.3051 -0.9519
vn 0.2349 -0.9276 -0.2905
vn -0.2349 0.9276 0.2905
vn 0.9405 0.1415 0.3088
vn 0.9405 0.1415 0.3089
vn 0.9406 0.1415 0.3087
vn 0.8926 0.0876 0.4422
vn -0.9668 -0.1922 -0.1683
vn -0.0594 0.9636 -0.2607
vn 0.4506 0.3687 -0.8130
vn 0.3316 -0.5800 -0.7441
vn 0.3316 -0.5800 -0.7440
vn -0.0594 0.9636 -0.2606
vn -0.2406 0.9192 0.3117
vn 0.2454 0.3458 -0.9057
vn 0.2454 0.3457 -0.9057
vn 0.2705 0.2380 -0.9328
vn 0.1713 0.5876 -0.7908
vn 0.0460 0.8477 -0.5284
vn -0.0863 0.9788 -0.1855
vn -0.2055 0.9609 0.1855
vn -0.2934 0.7967 0.5284
vn -0.3366 0.5112 0.7908
vn -0.3286 0.1478 0.9328
vn -0.2705 -0.2380 0.9328
vn -0.1713 -0.5876 0.7908
vn -0.0460 -0.8478 0.5284
vn 0.0863 -0.9788 0.1855
vn 0.2055 -0.9609 -0.1856
vn 0.2934 -0.7967 -0.5284
vn 0.3366 -0.5112 -0.7908
vn 0.3285 -0.1478 -0.9328
vn -0.0863 0.9788 -0.1856
vn -0.2055 0.9609 0.1856
vn -0.3286 0.1479 0.9328
vn -0.0460 -0.8477 0.5284
vn 0.3286 -0.1479 -0.9328
vn 0.0460 0.8478 -0.5284
vn -0.3285 0.1478 0.9328
vn 0.0863 -0.9788 0.1856
vn 0.2055 -0.9609 -0.1855
vn 0.3286 -0.1478 -0.9328
vn -0.5411 0.7497 0.3811
vn -0.8161 -0.3589 -0.4529
vn -0.2865 -0.9519 -0.1088
vn 0.3515 -0.2101 0.9123
vn 0.5411 -0.7497 -0.3811
vn -0.8161 -0.3589 -0.4530
vn -0.8161 -0.3588 -0.4529
vn -0.7640 -0.6276 0.1498
vn -0.3515 0.2101 -0.9123
vn 0.5181 -0.0597 0.8532
vn -0.9359 -0.0523 0.3485
vn -0.1659 0.3491 -0.9223
vn -0.1659 0.3490 -0.9223
vn -0.3375 0.8806 0.3328
vn 0.7118 -0.5731 -0.4061
vn -0.3770 -0.6213 0.6869
vn 0.8682 -0.2916 -0.4016
vn 0.9362 0.0877 -0.3404
vn 0.8616 0.4537 -0.2275
vn 0.6559 0.7506 -0.0799
vn 0.3504 0.9332 0.0799
vn -0.0085 0.9737 0.2275
vn -0.3661 0.8661 0.3404
vn -0.6680 0.6265 0.4016
vn -0.8682 0.2916 0.4016
vn -0.9362 -0.0877 0.3404
vn -0.8616 -0.4537 0.2275
vn -0.6559 -0.7506 0.0799
vn -0.3504 -0.9332 -0.0799
vn 0.0085 -0.9737 -0.2275
vn 0.3661 -0.8661 -0.3404
vn 0.6680 -0.6265 -0.4016
vn 0.9362 0.0877 -0.3405
vn -0.0085 0.9738 0.2274
vn -0.3661 0.8661 0.3405
vn 0.0631 -0.0211 0.9978
vn 0.0631 -0.0212 0.9978
vn -0.6471 0.3553 0.6745
vn -0.8792 0.4720 0.0656
vn -0.7259 0.3818 -0.5721
vn 0.4723 0.8814 -0.0112
vn -0.0631 0.0212 -0.9978
vn -0.0630 0.0212 -0.9978
vn -0.7259 0.3817 -0.5721
vn -0.9867 -0.1512 0.0592
vn -0.4723 -0.8814 0.0112
vn 0.1597 -0.0980 -0.9823
vn 0.6896 0.7236 -0.0282
vn -0.4200 0.9064 0.0458
vn 0.2818 -0.1390 0.9494
vn -0.2208 -0.9753 -0.0067
vn 0.9899 -0.1262 -0.0652
vn 0.9632 0.2629 -0.0553
vn 0.7899 0.6121 -0.0370
vn 0.4964 0.8680 -0.0130
vn 0.1273 0.9918 0.0130
vn -0.2612 0.9646 0.0370
vn -0.6099 0.7905 0.0553
vn -0.8658 0.4961 0.0652
vn -0.9899 0.1262 0.0652
vn -0.9632 -0.2629 0.0553
vn -0.7900 -0.6120 0.0370
vn -0.4964 -0.8680 0.0130
vn -0.1273 -0.9918 -0.0130
vn 0.2612 -0.9646 -0.0370
vn 0.6099 -0.7905 -0.0553
vn 0.8658 -0.4961 -0.0652
vn -0.7900 -0.6121 0.0370
vn 0.0237 0.2472 0.9687
vn 0.1413 0.4320 0.8907
vn -0.9248 -0.3626 0.1152
vn -0.8586 0.5013 -0.1069
vn 0.0952 -0.0490 -0.9943
vn 0.8586 -0.5013 0.1069
vn 0.0951 -0.0490 -0.9943
vn -0.0237 -0.2472 -0.9687
vn -0.0236 -0.2472 -0.9687
vn 0.9580 -0.2825 0.0486
vn -0.7067 0.6895 -0.1586
vn 0.1056 -0.9641 0.2435
vn -0.4147 -0.8019 -0.4301
vn -0.3850 -0.4931 0.7802
vn -0.5120 -0.8292 0.2242
vn -0.1034 0.9644 -0.2436
vn -0.4761 0.8548 -0.2065
vn -0.7762 0.6152 -0.1380
vn -0.9582 0.2818 -0.0485
vn -0.9944 -0.0944 0.0484
vn -0.8791 -0.4562 0.1380
vn -0.6300 -0.7486 0.2065
vn -0.2850 -0.9271 0.2436
vn 0.1034 -0.9644 0.2436
vn 0.4761 -0.8548 0.2065
vn 0.7762 -0.6152 0.1380
vn 0.9582 -0.2818 0.0484
vn 0.9944 0.0944 -0.0485
vn 0.8791 0.4562 -0.1380
vn 0.6300 0.7486 -0.2065
vn 0.2850 0.9271 -0.2436
vn -0.9582 0.2819 -0.0484
vn 0.9582 -0.2819 0.0484
vn 0.9944 0.0944 -0.0484
vn 0.8791 0.4563 -0.1380
vn -0.0000 0.9910 0.1339
vn -0.0000 -0.9910 -0.1339
vn 0.9358 -0.0472 0.3492
vn 0.9359 -0.0472 0.3492
vn 0.9359 -0.0472 0.3490
vn 0.3524 0.1253 -0.9274
vn -0.9358 0.0472 -0.3493
vn -0.3524 -0.1253 0.9274
vn 0.3519 0.1776 -0.9190
vn 0.3180 0.5403 -0.7791
vn 0.2357 0.8206 -0.5206
vn 0.1174 0.9761 -0.1828
vn -0.0187 0.9830 0.1828
vn -0.1519 0.8402 0.5206
vn -0.2620 0.5695 0.7791
vn -0.3323 0.2121 0.9190
vn -0.3519 -0.1776 0.9190
vn -0.3180 -0.5402 0.7791
vn -0.2357 -0.8207 0.5205
vn -0.1174 -0.9761 0.1828
vn 0.0187 -0.9830 -0.1828
vn 0.1519 -0.8402 -0.5206
vn 0.2621 -0.5695 -0.7791
vn 0.3323 -0.2121 -0.9190
vn -0.2621 0.5695 0.7791
vn -0.3180 -0.5402 0.7792
vn -0.2356 -0.8206 0.5206
vn 0.4423 -0.6827 -0.5817
vn -0.4423 0.6827 0.5817
vn -0.8847 -0.2255 -0.4081
vn 0.8977 0.4389 -0.0378
vn 0.8887 0.4212 0.1814
vn 0.1569 0.4536 0.8773
vn -0.1569 -0.4536 -0.8773
vn -0.1568 -0.4536 -0.8773
vn 0.1991 0.8555 -0.4779
vn -0.9673 0.2497 0.0440
vn 0.8063 0.4376 0.3979
vn 0.9673 -0.2497 -0.0439
vn 0.1569 0.4535 0.8773
vn -0.1569 -0.4535 -0.8773
vn -0.1991 -0.8555 0.4779
vn -0.1990 -0.8556 0.4779
vn -0.1991 -0.8556 0.4779
vn 0.3177 0.8934 0.3177
vn 0.9673 -0.2497 -0.0440
vn 0.9674 -0.2496 -0.0438
vn 0.1611 0.8647 -0.4758
vn -0.0966 0.8911 -0.4434
vn -0.3477 0.8568 -0.3808
vn -0.5751 0.7641 -0.2921
vn -0.7633 0.6194 -0.1837
vn -0.8995 0.4324 -0.0626
vn -0.9744 0.2160 0.0626
vn -0.9829 -0.0152 0.1836
vn -0.9244 -0.2453 0.2922
vn -0.8029 -0.4587 0.3807
vn -0.6267 -0.6408 0.4434
vn -0.4078 -0.7793 0.4758
vn -0.1610 -0.8647 0.4758
vn 0.0966 -0.8911 0.4434
vn 0.3477 -0.8568 0.3807
vn 0.5751 -0.7641 0.2922
vn 0.7633 -0.6194 0.1837
vn 0.8995 -0.4324 0.0626
vn 0.9744 -0.2160 -0.0626
vn 0.9829 0.0152 -0.1836
vn 0.9244 0.2453 -0.2922
vn 0.8029 0.4587 -0.3808
vn 0.6267 0.6408 -0.4434
vn 0.4078 0.7793 -0.4758
vn 0.6206 -0.0742 -0.7806
vn 0.6207 -0.0741 -0.7805
vn -0.6207 0.0741 0.7806
vn 0.7359 -0.2883 0.6126
vn 0.2704 0.9547 0.1244
vn -0.7359 0.2883 -0.6126
vn -0.2705 -0.9547 -0.1243
vn -0.2705 -0.9547 -0.1244
vn -0.6207 0.0741 0.7805
vn 0.2705 0.9547 0.1244
vn 0.5020 0.4703 -0.7258
vn 0.5023 0.4702 -0.7257
vn 0.5025 0.4681 -0.7269
vn -0.5023 -0.4702 0.7257
vn 0.7168 0.2431 0.6536
vn -0.4837 0.8484 0.2149
vn -0.7168 -0.2431 -0.6536
vn 0.4837 -0.8484 -0.2149
vn -0.6145 -0.3964 -0.6821
vn -0.7510 -0.1788 -0.6356
vn -0.8364 0.0510 -0.5458
vn -0.8647 0.2773 -0.4188
vn -0.8341 0.4847 -0.2633
vn -0.7467 0.6591 -0.0898
vn -0.6084 0.7885 0.0898
vn -0.4286 0.8643 0.2633
vn -0.2197 0.8811 0.4188
vn 0.0043 0.8379 0.5458
vn 0.2280 0.7376 0.6356
vn 0.4361 0.5870 0.6821
vn 0.6145 0.3964 0.6821
vn 0.7510 0.1788 0.6356
vn 0.8364 -0.0509 0.5458
vn 0.8647 -0.2773 0.4188
vn 0.8341 -0.4847 0.2632
vn 0.7467 -0.6590 0.0898
vn 0.6084 -0.7886 -0.0898
vn 0.4286 -0.8643 -0.2633
vn 0.2197 -0.8811 -0.4188
vn -0.0043 -0.8379 -0.5458
vn -0.2280 -0.7375 -0.6356
vn -0.4360 -0.5871 -0.6821
vn 0.5112 0.0553 0.8577
vn 0.5113 0.0553 0.8576
vn -0.5112 -0.0553 -0.8577
vn -0.5113 -0.0554 -0.8576
vn -0.5113 -0.0553 -0.8576
vn 0.8586 -0.0776 -0.5068
vn 0.0385 0.9954 -0.0872
vn -0.8586 0.0776 0.5068
vn -0.0385 -0.9954 0.0872
vn 0.8313 0.2213 -0.5098
vn 0.6110 0.6785 -0.4080
vn 0.4337 0.8449 -0.3131
vn 0.2269 0.9538 -0.1968
vn 0.0046 0.9977 -0.0671
vn -0.2180 0.9736 0.0671
vn -0.4258 0.8832 0.1968
vn -0.6044 0.7326 0.3130
vn -0.7673 0.4790 0.4264
vn -0.8289 0.2952 0.4751
vn -0.8594 0.0383 0.5099
vn -0.8329 -0.2803 0.4773
vn -0.5799 -0.6980 0.4202
vn -0.6109 -0.6785 0.4080
vn -0.4337 -0.8449 0.3130
vn -0.2269 -0.9538 0.1968
vn -0.0046 -0.9977 0.0671
vn 0.2180 -0.9736 -0.0671
vn 0.4257 -0.8832 -0.1968
vn 0.7213 -0.5338 -0.4414
vn 0.8082 -0.2971 -0.5085
vn 0.8289 -0.2951 -0.4752
vn 0.8594 -0.0383 -0.5098
vn 0.9022 0.4269 -0.0621
vn -0.9022 -0.4269 0.0621
vn 0.4254 -0.8564 0.2927
vn 0.0718 -0.2905 -0.9542
vn -0.4254 0.8564 -0.2927
vn -0.0718 0.2905 0.9542
vn 0.6637 0.0753 -0.7442
vn -0.8668 -0.2926 0.4037
vn 0.3732 0.8253 0.4238
vn 0.8636 0.1674 -0.4756
vn 0.0495 -0.2286 -0.9723
vn -0.3916 0.6112 -0.6878
vn -0.3351 0.6731 -0.6593
vn -0.1984 -0.9541 0.2242
vn -0.1984 -0.9541 0.2241
vn 0.2278 -0.7888 0.5708
vn -0.9417 0.3059 -0.1401
vn 0.5125 0.2804 0.8116
vn 0.2241 -0.5816 0.7820
vn 0.7522 0.6588 0.0145
vn 0.9136 -0.3987 -0.0793
vn -0.2830 -0.5767 -0.7664
vn -0.1749 -0.8610 0.4776
vn -0.1748 -0.5323 -0.8283
vn -0.1975 -0.8395 0.5062
vn 0.1836 -0.9766 -0.1120
vn -0.3826 0.1427 0.9128
vn -0.5056 0.2027 0.8386
vn -0.9397 0.3415 -0.0169
vn -0.1801 -0.4646 -0.8670
vn 0.9449 -0.2909 -0.1500
vn -0.0480 -0.3540 -0.9340
vn 0.2985 0.4609 0.8357
vn 0.1944 0.4546 0.8692
vn 0.0982 0.4284 0.8983
vn 0.8585 0.2717 -0.4349
vn 0.4904 0.6648 -0.5635
vn 0.4630 -0.6915 -0.5545
vn 0.2017 0.0620 -0.9775
vn -0.2648 -0.5646 -0.7818
vn 0.8806 -0.2235 0.4179
vn 0.0678 -0.9952 0.0707
vn 0.5935 0.5689 0.5693
vn -0.9677 0.2464 0.0541
vn -0.6555 -0.5467 0.5211
vn -0.7353 0.4957 -0.4621
vn -0.9286 -0.1718 0.3290
vn -0.0000 -0.6107 -0.7919
vn -0.9513 -0.2441 0.1882
vn 0.9513 0.2441 -0.1882
vn 0.1474 0.6950 -0.7037
vn -0.9891 0.1021 -0.1063
vn 0.9891 -0.1021 0.1063
vn -0.1653 -0.4580 -0.8735
vn 0.9617 -0.2677 -0.0593
vn -0.1741 -0.5305 -0.8296
vn -0.1978 -0.8407 0.5040
vn -0.2172 0.0646 -0.9740
vn -0.9761 -0.0061 0.2173
vn 0.9761 0.0061 -0.2173
vn -0.0648 0.2832 -0.9569
vn 0.9699 0.2436 0.0065
vn -0.9699 -0.2436 -0.0065
vn -0.8401 -0.5021 -0.2052
vn -0.0375 0.4311 -0.9015
vn 0.0375 -0.4311 0.9015
vn 0.5411 -0.7497 -0.3810
vn 0.8488 -0.0536 -0.5259
vn -0.4424 -0.6077 -0.6595
vn -0.4299 -0.0624 -0.9007
vn 0.0854 -0.9961 0.0211
vn 0.8724 -0.0745 -0.4830
vn -0.8709 0.4647 -0.1597
vn 0.1356 -0.0852 -0.9871
vn -0.1356 0.0852 0.9871
vn 0.0757 0.9345 -0.3479
vn 0.8126 -0.2028 -0.5463
vn -0.5788 -0.2545 -0.7747
vn -0.4837 -0.8615 -0.1544
vn 0.4837 0.8615 0.1544
vn 0.1695 0.0809 -0.9822
vn -0.1695 -0.0809 0.9822
vn -0.3651 -0.1911 0.9111
vn 0.3704 0.9239 -0.0960
vn -0.1245 0.5153 -0.8479
vn -0.5651 -0.3631 -0.7408
vn 0.2059 -0.5539 0.8067
vn 0.9755 0.0508 -0.2142
vn 0.8128 -0.3623 -0.4563
vn -0.9206 -0.3421 -0.1881
vn -0.2455 0.9350 0.2559
vn 0.4464 0.2038 -0.8713
vn -0.1308 -0.6303 -0.7652
vn -0.3043 -0.7543 0.5817
vn 0.9677 -0.2464 -0.0541
vn 0.5058 -0.7631 0.4023
vn -0.3177 -0.2846 0.9045
vn 0.9349 -0.2858 0.2106
vn -0.9731 0.1984 -0.1170
vn -0.7547 -0.6478 0.1042
vn 0.7973 -0.3762 -0.4719
vn 0.8465 -0.3608 -0.3914
vn -0.0009 0.6212 0.7836
vn 0.0444 0.5302 -0.8467
vn -0.0288 0.5655 0.8243
vn -0.4282 -0.0625 -0.9015
vn 0.8746 -0.0742 -0.4791
vn 0.3177 0.2846 -0.9045
vn 0.2754 0.8251 0.4934
vn -0.3175 -0.7925 -0.5206
vn -0.4620 -0.3846 -0.7991
vn -0.8001 0.0027 -0.5999
vn -0.8636 -0.1674 0.4756
vn -0.8068 -0.3821 -0.4506
vn 0.7413 -0.4741 0.4750
vn -0.5478 0.0456 0.8354
vn 0.7356 -0.1376 -0.6633
vn 0.7747 -0.2886 0.5626
vn -0.5467 -0.8301 0.1101
vn 0.0009 -0.6212 -0.7836
vn 0.7391 0.0421 0.6723
vn -0.4798 0.8746 -0.0703
vn -0.9914 0.0253 -0.1284
vn 0.0427 0.4417 -0.8962
vn 0.0258 -0.1062 -0.9940
vn 0.7829 -0.2906 0.5500
vn 0.8767 0.3387 -0.3417
vn 0.6845 0.1053 0.7213
vn 0.5444 -0.2300 0.8067
vn -0.2692 -0.8247 -0.4975
vn -0.3146 0.5405 -0.7803
vn -0.5250 0.8451 0.1011
vn -0.9755 -0.0508 0.2142
vn 0.2197 -0.5531 0.8036
vn -0.5321 -0.7126 -0.4573
vn -0.0776 -0.8310 -0.5508
vn -0.0530 0.9986 -0.0046
vn 0.4423 -0.6827 -0.5816
vn 0.8729 0.4766 0.1044
vn -0.8355 -0.0779 -0.5439
vn -0.1974 -0.8395 0.5062
vn -0.0357 0.9966 0.0740
vn -0.0574 -0.8806 -0.4704
vn 0.8636 0.1675 -0.4756
vn -0.3751 -0.4170 -0.8279
vn 0.2021 0.7493 0.6307
vn -0.9589 0.2194 0.1798
vn -0.1712 -0.8622 0.4767
vn 0.2692 0.8247 0.4975
vn 0.8350 0.0575 -0.5472
vn -0.9598 0.2722 0.0683
vn -0.9643 0.2593 0.0545
vn 0.2692 0.8246 0.4975
vn -0.9408 0.1147 0.3190
vn 0.7712 0.1248 -0.6242
vn -0.6554 -0.5467 0.5211
vn 0.6555 0.5467 -0.5211
vn -0.7320 0.6297 -0.2601
vn 0.4970 -0.8317 -0.2474
vn 0.7267 0.2328 0.6463
vn 0.6829 -0.4946 -0.5376
vn 0.3043 0.7543 -0.5817
vn -0.9526 0.2410 -0.1858
vn 0.8672 -0.4721 -0.1585
vn -0.9449 0.2909 0.1500
vn 0.1740 0.8347 -0.5225
vn -0.3006 -0.9526 -0.0464
vn 0.9343 -0.3555 0.0277
vn -0.8746 -0.0206 -0.4843
vn -0.3208 -0.9139 -0.2488
vn 0.2653 0.9492 -0.1695
vn -0.1704 -0.7967 0.5798
vn 0.0348 0.3425 -0.9389
vn 0.2522 0.9416 0.2230
vn 0.0040 0.2295 -0.9733
vn -0.1080 -0.5986 0.7938
vn 0.3176 0.2845 -0.9045
vn 0.8710 -0.4647 0.1597
vn -0.3749 -0.8385 -0.3955
vn -0.0191 0.9556 0.2940
vn 0.0756 0.9344 -0.3480
vn 0.8127 -0.2028 -0.5463
vn -0.5789 -0.2546 -0.7746
vn 0.1986 0.9128 0.3570
vn -0.6899 -0.5850 -0.4264
vn 0.7829 -0.2906 0.5501
vn 0.0468 0.9959 -0.0779
vn -0.0010 0.6212 0.7836
vn -0.3747 -0.7268 0.5757
vn -0.0426 0.7829 -0.6207
vn -0.5464 0.0451 0.8363
vn 0.7765 -0.2889 0.5599
vn 0.0426 0.4417 -0.8961
vn -0.0427 -0.4417 0.8962
vn 0.8666 0.4299 0.2532
vn -0.4971 0.7874 0.3644
vn 0.0940 -0.8948 -0.4365
vn -0.4302 -0.0624 -0.9006
vn 0.8731 -0.0744 -0.4819
vn -0.2017 -0.0620 0.9775
vn -0.8517 0.5040 -0.1438
vn 0.4264 -0.9040 0.0307
vn -0.4415 -0.4464 0.7783
vn 0.7538 0.2846 0.5923
vn 0.5035 -0.8626 0.0492
vn -0.8060 0.5775 -0.1297
vn 0.7537 0.2847 0.5923
vn -0.4798 0.5627 -0.6732
vn -0.8350 -0.0575 0.5472
vn -0.1549 -0.8095 -0.5663
vn 0.7791 0.6261 -0.0319
vn -0.0929 0.9487 -0.3021
vn -0.0000 -0.3034 -0.9529
vn 0.9957 0.0886 -0.0282
vn -0.0000 0.3034 0.9529
vn -0.9957 -0.0886 0.0282
vn -0.0000 -0.9949 0.1005
vn -0.9957 -0.0885 0.0282
vn -0.0000 -0.0000 -1.0000
vn 0.0929 -0.9487 0.3021
vn -0.0103 -0.1968 -0.9804
vn 0.0259 -0.5554 -0.8312
vn 0.0259 -0.5555 -0.8311
vn 0.0581 -0.8296 -0.5554
vn 0.0581 -0.8296 -0.5553
vn 0.0814 -0.9774 -0.1950
vn 0.0924 -0.9764 0.1950
vn 0.0893 -0.8268 0.5554
vn 0.0726 -0.5513 0.8311
vn 0.0726 -0.5513 0.8312
vn 0.0448 -0.1919 0.9804
vn 0.0103 0.1968 0.9804
vn -0.0259 0.5554 0.8312
vn -0.0259 0.5555 0.8311
vn -0.0581 0.8296 0.5553
vn -0.0814 0.9774 0.1950
vn -0.0924 0.9764 -0.1950
vn -0.0893 0.8268 -0.5554
vn -0.0893 0.8268 -0.5553
vn -0.0726 0.5513 -0.8311
vn -0.0448 0.1919 -0.9804
vn -0.5726 0.4822 0.6630
vn 0.2522 0.9416 0.2231
vn 0.9271 -0.2931 0.2335
vn -0.0000 0.2747 0.9615
vn -0.9989 0.0360 -0.0298
vn -0.9998 -0.0005 0.0195
vn -0.9907 0.0122 -0.1354
vn -0.0000 0.0624 -0.9981
vn -0.2173 0.0635 -0.9740
vn -0.0658 0.2861 -0.9559
vn -0.9715 0.1518 0.1822
vn -0.8670 -0.4299 -0.2520
vn -0.8670 -0.4297 -0.2522
vn -0.8670 -0.4298 -0.2521
vn -0.8663 -0.4311 -0.2525
vn -0.8671 -0.4297 -0.2521
vn -0.0000 -0.2425 0.9701
vn -0.8671 -0.4300 -0.2514
vn -0.2488 -0.9431 -0.2206
vn -0.2489 -0.9431 -0.2205
vn 0.4307 0.2692 0.8614
vn 0.4411 0.1654 0.8821
vn -0.4830 -0.8623 -0.1523
vn -0.0000 1.0000 -0.0000
vn -0.8704 0.4658 -0.1599
vn -0.8704 0.4657 -0.1598
vn 0.9989 -0.0364 0.0300
vn 0.4459 -0.8918 0.0766
vn 0.9806 0.0394 0.1922
vn -0.0000 -0.9981 -0.0624
vn -0.0000 0.9981 -0.0624
vn 0.9989 -0.0364 0.0301
vn 0.9989 -0.0365 0.0301
vn 0.9988 -0.0379 0.0300
vn 0.9989 -0.0366 0.0298
vn -0.0000 -0.1240 -0.9923
vn -0.9975 0.0035 0.0705
vn 0.9307 0.3009 -0.2081
vn -0.1975 -0.3416 0.9189
vn 0.0042 0.4555 -0.8902
vn -0.8862 0.3632 -0.2877
vn 0.1958 0.1238 -0.9728
vn -0.2019 -0.6753 -0.7093
vn -0.9890 0.0986 -0.1098
vn -0.9392 -0.3412 0.0391
vn 0.2756 -0.2083 -0.9384
vn 0.8158 0.5779 0.0234
vn -0.4906 -0.8407 0.2293
vn 0.1365 -0.0833 -0.9871
vn -0.2370 -0.0593 0.9697
vn 0.0855 -0.0916 -0.9921
vn 0.9365 -0.3190 -0.1456
vn -0.9512 -0.2376 0.1967
vn 0.0091 0.7919 -0.6106
vn 0.9467 0.3028 -0.1097
vn 0.9467 0.3029 -0.1096
vn 0.9467 0.3029 -0.1097
vn 0.9467 0.3029 -0.1093
vn -0.9467 -0.3029 0.1097
vn -0.9467 -0.3028 0.1097
vn -0.9467 -0.3029 0.1096
vn -0.9466 -0.3032 0.1092
vn -0.5186 -0.6450 -0.5613
vn -0.1618 0.1531 -0.9749
vn -0.1619 0.1530 -0.9749
vn -0.3114 0.7734 -0.5522
vn -0.3192 0.9276 -0.1940
vn 0.3192 -0.9276 0.1940
vn 0.2785 -0.9407 -0.1939
vn 0.0825 -0.5569 -0.8265
vn -0.0012 0.9890 -0.1479
vn -0.0011 0.9808 -0.1952
vn -0.0020 0.8315 0.5555
vn -0.0020 0.5555 0.8315
vn 0.0004 -0.8315 0.5556
vn 0.0017 -0.9808 -0.1952
vn 0.0020 -0.8314 -0.5556
vn -0.0003 0.8315 -0.5556
vn 0.0004 -0.8315 0.5555
vn 0.0018 -0.1951 -0.9808
vn 0.0044 0.5556 -0.8315
vn 0.0068 0.8315 0.5556
vn 0.0045 0.5556 0.8315
vn -0.0044 -0.5555 0.8315
vn -0.0067 -0.8315 0.5555
vn -0.0079 -0.9807 0.1952
vn -0.0045 -0.5556 -0.8314
vn 0.0067 0.8315 -0.5555
vn 0.0079 0.9807 -0.1952
vn -0.0017 -0.1951 -0.9808
vn -0.9405 -0.1415 -0.3090
vn -0.9404 -0.1417 -0.3091
vn -0.9405 -0.1415 -0.3091
vn -0.9405 -0.1414 -0.3088
vn -0.9403 -0.1416 -0.3093
vn -0.9405 -0.1417 -0.3090
vn 0.9405 0.1416 0.3090
vn 0.9405 0.1415 0.3091
vn 0.9406 0.1415 0.3088
vn 0.9406 0.1414 0.3087
vn 0.9410 0.1414 0.3075
vn 0.9406 0.1414 0.3086
vn 0.9405 0.1416 0.3089
vn 0.8925 0.0875 0.4424
vn 0.8930 0.3907 0.2233
vn -0.0000 -1.0000 -0.0000
vn 0.2934 -0.7967 -0.5285
vn -0.4851 -0.7276 0.4851
vn -0.2055 0.9609 0.1854
vn -0.2933 0.7965 0.5286
vn 0.9701 -0.0000 0.2425
vn -0.0459 -0.8477 0.5284
vn 0.3514 -0.2101 0.9123
vn 0.3515 -0.2100 0.9123
vn 0.3521 -0.2105 0.9120
vn 0.3514 -0.2101 0.9124
vn 0.3516 -0.2100 0.9123
vn 0.3514 -0.2100 0.9123
vn -0.3514 0.2100 -0.9123
vn -0.3515 0.2100 -0.9123
vn -0.3513 0.2101 -0.9124
vn -0.3514 0.2101 -0.9123
vn -0.3514 0.2101 -0.9124
vn -0.3516 0.2101 -0.9123
vn -0.4082 -0.4082 -0.8165
vn -0.3375 0.8806 0.3327
vn 0.9362 0.0878 -0.3404
vn -0.0085 0.9738 0.2275
vn -0.3661 0.8660 0.3405
vn 0.3661 -0.8660 -0.3405
vn -0.3661 0.8660 0.3404
vn 0.0630 -0.0212 0.9978
vn 0.0629 -0.0211 0.9978
vn 0.0630 -0.0211 0.9978
vn 0.0632 -0.0213 0.9978
vn -0.0631 0.0211 -0.9978
vn -0.0630 0.0211 -0.9978
vn -0.0634 0.0211 -0.9978
vn -0.9867 -0.1513 0.0592
vn 0.6896 0.7236 -0.0283
vn 0.7900 0.6120 -0.0370
vn -0.7899 -0.6121 0.0370
vn 0.0238 0.2472 0.9687
vn 0.0236 0.2472 0.9687
vn 0.0238 0.2473 0.9687
vn 0.0237 0.2473 0.9687
vn 0.0235 0.2471 0.9687
vn 0.0950 -0.0492 -0.9943
vn 0.0954 -0.0487 -0.9942
vn 0.0952 -0.0491 -0.9942
vn 0.0951 -0.0491 -0.9943
vn -0.0238 -0.2472 -0.9687
vn -0.0237 -0.2473 -0.9686
vn -0.0239 -0.2472 -0.9687
vn -0.0237 -0.2473 -0.9687
vn -0.7067 0.6895 -0.1588
vn -0.9944 -0.0944 0.0485
vn 0.4760 -0.8548 0.2065
vn 0.9582 -0.2819 0.0485
vn -0.4760 0.8548 -0.2065
vn 0.9582 -0.2818 0.0485
vn 0.6300 0.7487 -0.2065
vn 0.9358 -0.0472 0.3493
vn 0.9358 -0.0470 0.3494
vn 0.9359 -0.0473 0.3492
vn 0.9359 -0.0471 0.3492
vn 0.9354 -0.0473 0.3503
vn 0.9359 -0.0471 0.3490
vn 0.3529 0.1256 -0.9272
vn -0.9359 0.0472 -0.3492
vn -0.9358 0.0472 -0.3492
vn -0.9359 0.0472 -0.3490
vn -0.9358 0.0471 -0.3493
vn -0.9359 0.0470 -0.3490
vn -0.9358 0.0472 -0.3494
vn -0.9359 0.0471 -0.3492
vn -0.9359 0.0472 -0.3491
vn 0.3180 0.5402 -0.7791
vn -0.3180 -0.5403 0.7791
vn 0.1519 -0.8402 -0.5205
vn 0.2620 -0.5695 -0.7791
vn 0.3518 0.1775 -0.9191
vn 0.9984 -0.0312 0.0468
vn 0.3520 0.1776 -0.9190
vn 0.2357 0.8207 -0.5205
vn -0.0186 0.9830 0.1828
vn -0.1519 0.8401 0.5206
vn -0.1174 -0.9761 0.1827
vn -0.8847 -0.2255 -0.4080
vn -0.8845 -0.2256 -0.4083
vn -0.8866 -0.2347 -0.3986
vn -0.9866 0.0405 -0.1579
vn -0.9674 0.2496 0.0439
vn -0.8616 -0.2561 -0.4383
vn -0.8850 -0.2253 -0.4075
vn 0.8664 0.4929 0.0803
vn 0.7071 -0.7071 -0.0055
vn 0.8664 0.4928 0.0803
vn 0.8516 0.5227 0.0394
vn 0.8716 0.4050 -0.2761
vn 0.8520 0.5223 -0.0354
vn -0.9673 0.2497 0.0439
vn 0.2332 0.8452 -0.4809
vn 0.1990 0.8556 -0.4778
vn 0.9674 -0.2496 -0.0440
vn 0.9673 -0.2498 -0.0439
vn -0.9673 0.2496 0.0439
vn 0.1581 0.4535 0.8771
vn -0.0000 0.8855 -0.4645
vn 0.1572 0.4534 0.8773
vn 0.1570 0.4536 0.8773
vn 0.1567 0.4535 0.8773
vn 0.1570 0.4535 0.8773
vn -0.1577 -0.4538 -0.8770
vn -0.1571 -0.4536 -0.8773
vn -0.1570 -0.4536 -0.8773
vn -0.1564 -0.4556 -0.8763
vn -0.1568 -0.4535 -0.8773
vn -0.1571 -0.4538 -0.8771
vn 0.1610 0.8647 -0.4758
vn -0.0967 0.8911 -0.4434
vn -0.3477 0.8568 -0.3807
vn -0.5751 0.7641 -0.2922
vn -0.7633 0.6193 -0.1837
vn -0.9829 -0.0152 0.1837
vn -0.8029 -0.4587 0.3808
vn -0.6267 -0.6409 0.4434
vn 0.0967 -0.8911 0.4434
vn 0.3477 -0.8568 0.3808
vn 0.9829 0.0152 -0.1837
vn 0.8029 0.4587 -0.3807
vn 0.6267 0.6409 -0.4434
vn 0.4077 0.7793 -0.4758
vn 0.6207 -0.0742 -0.7806
vn 0.7360 -0.2883 0.6126
vn -1.0000 -0.0000 -0.0000
vn -0.2704 -0.9547 -0.1243
vn -0.2704 -0.9547 -0.1244
vn -0.6207 0.0742 0.7806
vn 0.2704 0.9547 0.1243
vn 0.2705 0.9547 0.1243
vn 0.4042 -0.6468 -0.6468
vn 0.5022 0.4702 -0.7257
vn 0.5023 0.4701 -0.7257
vn 0.5028 0.4700 -0.7255
vn 0.5022 0.4701 -0.7258
vn 0.5022 0.4702 -0.7258
vn 0.5023 0.4701 -0.7258
vn 0.5020 0.4707 -0.7256
vn -0.5022 -0.4702 0.7258
vn -0.5022 -0.4702 0.7257
vn -0.5023 -0.4701 0.7257
vn -0.5024 -0.4702 0.7256
vn -0.8363 0.0509 -0.5458
vn -0.8647 0.2772 -0.4188
vn -0.8644 0.2788 -0.4185
vn -0.6084 0.7886 0.0898
vn 0.8363 -0.0509 0.5458
vn 0.8647 -0.2772 0.4188
vn 0.8341 -0.4847 0.2633
vn 0.7467 -0.6591 0.0899
vn 0.6084 -0.7885 -0.0898
vn -0.0044 -0.8379 -0.5458
vn -0.2279 -0.7376 -0.6356
vn -0.4361 -0.5870 -0.6821
vn -0.4360 -0.5870 -0.6822
vn 0.5113 0.0554 0.8576
vn 0.5111 0.0552 0.8577
vn 0.5112 0.0554 0.8577
vn -0.5114 -0.0553 -0.8576
vn 0.4286 0.2857 0.8571
vn -0.5113 -0.0552 -0.8576
vn -0.0000 0.0995 -0.9950
vn -0.9701 0.2425 -0.0000
vn -0.5112 -0.0554 -0.8577
vn -0.5122 -0.0552 -0.8571
vn -0.9976 -0.0401 0.0557
vn -0.5842 -0.0674 -0.8088
vn -0.6963 0.1741 0.6963
vn -0.9631 0.1204 -0.2408
vn -0.5113 -0.0556 -0.8576
vn 0.7466 0.4657 -0.4751
vn 0.6110 0.6784 -0.4080
vn -0.2181 0.9736 0.0672
vn -0.4257 0.8832 0.1968
vn -0.4258 0.8831 0.1969
vn -0.6045 0.7326 0.3130
vn -0.4257 0.8832 0.1970
vn -0.6045 0.7324 0.3133
vn -0.6043 0.7327 0.3130
vn -0.7615 0.5294 0.3739
vn -0.8290 0.2952 0.4751
vn -0.8594 0.0382 0.5098
vn -0.8313 -0.2212 0.5099
vn -0.7466 -0.4658 0.4751
vn -0.7522 -0.4661 0.4657
vn -0.7466 -0.4657 0.4751
vn -0.6110 -0.6785 0.4080
vn -0.6109 -0.6784 0.4081
vn -0.6111 -0.6784 0.4079
vn -0.2268 -0.9539 0.1967
vn 0.6045 -0.7325 -0.3131
vn 0.6188 -0.7307 -0.2885
vn 0.7420 -0.5321 -0.4079
vn 0.7562 -0.5302 -0.3834
vn 0.8289 -0.2952 -0.4751
vn 0.8594 -0.0382 -0.5098
vn -0.8669 -0.2926 0.4037
vn 0.3586 0.8098 0.4644
vn 0.0576 -0.8106 0.5827
vn 0.2056 -0.9463 0.2496
vn 0.1748 0.5323 0.8283
vn 0.0564 -0.7742 0.6304
vn 0.2277 -0.7889 0.5708
vn 0.9136 -0.3987 -0.0794
vn -0.1985 -0.8396 0.5056
vn -0.2734 -0.5088 -0.8163
vn -0.1975 -0.8395 0.5061
vn 0.8443 0.3334 -0.4194
vn -0.1461 -0.9293 -0.3392
vn 0.4317 0.8301 0.3530
vn -0.8075 0.3888 -0.4435
vn 0.1474 0.6951 -0.7037
vn 0.1475 0.6950 -0.7037
vn -0.1652 -0.4580 -0.8735
vn 0.9618 -0.2674 -0.0590
vn 0.9618 -0.2675 -0.0589
vn 0.9617 -0.2676 -0.0591
vn -0.1743 -0.5300 -0.8299
vn -0.1989 -0.8416 0.5021
vn 0.8401 0.5026 0.2038
vn 0.8401 0.5020 0.2053
vn -0.0376 0.4311 -0.9015
vn -0.0375 0.4312 -0.9015
vn -0.5411 0.7497 0.3810
vn -0.4423 -0.6077 -0.6595
vn -0.4426 -0.6081 -0.6591
vn -0.4448 -0.5994 -0.6655
vn 0.1270 -0.9888 0.0781
vn 0.0853 -0.9961 0.0210
vn 0.8725 -0.0743 -0.4829
vn 0.8709 -0.4648 0.1597
vn 0.4720 0.8815 -0.0112
vn 0.8126 -0.2027 -0.5464
vn -0.5646 -0.2688 -0.7804
vn 0.8128 -0.3622 -0.4562
vn 0.7974 -0.3762 -0.4719
vn -0.0372 0.5828 0.8118
vn 0.2755 0.8253 0.4929
vn 0.2754 0.8250 0.4935
vn 0.2757 0.8247 0.4938
vn 0.1908 0.9055 0.3789
vn 0.2754 0.8250 0.4934
vn 0.7589 -0.4645 0.4564
vn 0.7805 -0.3676 0.5057
vn 0.5470 -0.0454 -0.8359
vn 0.7412 -0.4722 0.4771
vn 0.7418 -0.4742 0.4742
vn 0.7413 -0.4741 0.4751
vn 0.7766 -0.3720 0.5085
vn 0.7354 -0.3638 0.5718
vn 0.7413 -0.4742 0.4750
vn -0.5470 0.0455 0.8359
vn 0.5518 -0.0664 -0.8313
vn 0.7438 -0.1431 -0.6529
vn 0.6073 -0.2528 0.7532
vn 0.6077 -0.2527 0.7529
vn 0.7746 -0.2885 0.5628
vn -0.5508 -0.8262 0.1185
vn -0.5467 -0.8300 0.1103
vn 0.7391 0.0422 0.6723
vn 0.7406 0.0415 0.6707
vn 0.7747 -0.2886 0.5627
vn -0.5622 -0.7417 -0.3657
vn 0.2020 0.7493 0.6307
vn -0.9589 0.2193 0.1800
vn -0.1718 -0.8621 0.4767
vn -0.2692 -0.8246 -0.4975
vn 0.8351 0.0575 -0.5472
vn -0.9667 0.2452 0.0730
vn -0.9689 0.2391 0.0634
vn 0.6554 0.5467 -0.5211
vn 0.1861 0.5519 0.8129
vn 0.4971 -0.8317 -0.2474
vn 0.6828 -0.4947 -0.5377
vn 0.2652 0.9492 -0.1694
vn 0.0041 0.2295 -0.9733
vn 0.3089 0.2848 -0.9075
vn 0.3178 0.2845 -0.9045
vn 0.3177 0.2845 -0.9045
vn -0.5646 -0.2677 -0.7808
vn 0.1987 0.9128 0.3570
vn 0.1986 0.9128 0.3569
vn 0.8746 -0.0743 -0.4791
vn -0.0434 0.7836 -0.6198
vn -0.5463 0.0452 0.8363
vn 0.7760 -0.2899 0.5601
vn 0.6076 -0.2528 0.7530
vn 0.7753 -0.2910 0.5605
vn 0.0427 0.4417 -0.8961
vn 0.0939 -0.8947 -0.4367
vn 0.0939 -0.8948 -0.4365
vn 0.4265 -0.9040 0.0307
vn -0.8059 0.5775 -0.1300
vn -0.8060 0.5776 -0.1297
vn -0.4416 -0.4465 0.7782
vn -0.8351 -0.0575 0.5472
vn 0.3538 -0.0608 0.9333
vn 0.1364 0.8269 -0.5456
vn 0.9701 -0.0000 -0.2425
vn 0.9097 -0.0948 -0.4043
vn 0.9957 0.0885 -0.0282
vn -0.9957 -0.0884 0.0282
vn 0.9957 0.0884 -0.0282
vn 0.9957 0.0888 -0.0282
vn -0.9957 -0.0887 0.0282
vn -0.9829 0.1843 -0.0000
vn 0.0067 0.8452 0.5345
vn -0.0000 -0.0000 1.0000
vn 0.2819 0.2585 0.9240
vn 0.8301 0.5534 -0.0692
vn 0.0924 -0.9765 0.1950
vn 0.0893 -0.8268 0.5553
vn -0.0581 0.8296 0.5554
vt 0.000000 0.000000
vt 0.937500 0.527397
vt 1.000000 0.609589
vt 1.000000 0.527397
vt 0.937500 0.890411
vt 1.000000 0.972603
vt 1.000000 0.890411
vt 0.937500 0.609589
vt 0.875000 0.527397
vt 0.875000 0.609589
vt 0.875000 0.890411
vt 0.937500 0.972603
vt 0.812500 0.609589
vt 0.812500 0.527397
vt 0.812500 0.972603
vt 0.812500 0.890411
vt 0.750000 0.609589
vt 0.750000 0.972603
vt 0.750000 0.890411
vt 0.687500 0.609589
vt 0.750000 0.527397
vt 0.687500 0.527397
vt 0.687500 0.890411
vt 0.625000 0.609589
vt 0.625000 0.527397
vt 0.625000 0.972603
vt 0.625000 0.890411
vt 0.562500 0.609589
vt 0.562500 0.527397
vt 0.562500 0.972603
vt 0.562500 0.890411
vt 0.500000 0.609589
vt 0.500000 0.527397
vt 0.500000 0.972603
vt 0.500000 0.890411
vt 0.437500 0.609589
vt 0.437500 0.527397
vt 0.437500 0.972603
vt 0.437500 0.890411
vt 0.375000 0.609589
vt 0.375000 0.527397
vt 0.375000 0.890411
vt 0.312500 0.527397
vt 0.312500 0.890411
vt 0.375000 0.972603
vt 0.250000 0.609589
vt 0.250000 0.527397
vt 0.250000 0.972603
vt 0.250000 0.890411
vt 0.187500 0.609589
vt 0.187500 0.527397
vt 0.187500 0.972603
vt 0.187500 0.890411
vt 0.125000 0.609589
vt 0.125000 0.527397
vt 0.125000 0.890411
vt 0.062500 0.609589
vt 0.062500 0.972603
vt 0.062500 0.890411
vt 0.000000 0.609589
vt 0.062500 0.527397
vt 0.000000 0.527397
vt 0.000000 0.890411
vt 0.875000 0.972603
vt 0.798803 0.609589
vt 0.687500 0.972603
vt 0.312500 0.609589
vt 0.312500 0.972603
vt 0.125000 0.972603
vt 0.000000 0.972603
s 0
f 96/1/1 798/1/1 331/1/1
f 331/1/2 798/1/2 1036/1/2
f 955/1/3 1077/1/3 1076/1/3
f 1039/1/3 1069/1/3 1098/1/3
f 955/1/4 1008/1/4 1039/1/4
f 460/1/5 458/1/5 456/1/5
f 851/1/6 861/1/6 1008/1/6
f 4/1/7 244/1/7 96/1/7
f 96/1/8 244/1/8 798/1/8
f 2/1/9 553/1/9 244/1/9
f 244/1/10 553/1/10 798/1/10
f 470/1/11 548/1/11 554/1/11
f 548/1/12 653/1/12 554/1/12
f 652/1/12 665/1/12 669/1/12
f 638/1/13 571/1/13 557/1/13
f 548/1/14 955/1/14 669/1/14
f 331/1/15 1036/1/15 1039/1/15
f 331/1/16 456/1/16 414/1/16
f 331/1/17 1039/1/17 456/1/17
f 115/1/18 113/1/18 114/1/18
f 327/1/18 330/1/18 799/1/18
f 330/1/19 796/1/19 799/1/19
f 793/1/20 799/1/20 797/1/20
f 1038/1/21 1072/1/21 1074/1/21
f 954/1/22 1089/1/22 1067/1/22
f 1006/1/23 1003/1/23 1007/1/23
f 956/1/24 1038/1/24 976/1/24
f 1038/1/25 434/1/25 858/1/25
f 433/1/25 455/1/25 848/1/25
f 858/1/26 856/1/26 859/1/26
f 1038/1/26 915/1/26 1007/1/26
f 3/1/27 5/1/27 142/1/27
f 17/1/27 150/1/27 205/1/27
f 88/1/28 239/1/28 208/1/28
f 243/1/27 91/1/27 114/1/27
f 114/1/29 799/1/29 243/1/29
f 1/1/30 243/1/30 552/1/30
f 243/1/31 799/1/31 552/1/31
f 469/1/32 479/1/32 547/1/32
f 551/1/32 550/1/32 532/1/32
f 547/1/33 662/1/33 668/1/33
f 651/1/33 668/1/33 667/1/33
f 620/1/34 608/1/34 567/1/34
f 547/1/35 668/1/35 954/1/35
f 330/1/36 1038/1/36 1035/1/36
f 330/1/37 369/1/37 455/1/37
f 412/1/37 413/1/37 455/1/37
f 330/1/38 454/1/38 1038/1/38
f 114/1/39 331/1/39 330/1/39
f 1035/1/40 798/1/40 799/1/40
f 1038/1/41 669/1/41 1039/1/41
f 1008/1/42 954/1/42 1007/1/42
f 455/1/43 851/1/43 848/1/43
f 1007/1/44 851/1/44 1008/1/44
f 4/1/45 243/1/45 244/1/45
f 114/1/46 4/1/46 96/1/46
f 243/1/47 2/1/47 244/1/47
f 2/1/48 552/1/48 553/1/48
f 799/1/49 553/1/49 552/1/49
f 551/1/50 470/1/50 554/1/50
f 470/1/51 547/1/51 548/1/51
f 668/1/52 554/1/52 669/1/52
f 548/1/53 954/1/53 955/1/53
f 1039/1/54 1035/1/54 1038/1/54
f 330/1/55 414/1/55 413/1/55
f 455/1/56 414/1/56 456/1/56
f 340/1/57 377/1/57 394/1/57
f 404/1/57 377/1/57 405/1/57
f 359/1/57 360/1/57 370/1/57
f 367/1/58 372/1/58 371/1/58
f 374/1/59 376/1/59 375/1/59
f 374/1/60 411/1/60 377/1/60
f 370/1/61 339/1/61 340/1/61
f 366/1/62 369/1/62 370/1/62
f 339/1/63 364/1/63 363/1/63
f 374/1/64 390/1/64 387/1/64
f 345/1/64 367/1/64 371/1/64
f 411/1/62 415/1/62 370/1/62
f 366/1/62 370/1/62 415/1/62
f 367/1/65 369/1/65 368/1/65
f 371/1/66 412/1/66 411/1/66
f 332/1/67 339/1/67 337/1/67
f 340/1/68 376/1/68 377/1/68
f 339/1/67 374/1/67 375/1/67
f 339/1/67 373/1/67 337/1/67
f 332/1/69 340/1/69 339/1/69
f 337/1/70 373/1/70 376/1/70
f 337/1/70 376/1/70 338/1/70
f 332/1/71 337/1/71 338/1/71
f 373/1/70 375/1/70 376/1/70
f 361/1/72 364/1/72 362/1/72
f 344/1/73 361/1/73 360/1/73
f 359/1/74 344/1/74 360/1/74
f 336/1/75 358/1/75 335/1/75
f 334/1/76 358/1/76 357/1/76
f 333/1/77 357/1/77 346/1/77
f 341/1/78 346/1/78 349/1/78
f 342/1/79 349/1/79 347/1/79
f 348/1/80 342/1/80 347/1/80
f 352/1/81 343/1/81 348/1/81
f 353/1/82 281/1/82 352/1/82
f 283/1/83 353/1/83 355/1/83
f 283/1/84 354/1/84 284/1/84
f 284/1/85 356/1/85 345/1/85
f 351/1/86 345/1/86 356/1/86
f 350/1/87 365/1/87 351/1/87
f 384/1/72 410/1/72 409/1/72
f 385/1/88 409/1/88 398/1/88
f 383/1/74 398/1/74 397/1/74
f 383/1/75 396/1/75 380/1/75
f 379/1/89 396/1/89 395/1/89
f 378/1/77 395/1/77 394/1/77
f 400/1/90 378/1/90 394/1/90
f 399/1/79 381/1/79 400/1/79
f 401/1/91 382/1/91 399/1/91
f 389/1/92 402/1/92 403/1/92
f 404/1/93 390/1/93 403/1/93
f 387/1/83 405/1/83 388/1/83
f 388/1/94 406/1/94 393/1/94
f 393/1/85 408/1/85 391/1/85
f 407/1/86 391/1/86 408/1/86
f 386/1/87 407/1/87 410/1/87
f 71/1/95 90/1/95 72/1/95
f 25/1/95 9/1/95 90/1/95
f 22/1/95 21/1/95 13/1/95
f 10/1/96 90/1/96 9/1/96
f 12/1/97 88/1/97 17/1/97
f 88/1/97 93/1/97 91/1/97
f 14/1/98 76/1/98 15/1/98
f 13/1/99 12/1/99 9/1/99
f 85/1/100 87/1/100 93/1/100
f 16/1/100 32/1/100 33/1/100
f 62/1/100 16/1/100 87/1/100
f 75/1/101 87/1/101 77/1/101
f 89/1/102 93/1/102 90/1/102
f 11/1/97 12/1/97 17/1/97
f 75/1/98 76/1/98 73/1/98
f 76/1/103 77/1/103 87/1/103
f 14/1/104 16/1/104 13/1/104
f 15/1/103 87/1/103 16/1/103
f 15/1/105 76/1/105 87/1/105
f 73/1/106 74/1/106 75/1/106
f 14/1/107 74/1/107 73/1/107
f 13/1/108 74/1/108 14/1/108
f 74/1/109 93/1/109 87/1/109
f 10/1/110 12/1/110 11/1/110
f 81/1/111 68/1/111 82/1/111
f 80/1/112 67/1/112 81/1/112
f 65/1/113 80/1/113 79/1/113
f 64/1/114 79/1/114 78/1/114
f 57/1/115 64/1/115 78/1/115
f 52/1/116 57/1/116 59/1/116
f 51/1/117 59/1/117 58/1/117
f 53/1/118 58/1/118 60/1/118
f 54/1/119 60/1/119 61/1/119
f 55/1/120 61/1/120 62/1/120
f 55/1/121 63/1/121 56/1/121
f 56/1/122 83/1/122 69/1/122
f 72/1/123 83/1/123 86/1/123
f 71/1/124 86/1/124 85/1/124
f 84/1/125 71/1/125 85/1/125
f 82/1/126 70/1/126 84/1/126
f 37/1/111 27/1/111 38/1/111
f 36/1/112 26/1/112 37/1/112
f 24/1/127 36/1/127 35/1/127
f 23/1/114 35/1/114 34/1/114
f 33/1/115 23/1/115 34/1/115
f 21/1/116 33/1/116 32/1/116
f 21/1/117 29/1/117 18/1/117
f 18/1/128 30/1/128 19/1/128
f 20/1/119 30/1/119 31/1/119
f 40/1/129 31/1/129 45/1/129
f 41/1/121 45/1/121 46/1/121
f 41/1/130 48/1/130 43/1/130
f 43/1/131 47/1/131 42/1/131
f 44/1/132 47/1/132 49/1/132
f 28/1/125 49/1/125 39/1/125
f 27/1/126 39/1/126 38/1/126
f 306/1/133 106/1/133 329/1/133
f 318/1/133 329/1/133 320/1/133
f 109/1/133 110/1/133 117/1/133
f 112/1/134 113/1/134 115/1/134
f 322/1/135 321/1/135 323/1/135
f 112/1/135 116/1/135 321/1/135
f 325/1/136 326/1/136 327/1/136
f 140/1/136 326/1/136 325/1/136
f 294/1/137 298/1/137 297/1/137
f 97/1/138 117/1/138 112/1/138
f 326/1/139 328/1/139 322/1/139
f 97/1/140 102/1/140 106/1/140
f 112/1/135 115/1/135 116/1/135
f 323/1/141 324/1/141 326/1/141
f 140/1/136 117/1/136 326/1/136
f 112/1/142 104/1/142 103/1/142
f 124/1/142 112/1/142 322/1/142
f 302/1/142 322/1/142 328/1/142
f 294/1/143 328/1/143 296/1/143
f 97/1/143 328/1/143 294/1/143
f 97/1/143 99/1/143 98/1/143
f 296/1/144 329/1/144 298/1/144
f 97/1/145 294/1/145 99/1/145
f 297/1/146 298/1/146 329/1/146
f 102/1/147 329/1/147 106/1/147
f 102/1/147 297/1/147 329/1/147
f 102/1/137 294/1/137 297/1/137
f 99/1/137 294/1/137 102/1/137
f 98/1/137 99/1/137 102/1/137
f 134/1/148 124/1/148 135/1/148
f 111/1/149 123/1/149 134/1/149
f 110/1/150 105/1/150 111/1/150
f 109/1/151 104/1/151 110/1/151
f 107/1/152 103/1/152 109/1/152
f 108/1/153 100/1/153 107/1/153
f 101/1/154 129/1/154 118/1/154
f 118/1/155 130/1/155 119/1/155
f 119/1/156 131/1/156 120/1/156
f 121/1/157 131/1/157 132/1/157
f 122/1/158 132/1/158 133/1/158
f 127/1/159 133/1/159 137/1/159
f 126/1/160 137/1/160 138/1/160
f 128/1/161 138/1/161 139/1/161
f 125/1/162 139/1/162 136/1/162
f 124/1/163 136/1/163 135/1/163
f 292/1/148 313/1/148 312/1/148
f 291/1/149 312/1/149 311/1/149
f 310/1/150 291/1/150 311/1/150
f 289/1/164 310/1/164 309/1/164
f 288/1/165 309/1/165 308/1/165
f 307/1/153 288/1/153 308/1/153
f 287/1/154 305/1/154 285/1/154
f 285/1/155 306/1/155 286/1/155
f 295/1/156 306/1/156 314/1/156
f 299/1/157 314/1/157 315/1/157
f 300/1/158 315/1/158 316/1/158
f 301/1/166 316/1/166 317/1/166
f 318/1/167 301/1/167 317/1/167
f 304/1/161 318/1/161 320/1/161
f 303/1/162 320/1/162 319/1/162
f 313/1/163 303/1/163 319/1/163
f 689/1/168 686/1/168 695/1/168
f 1019/1/169 1018/1/169 1032/1/169
f 676/1/170 679/1/170 681/1/170
f 741/1/171 727/1/171 742/1/171
f 730/1/172 719/1/172 722/1/172
f 698/1/173 796/1/173 795/1/173
f 794/1/174 1034/1/174 1033/1/174
f 794/1/175 793/1/175 1034/1/175
f 690/1/176 1016/1/176 1017/1/176
f 686/1/177 698/1/177 694/1/177
f 1016/1/178 1037/1/178 1021/1/178
f 702/1/179 699/1/179 698/1/179
f 763/1/179 766/1/179 764/1/179
f 753/1/180 754/1/180 792/1/180
f 756/1/179 759/1/179 752/1/179
f 781/1/181 787/1/181 789/1/181
f 797/1/182 1037/1/182 1034/1/182
f 800/1/175 795/1/175 796/1/175
f 795/1/183 1033/1/183 1032/1/183
f 1016/1/184 1021/1/184 1020/1/184
f 693/1/185 1020/1/185 1021/1/185
f 686/1/186 690/1/186 693/1/186
f 690/1/187 692/1/187 693/1/187
f 691/1/185 693/1/185 692/1/185
f 691/1/185 1020/1/185 693/1/185
f 1016/1/188 1020/1/188 1017/1/188
f 1034/1/189 1032/1/189 1033/1/189
f 690/1/190 1020/1/190 691/1/190
f 690/1/190 1017/1/190 1020/1/190
f 690/1/191 691/1/191 692/1/191
f 782/1/192 717/1/192 783/1/192
f 701/1/193 697/1/193 782/1/193
f 700/1/194 696/1/194 701/1/194
f 689/1/195 700/1/195 699/1/195
f 702/1/196 689/1/196 699/1/196
f 687/1/197 702/1/197 713/1/197
f 714/1/198 687/1/198 713/1/198
f 715/1/199 709/1/199 714/1/199
f 711/1/200 715/1/200 716/1/200
f 711/1/201 712/1/201 703/1/201
f 704/1/202 712/1/202 778/1/202
f 705/1/203 778/1/203 779/1/203
f 781/1/204 705/1/204 779/1/204
f 720/1/205 781/1/205 780/1/205
f 718/1/206 780/1/206 784/1/206
f 783/1/207 718/1/207 784/1/207
f 737/1/192 733/1/192 739/1/192
f 724/1/193 737/1/193 736/1/193
f 723/1/194 736/1/194 735/1/194
f 721/1/208 735/1/208 788/1/208
f 721/1/209 789/1/209 730/1/209
f 785/1/197 730/1/197 787/1/197
f 786/1/198 729/1/198 785/1/198
f 790/1/210 706/1/210 786/1/210
f 707/1/200 791/1/200 708/1/200
f 708/1/201 792/1/201 731/1/201
f 725/1/211 792/1/211 751/1/211
f 725/1/203 752/1/203 726/1/203
f 727/1/204 752/1/204 759/1/204
f 738/1/205 727/1/205 759/1/205
f 740/1/206 728/1/206 738/1/206
f 733/1/212 740/1/212 739/1/212
f 672/1/192 773/1/192 772/1/192
f 670/1/193 772/1/193 755/1/193
f 760/1/213 670/1/213 755/1/213
f 757/1/195 748/1/195 760/1/195
f 742/1/196 757/1/196 756/1/196
f 761/1/197 741/1/197 756/1/197
f 745/1/198 761/1/198 754/1/198
f 753/1/214 745/1/214 754/1/214
f 744/1/200 753/1/200 762/1/200
f 744/1/201 769/1/201 749/1/201
f 749/1/211 770/1/211 750/1/211
f 763/1/203 750/1/203 770/1/203
f 676/1/204 763/1/204 764/1/204
f 765/1/205 676/1/205 764/1/205
f 774/1/206 675/1/206 765/1/206
f 773/1/212 673/1/212 774/1/212
f 771/1/192 1018/1/192 1027/1/192
f 683/1/193 771/1/193 777/1/193
f 684/1/213 777/1/213 776/1/213
f 775/1/208 684/1/208 776/1/208
f 680/1/209 775/1/209 766/1/209
f 681/1/197 766/1/197 767/1/197
f 674/1/198 767/1/198 1023/1/198
f 1024/1/199 674/1/199 1023/1/199
f 1010/1/200 1024/1/200 1022/1/200
f 1013/1/201 1022/1/201 1025/1/201
f 1026/1/211 1013/1/211 1025/1/211
f 1029/1/215 1014/1/215 1026/1/215
f 1015/1/216 1031/1/216 1012/1/216
f 1011/1/205 1031/1/205 1030/1/205
f 1028/1/206 1011/1/206 1030/1/206
f 1027/1/217 1019/1/217 1028/1/217
f 1002/1/218 875/1/218 1004/1/218
f 872/1/219 876/1/219 873/1/219
f 916/1/220 918/1/220 917/1/220
f 958/1/221 1004/1/221 999/1/221
f 987/1/221 993/1/221 1004/1/221
f 947/1/221 951/1/221 950/1/221
f 948/1/222 947/1/222 916/1/222
f 876/1/223 916/1/223 917/1/223
f 873/1/224 876/1/224 917/1/224
f 872/1/225 873/1/225 874/1/225
f 873/1/225 917/1/225 874/1/225
f 874/1/225 917/1/225 918/1/225
f 929/1/226 930/1/226 948/1/226
f 919/1/226 916/1/226 876/1/226
f 989/1/226 876/1/226 990/1/226
f 956/1/227 1005/1/227 1004/1/227
f 872/1/228 875/1/228 876/1/228
f 1006/1/229 1002/1/229 1003/1/229
f 948/1/230 949/1/230 957/1/230
f 1002/1/231 1005/1/231 1003/1/231
f 956/1/232 948/1/232 957/1/232
f 948/1/230 1006/1/230 949/1/230
f 918/1/233 875/1/233 874/1/233
f 924/1/234 941/1/234 940/1/234
f 940/1/235 923/1/235 924/1/235
f 923/1/236 938/1/236 919/1/236
f 942/1/237 919/1/237 938/1/237
f 931/1/238 921/1/238 942/1/238
f 922/1/239 931/1/239 932/1/239
f 933/1/240 922/1/240 932/1/240
f 930/1/241 933/1/241 950/1/241
f 930/1/242 951/1/242 937/1/242
f 934/1/243 951/1/243 952/1/243
f 936/1/244 952/1/244 953/1/244
f 935/1/245 953/1/245 946/1/245
f 945/1/246 935/1/246 946/1/246
f 927/1/247 945/1/247 944/1/247
f 943/1/248 927/1/248 944/1/248
f 925/1/249 943/1/249 941/1/249
f 984/1/234 982/1/234 986/1/234
f 980/1/250 984/1/250 983/1/250
f 980/1/236 985/1/236 978/1/236
f 977/1/237 978/1/237 985/1/237
f 969/1/238 977/1/238 991/1/238
f 992/1/251 969/1/251 991/1/251
f 971/1/252 992/1/252 995/1/252
f 972/1/241 995/1/241 996/1/241
f 997/1/242 972/1/242 996/1/242
f 974/1/243 997/1/243 1000/1/243
f 975/1/244 1000/1/244 999/1/244
f 999/1/245 1001/1/245 975/1/245
f 998/1/246 990/1/246 1001/1/246
f 993/1/247 990/1/247 994/1/247
f 993/1/248 988/1/248 989/1/248
f 982/1/249 987/1/249 986/1/249
f 484/1/253 482/1/253 466/1/253
f 541/1/254 489/1/254 549/1/254
f 544/1/254 545/1/254 549/1/254
f 466/1/255 529/1/255 467/1/255
f 465/1/256 467/1/256 521/1/256
f 465/1/257 521/1/257 520/1/257
f 464/1/257 465/1/257 520/1/257
f 520/1/258 549/1/258 539/1/258
f 464/1/259 520/1/259 515/1/259
f 519/1/259 518/1/259 539/1/259
f 473/1/260 474/1/260 464/1/260
f 467/1/256 529/1/256 521/1/256
f 521/1/256 529/1/256 528/1/256
f 520/1/261 521/1/261 528/1/261
f 465/1/262 466/1/262 467/1/262
f 464/1/263 489/1/263 466/1/263
f 478/1/264 480/1/264 479/1/264
f 539/1/265 550/1/265 546/1/265
f 531/1/264 539/1/264 546/1/264
f 478/1/264 531/1/264 480/1/264
f 528/1/266 530/1/266 520/1/266
f 489/1/267 490/1/267 491/1/267
f 489/1/267 491/1/267 532/1/267
f 549/1/267 532/1/267 550/1/267
f 478/1/268 490/1/268 489/1/268
f 463/1/269 494/1/269 468/1/269
f 483/1/270 463/1/270 468/1/270
f 481/1/271 462/1/271 483/1/271
f 471/1/272 482/1/272 472/1/272
f 473/1/273 482/1/273 484/1/273
f 473/1/274 485/1/274 474/1/274
f 474/1/275 486/1/275 475/1/275
f 476/1/276 486/1/276 487/1/276
f 477/1/277 487/1/277 488/1/277
f 477/1/278 509/1/278 499/1/278
f 498/1/279 509/1/279 508/1/279
f 507/1/280 498/1/280 508/1/280
f 496/1/281 507/1/281 506/1/281
f 505/1/282 496/1/282 506/1/282
f 493/1/283 505/1/283 504/1/283
f 494/1/284 493/1/284 504/1/284
f 513/1/269 524/1/269 523/1/269
f 514/1/270 523/1/270 522/1/270
f 510/1/271 514/1/271 522/1/271
f 500/1/272 511/1/272 501/1/272
f 501/1/273 512/1/273 502/1/273
f 503/1/274 512/1/274 533/1/274
f 534/1/275 533/1/275 540/1/275
f 534/1/276 541/1/276 535/1/276
f 536/1/277 541/1/277 542/1/277
f 536/1/278 545/1/278 538/1/278
f 538/1/285 544/1/285 537/1/285
f 543/1/280 537/1/280 544/1/280
f 518/1/281 543/1/281 527/1/281
f 526/1/282 518/1/282 527/1/282
f 525/1/283 517/1/283 526/1/283
f 515/1/284 525/1/284 524/1/284
f 826/1/286 803/1/286 871/1/286
f 871/1/286 905/1/286 900/1/286
f 830/1/286 831/1/286 866/1/286
f 909/1/287 857/1/287 915/1/287
f 801/1/288 804/1/288 803/1/288
f 801/1/289 865/1/289 844/1/289
f 847/1/289 857/1/289 855/1/289
f 843/1/290 864/1/290 910/1/290
f 869/1/291 914/1/291 871/1/291
f 841/1/292 910/1/292 911/1/292
f 841/1/290 913/1/290 912/1/290
f 814/1/293 801/1/293 845/1/293
f 869/1/294 891/1/294 892/1/294
f 817/1/293 846/1/293 912/1/293
f 912/1/295 915/1/295 914/1/295
f 853/1/296 857/1/296 864/1/296
f 870/1/297 869/1/297 871/1/297
f 801/1/298 869/1/298 867/1/298
f 805/1/298 801/1/298 867/1/298
f 803/1/299 870/1/299 871/1/299
f 867/1/298 869/1/298 868/1/298
f 802/1/300 805/1/300 804/1/300
f 804/1/300 805/1/300 867/1/300
f 804/1/300 867/1/300 870/1/300
f 867/1/300 868/1/300 870/1/300
f 813/1/301 828/1/301 811/1/301
f 811/1/302 833/1/302 812/1/302
f 818/1/303 833/1/303 834/1/303
f 819/1/304 834/1/304 836/1/304
f 821/1/305 836/1/305 835/1/305
f 820/1/306 835/1/306 837/1/306
f 817/1/307 837/1/307 832/1/307
f 831/1/308 817/1/308 832/1/308
f 815/1/309 831/1/309 830/1/309
f 814/1/310 830/1/310 829/1/310
f 809/1/311 829/1/311 824/1/311
f 823/1/312 809/1/312 824/1/312
f 807/1/313 823/1/313 822/1/313
f 825/1/314 807/1/314 822/1/314
f 810/1/315 825/1/315 826/1/315
f 810/1/316 827/1/316 813/1/316
f 883/1/301 898/1/301 899/1/301
f 883/1/302 900/1/302 884/1/302
f 900/1/303 890/1/303 884/1/303
f 906/1/317 890/1/317 905/1/317
f 892/1/305 906/1/305 907/1/305
f 908/1/306 892/1/306 907/1/306
f 904/1/307 889/1/307 908/1/307
f 887/1/308 904/1/308 903/1/308
f 902/1/309 887/1/309 903/1/309
f 885/1/310 902/1/310 901/1/310
f 896/1/311 885/1/311 901/1/311
f 895/1/318 879/1/318 896/1/318
f 894/1/319 878/1/319 895/1/319
f 893/1/320 880/1/320 894/1/320
f 877/1/315 897/1/315 881/1/315
f 882/1/316 897/1/316 898/1/316
f 461/1/321 862/1/321 860/1/321
f 838/1/322 844/1/322 452/1/322
f 276/1/323 445/1/323 275/1/323
f 249/1/324 250/1/324 866/1/324
f 839/1/325 841/1/325 840/1/325
f 863/1/324 862/1/324 461/1/324
f 440/1/323 434/1/323 454/1/323
f 459/1/323 461/1/323 460/1/323
f 852/1/326 849/1/326 856/1/326
f 854/1/326 862/1/326 861/1/326
f 425/1/327 457/1/327 433/1/327
f 254/1/327 255/1/327 849/1/327
f 421/1/327 272/1/327 260/1/327
f 452/1/328 451/1/328 457/1/328
f 458/1/328 460/1/328 461/1/328
f 440/1/329 426/1/329 441/1/329
f 439/1/330 425/1/330 440/1/330
f 416/1/331 439/1/331 437/1/331
f 420/1/332 437/1/332 438/1/332
f 436/1/333 420/1/333 438/1/333
f 435/1/334 418/1/334 436/1/334
f 417/1/335 444/1/335 419/1/335
f 421/1/336 444/1/336 445/1/336
f 446/1/337 421/1/337 445/1/337
f 447/1/338 422/1/338 446/1/338
f 423/1/339 448/1/339 430/1/339
f 450/1/340 430/1/340 448/1/340
f 449/1/341 431/1/341 450/1/341
f 442/1/342 432/1/342 449/1/342
f 428/1/343 442/1/343 443/1/343
f 441/1/344 428/1/344 443/1/344
f 260/1/329 273/1/329 275/1/329
f 253/1/330 259/1/330 274/1/330
f 248/1/331 253/1/331 252/1/331
f 247/1/332 252/1/332 251/1/332
f 250/1/333 247/1/333 251/1/333
f 249/1/334 246/1/334 250/1/334
f 254/1/345 249/1/345 266/1/345
f 255/1/336 266/1/336 267/1/336
f 255/1/337 268/1/337 257/1/337
f 256/1/346 268/1/346 269/1/346
f 265/1/347 269/1/347 270/1/347
f 271/1/340 265/1/340 270/1/340
f 264/1/341 271/1/341 280/1/341
f 263/1/342 280/1/342 279/1/342
f 278/1/343 263/1/343 279/1/343
f 277/1/344 262/1/344 278/1/344
f 212/1/348 215/1/348 213/1/348
f 92/1/349 94/1/349 95/1/349
f 212/1/7 95/1/7 94/1/7
f 212/1/350 236/1/350 209/1/350
f 238/1/351 213/1/351 224/1/351
f 95/1/352 213/1/352 238/1/352
f 207/1/353 208/1/353 228/1/353
f 236/1/354 239/1/354 240/1/354
f 142/1/354 218/1/354 211/1/354
f 221/1/355 223/1/355 222/1/355
f 209/1/356 236/1/356 240/1/356
f 147/1/357 150/1/357 151/1/357
f 227/1/356 230/1/356 234/1/356
f 224/1/358 232/1/358 226/1/358
f 222/1/359 234/1/359 225/1/359
f 210/1/357 240/1/357 239/1/357
f 231/1/360 242/1/360 235/1/360
f 143/1/361 217/1/361 214/1/361
f 143/1/362 219/1/362 218/1/362
f 220/1/363 223/1/363 221/1/363
f 226/1/364 242/1/364 241/1/364
f 148/1/357 146/1/357 151/1/357
f 148/1/365 149/1/365 217/1/365
f 230/1/356 235/1/356 234/1/356
f 216/1/366 217/1/366 223/1/366
f 232/1/367 233/1/367 235/1/367
f 182/1/360 181/1/360 6/1/360
f 198/1/360 197/1/360 206/1/360
f 5/1/361 171/1/361 178/1/361
f 167/1/361 166/1/361 201/1/361
f 6/1/357 7/1/357 5/1/357
f 7/1/356 206/1/356 201/1/356
f 205/1/366 201/1/366 206/1/366
f 178/1/368 183/1/368 179/1/368
f 179/1/369 186/1/369 180/1/369
f 187/1/370 180/1/370 186/1/370
f 184/1/371 188/1/371 185/1/371
f 196/1/372 185/1/372 188/1/372
f 161/1/373 196/1/373 195/1/373
f 161/1/374 203/1/374 160/1/374
f 160/1/375 204/1/375 197/1/375
f 168/1/376 197/1/376 198/1/376
f 167/1/377 198/1/377 194/1/377
f 166/1/378 194/1/378 200/1/378
f 166/1/379 199/1/379 165/1/379
f 164/1/380 199/1/380 191/1/380
f 163/1/381 191/1/381 190/1/381
f 193/1/382 163/1/382 190/1/382
f 162/1/383 192/1/383 156/1/383
f 176/1/384 156/1/384 192/1/384
f 155/1/385 176/1/385 175/1/385
f 155/1/386 177/1/386 154/1/386
f 174/1/387 154/1/387 177/1/387
f 169/1/388 173/1/388 170/1/388
f 172/1/389 173/1/389 181/1/389
f 171/1/390 181/1/390 182/1/390
f 171/1/391 189/1/391 178/1/391
f 654/1/392 663/1/392 664/1/392
f 650/1/393 659/1/393 662/1/393
f 651/1/394 658/1/394 645/1/394
f 654/1/395 665/1/395 652/1/395
f 661/1/396 662/1/396 659/1/396
f 663/1/396 665/1/396 664/1/396
f 643/1/397 659/1/397 647/1/397
f 649/1/398 647/1/398 650/1/398
f 652/1/399 653/1/399 654/1/399
f 655/1/400 646/1/400 666/1/400
f 646/1/395 658/1/395 666/1/395
f 657/1/401 658/1/401 660/1/401
f 643/1/397 655/1/397 656/1/397
f 646/1/399 643/1/399 648/1/399
f 1087/1/402 1085/1/402 1089/1/402
f 1100/1/403 1077/1/403 1099/1/403
f 1076/1/403 1077/1/403 1079/1/403
f 1087/1/404 1089/1/404 1088/1/404
f 964/1/403 966/1/403 960/1/403
f 1098/1/403 1100/1/403 1099/1/403
f 1040/1/405 1048/1/405 959/1/405
f 1063/1/405 1073/1/405 1065/1/405
f 1079/1/406 1069/1/406 1078/1/406
f 1067/1/407 1048/1/407 1068/1/407
f 1069/1/407 1100/1/407 1098/1/407
f 966/1/408 1048/1/408 960/1/408
f 959/1/409 1075/1/409 1074/1/409
f 1076/1/409 1079/1/409 1078/1/409
f 1090/1/410 1065/1/410 1086/1/410
f 1090/1/411 1097/1/411 1063/1/411
f 1095/1/412 1096/1/412 1097/1/412
f 1096/1/413 1093/1/413 1092/1/413
f 1071/1/414 1091/1/414 1070/1/414
f 1070/1/415 1082/1/415 1047/1/415
f 1081/1/416 1047/1/416 1082/1/416
f 1080/1/417 1046/1/417 1081/1/417
f 1045/1/418 968/1/418 1044/1/418
f 968/1/419 1043/1/419 1044/1/419
f 1042/1/420 967/1/420 965/1/420
f 1042/1/421 964/1/421 1041/1/421
f 1041/1/422 962/1/422 1040/1/422
f 962/1/423 1051/1/423 1040/1/423
f 1051/1/424 961/1/424 1049/1/424
f 961/1/425 1050/1/425 1049/1/425
f 1052/1/426 1054/1/426 1055/1/426
f 1052/1/427 1056/1/427 1053/1/427
f 1053/1/428 1057/1/428 1059/1/428
f 1057/1/429 1060/1/429 1059/1/429
f 1060/1/430 1083/1/430 1061/1/430
f 1062/1/431 1083/1/431 1084/1/431
f 1064/1/432 1084/1/432 1087/1/432
f 1087/1/433 1086/1/433 1065/1/433
f 636/1/434 640/1/434 635/1/434
f 641/1/435 638/1/435 639/1/435
f 560/1/435 592/1/435 593/1/435
f 564/1/435 638/1/435 563/1/435
f 556/1/436 557/1/436 558/1/436
f 574/1/437 572/1/437 573/1/437
f 559/1/438 576/1/438 575/1/438
f 566/1/437 619/1/437 617/1/437
f 571/1/436 574/1/436 557/1/436
f 574/1/439 564/1/439 558/1/439
f 573/1/440 639/1/440 574/1/440
f 597/1/440 640/1/440 569/1/440
f 597/1/441 560/1/441 598/1/441
f 564/1/442 556/1/442 558/1/442
f 559/1/442 562/1/442 560/1/442
f 577/1/443 593/1/443 592/1/443
f 592/1/443 576/1/443 577/1/443
f 591/1/444 583/1/444 575/1/444
f 629/1/445 583/1/445 628/1/445
f 629/1/446 585/1/446 584/1/446
f 630/1/447 586/1/447 585/1/447
f 631/1/448 613/1/448 599/1/448
f 599/1/449 612/1/449 600/1/449
f 611/1/450 601/1/450 602/1/450
f 605/1/451 610/1/451 603/1/451
f 608/1/452 606/1/452 610/1/452
f 608/1/453 565/1/453 607/1/453
f 620/1/454 622/1/454 619/1/454
f 618/1/455 624/1/455 623/1/455
f 616/1/456 623/1/456 625/1/456
f 615/1/457 626/1/457 614/1/457
f 614/1/458 637/1/458 636/1/458
f 635/1/459 589/1/459 636/1/459
f 633/1/460 590/1/460 635/1/460
f 633/1/461 587/1/461 588/1/461
f 634/1/462 582/1/462 578/1/462
f 581/1/463 596/1/463 580/1/463
f 580/1/464 594/1/464 579/1/464
f 594/1/465 577/1/465 579/1/465
f 1102/1/466 1104/1/466 1101/1/466
f 1105/1/467 1107/1/467 1106/1/467
f 1101/1/468 1106/1/468 1102/1/468
f 1102/1/469 1107/1/469 1103/1/469
f 1107/1/470 1104/1/470 1103/1/470
f 1104/1/471 1105/1/471 1101/1/471
f 1111/1/468 1110/1/468 1109/1/468
f 1114/1/470 1112/1/470 1113/1/470
f 1109/1/472 1114/1/472 1111/1/472
f 1110/1/466 1114/1/466 1113/1/466
f 1109/1/473 1113/1/473 1112/1/473
f 1124/1/474 1123/1/474 1119/1/474
f 1116/1/475 1117/1/475 1125/1/475
f 1117/1/476 1116/1/476 1115/1/476
f 1124/1/477 1117/1/477 1115/1/477
f 1119/1/478 1117/1/478 1124/1/478
f 1115/1/479 1127/1/479 1126/1/479
f 1126/1/480 1128/1/480 1115/1/480
f 1127/1/481 1121/1/481 1131/1/481
f 1123/1/10 1121/1/10 1125/1/10
f 1121/1/10 1116/1/10 1125/1/10
f 1135/1/482 1124/1/482 1128/1/482
f 1118/1/349 1120/1/349 1124/1/349
f 1120/1/483 1121/1/483 1123/1/483
f 1120/1/484 1118/1/484 1121/1/484
f 1117/1/485 1123/1/485 1125/1/485
f 1130/1/486 1122/1/486 1136/1/486
f 1136/1/487 1127/1/487 1134/1/487
f 1122/1/488 1126/1/488 1127/1/488
f 1132/1/489 1135/1/489 1131/1/489
f 1135/1/490 1137/1/490 1134/1/490
f 1138/1/491 1142/1/491 1143/1/491
f 1138/1/492 1143/1/492 1141/1/492
f 1138/1/493 1141/1/493 1147/1/493
f 1138/1/494 1147/1/494 1139/1/494
f 1138/1/495 1139/1/495 1142/1/495
f 1142/1/496 1144/1/496 1143/1/496
f 1139/1/497 1140/1/497 1142/1/497
f 1143/1/498 1144/1/498 1146/1/498
f 1143/1/499 1146/1/499 1145/1/499
f 1141/1/500 1143/1/500 1145/1/500
f 1141/1/17 1145/1/17 1146/1/17
f 1141/1/17 1146/1/17 1147/1/17
f 1140/1/501 1144/1/501 1142/1/501
f 1139/1/502 1146/1/502 1140/1/502
f 1153/1/503 1155/1/503 1157/1/503
f 1156/1/504 1157/1/504 1155/1/504
f 1148/1/505 1153/1/505 1149/1/505
f 1154/1/506 1153/1/506 1157/1/506
f 1154/1/507 1149/1/507 1153/1/507
f 1157/1/508 1150/1/508 1154/1/508
f 1150/1/17 1151/1/17 1154/1/17
f 1151/1/509 1150/1/509 1148/1/509
f 1154/1/510 1152/1/510 1149/1/510
f 1151/1/17 1152/1/17 1154/1/17
f 1155/1/511 1150/1/511 1156/1/511
f 1148/1/512 1152/1/512 1151/1/512
f 1159/1/513 1161/1/513 1158/1/513
f 1165/1/16 1163/1/16 1162/1/16
f 1162/1/514 1159/1/514 1158/1/514
f 1163/1/60 1160/1/60 1159/1/60
f 1160/1/515 1165/1/515 1161/1/515
f 1161/1/61 1162/1/61 1158/1/61
f 1173/1/516 1167/1/516 1168/1/516
f 1174/1/7 1170/1/7 1169/1/7
f 1169/1/517 1167/1/517 1179/1/517
f 1172/1/99 1178/1/99 1167/1/99
f 1170/1/518 1171/1/518 1168/1/518
f 1166/1/109 1170/1/109 1168/1/109
f 1174/1/519 1171/1/519 1175/1/519
f 1173/1/520 1177/1/520 1181/1/520
f 1176/1/521 1181/1/521 1177/1/521
f 1179/1/522 1180/1/522 1181/1/522
f 1183/1/523 1185/1/523 1182/1/523
f 1189/1/1 1187/1/1 1186/1/1
f 1186/1/524 1183/1/524 1182/1/524
f 1187/1/139 1184/1/139 1183/1/139
f 1184/1/525 1189/1/525 1185/1/525
f 1185/1/138 1186/1/138 1182/1/138
f 1190/1/526 1192/1/526 1191/1/526
f 1194/1/2 1196/1/2 1197/1/2
f 1190/1/527 1195/1/527 1194/1/527
f 1192/1/178 1195/1/178 1191/1/178
f 1193/1/528 1196/1/528 1192/1/528
f 1193/1/177 1194/1/177 1197/1/177
f 1201/1/529 1199/1/529 1198/1/529
f 1203/1/4 1211/1/4 1207/1/4
f 1199/1/530 1206/1/530 1213/1/530
f 1199/1/218 1203/1/218 1202/1/218
f 1201/1/531 1203/1/531 1200/1/531
f 1215/1/532 1204/1/532 1198/1/532
f 1216/1/533 1214/1/533 1206/1/533
f 1205/1/534 1217/1/534 1216/1/534
f 1210/1/535 1209/1/535 1215/1/535
f 1211/1/536 1213/1/536 1216/1/536
f 1215/1/537 1213/1/537 1211/1/537
f 1221/1/538 1219/1/538 1218/1/538
f 1223/1/11 1222/1/11 1226/1/11
f 1230/1/539 1222/1/539 1219/1/539
f 1223/1/258 1232/1/258 1219/1/258
f 1221/1/540 1223/1/540 1220/1/540
f 1218/1/263 1224/1/263 1221/1/263
f 1230/1/541 1226/1/541 1225/1/541
f 1228/1/542 1230/1/542 1229/1/542
f 1231/1/543 1228/1/543 1232/1/543
f 1234/1/544 1236/1/544 1233/1/544
f 1240/1/545 1238/1/545 1237/1/545
f 1233/1/546 1238/1/546 1234/1/546
f 1238/1/291 1235/1/291 1234/1/291
f 1235/1/547 1240/1/547 1236/1/547
f 1240/1/289 1233/1/289 1236/1/289
f 1243/1/548 1246/1/548 1247/1/548
f 1242/1/549 1247/1/549 1246/1/549
f 1241/1/550 1247/1/550 1242/1/550
f 1241/1/551 1243/1/551 1247/1/551
f 1243/1/8 1244/1/8 1246/1/8
f 1241/1/348 1244/1/348 1243/1/348
f 1244/1/552 1245/1/552 1246/1/552
f 1242/1/553 1246/1/553 1245/1/553
f 1245/1/554 1241/1/554 1242/1/554
f 1248/1/555 1251/1/555 1249/1/555
f 1248/1/556 1249/1/556 1254/1/556
f 1248/1/557 1254/1/557 1250/1/557
f 1248/1/558 1250/1/558 1251/1/558
f 1249/1/559 1251/1/559 1252/1/559
f 1249/1/17 1252/1/17 1254/1/17
f 1250/1/560 1254/1/560 1253/1/560
f 1252/1/17 1253/1/17 1254/1/17
f 1252/1/561 1250/1/561 1253/1/561
f 1256/1/562 1257/1/562 1258/1/562
f 1257/1/563 1259/1/563 1258/1/563
f 1256/1/564 1260/1/564 1255/1/564
f 1257/1/565 1256/1/565 1255/1/565
f 1261/1/566 1257/1/566 1263/1/566
f 1262/1/567 1259/1/567 1257/1/567
f 1266/1/568 1260/1/568 1259/1/568
f 1260/1/569 1263/1/569 1255/1/569
f 1259/1/570 1256/1/570 1258/1/570
f 1262/1/571 1266/1/571 1264/1/571
f 1263/1/572 1266/1/572 1261/1/572
f 1271/1/573 1273/1/573 1272/1/573
f 1275/1/574 1278/1/574 1269/1/574
f 1267/1/575 1268/1/575 1272/1/575
f 1271/1/576 1272/1/576 1268/1/576
f 1269/1/577 1271/1/577 1268/1/577
f 1270/1/578 1269/1/578 1267/1/578
f 1267/1/579 1269/1/579 1268/1/579
f 1267/1/580 1272/1/580 1283/1/580
f 1278/1/581 1285/1/581 1277/1/581
f 1275/1/582 1280/1/582 1284/1/582
f 1279/1/583 1282/1/583 1281/1/583
f 1288/1/584 1297/1/584 1295/1/584
f 1288/1/585 1291/1/585 1294/1/585
f 1294/1/14 1291/1/14 1293/1/14
f 1293/1/586 1295/1/586 1299/1/586
f 1290/1/587 1293/1/587 1289/1/587
f 1288/1/588 1290/1/588 1289/1/588
f 1291/1/14 1292/1/14 1293/1/14
f 1289/1/589 1293/1/589 1292/1/589
f 1291/1/590 1289/1/590 1292/1/590
f 1296/1/581 1299/1/581 1297/1/581
f 1298/1/591 1299/1/591 1300/1/591
f 1301/1/592 1306/1/592 1303/1/592
f 1303/1/593 1306/1/593 1307/1/593
f 1302/1/594 1303/1/594 1307/1/594
f 1301/1/595 1303/1/595 1302/1/595
f 1301/1/596 1305/1/596 1306/1/596
f 1305/1/597 1307/1/597 1306/1/597
f 1304/1/598 1307/1/598 1305/1/598
f 1302/1/599 1307/1/599 1304/1/599
f 1302/1/600 1305/1/600 1301/1/600
f 1308/1/598 1309/1/598 1310/1/598
f 1311/1/553 1312/1/553 1313/1/553
f 1311/1/8 1310/1/8 1309/1/8
f 1311/1/601 1308/1/601 1312/1/601
f 1312/1/602 1310/1/602 1313/1/602
f 1317/1/603 1318/1/603 1320/1/603
f 1314/1/349 1315/1/349 1316/1/349
f 1318/1/8 1314/1/8 1322/1/8
f 1318/1/604 1316/1/604 1315/1/604
f 1314/1/605 1317/1/605 1323/1/605
f 1323/1/489 1319/1/489 1322/1/489
f 1323/1/606 1321/1/606 1320/1/606
f 1324/1/598 1326/1/598 1325/1/598
f 1327/1/553 1329/1/553 1328/1/553
f 1325/1/1 1328/1/1 1329/1/1
f 1324/1/607 1329/1/607 1327/1/607
f 1328/1/608 1324/1/608 1327/1/608
f 1331/1/578 1339/1/578 1336/1/578
f 1330/1/578 1338/1/578 1337/1/578
f 1334/1/609 1333/1/609 1335/1/609
f 1332/1/9 1333/1/9 1334/1/9
f 1340/1/610 1333/1/610 1336/1/610
f 1341/1/611 1335/1/611 1337/1/611
f 1336/1/612 1341/1/612 1340/1/612
f 1337/1/613 1340/1/613 1341/1/613
f 1348/1/595 1343/1/595 1349/1/595
f 1344/1/614 1347/1/614 1346/1/614
f 1343/1/10 1344/1/10 1353/1/10
f 1347/1/615 1342/1/615 1346/1/615
f 1354/1/616 1344/1/616 1342/1/616
f 1353/1/489 1354/1/489 1345/1/489
f 1348/1/606 1354/1/606 1351/1/606
f 1353/1/617 1348/1/617 1349/1/617
f 1357/1/595 1355/1/595 1356/1/595
f 1358/1/618 1359/1/618 1360/1/618
f 1358/1/8 1356/1/8 1359/1/8
f 1355/1/619 1358/1/619 1360/1/619
f 1356/1/620 1360/1/620 1359/1/620
f 1361/1/621 1363/1/621 1362/1/621
f 1364/1/622 1365/1/622 1367/1/622
f 1366/1/17 1362/1/17 1363/1/17
f 1361/1/623 1365/1/623 1364/1/623
f 1363/1/624 1364/1/624 1370/1/624
f 1368/1/625 1367/1/625 1370/1/625
f 1366/1/626 1370/1/626 1367/1/626
f 1371/1/559 1373/1/559 1372/1/559
f 1374/1/627 1375/1/627 1376/1/627
f 1372/1/16 1376/1/16 1375/1/16
f 1371/1/628 1375/1/628 1374/1/628
f 1373/1/629 1374/1/629 1376/1/629
f 1377/1/630 1378/1/630 1379/1/630
f 1380/1/496 1381/1/496 1382/1/496
f 1379/1/15 1382/1/15 1381/1/15
f 1380/1/631 1379/1/631 1381/1/631
f 1382/1/632 1377/1/632 1380/1/632
f 1383/1/559 1384/1/559 1385/1/559
f 1386/1/627 1387/1/627 1388/1/627
f 1388/1/17 1383/1/17 1385/1/17
f 1388/1/633 1384/1/633 1386/1/633
f 1386/1/634 1383/1/634 1387/1/634
f 1389/1/630 1390/1/630 1391/1/630
f 1392/1/496 1394/1/496 1393/1/496
f 1394/1/2 1390/1/2 1393/1/2
f 1392/1/635 1390/1/635 1389/1/635
f 1392/1/636 1391/1/636 1394/1/636
f 1400/1/560 1398/1/560 1399/1/560
f 1395/1/509 1396/1/509 1397/1/509
f 1399/1/17 1396/1/17 1400/1/17
f 1396/1/637 1398/1/637 1400/1/637
f 1395/1/638 1399/1/638 1398/1/638
f 1406/1/560 1404/1/560 1405/1/560
f 1401/1/509 1403/1/509 1402/1/509
f 1406/1/639 1402/1/639 1403/1/639
f 1402/1/640 1404/1/640 1401/1/640
f 1401/1/641 1406/1/641 1403/1/641
f 1410/1/562 1413/1/562 1412/1/562
f 1414/1/642 1407/1/642 1415/1/642
f 1409/1/573 1408/1/573 1416/1/573
f 1413/1/643 1408/1/643 1409/1/643
f 1412/1/644 1408/1/644 1410/1/644
f 1413/1/645 1407/1/645 1412/1/645
f 1416/1/646 1414/1/646 1411/1/646
f 1415/1/647 1411/1/647 1414/1/647
f 1417/1/648 1411/1/648 1415/1/648
f 1419/1/562 1420/1/562 1421/1/562
f 1418/1/573 1427/1/573 1426/1/573
f 1423/1/12 1431/1/12 1428/1/12
f 1424/1/649 1432/1/649 1418/1/649
f 1425/1/650 1419/1/650 1433/1/650
f 1423/1/581 1425/1/581 1422/1/581
f 1420/1/651 1424/1/651 1421/1/651
f 1432/1/571 1430/1/571 1429/1/571
f 1426/1/572 1432/1/572 1428/1/572
f 1428/1/652 1431/1/652 1433/1/652
f 1434/1/585 1436/1/585 1435/1/585
f 1437/1/653 1439/1/653 1440/1/653
f 1436/1/12 1441/1/12 1435/1/12
f 1437/1/654 1435/1/654 1444/1/654
f 1434/1/655 1440/1/655 1446/1/655
f 1441/1/656 1446/1/656 1444/1/656
f 1443/1/657 1446/1/657 1439/1/657
f 1449/1/658 1451/1/658 1454/1/658
f 1452/1/659 1447/1/659 1448/1/659
f 1452/1/660 1450/1/660 1451/1/660
f 1452/1/661 1449/1/661 1447/1/661
f 1456/1/662 1447/1/662 1453/1/662
f 1454/1/663 1455/1/663 1456/1/663
f 1456/1/664 1453/1/664 1454/1/664
f 1463/1/665 1461/1/665 1460/1/665
f 1457/1/504 1458/1/504 1459/1/504
f 1458/1/545 1462/1/545 1465/1/545
f 1458/1/666 1460/1/666 1461/1/666
f 1460/1/667 1459/1/667 1466/1/667
f 1464/1/668 1465/1/668 1466/1/668
f 1465/1/669 1463/1/669 1466/1/669
f 1473/1/665 1470/1/665 1474/1/665
f 1475/1/665 1471/1/665 1476/1/665
f 1467/1/504 1469/1/504 1468/1/504
f 1471/1/4 1468/1/4 1469/1/4
f 1468/1/670 1475/1/670 1477/1/670
f 1469/1/671 1470/1/671 1478/1/671
f 1475/1/668 1478/1/668 1477/1/668
f 1473/1/672 1477/1/672 1478/1/672
f 1479/1/10 1480/1/10 1481/1/10
f 1482/1/673 1484/1/673 1483/1/673
f 1479/1/674 1484/1/674 1482/1/674
f 1479/1/675 1483/1/675 1480/1/675
f 1481/1/676 1483/1/676 1484/1/676
f 1585/1/677 1537/1/677 1587/1/677
f 1536/1/678 1544/1/678 1495/1/678
f 1587/1/679 1545/1/679 1586/1/679
f 1494/1/680 1547/1/680 1587/1/680
f 1494/1/681 1534/1/681 1533/1/681
f 1524/1/677 1526/1/677 1583/1/677
f 1485/1/678 1582/1/678 1538/1/678
f 1582/1/679 1543/1/679 1540/1/679
f 1526/1/680 1541/1/680 1549/1/680
f 1487/1/681 1524/1/681 1496/1/681
f 1533/1/677 1537/1/677 1536/1/677
f 1489/1/682 1490/1/682 1493/1/682
f 1513/1/679 1514/1/679 1491/1/679
f 1536/1/679 1520/1/679 1526/1/679
f 1499/1/683 1504/1/683 1525/1/683
f 1493/1/681 1529/1/681 1528/1/681
f 1549/1/677 1584/1/677 1586/1/677
f 1578/1/679 1577/1/679 1545/1/679
f 1575/1/679 1583/1/679 1586/1/679
f 1549/1/683 1553/1/683 1552/1/683
f 1563/1/681 1544/1/681 1584/1/681
f 1485/1/684 1486/1/684 1538/1/684
f 1495/1/677 1541/1/677 1491/1/677
f 1546/1/685 1488/1/685 1542/1/685
f 1485/1/678 1539/1/678 1542/1/678
f 1540/1/679 1545/1/679 1546/1/679
f 1546/1/680 1548/1/680 1494/1/680
f 1489/1/681 1492/1/681 1493/1/681
f 1529/2/686 1531/3/686 1528/4/686
f 1563/5/686 1573/6/686 1558/7/686
f 1532/8/687 1509/9/687 1522/10/687
f 1562/11/688 1574/12/688 1563/5/688
f 1523/13/689 1509/9/689 1508/14/689
f 1575/15/690 1562/11/690 1565/16/690
f 1520/17/691 1523/13/691 1508/14/691
f 1572/18/691 1565/16/691 1564/19/691
f 1519/20/692 1507/21/692 1506/22/692
f 1561/23/692 1572/18/692 1564/19/692
f 1518/24/693 1506/22/693 1505/25/693
f 1570/26/693 1561/23/693 1560/27/693
f 1517/28/694 1505/25/694 1504/29/694
f 1569/30/695 1560/27/695 1559/31/695
f 1516/32/696 1504/29/696 1499/33/696
f 1568/34/696 1559/31/696 1552/35/696
f 1511/36/697 1499/33/697 1500/37/697
f 1567/38/697 1552/35/697 1553/39/697
f 1512/40/698 1500/37/698 1497/41/698
f 1550/42/699 1567/38/699 1553/39/699
f 1498/43/700 1512/40/700 1497/41/700
f 1551/44/700 1566/45/700 1550/42/700
f 1513/46/701 1498/43/701 1501/47/701
f 1577/48/701 1551/44/701 1554/49/701
f 1514/50/702 1501/47/702 1502/51/702
f 1579/52/702 1554/49/702 1555/53/702
f 1515/54/703 1502/51/703 1503/55/703
f 1556/56/704 1579/52/704 1555/53/704
f 1503/55/705 1530/57/705 1515/54/705
f 1581/58/705 1556/56/705 1557/59/705
f 1531/60/706 1527/61/706 1528/62/706
f 1558/63/706 1581/58/706 1557/59/706
f 955/1/660 1039/1/660 1098/1/660
f 955/1/660 1098/1/660 1099/1/660
f 1078/1/3 1069/1/3 669/1/3
f 1076/1/660 1078/1/660 669/1/660
f 955/1/660 1099/1/660 1077/1/660
f 1076/1/660 669/1/660 955/1/660
f 1039/1/3 669/1/3 1069/1/3
f 863/1/707 459/1/707 460/1/707
f 458/1/708 860/1/708 851/1/708
f 1039/1/708 863/1/708 460/1/708
f 458/1/708 851/1/708 456/1/708
f 456/1/708 1039/1/708 460/1/708
f 851/1/6 860/1/6 854/1/6
f 861/1/545 863/1/545 1039/1/545
f 851/1/545 854/1/545 861/1/545
f 861/1/545 1039/1/545 1008/1/545
f 548/1/12 669/1/12 663/1/12
f 653/1/709 652/1/709 554/1/709
f 548/1/12 663/1/12 653/1/12
f 669/1/12 554/1/12 652/1/12
f 665/1/12 663/1/12 669/1/12
f 556/1/13 563/1/13 638/1/13
f 638/1/13 641/1/13 573/1/13
f 638/1/13 573/1/13 572/1/13
f 557/1/13 556/1/13 638/1/13
f 571/1/710 570/1/710 557/1/710
f 638/1/711 572/1/711 571/1/711
f 323/1/712 321/1/712 116/1/712
f 323/1/713 116/1/713 115/1/713
f 330/1/18 324/1/18 323/1/18
f 325/1/18 327/1/18 799/1/18
f 113/1/714 140/1/714 325/1/714
f 330/1/715 323/1/715 115/1/715
f 113/1/18 325/1/18 799/1/18
f 114/1/18 330/1/18 115/1/18
f 113/1/18 799/1/18 114/1/18
f 327/1/18 324/1/18 330/1/18
f 330/1/716 1035/1/716 793/1/716
f 793/1/717 800/1/717 796/1/717
f 796/1/716 797/1/716 799/1/716
f 330/1/716 793/1/716 796/1/716
f 793/1/716 1035/1/716 799/1/716
f 1074/1/22 668/1/22 1038/1/22
f 1038/1/718 1073/1/718 1072/1/718
f 954/1/22 668/1/22 1074/1/22
f 954/1/22 1074/1/22 1075/1/22
f 1066/1/719 1073/1/719 1038/1/719
f 1068/1/720 1066/1/720 1038/1/720
f 954/1/22 1075/1/22 1093/1/22
f 1093/1/721 1094/1/721 1095/1/721
f 1095/1/722 1090/1/722 1086/1/722
f 1095/1/22 1086/1/22 1088/1/22
f 954/1/720 1093/1/720 1095/1/720
f 1067/1/22 1068/1/22 1038/1/22
f 1089/1/723 1085/1/723 1067/1/723
f 954/1/720 1095/1/720 1088/1/720
f 954/1/724 1088/1/724 1089/1/724
f 1067/1/22 1038/1/22 954/1/22
f 954/1/24 956/1/24 957/1/24
f 954/1/24 957/1/24 949/1/24
f 1005/1/24 976/1/24 1038/1/24
f 1003/1/24 1005/1/24 1038/1/24
f 1007/1/24 954/1/24 949/1/24
f 1007/1/24 949/1/24 1006/1/24
f 1003/1/24 1038/1/24 1007/1/24
f 956/1/24 954/1/24 1038/1/24
f 1038/1/25 453/1/25 434/1/25
f 457/1/25 451/1/25 455/1/25
f 848/1/725 850/1/725 849/1/725
f 433/1/726 457/1/726 455/1/726
f 848/1/25 849/1/25 433/1/25
f 856/1/26 850/1/26 848/1/26
f 1007/1/26 915/1/26 913/1/26
f 913/1/727 911/1/727 910/1/727
f 913/1/728 910/1/728 864/1/728
f 848/1/26 1007/1/26 913/1/26
f 848/1/26 913/1/26 864/1/26
f 859/1/26 909/1/26 1038/1/26
f 856/1/729 848/1/729 864/1/729
f 859/1/26 1038/1/26 858/1/26
f 856/1/26 864/1/26 859/1/26
f 1038/1/26 909/1/26 915/1/26
f 114/1/28 91/1/28 89/1/28
f 10/1/28 11/1/28 202/1/28
f 114/1/27 89/1/27 10/1/27
f 211/1/27 239/1/27 243/1/27
f 205/1/27 150/1/27 142/1/27
f 142/1/27 211/1/27 243/1/27
f 3/1/27 114/1/27 10/1/27
f 10/1/27 202/1/27 6/1/27
f 10/1/27 6/1/27 5/1/27
f 142/1/27 243/1/27 3/1/27
f 141/1/27 205/1/27 142/1/27
f 3/1/27 10/1/27 5/1/27
f 5/1/27 141/1/27 142/1/27
f 202/1/27 11/1/27 17/1/27
f 17/1/27 207/1/27 150/1/27
f 205/1/28 202/1/28 17/1/28
f 207/1/27 17/1/27 88/1/27
f 88/1/27 243/1/27 239/1/27
f 239/1/354 237/1/354 208/1/354
f 208/1/27 207/1/27 88/1/27
f 243/1/27 88/1/27 91/1/27
f 551/1/32 532/1/32 491/1/32
f 551/1/32 491/1/32 490/1/32
f 546/1/32 550/1/32 547/1/32
f 479/1/730 480/1/730 531/1/730
f 531/1/731 546/1/731 547/1/731
f 469/1/32 551/1/32 490/1/32
f 479/1/732 531/1/732 547/1/732
f 469/1/32 490/1/32 479/1/32
f 551/1/32 547/1/32 550/1/32
f 547/1/33 551/1/33 651/1/33
f 547/1/33 651/1/33 650/1/33
f 662/1/33 667/1/33 668/1/33
f 547/1/33 650/1/33 662/1/33
f 651/1/33 551/1/33 668/1/33
f 568/1/733 569/1/733 640/1/733
f 640/1/733 637/1/733 627/1/733
f 626/1/734 625/1/734 623/1/734
f 640/1/733 627/1/733 626/1/733
f 567/1/733 568/1/733 640/1/733
f 555/1/735 566/1/735 567/1/735
f 562/1/733 561/1/733 555/1/733
f 613/1/733 632/1/733 562/1/733
f 611/1/736 612/1/736 613/1/736
f 605/1/737 604/1/737 611/1/737
f 610/1/738 609/1/738 605/1/738
f 611/1/733 613/1/733 562/1/733
f 562/1/733 555/1/733 567/1/733
f 567/1/733 640/1/733 626/1/733
f 567/1/739 626/1/739 623/1/739
f 605/1/733 611/1/733 562/1/733
f 610/1/733 605/1/733 562/1/733
f 567/1/740 623/1/740 624/1/740
f 622/1/741 621/1/741 620/1/741
f 567/1/733 624/1/733 622/1/733
f 610/1/733 562/1/733 567/1/733
f 608/1/733 610/1/733 567/1/733
f 567/1/733 622/1/733 620/1/733
f 330/1/37 372/1/37 368/1/37
f 369/1/742 366/1/742 415/1/742
f 330/1/37 368/1/37 369/1/37
f 369/1/37 415/1/37 455/1/37
f 372/1/37 330/1/37 413/1/37
f 455/1/37 415/1/37 412/1/37
f 412/1/37 372/1/37 413/1/37
f 330/1/38 455/1/38 451/1/38
f 454/1/38 453/1/38 1038/1/38
f 330/1/38 451/1/38 454/1/38
f 114/1/743 96/1/743 331/1/743
f 1035/1/744 1036/1/744 798/1/744
f 1038/1/745 668/1/745 669/1/745
f 1008/1/746 955/1/746 954/1/746
f 455/1/747 456/1/747 851/1/747
f 1007/1/748 848/1/748 851/1/748
f 4/1/749 3/1/749 243/1/749
f 114/1/750 3/1/750 4/1/750
f 243/1/751 1/1/751 2/1/751
f 2/1/752 1/1/752 552/1/752
f 799/1/753 798/1/753 553/1/753
f 551/1/754 469/1/754 470/1/754
f 470/1/755 469/1/755 547/1/755
f 668/1/756 551/1/756 554/1/756
f 548/1/757 547/1/757 954/1/757
f 1039/1/758 1036/1/758 1035/1/758
f 330/1/759 331/1/759 414/1/759
f 455/1/760 413/1/760 414/1/760
f 370/1/57 361/1/57 350/1/57
f 370/1/57 350/1/57 351/1/57
f 406/1/57 405/1/57 411/1/57
f 408/1/761 406/1/761 411/1/761
f 411/1/57 370/1/57 351/1/57
f 411/1/57 351/1/57 356/1/57
f 407/1/762 408/1/762 411/1/762
f 410/1/763 407/1/763 411/1/763
f 411/1/762 356/1/762 354/1/762
f 411/1/57 354/1/57 355/1/57
f 410/1/57 411/1/57 355/1/57
f 410/1/57 355/1/57 353/1/57
f 409/1/57 410/1/57 353/1/57
f 409/1/57 353/1/57 352/1/57
f 398/1/57 409/1/57 352/1/57
f 398/1/762 352/1/762 348/1/762
f 397/1/57 398/1/57 348/1/57
f 397/1/762 348/1/762 347/1/762
f 396/1/57 397/1/57 347/1/57
f 396/1/57 347/1/57 349/1/57
f 395/1/57 396/1/57 349/1/57
f 395/1/764 349/1/764 346/1/764
f 394/1/762 395/1/762 346/1/762
f 377/1/762 402/1/762 401/1/762
f 358/1/762 359/1/762 340/1/762
f 357/1/57 358/1/57 340/1/57
f 377/1/762 401/1/762 399/1/762
f 377/1/57 399/1/57 400/1/57
f 346/1/57 357/1/57 340/1/57
f 377/1/57 400/1/57 394/1/57
f 394/1/57 346/1/57 340/1/57
f 403/1/57 402/1/57 377/1/57
f 377/1/57 411/1/57 405/1/57
f 404/1/57 403/1/57 377/1/57
f 370/1/57 340/1/57 359/1/57
f 360/1/57 361/1/57 370/1/57
f 367/1/58 368/1/58 372/1/58
f 374/1/59 377/1/59 376/1/59
f 374/1/60 371/1/60 411/1/60
f 370/1/61 367/1/61 339/1/61
f 344/1/64 336/1/64 339/1/64
f 339/1/64 367/1/64 364/1/64
f 363/1/765 344/1/765 339/1/765
f 388/1/64 371/1/64 374/1/64
f 374/1/64 389/1/64 390/1/64
f 387/1/766 388/1/766 374/1/766
f 339/1/64 336/1/64 335/1/64
f 339/1/767 335/1/767 334/1/767
f 382/1/64 389/1/64 374/1/64
f 381/1/767 382/1/767 374/1/767
f 339/1/64 334/1/64 333/1/64
f 339/1/765 333/1/765 341/1/765
f 381/1/64 374/1/64 339/1/64
f 378/1/64 381/1/64 339/1/64
f 378/1/64 339/1/64 341/1/64
f 379/1/64 378/1/64 341/1/64
f 379/1/766 341/1/766 342/1/766
f 380/1/64 379/1/64 342/1/64
f 380/1/64 342/1/64 343/1/64
f 383/1/64 380/1/64 343/1/64
f 383/1/767 343/1/767 281/1/767
f 385/1/64 383/1/64 281/1/64
f 385/1/64 281/1/64 282/1/64
f 384/1/767 385/1/767 282/1/767
f 384/1/64 282/1/64 283/1/64
f 386/1/64 384/1/64 283/1/64
f 386/1/767 283/1/767 284/1/767
f 392/1/766 386/1/766 284/1/766
f 392/1/766 284/1/766 345/1/766
f 391/1/768 392/1/768 345/1/768
f 371/1/64 388/1/64 393/1/64
f 362/1/64 364/1/64 367/1/64
f 365/1/64 362/1/64 367/1/64
f 371/1/64 393/1/64 391/1/64
f 345/1/64 365/1/64 367/1/64
f 371/1/64 391/1/64 345/1/64
f 411/1/62 412/1/62 415/1/62
f 367/1/65 370/1/65 369/1/65
f 371/1/66 372/1/66 412/1/66
f 340/1/68 338/1/68 376/1/68
f 339/1/769 375/1/769 373/1/769
f 332/1/69 338/1/69 340/1/69
f 362/1/770 350/1/770 361/1/770
f 361/1/771 363/1/771 364/1/771
f 344/1/73 363/1/73 361/1/73
f 359/1/772 336/1/772 344/1/772
f 336/1/773 359/1/773 358/1/773
f 334/1/89 335/1/89 358/1/89
f 333/1/77 334/1/77 357/1/77
f 341/1/90 333/1/90 346/1/90
f 342/1/79 341/1/79 349/1/79
f 348/1/91 343/1/91 342/1/91
f 352/1/81 281/1/81 343/1/81
f 353/1/93 282/1/93 281/1/93
f 283/1/774 282/1/774 353/1/774
f 283/1/775 355/1/775 354/1/775
f 284/1/85 354/1/85 356/1/85
f 351/1/776 365/1/776 345/1/776
f 350/1/87 362/1/87 365/1/87
f 384/1/72 386/1/72 410/1/72
f 385/1/73 384/1/73 409/1/73
f 383/1/772 385/1/772 398/1/772
f 383/1/75 397/1/75 396/1/75
f 379/1/89 380/1/89 396/1/89
f 378/1/77 379/1/77 395/1/77
f 400/1/78 381/1/78 378/1/78
f 399/1/79 382/1/79 381/1/79
f 401/1/91 389/1/91 382/1/91
f 403/1/81 390/1/81 389/1/81
f 389/1/81 401/1/81 402/1/81
f 404/1/82 387/1/82 390/1/82
f 387/1/774 404/1/774 405/1/774
f 388/1/775 405/1/775 406/1/775
f 393/1/85 406/1/85 408/1/85
f 407/1/776 392/1/776 391/1/776
f 386/1/87 392/1/87 407/1/87
f 70/1/95 68/1/95 90/1/95
f 90/1/95 74/1/95 72/1/95
f 71/1/95 70/1/95 90/1/95
f 69/1/95 72/1/95 74/1/95
f 13/1/95 18/1/95 19/1/95
f 13/1/95 19/1/95 20/1/95
f 56/1/95 69/1/95 74/1/95
f 55/1/95 56/1/95 74/1/95
f 13/1/95 20/1/95 40/1/95
f 74/1/95 13/1/95 40/1/95
f 54/1/95 55/1/95 74/1/95
f 54/1/95 74/1/95 40/1/95
f 54/1/95 40/1/95 41/1/95
f 53/1/95 54/1/95 41/1/95
f 53/1/95 41/1/95 43/1/95
f 51/1/95 53/1/95 43/1/95
f 51/1/95 43/1/95 42/1/95
f 52/1/95 51/1/95 42/1/95
f 52/1/95 42/1/95 44/1/95
f 50/1/95 52/1/95 44/1/95
f 50/1/95 44/1/95 28/1/95
f 64/1/95 50/1/95 28/1/95
f 64/1/95 28/1/95 27/1/95
f 65/1/95 64/1/95 27/1/95
f 65/1/95 27/1/95 26/1/95
f 66/1/95 65/1/95 26/1/95
f 66/1/95 26/1/95 25/1/95
f 90/1/95 68/1/95 67/1/95
f 90/1/95 67/1/95 66/1/95
f 24/1/95 23/1/95 9/1/95
f 90/1/95 66/1/95 25/1/95
f 25/1/95 24/1/95 9/1/95
f 13/1/95 9/1/95 23/1/95
f 13/1/95 23/1/95 22/1/95
f 21/1/95 18/1/95 13/1/95
f 10/1/96 89/1/96 90/1/96
f 88/1/97 12/1/97 93/1/97
f 14/1/98 73/1/98 76/1/98
f 13/1/99 16/1/99 12/1/99
f 93/1/100 82/1/100 84/1/100
f 85/1/100 86/1/100 87/1/100
f 93/1/100 84/1/100 85/1/100
f 34/1/100 12/1/100 16/1/100
f 16/1/100 29/1/100 32/1/100
f 33/1/100 34/1/100 16/1/100
f 81/1/100 82/1/100 93/1/100
f 12/1/100 34/1/100 35/1/100
f 12/1/100 35/1/100 36/1/100
f 81/1/100 93/1/100 12/1/100
f 80/1/100 81/1/100 12/1/100
f 12/1/100 36/1/100 37/1/100
f 12/1/100 37/1/100 38/1/100
f 79/1/100 80/1/100 12/1/100
f 78/1/100 79/1/100 12/1/100
f 78/1/100 12/1/100 38/1/100
f 57/1/100 78/1/100 38/1/100
f 57/1/100 38/1/100 39/1/100
f 59/1/100 57/1/100 39/1/100
f 59/1/100 39/1/100 49/1/100
f 58/1/100 59/1/100 49/1/100
f 58/1/100 49/1/100 47/1/100
f 60/1/100 58/1/100 47/1/100
f 60/1/100 47/1/100 48/1/100
f 61/1/100 60/1/100 48/1/100
f 61/1/100 48/1/100 46/1/100
f 62/1/100 61/1/100 46/1/100
f 62/1/100 46/1/100 45/1/100
f 30/1/100 29/1/100 16/1/100
f 87/1/100 86/1/100 83/1/100
f 87/1/100 83/1/100 63/1/100
f 31/1/100 30/1/100 16/1/100
f 45/1/100 31/1/100 16/1/100
f 87/1/100 63/1/100 62/1/100
f 62/1/100 45/1/100 16/1/100
f 75/1/777 74/1/777 87/1/777
f 89/1/102 91/1/102 93/1/102
f 75/1/98 77/1/98 76/1/98
f 14/1/104 15/1/104 16/1/104
f 74/1/109 90/1/109 93/1/109
f 10/1/110 9/1/110 12/1/110
f 81/1/111 67/1/111 68/1/111
f 80/1/112 66/1/112 67/1/112
f 65/1/127 66/1/127 80/1/127
f 64/1/778 65/1/778 79/1/778
f 57/1/115 50/1/115 64/1/115
f 52/1/779 50/1/779 57/1/779
f 51/1/780 52/1/780 59/1/780
f 53/1/118 51/1/118 58/1/118
f 54/1/119 53/1/119 60/1/119
f 55/1/129 54/1/129 61/1/129
f 55/1/781 62/1/781 63/1/781
f 56/1/122 63/1/122 83/1/122
f 72/1/782 69/1/782 83/1/782
f 71/1/783 72/1/783 86/1/783
f 84/1/125 70/1/125 71/1/125
f 82/1/126 68/1/126 70/1/126
f 37/1/111 26/1/111 27/1/111
f 36/1/112 25/1/112 26/1/112
f 24/1/784 25/1/784 36/1/784
f 23/1/114 24/1/114 35/1/114
f 33/1/115 22/1/115 23/1/115
f 21/1/116 22/1/116 33/1/116
f 21/1/117 32/1/117 29/1/117
f 18/1/118 29/1/118 30/1/118
f 20/1/119 19/1/119 30/1/119
f 40/1/129 20/1/129 31/1/129
f 41/1/785 40/1/785 45/1/785
f 41/1/122 46/1/122 48/1/122
f 43/1/131 48/1/131 47/1/131
f 44/1/783 42/1/783 47/1/783
f 28/1/125 44/1/125 49/1/125
f 27/1/786 28/1/786 39/1/786
f 319/1/133 320/1/133 326/1/133
f 117/1/133 111/1/133 134/1/133
f 117/1/133 134/1/133 135/1/133
f 313/1/133 319/1/133 326/1/133
f 312/1/133 313/1/133 326/1/133
f 326/1/133 117/1/133 135/1/133
f 326/1/133 135/1/133 136/1/133
f 311/1/133 312/1/133 326/1/133
f 311/1/133 326/1/133 136/1/133
f 311/1/133 136/1/133 139/1/133
f 310/1/133 311/1/133 139/1/133
f 310/1/133 139/1/133 138/1/133
f 309/1/133 310/1/133 138/1/133
f 309/1/133 138/1/133 137/1/133
f 308/1/133 309/1/133 137/1/133
f 308/1/133 137/1/133 133/1/133
f 307/1/133 308/1/133 133/1/133
f 307/1/133 133/1/133 132/1/133
f 305/1/133 307/1/133 132/1/133
f 305/1/133 132/1/133 131/1/133
f 306/1/133 305/1/133 131/1/133
f 306/1/133 131/1/133 130/1/133
f 108/1/133 107/1/133 106/1/133
f 329/1/133 316/1/133 315/1/133
f 329/1/133 315/1/133 314/1/133
f 129/1/133 108/1/133 106/1/133
f 130/1/133 129/1/133 106/1/133
f 329/1/133 314/1/133 306/1/133
f 306/1/133 130/1/133 106/1/133
f 317/1/133 316/1/133 329/1/133
f 329/1/133 326/1/133 320/1/133
f 318/1/133 317/1/133 329/1/133
f 117/1/133 106/1/133 107/1/133
f 117/1/133 107/1/133 109/1/133
f 110/1/133 111/1/133 117/1/133
f 112/1/134 117/1/134 113/1/134
f 322/1/135 112/1/135 321/1/135
f 294/1/137 296/1/137 298/1/137
f 97/1/138 106/1/138 117/1/138
f 326/1/139 329/1/139 328/1/139
f 97/1/140 98/1/140 102/1/140
f 326/1/141 322/1/141 323/1/141
f 324/1/141 327/1/141 326/1/141
f 140/1/136 113/1/136 117/1/136
f 100/1/142 97/1/142 112/1/142
f 112/1/142 105/1/142 104/1/142
f 103/1/142 100/1/142 112/1/142
f 299/1/142 300/1/142 328/1/142
f 97/1/142 100/1/142 101/1/142
f 97/1/142 101/1/142 118/1/142
f 295/1/142 299/1/142 328/1/142
f 286/1/142 295/1/142 328/1/142
f 97/1/142 118/1/142 119/1/142
f 97/1/142 119/1/142 120/1/142
f 286/1/142 328/1/142 97/1/142
f 285/1/142 286/1/142 97/1/142
f 285/1/142 97/1/142 120/1/142
f 287/1/142 285/1/142 120/1/142
f 287/1/142 120/1/142 121/1/142
f 288/1/142 287/1/142 121/1/142
f 288/1/142 121/1/142 122/1/142
f 289/1/142 288/1/142 122/1/142
f 289/1/142 122/1/142 127/1/142
f 290/1/142 289/1/142 127/1/142
f 290/1/142 127/1/142 126/1/142
f 291/1/142 290/1/142 126/1/142
f 291/1/142 126/1/142 128/1/142
f 292/1/142 291/1/142 128/1/142
f 292/1/142 128/1/142 125/1/142
f 293/1/142 292/1/142 125/1/142
f 293/1/142 125/1/142 124/1/142
f 322/1/142 304/1/142 303/1/142
f 322/1/142 303/1/142 293/1/142
f 123/1/142 105/1/142 112/1/142
f 322/1/142 293/1/142 124/1/142
f 124/1/142 123/1/142 112/1/142
f 328/1/142 300/1/142 301/1/142
f 302/1/142 304/1/142 322/1/142
f 328/1/142 301/1/142 302/1/142
f 296/1/144 328/1/144 329/1/144
f 134/1/148 123/1/148 124/1/148
f 111/1/787 105/1/787 123/1/787
f 110/1/150 104/1/150 105/1/150
f 109/1/164 103/1/164 104/1/164
f 107/1/165 100/1/165 103/1/165
f 108/1/788 101/1/788 100/1/788
f 101/1/789 108/1/789 129/1/789
f 118/1/155 129/1/155 130/1/155
f 119/1/156 130/1/156 131/1/156
f 121/1/790 120/1/790 131/1/790
f 122/1/791 121/1/791 132/1/791
f 127/1/792 122/1/792 133/1/792
f 126/1/167 127/1/167 137/1/167
f 128/1/161 126/1/161 138/1/161
f 125/1/793 128/1/793 139/1/793
f 124/1/163 125/1/163 136/1/163
f 292/1/148 293/1/148 313/1/148
f 291/1/787 292/1/787 312/1/787
f 310/1/794 290/1/794 291/1/794
f 289/1/795 290/1/795 310/1/795
f 288/1/165 289/1/165 309/1/165
f 307/1/153 287/1/153 288/1/153
f 287/1/789 307/1/789 305/1/789
f 285/1/155 305/1/155 306/1/155
f 295/1/156 286/1/156 306/1/156
f 299/1/790 295/1/790 314/1/790
f 300/1/158 299/1/158 315/1/158
f 301/1/159 300/1/159 316/1/159
f 318/1/167 302/1/167 301/1/167
f 304/1/161 302/1/161 318/1/161
f 303/1/793 304/1/793 320/1/793
f 313/1/796 293/1/796 303/1/796
f 688/1/171 687/1/171 686/1/171
f 686/1/171 694/1/171 695/1/171
f 689/1/171 688/1/171 686/1/171
f 704/1/169 705/1/169 730/1/169
f 704/1/171 730/1/171 729/1/171
f 703/1/171 704/1/171 729/1/171
f 703/1/171 729/1/171 706/1/171
f 711/1/797 703/1/797 706/1/797
f 711/1/171 706/1/171 707/1/171
f 711/1/171 707/1/171 708/1/171
f 686/1/171 687/1/171 709/1/171
f 696/1/169 695/1/169 694/1/169
f 697/1/171 696/1/171 694/1/171
f 686/1/169 709/1/169 710/1/169
f 686/1/171 710/1/171 711/1/171
f 697/1/171 694/1/171 1032/1/171
f 717/1/169 697/1/169 1032/1/169
f 1016/1/169 686/1/169 711/1/169
f 1016/1/171 711/1/171 708/1/171
f 718/1/171 717/1/171 1032/1/171
f 722/1/169 719/1/169 720/1/169
f 1016/1/169 708/1/169 731/1/169
f 725/1/171 726/1/171 741/1/171
f 722/1/171 720/1/171 718/1/171
f 721/1/169 722/1/169 718/1/169
f 731/1/798 725/1/798 741/1/798
f 731/1/171 741/1/171 743/1/171
f 723/1/171 721/1/171 718/1/171
f 724/1/169 723/1/169 718/1/169
f 731/1/171 743/1/171 745/1/171
f 731/1/171 745/1/171 746/1/171
f 732/1/171 724/1/171 718/1/171
f 732/1/169 718/1/169 1032/1/169
f 731/1/799 746/1/799 744/1/799
f 1016/1/171 731/1/171 744/1/171
f 733/1/171 732/1/171 1032/1/171
f 734/1/171 733/1/171 1032/1/171
f 1016/1/171 744/1/171 749/1/171
f 750/1/169 677/1/169 681/1/169
f 728/1/171 734/1/171 1032/1/171
f 742/1/171 727/1/171 728/1/171
f 747/1/171 742/1/171 728/1/171
f 749/1/800 750/1/800 681/1/800
f 749/1/171 681/1/171 678/1/171
f 748/1/171 747/1/171 728/1/171
f 670/1/171 748/1/171 728/1/171
f 749/1/171 678/1/171 674/1/171
f 749/1/171 674/1/171 1009/1/171
f 670/1/797 728/1/797 1032/1/797
f 672/1/171 670/1/171 1032/1/171
f 1016/1/169 749/1/169 1009/1/169
f 1016/1/801 1009/1/801 1010/1/801
f 671/1/171 672/1/171 1032/1/171
f 673/1/171 671/1/171 1032/1/171
f 1016/1/171 1010/1/171 1013/1/171
f 1016/1/171 1013/1/171 1014/1/171
f 675/1/171 673/1/171 1032/1/171
f 680/1/171 676/1/171 675/1/171
f 682/1/169 680/1/169 675/1/169
f 1032/1/171 1016/1/171 1014/1/171
f 1032/1/802 1014/1/802 1015/1/802
f 684/1/171 682/1/171 675/1/171
f 683/1/169 684/1/169 675/1/169
f 1032/1/171 1015/1/171 1012/1/171
f 1032/1/171 1012/1/171 1011/1/171
f 683/1/171 675/1/171 1032/1/171
f 685/1/169 683/1/169 1032/1/169
f 1032/1/171 1011/1/171 1019/1/171
f 1018/1/171 685/1/171 1032/1/171
f 681/1/171 677/1/171 676/1/171
f 676/1/169 680/1/169 679/1/169
f 741/1/171 726/1/171 727/1/171
f 730/1/169 705/1/169 719/1/169
f 795/1/173 694/1/173 698/1/173
f 698/1/173 797/1/173 796/1/173
f 794/1/175 800/1/175 793/1/175
f 690/1/176 686/1/176 1016/1/176
f 686/1/177 693/1/177 698/1/177
f 1016/1/178 1032/1/178 1037/1/178
f 698/1/179 693/1/179 713/1/179
f 698/1/179 713/1/179 702/1/179
f 699/1/179 700/1/179 698/1/179
f 763/1/181 768/1/181 766/1/181
f 768/1/180 763/1/180 770/1/180
f 768/1/180 770/1/180 769/1/180
f 767/1/180 768/1/180 769/1/180
f 1023/1/179 767/1/179 769/1/179
f 1024/1/179 1023/1/179 769/1/179
f 1024/1/180 769/1/180 762/1/180
f 1022/1/803 1024/1/803 762/1/803
f 764/1/180 766/1/180 775/1/180
f 765/1/179 764/1/179 775/1/179
f 765/1/179 775/1/179 776/1/179
f 774/1/180 765/1/180 776/1/180
f 774/1/179 776/1/179 777/1/179
f 773/1/180 774/1/180 777/1/180
f 773/1/179 777/1/179 771/1/179
f 772/1/179 773/1/179 771/1/179
f 759/1/179 758/1/179 757/1/179
f 738/1/180 759/1/180 757/1/180
f 738/1/179 757/1/179 760/1/179
f 740/1/179 738/1/179 760/1/179
f 740/1/179 760/1/179 755/1/179
f 739/1/180 740/1/180 755/1/180
f 739/1/179 755/1/179 772/1/179
f 737/1/181 739/1/181 772/1/181
f 781/1/180 789/1/180 788/1/180
f 780/1/179 781/1/179 788/1/179
f 780/1/180 788/1/180 735/1/180
f 784/1/179 780/1/179 735/1/179
f 784/1/180 735/1/180 736/1/180
f 783/1/179 784/1/179 736/1/179
f 783/1/179 736/1/179 737/1/179
f 782/1/804 783/1/804 737/1/804
f 698/1/180 700/1/180 701/1/180
f 714/1/179 713/1/179 693/1/179
f 715/1/180 714/1/180 693/1/180
f 698/1/179 701/1/179 782/1/179
f 698/1/179 782/1/179 737/1/179
f 716/1/805 715/1/805 693/1/805
f 716/1/180 693/1/180 1021/1/180
f 1037/1/179 698/1/179 737/1/179
f 1037/1/179 737/1/179 772/1/179
f 712/1/180 716/1/180 1021/1/180
f 787/1/179 779/1/179 778/1/179
f 1037/1/179 772/1/179 771/1/179
f 1037/1/179 771/1/179 1027/1/179
f 787/1/181 778/1/181 712/1/181
f 785/1/179 787/1/179 712/1/179
f 1037/1/179 1027/1/179 1028/1/179
f 1037/1/180 1028/1/180 1030/1/180
f 786/1/179 785/1/179 712/1/179
f 790/1/180 786/1/180 712/1/180
f 1021/1/179 1037/1/179 1030/1/179
f 1021/1/179 1030/1/179 1031/1/179
f 791/1/806 790/1/806 712/1/806
f 791/1/807 712/1/807 1021/1/807
f 1021/1/180 1031/1/180 1029/1/180
f 1021/1/179 1029/1/179 1026/1/179
f 792/1/179 791/1/179 1021/1/179
f 756/1/180 752/1/180 751/1/180
f 1021/1/180 1026/1/180 1025/1/180
f 1021/1/179 1025/1/179 1022/1/179
f 756/1/181 751/1/181 792/1/181
f 761/1/179 756/1/179 792/1/179
f 1021/1/179 1022/1/179 762/1/179
f 792/1/179 1021/1/179 762/1/179
f 754/1/179 761/1/179 792/1/179
f 792/1/808 762/1/808 753/1/808
f 756/1/809 758/1/809 759/1/809
f 781/1/179 779/1/179 787/1/179
f 1034/1/810 793/1/810 797/1/810
f 797/1/182 698/1/182 1037/1/182
f 800/1/175 794/1/175 795/1/175
f 1032/1/183 694/1/183 795/1/183
f 795/1/811 794/1/811 1033/1/811
f 1034/1/189 1037/1/189 1032/1/189
f 782/1/192 697/1/192 717/1/192
f 701/1/193 696/1/193 697/1/193
f 700/1/213 695/1/213 696/1/213
f 689/1/208 695/1/208 700/1/208
f 702/1/196 688/1/196 689/1/196
f 687/1/197 688/1/197 702/1/197
f 714/1/198 709/1/198 687/1/198
f 715/1/210 710/1/210 709/1/210
f 711/1/200 710/1/200 715/1/200
f 711/1/201 716/1/201 712/1/201
f 704/1/211 703/1/211 712/1/211
f 705/1/215 704/1/215 778/1/215
f 781/1/216 719/1/216 705/1/216
f 720/1/205 719/1/205 781/1/205
f 718/1/206 720/1/206 780/1/206
f 783/1/212 717/1/212 718/1/212
f 737/1/192 732/1/192 733/1/192
f 724/1/193 732/1/193 737/1/193
f 723/1/194 724/1/194 736/1/194
f 721/1/195 723/1/195 735/1/195
f 730/1/812 722/1/812 721/1/812
f 721/1/209 788/1/209 789/1/209
f 789/1/209 787/1/209 730/1/209
f 785/1/197 729/1/197 730/1/197
f 786/1/198 706/1/198 729/1/198
f 790/1/199 707/1/199 706/1/199
f 707/1/200 790/1/200 791/1/200
f 708/1/201 791/1/201 792/1/201
f 725/1/211 731/1/211 792/1/211
f 725/1/203 751/1/203 752/1/203
f 727/1/216 726/1/216 752/1/216
f 738/1/813 728/1/813 727/1/813
f 740/1/206 734/1/206 728/1/206
f 733/1/217 734/1/217 740/1/217
f 672/1/192 671/1/192 773/1/192
f 670/1/193 672/1/193 772/1/193
f 760/1/194 748/1/194 670/1/194
f 757/1/208 747/1/208 748/1/208
f 756/1/209 741/1/209 742/1/209
f 742/1/209 747/1/209 757/1/209
f 757/1/814 758/1/814 756/1/814
f 761/1/197 743/1/197 741/1/197
f 745/1/198 743/1/198 761/1/198
f 753/1/210 746/1/210 745/1/210
f 744/1/200 746/1/200 753/1/200
f 744/1/201 762/1/201 769/1/201
f 749/1/202 769/1/202 770/1/202
f 763/1/215 677/1/215 750/1/215
f 676/1/216 677/1/216 763/1/216
f 765/1/205 675/1/205 676/1/205
f 774/1/206 673/1/206 675/1/206
f 773/1/212 671/1/212 673/1/212
f 771/1/192 685/1/192 1018/1/192
f 683/1/193 685/1/193 771/1/193
f 684/1/194 683/1/194 777/1/194
f 775/1/195 682/1/195 684/1/195
f 766/1/815 679/1/815 680/1/815
f 680/1/196 682/1/196 775/1/196
f 767/1/197 678/1/197 681/1/197
f 681/1/816 679/1/816 766/1/816
f 766/1/817 768/1/817 767/1/817
f 674/1/198 678/1/198 767/1/198
f 1024/1/199 1009/1/199 674/1/199
f 1010/1/200 1009/1/200 1024/1/200
f 1013/1/201 1010/1/201 1022/1/201
f 1026/1/818 1014/1/818 1013/1/818
f 1029/1/203 1015/1/203 1014/1/203
f 1015/1/204 1029/1/204 1031/1/204
f 1011/1/205 1012/1/205 1031/1/205
f 1028/1/206 1019/1/206 1011/1/206
f 1027/1/212 1018/1/212 1019/1/212
f 1002/1/218 876/1/218 875/1/218
f 916/1/220 947/1/220 918/1/220
f 947/1/221 932/1/221 931/1/221
f 947/1/819 931/1/819 942/1/819
f 984/1/819 986/1/819 875/1/819
f 983/1/820 984/1/820 875/1/820
f 947/1/820 942/1/820 938/1/820
f 875/1/221 947/1/221 938/1/221
f 985/1/819 983/1/819 875/1/819
f 977/1/821 985/1/821 875/1/821
f 875/1/822 938/1/822 939/1/822
f 875/1/820 939/1/820 940/1/820
f 977/1/819 875/1/819 940/1/819
f 977/1/221 940/1/221 941/1/221
f 991/1/819 977/1/819 941/1/819
f 991/1/221 941/1/221 943/1/221
f 992/1/221 991/1/221 943/1/221
f 992/1/819 943/1/819 944/1/819
f 995/1/820 992/1/820 944/1/820
f 995/1/820 944/1/820 945/1/820
f 996/1/221 995/1/221 945/1/221
f 996/1/221 945/1/221 946/1/221
f 997/1/221 996/1/221 946/1/221
f 997/1/820 946/1/820 953/1/820
f 1000/1/822 997/1/822 953/1/822
f 952/1/221 951/1/221 958/1/221
f 999/1/823 1000/1/823 953/1/823
f 953/1/221 952/1/221 958/1/221
f 1004/1/820 994/1/820 998/1/820
f 999/1/221 953/1/221 958/1/221
f 1004/1/221 998/1/221 999/1/221
f 1004/1/221 875/1/221 986/1/221
f 1004/1/819 986/1/819 987/1/819
f 993/1/221 994/1/221 1004/1/221
f 933/1/824 932/1/824 947/1/824
f 947/1/221 958/1/221 951/1/221
f 950/1/221 933/1/221 947/1/221
f 948/1/222 958/1/222 947/1/222
f 948/1/226 916/1/226 922/1/226
f 948/1/226 922/1/226 929/1/226
f 930/1/226 937/1/226 948/1/226
f 948/1/825 937/1/825 934/1/825
f 948/1/226 934/1/226 936/1/226
f 1001/1/226 990/1/226 1002/1/226
f 975/1/826 1001/1/826 1002/1/826
f 1002/1/226 948/1/226 936/1/226
f 1002/1/826 936/1/826 935/1/826
f 974/1/827 975/1/827 1002/1/827
f 974/1/226 1002/1/226 935/1/226
f 974/1/828 935/1/828 928/1/828
f 973/1/826 974/1/826 928/1/826
f 973/1/226 928/1/226 927/1/226
f 972/1/226 973/1/226 927/1/226
f 972/1/826 927/1/826 926/1/826
f 971/1/226 972/1/226 926/1/226
f 971/1/226 926/1/226 925/1/226
f 970/1/226 971/1/226 925/1/226
f 970/1/826 925/1/826 924/1/826
f 969/1/826 970/1/826 924/1/826
f 969/1/825 924/1/825 923/1/825
f 979/1/829 969/1/829 923/1/829
f 979/1/830 923/1/830 919/1/830
f 978/1/828 979/1/828 919/1/828
f 876/1/226 982/1/226 981/1/226
f 920/1/826 922/1/826 916/1/826
f 921/1/226 920/1/226 916/1/226
f 876/1/826 981/1/826 980/1/826
f 876/1/828 980/1/828 978/1/828
f 919/1/826 921/1/826 916/1/826
f 876/1/826 978/1/826 919/1/826
f 988/1/826 982/1/826 876/1/826
f 876/1/226 1002/1/226 990/1/226
f 989/1/226 988/1/226 876/1/226
f 1004/1/227 958/1/227 956/1/227
f 956/1/831 976/1/831 1005/1/831
f 872/1/228 874/1/228 875/1/228
f 1006/1/230 948/1/230 1002/1/230
f 1002/1/832 1004/1/832 1005/1/832
f 956/1/232 958/1/232 948/1/232
f 918/1/233 947/1/233 875/1/233
f 924/1/234 925/1/234 941/1/234
f 940/1/833 939/1/833 923/1/833
f 923/1/236 939/1/236 938/1/236
f 942/1/237 921/1/237 919/1/237
f 931/1/238 920/1/238 921/1/238
f 922/1/834 920/1/834 931/1/834
f 933/1/835 929/1/835 922/1/835
f 930/1/241 929/1/241 933/1/241
f 930/1/242 950/1/242 951/1/242
f 934/1/243 937/1/243 951/1/243
f 936/1/244 934/1/244 952/1/244
f 935/1/245 936/1/245 953/1/245
f 945/1/246 928/1/246 935/1/246
f 927/1/247 928/1/247 945/1/247
f 943/1/836 926/1/836 927/1/836
f 925/1/249 926/1/249 943/1/249
f 984/1/234 981/1/234 982/1/234
f 980/1/235 981/1/235 984/1/235
f 980/1/236 983/1/236 985/1/236
f 977/1/237 979/1/237 978/1/237
f 969/1/238 979/1/238 977/1/238
f 992/1/239 970/1/239 969/1/239
f 971/1/837 970/1/837 992/1/837
f 972/1/241 971/1/241 995/1/241
f 997/1/242 973/1/242 972/1/242
f 974/1/243 973/1/243 997/1/243
f 975/1/244 974/1/244 1000/1/244
f 999/1/245 998/1/245 1001/1/245
f 998/1/246 994/1/246 990/1/246
f 993/1/247 989/1/247 990/1/247
f 993/1/836 987/1/836 988/1/836
f 982/1/249 988/1/249 987/1/249
f 481/1/253 483/1/253 466/1/253
f 466/1/254 489/1/254 485/1/254
f 466/1/838 485/1/838 484/1/838
f 482/1/254 481/1/254 466/1/254
f 526/1/254 527/1/254 530/1/254
f 466/1/254 483/1/254 468/1/254
f 466/1/253 468/1/253 494/1/253
f 525/1/254 526/1/254 530/1/254
f 524/1/253 525/1/253 530/1/253
f 530/1/254 466/1/254 494/1/254
f 530/1/839 494/1/839 504/1/839
f 524/1/254 530/1/254 504/1/254
f 524/1/254 504/1/254 505/1/254
f 523/1/253 524/1/253 505/1/253
f 523/1/253 505/1/253 506/1/253
f 522/1/254 523/1/254 506/1/254
f 522/1/254 506/1/254 507/1/254
f 510/1/253 522/1/253 507/1/253
f 510/1/253 507/1/253 508/1/253
f 511/1/254 510/1/254 508/1/254
f 511/1/254 508/1/254 509/1/254
f 512/1/840 511/1/840 509/1/840
f 512/1/254 509/1/254 488/1/254
f 533/1/254 512/1/254 488/1/254
f 533/1/838 488/1/838 487/1/838
f 540/1/254 533/1/254 487/1/254
f 486/1/254 485/1/254 489/1/254
f 541/1/841 540/1/841 487/1/841
f 487/1/254 486/1/254 489/1/254
f 549/1/254 542/1/254 541/1/254
f 541/1/254 487/1/254 489/1/254
f 549/1/254 530/1/254 527/1/254
f 549/1/254 527/1/254 543/1/254
f 545/1/254 542/1/254 549/1/254
f 549/1/253 543/1/253 544/1/253
f 466/1/255 530/1/255 529/1/255
f 520/1/258 530/1/258 549/1/258
f 478/1/259 474/1/259 475/1/259
f 478/1/842 475/1/842 476/1/842
f 535/1/259 536/1/259 539/1/259
f 534/1/842 535/1/842 539/1/842
f 539/1/259 478/1/259 476/1/259
f 539/1/259 476/1/259 477/1/259
f 503/1/259 534/1/259 539/1/259
f 503/1/259 539/1/259 477/1/259
f 503/1/259 477/1/259 499/1/259
f 502/1/259 503/1/259 499/1/259
f 502/1/260 499/1/260 498/1/260
f 501/1/842 502/1/842 498/1/842
f 501/1/842 498/1/842 497/1/842
f 500/1/260 501/1/260 497/1/260
f 500/1/259 497/1/259 496/1/259
f 514/1/259 500/1/259 496/1/259
f 514/1/842 496/1/842 495/1/842
f 513/1/259 514/1/259 495/1/259
f 513/1/259 495/1/259 493/1/259
f 515/1/843 513/1/843 493/1/843
f 515/1/844 493/1/844 492/1/844
f 463/1/259 462/1/259 464/1/259
f 520/1/259 518/1/259 517/1/259
f 520/1/259 517/1/259 516/1/259
f 492/1/842 463/1/842 464/1/842
f 520/1/842 516/1/842 515/1/842
f 515/1/259 492/1/259 464/1/259
f 539/1/842 536/1/842 538/1/842
f 539/1/259 538/1/259 537/1/259
f 518/1/259 520/1/259 539/1/259
f 539/1/842 537/1/842 519/1/842
f 464/1/259 462/1/259 471/1/259
f 464/1/259 471/1/259 472/1/259
f 474/1/259 478/1/259 464/1/259
f 464/1/842 472/1/842 473/1/842
f 465/1/845 464/1/845 466/1/845
f 464/1/263 478/1/263 489/1/263
f 539/1/846 549/1/846 550/1/846
f 531/1/264 478/1/264 539/1/264
f 528/1/266 529/1/266 530/1/266
f 549/1/267 489/1/267 532/1/267
f 478/1/268 479/1/268 490/1/268
f 463/1/269 492/1/269 494/1/269
f 483/1/270 462/1/270 463/1/270
f 481/1/847 471/1/847 462/1/847
f 471/1/272 481/1/272 482/1/272
f 473/1/273 472/1/273 482/1/273
f 473/1/274 484/1/274 485/1/274
f 474/1/275 485/1/275 486/1/275
f 476/1/276 475/1/276 486/1/276
f 477/1/277 476/1/277 487/1/277
f 477/1/278 488/1/278 509/1/278
f 498/1/848 499/1/848 509/1/848
f 507/1/280 497/1/280 498/1/280
f 496/1/281 497/1/281 507/1/281
f 505/1/282 495/1/282 496/1/282
f 493/1/283 495/1/283 505/1/283
f 494/1/284 492/1/284 493/1/284
f 513/1/269 515/1/269 524/1/269
f 514/1/270 513/1/270 523/1/270
f 510/1/847 500/1/847 514/1/847
f 500/1/272 510/1/272 511/1/272
f 501/1/273 511/1/273 512/1/273
f 503/1/274 502/1/274 512/1/274
f 534/1/275 503/1/275 533/1/275
f 534/1/276 540/1/276 541/1/276
f 536/1/277 535/1/277 541/1/277
f 536/1/278 542/1/278 545/1/278
f 538/1/848 545/1/848 544/1/848
f 543/1/280 519/1/280 537/1/280
f 518/1/281 519/1/281 543/1/281
f 526/1/282 517/1/282 518/1/282
f 525/1/283 516/1/283 517/1/283
f 515/1/284 516/1/284 525/1/284
f 857/1/286 831/1/286 832/1/286
f 857/1/849 832/1/849 837/1/849
f 908/1/286 907/1/286 914/1/286
f 904/1/286 908/1/286 914/1/286
f 914/1/286 857/1/286 837/1/286
f 914/1/286 837/1/286 835/1/286
f 903/1/286 904/1/286 914/1/286
f 902/1/286 903/1/286 914/1/286
f 914/1/286 835/1/286 836/1/286
f 914/1/286 836/1/286 834/1/286
f 902/1/286 914/1/286 834/1/286
f 902/1/286 834/1/286 833/1/286
f 901/1/286 902/1/286 833/1/286
f 901/1/286 833/1/286 828/1/286
f 896/1/286 901/1/286 828/1/286
f 896/1/849 828/1/849 827/1/849
f 895/1/286 896/1/286 827/1/286
f 895/1/850 827/1/850 826/1/850
f 894/1/286 895/1/286 826/1/286
f 893/1/286 894/1/286 826/1/286
f 897/1/851 893/1/851 826/1/851
f 871/1/286 899/1/286 898/1/286
f 822/1/286 823/1/286 803/1/286
f 825/1/286 822/1/286 803/1/286
f 871/1/849 898/1/849 897/1/849
f 826/1/852 825/1/852 803/1/852
f 871/1/286 897/1/286 826/1/286
f 871/1/286 914/1/286 907/1/286
f 871/1/853 907/1/853 906/1/853
f 900/1/849 899/1/849 871/1/849
f 871/1/286 906/1/286 905/1/286
f 865/1/286 803/1/286 823/1/286
f 865/1/286 823/1/286 824/1/286
f 857/1/286 847/1/286 866/1/286
f 866/1/286 865/1/286 824/1/286
f 866/1/849 824/1/849 829/1/849
f 831/1/286 857/1/286 866/1/286
f 866/1/286 829/1/286 830/1/286
f 909/1/287 859/1/287 857/1/287
f 857/1/287 914/1/287 915/1/287
f 801/1/288 802/1/288 804/1/288
f 801/1/289 803/1/289 865/1/289
f 910/1/854 842/1/854 843/1/854
f 843/1/290 852/1/290 864/1/290
f 869/1/291 912/1/291 914/1/291
f 841/1/855 842/1/855 910/1/855
f 912/1/856 840/1/856 841/1/856
f 841/1/857 911/1/857 913/1/857
f 809/1/293 808/1/293 801/1/293
f 801/1/293 844/1/293 845/1/293
f 845/1/293 816/1/293 815/1/293
f 814/1/293 809/1/293 801/1/293
f 845/1/293 815/1/293 814/1/293
f 869/1/858 883/1/858 884/1/858
f 869/1/293 884/1/293 890/1/293
f 892/1/293 912/1/293 869/1/293
f 869/1/293 890/1/293 891/1/293
f 882/1/293 883/1/293 869/1/293
f 801/1/293 808/1/293 807/1/293
f 801/1/293 807/1/293 806/1/293
f 881/1/858 882/1/858 869/1/858
f 877/1/859 881/1/859 869/1/859
f 801/1/293 806/1/293 810/1/293
f 801/1/860 810/1/860 813/1/860
f 877/1/293 869/1/293 801/1/293
f 880/1/858 877/1/858 801/1/858
f 880/1/293 801/1/293 813/1/293
f 878/1/293 880/1/293 813/1/293
f 878/1/293 813/1/293 811/1/293
f 879/1/293 878/1/293 811/1/293
f 879/1/293 811/1/293 812/1/293
f 885/1/293 879/1/293 812/1/293
f 885/1/293 812/1/293 818/1/293
f 886/1/858 885/1/858 818/1/858
f 886/1/293 818/1/293 819/1/293
f 887/1/858 886/1/858 819/1/858
f 887/1/293 819/1/293 821/1/293
f 888/1/861 887/1/861 821/1/861
f 888/1/293 821/1/293 820/1/293
f 912/1/293 892/1/293 889/1/293
f 888/1/858 820/1/858 817/1/858
f 912/1/293 889/1/293 888/1/293
f 846/1/293 840/1/293 912/1/293
f 816/1/293 845/1/293 846/1/293
f 912/1/293 888/1/293 817/1/293
f 817/1/858 816/1/858 846/1/858
f 912/1/295 913/1/295 915/1/295
f 864/1/862 852/1/862 853/1/862
f 853/1/296 855/1/296 857/1/296
f 857/1/296 859/1/296 864/1/296
f 870/1/297 868/1/297 869/1/297
f 805/1/298 802/1/298 801/1/298
f 803/1/299 804/1/299 870/1/299
f 813/1/301 827/1/301 828/1/301
f 811/1/302 828/1/302 833/1/302
f 818/1/303 812/1/303 833/1/303
f 819/1/317 818/1/317 834/1/317
f 821/1/863 819/1/863 836/1/863
f 820/1/306 821/1/306 835/1/306
f 817/1/307 820/1/307 837/1/307
f 831/1/308 816/1/308 817/1/308
f 815/1/309 816/1/309 831/1/309
f 814/1/864 815/1/864 830/1/864
f 809/1/311 814/1/311 829/1/311
f 823/1/865 808/1/865 809/1/865
f 807/1/313 808/1/313 823/1/313
f 825/1/314 806/1/314 807/1/314
f 810/1/315 806/1/315 825/1/315
f 810/1/316 826/1/316 827/1/316
f 883/1/301 882/1/301 898/1/301
f 883/1/866 899/1/866 900/1/866
f 900/1/303 905/1/303 890/1/303
f 906/1/304 891/1/304 890/1/304
f 892/1/305 891/1/305 906/1/305
f 908/1/306 889/1/306 892/1/306
f 904/1/307 888/1/307 889/1/307
f 887/1/308 888/1/308 904/1/308
f 902/1/309 886/1/309 887/1/309
f 885/1/310 886/1/310 902/1/310
f 896/1/311 879/1/311 885/1/311
f 895/1/867 878/1/867 879/1/867
f 894/1/313 880/1/313 878/1/313
f 893/1/314 877/1/314 880/1/314
f 877/1/868 893/1/868 897/1/868
f 882/1/316 881/1/316 897/1/316
f 860/1/321 458/1/321 461/1/321
f 862/1/321 854/1/321 860/1/321
f 452/1/322 429/1/322 838/1/322
f 838/1/322 839/1/322 846/1/322
f 838/1/322 846/1/322 845/1/322
f 865/1/322 866/1/322 452/1/322
f 838/1/322 845/1/322 844/1/322
f 844/1/322 865/1/322 452/1/322
f 276/1/869 446/1/869 445/1/869
f 434/1/323 441/1/323 443/1/323
f 434/1/869 443/1/869 442/1/869
f 856/1/323 858/1/323 434/1/323
f 855/1/323 853/1/323 856/1/323
f 847/1/323 855/1/323 856/1/323
f 434/1/323 442/1/323 449/1/323
f 434/1/324 449/1/324 450/1/324
f 847/1/869 856/1/869 434/1/869
f 439/1/323 440/1/323 452/1/323
f 437/1/869 439/1/869 452/1/869
f 447/1/323 446/1/323 276/1/323
f 447/1/869 276/1/869 277/1/869
f 448/1/324 447/1/324 277/1/324
f 448/1/323 277/1/323 278/1/323
f 450/1/869 448/1/869 278/1/869
f 450/1/869 278/1/869 279/1/869
f 438/1/323 437/1/323 452/1/323
f 438/1/869 452/1/869 866/1/869
f 434/1/323 450/1/323 279/1/323
f 434/1/869 279/1/869 280/1/869
f 436/1/870 438/1/870 866/1/870
f 435/1/869 436/1/869 866/1/869
f 434/1/871 280/1/871 271/1/871
f 847/1/869 434/1/869 271/1/869
f 275/1/869 445/1/869 444/1/869
f 274/1/324 275/1/324 444/1/324
f 866/1/323 847/1/323 271/1/323
f 866/1/323 271/1/323 270/1/323
f 274/1/323 444/1/323 435/1/323
f 253/1/869 274/1/869 435/1/869
f 866/1/869 270/1/869 269/1/869
f 866/1/324 269/1/324 268/1/324
f 252/1/324 253/1/324 435/1/324
f 251/1/869 252/1/869 435/1/869
f 866/1/869 268/1/869 267/1/869
f 866/1/323 267/1/323 266/1/323
f 251/1/872 435/1/872 866/1/872
f 250/1/323 251/1/323 866/1/323
f 866/1/869 266/1/869 249/1/869
f 839/1/873 843/1/873 842/1/873
f 839/1/874 842/1/874 841/1/874
f 840/1/323 846/1/323 839/1/323
f 461/1/323 459/1/323 863/1/323
f 863/1/323 861/1/323 862/1/323
f 454/1/869 452/1/869 440/1/869
f 440/1/323 441/1/323 434/1/323
f 434/1/323 453/1/323 454/1/323
f 852/1/326 843/1/326 839/1/326
f 839/1/326 838/1/326 849/1/326
f 849/1/875 850/1/875 856/1/875
f 856/1/326 853/1/326 852/1/326
f 852/1/326 839/1/326 849/1/326
f 433/1/876 426/1/876 425/1/876
f 425/1/877 429/1/877 457/1/877
f 419/1/327 421/1/327 260/1/327
f 419/1/878 260/1/878 259/1/878
f 417/1/327 419/1/327 259/1/327
f 417/1/877 259/1/877 258/1/877
f 418/1/879 417/1/879 258/1/879
f 418/1/327 258/1/327 248/1/327
f 420/1/880 418/1/880 248/1/880
f 420/1/876 248/1/876 247/1/876
f 273/1/327 272/1/327 422/1/327
f 273/1/877 422/1/877 423/1/877
f 262/1/327 273/1/327 423/1/327
f 262/1/327 423/1/327 430/1/327
f 263/1/876 262/1/876 430/1/876
f 263/1/877 430/1/877 431/1/877
f 264/1/877 263/1/877 431/1/877
f 261/1/881 264/1/881 431/1/881
f 428/1/877 426/1/877 433/1/877
f 429/1/877 425/1/877 424/1/877
f 429/1/877 424/1/877 416/1/877
f 427/1/327 428/1/327 433/1/327
f 432/1/327 427/1/327 433/1/327
f 429/1/327 416/1/327 420/1/327
f 429/1/327 420/1/327 247/1/327
f 431/1/882 432/1/882 433/1/882
f 261/1/877 431/1/877 433/1/877
f 838/1/877 429/1/877 247/1/877
f 838/1/883 247/1/883 246/1/883
f 261/1/877 433/1/877 849/1/877
f 265/1/327 261/1/327 849/1/327
f 849/1/877 838/1/877 246/1/877
f 849/1/881 246/1/881 245/1/881
f 256/1/876 265/1/876 849/1/876
f 257/1/327 256/1/327 849/1/327
f 849/1/876 245/1/876 254/1/876
f 255/1/876 257/1/876 849/1/876
f 421/1/877 422/1/877 272/1/877
f 457/1/328 429/1/328 452/1/328
f 452/1/328 454/1/328 451/1/328
f 440/1/329 425/1/329 426/1/329
f 439/1/884 424/1/884 425/1/884
f 416/1/331 424/1/331 439/1/331
f 420/1/332 416/1/332 437/1/332
f 436/1/333 418/1/333 420/1/333
f 435/1/334 417/1/334 418/1/334
f 417/1/335 435/1/335 444/1/335
f 421/1/336 419/1/336 444/1/336
f 446/1/337 422/1/337 421/1/337
f 447/1/885 423/1/885 422/1/885
f 423/1/347 447/1/347 448/1/347
f 450/1/340 431/1/340 430/1/340
f 449/1/341 432/1/341 431/1/341
f 442/1/886 427/1/886 432/1/886
f 428/1/887 427/1/887 442/1/887
f 441/1/344 426/1/344 428/1/344
f 274/1/888 259/1/888 260/1/888
f 260/1/889 272/1/889 273/1/889
f 273/1/888 277/1/888 276/1/888
f 275/1/890 274/1/890 260/1/890
f 273/1/329 276/1/329 275/1/329
f 253/1/884 258/1/884 259/1/884
f 248/1/891 258/1/891 253/1/891
f 247/1/332 248/1/332 252/1/332
f 250/1/892 246/1/892 247/1/892
f 249/1/893 245/1/893 246/1/893
f 254/1/345 245/1/345 249/1/345
f 255/1/336 254/1/336 266/1/336
f 255/1/337 267/1/337 268/1/337
f 256/1/885 257/1/885 268/1/885
f 265/1/339 256/1/339 269/1/339
f 271/1/894 261/1/894 265/1/894
f 264/1/341 261/1/341 271/1/341
f 263/1/886 264/1/886 280/1/886
f 278/1/343 262/1/343 263/1/343
f 277/1/344 273/1/344 262/1/344
f 212/1/7 213/1/7 95/1/7
f 94/1/895 92/1/895 227/1/895
f 94/1/350 227/1/350 228/1/350
f 216/1/896 215/1/896 212/1/896
f 211/1/897 218/1/897 219/1/897
f 219/1/898 216/1/898 212/1/898
f 94/1/895 228/1/895 237/1/895
f 94/1/895 237/1/895 236/1/895
f 210/1/899 211/1/899 219/1/899
f 210/1/900 219/1/900 212/1/900
f 212/1/350 94/1/350 236/1/350
f 209/1/901 210/1/901 212/1/901
f 227/1/902 92/1/902 95/1/902
f 229/1/902 227/1/902 95/1/902
f 241/1/902 231/1/902 229/1/902
f 224/1/902 226/1/902 241/1/902
f 220/1/902 221/1/902 222/1/902
f 220/1/903 222/1/903 224/1/903
f 215/1/904 216/1/904 220/1/904
f 229/1/905 95/1/905 238/1/905
f 241/1/906 229/1/906 238/1/906
f 213/1/902 215/1/902 220/1/902
f 224/1/907 241/1/907 238/1/907
f 213/1/902 220/1/902 224/1/902
f 228/1/353 153/1/353 150/1/353
f 228/1/353 150/1/353 207/1/353
f 208/1/353 237/1/353 228/1/353
f 236/1/354 237/1/354 239/1/354
f 142/1/361 145/1/361 218/1/361
f 147/1/908 146/1/908 145/1/908
f 145/1/357 142/1/357 150/1/357
f 150/1/357 153/1/357 152/1/357
f 150/1/357 152/1/357 151/1/357
f 147/1/357 145/1/357 150/1/357
f 149/1/909 148/1/909 152/1/909
f 152/1/356 153/1/356 228/1/356
f 152/1/356 228/1/356 227/1/356
f 234/1/356 149/1/356 152/1/356
f 229/1/358 231/1/358 230/1/358
f 234/1/356 152/1/356 227/1/356
f 227/1/910 229/1/910 230/1/910
f 232/1/359 224/1/359 222/1/359
f 222/1/684 223/1/684 234/1/684
f 234/1/911 233/1/911 225/1/911
f 225/1/912 232/1/912 222/1/912
f 239/1/357 211/1/357 210/1/357
f 210/1/913 209/1/913 240/1/913
f 235/1/360 230/1/360 231/1/360
f 231/1/353 241/1/353 242/1/353
f 143/1/361 144/1/361 217/1/361
f 218/1/364 145/1/364 143/1/364
f 143/1/362 214/1/362 219/1/362
f 226/1/362 232/1/362 242/1/362
f 148/1/357 144/1/357 143/1/357
f 143/1/908 145/1/908 146/1/908
f 146/1/908 147/1/908 151/1/908
f 151/1/357 152/1/357 148/1/357
f 148/1/357 143/1/357 146/1/357
f 217/1/356 144/1/356 148/1/356
f 149/1/356 234/1/356 217/1/356
f 216/1/359 219/1/359 214/1/359
f 217/1/366 234/1/366 223/1/366
f 223/1/911 220/1/911 216/1/911
f 216/1/366 214/1/366 217/1/366
f 232/1/912 225/1/912 233/1/912
f 233/1/366 234/1/366 235/1/366
f 235/1/366 242/1/366 232/1/366
f 199/1/914 200/1/914 8/1/914
f 6/1/915 202/1/915 205/1/915
f 205/1/360 206/1/360 204/1/360
f 205/1/916 204/1/916 203/1/916
f 191/1/917 199/1/917 8/1/917
f 190/1/918 191/1/918 8/1/918
f 205/1/353 203/1/353 195/1/353
f 205/1/353 195/1/353 196/1/353
f 193/1/917 190/1/917 8/1/917
f 192/1/360 193/1/360 8/1/360
f 205/1/360 196/1/360 188/1/360
f 205/1/919 188/1/919 187/1/919
f 192/1/360 8/1/360 6/1/360
f 176/1/360 192/1/360 6/1/360
f 205/1/353 187/1/353 186/1/353
f 205/1/353 186/1/353 183/1/353
f 175/1/353 176/1/353 6/1/353
f 177/1/353 175/1/353 6/1/353
f 6/1/360 205/1/360 183/1/360
f 6/1/353 183/1/353 189/1/353
f 174/1/360 177/1/360 6/1/360
f 173/1/353 174/1/353 6/1/353
f 6/1/917 189/1/917 182/1/917
f 181/1/360 173/1/360 6/1/360
f 206/1/360 8/1/360 200/1/360
f 206/1/360 200/1/360 194/1/360
f 197/1/353 204/1/353 206/1/353
f 206/1/353 194/1/353 198/1/353
f 7/1/920 166/1/920 165/1/920
f 7/1/361 165/1/361 164/1/361
f 168/1/361 201/1/361 141/1/361
f 159/1/354 168/1/354 141/1/354
f 7/1/354 164/1/354 163/1/354
f 7/1/361 163/1/361 162/1/361
f 160/1/921 159/1/921 141/1/921
f 161/1/922 160/1/922 141/1/922
f 5/1/361 7/1/361 162/1/361
f 5/1/923 162/1/923 156/1/923
f 158/1/361 161/1/361 141/1/361
f 185/1/354 158/1/354 141/1/354
f 5/1/924 156/1/924 157/1/924
f 5/1/354 157/1/354 155/1/354
f 184/1/361 185/1/361 141/1/361
f 180/1/922 184/1/922 141/1/922
f 5/1/361 155/1/361 154/1/361
f 5/1/361 154/1/361 169/1/361
f 180/1/361 141/1/361 5/1/361
f 179/1/925 180/1/925 5/1/925
f 5/1/354 169/1/354 170/1/354
f 5/1/361 170/1/361 172/1/361
f 178/1/361 179/1/361 5/1/361
f 5/1/354 172/1/354 171/1/354
f 166/1/354 7/1/354 201/1/354
f 201/1/361 168/1/361 167/1/361
f 6/1/357 8/1/357 7/1/357
f 7/1/356 8/1/356 206/1/356
f 205/1/366 141/1/366 201/1/366
f 178/1/926 189/1/926 183/1/926
f 179/1/927 183/1/927 186/1/927
f 187/1/928 184/1/928 180/1/928
f 184/1/929 187/1/929 188/1/929
f 196/1/930 158/1/930 185/1/930
f 161/1/373 158/1/373 196/1/373
f 161/1/374 195/1/374 203/1/374
f 197/1/931 159/1/931 160/1/931
f 160/1/931 203/1/931 204/1/931
f 168/1/376 159/1/376 197/1/376
f 167/1/932 168/1/932 198/1/932
f 166/1/933 167/1/933 194/1/933
f 166/1/379 200/1/379 199/1/379
f 164/1/380 165/1/380 199/1/380
f 163/1/934 164/1/934 191/1/934
f 193/1/935 162/1/935 163/1/935
f 162/1/383 193/1/383 192/1/383
f 176/1/384 157/1/384 156/1/384
f 155/1/385 157/1/385 176/1/385
f 155/1/386 175/1/386 177/1/386
f 174/1/936 169/1/936 154/1/936
f 169/1/388 174/1/388 173/1/388
f 172/1/937 170/1/937 173/1/937
f 171/1/938 172/1/938 181/1/938
f 171/1/939 182/1/939 189/1/939
f 654/1/393 653/1/393 663/1/393
f 650/1/940 647/1/940 659/1/940
f 651/1/394 667/1/394 658/1/394
f 654/1/941 664/1/941 665/1/941
f 659/1/401 656/1/401 657/1/401
f 659/1/401 657/1/401 660/1/401
f 658/1/396 667/1/396 662/1/396
f 659/1/401 660/1/401 661/1/401
f 661/1/401 658/1/401 662/1/401
f 647/1/942 642/1/942 643/1/942
f 643/1/397 656/1/397 659/1/397
f 651/1/399 645/1/399 649/1/399
f 648/1/943 642/1/943 647/1/943
f 650/1/399 651/1/399 649/1/399
f 649/1/944 648/1/944 647/1/944
f 655/1/945 644/1/945 646/1/945
f 646/1/395 645/1/395 658/1/395
f 657/1/401 656/1/401 655/1/401
f 655/1/946 666/1/946 658/1/946
f 658/1/947 661/1/947 660/1/947
f 657/1/396 655/1/396 658/1/396
f 643/1/397 644/1/397 655/1/397
f 649/1/948 645/1/948 646/1/948
f 646/1/399 644/1/399 643/1/399
f 643/1/399 642/1/399 648/1/399
f 648/1/399 649/1/399 646/1/399
f 1087/1/403 1084/1/403 1085/1/403
f 1100/1/949 1079/1/949 1077/1/949
f 1092/1/950 1093/1/950 1075/1/950
f 960/1/403 1067/1/403 1085/1/403
f 1085/1/950 1084/1/950 1083/1/950
f 1085/1/403 1083/1/403 1058/1/403
f 1092/1/403 1075/1/403 966/1/403
f 1091/1/951 1092/1/951 966/1/951
f 960/1/949 1085/1/949 1058/1/949
f 960/1/952 1058/1/952 1057/1/952
f 1082/1/403 1091/1/403 966/1/403
f 1081/1/403 1082/1/403 966/1/403
f 960/1/950 1057/1/950 1056/1/950
f 960/1/403 1056/1/403 1055/1/403
f 1080/1/403 1081/1/403 966/1/403
f 968/1/953 1080/1/953 966/1/953
f 960/1/950 1055/1/950 1054/1/950
f 960/1/953 1054/1/953 961/1/953
f 967/1/950 968/1/950 966/1/950
f 965/1/403 967/1/403 966/1/403
f 960/1/403 961/1/403 963/1/403
f 960/1/954 963/1/954 962/1/954
f 964/1/953 965/1/953 966/1/953
f 960/1/955 962/1/955 964/1/955
f 1064/1/405 1065/1/405 1066/1/405
f 1066/1/405 1068/1/405 1048/1/405
f 959/1/405 1074/1/405 1072/1/405
f 1072/1/956 1097/1/956 1096/1/956
f 1072/1/405 1096/1/405 1071/1/405
f 1062/1/957 1064/1/957 1066/1/957
f 1061/1/958 1062/1/958 1066/1/958
f 959/1/957 1072/1/957 1071/1/957
f 959/1/405 1071/1/405 1070/1/405
f 1061/1/405 1066/1/405 1048/1/405
f 1060/1/956 1061/1/956 1048/1/956
f 959/1/405 1070/1/405 1047/1/405
f 959/1/958 1047/1/958 1046/1/958
f 1059/1/405 1060/1/405 1048/1/405
f 1053/1/405 1059/1/405 1048/1/405
f 959/1/405 1046/1/405 1045/1/405
f 959/1/956 1045/1/956 1044/1/956
f 1052/1/957 1053/1/957 1048/1/957
f 1050/1/956 1052/1/956 1048/1/956
f 959/1/958 1044/1/958 1043/1/958
f 959/1/405 1043/1/405 1042/1/405
f 1049/1/405 1050/1/405 1048/1/405
f 1051/1/956 1049/1/956 1048/1/956
f 959/1/956 1042/1/956 1041/1/956
f 1040/1/405 1051/1/405 1048/1/405
f 959/1/405 1041/1/405 1040/1/405
f 1063/1/959 1097/1/959 1072/1/959
f 1073/1/957 1066/1/957 1065/1/957
f 1063/1/956 1072/1/956 1073/1/956
f 1079/1/406 1100/1/406 1069/1/406
f 1067/1/407 960/1/407 1048/1/407
f 966/1/408 959/1/408 1048/1/408
f 959/1/409 966/1/409 1075/1/409
f 1090/1/410 1063/1/410 1065/1/410
f 1090/1/411 1095/1/411 1097/1/411
f 1095/1/960 1094/1/960 1096/1/960
f 1092/1/961 1071/1/961 1096/1/961
f 1096/1/962 1094/1/962 1093/1/962
f 1071/1/414 1092/1/414 1091/1/414
f 1070/1/415 1091/1/415 1082/1/415
f 1081/1/963 1046/1/963 1047/1/963
f 1080/1/417 1045/1/417 1046/1/417
f 1045/1/418 1080/1/418 968/1/418
f 968/1/419 967/1/419 1043/1/419
f 1042/1/420 1043/1/420 967/1/420
f 1042/1/421 965/1/421 964/1/421
f 1041/1/422 964/1/422 962/1/422
f 962/1/423 963/1/423 1051/1/423
f 1051/1/964 963/1/964 961/1/964
f 961/1/965 1054/1/965 1050/1/965
f 1052/1/966 1050/1/966 1054/1/966
f 1052/1/967 1055/1/967 1056/1/967
f 1053/1/968 1056/1/968 1057/1/968
f 1057/1/429 1058/1/429 1060/1/429
f 1060/1/430 1058/1/430 1083/1/430
f 1062/1/969 1061/1/969 1083/1/969
f 1064/1/970 1062/1/970 1084/1/970
f 1065/1/971 1064/1/971 1087/1/971
f 1087/1/972 1088/1/972 1086/1/972
f 636/1/973 637/1/973 640/1/973
f 640/1/435 598/1/435 635/1/435
f 633/1/434 635/1/434 598/1/434
f 560/1/435 562/1/435 632/1/435
f 560/1/974 632/1/974 631/1/974
f 634/1/435 633/1/435 598/1/435
f 596/1/975 634/1/975 598/1/975
f 560/1/973 631/1/973 630/1/973
f 560/1/973 630/1/973 629/1/973
f 595/1/435 596/1/435 598/1/435
f 594/1/434 595/1/434 598/1/434
f 560/1/434 629/1/434 628/1/434
f 560/1/973 628/1/973 591/1/973
f 594/1/435 598/1/435 560/1/435
f 593/1/435 594/1/435 560/1/435
f 560/1/434 591/1/434 592/1/434
f 564/1/435 639/1/435 638/1/435
f 597/1/437 569/1/437 568/1/437
f 568/1/436 589/1/436 590/1/436
f 568/1/437 590/1/437 588/1/437
f 555/1/438 561/1/438 559/1/438
f 601/1/976 603/1/976 555/1/976
f 599/1/977 600/1/977 602/1/977
f 602/1/436 601/1/436 555/1/436
f 597/1/438 568/1/438 588/1/438
f 597/1/437 588/1/437 587/1/437
f 602/1/438 555/1/438 559/1/438
f 599/1/978 602/1/978 559/1/978
f 597/1/436 587/1/436 578/1/436
f 578/1/979 582/1/979 581/1/979
f 581/1/980 580/1/980 579/1/980
f 597/1/438 578/1/438 581/1/438
f 586/1/981 599/1/981 559/1/981
f 585/1/438 586/1/438 559/1/438
f 559/1/438 597/1/438 581/1/438
f 559/1/982 581/1/982 579/1/982
f 584/1/436 585/1/436 559/1/436
f 583/1/438 584/1/438 559/1/438
f 559/1/981 579/1/981 577/1/981
f 559/1/438 577/1/438 576/1/438
f 575/1/981 583/1/981 559/1/981
f 568/1/983 567/1/983 566/1/983
f 566/1/438 555/1/438 603/1/438
f 566/1/984 603/1/984 606/1/984
f 614/1/438 589/1/438 568/1/438
f 617/1/985 616/1/985 615/1/985
f 615/1/436 614/1/436 568/1/436
f 566/1/436 606/1/436 607/1/436
f 566/1/981 607/1/981 565/1/981
f 615/1/438 568/1/438 566/1/438
f 619/1/986 618/1/986 617/1/986
f 617/1/987 615/1/987 566/1/987
f 566/1/438 565/1/438 619/1/438
f 571/1/437 572/1/437 574/1/437
f 574/1/438 558/1/438 557/1/438
f 574/1/439 639/1/439 564/1/439
f 573/1/440 641/1/440 639/1/440
f 597/1/440 598/1/440 640/1/440
f 597/1/441 559/1/441 560/1/441
f 564/1/442 563/1/442 556/1/442
f 559/1/442 561/1/442 562/1/442
f 592/1/988 591/1/988 576/1/988
f 575/1/988 576/1/988 591/1/988
f 591/1/989 628/1/989 583/1/989
f 629/1/445 584/1/445 583/1/445
f 629/1/446 630/1/446 585/1/446
f 630/1/447 631/1/447 586/1/447
f 599/1/448 586/1/448 631/1/448
f 631/1/990 632/1/990 613/1/990
f 599/1/991 613/1/991 612/1/991
f 602/1/992 600/1/992 612/1/992
f 611/1/993 604/1/993 601/1/993
f 602/1/994 612/1/994 611/1/994
f 603/1/995 601/1/995 604/1/995
f 603/1/996 604/1/996 605/1/996
f 610/1/997 606/1/997 603/1/997
f 608/1/998 607/1/998 606/1/998
f 608/1/999 620/1/999 565/1/999
f 619/1/1000 565/1/1000 620/1/1000
f 622/1/1001 618/1/1001 619/1/1001
f 623/1/1002 617/1/1002 618/1/1002
f 618/1/1003 622/1/1003 624/1/1003
f 616/1/1004 617/1/1004 623/1/1004
f 615/1/1005 616/1/1005 625/1/1005
f 626/1/457 627/1/457 614/1/457
f 615/1/1006 625/1/1006 626/1/1006
f 636/1/458 589/1/458 614/1/458
f 614/1/1007 627/1/1007 637/1/1007
f 635/1/459 590/1/459 589/1/459
f 633/1/460 588/1/460 590/1/460
f 633/1/461 634/1/461 587/1/461
f 578/1/1008 587/1/1008 634/1/1008
f 634/1/1009 596/1/1009 582/1/1009
f 581/1/1010 582/1/1010 596/1/1010
f 596/1/1011 595/1/1011 580/1/1011
f 580/1/1012 595/1/1012 594/1/1012
f 594/1/1013 593/1/1013 577/1/1013
f 1102/1/466 1103/1/466 1104/1/466
f 1105/1/467 1108/1/467 1107/1/467
f 1101/1/468 1105/1/468 1106/1/468
f 1102/1/469 1106/1/469 1107/1/469
f 1107/1/470 1108/1/470 1104/1/470
f 1104/1/471 1108/1/471 1105/1/471
f 1109/1/472 1112/1/472 1114/1/472
f 1110/1/466 1111/1/466 1114/1/466
f 1109/1/1014 1110/1/1014 1113/1/1014
f 1124/1/1015 1120/1/1015 1123/1/1015
f 1115/1/479 1116/1/479 1127/1/479
f 1126/1/479 1130/1/479 1128/1/479
f 1127/1/1016 1116/1/1016 1121/1/1016
f 1121/1/1017 1118/1/1017 1129/1/1017
f 1129/1/1018 1132/1/1018 1131/1/1018
f 1133/1/479 1134/1/479 1127/1/479
f 1121/1/1019 1129/1/1019 1131/1/1019
f 1131/1/1020 1133/1/1020 1127/1/1020
f 1135/1/482 1129/1/482 1118/1/482
f 1124/1/482 1115/1/482 1128/1/482
f 1135/1/482 1118/1/482 1124/1/482
f 1117/1/485 1119/1/485 1123/1/485
f 1130/1/1021 1126/1/1021 1122/1/1021
f 1134/1/1022 1137/1/1022 1136/1/1022
f 1136/1/1023 1122/1/1023 1127/1/1023
f 1132/1/489 1129/1/489 1135/1/489
f 1133/1/606 1131/1/606 1135/1/606
f 1135/1/606 1128/1/606 1130/1/606
f 1135/1/606 1130/1/606 1136/1/606
f 1134/1/606 1133/1/606 1135/1/606
f 1135/1/1024 1136/1/1024 1137/1/1024
f 1140/1/1025 1146/1/1025 1144/1/1025
f 1139/1/502 1147/1/502 1146/1/502
f 1148/1/1026 1155/1/1026 1153/1/1026
f 1157/1/1027 1156/1/1027 1150/1/1027
f 1155/1/1028 1148/1/1028 1150/1/1028
f 1148/1/512 1149/1/512 1152/1/512
f 1159/1/513 1160/1/513 1161/1/513
f 1165/1/16 1164/1/16 1163/1/16
f 1162/1/514 1163/1/514 1159/1/514
f 1163/1/60 1164/1/60 1160/1/60
f 1160/1/515 1164/1/515 1165/1/515
f 1161/1/61 1165/1/61 1162/1/61
f 1173/1/516 1172/1/516 1167/1/516
f 1167/1/1029 1166/1/1029 1168/1/1029
f 1168/1/1030 1171/1/1030 1173/1/1030
f 1169/1/7 1176/1/7 1177/1/7
f 1174/1/7 1175/1/7 1170/1/7
f 1169/1/7 1177/1/7 1174/1/7
f 1179/1/517 1176/1/517 1169/1/517
f 1169/1/517 1166/1/517 1167/1/517
f 1167/1/517 1178/1/517 1179/1/517
f 1172/1/99 1180/1/99 1178/1/99
f 1170/1/518 1175/1/518 1171/1/518
f 1166/1/109 1169/1/109 1170/1/109
f 1174/1/1031 1173/1/1031 1171/1/1031
f 1181/1/1032 1180/1/1032 1172/1/1032
f 1173/1/1033 1174/1/1033 1177/1/1033
f 1181/1/1034 1172/1/1034 1173/1/1034
f 1176/1/1035 1179/1/1035 1181/1/1035
f 1179/1/1036 1178/1/1036 1180/1/1036
f 1183/1/523 1184/1/523 1185/1/523
f 1189/1/1 1188/1/1 1187/1/1
f 1186/1/524 1187/1/524 1183/1/524
f 1187/1/139 1188/1/139 1184/1/139
f 1184/1/525 1188/1/525 1189/1/525
f 1185/1/138 1189/1/138 1186/1/138
f 1190/1/526 1193/1/526 1192/1/526
f 1194/1/2 1195/1/2 1196/1/2
f 1190/1/527 1191/1/527 1195/1/527
f 1192/1/178 1196/1/178 1195/1/178
f 1193/1/528 1197/1/528 1196/1/528
f 1193/1/177 1190/1/177 1194/1/177
f 1201/1/529 1200/1/529 1199/1/529
f 1207/1/1037 1208/1/1037 1205/1/1037
f 1205/1/4 1202/1/4 1203/1/4
f 1203/1/4 1204/1/4 1209/1/4
f 1203/1/1038 1209/1/1038 1210/1/1038
f 1207/1/4 1205/1/4 1203/1/4
f 1203/1/4 1210/1/4 1211/1/4
f 1212/1/530 1198/1/530 1199/1/530
f 1199/1/530 1202/1/530 1205/1/530
f 1206/1/1039 1214/1/1039 1213/1/1039
f 1199/1/1040 1205/1/1040 1206/1/1040
f 1213/1/1040 1212/1/1040 1199/1/1040
f 1199/1/1041 1200/1/1041 1203/1/1041
f 1201/1/531 1204/1/531 1203/1/531
f 1215/1/532 1209/1/532 1204/1/532
f 1204/1/222 1201/1/222 1198/1/222
f 1198/1/222 1212/1/222 1215/1/222
f 1216/1/1042 1206/1/1042 1205/1/1042
f 1205/1/1043 1208/1/1043 1217/1/1043
f 1216/1/1044 1217/1/1044 1208/1/1044
f 1216/1/1045 1208/1/1045 1207/1/1045
f 1213/1/1046 1214/1/1046 1216/1/1046
f 1216/1/536 1207/1/536 1211/1/536
f 1211/1/537 1210/1/537 1215/1/537
f 1215/1/1047 1212/1/1047 1213/1/1047
f 1221/1/538 1220/1/538 1219/1/538
f 1228/1/11 1227/1/11 1223/1/11
f 1223/1/643 1224/1/643 1222/1/643
f 1222/1/11 1225/1/11 1226/1/11
f 1226/1/1048 1228/1/1048 1223/1/1048
f 1230/1/539 1225/1/539 1222/1/539
f 1222/1/539 1218/1/539 1219/1/539
f 1219/1/539 1229/1/539 1230/1/539
f 1219/1/258 1220/1/258 1223/1/258
f 1223/1/1049 1227/1/1049 1231/1/1049
f 1232/1/258 1229/1/258 1219/1/258
f 1223/1/258 1231/1/258 1232/1/258
f 1221/1/540 1224/1/540 1223/1/540
f 1218/1/263 1222/1/263 1224/1/263
f 1229/1/542 1232/1/542 1228/1/542
f 1228/1/1050 1226/1/1050 1230/1/1050
f 1231/1/1051 1227/1/1051 1228/1/1051
f 1234/1/544 1235/1/544 1236/1/544
f 1240/1/545 1239/1/545 1238/1/545
f 1233/1/546 1237/1/546 1238/1/546
f 1238/1/291 1239/1/291 1235/1/291
f 1235/1/547 1239/1/547 1240/1/547
f 1240/1/289 1237/1/289 1233/1/289
f 1245/1/1052 1244/1/1052 1241/1/1052
f 1252/1/561 1251/1/561 1250/1/561
f 1261/1/1053 1262/1/1053 1257/1/1053
f 1257/1/1053 1255/1/1053 1263/1/1053
f 1262/1/567 1264/1/567 1259/1/567
f 1266/1/568 1265/1/568 1260/1/568
f 1259/1/568 1264/1/568 1266/1/568
f 1260/1/569 1265/1/569 1263/1/569
f 1259/1/1054 1260/1/1054 1256/1/1054
f 1262/1/571 1261/1/571 1266/1/571
f 1263/1/572 1265/1/572 1266/1/572
f 1275/1/1055 1276/1/1055 1279/1/1055
f 1278/1/574 1277/1/574 1273/1/574
f 1275/1/1056 1279/1/1056 1278/1/1056
f 1280/1/1057 1274/1/1057 1275/1/1057
f 1269/1/574 1270/1/574 1280/1/574
f 1273/1/1058 1271/1/1058 1269/1/1058
f 1278/1/1059 1273/1/1059 1269/1/1059
f 1269/1/574 1280/1/574 1275/1/574
f 1280/1/1060 1270/1/1060 1267/1/1060
f 1272/1/1061 1273/1/1061 1277/1/1061
f 1277/1/1062 1285/1/1062 1286/1/1062
f 1286/1/1063 1281/1/1063 1282/1/1063
f 1283/1/1064 1284/1/1064 1287/1/1064
f 1286/1/1065 1282/1/1065 1283/1/1065
f 1272/1/1066 1277/1/1066 1286/1/1066
f 1287/1/1067 1280/1/1067 1267/1/1067
f 1272/1/1068 1286/1/1068 1283/1/1068
f 1283/1/580 1287/1/580 1267/1/580
f 1278/1/1069 1286/1/1069 1285/1/1069
f 1284/1/1070 1283/1/1070 1275/1/1070
f 1280/1/1071 1287/1/1071 1284/1/1071
f 1276/1/1072 1275/1/1072 1283/1/1072
f 1276/1/1073 1283/1/1073 1282/1/1073
f 1286/1/651 1278/1/651 1279/1/651
f 1279/1/1074 1276/1/1074 1282/1/1074
f 1281/1/651 1286/1/651 1279/1/651
f 1295/1/584 1290/1/584 1288/1/584
f 1288/1/584 1294/1/584 1296/1/584
f 1297/1/1075 1298/1/1075 1295/1/1075
f 1288/1/1076 1296/1/1076 1297/1/1076
f 1299/1/1077 1296/1/1077 1294/1/1077
f 1293/1/1077 1290/1/1077 1295/1/1077
f 1295/1/1078 1300/1/1078 1299/1/1078
f 1299/1/1077 1294/1/1077 1293/1/1077
f 1291/1/590 1288/1/590 1289/1/590
f 1300/1/1079 1295/1/1079 1298/1/1079
f 1298/1/651 1297/1/651 1299/1/651
f 1302/1/1080 1304/1/1080 1305/1/1080
f 1311/1/8 1313/1/8 1310/1/8
f 1311/1/601 1309/1/601 1308/1/601
f 1312/1/602 1308/1/602 1310/1/602
f 1320/1/348 1321/1/348 1317/1/348
f 1318/1/603 1319/1/603 1320/1/603
f 1322/1/8 1319/1/8 1318/1/8
f 1318/1/8 1315/1/8 1314/1/8
f 1318/1/604 1317/1/604 1316/1/604
f 1323/1/605 1322/1/605 1314/1/605
f 1314/1/605 1316/1/605 1317/1/605
f 1317/1/605 1321/1/605 1323/1/605
f 1323/1/489 1320/1/489 1319/1/489
f 1325/1/1 1326/1/1 1328/1/1
f 1324/1/607 1325/1/607 1329/1/607
f 1328/1/608 1326/1/608 1324/1/608
f 1331/1/578 1332/1/578 1339/1/578
f 1332/1/9 1331/1/9 1333/1/9
f 1340/1/610 1338/1/610 1330/1/610
f 1330/1/610 1335/1/610 1333/1/610
f 1333/1/610 1331/1/610 1336/1/610
f 1340/1/610 1330/1/610 1333/1/610
f 1341/1/1081 1339/1/1081 1332/1/1081
f 1332/1/1081 1334/1/1081 1335/1/1081
f 1335/1/1081 1330/1/1081 1337/1/1081
f 1341/1/1081 1332/1/1081 1335/1/1081
f 1336/1/1082 1339/1/1082 1341/1/1082
f 1337/1/1083 1338/1/1083 1340/1/1083
f 1348/1/595 1351/1/595 1342/1/595
f 1343/1/1084 1350/1/1084 1349/1/1084
f 1348/1/595 1342/1/595 1343/1/595
f 1353/1/10 1350/1/10 1343/1/10
f 1343/1/10 1347/1/10 1344/1/10
f 1344/1/10 1352/1/10 1353/1/10
f 1347/1/1085 1343/1/1085 1342/1/1085
f 1354/1/616 1352/1/616 1344/1/616
f 1344/1/616 1346/1/616 1342/1/616
f 1342/1/616 1351/1/616 1354/1/616
f 1353/1/489 1352/1/489 1354/1/489
f 1348/1/606 1345/1/606 1354/1/606
f 1349/1/1086 1350/1/1086 1353/1/1086
f 1353/1/1087 1345/1/1087 1348/1/1087
f 1358/1/8 1357/1/8 1356/1/8
f 1355/1/619 1357/1/619 1358/1/619
f 1356/1/620 1355/1/620 1360/1/620
f 1367/1/1088 1368/1/1088 1364/1/1088
f 1365/1/1088 1366/1/1088 1367/1/1088
f 1363/1/1089 1369/1/1089 1366/1/1089
f 1366/1/17 1365/1/17 1362/1/17
f 1361/1/623 1362/1/623 1365/1/623
f 1370/1/624 1369/1/624 1363/1/624
f 1363/1/624 1361/1/624 1364/1/624
f 1364/1/1090 1368/1/1090 1370/1/1090
f 1366/1/1091 1369/1/1091 1370/1/1091
f 1372/1/16 1373/1/16 1376/1/16
f 1371/1/628 1372/1/628 1375/1/628
f 1373/1/629 1371/1/629 1374/1/629
f 1379/1/15 1378/1/15 1382/1/15
f 1380/1/631 1377/1/631 1379/1/631
f 1382/1/632 1378/1/632 1377/1/632
f 1388/1/17 1387/1/17 1383/1/17
f 1388/1/633 1385/1/633 1384/1/633
f 1386/1/634 1384/1/634 1383/1/634
f 1394/1/2 1391/1/2 1390/1/2
f 1392/1/635 1393/1/635 1390/1/635
f 1392/1/1092 1389/1/1092 1391/1/1092
f 1399/1/17 1397/1/17 1396/1/17
f 1396/1/637 1395/1/637 1398/1/637
f 1395/1/638 1397/1/638 1399/1/638
f 1406/1/708 1405/1/708 1402/1/708
f 1402/1/1093 1405/1/1093 1404/1/1093
f 1401/1/641 1404/1/641 1406/1/641
f 1414/1/573 1408/1/573 1407/1/573
f 1407/1/573 1409/1/573 1415/1/573
f 1416/1/1094 1417/1/1094 1415/1/1094
f 1408/1/1095 1414/1/1095 1416/1/1095
f 1416/1/1096 1415/1/1096 1409/1/1096
f 1413/1/643 1410/1/643 1408/1/643
f 1412/1/644 1407/1/644 1408/1/644
f 1413/1/645 1409/1/645 1407/1/645
f 1417/1/1097 1416/1/1097 1411/1/1097
f 1429/1/12 1430/1/12 1423/1/12
f 1423/1/12 1422/1/12 1431/1/12
f 1428/1/12 1429/1/12 1423/1/12
f 1418/1/649 1419/1/649 1421/1/649
f 1424/1/1098 1423/1/1098 1430/1/1098
f 1418/1/1099 1421/1/1099 1424/1/1099
f 1432/1/1098 1427/1/1098 1418/1/1098
f 1424/1/649 1430/1/649 1432/1/649
f 1425/1/650 1420/1/650 1419/1/650
f 1419/1/650 1418/1/650 1426/1/650
f 1433/1/650 1431/1/650 1422/1/650
f 1419/1/650 1426/1/650 1433/1/650
f 1433/1/650 1422/1/650 1425/1/650
f 1423/1/581 1424/1/581 1425/1/581
f 1420/1/651 1425/1/651 1424/1/651
f 1428/1/1100 1433/1/1100 1426/1/1100
f 1426/1/572 1427/1/572 1432/1/572
f 1432/1/572 1429/1/572 1428/1/572
f 1437/1/568 1438/1/568 1439/1/568
f 1436/1/12 1442/1/12 1441/1/12
f 1443/1/654 1438/1/654 1437/1/654
f 1437/1/654 1434/1/654 1435/1/654
f 1435/1/654 1441/1/654 1444/1/654
f 1444/1/654 1443/1/654 1437/1/654
f 1442/1/655 1436/1/655 1434/1/655
f 1434/1/655 1437/1/655 1440/1/655
f 1440/1/1101 1445/1/1101 1446/1/1101
f 1446/1/655 1442/1/655 1434/1/655
f 1441/1/1102 1442/1/1102 1446/1/1102
f 1443/1/1103 1444/1/1103 1446/1/1103
f 1439/1/1104 1438/1/1104 1443/1/1104
f 1446/1/1105 1440/1/1105 1439/1/1105
f 1451/1/658 1450/1/658 1455/1/658
f 1454/1/589 1453/1/589 1449/1/589
f 1451/1/1106 1455/1/1106 1454/1/1106
f 1452/1/3 1448/1/3 1450/1/3
f 1452/1/661 1451/1/661 1449/1/661
f 1456/1/1107 1455/1/1107 1450/1/1107
f 1450/1/1108 1448/1/1108 1447/1/1108
f 1447/1/1108 1449/1/1108 1453/1/1108
f 1456/1/1108 1450/1/1108 1447/1/1108
f 1463/1/665 1462/1/665 1461/1/665
f 1464/1/545 1459/1/545 1458/1/545
f 1458/1/545 1461/1/545 1462/1/545
f 1465/1/6 1464/1/6 1458/1/6
f 1458/1/666 1457/1/666 1460/1/666
f 1466/1/667 1463/1/667 1460/1/667
f 1460/1/667 1457/1/667 1459/1/667
f 1459/1/1109 1464/1/1109 1466/1/1109
f 1465/1/669 1462/1/669 1463/1/669
f 1475/1/665 1472/1/665 1471/1/665
f 1471/1/4 1472/1/4 1468/1/4
f 1477/1/670 1474/1/670 1470/1/670
f 1470/1/670 1467/1/670 1468/1/670
f 1468/1/670 1472/1/670 1475/1/670
f 1477/1/670 1470/1/670 1468/1/670
f 1476/1/671 1471/1/671 1469/1/671
f 1469/1/671 1467/1/671 1470/1/671
f 1470/1/1110 1473/1/1110 1478/1/1110
f 1478/1/1111 1476/1/1111 1469/1/1111
f 1475/1/1112 1476/1/1112 1478/1/1112
f 1473/1/669 1474/1/669 1477/1/669
f 1479/1/1113 1481/1/1113 1484/1/1113
f 1479/1/675 1482/1/675 1483/1/675
f 1481/1/676 1480/1/676 1483/1/676
f 1585/1/677 1584/1/677 1536/1/677
f 1537/1/677 1534/1/677 1535/1/677
f 1585/1/677 1536/1/677 1537/1/677
f 1587/1/677 1586/1/677 1585/1/677
f 1537/1/677 1535/1/677 1587/1/677
f 1536/1/678 1584/1/678 1544/1/678
f 1587/1/679 1547/1/679 1545/1/679
f 1587/1/680 1535/1/680 1494/1/680
f 1494/1/1114 1548/1/1114 1547/1/1114
f 1533/1/681 1493/1/681 1494/1/681
f 1494/1/681 1535/1/681 1534/1/681
f 1582/1/677 1496/1/677 1524/1/677
f 1524/1/677 1525/1/677 1526/1/677
f 1526/1/1115 1549/1/1115 1583/1/1115
f 1583/1/677 1582/1/677 1524/1/677
f 1485/1/678 1496/1/678 1582/1/678
f 1582/1/678 1539/1/678 1538/1/678
f 1540/1/1116 1539/1/1116 1582/1/1116
f 1582/1/679 1583/1/679 1543/1/679
f 1526/1/680 1491/1/680 1541/1/680
f 1496/1/1117 1485/1/1117 1487/1/1117
f 1487/1/681 1489/1/681 1524/1/681
f 1536/1/677 1526/1/677 1525/1/677
f 1533/1/677 1534/1/677 1537/1/677
f 1536/1/677 1525/1/677 1533/1/677
f 1523/1/679 1521/1/679 1536/1/679
f 1536/1/679 1495/1/679 1491/1/679
f 1526/1/1118 1520/1/1118 1519/1/1118
f 1526/1/679 1519/1/679 1518/1/679
f 1522/1/1118 1523/1/1118 1536/1/1118
f 1532/1/679 1522/1/679 1536/1/679
f 1526/1/679 1518/1/679 1517/1/679
f 1526/1/679 1517/1/679 1516/1/679
f 1531/1/679 1532/1/679 1536/1/679
f 1530/1/1118 1531/1/1118 1536/1/1118
f 1491/1/679 1526/1/679 1516/1/679
f 1491/1/679 1516/1/679 1511/1/679
f 1530/1/679 1536/1/679 1491/1/679
f 1515/1/679 1530/1/679 1491/1/679
f 1491/1/679 1511/1/679 1512/1/679
f 1491/1/679 1512/1/679 1510/1/679
f 1514/1/679 1515/1/679 1491/1/679
f 1491/1/679 1510/1/679 1513/1/679
f 1536/1/679 1521/1/679 1520/1/679
f 1524/1/681 1489/1/681 1493/1/681
f 1493/1/681 1527/1/681 1503/1/681
f 1493/1/681 1503/1/681 1502/1/681
f 1525/1/681 1524/1/681 1493/1/681
f 1509/1/681 1529/1/681 1533/1/681
f 1508/1/681 1509/1/681 1533/1/681
f 1493/1/681 1502/1/681 1501/1/681
f 1493/1/681 1501/1/681 1498/1/681
f 1508/1/681 1533/1/681 1525/1/681
f 1507/1/683 1508/1/683 1525/1/683
f 1493/1/1119 1498/1/1119 1497/1/1119
f 1525/1/681 1493/1/681 1497/1/681
f 1506/1/681 1507/1/681 1525/1/681
f 1505/1/681 1506/1/681 1525/1/681
f 1525/1/681 1497/1/681 1500/1/681
f 1525/1/681 1500/1/681 1499/1/681
f 1504/1/681 1505/1/681 1525/1/681
f 1528/1/681 1527/1/681 1493/1/681
f 1493/1/681 1533/1/681 1529/1/681
f 1586/1/677 1583/1/677 1549/1/677
f 1584/1/677 1585/1/677 1586/1/677
f 1545/1/679 1543/1/679 1583/1/679
f 1583/1/1118 1572/1/1118 1571/1/1118
f 1583/1/679 1571/1/679 1570/1/679
f 1576/1/679 1586/1/679 1545/1/679
f 1574/1/1118 1576/1/1118 1545/1/1118
f 1583/1/679 1570/1/679 1569/1/679
f 1583/1/679 1569/1/679 1568/1/679
f 1573/1/679 1574/1/679 1545/1/679
f 1581/1/679 1573/1/679 1545/1/679
f 1583/1/679 1568/1/679 1567/1/679
f 1583/1/1118 1567/1/1118 1566/1/1118
f 1580/1/679 1581/1/679 1545/1/679
f 1579/1/679 1580/1/679 1545/1/679
f 1545/1/679 1583/1/679 1566/1/679
f 1545/1/1120 1566/1/1120 1578/1/1120
f 1577/1/1118 1579/1/1118 1545/1/1118
f 1575/1/1121 1572/1/1121 1583/1/1121
f 1586/1/679 1576/1/679 1575/1/679
f 1549/1/681 1541/1/681 1544/1/681
f 1544/1/681 1557/1/681 1556/1/681
f 1544/1/683 1556/1/683 1555/1/683
f 1565/1/681 1584/1/681 1549/1/681
f 1564/1/1122 1565/1/1122 1549/1/1122
f 1544/1/681 1555/1/681 1554/1/681
f 1544/1/683 1554/1/683 1551/1/683
f 1561/1/683 1564/1/683 1549/1/683
f 1560/1/681 1561/1/681 1549/1/681
f 1544/1/683 1551/1/683 1550/1/683
f 1549/1/681 1544/1/681 1550/1/681
f 1559/1/681 1560/1/681 1549/1/681
f 1552/1/681 1559/1/681 1549/1/681
f 1549/1/681 1550/1/681 1553/1/681
f 1558/1/681 1557/1/681 1544/1/681
f 1584/1/681 1565/1/681 1562/1/681
f 1563/1/681 1558/1/681 1544/1/681
f 1584/1/681 1562/1/681 1563/1/681
f 1495/1/677 1544/1/677 1541/1/677
f 1546/1/685 1492/1/685 1488/1/685
f 1488/1/1123 1487/1/1123 1485/1/1123
f 1485/1/1124 1538/1/1124 1539/1/1124
f 1539/1/1116 1540/1/1116 1542/1/1116
f 1542/1/678 1488/1/678 1485/1/678
f 1546/1/679 1542/1/679 1540/1/679
f 1540/1/1125 1543/1/1125 1545/1/1125
f 1545/1/679 1547/1/679 1546/1/679
f 1494/1/680 1492/1/680 1546/1/680
f 1546/1/1126 1547/1/1126 1548/1/1126
f 1487/1/681 1488/1/681 1492/1/681
f 1492/1/681 1494/1/681 1493/1/681
f 1489/1/681 1487/1/681 1492/1/681
f 1529/2/686 1532/8/686 1531/3/686
f 1563/5/686 1574/12/686 1573/6/686
f 1532/8/688 1529/2/688 1509/9/688
f 1562/11/687 1576/64/687 1574/12/687
f 1523/13/690 1522/10/690 1509/9/690
f 1575/15/690 1576/64/690 1562/11/690
f 1508/14/691 1507/21/691 1520/17/691
f 1520/17/1127 1521/65/1127 1523/13/1127
f 1572/18/691 1575/15/691 1565/16/691
f 1519/20/1128 1520/17/1128 1507/21/1128
f 1561/23/692 1571/66/692 1572/18/692
f 1518/24/1129 1519/20/1129 1506/22/1129
f 1570/26/693 1571/66/693 1561/23/693
f 1517/28/694 1518/24/694 1505/25/694
f 1569/30/694 1570/26/694 1560/27/694
f 1516/32/696 1517/28/696 1504/29/696
f 1568/34/696 1569/30/696 1559/31/696
f 1511/36/697 1516/32/697 1499/33/697
f 1567/38/697 1568/34/697 1552/35/697
f 1512/40/699 1511/36/699 1500/37/699
f 1550/42/698 1566/45/698 1567/38/698
f 1498/43/1130 1510/67/1130 1512/40/1130
f 1551/44/1130 1578/68/1130 1566/45/1130
f 1513/46/701 1510/67/701 1498/43/701
f 1577/48/701 1578/68/701 1551/44/701
f 1514/50/702 1513/46/702 1501/47/702
f 1579/52/702 1577/48/702 1554/49/702
f 1515/54/704 1514/50/704 1502/51/704
f 1556/56/703 1580/69/703 1579/52/703
f 1503/55/705 1527/61/705 1530/57/705
f 1581/58/705 1580/69/705 1556/56/705
f 1531/60/706 1530/57/706 1527/61/706
f 1558/63/706 1573/70/706 1581/58/706
