# Blender 5.2.0 LTS
# www.blender.org
o PROPOSED__RIGHT_LOWER_FACE__LEGACY_EYE_NECK_REMOVED_V9
v -1.351500 20.353500 24.058500
v -1.127317 21.572918 25.363400
v 0.000000 39.511951 1.712933
v 0.000000 40.064999 0.000000
v 0.175000 64.890411 23.798746
v 0.925000 65.467361 24.615522
v 4.675000 64.890411 23.798746
v 3.925000 65.467361 24.615522
v -0.326696 1.711704 48.013561
v 0.189000 0.000000 47.803501
v 0.337538 3.096850 54.022083
v 0.704487 1.799373 54.432850
v 2.555344 1.790928 54.443375
v 0.337538 15.095939 53.874241
v 1.084148 15.705789 54.669968
v 3.904406 0.457093 54.869778
v 4.084121 0.457103 54.870537
v 4.082444 0.461987 55.266975
v 4.132378 0.626206 54.817410
v 4.293904 3.097057 54.038818
v 4.837498 3.468952 54.036537
v 4.832425 3.111860 55.240257
v 4.836477 3.397080 54.278809
v 4.084121 15.705945 54.682655
v 4.837498 15.096173 53.893276
v 0.645086 1.976938 66.741798
v 0.312747 10.381330 59.793678
v 0.314277 10.932849 59.425171
v 0.314791 11.583411 59.295765
v 0.314209 12.233974 59.425171
v 0.310434 10.012815 60.345196
v 0.307689 9.883410 60.995750
v 0.304931 10.012815 61.646305
v 0.302579 10.381329 62.197823
v 0.312622 12.785493 59.793678
v 0.310270 13.154006 60.345196
v 0.307512 13.283411 60.995750
v 0.304767 13.154006 61.646305
v 0.302454 12.785492 62.197823
v 0.300992 10.932849 62.566334
v 0.300410 11.583410 62.695736
v 0.300924 12.233973 62.566334
v 4.446968 1.842926 58.663574
v 4.062972 15.767547 59.682228
v 4.812707 10.381565 59.812714
v 4.814237 10.933084 59.444202
v 4.814750 11.583647 59.314800
v 4.814169 12.234208 59.444202
v 4.810393 10.013051 60.364231
v 4.807649 9.883646 61.014786
v 4.804891 10.013051 61.665340
v 4.802538 10.381564 62.216858
v 4.812582 12.785728 59.812714
v 4.810230 13.154242 60.364231
v 4.807472 13.283647 61.014786
v 4.804727 13.154242 61.665340
v 4.802413 12.785728 62.216858
v 4.800951 10.933084 62.585365
v 4.800370 11.583646 62.714771
v 4.800883 12.234208 62.585365
v 6.556342 11.565503 64.232941
v 4.933773 10.899465 65.871124
v 4.393060 2.056700 73.488312
v 7.421622 4.359385 65.676254
v 9.044190 5.025423 64.038071
v 10.062453 9.382609 66.818123
v 9.894733 9.705449 66.783257
v 9.787261 10.053020 66.818123
v 9.747356 10.401632 66.920334
v 9.755796 10.492160 66.965500
v 10.015865 9.472288 66.808441
v 10.278987 9.106500 66.920334
v 10.529581 8.895938 67.082932
v 9.777741 10.727532 67.082932
v 9.876345 11.008508 67.294830
v 10.797156 8.765272 67.294830
v 8.907016 8.229900 68.721115
v 9.174591 8.099236 68.933014
v 9.248569 8.087606 69.001556
v 9.440910 8.057370 69.179771
v 9.687830 8.107161 69.444580
v 9.898520 8.245212 69.709389
v 8.164696 9.386982 68.456306
v 8.272170 9.039413 68.421448
v 8.194549 9.290435 68.446625
v 8.318759 8.949736 68.431129
v 8.439888 8.716572 68.456306
v 8.135876 9.638758 68.530128
v 8.124791 9.735595 68.558517
v 8.146736 9.970967 68.675949
v 8.155176 10.061495 68.721115
v 8.656422 8.440463 68.558517
v 8.253779 10.342471 68.933014
v 8.413878 10.559374 69.179771
v 8.566044 10.659078 69.371025
v 8.624569 10.697426 69.444580
v 9.920816 11.068759 67.363373
v 10.036444 11.225411 67.541588
v 10.247134 11.363462 67.806396
v 10.494053 11.413253 68.071205
v 9.586368 10.422612 70.285477
v 9.655977 10.364122 70.330643
v 8.871488 10.747215 69.709389
v 9.137808 10.705350 69.956146
v 9.405383 10.574685 70.168045
v 10.058619 8.462115 69.956146
v 10.086009 8.540164 70.015007
v 10.157223 8.743091 70.168045
v 10.147703 9.417603 70.432854
v 9.872511 10.088013 70.432854
v 9.812363 10.164710 70.404465
v 9.946261 9.946054 70.448189
v 10.040231 9.765173 70.467720
v 9.993643 9.854852 70.458038
v 10.117849 9.514151 70.442543
v 10.187608 9.068990 70.330643
v 10.176523 9.165827 70.359039
v 13.876194 6.597104 72.979065
v 11.063476 8.723408 67.541588
v 11.310395 8.773197 67.806396
v 11.521086 8.911248 68.071205
v 11.636713 9.067901 68.249420
v 11.662794 10.431210 68.829529
v 10.760373 11.371387 68.317963
v 11.027948 11.240722 68.529861
v 11.278543 11.030160 68.692459
v 11.338691 10.953463 68.720848
v 11.495076 10.754050 68.794670
v 11.541665 10.664372 68.804352
v 11.568828 10.612088 68.809998
v 11.681185 9.128152 68.317963
v 11.779787 9.409128 68.529861
v 11.810173 9.735027 68.692459
v 11.770268 10.083640 68.794670
v 11.692648 10.334661 68.819847
v 13.010914 13.803222 71.535751
v 11.388346 13.137183 73.173935
v 15.498762 7.263143 71.340881
v 0.523190 69.308830 11.322545
v 0.175000 68.577393 12.379194
v 0.523190 71.517815 12.035752
v 4.305793 69.352982 11.258765
v 4.305793 71.695305 12.015021
v 4.675000 68.577393 12.379194
v 0.523190 92.930779 18.949274
v 4.305793 91.988243 18.566925
v 0.175000 74.789558 21.511862
v 0.175000 73.587479 22.009779
v 0.175000 73.218964 22.561298
v 0.175000 73.089561 23.211861
v 0.175000 73.218964 23.862423
v 0.175000 74.139000 21.641266
v 0.175000 75.440117 21.641266
v 0.175000 73.587479 24.413942
v 0.175000 74.139000 24.782455
v 0.175000 74.789558 24.911861
v 0.175000 75.440117 24.782455
v 0.925000 70.225510 26.151766
v 0.175000 75.991638 22.009779
v 0.175000 76.360153 22.561298
v 0.175000 76.489555 23.211861
v 0.175000 76.360153 23.862423
v 0.175000 75.991638 24.413942
v 4.675000 74.789558 21.511860
v 4.675000 73.587479 22.009779
v 4.675000 73.218964 22.561298
v 4.675000 73.089561 23.211861
v 4.675000 73.218964 23.862423
v 4.675000 74.139000 21.641266
v 4.675000 75.440117 21.641266
v 3.925000 70.225510 26.151766
v 4.675000 73.587479 24.413942
v 4.675000 74.139000 24.782455
v 4.675000 74.789558 24.911860
v 4.675000 75.440117 24.782455
v 4.675000 75.991638 22.009779
v 4.675000 76.360153 22.561298
v 4.675000 76.489555 23.211861
v 4.675000 76.360153 23.862423
v 4.675000 75.991638 24.413942
v 0.175000 97.171883 28.738356
v 4.675000 97.171883 28.738354
v 0.175000 95.601288 29.787792
v 0.175000 95.969803 29.236273
v 0.175000 96.521324 28.867760
v 0.175000 95.471886 30.438354
v 0.175000 95.601288 31.088917
v 0.175000 95.969803 31.640436
v 0.175000 96.521324 32.008949
v 0.175000 97.822441 28.867760
v 0.175000 98.373962 29.236273
v 0.175000 98.742477 29.787792
v 0.175000 98.871880 30.438354
v 0.175000 98.742477 31.088917
v 0.175000 97.171883 32.138355
v 0.175000 97.822441 32.008949
v 0.175000 98.373962 31.640436
v 0.925000 99.155029 35.492134
v 4.675000 95.601288 29.787792
v 4.675000 95.969803 29.236273
v 4.675000 96.521324 28.867760
v 4.675000 95.471886 30.438354
v 4.675000 95.601288 31.088917
v 4.675000 95.969803 31.640436
v 4.675000 96.521324 32.008949
v 4.675000 97.822441 28.867760
v 4.675000 98.373962 29.236273
v 4.675000 98.742477 29.787792
v 4.675000 98.871880 30.438354
v 4.675000 98.742477 31.088917
v 4.675000 97.171883 32.138355
v 4.675000 97.822441 32.008949
v 4.675000 98.373962 31.640436
v 3.925000 99.155029 35.492134
v 0.523190 108.570381 23.998774
v 0.175000 108.545822 25.283648
v 4.305793 108.571861 23.921217
v 4.675000 108.545822 25.283648
v 0.175000 104.858841 36.703197
v 0.925000 103.913177 37.028378
v 3.925000 103.913177 37.028378
v 4.675000 104.858841 36.703197
v 0.522829 118.732559 27.281139
v 0.175000 118.001884 28.336695
v 4.326503 118.733963 27.279112
v 4.675000 118.001884 28.336695
v 0.175000 123.011971 37.967278
v 0.175000 123.563492 37.598763
v 0.175000 124.214050 37.469357
v 0.175000 124.864609 37.598763
v 0.175000 125.416130 37.967278
v 4.675000 123.011971 37.967274
v 4.675000 123.563492 37.598763
v 4.675000 124.214050 37.469357
v 4.675000 124.864609 37.598763
v 4.675000 125.416130 37.967274
v 0.175000 114.314903 39.756245
v 0.925000 114.891846 40.573017
v 3.925000 114.891846 40.573017
v 4.675000 114.314903 39.756245
v 0.175000 122.643456 38.518795
v 0.175000 122.514053 39.169357
v 0.175000 122.643456 39.819920
v 0.175000 123.011971 40.371441
v 0.175000 123.563492 40.739952
v 0.175000 125.784645 38.518795
v 0.175000 125.914047 39.169357
v 0.175000 124.864609 40.739952
v 0.175000 125.784645 39.819920
v 0.175000 125.416130 40.371441
v 0.175000 124.214050 40.869358
v 0.925000 119.649994 42.109264
v 3.925000 119.649994 42.109264
v 4.675000 122.643456 38.518795
v 4.675000 122.514053 39.169357
v 4.675000 122.643456 39.819920
v 4.675000 123.011971 40.371437
v 4.675000 123.563492 40.739952
v 4.675000 125.784645 38.518795
v 4.675000 125.914047 39.169357
v 4.675000 124.864609 40.739952
v 4.675000 125.784645 39.819920
v 4.675000 125.416130 40.371437
v 4.675000 124.214050 40.869358
v 40.504501 16.551001 20.421000
v 39.628422 17.492376 21.680483
v 31.466999 40.064999 0.000000
v 31.600342 40.990150 1.538282
v 62.421608 24.493746 72.310959
v 58.491447 117.200005 22.418732
v 59.614498 116.390999 23.569500
v 0.564256 2.218558 83.491188
v 0.552948 2.252362 85.834473
v 0.201458 3.493211 86.190971
v 0.234229 10.234777 78.359764
v 0.231484 10.105372 79.010323
v 0.238072 11.154811 77.439743
v 0.236543 10.603292 77.808250
v 0.238586 11.805373 77.310341
v 0.238005 12.455935 77.439743
v 0.228726 10.234777 79.660881
v 0.226374 10.603291 80.212395
v 0.224787 11.154811 80.580902
v 0.224206 11.805372 80.710304
v 0.224719 12.455935 80.580902
v 0.236417 13.007455 77.808250
v 0.234066 13.375968 78.359764
v 0.231307 13.505373 79.010323
v 0.228562 13.375968 79.660881
v 0.226249 13.007454 80.212395
v 0.975984 16.020836 80.239403
v 0.201458 15.492299 86.043129
v 0.954835 16.082436 85.238976
v 4.356768 2.200620 83.468796
v 4.348126 2.234891 85.845428
v 4.701418 3.493445 86.209999
v 4.734189 10.235013 78.378792
v 4.731444 10.105608 79.029350
v 4.738032 11.155046 77.458771
v 4.736502 10.603527 77.827278
v 4.738545 11.805609 77.329369
v 4.737964 12.456170 77.458771
v 4.728686 10.235013 79.679909
v 4.726334 10.603526 80.231422
v 4.724747 11.155046 80.599930
v 4.724165 11.805608 80.729332
v 4.724679 12.456170 80.599930
v 4.736377 13.007690 77.827278
v 4.734025 13.376204 78.378792
v 4.731267 13.505609 79.029350
v 4.728522 13.376204 79.679909
v 4.726209 13.007689 80.231422
v 3.954808 16.082592 85.251671
v 4.701418 15.492534 86.062157
v 0.000000 0.550500 92.482498
v 0.000000 2.350363 92.460320
v 20.215500 0.550500 92.482498
v 19.699804 2.262204 92.692558
v 29.985817 11.829962 81.358902
v 29.799259 12.055448 82.834053
v 30.778500 10.605000 82.413002
v 30.778500 10.605000 82.413002
v 41.475246 19.931635 80.180511
v 42.028019 19.386318 81.317055
v 41.788368 20.016321 81.335823
v 41.788368 20.016321 81.335823
v 41.048756 21.052790 80.213913
v 41.361877 21.137478 81.369232
v 41.361877 21.137476 81.369232
v 41.379517 21.091105 81.367851
v 41.724327 20.667536 81.968391
v 42.004745 20.074844 82.134193
v 42.004745 20.074842 82.134193
v 41.995991 20.333820 82.441544
v 42.723003 19.375011 83.622322
v 41.935940 21.292738 83.487335
v 41.966270 21.213011 83.484962
v 41.966270 21.213011 83.484962
v 41.963326 21.300146 83.588371
v 42.801277 17.353573 81.256485
v 42.789978 17.383274 81.257370
v 43.427528 17.522949 83.567139
v 50.024265 24.547194 77.525162
v 50.450756 23.426039 77.491760
v 50.763874 23.510725 78.647072
v 50.763874 23.510725 78.647072
v 50.337387 24.631882 78.680481
v 50.360237 24.571815 78.678688
v 50.337387 24.631880 78.680481
v 47.257118 23.358212 82.101479
v 51.765488 20.877678 78.568619
v 51.776787 20.847977 78.567734
v 52.403038 21.017353 80.878387
v 51.050323 22.757706 78.624634
v 51.698513 22.869415 80.933571
v 51.022507 23.580675 79.601326
v 51.022507 23.580675 79.601334
v 51.020657 23.635342 79.666206
v 50.988575 24.584396 80.792542
v 50.988575 24.584396 80.792542
v 50.911449 24.787142 80.798584
v 50.911449 24.787142 80.798584
v 50.963638 24.801258 80.991135
v 50.982964 24.750458 80.989624
v 33.346500 50.113499 126.394501
v 32.636982 51.546982 125.568840
v 0.175000 145.945816 44.825256
v 0.175000 145.394287 45.193771
v 0.175000 146.596375 44.695850
v 0.175000 147.246933 44.825256
v 0.175000 145.025772 45.745289
v 0.175000 144.896378 46.395851
v 0.175000 145.025772 47.046413
v 0.175000 145.394287 47.597935
v 0.175000 145.945816 47.966446
v 0.175000 147.246933 47.966446
v 0.175000 147.798462 45.193771
v 0.175000 148.166962 45.745289
v 0.175000 148.296371 46.395851
v 0.175000 148.166962 47.046413
v 0.175000 147.798462 47.597935
v 4.675000 145.945816 44.825256
v 4.675000 145.394287 45.193768
v 4.675000 146.596375 44.695850
v 4.675000 147.246933 44.825256
v 4.675000 145.025787 45.745289
v 4.675000 144.896378 46.395851
v 4.675000 145.025787 47.046413
v 4.675000 145.394287 47.597931
v 4.675000 145.945816 47.966446
v 4.675000 147.246933 47.966446
v 4.675000 147.798462 45.193768
v 4.675000 148.166977 45.745289
v 4.675000 148.296371 46.395851
v 4.675000 148.166977 47.046413
v 4.675000 147.798462 47.597931
v 0.175000 146.596375 48.095852
v 4.675000 146.596375 48.095852
v 0.521433 157.994751 39.962753
v 0.175000 157.970306 41.241146
v 4.327899 157.994797 39.960289
v 4.675000 157.970306 41.241146
v 0.175000 154.283325 52.660694
v 0.925000 153.337677 52.985874
v 4.675000 154.283325 52.660694
v 3.925000 153.337677 52.985874
v 0.000000 188.338501 47.872501
v 0.000000 188.338501 47.872501
v 0.000000 187.698990 49.555069
v 0.000000 187.785446 49.585434
v 0.175000 193.556519 53.086533
v 0.520351 194.334381 52.076778
v 4.675000 193.556519 53.086533
v 4.329144 194.335526 52.075298
v 0.175000 189.293152 64.303642
v 0.925000 189.827789 65.148727
v 0.175000 196.487854 62.441746
v 0.175000 197.039383 62.073231
v 0.175000 197.689941 61.943825
v 0.175000 198.340500 62.073231
v 0.175000 198.892029 62.441746
v 0.175000 196.119339 62.993263
v 0.175000 195.989944 63.643826
v 0.175000 196.119339 64.294388
v 0.175000 196.487854 64.845909
v 0.175000 197.039383 65.214424
v 0.175000 197.689941 65.343826
v 0.175000 199.260529 62.993263
v 0.175000 199.389938 63.643826
v 0.175000 199.260529 64.294388
v 0.175000 198.892029 64.845909
v 0.175000 198.340500 65.214424
v 0.925000 194.501587 66.925133
v 3.925000 189.827789 65.148727
v 4.675000 189.293152 64.303642
v 4.675000 196.487854 62.441742
v 4.675000 197.039383 62.073231
v 4.675000 197.689941 61.943825
v 4.675000 198.340500 62.073231
v 4.675000 198.892029 62.441742
v 3.925000 194.501587 66.925133
v 4.675000 196.119354 62.993263
v 4.675000 195.989944 63.643826
v 4.675000 196.119354 64.294388
v 4.675000 196.487854 64.845909
v 4.675000 197.039383 65.214417
v 4.675000 197.689941 65.343826
v 4.675000 199.260544 62.993263
v 4.675000 199.389938 63.643826
v 4.675000 199.260544 64.294388
v 4.675000 198.892029 64.845909
v 4.675000 198.340500 65.214417
v 0.175000 214.605835 69.327995
v 0.175000 214.237320 69.879517
v 0.175000 214.107925 70.530075
v 0.175000 214.237320 71.180634
v 0.175000 214.605835 71.732155
v 0.175000 215.157364 68.959480
v 0.175000 215.807922 68.830078
v 0.175000 216.458481 68.959480
v 0.175000 217.010010 69.327995
v 0.175000 215.157364 72.100670
v 0.175000 216.458481 72.100670
v 0.175000 217.378510 69.879517
v 0.175000 217.507919 70.530075
v 0.175000 217.378510 71.180634
v 0.175000 217.010010 71.732155
v 0.175000 215.807922 72.230072
v 4.675000 214.605835 69.327995
v 4.675000 214.237335 69.879517
v 4.675000 214.107925 70.530075
v 4.675000 214.237335 71.180634
v 4.675000 214.605835 71.732155
v 4.675000 215.157364 68.959480
v 4.675000 215.807922 68.830078
v 4.675000 216.458481 68.959480
v 4.675000 217.010010 69.327995
v 4.675000 215.157364 72.100670
v 4.675000 216.458481 72.100670
v 4.675000 217.378525 69.879517
v 4.675000 217.507919 70.530075
v 4.675000 217.378525 71.180634
v 4.675000 217.010010 71.732155
v 4.675000 215.807922 72.230072
v 0.520353 225.999252 64.111893
v 0.175000 225.910065 65.383408
v 0.000000 231.687424 65.801659
v 0.000000 233.274002 64.951500
v 0.000000 233.274002 64.951500
v 0.000000 232.634491 66.634064
v 4.329142 225.999390 64.110039
v 4.675000 225.910065 65.383408
v 0.175000 221.646698 76.600525
v 0.925000 220.685730 76.877159
v 3.925000 220.685730 76.877159
v 4.675000 221.646698 76.600525
v 30.000000 233.274002 64.951500
v 29.863813 232.060425 66.273880
v 0.175000 228.151642 87.193245
v 0.925000 228.000626 88.181778
v 0.175000 234.486877 92.435295
v 0.175000 235.038406 92.066780
v 0.175000 234.118362 92.986816
v 0.175000 233.988968 93.637375
v 0.175000 234.118362 94.287933
v 0.175000 234.486877 94.839455
v 0.175000 235.038406 95.207970
v 0.925000 230.362167 92.588943
v 3.925000 228.000626 88.181778
v 4.675000 228.151642 87.193245
v 3.925000 230.362167 92.588943
v 4.675000 234.486877 92.435295
v 4.675000 235.038406 92.066780
v 4.675000 234.118378 92.986816
v 4.675000 233.988968 93.637375
v 4.675000 234.118378 94.287933
v 4.675000 234.486877 94.839455
v 4.675000 235.038406 95.207970
v 0.175000 238.728851 81.525536
v 0.520802 239.980026 81.273575
v 0.520803 241.068863 83.305588
v 4.325385 239.993820 81.270798
v 4.675000 238.728851 81.525536
v 4.325385 241.094666 83.325211
v 0.175000 235.688965 91.937378
v 0.175000 236.339523 92.066780
v 0.175000 236.891052 92.435295
v 0.175000 237.259552 92.986816
v 0.175000 237.388962 93.637375
v 0.175000 237.259552 94.287933
v 0.175000 236.891052 94.839455
v 0.175000 235.688965 95.337372
v 0.175000 236.339523 95.207970
v 4.675000 235.688965 91.937378
v 4.675000 236.339523 92.066780
v 4.675000 236.891052 92.435295
v 4.675000 237.259567 92.986816
v 4.675000 237.388962 93.637375
v 4.675000 237.259567 94.287933
v 4.675000 236.891052 94.839455
v 4.675000 235.688965 95.337372
v 4.675000 236.339523 95.207970
v 0.520801 251.759644 103.256943
v 4.325387 251.684601 103.088371
v 0.175000 246.147110 112.798088
v 0.175000 246.797668 112.668686
v 0.175000 247.448227 112.798088
v 0.175000 245.595581 113.166603
v 0.175000 245.227066 113.718124
v 0.175000 245.097672 114.368683
v 0.175000 245.227066 115.019241
v 0.175000 247.999756 113.166603
v 0.175000 248.368256 113.718124
v 0.175000 248.497665 114.368683
v 0.175000 248.368256 115.019241
v 4.675000 246.147110 112.798088
v 4.675000 246.797668 112.668686
v 4.675000 247.448227 112.798088
v 4.675000 245.595581 113.166603
v 4.675000 245.227081 113.718124
v 4.675000 245.097672 114.368683
v 4.675000 245.227081 115.019241
v 4.675000 247.999756 113.166603
v 4.675000 248.368271 113.718124
v 4.675000 248.497665 114.368683
v 4.675000 248.368271 115.019241
v 0.175000 245.595581 115.570763
v 0.175000 246.147110 115.939278
v 0.175000 246.797668 116.068680
v 0.175000 247.448227 115.939278
v 0.175000 247.999756 115.570763
v 0.175000 247.988647 124.213432
v 0.925000 247.081924 123.791672
v 4.675000 245.595581 115.570763
v 4.675000 246.147110 115.939278
v 4.675000 246.797668 116.068680
v 4.675000 247.448227 115.939278
v 4.675000 247.999756 115.570763
v 3.925000 247.081924 123.791672
v 4.675000 247.988647 124.213432
v 0.520802 259.468597 117.643517
v 0.175000 258.565857 118.545723
v 4.325386 259.478546 117.633568
v 4.675000 258.565857 118.545723
v 1.799999 260.842010 130.966873
v 1.799999 261.270477 127.795692
v 1.799999 265.196625 128.326157
v 1.799999 267.391754 128.622742
v 1.799999 269.198456 128.866837
v 0.000000 267.757935 133.117157
v 0.000000 269.344513 132.266998
v 1.799999 267.058960 131.806839
v 1.799999 268.860962 131.364609
v 28.429405 263.004181 128.029938
v 28.299999 263.648895 128.117035
v 28.429405 264.293610 128.204147
v 28.797918 262.457642 127.956093
v 29.349438 262.092438 127.906746
v 28.797918 264.840149 128.277985
v 30.000000 261.964203 127.889420
v 30.650562 262.092438 127.906746
v 29.349438 265.205353 128.327332
v 29.482824 265.231659 128.330887
v 30.000000 265.314636 128.484863
v 30.510580 265.232941 128.331055
v 30.650562 265.205353 128.327332
v 28.429405 262.575714 131.201111
v 28.299999 263.220428 131.288223
v 28.429405 263.865143 131.375320
v 28.797918 262.029175 131.127274
v 29.349438 261.663971 131.077927
v 28.797918 264.411682 131.449173
v 29.349438 264.776886 131.498505
v 30.000000 261.535736 131.060608
v 30.650562 261.663971 131.077927
v 30.000000 264.905121 131.515839
v 30.650562 264.776886 131.498505
v 31.202082 262.457642 127.956093
v 31.570595 263.004181 128.029938
v 31.202082 264.840149 128.277985
v 31.700001 263.648895 128.117035
v 31.570595 264.293610 128.204147
v 31.202082 262.029175 131.127274
v 31.570595 262.575714 131.201111
v 31.202082 264.411682 131.449173
v 31.700001 263.220428 131.288223
v 31.570595 263.865143 131.375320
v 55.312630 251.523987 132.103516
v 55.710117 250.810837 133.050018
v 60.284332 251.257446 132.049728
v 60.215744 251.897110 131.888153
v 60.600101 250.690430 132.186691
v 60.003296 248.304260 133.584534
v 61.114983 250.282394 132.278214
v 61.750587 250.095444 132.310349
v 62.410152 250.158035 132.278214
v 58.200001 260.842010 130.966873
v 58.200001 261.270477 127.795692
v 58.200001 264.638428 128.250732
v 57.391293 265.269470 128.335999
v 58.200001 267.391754 128.622742
v 58.200001 269.198456 128.866837
v 58.200001 266.245087 130.159256
v 58.200001 267.130920 131.816559
v 58.200001 268.860962 131.364609
v 60.404781 252.512039 131.726593
v 60.822662 253.008621 131.589630
v 61.405773 253.311249 131.498108
v 62.065338 253.373840 131.465973
v 62.700943 253.186905 131.498108
v 61.457069 261.474365 129.413574
v 62.576302 262.633057 129.463547
v 59.565765 267.892731 133.238449
v 60.000000 269.344513 132.266998
v 61.563873 262.586792 133.772583
v 55.781315 251.552475 135.956024
v 60.391136 252.369888 136.408737
v 60.706905 251.802872 136.545700
v 61.221786 251.394836 136.637222
v 61.857391 251.207886 136.669357
v 62.516956 251.270477 136.637222
v 55.419434 252.636414 136.462524
v 60.322548 253.009552 136.247162
v 60.511585 253.624481 136.085602
v 60.929466 254.121048 135.948639
v 61.512577 254.423691 135.857117
v 62.172142 254.486282 135.824982
v 63.916500 23.506500 72.486000
v 63.275898 83.725777 40.722878
v 64.738503 83.321999 39.754501
v 81.229652 54.422813 84.851303
v 82.567497 53.224499 84.970497
v 92.249062 84.557426 114.914627
v 92.146698 85.529816 115.693382
v 92.335907 85.466354 118.686729
v 92.532875 84.462242 119.404663
v 102.799187 78.893883 114.127686
v 96.775330 88.438683 114.710800
v 96.859772 89.096542 114.719406
v 97.353142 87.274506 114.649597
v 96.948578 87.798874 114.686287
v 97.927429 86.945419 114.606316
v 98.584007 86.861710 114.563042
v 97.189041 89.672279 114.710800
v 97.713020 90.078262 114.686279
v 98.351936 90.252678 114.649597
v 99.222916 87.036118 114.526352
v 99.746902 87.442101 114.501839
v 100.076172 88.017845 114.493225
v 99.008514 90.168968 114.606316
v 99.582802 89.839874 114.563042
v 99.987366 89.315514 114.526352
v 100.160614 88.675697 114.501839
v 104.336700 78.543877 114.412544
v 105.536690 80.810692 114.381424
v 110.756294 90.670670 114.246025
v 104.548828 102.944817 114.526947
v 104.722076 102.305008 114.502434
v 104.633270 103.602676 114.535553
v 105.126640 101.780640 114.465744
v 105.700928 101.451553 114.422462
v 104.962540 104.178413 114.526947
v 105.486519 104.584396 114.502434
v 106.357506 101.367844 114.379189
v 106.125435 104.758812 114.465744
v 106.782013 104.675102 114.422462
v 106.130302 110.461220 114.586319
v 106.996414 101.542252 114.342499
v 107.520401 101.948235 114.317986
v 107.849670 102.523979 114.309372
v 107.356300 104.346008 114.379189
v 107.760864 103.821648 114.342499
v 107.934113 103.181831 114.317986
v 116.172028 100.901138 114.105545
v 116.680428 104.797676 113.799377
v 117.245064 104.265213 113.944298
v 97.059143 88.343498 119.200836
v 97.232391 87.703682 119.176315
v 97.636955 87.179321 119.139633
v 98.211243 86.850227 119.096352
v 98.867821 86.766518 119.053078
v 97.143585 89.001350 119.209442
v 97.472855 89.577095 119.200836
v 97.996841 89.983078 119.176315
v 98.635750 90.157486 119.139633
v 99.506737 86.940933 119.016388
v 99.972099 86.843178 117.782234
v 100.030716 87.346916 118.991875
v 100.359985 87.922653 118.983261
v 99.266090 88.712532 117.866493
v 99.292328 90.073776 119.096352
v 99.866615 89.744690 119.053078
v 100.271179 89.220322 119.016388
v 100.444427 88.580513 118.991875
v 102.899109 73.160667 118.569649
v 104.064003 71.788498 118.582497
v 103.083000 78.798698 118.617722
v 105.388382 78.282066 117.857841
v 107.251663 81.795624 117.819115
v 103.706078 88.262688 117.576302
v 103.000069 90.132042 117.660561
v 100.678528 87.155937 140.500076
v 100.769814 88.208229 141.655640
v 101.050476 87.297813 140.468979
v 101.021790 87.541054 141.625565
v 101.419228 86.357857 140.675995
v 101.871178 85.158478 145.652740
v 101.612900 85.835587 145.652740
v 101.502739 86.154945 145.792175
v 101.738571 85.495705 145.605179
v 101.357391 86.647957 146.303055
v 101.339134 86.749100 146.546173
v 101.415588 86.432030 146.013992
v 102.001694 84.846878 145.792175
v 102.034889 84.773346 145.853790
v 102.121216 84.582146 146.013992
v 102.221603 84.382309 146.303055
v 101.679161 86.222244 148.209686
v 101.809677 85.910645 148.349121
v 101.332115 86.788002 146.639679
v 101.341476 86.842628 147.000931
v 101.459251 86.686813 147.698807
v 101.384842 86.808113 147.362183
v 101.559639 86.486977 147.987869
v 101.531754 86.542488 147.907578
v 101.645966 86.295776 148.148071
v 102.296013 84.261009 146.639679
v 102.308060 84.251419 146.740021
v 102.339378 84.226494 147.000931
v 102.348740 84.281120 147.362183
v 102.323463 84.421165 147.698807
v 102.265259 84.637093 147.987869
v 102.241058 84.714058 148.049484
v 102.178116 84.914177 148.209686
v 102.147514 85.002884 148.248413
v 101.942284 85.573418 148.396683
v 102.033043 85.327942 148.362335
v 102.067955 85.233536 148.349121
v 100.674362 89.735252 152.219589
v 103.588486 79.878349 142.102829
v 105.824081 80.731102 141.915939
v 103.584320 82.457664 153.822342
v 105.819916 83.310417 153.635452
v 103.289032 87.071075 140.519684
v 103.372467 87.059906 141.466782
v 102.913696 88.274628 141.521530
v 104.503792 89.627739 141.449707
v 105.209801 87.758385 141.365448
v 103.848495 86.688339 145.465851
v 103.738335 87.007698 145.605286
v 103.714127 87.084663 145.666901
v 103.651192 87.284782 145.827103
v 103.635025 87.344757 145.907394
v 103.592987 87.500710 146.116165
v 103.585968 87.539604 146.209671
v 103.567711 87.640755 146.452789
v 104.106773 86.011230 145.465851
v 104.237289 85.699631 145.605286
v 104.356812 85.434898 145.827103
v 104.531609 85.113762 146.452789
v 104.457199 85.235062 146.116165
v 103.974167 86.348457 145.418289
v 103.577072 87.695381 146.814041
v 103.620438 87.660866 147.175293
v 103.694847 87.539558 147.511917
v 103.795235 87.339722 147.800980
v 104.574974 85.079239 146.814041
v 104.584335 85.133873 147.175293
v 104.559059 85.273918 147.511917
v 104.500862 85.489845 147.800980
v 104.517029 85.429863 147.720688
v 104.303551 86.086281 148.162231
v 104.413712 85.766922 148.022797
v 104.045273 86.763390 148.162231
v 104.082108 86.669716 148.175446
v 103.914757 87.074997 148.022797
v 104.177879 86.426163 148.209793
v 102.909958 90.588005 152.032700
v 104.832642 102.849632 119.016983
v 102.910736 105.616608 115.438789
v 105.410454 101.685455 118.955780
v 105.005890 102.209816 118.992462
v 104.917084 103.507484 119.025589
v 105.246353 104.083229 119.016983
v 105.770340 104.489212 118.992462
v 105.984741 101.356361 118.912498
v 106.641319 101.272652 118.869225
v 106.409248 104.663620 118.955780
v 105.272247 110.023438 115.382942
v 105.461456 109.959976 118.376289
v 106.414116 110.366035 119.076355
v 107.280235 101.447067 118.832535
v 107.804214 101.853050 118.808022
v 107.065826 104.579910 118.912498
v 107.640114 104.250824 118.869225
v 108.133484 102.428787 118.799408
v 108.217926 103.086647 118.808022
v 108.044678 103.726456 118.832535
v 115.399033 97.159058 117.649773
v 118.124046 103.497604 115.739807
v 118.572136 103.142548 117.583824
v 116.964241 104.702492 118.289413
v 121.843613 108.445160 118.853882
v 123.343498 107.765999 118.126503
v 92.575500 152.524506 59.146500
v 91.083153 152.733597 60.130966
v 88.945503 188.338501 47.872501
v 88.630424 187.507858 49.437988
v 62.993263 250.460678 132.186691
v 63.411144 250.957245 132.049728
v 63.531593 252.211838 131.726593
v 63.600182 251.572174 131.888153
v 63.215824 252.778854 131.589630
v 63.669281 264.459015 132.530457
v 70.152435 258.188782 130.407806
v 72.696098 243.628189 133.692642
v 73.210983 243.220139 133.784164
v 73.846588 243.033203 133.816299
v 74.506149 243.095795 133.784164
v 72.500778 245.449799 133.232544
v 72.311737 244.834854 133.394119
v 72.380325 244.195190 133.555679
v 72.918663 245.946365 133.095581
v 73.501770 246.248993 133.004059
v 74.796936 246.124649 133.004059
v 74.161331 246.311584 132.971924
v 75.089256 243.398422 133.692657
v 75.507141 243.894989 133.555679
v 75.311821 245.716599 133.095581
v 75.627594 245.149597 133.232559
v 75.696182 244.509918 133.394119
v 72.164001 257.008789 130.658539
v 63.100067 251.573120 136.545700
v 63.517948 252.069687 136.408737
v 62.807747 254.299347 135.857117
v 63.706985 252.684616 136.247162
v 63.638397 253.324280 136.085602
v 63.322628 253.891296 135.948639
v 71.643120 241.508316 135.033691
v 72.802895 244.740616 138.051666
v 72.487122 245.307632 137.914688
v 72.418533 245.947296 137.753128
v 72.607574 246.562225 137.591553
v 73.317780 244.332581 138.143173
v 73.025459 247.058807 137.454590
v 73.608566 247.361435 137.363068
v 73.953384 244.145630 138.175308
v 74.612946 244.208221 138.143173
v 74.268127 247.424026 137.330933
v 75.936302 239.001755 135.568207
v 76.007500 239.743393 138.474213
v 76.912636 238.912827 134.792725
v 77.019432 240.025253 139.151733
v 75.196053 244.510864 138.051651
v 75.613937 245.007431 137.914688
v 75.802979 245.622360 137.753128
v 74.903732 247.237091 137.363068
v 75.418617 246.829041 137.454590
v 75.734390 246.262024 137.591553
v 82.589874 231.061142 129.772949
v 82.351791 232.194977 129.303619
v 85.295395 227.312790 127.867668
v 83.644257 230.430984 132.509949
v 83.933365 231.249725 133.409119
v 89.805672 225.874695 124.976974
v 90.426636 225.932877 124.751152
v 90.998169 226.233810 124.600266
v 91.433258 226.731674 124.547279
v 91.665665 227.350662 124.600266
v 91.660011 227.996567 124.751152
v 91.417152 228.571014 124.976974
v 88.786728 226.483673 125.509712
v 88.543869 227.058121 125.735527
v 89.229813 226.068100 125.243340
v 90.811394 225.122849 129.348846
v 90.368309 225.538422 129.615219
v 90.125450 226.112869 129.841034
v 90.119789 226.758774 129.991913
v 88.538216 227.704025 125.886421
v 88.770622 228.323013 125.939400
v 89.205711 228.820877 125.886421
v 89.777245 229.121811 125.735535
v 90.398209 229.179993 125.509712
v 90.352203 227.377762 130.044907
v 90.787292 227.875626 129.991913
v 91.387253 224.929443 129.082474
v 92.008217 224.987625 128.856659
v 92.579750 225.288559 128.705765
v 93.014839 225.786423 128.652786
v 93.247246 226.405411 128.705765
v 93.241592 227.051315 128.856659
v 90.974068 228.986588 125.243340
v 91.979790 228.234741 129.615219
v 92.555649 228.041336 129.348846
v 92.998734 227.625763 129.082474
v 91.358826 228.176559 129.841034
v 83.057076 248.863205 132.102783
v 83.499718 250.359116 132.071381
v 83.880890 252.051910 134.395355
v 91.519684 239.726074 127.505791
v 93.003693 240.311905 127.460564
v 93.101257 238.780823 131.611298
v 83.163872 249.975632 136.461792
v 83.993340 252.551300 135.080948
v 89.067451 250.617310 136.951828
v 90.000000 251.828995 136.001999
v 101.704453 175.929932 82.964127
v 101.704453 175.929932 82.964127
v 102.734726 175.836777 82.355972
v 102.019020 174.990280 83.640976
v 101.075317 177.809204 81.610428
v 101.307358 177.636353 81.617210
v 102.158012 177.559433 81.115082
v 102.158012 177.559433 81.115082
v 101.127739 177.652603 81.723236
v 101.127762 177.652634 81.723267
v 101.158569 177.560516 81.789566
v 105.181625 175.615509 80.911591
v 103.049294 174.897110 83.032822
v 104.552490 177.494781 79.557892
v 108.958771 183.665955 86.077194
v 105.481598 183.980377 88.129730
v 105.534027 183.823776 88.242538
v 105.564850 183.731689 88.308868
v 105.534019 183.823776 88.242538
v 105.713638 183.807526 88.136513
v 106.564293 183.730606 87.634384
v 106.564293 183.730606 87.634384
v 106.110733 182.101105 89.483429
v 106.110733 182.101105 89.483421
v 106.110733 182.101105 89.483429
v 106.425301 181.161453 90.160278
v 107.140999 182.007935 88.875267
v 107.455574 181.068283 89.552124
v 109.587906 181.786682 87.430893
v 104.450470 200.774460 114.378372
v 105.078140 200.708832 113.299393
v 126.939003 200.651993 109.988998
v 125.536842 200.077454 110.960518
v 105.504852 200.144302 117.115372
v 106.659714 199.763580 117.404892
v 114.246033 208.239929 111.501556
v 114.015205 211.368942 112.727272
v 115.389984 209.475189 111.763275
v 117.453972 209.885818 114.800964
v 101.513496 208.851440 116.547340
v 101.270638 209.425888 116.773155
v 101.264984 210.071793 116.924049
v 102.532440 208.242462 116.014603
v 101.956581 208.435867 116.280968
v 102.852219 208.480652 120.878662
v 102.846558 209.126541 121.029549
v 101.497398 210.690781 116.977028
v 101.932487 211.188644 116.924042
v 102.504021 211.489578 116.773155
v 103.153404 208.300644 115.788780
v 103.724937 208.601578 115.637894
v 104.160027 209.099442 115.584908
v 104.386780 210.364319 115.788780
v 104.392441 209.718430 115.637894
v 104.114014 207.297211 120.120102
v 104.734978 207.355392 119.894279
v 105.306511 207.656326 119.743393
v 105.741600 208.154190 119.690414
v 105.725502 209.993530 120.120094
v 105.974014 208.773178 119.743393
v 105.968361 209.419083 119.894279
v 103.095070 207.906189 120.652840
v 103.538155 207.490616 120.386475
v 103.078972 209.745529 121.082527
v 103.514061 210.243393 121.029549
v 105.282417 210.409103 120.386467
v 103.124985 211.547760 116.547340
v 103.700844 211.354355 116.280968
v 104.143929 210.938782 116.014595
v 104.085594 210.544327 120.878654
v 104.706558 210.602509 120.652840
v 104.578911 224.367264 119.344017
v 95.477531 240.199234 130.267731
v 115.827606 207.294678 115.607056
v 20.093767 0.129408 91.230354
v 30.179934 9.730028 81.615410
v 26.970789 11.528494 80.044777
v 16.884623 1.927873 89.659721
v 20.231085 3.026980 94.267662
v 30.317251 12.627600 84.652718
v 27.108107 14.426065 83.082085
v 17.021940 4.825445 92.697029
v 31.287823 11.724536 81.915779
v 33.821110 50.698929 125.302696
v 30.820992 52.751762 123.633812
v 28.287708 13.777371 80.246895
v 28.515907 9.459338 84.112450
v 31.049192 48.433731 127.499367
v 28.049076 50.486565 125.830482
v 25.515793 11.512174 82.443565
v 19.617001 42.842999 142.132507
v 20.215500 0.550500 92.482498
v 30.778500 10.605000 82.413002
v 33.346500 50.113499 126.394501
v 43.960499 63.055500 165.889496
v 18.346378 44.023026 141.649750
v 18.771383 1.359809 91.775711
v 29.380125 11.472342 81.683434
v 32.129272 51.344376 125.901245
v 42.943111 64.525711 165.681137
v 74.478683 47.166058 84.629387
v 77.181290 46.692654 81.718758
v 71.340935 50.593449 81.158440
v 76.524094 63.541248 82.841621
v 75.662773 53.906284 90.810875
v 77.925774 55.620735 93.628586
v 76.129578 60.853474 91.887283
v 79.203697 58.653942 78.531868
v 81.207039 61.847916 79.867958
v 81.187149 62.751648 92.374420
v 82.983345 57.518909 94.115723
v 86.246384 57.878452 91.830269
v 86.265297 178.588287 47.875172
v 81.721313 179.243484 51.419594
v 79.126801 190.040344 49.589134
v 81.654823 192.937973 50.690456
v 79.126801 187.979721 55.010738
v 84.516167 194.371582 54.671986
v 88.721153 179.760117 50.806992
v 88.168808 193.028305 55.596008
v 90.138535 192.473129 57.022991
v 92.682678 189.544724 56.047375
v 82.152756 190.087494 57.786613
v 86.802803 188.642380 59.822666
v 61.016953 75.196861 38.211098
v 56.927746 75.020508 43.945843
v 60.194458 80.257454 43.058220
v 62.151539 73.755798 41.765823
v 58.178349 85.073265 43.593441
v 60.690258 94.338600 42.874794
v 62.990467 91.701988 36.759460
v 60.336170 86.063980 41.163166
v 66.988335 79.274956 47.552559
v 64.308731 84.162254 51.862324
v 63.118423 82.459534 39.353241
v 65.278473 87.778198 46.198673
v 62.900669 83.156410 38.781715
v 62.049072 83.828796 37.451912
v 62.342213 86.280441 37.236290
v 65.082420 93.233887 39.227139
v 63.261063 82.842140 39.465263
v 62.301888 93.992188 41.656776
v 62.328796 94.011902 41.688545
v 60.821625 90.296806 40.616074
v 60.905476 88.829903 39.720482
v 60.324947 88.030220 40.544926
v 59.725540 83.912209 40.833504
v 60.166531 83.931969 40.106785
v 61.466908 87.509941 38.565395
v 60.337303 83.928650 39.866436
v 64.938660 88.778236 45.389633
v 64.929398 88.755234 45.383221
v 63.130363 91.944283 43.353973
v 64.316673 89.009377 45.789391
v 63.684521 82.471893 40.268738
v 67.486404 81.096283 46.873211
v 63.156075 79.066780 40.475155
v 63.156395 79.146004 40.450901
v 63.186352 80.821770 39.975616
v 65.588570 82.498245 50.250046
v 68.469620 81.636604 48.540482
v 66.139732 83.500175 50.699638
v 68.221634 81.488029 48.086792
v 65.837257 84.406731 49.922367
v 65.299118 87.757080 46.235500
v 65.288116 87.752510 46.220798
v 65.634918 84.930367 49.432438
v 64.927582 87.809319 46.614101
v 64.631714 87.855423 46.884132
v 64.838737 87.820396 46.698650
v 64.373192 87.372368 44.997520
v 61.924839 82.859505 40.576771
v 63.176899 82.737656 39.471928
v 63.219265 82.849518 39.504135
v 63.667564 87.383186 45.333492
v 63.710773 87.380386 45.311920
v 60.366882 86.060669 41.136150
v 60.366772 85.988914 41.155437
v 60.401505 83.355431 41.916542
v 63.176174 82.884407 39.433346
v 61.850704 83.142433 40.568470
v 61.503922 83.199501 40.868244
v 63.131866 82.465675 39.373158
v 63.562374 82.579063 40.036858
v 63.094723 82.367859 39.343410
v 63.039314 82.552994 39.646290
v 63.551025 82.580605 40.049259
v 63.178440 82.425377 39.554024
v 62.909393 82.449074 39.792103
v 28.697491 227.926193 70.478203
v 29.102182 237.126129 74.257683
v 34.130653 224.341934 62.626415
v 36.658676 227.239563 63.727737
v 34.130653 222.281311 68.048019
v 34.919250 234.713440 72.433403
v 32.445343 237.553131 73.780952
v 29.102182 232.013824 76.997070
v 29.742577 233.629135 77.088120
v 0.800000 39.986084 8.381157
v 0.800000 183.501434 54.717415
v 6.800000 183.501434 54.717415
v 6.800000 39.986084 8.381157
v 0.800000 42.136826 1.719753
v 0.800000 185.652191 48.056007
v 6.800000 185.652191 48.056007
v 6.800000 42.136826 1.719753
v 0.800000 227.403320 70.933556
v 0.800000 261.112274 133.841888
v 6.800000 261.112274 133.841888
v 6.800000 227.403320 70.933556
v 0.800000 233.573364 67.627388
v 0.800000 267.282318 130.535736
v 6.800000 267.282318 130.535736
v 6.800000 233.573364 67.627388
v 0.800000 187.833145 56.238785
v 0.800000 228.094833 71.541374
v 6.800000 228.094833 71.541374
v 6.800000 187.833145 56.238785
v 0.800000 190.320114 49.695465
v 0.800000 230.581802 64.998055
v 6.800000 230.581802 64.998055
v 6.800000 190.320114 49.695465
v 0.978418 8.030235 50.208107
v 0.810567 8.519135 89.887535
v 6.810514 8.519447 89.912910
v 6.978365 8.030548 50.233482
v 6.978365 1.031079 50.319725
v 0.825234 1.476946 86.506645
v 6.825294 1.476928 86.505157
v 0.810567 4.660316 89.935081
v 0.826056 1.759473 86.308754
v 6.810514 4.646435 89.960632
v 6.826060 1.740203 86.320747
v 6.110252 8.198989 63.904270
v 6.923435 8.190543 63.218830
v 6.918739 8.204222 64.328941
v 6.920966 6.013885 63.829361
v 6.978365 6.768473 50.249031
v 6.973573 6.728503 51.382553
v 4.039291 5.651486 50.250362
v 1.865493 1.104041 56.241371
v 0.957246 1.092434 55.299408
v 0.978418 5.285694 50.241924
v 0.952193 5.253602 56.442871
v 6.923536 7.355086 63.205070
v 6.963358 6.641783 53.798649
v 6.961647 7.409054 54.193794
v 6.928956 2.906554 61.978420
v 3.488885 6.183568 50.241478
v 3.829415 5.571672 50.250458
v 6.102286 1.031033 50.316021
v 6.886304 1.110790 56.789112
v 6.950682 1.133613 56.863602
v 6.978365 1.388191 50.315323
v 6.949848 2.110652 57.048679
v 6.948820 3.124986 57.279430
v 6.977138 1.366919 50.605812
v 6.213542 1.075063 50.315948
v 2.519646 1.052637 52.069408
v 1.448344 1.066189 53.169338
v 2.534864 1.549618 52.190166
v 120.494392 197.208740 114.172424
v 86.260918 244.637390 138.280151
v 82.579659 244.385162 133.548920
v 116.813133 196.956512 109.441177
v 90.286797 249.260712 134.901245
v 86.605537 249.008484 130.170013
v 121.690819 201.700470 110.480118
v 120.839012 201.579834 106.062256
v 123.572617 203.144989 111.460854
v 121.521942 203.798599 109.911865
v 122.443314 204.063400 111.371979
v 121.330505 201.613510 106.693939
v 122.806747 203.050278 112.061806
v 119.586159 201.096588 107.062836
v 120.369591 201.040756 106.456238
v 119.566284 200.118225 107.130455
v 122.585587 199.610275 112.417282
v 122.671402 201.821732 112.232613
v 122.781944 201.829376 112.146194
v 121.620041 199.815842 110.641754
v 121.692711 199.897110 110.585060
v 121.683586 199.886642 110.592697
v 121.766594 201.707809 110.519791
v 121.725182 201.701019 110.453644
v 98.296516 77.734756 120.088547
v 115.214500 109.305435 119.688400
v 113.663536 110.063736 113.942139
v 96.745552 78.493057 114.342285
v 104.195290 74.548233 118.075928
v 102.644325 75.306534 112.329666
v 115.551880 109.043655 113.297852
v 117.201454 102.471619 111.985359
v 116.604416 101.357491 111.999481
v 119.572517 103.243706 117.712227
v 117.960342 107.822136 118.751541
v 116.800888 103.772591 118.530098
v 115.870255 108.879608 113.815620
v 115.519707 109.078140 114.658722
v 114.648415 108.714775 113.498299
v 112.754715 102.091751 113.135437
v 115.467033 108.710983 113.276848
v 120.029663 105.679825 115.195038
v 118.354462 104.623245 111.958084
v 117.735886 104.752129 112.142052
v 58.247807 262.247314 136.444214
v 83.954628 247.238373 139.644714
v 82.673470 244.001923 134.757599
v 56.966648 259.010864 131.557098
v 61.509769 266.983154 132.452820
v 87.216591 251.974213 135.653320
v 85.935432 248.737762 130.766205
v 60.228611 263.746704 127.565697
v 33.835613 23.198174 16.734406
v 37.644695 23.692596 15.617969
v 34.557980 27.127411 20.939081
v 36.761734 20.869574 25.729635
v 38.619183 24.575642 29.339561
v 42.708389 24.751987 23.604816
v 43.842976 23.310930 27.159542
v 59.696766 28.115753 67.818169
v 59.346260 34.241966 75.855377
v 61.704712 35.239353 74.708199
v 59.650288 27.999857 79.108627
v 62.484013 30.814573 79.326324
v 67.545067 31.338554 75.268517
v 64.842461 31.811958 78.179146
v 53.437767 117.453819 28.212605
v 60.347679 108.757866 28.411779
v 58.047470 111.394478 34.527111
v 62.685421 110.469749 31.169388
v 62.392048 125.453598 27.091484
v 57.848064 126.108795 30.635904
v 63.586662 122.277962 29.210022
v 80.999176 151.488220 55.624443
v 85.543159 150.833023 52.080021
v 87.019913 155.699081 59.034855
v 86.737778 147.657379 54.198559
v 86.895447 155.466156 58.949707
v 83.619148 160.519211 57.313866
v 88.163132 159.864014 53.769447
v 90.618988 161.035843 56.701267
v 86.464622 153.405624 63.913132
v 88.481201 157.109421 60.412403
v 88.504372 155.271744 57.592319
v 88.186325 156.567825 60.924305
v 87.978851 156.978394 60.544224
v 84.955208 150.544678 57.583256
v 86.717232 148.089691 54.929173
v 86.582054 150.934341 59.736637
v 88.567917 155.685684 57.921467
v 88.502533 155.417343 57.815758
v 88.499908 155.625916 58.135826
v 87.602356 154.333969 60.221119
v 88.448364 155.194992 57.728165
v 86.942978 155.507019 58.980766
v 87.072090 155.653915 59.119904
v 86.915085 155.437378 58.961151
v 87.004196 155.169495 59.158710
v 28.421093 37.285809 4.499839
v 29.143461 41.215042 8.704514
v 35.951431 23.501886 24.087709
v 32.230175 37.780231 3.383401
v 38.238045 20.957401 20.145868
v 35.281704 19.858973 20.189428
v 35.127430 19.837082 19.653383
v 38.967262 20.251497 18.606428
v 38.073132 21.035728 18.027184
v 38.454151 21.135742 18.652935
v 30.472479 38.267403 7.898232
v 38.860710 21.464855 17.278629
v 39.822914 22.810663 18.402445
v 36.165688 23.454662 20.762526
v 33.167500 36.277592 4.414337
v 34.129704 37.623402 5.538153
v 37.257774 23.781460 22.365667
v 40.915001 23.137459 20.005587
v 41.811127 22.347736 21.609735
v 61.198708 79.024376 36.187611
v 62.094833 78.234650 37.791759
v 57.541481 79.668373 38.547691
v 36.973228 20.040606 28.026443
v 58.573704 79.555542 45.258957
v 62.662907 79.731895 39.524212
v 63.797497 78.290833 43.078938
v 38.741932 19.612392 27.288319
v 39.199730 19.831104 25.959126
v 38.849926 20.121538 25.394545
v 41.798935 22.246201 22.879267
v 43.650459 22.780495 27.005953
v 39.726250 19.991861 27.127981
v 39.647205 21.100466 27.602631
v 39.692501 20.617294 27.392298
v 38.900700 20.884935 25.940859
v 38.881027 20.513016 25.667421
v 56.951828 27.442160 74.100464
v 31.821077 49.315044 118.417152
v 33.758743 46.320690 120.993835
v 35.308727 47.555573 121.263298
v 58.544518 26.638670 75.400200
v 57.689381 26.302393 75.081245
v 60.120560 25.960268 77.509010
v 58.068520 25.162354 78.124893
v 57.285141 26.140265 78.149445
v 58.864365 26.762903 77.674683
v 61.612617 32.269417 71.858788
v 34.972801 49.478233 122.626007
v 34.668777 55.720337 119.372757
v 37.806526 52.292946 122.843704
v 64.750366 28.842024 75.329735
v 63.513672 28.600113 74.747833
v 63.979736 28.076563 75.270531
v 61.823700 27.935545 74.117508
v 63.852444 28.729937 76.030777
v 63.176384 28.462997 76.378349
v 60.741089 27.050465 77.185059
v 60.647385 27.465893 77.138649
v 59.200607 31.249382 73.032013
v 65.040962 27.348583 73.592331
v 73.845039 54.583420 82.834625
v 76.982788 51.156029 86.305573
v 79.685394 50.682625 83.394943
v 64.089081 27.515322 74.617485
v 63.214474 28.485456 73.614777
v 62.129715 28.049889 76.272163
v 63.852444 28.729937 76.030777
v 62.491264 28.065628 76.605316
v 63.176365 28.462990 76.378357
v 62.491009 28.192776 76.584396
v 62.188747 31.144438 74.783676
v 66.364922 28.806673 74.109550
v 65.742401 29.861559 72.528511
v 78.383553 50.003624 80.990166
v 74.829895 51.286503 83.245331
v 79.006073 48.948738 82.571205
v 58.442261 88.122688 37.776318
v 62.086105 87.517181 35.385551
v 54.972401 110.516273 26.816200
v 58.616245 109.910767 24.425432
v 59.702839 110.781731 25.860960
v 63.172699 88.388145 36.821079
v 59.658451 113.205956 26.234747
v 57.358242 115.842567 32.350079
v 61.996193 114.917839 28.992355
v 61.379482 89.890511 45.051826
v 62.197380 88.952995 42.877365
v 63.028152 89.561790 43.858242
v 63.400719 89.054337 38.055302
v 65.280022 93.724876 39.364857
v 62.323437 94.045982 41.671928
v 61.661201 92.392754 41.206341
v 55.123096 123.121552 27.694666
v 59.667080 122.466354 24.150246
v 60.861698 119.290718 26.268784
v 88.268127 153.820267 55.021259
v 83.724144 154.475464 58.565681
v 86.243004 152.793976 57.939812
v 88.782158 152.453827 55.932835
v 87.139465 148.097717 54.632122
v 62.753666 119.450043 27.754036
v 59.739395 118.579773 31.430553
v 63.257839 117.878250 28.883316
v 89.174744 148.414169 56.272060
v 88.841820 148.318054 56.678127
v 81.951241 142.929520 55.405273
v 84.924477 141.959869 52.728237
v 86.328926 145.478088 53.723240
v 89.302383 148.016235 56.557957
v 88.943893 147.942413 56.965080
v 88.218399 145.241287 55.824909
v 88.006180 145.530457 56.322136
v 61.356785 79.366425 46.040989
v 64.910439 78.083542 43.785824
v 65.911324 79.680817 44.454372
v 75.443359 55.586586 81.765854
v 78.997017 54.303707 79.510689
v 79.997902 55.900978 80.179237
v 62.749393 86.794609 47.907684
v 78.083435 60.908886 86.796257
v 80.763039 56.021584 82.486504
v 82.766380 59.215553 83.822594
v 64.274643 86.243088 46.939152
v 63.663540 85.127304 46.437405
v 69.283730 81.975906 49.629322
v 66.159668 80.673851 45.450970
v 66.548157 82.896873 51.529446
v 65.282608 82.371147 49.842117
v 29.924910 56.119118 122.779915
v 37.239155 47.505684 118.629417
v 36.935127 53.747787 115.376167
v 40.072880 50.320396 118.847115
v 40.664391 58.611904 121.734505
v 42.460590 53.379166 123.475807
v 36.749702 48.425171 120.982460
v 37.452007 50.035721 121.937912
v 34.369339 51.025265 118.349319
v 74.419792 53.556644 84.643166
v 76.800156 50.956551 87.276306
v 77.502464 52.567101 88.231758
v 36.376534 51.423206 123.873871
v 36.843334 58.370396 124.950279
v 38.639534 53.137657 126.691582
v 79.483833 54.147793 87.595100
v 81.746834 55.862244 90.412811
v 79.950638 61.094982 88.671509
v 30.255835 227.295792 63.749111
v 30.255835 225.235168 69.170715
v 32.783855 230.193420 64.850433
v 83.001625 185.025864 53.888039
v 83.001625 187.086487 48.466434
v 85.529648 189.984116 49.567757
v 26.578976 232.650787 73.341866
v 29.281744 236.574783 70.034698
v 31.755651 233.735092 68.687149
v 86.693878 250.724747 133.743637
v 81.517204 249.640442 138.398346
v 84.219971 253.564438 135.091187
v 27.274063 234.928101 70.155655
v 27.274063 229.815796 72.895042
v 30.997114 234.237350 68.866562
v 54.349075 262.369446 133.647308
v 54.349075 267.481750 130.907913
v 58.072124 266.790985 129.618820
v 34.849113 229.677414 64.428925
v 35.815315 230.326736 66.055222
v 34.022381 227.076752 68.418037
v 84.495049 191.831177 50.044403
v 85.461250 192.480499 51.670696
v 83.668312 189.230515 54.033520
v 32.611626 235.197952 70.070129
v 34.223045 234.016388 69.985115
v 32.172668 231.039566 72.493996
v 58.224144 265.993164 127.540764
v 57.785187 261.834778 129.964630
v 59.835564 264.811584 127.455750
v 33.651264 229.128601 70.958687
v 34.127201 233.668747 69.371109
v 35.444199 232.378586 68.595871
v 86.058617 245.335571 133.018158
v 86.534554 249.875717 131.430573
v 87.851555 248.585556 130.655334
v 78.744667 60.642368 88.555359
v 80.540863 55.409630 90.296661
v 83.803902 55.769173 88.011208
v 98.129410 70.598785 117.798157
v 96.333214 75.831520 116.056854
v 101.392448 70.958328 115.512703
v 82.076225 60.096954 89.344345
v 85.784019 58.094002 88.079262
v 85.331200 56.525799 89.234985
v 97.710793 73.598686 113.790588
v 100.965767 70.027519 113.681229
v 101.418587 71.595726 112.525505
v 88.644287 155.116867 55.263813
v 84.100304 155.772064 58.808235
v 85.784142 183.335434 46.380806
v 81.240158 183.990631 49.925224
v 88.239998 184.507263 49.312626
v 89.439407 156.166122 58.340977
v 90.422318 155.965271 57.386436
v 91.059639 156.688293 58.069839
v 89.274902 159.413635 62.018490
v 92.034683 158.479431 58.162220
v 93.046539 159.089920 59.775742
v 86.799675 183.834503 54.330971
v 89.559456 182.900299 50.474701
v 90.571312 183.510788 52.088223
v 82.104218 187.164978 53.729942
v 84.467628 191.449066 50.615314
v 88.120270 190.105789 51.539341
v 85.444458 250.263535 132.254150
v 89.097099 248.920258 133.178162
v 83.081047 245.979446 135.368774
v 84.230400 187.808685 55.616989
v 87.566132 191.639435 52.817314
v 90.110275 188.711029 51.841698
v 118.108070 198.788254 111.004410
v 120.715630 201.782776 108.815887
v 120.827171 199.205536 109.258553
v 121.079681 198.748047 102.474319
v 121.417862 202.610596 108.162323
v 119.870186 201.493042 107.480858
v 117.458984 198.127441 103.932137
v 87.981400 186.988144 55.863091
v 91.753036 186.664429 53.620342
v 91.706825 188.630936 53.258785
v 123.526573 198.943542 105.281654
v 119.801147 197.300751 107.885963
v 119.840530 197.318115 107.858437
v 123.282494 198.835907 105.452286
v 119.841431 197.297287 107.862007
v 118.145332 196.764114 105.178825
v 116.044121 196.083115 101.743515
v 119.204330 195.649567 98.981476
v 120.955116 198.086639 101.546951
v 123.555115 197.729126 105.504936
v 123.283730 197.563477 105.703766
v 122.824120 196.734390 104.419205
v 122.735573 196.820282 104.897659
v 88.492668 187.379135 55.964291
v 89.387207 191.227844 53.180897
v 91.023224 190.285233 53.840397
v 89.430664 243.855591 134.357788
v 90.325203 247.704300 131.574402
v 91.961220 246.761688 132.233902
v 78.353600 248.662094 134.652084
v 83.032509 243.056931 131.312103
v 85.395920 247.341019 128.197479
v 81.056366 252.586090 131.344925
v 89.048561 245.997742 129.121490
v 86.589859 246.303986 140.324631
vn 0.5440 -0.8058 -0.2339
vn -0.0000 -0.9999 0.0123
vn 0.8312 -0.1464 -0.5364
vn 0.8281 -0.1376 -0.5434
vn 0.9007 -0.2181 -0.3759
vn 0.8076 -0.2916 -0.5125
vn 0.8427 -0.4552 -0.2875
vn 0.8074 -0.2920 -0.5127
vn -0.1245 -0.6775 -0.7249
vn 0.4404 -0.6805 0.5856
vn -0.4404 0.6805 -0.5856
vn 0.5410 -0.5909 0.5984
vn 0.3097 -0.9022 0.3002
vn 0.8572 -0.0736 -0.5097
vn 0.5751 0.6605 -0.4827
vn 0.7996 -0.1594 -0.5789
vn 0.7834 -0.1130 -0.6111
vn 0.4075 0.7386 -0.5370
vn 0.4660 0.6766 -0.5702
vn -0.0000 0.3072 -0.9516
vn -0.0000 0.8814 -0.4723
vn -0.0000 0.3553 -0.9348
vn -0.5974 -0.0272 0.8015
vn -0.5481 0.8025 0.2358
vn 0.0046 0.9999 -0.0144
vn -0.8435 0.1531 0.5148
vn -0.8452 0.1584 0.5105
vn -0.9015 0.2137 0.3763
vn -0.8048 0.2883 0.5189
vn -0.8437 0.4506 0.2918
vn -0.8083 0.2826 0.5165
vn 0.1331 0.6708 0.7296
vn -0.4312 0.6839 -0.5885
vn 0.4312 -0.6839 0.5886
vn 0.4312 -0.6839 0.5885
vn -0.5386 0.5904 -0.6011
vn -0.3076 0.9018 -0.3034
vn -0.8621 0.0924 0.4983
vn -0.5752 -0.6621 0.4803
vn -0.5752 -0.6621 0.4804
vn -0.8215 0.1787 0.5415
vn -0.8049 0.1218 0.5808
vn -0.4074 -0.7398 0.5355
vn -0.4676 -0.6762 0.5693
vn 0.0196 -0.3072 0.9514
vn 0.0005 -0.3074 0.9516
vn 0.0006 -0.3074 0.9516
vn 0.0036 -0.8814 0.4723
vn 0.0010 -0.8817 0.4718
vn 0.0005 -0.3553 0.9348
vn 0.0035 -0.3494 0.9370
vn 0.8167 -0.1344 -0.5613
vn 0.6363 0.0978 0.7652
vn 0.5433 0.5507 -0.6337
vn -0.0000 -0.1218 0.9926
vn -1.0000 0.0001 0.0073
vn -0.5444 -0.7621 0.3505
vn 0.3539 -0.1974 0.9142
vn 0.1958 0.8850 -0.4225
vn -0.0223 -0.8082 0.5885
vn -0.6564 0.6703 -0.3462
vn -0.9119 -0.2767 0.3032
vn 0.0350 -0.6388 -0.7686
vn 0.0848 0.0813 0.9931
vn 0.5510 -0.7593 0.3463
vn 0.5709 -0.0052 0.8210
vn 0.4626 -0.4068 0.7877
vn 0.1926 0.5093 0.8388
vn -1.0000 -0.0000 -0.0000
vn -0.0000 0.8834 0.4687
vn 0.0430 -0.8578 0.5122
vn -0.0000 0.5561 0.8311
vn -0.0000 -0.7368 -0.6762
vn -0.0000 0.7368 0.6762
vn -0.0000 -0.8834 -0.4687
vn 0.6247 -0.2399 0.7431
vn -0.0000 -0.8168 0.5770
vn -0.6247 -0.2399 0.7431
vn -0.0000 -0.3072 0.9516
vn -0.0000 0.9998 0.0191
vn 1.0000 -0.0000 -0.0000
vn -0.0000 -0.8222 -0.5692
vn 0.9622 0.0837 -0.2591
vn 0.9622 0.0837 -0.2592
vn -0.9622 0.0837 -0.2592
vn -0.0000 0.3252 0.9457
vn -0.0000 -0.9516 -0.3072
vn -0.0000 0.9516 0.3072
vn -0.9622 0.0837 -0.2591
vn -0.0000 0.1951 -0.9808
vn -0.0000 0.5556 -0.8315
vn -0.0000 0.8315 -0.5556
vn -0.0000 0.9808 -0.1951
vn -0.0000 0.9808 0.1951
vn -0.0000 0.8315 0.5556
vn -0.0000 0.5556 0.8315
vn -0.0000 0.1951 0.9808
vn -0.0000 -0.1951 0.9808
vn -0.0000 -0.5556 0.8315
vn -0.0000 -0.8315 0.5556
vn -0.0000 -0.9808 0.1951
vn -0.0000 -0.9808 -0.1951
vn -0.0000 -0.8315 -0.5556
vn -0.0000 -0.5556 -0.8315
vn -0.0000 -0.1951 -0.9808
vn -0.0000 -0.8168 0.5769
vn -0.0000 0.8315 -0.5555
vn -0.0000 0.8315 0.5555
vn -0.0000 -0.8315 0.5555
vn -0.0000 -0.8315 -0.5555
vn -0.6247 -0.6883 0.3688
vn -0.0000 0.4723 0.8814
vn 0.6247 -0.6883 0.3688
vn -0.0000 -0.4723 -0.8814
vn -0.9622 0.2400 -0.1286
vn -0.0000 0.7069 0.7073
vn -0.0000 -0.1974 -0.9803
vn -0.0000 -0.9885 -0.1510
vn -0.0000 -0.8814 0.4723
vn 0.9622 0.2400 -0.1286
vn -0.0000 -0.4217 0.9067
vn -0.0000 0.9808 -0.1952
vn -0.0000 0.9808 0.1952
vn -0.0000 -0.9808 -0.1952
vn -0.0000 0.8314 -0.5556
vn -0.0000 0.8314 0.5556
vn -0.0000 -0.9808 0.1952
vn -0.0000 -0.5555 -0.8315
vn -0.0000 -0.9348 -0.3553
vn 0.6247 -0.2774 0.7299
vn -0.0000 -0.3553 0.9348
vn -0.0000 -0.7922 -0.6103
vn -0.6247 -0.2774 0.7299
vn -0.0000 0.2766 0.9610
vn -0.0000 0.9348 0.3553
vn -0.9622 0.0968 -0.2546
vn -0.0000 -0.8451 0.5347
vn -0.0000 0.9975 0.0700
vn 0.9622 0.0968 -0.2546
vn -0.0000 0.5555 -0.8315
vn -0.0042 0.0123 0.9999
vn -0.0040 -0.2772 0.9608
vn -0.9622 -0.2724 -0.0007
vn 1.0000 0.0001 0.0042
vn 0.0040 -0.3008 -0.9537
vn -1.0000 -0.0001 -0.0042
vn 0.9622 -0.2723 0.0074
vn 0.9622 -0.2722 0.0074
vn -0.0025 0.8073 0.5901
vn -0.6247 0.7808 -0.0123
vn 0.0025 0.7926 -0.6098
vn 0.0042 -0.0123 -0.9999
vn 0.6247 0.7808 -0.0070
vn -0.0000 0.9999 -0.0123
vn 0.0041 0.1951 -0.9808
vn 0.0035 0.5556 -0.8315
vn 0.0023 0.8315 -0.5556
vn 0.0008 0.9808 -0.1951
vn -0.0009 0.9808 0.1951
vn -0.0024 0.8315 0.5556
vn -0.0035 0.5556 0.8315
vn -0.0042 0.1951 0.9808
vn -0.0041 -0.1951 0.9808
vn -0.0035 -0.5556 0.8315
vn -0.0023 -0.8315 0.5556
vn -0.0008 -0.9808 0.1951
vn 0.0009 -0.9808 -0.1951
vn 0.0024 -0.8315 -0.5556
vn 0.0035 -0.5556 -0.8315
vn 0.0042 -0.1951 -0.9808
vn 0.3515 -0.2101 0.9123
vn 0.3514 -0.2101 0.9123
vn -0.8161 -0.3589 -0.4529
vn -0.2865 -0.9519 -0.1087
vn 0.5411 -0.7497 -0.3811
vn -0.5411 0.7497 0.3811
vn -0.8161 -0.3588 -0.4530
vn -0.7640 -0.6276 0.1498
vn -0.3515 0.2101 -0.9123
vn -0.3514 0.2100 -0.9123
vn 0.5181 -0.0597 0.8532
vn -0.9359 -0.0523 0.3485
vn -0.1659 0.3491 -0.9223
vn -0.3375 0.8806 0.3327
vn 0.7118 -0.5731 -0.4061
vn -0.1659 0.3490 -0.9223
vn -0.3770 -0.6213 0.6869
vn 0.8682 -0.2916 -0.4016
vn 0.9362 0.0878 -0.3404
vn 0.8616 0.4537 -0.2275
vn 0.6559 0.7506 -0.0799
vn 0.3504 0.9332 0.0799
vn -0.0085 0.9737 0.2275
vn -0.3661 0.8661 0.3404
vn -0.6680 0.6265 0.4016
vn -0.8682 0.2916 0.4016
vn -0.9362 -0.0877 0.3404
vn -0.8616 -0.4537 0.2275
vn -0.6559 -0.7506 0.0799
vn -0.3504 -0.9332 -0.0799
vn 0.0085 -0.9737 -0.2275
vn 0.3661 -0.8661 -0.3404
vn 0.6680 -0.6265 -0.4016
vn 0.9362 0.0877 -0.3404
vn -0.3661 0.8661 0.3405
vn 0.0631 -0.0211 0.9978
vn 0.0631 -0.0212 0.9978
vn -0.6471 0.3553 0.6745
vn -0.8792 0.4720 0.0656
vn -0.7259 0.3818 -0.5721
vn 0.4723 0.8814 -0.0112
vn -0.0631 0.0212 -0.9978
vn -0.0631 0.0211 -0.9978
vn -0.9867 -0.1512 0.0592
vn -0.4723 -0.8814 0.0112
vn 0.1597 -0.0980 -0.9823
vn 0.6896 0.7236 -0.0282
vn -0.4200 0.9064 0.0458
vn 0.2818 -0.1390 0.9494
vn -0.2208 -0.9753 -0.0067
vn 0.9899 -0.1262 -0.0652
vn 0.9632 0.2629 -0.0553
vn 0.7899 0.6121 -0.0370
vn 0.4964 0.8680 -0.0130
vn 0.1273 0.9918 0.0130
vn -0.2612 0.9646 0.0370
vn -0.6099 0.7905 0.0553
vn -0.8658 0.4961 0.0652
vn -0.9899 0.1262 0.0652
vn -0.9632 -0.2629 0.0553
vn -0.7900 -0.6120 0.0370
vn -0.4964 -0.8680 0.0130
vn -0.1273 -0.9918 -0.0130
vn 0.2612 -0.9646 -0.0370
vn 0.6099 -0.7905 -0.0553
vn 0.8658 -0.4961 -0.0652
vn -0.7900 -0.6121 0.0370
vn 0.0237 0.2472 0.9687
vn 0.0238 0.2472 0.9687
vn 0.1413 0.4320 0.8907
vn 0.1055 -0.9641 0.2435
vn -0.8586 0.5013 -0.1069
vn 0.0952 -0.0490 -0.9943
vn 0.8586 -0.5013 0.1069
vn 0.0951 -0.0491 -0.9943
vn -0.0237 -0.2472 -0.9687
vn -0.0237 -0.2471 -0.9687
vn -0.0238 -0.2473 -0.9686
vn 0.9580 -0.2825 0.0486
vn -0.7067 0.6895 -0.1586
vn -0.3850 -0.4931 0.7802
vn -0.4146 -0.8019 -0.4301
vn -0.4147 -0.8019 -0.4301
vn -0.9248 -0.3626 0.1152
vn -0.5120 -0.8292 0.2242
vn -0.1034 0.9644 -0.2436
vn -0.4761 0.8548 -0.2065
vn -0.7762 0.6152 -0.1380
vn -0.9582 0.2818 -0.0485
vn -0.9944 -0.0944 0.0485
vn -0.8791 -0.4562 0.1380
vn -0.6300 -0.7486 0.2065
vn -0.2850 -0.9271 0.2436
vn 0.1034 -0.9644 0.2436
vn 0.4761 -0.8548 0.2065
vn 0.7762 -0.6152 0.1380
vn 0.9582 -0.2819 0.0484
vn 0.9944 0.0944 -0.0485
vn 0.8791 0.4562 -0.1380
vn 0.6300 0.7487 -0.2065
vn 0.2850 0.9271 -0.2436
vn -0.8791 -0.4563 0.1380
vn 0.9582 -0.2819 0.0485
vn 0.6300 0.7486 -0.2065
vn -0.0000 0.9910 0.1339
vn -0.0000 -0.9910 -0.1339
vn -0.0000 0.1339 -0.9910
vn -0.0000 -0.1339 0.9910
vn -0.1951 -0.9720 -0.1313
vn -0.5556 -0.8240 -0.1113
vn -0.8315 -0.5506 -0.0744
vn -0.9808 -0.1933 -0.0261
vn -0.9808 0.1933 0.0261
vn -0.8315 0.5506 0.0744
vn -0.5556 0.8240 0.1113
vn -0.1951 0.9720 0.1313
vn 0.1951 0.9720 0.1313
vn 0.5556 0.8240 0.1113
vn 0.8315 0.5506 0.0744
vn 0.9808 0.1933 0.0261
vn 0.9808 -0.1933 -0.0261
vn 0.8315 -0.5506 -0.0744
vn 0.5556 -0.8240 -0.1113
vn 0.1951 -0.9720 -0.1313
vn 0.9315 0.3553 -0.0779
vn -0.9315 -0.3554 0.0779
vn -0.9315 -0.3553 0.0779
vn 0.3637 -0.9097 0.2003
vn 0.0003 -0.2149 -0.9766
vn -0.3638 0.9097 -0.2004
vn -0.0003 0.2149 0.9766
vn -0.1186 0.0944 -0.9884
vn -0.2036 0.3319 -0.9211
vn -0.2747 0.5468 -0.7909
vn -0.3271 0.7243 -0.6069
vn -0.3571 0.8526 -0.3815
vn -0.3628 0.9227 -0.1302
vn -0.3439 0.9300 0.1301
vn -0.3014 0.8738 0.3815
vn -0.2385 0.7581 0.6069
vn -0.1593 0.5908 0.7909
vn -0.0692 0.3832 0.9211
vn 0.0256 0.1495 0.9884
vn 0.1187 -0.0944 0.9884
vn 0.2036 -0.3319 0.9211
vn 0.3251 -0.6856 0.6514
vn 0.9316 0.3551 -0.0778
vn -0.9315 -0.3553 0.0778
vn 0.3571 -0.8526 0.3816
vn 0.9315 0.3552 -0.0779
vn 0.3629 -0.9227 0.1301
vn 0.3439 -0.9300 -0.1301
vn -0.9314 -0.3557 0.0779
vn 0.2928 -0.8262 -0.4813
vn 0.1224 -0.6043 -0.7873
vn 0.1593 -0.5908 -0.7909
vn 0.0692 -0.3832 -0.9211
vn -0.0256 -0.1495 -0.9884
vn 0.3530 -0.9347 -0.0421
vn -0.3530 0.9347 0.0421
vn 0.9335 0.3549 -0.0515
vn -0.9335 -0.3549 0.0515
vn 0.2609 0.0706 0.9628
vn 0.2611 0.0706 0.9627
vn -0.2609 -0.0706 -0.9628
vn -0.2608 -0.0706 -0.9628
vn 0.3554 -0.9343 -0.0278
vn 0.8975 0.3494 -0.2689
vn 0.8976 0.3494 -0.2689
vn -0.3554 0.9343 0.0278
vn -0.8976 -0.3494 0.2689
vn -0.8976 -0.3494 0.2688
vn 0.2610 0.0706 0.9628
vn -0.8975 -0.3495 0.2689
vn -0.8975 -0.3494 0.2689
vn -0.6761 -0.2775 0.6826
vn -0.6760 -0.2775 0.6826
vn 0.6760 0.2775 -0.6826
vn 0.6761 0.2775 -0.6826
vn 0.6455 0.2238 0.7303
vn -0.6455 -0.2238 -0.7303
vn -0.4657 -0.5314 -0.7076
vn -0.5344 -0.4680 -0.7038
vn -0.4644 -0.6040 -0.6478
vn -0.2962 -0.7791 -0.5525
vn 0.1092 -0.9539 -0.2797
vn 0.2941 -0.9510 -0.0954
vn 0.4589 -0.8833 0.0954
vn 0.5925 -0.7555 0.2797
vn 0.6782 -0.6150 0.4023
vn 0.7321 -0.3575 0.5798
vn 0.7287 -0.1145 0.6752
vn 0.6756 0.1362 0.7246
vn 0.5765 0.3777 0.7246
vn 0.4709 0.5498 0.6899
vn 0.0831 0.8917 0.4449
vn -0.1092 0.9539 0.2797
vn -0.2941 0.9510 0.0954
vn -0.4589 0.8833 -0.0954
vn -0.5925 0.7555 -0.2797
vn -0.6857 0.5761 -0.4449
vn -0.7118 0.5648 -0.4177
vn -0.7287 0.1145 -0.6752
vn -0.6756 -0.1362 -0.7246
vn 0.6759 0.2776 -0.6827
vn -0.2621 0.7830 -0.5640
vn 0.2621 -0.7830 0.5640
vn 0.8586 -0.0776 -0.5068
vn -0.4406 -0.6171 -0.6519
vn -0.8586 0.0776 0.5068
vn -0.8585 0.0776 0.5069
vn 0.4407 0.6171 0.6519
vn 0.4406 0.6171 0.6519
vn -0.2621 0.7830 -0.5641
vn -0.0327 -0.6899 -0.7232
vn 0.0327 0.6899 0.7232
vn 0.8023 -0.4496 0.3927
vn 0.5960 0.5674 -0.5682
vn -0.8023 0.4496 -0.3927
vn -0.5960 -0.5674 0.5682
vn 0.6600 0.5393 -0.5230
vn -0.6600 -0.5393 0.5230
vn 0.7500 -0.5132 0.4172
vn 0.0434 0.6676 0.7432
vn -0.7500 0.5132 -0.4172
vn -0.0434 -0.6676 -0.7432
vn 0.5652 -0.8168 0.1158
vn -0.8022 0.4503 -0.3920
vn -0.7495 0.5141 -0.4170
vn -0.5664 0.8159 -0.1164
vn -0.5969 -0.6143 0.5161
vn -0.0430 -0.6828 -0.7293
vn 0.7085 0.5017 -0.4964
vn -0.5496 -0.2681 0.7912
vn 0.7870 0.4918 -0.3726
vn 0.2223 -0.7516 0.6210
vn 0.6900 0.7220 -0.0511
vn 0.4885 0.4219 0.7638
vn 0.4196 -0.7719 0.4777
vn -0.4432 -0.5624 0.6981
vn -0.7642 -0.0483 0.6432
vn -0.8341 -0.2860 0.4716
vn -0.5008 -0.7980 -0.3352
vn -0.0712 -0.2455 -0.9668
vn 0.7985 -0.2774 -0.5343
vn 0.8479 -0.2802 -0.4502
vn -0.9973 0.0705 -0.0225
vn -0.3612 0.8980 0.2511
vn -0.5862 0.3308 -0.7396
vn -0.3119 0.5265 -0.7909
vn -0.1861 0.2521 0.9496
vn -0.4460 -0.4504 0.7735
vn -0.4676 -0.3799 0.7982
vn 0.5075 -0.5574 0.6571
vn -0.7750 0.5908 0.2245
vn -0.9643 -0.2477 -0.0941
vn 0.4916 0.3171 -0.8111
vn -0.6158 -0.2733 -0.7390
vn 0.0962 -0.9494 0.2989
vn 0.5145 0.1667 0.8411
vn -0.7265 0.6185 0.2994
vn 0.4072 0.7261 -0.5541
vn 0.3771 0.9112 -0.1660
vn 0.4954 0.5553 -0.6680
vn 0.7576 0.0422 -0.6514
vn 0.5560 0.6540 -0.5130
vn -0.1006 0.6427 0.7595
vn 0.7976 -0.1468 -0.5850
vn 0.8399 -0.1618 -0.5181
vn -0.7636 0.2531 0.5940
vn -0.7912 0.1195 0.5998
vn 0.3119 -0.5265 0.7909
vn 0.0088 -0.6587 0.7524
vn -0.1378 0.8896 -0.4354
vn -0.8831 0.2067 -0.4213
vn -0.8527 0.0880 -0.5150
vn -0.8526 0.0880 -0.5150
vn -0.3292 -0.9070 -0.2626
vn -0.8140 0.0464 -0.5790
vn 0.8545 -0.3946 -0.3378
vn 0.8500 -0.3346 -0.4069
vn 0.5688 0.6425 0.5135
vn 0.5679 0.6429 0.5139
vn 0.3910 -0.3901 0.8336
vn 0.1454 0.9893 -0.0091
vn 0.8138 -0.1725 -0.5550
vn 0.0107 0.9535 -0.3013
vn 0.5768 -0.4205 0.7003
vn 0.5296 -0.4197 0.7371
vn -0.3909 0.3898 -0.8338
vn 0.7995 -0.1570 -0.5797
vn 0.3632 0.9048 0.2224
vn 0.3672 0.9027 0.2243
vn 0.0737 0.9351 -0.3465
vn -0.1741 -0.6963 0.6963
vn 0.0753 -0.9660 0.2474
vn -0.8119 0.1447 0.5655
vn 0.6892 0.2096 0.6936
vn 0.8126 -0.1987 -0.5479
vn -0.1102 0.9691 -0.2208
vn 0.8043 -0.4301 0.4101
vn 0.6327 0.1957 0.7493
vn 0.0297 0.6321 0.7743
vn -0.7963 0.2857 0.5331
vn 0.6555 -0.2990 0.6935
vn 0.5291 0.6932 -0.4894
vn 0.9245 -0.1776 0.3372
vn -0.7196 0.2907 -0.6306
vn -0.9986 0.0249 0.0464
vn -0.5222 -0.7076 0.4761
vn 0.7750 -0.5908 -0.2245
vn -0.7489 -0.6195 -0.2354
vn -0.1880 0.6451 -0.7406
vn -0.0000 0.9516 0.3073
vn 0.0002 0.5737 0.8191
vn -0.0038 -0.7815 0.6239
vn 0.4548 0.1985 -0.8682
vn 0.6316 0.2087 0.7467
vn 0.3553 -0.9342 -0.0320
vn 0.3551 -0.9343 -0.0314
vn 0.7063 0.1886 -0.6823
vn -0.6471 -0.3502 0.6772
vn -0.3757 0.9259 0.0403
vn 0.3365 -0.9417 -0.0035
vn -0.3678 0.9293 0.0331
vn -0.3780 0.9234 0.0660
vn 0.7264 0.1291 -0.6750
vn -0.7024 0.1883 -0.6864
vn -0.5751 -0.6605 0.4827
vn 0.6135 0.0420 0.7885
vn -0.6136 -0.0420 -0.7885
vn 0.5410 -0.7496 -0.3812
vn 0.5411 -0.7497 -0.3810
vn 0.3418 -0.7868 0.5139
vn 0.8488 -0.0536 -0.5259
vn -0.4423 -0.6078 -0.6595
vn 0.5800 0.0488 0.8132
vn 0.0854 -0.9961 0.0212
vn 0.8725 -0.0742 -0.4830
vn -0.8427 0.4552 0.2875
vn 0.2585 -0.1264 0.9577
vn 0.4725 0.8813 -0.0112
vn -0.2585 0.1264 -0.9577
vn 0.8137 -0.1725 -0.5551
vn 0.0757 0.9345 -0.3479
vn 0.0642 -0.9651 0.2540
vn -0.8118 0.1515 0.5639
vn 0.8125 -0.2026 -0.5466
vn 0.0899 0.9321 -0.3508
vn -0.4660 -0.6766 0.5702
vn 0.2135 0.5394 0.8145
vn -0.2135 -0.5394 -0.8145
vn -0.8976 0.0210 0.4403
vn 0.7780 -0.4553 -0.4329
vn 0.3292 0.9070 0.2626
vn 0.1107 -0.7214 0.6836
vn 0.2186 0.9581 0.1853
vn -0.2787 0.7251 -0.6297
vn 0.0474 -0.9631 -0.2648
vn 0.4398 0.5573 -0.7043
vn 0.5008 0.7980 0.3352
vn 0.3862 -0.9224 -0.0079
vn -0.9987 -0.0511 -0.0046
vn -0.5354 0.6603 -0.5266
vn -0.4533 0.3945 0.7993
vn 0.0289 0.7242 0.6890
vn -0.5035 0.4611 -0.7307
vn -0.0610 -0.0713 -0.9956
vn -0.7824 -0.6223 -0.0260
vn -0.7105 0.1709 0.6827
vn 0.5450 0.5974 0.5882
vn 0.7549 -0.1431 -0.6401
vn 0.7993 -0.1572 -0.5800
vn 0.1378 -0.8896 0.4354
vn 0.3825 0.2411 0.8919
vn -0.4134 -0.7887 0.4551
vn 0.9282 -0.3083 0.2085
vn 0.0135 0.6829 0.7304
vn -0.8411 0.1466 0.5207
vn -0.5450 -0.5975 -0.5882
vn -0.0962 0.9494 -0.2989
vn -0.5577 0.3061 -0.7715
vn 0.3398 -0.7868 0.5152
vn 0.5545 0.6053 0.5711
vn 0.8496 -0.0561 -0.5244
vn 0.5277 -0.4194 0.7387
vn -0.2467 -0.9104 -0.3320
vn 0.8017 -0.1588 -0.5762
vn 0.8015 -0.1586 -0.5765
vn 0.2787 -0.7251 0.6297
vn -0.9523 -0.1236 0.2791
vn 0.8546 0.4864 0.1818
vn -0.7289 -0.4501 0.5158
vn 0.3468 -0.9359 -0.0616
vn 0.4811 0.6729 0.5619
vn -0.7819 -0.5520 -0.2896
vn -0.4481 0.3949 -0.8021
vn 0.0640 -0.2989 0.9521
vn 0.2836 -0.3603 0.8887
vn -0.7448 0.4204 -0.5182
vn 0.8728 0.2434 -0.4230
vn 0.7448 -0.4205 0.5181
vn 0.3800 -0.9236 -0.0509
vn 0.4533 -0.3945 -0.7993
vn -0.7750 -0.6174 -0.1347
vn 0.5233 0.8437 -0.1197
vn -0.2273 -0.1573 -0.9610
vn 0.3663 -0.9305 -0.0009
vn 0.4532 -0.3945 -0.7993
vn 0.7084 0.7037 0.0544
vn -0.8903 -0.2438 -0.3846
vn -0.2264 -0.1584 -0.9611
vn -0.8370 -0.4763 0.2692
vn 0.3663 -0.9305 -0.0021
vn -0.6757 0.1184 0.7277
vn 0.2491 0.2381 -0.9388
vn -0.2264 -0.1586 -0.9610
vn 0.3671 -0.9302 -0.0002
vn -0.3113 0.5274 -0.7905
vn -0.0508 -0.3595 0.9318
vn -0.5433 -0.4355 -0.7178
vn 0.1519 0.4534 0.8783
vn 0.5844 0.4280 0.6894
vn -0.9351 -0.2618 -0.2389
vn 0.5296 -0.4198 0.7371
vn -0.5450 -0.5974 -0.5882
vn 0.5450 0.5974 0.5883
vn -0.2987 0.7939 -0.5296
vn -0.1989 -0.5894 0.7829
vn 0.5276 -0.4195 0.7386
vn 0.2521 -0.7859 0.5646
vn -0.5604 0.7814 -0.2745
vn 0.5280 -0.4196 0.7384
vn -0.8281 0.1805 0.5308
vn 0.7160 -0.4258 0.5532
vn -0.5004 -0.7986 -0.3343
vn 0.1214 0.8477 0.5164
vn 0.5008 0.7985 0.3340
vn -0.8707 -0.4916 0.0161
vn 0.0739 0.9351 -0.3467
vn 0.8128 -0.1989 -0.5475
vn -0.2419 0.8339 -0.4961
vn 0.0176 0.3211 0.9469
vn -0.1634 -0.5374 0.8273
vn 0.6962 -0.7094 0.1096
vn -0.7347 -0.3413 -0.5863
vn 0.8481 0.1193 -0.5163
vn 0.7642 0.0483 -0.6432
vn -0.3512 -0.8053 -0.4777
vn 0.0958 0.9776 0.1873
vn 0.5658 0.4286 0.7044
vn -0.6416 0.1594 -0.7503
vn -0.6320 -0.7244 -0.2753
vn 0.5203 0.3946 0.7573
vn -0.6327 -0.1957 -0.7493
vn -0.6185 0.7099 0.3369
vn 0.2446 -0.9685 0.0464
vn 0.3656 0.4396 0.8204
vn -0.3656 -0.4396 -0.8204
vn -0.9308 0.1727 0.3223
vn 0.7662 -0.6426 0.0028
vn 0.4831 0.3247 0.8131
vn -0.6084 -0.6012 -0.5180
vn 0.4660 0.6765 -0.5702
vn 0.8057 -0.5908 -0.0425
vn -0.9263 0.2579 0.2746
vn 0.6327 0.1957 0.7492
vn -0.6327 -0.1957 -0.7492
vn 0.6585 -0.6451 -0.3876
vn -0.7681 0.2816 0.5751
vn -0.4885 -0.4219 -0.7638
vn -0.8158 -0.0899 0.5714
vn 0.4957 0.5862 -0.6408
vn 0.2264 0.7841 -0.5779
vn -0.5548 -0.5254 0.6450
vn -0.6140 -0.2930 -0.7330
vn 0.0606 0.3053 0.9503
vn 0.3398 -0.7867 0.5154
vn 0.5059 0.3052 0.8068
vn -0.8153 -0.2474 -0.5235
vn -0.0097 -0.5845 -0.8113
vn 0.0097 0.5845 0.8113
vn -0.9132 0.3358 -0.2310
vn 0.5204 -0.6958 0.4950
vn -0.5145 -0.1667 -0.8411
vn -0.6360 0.7321 0.2439
vn 0.1971 -0.9776 0.0733
vn 0.3418 -0.7868 0.5140
vn 0.5139 0.1663 0.8416
vn 0.0229 -0.9832 0.1811
vn 0.0231 -0.9833 0.1808
vn -0.3757 0.9256 0.0464
vn -0.3756 0.9256 0.0460
vn 0.3415 -0.7867 0.5142
vn -0.8628 0.0987 0.4958
vn 0.8487 -0.0538 -0.5261
vn 0.6308 -0.7350 0.2486
vn 0.8180 -0.4713 0.3298
vn -0.9827 0.1558 -0.1005
vn 0.4056 0.6931 -0.5958
vn 0.6514 0.7488 0.1225
vn 0.4727 -0.8719 0.1276
vn -0.5241 -0.7141 0.4641
vn -0.2438 0.7177 0.6523
vn -0.6831 -0.1344 -0.7178
vn 0.5439 -0.8059 -0.2339
vn -0.0000 0.8814 -0.4724
vn 0.4472 -0.8944 0.0044
vn -0.0000 -1.0000 -0.0000
vn -0.5996 -0.0344 -0.7995
vn -0.9855 0.1694 -0.0000
vn 0.8944 -0.4472 0.0105
vn 0.8944 0.4472 -0.0000
vn 0.5547 -0.8321 -0.0000
vn -0.4676 -0.6762 0.5692
vn 0.0576 -0.3819 0.9224
vn -0.4677 -0.6762 0.5693
vn 0.0051 -0.3125 0.9499
vn 0.0064 -0.3138 0.9495
vn 0.0006 -0.3137 0.9495
vn 0.0196 -0.3073 0.9514
vn 0.0035 -0.8814 0.4723
vn -0.9473 -0.3079 0.0888
vn -0.0000 -0.9012 0.4333
vn 0.0034 -0.8814 0.4723
vn 0.0012 -0.8819 0.4714
vn 0.0010 -0.8818 0.4716
vn 0.0011 -0.8818 0.4716
vn 0.0010 -0.8819 0.4715
vn 0.0011 -0.8817 0.4718
vn 0.0045 -0.3530 0.9356
vn 0.5958 0.1747 0.7839
vn 0.6727 0.2864 -0.6823
vn -0.0117 0.0123 0.9999
vn -0.9575 -0.2884 -0.0005
vn -0.4486 -0.8369 0.3135
vn 0.0024 0.0114 0.9999
vn 0.0420 0.9431 -0.3298
vn -0.0113 -0.7296 0.6838
vn -0.6730 0.5945 -0.4400
vn -0.8968 -0.3019 0.3235
vn -0.1336 -0.3656 -0.9211
vn -0.0591 0.4761 0.8774
vn 0.2583 -0.7880 0.5589
vn 0.6542 0.0856 0.7515
vn 0.4266 -0.4000 0.8112
vn 0.1906 0.5059 0.8413
vn 0.0035 0.9516 0.3072
vn -0.0029 0.4723 0.8814
vn 0.0198 -0.4722 -0.8813
vn 0.0222 0.9345 0.3552
vn -0.0025 -0.9348 -0.3553
vn -0.0000 -0.4218 0.9067
vn -0.0000 -0.5555 0.8315
vn -0.0000 -0.8451 0.5346
vn -0.0041 -0.2772 0.9608
vn 1.0000 -0.0000 0.0042
vn 0.0041 -0.3008 -0.9537
vn 0.3514 -0.2100 0.9123
vn 0.3515 -0.2100 0.9123
vn 0.3514 -0.2100 0.9124
vn 0.3520 -0.2103 0.9121
vn 0.3516 -0.2100 0.9123
vn 0.3513 -0.2100 0.9124
vn -0.2865 -0.9519 -0.1088
vn -0.3514 0.2101 -0.9123
vn -0.3514 0.2100 -0.9124
vn -0.3515 0.2100 -0.9123
vn -0.3514 0.2101 -0.9124
vn -0.3514 0.2098 -0.9124
vn -0.3513 0.2101 -0.9124
vn 0.9362 0.0877 -0.3405
vn -0.9362 -0.0878 0.3404
vn -0.6560 -0.7506 0.0799
vn 0.3661 -0.8660 -0.3405
vn 0.6560 0.7506 -0.0799
vn -0.3661 0.8660 0.3405
vn 0.0629 -0.0212 0.9978
vn 0.0630 -0.0212 0.9978
vn 0.0630 -0.0211 0.9978
vn 0.0631 -0.0213 0.9978
vn -0.0630 0.0212 -0.9978
vn -0.0630 0.0211 -0.9978
vn -0.0634 0.0211 -0.9978
vn -0.9867 -0.1513 0.0592
vn 0.6896 0.7236 -0.0283
vn 0.7900 0.6121 -0.0370
vn -0.9632 -0.2630 0.0553
vn -0.7899 -0.6121 0.0370
vn 0.9632 0.2630 -0.0553
vn 0.0237 0.2471 0.9687
vn 0.0236 0.2471 0.9687
vn 0.1056 -0.9641 0.2435
vn -0.0238 -0.2472 -0.9687
vn -0.0236 -0.2472 -0.9687
vn -0.0239 -0.2472 -0.9687
vn -0.0238 -0.2473 -0.9687
vn 0.5494 -0.8242 -0.1374
vn -0.9582 0.2818 -0.0484
vn 0.9582 -0.2818 0.0484
vn -0.9582 0.2819 -0.0485
vn -0.9944 -0.0944 0.0484
vn 0.9944 0.0944 -0.0484
vn 0.8791 0.4563 -0.1380
vn -0.0000 0.1340 -0.9910
vn -0.0000 0.1337 -0.9910
vn -0.0000 -0.1338 0.9910
vn -0.0000 -0.1340 0.9910
vn -0.1950 -0.9720 -0.1313
vn 0.1952 -0.9719 -0.1313
vn 0.1950 -0.9720 -0.1313
vn 0.9315 0.3554 -0.0779
vn 0.9330 0.3513 -0.0781
vn 0.9312 0.3560 -0.0779
vn 0.4472 -0.8944 -0.0000
vn 0.9317 0.3548 -0.0779
vn -0.0000 1.0000 -0.0000
vn 0.9701 -0.0000 0.2425
vn 0.8729 0.4364 0.2182
vn -0.8018 0.5345 -0.2673
vn -0.9315 -0.3552 0.0779
vn -0.9316 -0.3550 0.0779
vn -0.8242 -0.5494 0.1374
vn 0.0004 -0.2150 -0.9766
vn 0.0001 -0.2148 -0.9767
vn -0.3637 0.9097 -0.2003
vn -0.9981 -0.0000 -0.0624
vn -0.1187 0.0944 -0.9884
vn -0.3270 0.7244 -0.6069
vn -0.2746 0.5468 -0.7910
vn -0.3270 0.7243 -0.6069
vn -0.3629 0.9227 -0.1302
vn -0.3438 0.9300 0.1302
vn -0.3438 0.9300 0.1303
vn -0.1592 0.5908 0.7909
vn -0.2384 0.7581 0.6069
vn 0.2179 -0.5672 0.7942
vn 0.2747 -0.5468 0.7909
vn 0.9315 0.3554 -0.0778
vn 0.3520 -0.7810 0.5159
vn 0.3628 -0.9227 0.1301
vn 0.3572 -0.8526 0.3814
vn 0.3438 -0.9300 -0.1301
vn 0.3014 -0.8738 -0.3815
vn 0.2384 -0.7582 -0.6069
vn 0.1593 -0.5909 -0.7909
vn 0.2649 -0.7477 -0.6089
vn 0.0691 -0.3832 -0.9211
vn -0.9970 -0.0779 -0.0000
vn -0.2611 -0.0706 -0.9627
vn 0.8975 0.3495 -0.2689
vn -0.3555 0.9343 0.0278
vn 0.7044 -0.7044 0.0880
vn -0.9222 -0.1729 0.3458
vn -0.6760 -0.2775 0.6827
vn -0.6761 -0.2775 0.6825
vn 0.9999 -0.0000 -0.0134
vn -0.6760 -0.2776 0.6826
vn -0.6172 0.7715 0.1543
vn -0.0000 -0.0000 1.0000
vn -0.6765 -0.2775 0.6822
vn 0.6396 0.6396 0.4264
vn -0.6760 -0.2776 0.6827
vn 0.9918 -0.1240 -0.0310
vn 0.8240 0.5665 -0.0000
vn 0.6761 0.2776 -0.6826
vn -0.0000 0.9884 -0.1521
vn 0.6761 0.2775 -0.6825
vn 0.6765 0.2775 -0.6822
vn 0.6758 0.2776 -0.6828
vn 0.6764 0.2773 -0.6823
vn 0.6761 0.2776 -0.6825
vn -0.6136 -0.3150 -0.7241
vn -0.5955 -0.3855 -0.7048
vn -0.6755 -0.2776 0.6831
vn -0.4381 -0.5935 -0.6752
vn -0.2698 -0.7688 -0.5798
vn -0.2504 -0.7606 -0.5990
vn -0.0831 -0.8917 -0.4449
vn -0.0639 -0.8835 -0.4641
vn 0.4589 -0.8834 0.0954
vn 0.6782 -0.5791 0.4523
vn 0.6899 -0.3736 0.6200
vn 0.6830 0.1393 0.7170
vn 0.7287 -0.1146 0.6752
vn 0.6505 0.2039 0.7317
vn 0.6760 0.2776 -0.6826
vn 0.4306 0.5904 0.6826
vn 0.2698 0.7688 0.5798
vn -0.4589 0.8834 -0.0954
vn -0.7287 0.1146 -0.6752
vn -0.7126 0.3653 -0.5990
vn -0.7321 0.3575 -0.5798
vn 0.6756 0.2777 -0.6830
vn -0.4405 -0.6170 -0.6521
vn -0.8586 0.0777 0.5067
vn -0.4410 -0.6167 -0.6521
vn -0.4532 0.8702 -0.1934
vn 0.4406 0.6171 0.6520
vn -0.6905 -0.5526 0.4668
vn 0.6288 0.5599 -0.5396
vn -0.5495 -0.2682 0.7913
vn 0.7286 0.5660 -0.3856
vn 0.3006 0.9513 -0.0683
vn 0.3947 -0.7756 0.4926
vn -0.9003 0.3224 0.2925
vn 0.1134 -0.6956 0.7094
vn 0.1479 0.2360 -0.9604
vn -0.7160 0.6290 0.3029
vn -0.1381 0.6311 0.7633
vn 0.8403 -0.1618 -0.5174
vn 0.8403 -0.1616 -0.5175
vn 0.8403 -0.1618 -0.5175
vn 0.0874 -0.7564 0.6483
vn -0.1378 0.8897 -0.4353
vn 0.5927 0.6419 0.4866
vn 0.5934 0.6301 0.5009
vn 0.8201 -0.1308 -0.5571
vn 0.5219 0.6614 0.5387
vn 0.5638 0.6379 0.5246
vn 0.8128 -0.1985 -0.5477
vn 0.5983 0.6314 0.4934
vn 0.5610 0.6466 0.5168
vn 0.5543 0.6508 0.5188
vn -0.0968 0.9686 -0.2289
vn 0.8137 -0.1727 -0.5551
vn 0.0108 0.9535 -0.3012
vn 0.5770 -0.4202 0.7003
vn 0.5771 -0.4201 0.7003
vn -0.3910 0.3898 -0.8338
vn -0.3913 0.3899 -0.8336
vn 0.7996 -0.1569 -0.5797
vn 0.8001 -0.1570 -0.5790
vn 0.7996 -0.1571 -0.5796
vn 0.7998 -0.1572 -0.5794
vn 0.3663 0.9035 0.2224
vn 0.3662 0.9036 0.2224
vn 0.8144 -0.0467 0.5784
vn 0.3570 0.9025 0.2411
vn 0.3570 0.9025 0.2412
vn 0.3663 0.9036 0.2223
vn 0.0738 0.9352 -0.3464
vn 0.0739 0.9350 -0.3468
vn 0.3906 -0.3896 0.8340
vn 0.0968 -0.9687 0.2286
vn 0.0978 -0.9683 0.2297
vn 0.0944 -0.9687 0.2295
vn 0.0618 -0.9648 0.2554
vn -0.8120 0.1447 0.5655
vn 0.6596 0.1942 0.7261
vn 0.6593 0.1945 0.7263
vn 0.7987 -0.1565 -0.5810
vn 0.4856 0.7800 0.3947
vn 0.6596 0.1941 0.7261
vn 0.6720 0.0731 0.7370
vn 0.6579 0.2165 0.7213
vn 0.6892 0.2095 0.6937
vn 0.6598 0.1940 0.7260
vn 0.6567 0.5057 0.5595
vn 0.6739 0.1927 0.7133
vn 0.8127 -0.1985 -0.5479
vn 0.8127 -0.2018 -0.5467
vn -0.1099 0.9691 -0.2207
vn -0.1101 0.9691 -0.2209
vn 0.8042 -0.4302 0.4100
vn 0.6733 -0.2836 0.6828
vn -0.3181 0.5665 -0.7602
vn -0.0045 -0.7809 0.6246
vn 0.7060 0.1891 -0.6825
vn 0.7058 0.1885 -0.6829
vn -0.3745 0.9264 0.0394
vn -0.3778 0.9249 0.0414
vn 0.3368 -0.9416 -0.0039
vn 0.3362 -0.9418 -0.0042
vn 0.7307 0.1277 -0.6707
vn 0.7258 0.1414 -0.6732
vn 0.7223 0.1541 -0.6742
vn 0.6134 0.0420 0.7886
vn 0.6136 0.0420 0.7885
vn -0.6135 -0.0420 -0.7885
vn 0.5518 -0.7421 -0.3806
vn 0.3419 -0.7868 0.5139
vn 0.8488 -0.0536 -0.5260
vn 0.8489 -0.0534 -0.5258
vn 0.6092 0.0450 0.7917
vn 0.0638 -0.9960 0.0626
vn 0.8724 -0.0742 -0.4830
vn 0.0756 0.9345 -0.3479
vn 0.0642 -0.9651 0.2539
vn 0.8124 -0.2027 -0.5467
vn 0.8127 -0.2024 -0.5465
vn -0.9527 -0.1225 0.2782
vn 0.3651 0.8643 -0.3461
vn 0.3576 -0.9071 -0.2220
vn 0.5955 0.0871 0.7986
vn -0.4134 -0.7887 0.4550
vn 0.9281 -0.3084 0.2085
vn 0.9282 -0.3083 0.2084
vn 0.0135 0.6830 0.7303
vn 0.0135 0.6829 0.7303
vn 0.3396 -0.7866 0.5156
vn 0.3403 -0.7868 0.5150
vn 0.3398 -0.7880 0.5134
vn 0.5548 0.6055 0.5706
vn 0.5543 0.6056 0.5709
vn 0.8500 -0.0574 -0.5237
vn 0.8501 -0.0571 -0.5235
vn 0.5279 -0.4195 0.7385
vn -0.2468 -0.9104 -0.3321
vn 0.8018 -0.1585 -0.5761
vn 0.8014 -0.1586 -0.5767
vn 0.2840 -0.3599 0.8887
vn 0.8758 0.2272 -0.4258
vn 0.8721 0.2451 -0.4235
vn -0.2268 -0.1576 -0.9611
vn 0.3666 -0.9304 -0.0007
vn -0.8903 -0.2438 -0.3845
vn 0.3663 -0.9305 -0.0020
vn 0.3668 -0.9303 -0.0027
vn -0.6757 0.1183 0.7276
vn 0.3671 -0.9302 0.0010
vn 0.5450 0.5975 0.5882
vn 0.7997 -0.1594 -0.5789
vn 0.2521 -0.7859 0.5647
vn -0.8281 0.1804 0.5308
vn 0.8127 -0.1990 -0.5476
vn 0.8010 0.1451 -0.5808
vn 0.5657 0.4286 0.7044
vn 0.5203 0.3946 0.7574
vn 0.7834 -0.1129 -0.6111
vn 0.1971 -0.9776 0.0732
vn 0.0231 -0.9832 0.1808
vn -0.3757 0.9256 0.0463
vn -0.3757 0.9256 0.0462
vn -0.8630 0.0971 0.4957
vn -0.8630 0.0982 0.4957
vn 0.6308 -0.7350 0.2487
vn -0.6832 -0.1436 -0.7160
s 0
f 10//1 16//1 317//1
f 18//1 321//1 317//1
f 10//2 317//2 315//2
f 265//3 267//3 670//3
f 267//4 271//4 670//4
f 265//5 670//5 668//5
f 668//6 670//6 672//6
f 672//7 844//7 736//7
f 670//8 844//8 672//8
f 1//9 267//9 265//9
f 322//10 668//10 365//10
f 351//11 335//11 355//11
f 365//12 668//12 672//12
f 365//13 672//13 736//13
f 845//14 847//14 978//14
f 847//15 946//15 978//15
f 271//16 845//16 670//16
f 271//17 847//17 845//17
f 497//18 946//18 847//18
f 497//19 654//19 946//19
f 267//20 407//20 847//20
f 588//21 591//21 593//21
f 654//21 641//21 645//21
f 408//22 497//22 847//22
f 267//23 847//23 271//23
f 21//24 23//24 320//24
f 273//25 9//25 316//25
f 266//26 669//26 268//26
f 268//27 669//27 270//27
f 266//28 269//28 669//28
f 269//29 671//29 669//29
f 738//30 671//30 735//30
f 669//31 716//31 843//31
f 2//32 266//32 268//32
f 269//33 319//33 366//33
f 357//34 358//34 338//34
f 354//35 360//35 337//35
f 356//35 350//35 334//35
f 269//36 366//36 671//36
f 366//37 735//37 671//37
f 846//38 979//38 848//38
f 848//39 984//39 941//39
f 945//40 985//40 979//40
f 270//41 669//41 846//41
f 270//42 846//42 848//42
f 498//43 848//43 945//43
f 945//44 944//44 939//44
f 938//44 639//44 498//44
f 3//45 139//45 141//45
f 215//46 223//46 410//46
f 401//47 848//47 410//47
f 487//48 520//48 543//48
f 590//49 587//49 592//49
f 409//50 485//50 490//50
f 491//51 848//51 498//51
f 268//52 270//52 848//52
f 321//53 318//53 317//53
f 321//54 9//54 320//54
f 318//55 315//55 317//55
f 9//56 315//56 316//56
f 266//57 668//57 269//57
f 735//58 844//58 843//58
f 670//59 843//59 844//59
f 266//60 1//60 265//60
f 1//61 268//61 267//61
f 319//62 365//62 366//62
f 269//63 322//63 319//63
f 735//64 365//64 736//64
f 979//65 845//65 978//65
f 946//66 979//66 978//66
f 846//67 670//67 845//67
f 946//68 653//68 945//68
f 407//69 3//69 410//69
f 407//70 848//70 847//70
f 3//71 267//71 268//71
f 591//69 487//69 590//69
f 591//72 653//72 654//72
f 498//73 488//73 497//73
f 408//69 490//69 489//69
f 489//74 498//74 497//74
f 848//75 408//75 847//75
f 194//69 219//69 216//69
f 189//69 5//69 219//69
f 149//69 148//69 140//69
f 214//76 222//76 221//76
f 6//77 7//77 8//77
f 198//78 220//78 219//78
f 7//76 214//76 171//76
f 7//76 222//76 214//76
f 6//79 171//79 158//79
f 215//80 218//80 217//80
f 5//78 198//78 219//78
f 5//78 158//78 198//78
f 144//81 165//81 166//81
f 209//81 218//81 222//81
f 170//81 144//81 218//81
f 158//79 214//79 198//79
f 7//76 171//76 8//76
f 198//79 221//79 220//79
f 144//82 139//82 142//82
f 144//83 146//83 218//83
f 146//84 217//84 218//84
f 5//78 6//78 158//78
f 145//85 216//85 215//85
f 145//85 140//85 216//85
f 219//86 221//86 222//86
f 142//84 143//84 144//84
f 7//87 140//87 144//87
f 216//88 222//88 218//88
f 139//89 140//89 141//89
f 155//90 174//90 173//90
f 154//91 173//91 172//91
f 151//92 172//92 168//92
f 150//93 168//93 167//93
f 149//94 167//94 166//94
f 148//95 166//95 165//95
f 148//96 169//96 152//96
f 147//97 169//97 164//97
f 147//98 170//98 153//98
f 153//99 176//99 159//99
f 159//100 177//100 160//100
f 160//101 178//101 161//101
f 161//102 179//102 162//102
f 162//103 180//103 163//103
f 157//104 180//104 175//104
f 156//105 175//105 174//105
f 189//90 211//90 205//90
f 188//91 205//91 204//91
f 187//92 204//92 203//92
f 186//93 203//93 202//93
f 183//94 202//94 199//94
f 184//95 199//95 200//95
f 184//96 201//96 185//96
f 181//97 201//97 182//97
f 181//98 206//98 190//98
f 190//99 207//99 191//99
f 191//100 208//100 192//100
f 192//101 209//101 193//101
f 193//102 210//102 194//102
f 194//103 213//103 197//103
f 196//104 213//104 212//104
f 195//105 212//105 211//105
f 238//106 240//106 239//106
f 380//69 403//69 400//69
f 375//69 237//69 403//69
f 224//69 242//69 241//69
f 240//76 406//76 253//76
f 240//76 405//76 406//76
f 224//87 240//87 237//87
f 399//80 402//80 401//80
f 237//78 404//78 403//78
f 237//78 252//78 404//78
f 252//79 406//79 404//79
f 239//76 240//76 253//76
f 238//79 253//79 252//79
f 226//82 223//82 225//82
f 224//85 399//85 223//85
f 232//81 254//81 240//81
f 395//81 402//81 396//81
f 235//81 226//81 402//81
f 237//78 238//78 252//78
f 226//83 401//83 402//83
f 400//88 405//88 402//88
f 403//86 406//86 405//86
f 245//90 264//90 258//90
f 244//91 258//91 257//91
f 243//92 257//92 256//92
f 242//93 256//93 255//93
f 241//94 255//94 254//94
f 227//95 254//95 232//95
f 227//96 233//96 228//96
f 228//97 234//97 229//97
f 229//98 235//98 230//98
f 230//99 236//99 231//99
f 231//100 259//100 246//100
f 246//101 260//101 247//101
f 247//102 262//102 249//102
f 249//103 263//103 250//103
f 248//104 263//104 261//104
f 251//105 261//105 264//105
f 375//90 398//90 390//90
f 389//91 375//91 390//91
f 373//107 389//107 388//107
f 372//93 388//93 387//93
f 371//94 387//94 386//94
f 368//108 386//108 383//108
f 368//96 382//96 367//96
f 367//97 384//97 369//97
f 369//98 385//98 370//98
f 370//99 392//99 377//99
f 377//109 393//109 378//109
f 379//101 393//101 394//101
f 379//102 395//102 380//102
f 380//110 396//110 381//110
f 376//104 396//104 391//104
f 397//105 391//105 398//105
f 551//69 499//69 572//69
f 570//69 572//69 582//69
f 499//69 502//69 525//69
f 499//111 500//111 508//111
f 572//112 584//112 582//112
f 499//111 508//111 573//111
f 499//111 573//111 572//111
f 510//81 535//81 534//81
f 578//81 584//81 580//81
f 537//81 523//81 584//81
f 509//113 510//113 511//113
f 499//114 523//114 510//114
f 519//115 521//115 520//115
f 581//116 584//116 583//116
f 543//115 519//115 582//115
f 523//117 520//117 522//117
f 510//113 580//113 579//113
f 510//113 579//113 511//113
f 509//118 499//118 510//118
f 500//119 511//119 508//119
f 508//119 579//119 573//119
f 543//115 582//115 581//115
f 522//120 524//120 523//120
f 523//120 544//120 584//120
f 573//121 580//121 572//121
f 544//120 583//120 584//120
f 507//90 541//90 518//90
f 506//91 518//91 517//91
f 516//107 506//107 517//107
f 515//122 505//122 516//122
f 503//123 515//123 514//123
f 501//108 514//108 512//108
f 501//96 513//96 502//96
f 502//97 534//97 525//97
f 525//98 535//98 526//98
f 526//99 536//99 527//99
f 528//109 536//109 537//109
f 529//101 537//101 538//101
f 529//124 539//124 530//124
f 530//110 540//110 531//110
f 533//104 540//104 542//104
f 532//105 542//105 541//105
f 568//90 576//90 575//90
f 567//91 575//91 574//91
f 562//125 567//125 574//125
f 561//93 551//93 562//93
f 549//94 561//94 560//94
f 548//126 560//126 559//126
f 548//96 556//96 545//96
f 545//97 557//97 546//97
f 546//98 558//98 547//98
f 547//99 563//99 552//99
f 553//109 563//109 564//109
f 553//127 565//127 554//127
f 554//124 566//124 555//124
f 555//110 578//110 571//110
f 570//128 578//128 577//128
f 569//105 577//105 576//105
f 411//129 435//129 415//129
f 435//130 495//130 441//130
f 435//130 496//130 495//130
f 416//131 441//131 433//131
f 413//132 412//132 414//132
f 415//133 494//133 493//133
f 415//133 433//133 494//133
f 433//131 495//131 494//131
f 434//130 435//130 441//130
f 493//134 495//134 496//134
f 486//135 496//135 492//135
f 412//136 486//136 485//136
f 416//137 435//137 434//137
f 436//81 442//81 435//81
f 482//81 492//81 483//81
f 439//81 413//81 492//81
f 415//133 416//133 433//133
f 485//138 492//138 491//138
f 466//69 493//69 486//69
f 462//69 415//69 493//69
f 415//69 422//69 417//69
f 414//139 492//139 413//139
f 446//90 427//90 447//90
f 445//140 426//140 446//140
f 444//107 425//107 445//107
f 443//93 424//93 444//93
f 422//94 443//94 442//94
f 417//108 442//108 436//108
f 418//96 436//96 437//96
f 418//97 438//97 419//97
f 419//98 439//98 420//98
f 420//99 440//99 421//99
f 428//109 440//109 448//109
f 429//101 448//101 449//101
f 429//102 450//102 430//102
f 430//110 451//110 431//110
f 432//128 451//128 452//128
f 427//105 452//105 447//105
f 462//90 484//90 478//90
f 457//91 478//91 473//91
f 472//107 457//107 473//107
f 471//93 456//93 472//93
f 454//94 471//94 470//94
f 453//108 470//108 469//108
f 453//96 474//96 458//96
f 458//97 475//97 459//97
f 459//98 476//98 460//98
f 460//99 477//99 461//99
f 464//100 477//100 480//100
f 465//101 480//101 481//101
f 465//102 482//102 466//102
f 466//110 483//110 467//110
f 463//104 483//104 479//104
f 468//105 479//105 484//105
f 292//141 296//141 314//141
f 273//142 296//142 274//142
f 16//2 17//2 18//2
f 11//143 12//143 26//143
f 21//144 47//144 46//144
f 296//144 23//144 50//144
f 305//144 306//144 314//144
f 274//143 26//143 272//143
f 13//145 11//145 20//145
f 16//145 19//145 17//145
f 284//146 274//146 285//146
f 11//146 274//146 276//146
f 11//146 28//146 29//146
f 63//147 22//147 296//147
f 17//148 19//148 18//148
f 63//147 296//147 294//147
f 272//143 273//143 274//143
f 313//149 292//149 314//149
f 14//150 292//150 15//150
f 15//151 25//151 14//151
f 14//152 21//152 20//152
f 24//153 44//153 25//153
f 25//153 44//153 314//153
f 294//147 296//147 295//147
f 15//154 44//154 24//154
f 15//150 292//150 291//150
f 15//154 291//154 44//154
f 291//150 292//150 293//150
f 44//154 291//154 313//154
f 44//153 313//153 314//153
f 291//154 293//154 313//154
f 58//155 41//155 59//155
f 52//156 40//156 58//156
f 33//157 52//157 51//157
f 50//158 33//158 51//158
f 49//159 32//159 50//159
f 45//160 31//160 49//160
f 27//161 46//161 28//161
f 28//162 47//162 29//162
f 30//163 47//163 48//163
f 35//164 48//164 53//164
f 36//165 53//165 54//165
f 37//166 54//166 55//166
f 38//167 55//167 56//167
f 39//168 56//168 57//168
f 42//169 57//169 60//169
f 59//170 42//170 60//170
f 283//155 306//155 305//155
f 282//156 305//156 304//156
f 281//157 304//157 303//157
f 276//158 303//158 298//158
f 275//159 298//159 297//159
f 300//160 275//160 297//160
f 277//161 300//161 299//161
f 277//162 301//162 279//162
f 280//163 301//163 302//163
f 286//164 302//164 308//164
f 309//165 286//165 308//165
f 310//166 287//166 309//166
f 311//167 288//167 310//167
f 312//168 289//168 311//168
f 285//169 312//169 307//169
f 306//170 285//170 307//170
f 904//171 981//171 1008//171
f 925//172 936//172 942//172
f 1020//171 1004//171 1003//171
f 900//173 901//173 902//173
f 976//174 981//174 980//174
f 977//175 1020//175 981//175
f 901//176 942//176 940//176
f 901//177 977//177 976//177
f 901//173 976//173 902//173
f 900//178 902//178 903//178
f 902//178 976//178 903//178
f 903//178 976//178 980//178
f 977//179 997//179 998//179
f 940//179 982//179 1015//179
f 922//180 901//180 923//180
f 1019//181 1020//181 985//181
f 900//182 904//182 901//182
f 940//183 1018//183 982//183
f 982//183 983//183 984//183
f 941//184 942//184 1019//184
f 984//185 1020//185 982//185
f 982//186 1018//186 983//186
f 903//187 981//187 904//187
f 988//188 1010//188 992//188
f 987//189 992//189 991//189
f 986//190 991//190 1008//190
f 990//191 1008//191 1009//191
f 989//192 1009//192 1001//192
f 1002//193 989//193 1001//193
f 997//194 1002//194 1003//194
f 1004//195 997//195 1003//195
f 1000//196 1004//196 1006//196
f 1007//197 1000//197 1006//197
f 1007//198 1015//198 999//198
f 1014//199 1005//199 1012//199
f 1013//200 1012//200 1017//200
f 1016//201 1013//201 1017//201
f 994//202 1016//202 1011//202
f 1011//203 993//203 994//203
f 918//188 920//188 924//188
f 913//204 918//204 917//204
f 913//190 916//190 912//190
f 914//191 916//191 915//191
f 905//192 915//192 926//192
f 927//193 905//193 926//193
f 907//205 927//205 928//205
f 908//195 928//195 929//195
f 930//196 908//196 929//196
f 930//197 910//197 909//197
f 911//198 931//198 935//198
f 934//199 911//199 935//199
f 923//200 934//200 933//200
f 936//201 923//201 933//201
f 925//202 922//202 936//202
f 924//203 921//203 925//203
f 721//206 720//206 676//206
f 836//207 737//207 842//207
f 835//207 838//207 842//207
f 676//208 830//208 675//208
f 674//209 675//209 820//209
f 674//210 820//210 707//210
f 673//210 674//210 707//210
f 707//211 842//211 715//211
f 699//212 673//212 707//212
f 707//212 712//212 711//212
f 673//213 682//213 683//213
f 675//209 830//209 820//209
f 820//209 830//209 829//209
f 707//210 820//210 829//210
f 673//214 675//214 674//214
f 673//215 737//215 676//215
f 677//216 695//216 694//216
f 715//217 841//217 840//217
f 715//216 714//216 696//216
f 677//216 696//216 695//216
f 707//218 830//218 831//218
f 737//219 738//219 739//219
f 737//219 739//219 839//219
f 842//219 839//219 841//219
f 737//220 694//220 738//220
f 717//221 679//221 722//221
f 718//222 678//222 717//222
f 719//223 681//223 718//223
f 680//224 720//224 682//224
f 683//225 720//225 721//225
f 687//226 721//226 726//226
f 688//227 726//227 728//227
f 688//228 729//228 689//228
f 693//229 729//229 734//229
f 693//230 733//230 692//230
f 691//231 733//231 732//231
f 731//232 691//232 732//232
f 686//233 731//233 725//233
f 724//234 686//234 725//234
f 684//235 724//235 723//235
f 722//236 684//236 723//236
f 697//221 823//221 819//221
f 698//222 819//222 822//222
f 700//223 822//223 821//223
f 700//224 826//224 701//224
f 704//225 826//225 827//225
f 704//226 832//226 708//226
f 709//227 832//227 833//227
f 709//228 836//228 710//228
f 713//229 836//229 837//229
f 713//230 838//230 712//230
f 712//237 835//237 711//237
f 834//232 711//232 835//232
f 705//233 834//233 828//233
f 703//234 828//234 825//234
f 702//235 825//235 824//235
f 823//236 702//236 824//236
f 659//238 662//238 893//238
f 893//238 896//238 895//238
f 655//239 665//239 666//239
f 655//240 944//240 854//240
f 891//241 892//241 893//241
f 628//242 655//242 651//242
f 651//243 652//243 855//243
f 892//244 943//244 893//244
f 651//245 855//245 872//245
f 937//243 872//243 938//243
f 647//246 628//246 651//246
f 871//247 870//247 892//247
f 650//248 649//248 937//248
f 938//249 944//249 943//249
f 652//250 655//250 854//250
f 662//251 891//251 893//251
f 628//252 892//252 879//252
f 633//253 628//253 879//253
f 628//254 656//254 662//254
f 879//253 892//253 890//253
f 629//255 633//255 656//255
f 633//255 879//255 656//255
f 656//255 879//255 891//255
f 879//255 890//255 891//255
f 635//256 661//256 636//256
f 636//257 873//257 849//257
f 850//258 873//258 874//258
f 876//259 850//259 874//259
f 851//260 876//260 877//260
f 853//261 877//261 878//261
f 650//262 878//262 875//262
f 649//263 875//263 667//263
f 648//264 667//264 666//264
f 647//265 666//265 665//265
f 664//266 647//266 665//266
f 663//267 646//267 664//267
f 630//268 663//268 657//268
f 658//269 630//269 657//269
f 632//270 659//270 634//270
f 634//271 660//271 635//271
f 858//256 888//256 859//256
f 859//257 894//257 867//257
f 895//258 867//258 894//258
f 871//259 895//259 896//259
f 899//260 871//260 896//260
f 898//272 870//272 899//272
f 865//262 898//262 897//262
f 889//263 865//263 897//263
f 864//264 889//264 886//264
f 885//265 864//265 886//265
f 883//266 863//266 885//266
f 861//273 883//273 882//273
f 881//268 861//268 882//268
f 856//269 881//269 880//269
f 856//274 884//274 857//274
f 858//271 884//271 887//271
f 589//275 645//275 642//275
f 585//276 638//276 637//276
f 587//277 599//277 596//277
f 620//277 606//277 639//277
f 589//277 641//277 588//277
f 600//277 601//277 638//277
f 638//81 643//81 644//81
f 641//81 642//81 645//81
f 614//278 585//278 637//278
f 592//278 616//278 644//278
f 587//69 585//69 592//69
f 588//69 593//69 589//69
f 605//279 617//279 616//279
f 606//280 625//280 617//280
f 620//281 627//281 625//281
f 627//282 621//282 626//282
f 626//283 619//283 624//283
f 624//284 618//284 623//284
f 618//285 615//285 623//285
f 600//286 615//286 601//286
f 600//287 611//287 614//287
f 598//288 610//288 611//288
f 597//289 607//289 610//289
f 594//290 608//290 607//290
f 595//291 609//291 608//291
f 599//292 609//292 596//292
f 612//293 602//293 613//293
f 603//294 616//294 613//294
f 785//295 802//295 797//295
f 812//295 817//295 818//295
f 747//296 750//296 742//296
f 776//297 777//297 779//297
f 780//298 783//298 782//298
f 746//299 781//299 780//299
f 745//300 742//300 818//300
f 779//301 783//301 818//301
f 776//302 812//302 778//302
f 775//303 812//303 813//303
f 774//304 813//304 810//304
f 772//305 810//305 811//305
f 771//306 809//306 808//306
f 769//307 808//307 807//307
f 768//308 807//308 800//308
f 767//309 800//309 801//309
f 757//310 801//310 799//310
f 756//311 799//311 798//311
f 754//312 798//312 797//312
f 750//313 797//313 802//313
f 750//314 789//314 748//314
f 749//315 789//315 790//315
f 749//316 791//316 795//316
f 791//317 793//317 794//317
f 751//318 753//318 752//318
f 752//319 795//319 796//319
f 791//320 794//320 795//320
f 760//321 796//321 803//321
f 761//322 804//322 763//322
f 762//323 763//323 765//323
f 763//324 805//324 765//324
f 764//325 805//325 766//325
f 766//326 806//326 816//326
f 759//327 816//327 814//327
f 759//328 815//328 817//328
f 784//329 727//329 788//329
f 741//330 743//330 787//330
f 740//331 787//331 788//331
f 727//212 741//212 740//212
f 730//332 746//332 744//332
f 786//207 788//207 787//207
f 353//333 335//333 342//333
f 350//334 364//334 363//334
f 347//335 325//335 330//335
f 349//335 354//335 324//335
f 351//336 340//336 341//336
f 352//337 342//337 340//337
f 347//338 364//338 356//338
f 348//339 358//339 354//339
f 353//338 351//338 355//338
f 339//340 363//340 347//340
f 337//341 329//341 324//341
f 334//342 328//342 330//342
f 342//341 341//341 340//341
f 337//343 361//343 336//343
f 362//343 338//343 359//343
f 344//335 327//335 343//335
f 346//337 333//337 326//337
f 344//337 326//337 323//337
f 345//337 332//337 325//337
f 362//338 358//338 348//338
f 361//338 358//338 346//338
f 343//340 336//340 361//340
f 336//340 349//340 329//340
f 332//344 331//344 325//344
f 338//345 327//345 326//345
f 64//346 87//346 86//346
f 118//347 102//347 110//347
f 65//348 68//348 67//348
f 136//349 123//349 130//349
f 118//337 65//337 138//337
f 137//350 138//350 136//350
f 137//340 61//340 62//340
f 62//351 65//351 64//351
f 129//352 113//352 127//352
f 111//353 127//353 112//353
f 125//354 111//354 102//354
f 124//355 101//355 105//355
f 100//356 104//356 103//356
f 99//357 103//357 96//357
f 94//358 99//358 95//358
f 98//359 94//359 93//359
f 97//360 90//360 74//360
f 70//361 90//361 89//361
f 89//362 68//362 69//362
f 68//363 83//363 85//363
f 84//347 86//347 85//347
f 71//364 86//364 87//364
f 71//365 92//365 72//365
f 73//366 77//366 78//366
f 76//367 78//367 79//367
f 119//367 79//367 80//367
f 120//368 80//368 81//368
f 82//369 121//369 120//369
f 106//370 131//370 122//370
f 106//371 107//371 132//371
f 133//372 107//372 108//372
f 134//373 117//373 109//373
f 135//374 115//374 113//374
f 135//375 130//375 123//375
f 951//376 961//376 960//376
f 947//377 975//377 969//377
f 949//377 970//377 948//377
f 975//378 960//378 961//378
f 951//379 958//379 947//379
f 957//379 954//379 949//379
f 969//380 951//380 947//380
f 964//381 956//381 957//381
f 963//382 964//382 966//382
f 969//383 961//383 962//383
f 956//384 966//384 954//384
f 955//376 967//376 953//376
f 974//377 950//377 959//377
f 949//378 968//378 973//378
f 953//378 974//378 959//378
f 953//379 950//379 955//379
f 972//380 955//380 950//380
f 965//383 974//383 967//383
f 970//383 968//383 964//383
f 1021//385 1023//385 1022//385
f 1026//386 1028//386 1025//386
f 1021//387 1026//387 1025//387
f 1023//388 1026//388 1022//388
f 1024//389 1027//389 1023//389
f 1021//390 1028//390 1024//390
f 1032//391 1030//391 1029//391
f 1034//392 1036//392 1033//392
f 1030//393 1033//393 1029//393
f 1031//394 1034//394 1030//394
f 1032//395 1035//395 1031//395
f 1029//396 1036//396 1032//396
f 1037//387 1038//387 1039//387
f 1037//393 1039//393 1040//393
f 1037//397 1040//397 1041//397
f 1042//398 1044//398 1043//398
f 1042//399 1045//399 1044//399
f 1042//400 1046//400 1045//400
f 1037//401 1043//401 1038//401
f 1039//402 1043//402 1044//402
f 1040//403 1044//403 1045//403
f 1037//404 1046//404 1042//404
f 1040//405 1046//405 1041//405
f 1047//406 1057//406 1052//406
f 1055//407 1056//407 1058//407
f 1056//408 1057//408 1058//408
f 1057//409 1048//409 1058//409
f 1047//410 1052//410 1051//410
f 1051//411 1052//411 1053//411
f 1047//412 1051//412 1049//412
f 1047//413 1049//413 1048//413
f 1048//414 1049//414 1054//414
f 1048//415 1054//415 1055//415
f 1048//416 1055//416 1058//416
f 1050//417 1051//417 1053//417
f 1050//418 1053//418 1056//418
f 1049//419 1050//419 1054//419
f 1050//420 1055//420 1054//420
f 1053//421 1057//421 1056//421
f 1060//422 1070//422 1063//422
f 1063//423 1070//423 1069//423
f 1070//424 1065//424 1068//424
f 1061//425 1063//425 1062//425
f 1060//426 1063//426 1061//426
f 1059//427 1062//427 1068//427
f 1059//428 1060//428 1061//428
f 1059//429 1065//429 1060//429
f 1067//430 1070//430 1068//430
f 1062//431 1069//431 1064//431
f 1062//432 1064//432 1066//432
f 1064//433 1067//433 1066//433
f 1062//434 1066//434 1068//434
f 1059//435 1068//435 1065//435
f 1067//436 1068//436 1066//436
f 1064//437 1070//437 1067//437
f 1085//438 1077//438 1086//438
f 1071//439 1081//439 1131//439
f 1080//440 1076//440 1075//440
f 1080//441 1075//441 1072//441
f 1080//442 1079//442 1106//442
f 1072//443 1079//443 1080//443
f 1088//444 1077//444 1076//444
f 1076//445 1091//445 1090//445
f 1093//446 1072//446 1092//446
f 1091//447 1077//447 1095//447
f 1071//448 1074//448 1072//448
f 1071//449 1094//449 1096//449
f 1095//449 1077//449 1085//449
f 1109//450 1079//450 1074//450
f 1102//451 1074//451 1071//451
f 1100//452 1080//452 1115//452
f 1116//453 1114//453 1115//453
f 1100//454 1098//454 1097//454
f 1114//455 1112//455 1115//455
f 1082//456 1117//456 1098//456
f 1081//457 1132//457 1129//457
f 1081//458 1120//458 1119//458
f 1095//459 1086//459 1090//459
f 1098//460 1122//460 1121//460
f 1090//461 1099//461 1123//461
f 1084//462 1094//462 1127//462
f 1133//463 1101//463 1130//463
f 1102//464 1073//464 1107//464
f 1112//465 1111//465 1117//465
f 1121//466 1114//466 1115//466
f 1101//467 1134//467 1105//467
f 1120//467 1126//467 1119//467
f 1125//468 1073//468 1104//468
f 1073//469 1115//469 1113//469
f 1131//470 1134//470 1133//470
f 1131//471 1132//471 1135//471
f 1141//472 1142//472 1144//472
f 1137//473 1144//473 1142//473
f 1137//474 1143//474 1144//474
f 1140//475 1144//475 1143//475
f 1139//476 1142//476 1141//476
f 1141//477 1140//477 1139//477
f 1136//478 1137//478 1138//478
f 1136//479 1143//479 1137//479
f 1136//480 1140//480 1143//480
f 1138//481 1139//481 1140//481
f 1136//482 1138//482 1140//482
f 1139//483 1137//483 1142//483
f 1148//79 1146//79 1145//79
f 1150//20 1152//20 1149//20
f 1145//69 1150//69 1149//69
f 1147//484 1150//484 1146//484
f 1148//81 1151//81 1147//81
f 1145//87 1152//87 1148//87
f 1156//119 1154//119 1153//119
f 1158//21 1160//21 1157//21
f 1154//69 1157//69 1153//69
f 1155//112 1158//112 1154//112
f 1155//81 1160//81 1159//81
f 1153//114 1160//114 1156//114
f 1164//131 1162//131 1161//131
f 1166//22 1168//22 1165//22
f 1161//69 1166//69 1165//69
f 1163//135 1166//135 1162//135
f 1164//81 1167//81 1163//81
f 1161//129 1168//129 1164//129
f 1180//154 1170//154 1182//154
f 1198//2 1175//2 1187//2
f 1177//146 1170//146 1190//146
f 1171//141 1176//141 1178//141
f 1183//144 1194//144 1191//144
f 1173//152 1204//152 1200//152
f 1172//152 1186//152 1195//152
f 1175//485 1177//485 1174//485
f 1178//486 1177//486 1179//486
f 1182//487 1183//487 1180//487
f 1180//488 1183//488 1181//488
f 1186//489 1192//489 1196//489
f 1185//490 1186//490 1184//490
f 1187//491 1190//491 1191//491
f 1192//492 1195//492 1196//492
f 1194//493 1207//493 1206//493
f 1193//494 1190//494 1189//494
f 1204//495 1198//495 1199//495
f 1204//496 1203//496 1200//496
f 1201//497 1198//497 1207//497
f 1206//498 1207//498 1205//498
f 1210//499 1208//499 1209//499
f 1213//15 1218//15 1217//15
f 1225//500 1212//500 1208//500
f 1209//176 1213//176 1210//176
f 1210//501 1215//501 1221//501
f 1211//502 1228//502 1227//502
f 1222//503 1215//503 1219//503
f 1221//504 1219//504 1217//504
f 1217//505 1220//505 1231//505
f 1218//506 1216//506 1220//506
f 1227//507 1228//507 1231//507
f 1214//508 1230//508 1226//508
f 1227//509 1225//509 1224//509
f 1233//510 1235//510 1232//510
f 1239//7 1250//7 1249//7
f 1236//7 1240//7 1241//7
f 1232//511 1241//511 1243//511
f 1245//512 1238//512 1233//512
f 1251//513 1250//513 1239//513
f 1237//513 1234//513 1246//513
f 1237//215 1232//215 1235//215
f 1244//514 1248//514 1238//514
f 1240//515 1243//515 1241//515
f 1244//516 1246//516 1248//516
f 1239//517 1249//517 1251//517
f 1243//518 1246//518 1245//518
f 1251//519 1249//519 1250//519
f 1252//520 1254//520 1253//520
f 1257//19 1259//19 1256//19
f 1253//521 1256//521 1252//521
f 1253//244 1258//244 1257//244
f 1254//522 1259//522 1258//522
f 1252//242 1259//242 1255//242
f 1262//523 1263//523 1264//523
f 1266//524 1261//524 1265//524
f 1264//525 1266//525 1265//525
f 1264//526 1263//526 1266//526
f 1265//527 1262//527 1264//527
f 1262//528 1261//528 1260//528
f 1261//529 1263//529 1260//529
f 1267//530 1269//530 1272//530
f 1269//531 1273//531 1272//531
f 1271//12 1272//12 1273//12
f 1270//12 1272//12 1271//12
f 1267//532 1272//532 1270//532
f 1267//533 1270//533 1268//533
f 1267//534 1268//534 1269//534
f 1268//535 1270//535 1271//535
f 1268//536 1273//536 1269//536
f 1274//537 1279//537 1278//537
f 1274//538 1278//538 1275//538
f 1274//539 1275//539 1276//539
f 1274//540 1276//540 1279//540
f 1278//541 1279//541 1280//541
f 1275//542 1278//542 1280//542
f 1275//543 1280//543 1277//543
f 1275//544 1277//544 1276//544
f 1276//545 1280//545 1279//545
f 1281//546 1295//546 1294//546
f 1297//547 1291//547 1288//547
f 1300//547 1289//547 1296//547
f 1293//548 1286//548 1292//548
f 1289//549 1286//549 1281//549
f 1284//17 1287//17 1288//17
f 1281//550 1282//550 1284//550
f 1286//551 1288//551 1287//551
f 1281//552 1287//552 1282//552
f 1303//553 1293//553 1285//553
f 1291//554 1285//554 1304//554
f 1305//555 1293//555 1292//555
f 1294//556 1301//556 1304//556
f 1298//556 1283//556 1302//556
f 1283//557 1299//557 1303//557
f 1302//558 1283//558 1303//558
f 1296//559 1304//559 1305//559
f 1306//528 1307//528 1309//528
f 1308//560 1311//560 1310//560
f 1309//9 1314//9 1312//9
f 1307//561 1312//561 1311//561
f 1309//562 1308//562 1315//562
f 1313//563 1315//563 1314//563
f 1311//564 1314//564 1315//564
f 1316//528 1321//528 1320//528
f 1319//560 1317//560 1318//560
f 1317//3 1321//3 1318//3
f 1319//565 1321//565 1316//565
f 1316//566 1317//566 1319//566
f 1322//448 1323//448 1324//448
f 1325//525 1327//525 1326//525
f 1324//3 1325//3 1326//3
f 1325//567 1322//567 1327//567
f 1322//568 1326//568 1327//568
f 1334//448 1332//448 1328//448
f 1329//525 1331//525 1330//525
f 1330//5 1336//5 1335//5
f 1338//569 1328//569 1337//569
f 1328//570 1340//570 1334//570
f 1332//490 1333//490 1337//490
f 1337//571 1334//571 1338//571
f 1334//572 1341//572 1340//572
f 1336//573 1340//573 1335//573
f 1342//574 1346//574 1347//574
f 1343//535 1344//535 1345//535
f 1345//10 1349//10 1348//10
f 1344//575 1342//575 1350//575
f 1342//576 1345//576 1351//576
f 1349//577 1351//577 1348//577
f 1346//578 1350//578 1347//578
f 1352//579 1358//579 1357//579
f 1353//535 1355//535 1354//535
f 1360//12 1353//12 1361//12
f 1356//580 1354//580 1355//580
f 1363//581 1353//581 1352//581
f 1362//582 1363//582 1361//582
f 1357//583 1358//583 1360//583
f 1359//584 1360//584 1361//584
f 1364//413 1365//413 1370//413
f 1366//531 1367//531 1368//531
f 1372//12 1367//12 1374//12
f 1375//585 1367//585 1364//585
f 1365//586 1366//586 1368//586
f 1375//587 1374//587 1373//587
f 1369//583 1372//583 1370//583
f 1371//588 1372//588 1374//588
f 1376//413 1378//413 1377//413
f 1379//531 1380//531 1381//531
f 1381//6 1378//6 1379//6
f 1379//589 1376//589 1380//589
f 1380//590 1377//590 1381//590
f 1384//444 1386//444 1385//444
f 1382//544 1383//544 1387//544
f 1387//4 1385//4 1386//4
f 1383//591 1384//591 1385//591
f 1384//592 1387//592 1386//592
f 1388//444 1389//444 1390//444
f 1391//544 1392//544 1393//544
f 1388//16 1395//16 1394//16
f 1389//593 1393//593 1396//593
f 1391//594 1388//594 1397//594
f 1395//595 1397//595 1394//595
f 1397//461 1393//461 1392//461
f 1398//596 1399//596 1400//596
f 1401//597 1403//597 1404//597
f 1399//17 1404//17 1405//17
f 1402//598 1399//598 1398//598
f 1398//599 1405//599 1403//599
f 1403//600 1405//600 1404//600
f 1406//550 1408//550 1407//550
f 1410//597 1414//597 1409//597
f 1406//16 1414//16 1416//16
f 1412//601 1407//601 1408//601
f 1406//602 1411//602 1413//602
f 1411//603 1412//603 1413//603
f 1413//604 1417//604 1415//604
f 1414//605 1417//605 1416//605
f 1421//442 1422//442 1423//442
f 1418//420 1420//420 1419//420
f 1420//6 1422//6 1419//6
f 1419//606 1421//606 1418//606
f 1418//607 1423//607 1420//607
f 1425//442 1426//442 1427//442
f 1424//420 1428//420 1429//420
f 1426//8 1430//8 1427//8
f 1425//608 1430//608 1432//608
f 1425//609 1429//609 1433//609
f 1433//610 1430//610 1431//610
f 1428//611 1433//611 1429//611
f 1434//612 1438//612 1436//612
f 1434//613 1439//613 1438//613
f 1434//614 1435//614 1439//614
f 1435//615 1437//615 1439//615
f 1435//574 1436//574 1437//574
f 1434//616 1436//616 1435//616
f 1437//617 1438//617 1439//617
f 1443//618 1445//618 1444//618
f 1440//411 1441//411 1442//411
f 1445//12 1440//12 1444//12
f 1444//619 1442//619 1443//619
f 1442//620 1445//620 1443//620
f 1449//618 1451//618 1450//618
f 1446//411 1448//411 1447//411
f 1450//13 1446//13 1449//13
f 1451//621 1448//621 1450//621
f 1449//622 1447//622 1451//622
f 1455//481 1456//481 1457//481
f 1452//425 1453//425 1454//425
f 1456//22 1454//22 1457//22
f 1455//623 1452//623 1456//623
f 1455//624 1454//624 1453//624
f 1461//472 1463//472 1462//472
f 1458//625 1459//625 1460//625
f 1460//19 1463//19 1461//19
f 1463//626 1458//626 1462//626
f 1458//627 1461//627 1462//627
f 1467//628 1469//628 1468//628
f 1464//629 1466//629 1465//629
f 1469//21 1464//21 1468//21
f 1464//630 1467//630 1468//630
f 1465//631 1469//631 1467//631
f 1473//481 1474//481 1475//481
f 1470//425 1472//425 1471//425
f 1470//18 1474//18 1473//18
f 1471//632 1475//632 1474//632
f 1472//633 1473//633 1475//633
f 1479//628 1480//628 1481//628
f 1476//629 1477//629 1478//629
f 1481//634 1476//634 1479//634
f 1480//635 1477//635 1481//635
f 1480//636 1476//636 1478//636
f 1485//637 1487//637 1486//637
f 1482//638 1483//638 1484//638
f 1487//18 1483//18 1486//18
f 1485//639 1484//639 1487//639
f 1486//640 1482//640 1485//640
f 1488//641 1490//641 1489//641
f 1491//408 1493//408 1492//408
f 1489//13 1493//13 1491//13
f 1488//642 1491//642 1492//642
f 1493//643 1488//643 1492//643
f 1494//641 1495//641 1496//641
f 1497//408 1498//408 1499//408
f 1498//7 1495//7 1499//7
f 1499//644 1494//644 1497//644
f 1498//645 1494//645 1496//645
f 1502//551 1503//551 1504//551
f 1500//429 1505//429 1501//429
f 1500//17 1504//17 1507//17
f 1500//646 1503//646 1502//646
f 1503//647 1505//647 1507//647
f 1505//648 1506//648 1507//648
f 1511//551 1513//551 1512//551
f 1508//429 1509//429 1510//429
f 1509//14 1513//14 1510//14
f 1511//649 1510//649 1513//649
f 1508//650 1512//650 1509//650
f 1514//651 1515//651 1516//651
f 1517//652 1519//652 1518//652
f 1518//18 1515//18 1517//18
f 1517//653 1514//653 1519//653
f 1514//654 1518//654 1519//654
f 1524//430 1523//430 1525//430
f 1520//655 1521//655 1522//655
f 1521//15 1526//15 1522//15
f 1528//656 1521//656 1523//656
f 1520//657 1526//657 1529//657
f 1526//658 1528//658 1529//658
f 1528//505 1525//505 1529//505
f 1535//659 1534//659 1537//659
f 1542//430 1536//430 1543//430
f 1530//655 1532//655 1531//655
f 1531//14 1533//14 1542//14
f 1534//660 1538//660 1537//660
f 1540//661 1530//661 1531//661
f 1532//662 1539//662 1541//662
f 1534//663 1535//663 1538//663
f 1539//664 1540//664 1541//664
f 1541//665 1545//665 1543//665
f 1537//666 1538//666 1535//666
f 1545//667 1542//667 1543//667
f 1546//651 1547//651 1548//651
f 1549//652 1551//652 1550//652
f 1551//15 1547//15 1550//15
f 1546//668 1551//668 1549//668
f 1550//669 1546//669 1549//669
f 1553//651 1554//651 1556//651
f 1554//670 1555//670 1556//670
f 1555//671 1557//671 1556//671
f 1553//672 1556//672 1557//672
f 1552//673 1553//673 1557//673
f 1552//674 1557//674 1555//674
f 1554//675 1552//675 1555//675
f 10//1 321//1 19//1
f 16//676 18//676 317//676
f 10//1 19//1 16//1
f 18//1 19//1 321//1
f 351//11 341//11 335//11
f 267//20 4//20 407//20
f 588//21 641//21 497//21
f 497//21 488//21 591//21
f 591//677 654//677 645//677
f 591//21 645//21 593//21
f 588//21 497//21 591//21
f 654//21 497//21 641//21
f 408//22 489//22 497//22
f 9//24 13//24 20//24
f 9//24 20//24 21//24
f 43//24 318//24 320//24
f 22//24 43//24 320//24
f 320//24 9//24 21//24
f 23//24 22//24 320//24
f 318//25 43//25 63//25
f 63//678 294//678 295//678
f 273//679 272//679 26//679
f 318//25 63//25 295//25
f 318//25 295//25 273//25
f 12//25 13//25 9//25
f 26//25 12//25 9//25
f 316//25 318//25 273//25
f 273//25 26//25 9//25
f 843//30 840//30 841//30
f 839//680 739//680 738//680
f 843//30 841//30 839//30
f 696//30 714//30 671//30
f 694//681 695//681 696//681
f 843//30 839//30 738//30
f 694//30 696//30 671//30
f 735//30 843//30 738//30
f 738//30 694//30 671//30
f 669//31 671//31 714//31
f 716//31 840//31 843//31
f 669//31 714//31 716//31
f 338//35 333//35 357//35
f 358//35 359//35 338//35
f 337//35 324//35 354//35
f 354//682 358//682 360//682
f 334//35 332//35 356//35
f 356//35 364//35 350//35
f 350//35 339//35 334//35
f 848//39 979//39 985//39
f 984//683 983//683 1018//683
f 848//39 985//39 984//39
f 941//39 1019//39 945//39
f 984//684 1018//684 941//684
f 941//39 945//39 848//39
f 945//39 1019//39 985//39
f 945//685 653//685 944//685
f 938//686 872//686 855//686
f 945//685 939//685 938//685
f 639//44 640//44 498//44
f 653//687 643//687 639//687
f 854//44 944//44 653//44
f 652//44 854//44 653//44
f 652//44 653//44 639//44
f 855//44 652//44 639//44
f 498//44 945//44 938//44
f 938//44 855//44 639//44
f 268//45 217//45 146//45
f 268//45 146//45 143//45
f 215//45 410//45 3//45
f 145//45 215//45 3//45
f 268//45 143//45 142//45
f 268//45 142//45 139//45
f 141//45 145//45 3//45
f 3//45 268//45 139//45
f 217//688 268//688 848//688
f 217//689 848//689 225//689
f 399//47 401//47 410//47
f 217//690 225//690 223//690
f 223//47 399//47 410//47
f 215//691 217//691 223//691
f 401//47 225//47 848//47
f 498//692 583//692 544//692
f 544//693 524//693 522//693
f 520//694 521//694 543//694
f 498//692 544//692 522//692
f 498//692 522//692 520//692
f 581//48 590//48 487//48
f 543//695 581//695 487//695
f 487//692 498//692 520//692
f 590//692 581//692 583//692
f 583//696 498//696 640//696
f 605//697 604//697 603//697
f 583//698 640//698 605//698
f 644//696 643//696 653//696
f 592//699 644//699 653//699
f 583//49 605//49 603//49
f 583//49 603//49 587//49
f 592//49 653//49 590//49
f 590//700 583//700 587//700
f 409//50 848//50 414//50
f 409//50 414//50 412//50
f 485//50 491//50 490//50
f 409//50 412//50 485//50
f 498//701 490//701 491//701
f 491//50 414//50 848//50
f 321//702 320//702 318//702
f 321//703 10//703 9//703
f 318//704 316//704 315//704
f 9//705 10//705 315//705
f 266//706 265//706 668//706
f 735//707 736//707 844//707
f 670//708 669//708 843//708
f 266//709 2//709 1//709
f 1//710 2//710 268//710
f 319//711 322//711 365//711
f 269//712 668//712 322//712
f 735//713 366//713 365//713
f 979//714 846//714 845//714
f 946//715 945//715 979//715
f 846//716 669//716 670//716
f 946//717 654//717 653//717
f 407//69 4//69 3//69
f 407//718 410//718 848//718
f 3//87 4//87 267//87
f 591//69 488//69 487//69
f 591//719 590//719 653//719
f 498//720 487//720 488//720
f 408//69 409//69 490//69
f 489//721 490//721 498//721
f 848//722 409//722 408//722
f 216//69 192//69 193//69
f 194//69 197//69 219//69
f 216//69 193//69 194//69
f 191//69 192//69 216//69
f 140//69 152//69 147//69
f 140//69 147//69 153//69
f 190//69 191//69 216//69
f 181//69 190//69 216//69
f 216//69 140//69 153//69
f 216//69 153//69 159//69
f 185//69 181//69 216//69
f 185//69 216//69 159//69
f 185//69 159//69 160//69
f 184//69 185//69 160//69
f 184//69 160//69 161//69
f 183//69 184//69 161//69
f 183//69 161//69 162//69
f 186//69 183//69 162//69
f 186//69 162//69 163//69
f 187//69 186//69 163//69
f 187//69 163//69 157//69
f 188//69 187//69 157//69
f 188//69 157//69 156//69
f 189//69 188//69 156//69
f 189//69 156//69 155//69
f 151//69 150//69 5//69
f 219//69 197//69 196//69
f 219//69 196//69 195//69
f 154//69 151//69 5//69
f 155//69 154//69 5//69
f 219//69 195//69 189//69
f 189//69 155//69 5//69
f 140//69 5//69 150//69
f 140//69 150//69 149//69
f 148//69 152//69 140//69
f 6//77 5//77 7//77
f 6//79 8//79 171//79
f 215//80 216//80 218//80
f 167//81 7//81 144//81
f 144//81 169//81 165//81
f 166//81 167//81 144//81
f 222//81 213//81 210//81
f 209//81 208//81 218//81
f 222//81 210//81 209//81
f 212//81 213//81 222//81
f 7//81 167//81 168//81
f 7//81 168//81 172//81
f 211//81 212//81 222//81
f 205//81 211//81 222//81
f 7//81 172//81 173//81
f 7//81 173//81 174//81
f 205//81 222//81 7//81
f 204//81 205//81 7//81
f 204//81 7//81 174//81
f 203//81 204//81 174//81
f 203//81 174//81 175//81
f 202//81 203//81 175//81
f 202//81 175//81 180//81
f 199//81 202//81 180//81
f 199//81 180//81 179//81
f 200//81 199//81 179//81
f 200//81 179//81 178//81
f 201//81 200//81 178//81
f 201//81 178//81 177//81
f 182//81 201//81 177//81
f 182//81 177//81 176//81
f 206//81 182//81 176//81
f 206//81 176//81 170//81
f 218//81 208//81 207//81
f 218//81 207//81 206//81
f 164//81 169//81 144//81
f 218//81 206//81 170//81
f 170//81 164//81 144//81
f 158//79 171//79 214//79
f 198//79 214//79 221//79
f 144//82 140//82 139//82
f 144//84 143//84 146//84
f 145//85 141//85 140//85
f 219//86 220//86 221//86
f 7//87 5//87 140//87
f 216//88 219//88 222//88
f 155//90 156//90 174//90
f 154//91 155//91 173//91
f 151//92 154//92 172//92
f 150//93 151//93 168//93
f 149//94 150//94 167//94
f 148//95 149//95 166//95
f 148//96 165//96 169//96
f 147//97 152//97 169//97
f 147//98 164//98 170//98
f 153//99 170//99 176//99
f 159//100 176//100 177//100
f 160//101 177//101 178//101
f 161//102 178//102 179//102
f 162//103 179//103 180//103
f 157//104 163//104 180//104
f 156//105 157//105 175//105
f 189//90 195//90 211//90
f 188//91 189//91 205//91
f 187//92 188//92 204//92
f 186//93 187//93 203//93
f 183//94 186//94 202//94
f 184//95 183//95 199//95
f 184//96 200//96 201//96
f 181//97 185//97 201//97
f 181//98 182//98 206//98
f 190//99 206//99 207//99
f 191//100 207//100 208//100
f 192//101 208//101 209//101
f 193//102 209//102 210//102
f 194//103 210//103 213//103
f 196//104 197//104 213//104
f 195//105 196//105 212//105
f 238//77 237//77 240//77
f 400//69 378//69 379//69
f 380//69 381//69 403//69
f 400//69 379//69 380//69
f 377//69 378//69 400//69
f 224//69 228//69 229//69
f 224//69 229//69 230//69
f 370//69 377//69 400//69
f 369//69 370//69 400//69
f 400//69 224//69 230//69
f 400//69 230//69 231//69
f 367//69 369//69 400//69
f 367//69 400//69 231//69
f 367//69 231//69 246//69
f 368//69 367//69 246//69
f 368//69 246//69 247//69
f 371//69 368//69 247//69
f 371//69 247//69 249//69
f 372//69 371//69 249//69
f 372//69 249//69 250//69
f 373//69 372//69 250//69
f 373//69 250//69 248//69
f 374//69 373//69 248//69
f 374//69 248//69 251//69
f 375//69 374//69 251//69
f 375//69 251//69 245//69
f 243//69 242//69 237//69
f 403//69 381//69 376//69
f 403//69 376//69 397//69
f 244//69 243//69 237//69
f 245//69 244//69 237//69
f 403//69 397//69 375//69
f 375//69 245//69 237//69
f 227//69 228//69 224//69
f 224//69 237//69 242//69
f 241//69 227//69 224//69
f 224//87 226//87 240//87
f 399//80 400//80 402//80
f 252//79 253//79 406//79
f 238//79 239//79 253//79
f 226//82 224//82 223//82
f 224//89 400//89 399//89
f 240//81 226//81 233//81
f 240//81 233//81 232//81
f 254//81 255//81 240//81
f 394//81 393//81 402//81
f 402//81 405//81 396//81
f 395//81 394//81 402//81
f 391//81 396//81 405//81
f 240//81 255//81 256//81
f 240//81 256//81 257//81
f 398//81 391//81 405//81
f 390//81 398//81 405//81
f 240//81 257//81 258//81
f 240//81 258//81 264//81
f 390//81 405//81 240//81
f 389//81 390//81 240//81
f 389//81 240//81 264//81
f 388//81 389//81 264//81
f 388//81 264//81 261//81
f 387//81 388//81 261//81
f 387//81 261//81 263//81
f 386//81 387//81 263//81
f 386//81 263//81 262//81
f 383//81 386//81 262//81
f 383//81 262//81 260//81
f 382//81 383//81 260//81
f 382//81 260//81 259//81
f 384//81 382//81 259//81
f 384//81 259//81 236//81
f 385//81 384//81 236//81
f 385//81 236//81 235//81
f 402//81 393//81 392//81
f 402//81 392//81 385//81
f 234//81 233//81 226//81
f 402//81 385//81 235//81
f 235//81 234//81 226//81
f 226//83 225//83 401//83
f 400//88 403//88 405//88
f 403//86 404//86 406//86
f 245//90 251//90 264//90
f 244//91 245//91 258//91
f 243//92 244//92 257//92
f 242//93 243//93 256//93
f 241//94 242//94 255//94
f 227//95 241//95 254//95
f 227//96 232//96 233//96
f 228//97 233//97 234//97
f 229//98 234//98 235//98
f 230//99 235//99 236//99
f 231//100 236//100 259//100
f 246//101 259//101 260//101
f 247//102 260//102 262//102
f 249//103 262//103 263//103
f 248//104 250//104 263//104
f 251//105 248//105 261//105
f 375//90 397//90 398//90
f 389//91 374//91 375//91
f 373//125 374//125 389//125
f 372//93 373//93 388//93
f 371//94 372//94 387//94
f 368//95 371//95 386//95
f 368//96 383//96 382//96
f 367//97 382//97 384//97
f 369//98 384//98 385//98
f 370//99 385//99 392//99
f 377//100 392//100 393//100
f 379//101 378//101 393//101
f 379//102 394//102 395//102
f 380//103 395//103 396//103
f 376//104 381//104 396//104
f 397//105 376//105 391//105
f 554//69 555//69 582//69
f 519//69 526//69 527//69
f 519//69 527//69 528//69
f 553//69 554//69 582//69
f 552//69 553//69 582//69
f 582//69 519//69 528//69
f 582//69 528//69 529//69
f 547//69 552//69 582//69
f 547//69 582//69 529//69
f 547//69 529//69 530//69
f 546//69 547//69 530//69
f 546//69 530//69 531//69
f 545//69 546//69 531//69
f 545//69 531//69 533//69
f 548//69 545//69 533//69
f 548//69 533//69 532//69
f 549//69 548//69 532//69
f 549//69 532//69 507//69
f 550//69 549//69 507//69
f 550//69 507//69 506//69
f 551//69 550//69 506//69
f 551//69 506//69 505//69
f 503//69 501//69 499//69
f 572//69 569//69 568//69
f 572//69 568//69 567//69
f 504//69 503//69 499//69
f 505//69 504//69 499//69
f 572//69 567//69 551//69
f 551//69 505//69 499//69
f 582//69 555//69 571//69
f 570//69 569//69 572//69
f 582//69 571//69 570//69
f 526//69 519//69 499//69
f 499//69 501//69 502//69
f 525//69 526//69 499//69
f 572//112 580//112 584//112
f 513//81 512//81 510//81
f 510//81 523//81 535//81
f 534//81 513//81 510//81
f 580//81 576//81 577//81
f 578//81 566//81 584//81
f 580//81 577//81 578//81
f 575//81 576//81 580//81
f 510//81 512//81 514//81
f 510//81 514//81 515//81
f 574//81 575//81 580//81
f 562//81 574//81 580//81
f 510//81 515//81 516//81
f 510//81 516//81 517//81
f 562//81 580//81 510//81
f 561//81 562//81 510//81
f 561//81 510//81 517//81
f 560//81 561//81 517//81
f 560//81 517//81 518//81
f 559//81 560//81 518//81
f 559//81 518//81 541//81
f 556//81 559//81 541//81
f 556//81 541//81 542//81
f 557//81 556//81 542//81
f 557//81 542//81 540//81
f 558//81 557//81 540//81
f 558//81 540//81 539//81
f 563//81 558//81 539//81
f 563//81 539//81 538//81
f 564//81 563//81 538//81
f 564//81 538//81 537//81
f 584//81 566//81 565//81
f 584//81 565//81 564//81
f 536//81 535//81 523//81
f 584//81 564//81 537//81
f 537//81 536//81 523//81
f 499//114 519//114 523//114
f 581//116 582//116 584//116
f 543//115 521//115 519//115
f 523//117 519//117 520//117
f 509//118 500//118 499//118
f 500//119 509//119 511//119
f 508//119 511//119 579//119
f 523//120 524//120 544//120
f 573//723 579//723 580//723
f 507//90 532//90 541//90
f 506//91 507//91 518//91
f 516//107 505//107 506//107
f 515//93 504//93 505//93
f 503//94 504//94 515//94
f 501//108 503//108 514//108
f 501//96 512//96 513//96
f 502//97 513//97 534//97
f 525//98 534//98 535//98
f 526//99 535//99 536//99
f 528//109 527//109 536//109
f 529//127 528//127 537//127
f 529//102 538//102 539//102
f 530//110 539//110 540//110
f 533//104 531//104 540//104
f 532//105 533//105 542//105
f 568//90 569//90 576//90
f 567//91 568//91 575//91
f 562//107 551//107 567//107
f 561//93 550//93 551//93
f 549//94 550//94 561//94
f 548//108 549//108 560//108
f 548//96 559//96 556//96
f 545//97 556//97 557//97
f 546//98 557//98 558//98
f 547//724 558//724 563//724
f 553//109 552//109 563//109
f 553//101 564//101 565//101
f 554//102 565//102 566//102
f 555//110 566//110 578//110
f 570//104 571//104 578//104
f 569//105 570//105 577//105
f 411//129 413//129 435//129
f 416//131 434//131 441//131
f 413//132 411//132 412//132
f 433//131 441//131 495//131
f 493//134 494//134 495//134
f 486//135 493//135 496//135
f 412//136 411//136 486//136
f 416//725 415//725 435//725
f 435//81 413//81 437//81
f 435//81 437//81 436//81
f 442//81 443//81 435//81
f 481//81 480//81 492//81
f 492//81 496//81 483//81
f 482//81 481//81 492//81
f 479//81 483//81 496//81
f 435//81 443//81 444//81
f 435//81 444//81 445//81
f 484//81 479//81 496//81
f 478//81 484//81 496//81
f 435//81 445//81 446//81
f 435//81 446//81 447//81
f 478//81 496//81 435//81
f 473//81 478//81 435//81
f 473//81 435//81 447//81
f 472//81 473//81 447//81
f 472//81 447//81 452//81
f 471//81 472//81 452//81
f 471//81 452//81 451//81
f 470//81 471//81 451//81
f 470//81 451//81 450//81
f 469//81 470//81 450//81
f 469//81 450//81 449//81
f 474//81 469//81 449//81
f 474//81 449//81 448//81
f 475//81 474//81 448//81
f 475//81 448//81 440//81
f 476//81 475//81 440//81
f 476//81 440//81 439//81
f 492//81 480//81 477//81
f 492//81 477//81 476//81
f 438//81 437//81 413//81
f 492//81 476//81 439//81
f 439//81 438//81 413//81
f 485//138 486//138 492//138
f 486//69 464//69 465//69
f 466//69 467//69 493//69
f 486//69 465//69 466//69
f 461//69 464//69 486//69
f 411//69 418//69 419//69
f 411//69 419//69 420//69
f 461//69 486//69 411//69
f 460//69 461//69 411//69
f 411//69 420//69 421//69
f 411//69 421//69 428//69
f 459//69 460//69 411//69
f 458//69 459//69 411//69
f 458//69 411//69 428//69
f 453//69 458//69 428//69
f 453//69 428//69 429//69
f 454//69 453//69 429//69
f 454//69 429//69 430//69
f 455//69 454//69 430//69
f 455//69 430//69 431//69
f 456//69 455//69 431//69
f 456//69 431//69 432//69
f 457//69 456//69 432//69
f 457//69 432//69 427//69
f 462//69 457//69 427//69
f 462//69 427//69 426//69
f 424//69 423//69 415//69
f 493//69 467//69 463//69
f 493//69 463//69 468//69
f 425//69 424//69 415//69
f 426//69 425//69 415//69
f 493//69 468//69 462//69
f 462//69 426//69 415//69
f 418//69 411//69 415//69
f 415//69 423//69 422//69
f 417//69 418//69 415//69
f 414//139 491//139 492//139
f 446//90 426//90 427//90
f 445//91 425//91 426//91
f 444//107 424//107 425//107
f 443//93 423//93 424//93
f 422//94 423//94 443//94
f 417//108 422//108 442//108
f 418//96 417//96 436//96
f 418//97 437//97 438//97
f 419//98 438//98 439//98
f 420//99 439//99 440//99
f 428//109 421//109 440//109
f 429//101 428//101 448//101
f 429//102 449//102 450//102
f 430//110 450//110 451//110
f 432//104 431//104 451//104
f 427//105 432//105 452//105
f 462//90 468//90 484//90
f 457//91 462//91 478//91
f 472//92 456//92 457//92
f 471//93 455//93 456//93
f 454//94 455//94 471//94
f 453//95 454//95 470//95
f 453//96 469//96 474//96
f 458//97 474//97 475//97
f 459//98 475//98 476//98
f 460//99 476//99 477//99
f 464//109 461//109 477//109
f 465//101 464//101 480//101
f 465//102 481//102 482//102
f 466//103 482//103 483//103
f 463//104 467//104 483//104
f 468//105 463//105 479//105
f 292//141 274//141 296//141
f 273//726 295//726 296//726
f 45//144 23//144 21//144
f 21//144 25//144 48//144
f 21//144 48//144 47//144
f 46//144 45//144 21//144
f 314//144 307//144 312//144
f 314//144 312//144 311//144
f 53//144 48//144 25//144
f 54//144 53//144 25//144
f 314//144 311//144 310//144
f 314//144 310//144 309//144
f 55//144 54//144 25//144
f 56//144 55//144 25//144
f 25//144 314//144 309//144
f 25//144 309//144 308//144
f 56//144 25//144 308//144
f 56//144 308//144 302//144
f 57//144 56//144 302//144
f 57//144 302//144 301//144
f 60//144 57//144 301//144
f 60//144 301//144 299//144
f 59//144 60//144 299//144
f 59//144 299//144 300//144
f 58//144 59//144 300//144
f 58//144 300//144 297//144
f 52//144 58//144 297//144
f 52//727 297//727 298//727
f 51//144 52//144 298//144
f 303//144 304//144 296//144
f 50//727 51//727 298//727
f 298//144 303//144 296//144
f 296//144 22//144 23//144
f 23//144 45//144 49//144
f 50//144 298//144 296//144
f 23//144 49//144 50//144
f 314//144 296//144 304//144
f 314//144 304//144 305//144
f 306//144 307//144 314//144
f 274//143 11//143 26//143
f 13//728 12//728 11//728
f 283//146 282//146 274//146
f 274//146 292//146 285//146
f 284//146 283//146 274//146
f 14//146 30//146 35//146
f 14//146 35//146 36//146
f 290//146 285//146 292//146
f 289//146 290//146 292//146
f 14//146 36//146 37//146
f 14//146 37//146 38//146
f 288//146 289//146 292//146
f 287//146 288//146 292//146
f 292//146 14//146 38//146
f 292//146 38//146 39//146
f 287//146 292//146 39//146
f 287//146 39//146 42//146
f 286//146 287//146 42//146
f 286//146 42//146 41//146
f 280//146 286//146 41//146
f 280//146 41//146 40//146
f 279//146 280//146 40//146
f 279//146 40//146 34//146
f 277//146 279//146 34//146
f 277//146 34//146 33//146
f 278//146 277//146 33//146
f 278//146 33//146 32//146
f 275//146 278//146 32//146
f 31//146 27//146 11//146
f 276//146 275//146 32//146
f 32//146 31//146 11//146
f 274//146 282//146 281//146
f 276//146 32//146 11//146
f 274//146 281//146 276//146
f 30//146 14//146 11//146
f 11//146 27//146 28//146
f 29//146 30//146 11//146
f 63//147 43//147 22//147
f 313//149 293//149 292//149
f 15//151 24//151 25//151
f 20//152 11//152 14//152
f 14//152 25//152 21//152
f 58//155 40//155 41//155
f 52//156 34//156 40//156
f 33//157 34//157 52//157
f 50//158 32//158 33//158
f 49//159 31//159 32//159
f 45//160 27//160 31//160
f 27//161 45//161 46//161
f 28//162 46//162 47//162
f 30//163 29//163 47//163
f 35//164 30//164 48//164
f 36//165 35//165 53//165
f 37//166 36//166 54//166
f 38//167 37//167 55//167
f 39//168 38//168 56//168
f 42//169 39//169 57//169
f 59//170 41//170 42//170
f 283//155 284//155 306//155
f 282//156 283//156 305//156
f 281//157 282//157 304//157
f 276//158 281//158 303//158
f 275//159 276//159 298//159
f 300//160 278//160 275//160
f 277//161 278//161 300//161
f 277//162 299//162 301//162
f 280//163 279//163 301//163
f 286//164 280//164 302//164
f 309//165 287//165 286//165
f 310//166 288//166 287//166
f 311//167 289//167 288//167
f 312//168 290//168 289//168
f 285//169 290//169 312//169
f 306//170 284//170 285//170
f 942//171 933//171 934//171
f 942//172 934//172 935//172
f 1007//171 1006//171 1020//171
f 1005//729 1007//729 1020//729
f 1020//171 942//171 935//171
f 1020//730 935//730 931//730
f 1012//731 1005//731 1020//731
f 1017//732 1012//732 1020//732
f 1020//729 931//729 930//729
f 1020//171 930//171 929//171
f 1017//171 1020//171 929//171
f 1017//171 929//171 928//171
f 1016//172 1017//172 928//172
f 1016//730 928//730 927//730
f 1011//171 1016//171 927//171
f 1011//171 927//171 926//171
f 1010//172 1011//172 926//172
f 1010//729 926//729 915//729
f 992//171 1010//171 915//171
f 992//733 915//733 916//733
f 991//172 992//172 916//172
f 1008//734 991//734 916//734
f 918//172 924//172 904//172
f 981//730 1002//730 1001//730
f 981//730 1001//730 1009//730
f 917//730 918//730 904//730
f 916//172 917//172 904//172
f 981//171 1009//171 1008//171
f 1008//171 916//171 904//171
f 942//171 904//171 924//171
f 942//171 924//171 925//171
f 936//172 933//172 942//172
f 1002//171 981//171 1020//171
f 1020//729 1006//729 1004//729
f 1003//171 1002//171 1020//171
f 976//735 977//735 981//735
f 977//175 982//175 1020//175
f 901//176 904//176 942//176
f 1000//179 982//179 977//179
f 977//736 996//736 997//736
f 998//179 1000//179 977//179
f 901//737 920//737 919//737
f 901//179 919//179 913//179
f 989//738 996//738 977//738
f 990//179 989//179 977//179
f 901//739 913//739 912//739
f 901//740 912//740 914//740
f 986//738 990//738 977//738
f 986//179 977//179 901//179
f 986//179 901//179 914//179
f 987//737 986//737 914//737
f 987//179 914//179 905//179
f 988//736 987//736 905//736
f 988//179 905//179 906//179
f 993//179 988//179 906//179
f 993//180 906//180 907//180
f 994//179 993//179 907//179
f 994//179 907//179 908//179
f 995//736 994//736 908//736
f 995//738 908//738 909//738
f 1013//736 995//736 909//736
f 1013//179 909//179 910//179
f 1014//738 1013//738 910//738
f 1014//179 910//179 911//179
f 1015//741 1014//741 911//741
f 932//736 923//736 940//736
f 911//179 932//179 940//179
f 982//179 1000//179 999//179
f 1015//179 911//179 940//179
f 982//738 999//738 1015//738
f 921//179 920//179 901//179
f 901//179 940//179 923//179
f 922//179 921//179 901//179
f 1019//181 942//181 1020//181
f 900//182 903//182 904//182
f 940//183 941//183 1018//183
f 941//184 940//184 942//184
f 984//185 985//185 1020//185
f 903//187 980//187 981//187
f 988//188 993//188 1010//188
f 987//742 988//742 992//742
f 986//190 987//190 991//190
f 990//191 986//191 1008//191
f 989//192 990//192 1009//192
f 1002//193 996//193 989//193
f 997//194 996//194 1002//194
f 1004//195 998//195 997//195
f 1000//196 998//196 1004//196
f 1007//743 999//743 1000//743
f 1007//198 1005//198 1015//198
f 1014//744 1015//744 1005//744
f 1013//200 1014//200 1012//200
f 1016//201 995//201 1013//201
f 994//745 995//745 1016//745
f 1011//203 1010//203 993//203
f 918//188 919//188 920//188
f 913//742 919//742 918//742
f 913//190 917//190 916//190
f 914//746 912//746 916//746
f 905//192 914//192 915//192
f 927//193 906//193 905//193
f 907//747 906//747 927//747
f 908//195 907//195 928//195
f 930//196 909//196 908//196
f 930//197 931//197 910//197
f 911//198 910//198 931//198
f 934//744 932//744 911//744
f 923//200 932//200 934//200
f 936//201 922//201 923//201
f 925//202 921//202 922//202
f 924//203 920//203 921//203
f 719//206 718//206 676//206
f 676//207 737//207 726//207
f 676//748 726//748 721//748
f 720//207 719//207 676//207
f 825//749 828//749 831//749
f 676//207 718//207 717//207
f 676//206 717//206 722//206
f 824//207 825//207 831//207
f 823//206 824//206 831//206
f 831//207 676//207 722//207
f 831//750 722//750 723//750
f 823//207 831//207 723//207
f 823//207 723//207 724//207
f 819//750 823//750 724//750
f 819//206 724//206 725//206
f 822//207 819//207 725//207
f 822//207 725//207 731//207
f 821//206 822//206 731//206
f 821//206 731//206 732//206
f 826//207 821//207 732//207
f 826//207 732//207 733//207
f 827//206 826//206 733//206
f 827//207 733//207 734//207
f 832//207 827//207 734//207
f 832//749 734//749 729//749
f 833//750 832//750 729//750
f 728//207 726//207 737//207
f 836//751 833//751 729//751
f 729//207 728//207 737//207
f 842//207 837//207 836//207
f 836//207 729//207 737//207
f 842//207 831//207 828//207
f 842//207 828//207 834//207
f 838//206 837//206 842//206
f 842//206 834//206 835//206
f 676//208 831//208 830//208
f 707//211 831//211 842//211
f 710//212 713//212 715//212
f 677//212 687//212 688//212
f 677//752 688//752 689//752
f 710//212 715//212 677//212
f 709//212 710//212 677//212
f 677//212 689//212 693//212
f 709//212 677//212 693//212
f 708//213 709//213 693//213
f 708//212 693//212 692//212
f 704//212 708//212 692//212
f 704//212 692//212 691//212
f 701//213 704//213 691//213
f 701//213 691//213 690//213
f 700//212 701//212 690//212
f 700//212 690//212 686//212
f 698//212 700//212 686//212
f 698//213 686//213 685//213
f 697//212 698//212 685//212
f 697//212 685//212 684//212
f 699//753 697//753 684//753
f 699//754 684//754 679//754
f 678//212 681//212 673//212
f 707//752 705//752 703//752
f 707//212 703//212 702//212
f 679//753 678//753 673//753
f 707//213 702//213 699//213
f 699//212 679//212 673//212
f 706//212 705//212 707//212
f 707//212 715//212 713//212
f 707//752 713//752 712//752
f 711//752 706//752 707//752
f 687//212 677//212 673//212
f 673//212 681//212 680//212
f 673//212 680//212 682//212
f 683//752 687//752 673//752
f 673//755 676//755 675//755
f 673//215 677//215 737//215
f 840//217 716//217 715//217
f 715//756 842//756 841//756
f 696//216 677//216 715//216
f 715//216 716//216 714//216
f 707//218 829//218 830//218
f 842//219 737//219 839//219
f 737//220 677//220 694//220
f 717//221 678//221 679//221
f 718//222 681//222 678//222
f 719//757 680//757 681//757
f 680//224 719//224 720//224
f 683//225 682//225 720//225
f 687//226 683//226 721//226
f 688//227 687//227 726//227
f 688//228 728//228 729//228
f 693//229 689//229 729//229
f 693//758 734//758 733//758
f 691//759 692//759 733//759
f 731//232 690//232 691//232
f 686//233 690//233 731//233
f 724//234 685//234 686//234
f 684//235 685//235 724//235
f 722//236 679//236 684//236
f 697//221 699//221 823//221
f 698//760 697//760 819//760
f 700//223 698//223 822//223
f 700//224 821//224 826//224
f 704//225 701//225 826//225
f 704//226 827//226 832//226
f 709//227 708//227 832//227
f 709//228 833//228 836//228
f 713//229 710//229 836//229
f 713//758 837//758 838//758
f 712//759 838//759 835//759
f 834//232 706//232 711//232
f 705//233 706//233 834//233
f 703//234 705//234 828//234
f 702//235 703//235 825//235
f 823//236 699//236 702//236
f 898//238 899//238 943//238
f 943//238 655//238 667//238
f 943//761 667//761 875//761
f 897//238 898//238 943//238
f 889//238 897//238 943//238
f 943//238 875//238 878//238
f 943//238 878//238 877//238
f 886//238 889//238 943//238
f 886//238 943//238 877//238
f 886//238 877//238 876//238
f 885//238 886//238 876//238
f 885//239 876//239 874//239
f 883//238 885//238 874//238
f 883//238 874//238 873//238
f 882//238 883//238 873//238
f 882//238 873//238 661//238
f 881//238 882//238 661//238
f 881//238 661//238 660//238
f 880//238 881//238 660//238
f 880//239 660//239 659//239
f 884//762 880//762 659//762
f 893//238 888//238 887//238
f 657//238 663//238 662//238
f 658//238 657//238 662//238
f 893//239 887//239 884//239
f 659//238 658//238 662//238
f 893//238 884//238 659//238
f 894//238 888//238 893//238
f 893//238 943//238 899//238
f 893//239 899//239 896//239
f 895//239 894//239 893//239
f 655//238 662//238 663//238
f 655//238 663//238 664//238
f 666//238 667//238 655//238
f 655//238 664//238 665//238
f 655//240 943//240 944//240
f 891//763 890//763 892//763
f 628//242 662//242 655//242
f 892//244 937//244 943//244
f 937//243 651//243 872//243
f 646//246 631//246 628//246
f 651//764 649//764 648//764
f 647//246 646//246 628//246
f 651//246 648//246 647//246
f 892//246 859//246 867//246
f 892//764 867//764 868//764
f 870//246 937//246 892//246
f 892//246 868//246 871//246
f 858//246 859//246 892//246
f 628//246 631//246 630//246
f 628//246 630//246 632//246
f 857//764 858//764 892//764
f 856//765 857//765 892//765
f 628//246 632//246 634//246
f 628//766 634//766 635//766
f 856//246 892//246 628//246
f 862//246 856//246 628//246
f 862//246 628//246 635//246
f 861//246 862//246 635//246
f 861//764 635//764 636//764
f 860//246 861//246 636//246
f 860//246 636//246 849//246
f 863//246 860//246 849//246
f 863//246 849//246 850//246
f 864//764 863//764 850//764
f 864//246 850//246 852//246
f 866//246 864//246 852//246
f 866//246 852//246 851//246
f 865//246 866//246 851//246
f 865//246 851//246 853//246
f 937//246 870//246 869//246
f 865//767 853//767 650//767
f 937//246 869//246 865//246
f 649//246 651//246 937//246
f 937//246 865//246 650//246
f 943//249 937//249 938//249
f 938//768 939//768 944//768
f 652//250 651//250 655//250
f 662//251 656//251 891//251
f 633//253 629//253 628//253
f 628//254 629//254 656//254
f 635//256 660//256 661//256
f 636//257 661//257 873//257
f 850//258 849//258 873//258
f 876//769 852//769 850//769
f 851//260 852//260 876//260
f 853//261 851//261 877//261
f 650//262 853//262 878//262
f 649//263 650//263 875//263
f 648//264 649//264 667//264
f 647//265 648//265 666//265
f 664//266 646//266 647//266
f 663//770 631//770 646//770
f 630//268 631//268 663//268
f 658//269 632//269 630//269
f 632//274 658//274 659//274
f 634//271 659//271 660//271
f 858//256 887//256 888//256
f 859//257 888//257 894//257
f 895//258 868//258 867//258
f 871//771 868//771 895//771
f 899//772 870//772 871//772
f 898//261 869//261 870//261
f 865//262 869//262 898//262
f 889//263 866//263 865//263
f 864//264 866//264 889//264
f 885//265 863//265 864//265
f 883//266 860//266 863//266
f 861//770 860//770 883//770
f 881//773 862//773 861//773
f 856//774 862//774 881//774
f 856//270 880//270 884//270
f 858//271 857//271 884//271
f 589//275 593//275 645//275
f 585//276 586//276 638//276
f 595//277 586//277 587//277
f 587//775 603//775 602//775
f 587//277 602//277 599//277
f 596//277 595//277 587//277
f 639//277 638//277 621//277
f 639//277 621//277 622//277
f 605//277 640//277 639//277
f 606//776 605//776 639//776
f 639//277 622//277 620//277
f 589//277 642//277 641//277
f 586//277 595//277 594//277
f 586//277 594//277 597//277
f 619//277 621//277 638//277
f 618//277 619//277 638//277
f 586//277 597//277 598//277
f 586//277 598//277 600//277
f 601//277 618//277 638//277
f 638//277 586//277 600//277
f 644//81 637//81 638//81
f 638//81 639//81 643//81
f 607//278 608//278 585//278
f 637//278 626//278 624//278
f 637//278 624//278 623//278
f 610//278 607//278 585//278
f 611//278 610//278 585//278
f 637//278 623//278 615//278
f 614//278 611//278 585//278
f 637//278 615//278 614//278
f 592//278 585//278 608//278
f 592//278 608//278 609//278
f 626//278 637//278 644//278
f 627//278 626//278 644//278
f 592//278 609//278 612//278
f 592//278 612//278 613//278
f 625//278 627//278 644//278
f 617//777 625//777 644//777
f 592//278 613//278 616//278
f 616//778 617//778 644//778
f 587//69 586//69 585//69
f 616//279 604//279 605//279
f 605//779 606//779 617//779
f 606//280 620//280 625//280
f 620//281 622//281 627//281
f 627//282 622//282 621//282
f 626//283 621//283 619//283
f 624//284 619//284 618//284
f 618//285 601//285 615//285
f 600//286 614//286 615//286
f 600//287 598//287 611//287
f 598//288 597//288 610//288
f 597//289 594//289 607//289
f 594//290 595//290 608//290
f 595//291 596//291 609//291
f 599//292 612//292 609//292
f 612//293 599//293 602//293
f 613//780 602//780 603//780
f 603//781 604//781 616//781
f 781//295 784//295 785//295
f 785//295 786//295 818//295
f 818//782 815//782 814//782
f 818//295 814//295 816//295
f 813//295 812//295 783//295
f 810//295 813//295 783//295
f 818//295 816//295 806//295
f 818//295 806//295 805//295
f 810//295 783//295 781//295
f 811//783 810//783 781//783
f 818//295 805//295 804//295
f 818//295 804//295 803//295
f 809//784 811//784 781//784
f 808//782 809//782 781//782
f 785//295 818//295 803//295
f 796//785 795//785 794//785
f 785//786 803//786 796//786
f 807//782 808//782 781//782
f 800//295 807//295 781//295
f 785//295 796//295 794//295
f 794//787 793//787 792//787
f 792//788 791//788 790//788
f 785//295 794//295 792//295
f 801//295 800//295 781//295
f 799//295 801//295 781//295
f 785//295 792//295 790//295
f 785//295 790//295 789//295
f 799//295 781//295 785//295
f 798//782 799//782 785//782
f 785//295 789//295 802//295
f 797//295 798//295 785//295
f 818//295 783//295 812//295
f 817//295 815//295 818//295
f 782//297 777//297 778//297
f 778//789 775//789 774//789
f 774//790 773//790 772//790
f 782//297 778//297 774//297
f 764//297 766//297 779//297
f 765//297 764//297 779//297
f 782//297 774//297 772//297
f 782//297 772//297 771//297
f 762//296 765//296 779//296
f 763//297 762//297 779//297
f 780//297 782//297 771//297
f 780//296 771//296 770//296
f 761//791 763//791 779//791
f 760//296 761//296 779//296
f 780//297 770//297 769//297
f 780//297 769//297 768//297
f 760//297 779//297 742//297
f 752//792 760//792 742//792
f 780//297 768//297 767//297
f 780//297 767//297 757//297
f 751//297 752//297 742//297
f 753//791 751//791 742//791
f 742//297 780//297 757//297
f 756//793 755//793 754//793
f 742//297 757//297 756//297
f 749//296 753//296 742//296
f 748//297 749//297 742//297
f 742//297 756//297 754//297
f 742//297 754//297 747//297
f 750//297 748//297 742//297
f 779//297 766//297 758//297
f 779//297 758//297 759//297
f 777//297 782//297 779//297
f 779//297 759//297 776//297
f 780//298 781//298 783//298
f 780//794 742//794 744//794
f 746//299 784//299 781//299
f 780//795 744//795 746//795
f 745//796 744//796 742//796
f 742//796 779//796 818//796
f 818//796 786//796 745//796
f 779//301 782//301 783//301
f 778//797 777//797 776//797
f 776//798 817//798 812//798
f 775//303 778//303 812//303
f 810//304 773//304 774//304
f 774//303 775//303 813//303
f 811//799 771//799 772//799
f 772//800 773//800 810//800
f 808//306 770//306 771//306
f 771//801 811//801 809//801
f 769//802 770//802 808//802
f 768//803 769//803 807//803
f 767//804 768//804 800//804
f 757//309 767//309 801//309
f 798//805 755//805 756//805
f 756//806 757//806 799//806
f 797//312 747//312 754//312
f 754//311 755//311 798//311
f 750//313 747//313 797//313
f 750//314 802//314 789//314
f 749//315 748//315 789//315
f 795//807 753//807 749//807
f 749//808 790//808 791//808
f 791//809 792//809 793//809
f 752//810 753//810 795//810
f 803//811 761//811 760//811
f 760//812 752//812 796//812
f 761//813 803//813 804//813
f 763//814 804//814 805//814
f 764//815 765//815 805//815
f 816//816 758//816 766//816
f 766//817 805//817 806//817
f 759//818 758//818 816//818
f 817//328 776//328 759//328
f 759//328 814//328 815//328
f 784//329 746//329 727//329
f 727//329 740//329 788//329
f 788//329 785//329 784//329
f 741//330 730//330 743//330
f 740//331 741//331 787//331
f 727//212 730//212 741//212
f 745//332 743//332 730//332
f 730//332 727//332 746//332
f 744//332 745//332 730//332
f 787//207 743//207 745//207
f 786//207 785//207 788//207
f 787//749 745//749 786//749
f 353//333 355//333 335//333
f 330//335 328//335 347//335
f 347//335 345//335 325//335
f 325//341 331//341 330//341
f 324//335 329//335 349//335
f 349//819 348//819 354//819
f 351//820 352//820 340//820
f 352//337 353//337 342//337
f 356//339 345//339 347//339
f 347//339 363//339 364//339
f 353//821 352//821 351//821
f 347//340 328//340 339//340
f 339//822 350//822 363//822
f 337//341 336//341 329//341
f 330//823 331//823 334//823
f 334//341 339//341 328//341
f 342//345 335//345 341//345
f 337//333 360//333 361//333
f 362//343 336//343 338//343
f 344//335 323//335 327//335
f 346//337 357//337 333//337
f 344//337 346//337 326//337
f 345//337 356//337 332//337
f 348//339 349//339 362//339
f 362//821 359//821 358//821
f 344//339 343//339 361//339
f 361//821 360//821 358//821
f 358//339 357//339 346//339
f 346//339 344//339 361//339
f 343//340 327//340 336//340
f 336//340 362//340 349//340
f 332//341 334//341 331//341
f 326//341 333//341 338//341
f 338//341 336//341 327//341
f 327//341 323//341 326//341
f 105//824 101//824 102//824
f 118//825 112//825 114//825
f 118//826 114//826 113//826
f 105//346 102//346 137//346
f 104//346 105//346 137//346
f 118//346 113//346 115//346
f 109//827 117//827 116//827
f 118//828 115//828 109//828
f 103//346 104//346 137//346
f 94//829 95//829 96//829
f 96//346 103//346 137//346
f 118//346 109//346 116//346
f 108//830 107//830 106//830
f 118//346 116//346 108//346
f 96//346 137//346 62//346
f 94//346 96//346 62//346
f 118//346 108//346 106//346
f 118//346 106//346 82//346
f 93//346 94//346 62//346
f 91//346 93//346 62//346
f 64//346 118//346 82//346
f 64//346 82//346 81//346
f 91//346 62//346 64//346
f 90//831 91//831 64//831
f 64//346 81//346 80//346
f 80//832 79//832 78//832
f 64//346 80//346 78//346
f 89//833 90//833 64//833
f 83//834 88//834 89//834
f 83//346 89//346 64//346
f 64//346 78//346 77//346
f 64//346 77//346 92//346
f 85//825 83//825 64//825
f 84//346 85//346 64//346
f 64//346 92//346 87//346
f 86//826 84//826 64//826
f 110//826 112//826 118//826
f 118//346 137//346 102//346
f 102//835 111//835 110//835
f 135//348 123//348 138//348
f 136//836 130//836 129//836
f 128//837 127//837 126//837
f 136//838 129//838 128//838
f 134//349 135//349 138//349
f 133//349 134//349 138//349
f 136//349 128//349 126//349
f 136//349 126//349 125//349
f 132//349 133//349 138//349
f 131//349 132//349 138//349
f 136//349 125//349 124//349
f 136//349 124//349 100//349
f 131//349 138//349 65//349
f 122//839 131//839 65//839
f 61//349 136//349 100//349
f 61//349 100//349 99//349
f 121//840 122//840 65//840
f 120//349 121//349 65//349
f 61//349 99//349 98//349
f 61//349 98//349 97//349
f 119//349 120//349 65//349
f 76//349 119//349 65//349
f 61//349 97//349 75//349
f 61//349 75//349 74//349
f 73//349 76//349 65//349
f 72//349 73//349 65//349
f 65//349 61//349 74//349
f 65//375 74//375 70//375
f 66//349 72//349 65//349
f 71//349 66//349 65//349
f 65//841 70//841 69//841
f 65//349 69//349 68//349
f 67//838 71//838 65//838
f 136//349 138//349 123//349
f 118//337 64//337 65//337
f 137//350 118//350 138//350
f 137//340 136//340 61//340
f 62//351 61//351 65//351
f 127//842 128//842 129//842
f 129//843 135//843 113//843
f 113//844 114//844 127//844
f 112//845 110//845 111//845
f 111//846 126//846 127//846
f 127//844 114//844 112//844
f 102//847 101//847 125//847
f 125//848 126//848 111//848
f 105//849 104//849 124//849
f 124//850 125//850 101//850
f 100//356 124//356 104//356
f 96//851 95//851 99//851
f 99//357 100//357 103//357
f 93//852 91//852 97//852
f 98//358 99//358 94//358
f 93//359 97//359 98//359
f 74//349 75//349 97//349
f 97//853 91//853 90//853
f 70//361 74//361 90//361
f 69//361 70//361 89//361
f 89//362 88//362 68//362
f 86//854 67//854 68//854
f 68//855 88//855 83//855
f 85//856 86//856 68//856
f 71//364 67//364 86//364
f 72//857 66//857 71//857
f 71//858 87//858 92//858
f 92//859 77//859 72//859
f 73//859 72//859 77//859
f 76//366 73//366 78//366
f 119//367 76//367 79//367
f 120//368 119//368 80//368
f 120//860 81//860 82//860
f 82//370 122//370 121//370
f 122//370 82//370 106//370
f 106//371 132//371 131//371
f 116//861 117//861 133//861
f 133//862 132//862 107//862
f 108//863 116//863 133//863
f 109//374 115//374 134//374
f 134//373 133//373 117//373
f 135//374 134//374 115//374
f 135//864 129//864 130//864
f 951//376 962//376 961//376
f 947//377 958//377 975//377
f 949//377 973//377 970//377
f 975//378 958//378 960//378
f 951//379 960//379 958//379
f 949//379 948//379 957//379
f 957//865 952//865 954//865
f 969//380 962//380 951//380
f 957//380 948//380 970//380
f 970//830 971//830 964//830
f 964//866 963//866 956//866
f 956//867 952//867 957//867
f 957//380 970//380 964//380
f 969//383 975//383 961//383
f 954//868 952//868 956//868
f 956//384 963//384 966//384
f 966//376 968//376 954//376
f 955//376 965//376 967//376
f 974//377 972//377 950//377
f 949//378 954//378 968//378
f 953//378 967//378 974//378
f 953//379 959//379 950//379
f 972//380 965//380 955//380
f 965//383 972//383 974//383
f 970//383 973//383 968//383
f 968//869 966//869 964//869
f 1021//385 1024//385 1023//385
f 1026//386 1027//386 1028//386
f 1021//387 1022//387 1026//387
f 1023//388 1027//388 1026//388
f 1024//389 1028//389 1027//389
f 1021//390 1025//390 1028//390
f 1032//391 1031//391 1030//391
f 1034//392 1035//392 1036//392
f 1030//393 1034//393 1033//393
f 1031//394 1035//394 1034//394
f 1032//395 1036//395 1035//395
f 1029//396 1033//396 1036//396
f 1037//870 1042//870 1043//870
f 1039//385 1038//385 1043//385
f 1040//871 1039//871 1044//871
f 1037//872 1041//872 1046//872
f 1040//873 1045//873 1046//873
f 1055//874 1050//874 1056//874
f 1057//875 1047//875 1048//875
f 1050//876 1049//876 1051//876
f 1053//421 1052//421 1057//421
f 1070//877 1060//877 1065//877
f 1059//878 1061//878 1062//878
f 1062//879 1063//879 1069//879
f 1064//880 1069//880 1070//880
f 1131//881 1130//881 1101//881
f 1131//881 1101//881 1105//881
f 1081//882 1129//882 1131//882
f 1083//881 1087//881 1081//881
f 1071//438 1084//438 1083//438
f 1103//881 1102//881 1071//881
f 1131//881 1105//881 1104//881
f 1104//883 1103//883 1071//883
f 1071//881 1083//881 1081//881
f 1131//881 1104//881 1071//881
f 1079//442 1107//442 1106//442
f 1106//442 1108//442 1080//442
f 1072//884 1074//884 1079//884
f 1088//444 1086//444 1077//444
f 1076//885 1089//885 1088//885
f 1090//445 1092//445 1075//445
f 1076//445 1077//445 1091//445
f 1090//445 1075//445 1076//445
f 1093//447 1094//447 1072//447
f 1072//447 1075//447 1092//447
f 1096//449 1084//449 1071//449
f 1071//449 1072//449 1094//449
f 1109//450 1107//450 1079//450
f 1102//451 1109//451 1074//451
f 1115//886 1112//886 1082//886
f 1082//887 1098//887 1100//887
f 1100//888 1099//888 1089//888
f 1089//889 1076//889 1080//889
f 1080//890 1108//890 1110//890
f 1110//891 1113//891 1115//891
f 1115//892 1082//892 1100//892
f 1100//893 1089//893 1080//893
f 1080//894 1110//894 1115//894
f 1114//895 1111//895 1112//895
f 1082//896 1112//896 1117//896
f 1081//897 1118//897 1132//897
f 1119//898 1118//898 1081//898
f 1081//899 1087//899 1120//899
f 1090//459 1091//459 1095//459
f 1095//595 1085//595 1086//595
f 1086//459 1088//459 1090//459
f 1121//900 1100//900 1097//900
f 1098//900 1117//900 1122//900
f 1121//901 1097//901 1098//901
f 1124//461 1125//461 1093//461
f 1093//461 1092//461 1090//461
f 1090//902 1088//902 1089//902
f 1099//903 1100//903 1121//903
f 1090//461 1089//461 1099//461
f 1123//904 1124//904 1093//904
f 1099//905 1121//905 1123//905
f 1123//461 1093//461 1090//461
f 1126//906 1120//906 1087//906
f 1087//907 1083//907 1084//907
f 1084//908 1096//908 1094//908
f 1094//909 1093//909 1125//909
f 1094//910 1125//910 1128//910
f 1126//911 1087//911 1084//911
f 1094//909 1128//909 1127//909
f 1127//911 1126//911 1084//911
f 1107//912 1109//912 1102//912
f 1102//464 1103//464 1073//464
f 1073//913 1106//913 1107//913
f 1121//914 1122//914 1117//914
f 1117//915 1111//915 1114//915
f 1115//916 1078//916 1123//916
f 1121//917 1117//917 1114//917
f 1115//918 1123//918 1121//918
f 1101//919 1133//919 1134//919
f 1118//920 1119//920 1126//920
f 1126//921 1127//921 1128//921
f 1125//922 1124//922 1123//922
f 1126//923 1128//923 1125//923
f 1135//924 1132//924 1118//924
f 1118//925 1126//925 1125//925
f 1125//926 1123//926 1078//926
f 1073//927 1103//927 1104//927
f 1104//928 1105//928 1134//928
f 1135//929 1118//929 1125//929
f 1104//924 1134//924 1135//924
f 1125//468 1078//468 1073//468
f 1104//930 1135//930 1125//930
f 1113//931 1110//931 1108//931
f 1108//932 1106//932 1073//932
f 1073//469 1078//469 1115//469
f 1113//469 1108//469 1073//469
f 1133//933 1130//933 1131//933
f 1131//934 1135//934 1134//934
f 1131//935 1129//935 1132//935
f 1141//936 1144//936 1140//936
f 1139//937 1138//937 1137//937
f 1148//79 1147//79 1146//79
f 1150//20 1151//20 1152//20
f 1145//69 1146//69 1150//69
f 1147//88 1151//88 1150//88
f 1148//81 1152//81 1151//81
f 1145//87 1149//87 1152//87
f 1156//119 1155//119 1154//119
f 1158//21 1159//21 1160//21
f 1154//69 1158//69 1157//69
f 1155//112 1159//112 1158//112
f 1155//81 1156//81 1160//81
f 1153//114 1157//114 1160//114
f 1164//131 1163//131 1162//131
f 1166//22 1167//22 1168//22
f 1161//69 1162//69 1166//69
f 1163//135 1167//135 1166//135
f 1164//81 1168//81 1167//81
f 1161//129 1165//129 1168//129
f 1180//154 1181//154 1172//154
f 1172//154 1169//154 1170//154
f 1170//154 1171//154 1182//154
f 1180//154 1172//154 1170//154
f 1198//2 1197//2 1173//2
f 1175//2 1174//2 1188//2
f 1187//2 1206//2 1205//2
f 1175//2 1188//2 1187//2
f 1198//2 1173//2 1175//2
f 1187//2 1205//2 1198//2
f 1177//146 1176//146 1170//146
f 1170//146 1169//146 1189//146
f 1190//146 1188//146 1174//146
f 1170//146 1189//146 1190//146
f 1190//146 1174//146 1177//146
f 1171//141 1170//141 1176//141
f 1185//144 1184//144 1172//144
f 1183//144 1182//144 1171//144
f 1171//144 1178//144 1179//144
f 1173//144 1200//144 1203//144
f 1199//144 1201//144 1202//144
f 1173//727 1203//727 1199//727
f 1183//144 1171//144 1179//144
f 1192//144 1185//144 1172//144
f 1193//144 1192//144 1172//144
f 1183//727 1179//727 1175//727
f 1175//144 1173//144 1199//144
f 1199//144 1202//144 1194//144
f 1191//144 1193//144 1172//144
f 1175//144 1199//144 1194//144
f 1191//144 1172//144 1181//144
f 1183//144 1175//144 1194//144
f 1191//144 1181//144 1183//144
f 1173//152 1197//152 1204//152
f 1189//152 1169//152 1172//152
f 1172//152 1184//152 1186//152
f 1186//152 1196//152 1195//152
f 1195//152 1189//152 1172//152
f 1175//485 1179//485 1177//485
f 1178//938 1176//938 1177//938
f 1186//489 1185//489 1192//489
f 1191//939 1194//939 1187//939
f 1187//940 1188//940 1190//940
f 1192//492 1193//492 1195//492
f 1206//941 1187//941 1194//941
f 1194//942 1202//942 1207//942
f 1189//943 1195//943 1193//943
f 1193//944 1191//944 1190//944
f 1199//495 1203//495 1204//495
f 1204//495 1197//495 1198//495
f 1201//945 1199//945 1198//945
f 1198//946 1205//946 1207//946
f 1207//947 1202//947 1201//947
f 1210//499 1211//499 1208//499
f 1219//15 1215//15 1213//15
f 1213//15 1212//15 1216//15
f 1213//15 1216//15 1218//15
f 1217//15 1219//15 1213//15
f 1225//948 1226//948 1220//948
f 1220//949 1216//949 1212//949
f 1212//500 1209//500 1208//500
f 1208//500 1224//500 1225//500
f 1225//500 1220//500 1212//500
f 1209//176 1212//176 1213//176
f 1223//950 1211//950 1210//950
f 1210//950 1213//950 1215//950
f 1215//950 1222//950 1221//950
f 1221//950 1223//950 1210//950
f 1224//503 1208//503 1211//503
f 1211//503 1223//503 1228//503
f 1228//951 1229//951 1227//951
f 1227//175 1224//175 1211//175
f 1221//952 1222//952 1219//952
f 1231//505 1228//505 1223//505
f 1223//953 1221//953 1217//953
f 1217//505 1218//505 1220//505
f 1220//505 1226//505 1230//505
f 1231//505 1223//505 1217//505
f 1220//954 1230//954 1231//954
f 1231//955 1214//955 1227//955
f 1226//508 1225//508 1214//508
f 1214//956 1231//956 1230//956
f 1227//957 1214//957 1225//957
f 1233//510 1234//510 1235//510
f 1236//7 1237//7 1240//7
f 1242//511 1233//511 1232//511
f 1232//511 1236//511 1241//511
f 1243//511 1242//511 1232//511
f 1245//211 1244//211 1238//211
f 1238//211 1234//211 1233//211
f 1233//211 1242//211 1245//211
f 1247//513 1240//513 1237//513
f 1237//513 1235//513 1234//513
f 1234//513 1238//513 1248//513
f 1246//513 1247//513 1237//513
f 1234//513 1248//513 1246//513
f 1237//215 1236//215 1232//215
f 1240//958 1247//958 1243//958
f 1244//959 1245//959 1246//959
f 1245//960 1242//960 1243//960
f 1243//961 1247//961 1246//961
f 1252//520 1255//520 1254//520
f 1257//19 1258//19 1259//19
f 1253//521 1257//521 1256//521
f 1253//244 1254//244 1258//244
f 1254//522 1255//522 1259//522
f 1252//242 1256//242 1259//242
f 1262//962 1260//962 1263//962
f 1265//963 1261//963 1262//963
f 1261//964 1266//964 1263//964
f 1268//536 1271//536 1273//536
f 1276//965 1277//965 1280//965
f 1296//546 1289//546 1281//546
f 1281//966 1284//966 1295//966
f 1294//966 1296//966 1281//966
f 1297//967 1298//967 1291//967
f 1291//968 1301//968 1295//968
f 1295//547 1284//547 1288//547
f 1288//547 1290//547 1299//547
f 1288//547 1299//547 1297//547
f 1291//547 1295//547 1288//547
f 1300//547 1292//547 1289//547
f 1293//969 1290//969 1288//969
f 1286//970 1289//970 1292//970
f 1293//970 1288//970 1286//970
f 1284//17 1282//17 1287//17
f 1281//552 1286//552 1287//552
f 1303//648 1299//648 1290//648
f 1285//648 1291//648 1298//648
f 1285//971 1298//971 1302//971
f 1303//972 1290//972 1293//972
f 1285//973 1302//973 1303//973
f 1304//974 1301//974 1291//974
f 1285//975 1305//975 1304//975
f 1292//976 1300//976 1305//976
f 1305//977 1285//977 1293//977
f 1294//978 1295//978 1301//978
f 1298//600 1297//600 1283//600
f 1283//979 1297//979 1299//979
f 1305//980 1300//980 1296//980
f 1296//981 1294//981 1304//981
f 1312//9 1306//9 1309//9
f 1309//9 1313//9 1314//9
f 1311//561 1308//561 1307//561
f 1307//561 1306//561 1312//561
f 1315//562 1313//562 1309//562
f 1309//562 1307//562 1308//562
f 1308//562 1310//562 1315//562
f 1315//564 1310//564 1311//564
f 1311//564 1312//564 1314//564
f 1317//3 1320//3 1321//3
f 1319//565 1318//565 1321//565
f 1316//566 1320//566 1317//566
f 1324//3 1323//3 1325//3
f 1325//567 1323//567 1322//567
f 1322//568 1324//568 1326//568
f 1334//448 1333//448 1332//448
f 1330//5 1331//5 1336//5
f 1338//569 1336//569 1331//569
f 1331//569 1329//569 1328//569
f 1328//569 1332//569 1337//569
f 1337//982 1339//982 1338//982
f 1338//569 1331//569 1328//569
f 1328//570 1329//570 1330//570
f 1330//570 1335//570 1340//570
f 1328//570 1330//570 1340//570
f 1337//983 1333//983 1334//983
f 1334//984 1340//984 1338//984
f 1336//573 1338//573 1340//573
f 1345//10 1344//10 1349//10
f 1350//575 1349//575 1344//575
f 1344//575 1343//575 1342//575
f 1342//575 1347//575 1350//575
f 1351//576 1346//576 1342//576
f 1342//576 1343//576 1345//576
f 1345//576 1348//576 1351//576
f 1349//985 1350//985 1351//985
f 1346//986 1351//986 1350//986
f 1352//574 1356//574 1358//574
f 1357//574 1359//574 1352//574
f 1360//12 1358//12 1356//12
f 1356//12 1355//12 1353//12
f 1353//12 1362//12 1361//12
f 1360//12 1356//12 1353//12
f 1356//580 1352//580 1354//580
f 1363//987 1362//987 1353//987
f 1353//581 1354//581 1352//581
f 1352//581 1359//581 1363//581
f 1361//988 1363//988 1359//988
f 1359//989 1357//989 1360//989
f 1370//413 1371//413 1364//413
f 1365//413 1369//413 1370//413
f 1372//12 1369//12 1365//12
f 1365//12 1368//12 1367//12
f 1367//12 1373//12 1374//12
f 1372//12 1365//12 1367//12
f 1375//585 1373//585 1367//585
f 1367//585 1366//585 1364//585
f 1364//990 1371//990 1375//990
f 1365//586 1364//586 1366//586
f 1374//991 1375//991 1371//991
f 1371//989 1370//989 1372//989
f 1381//6 1377//6 1378//6
f 1379//589 1378//589 1376//589
f 1380//590 1376//590 1377//590
f 1387//4 1383//4 1385//4
f 1383//591 1382//591 1384//591
f 1384//592 1382//592 1387//592
f 1388//16 1390//16 1395//16
f 1395//593 1390//593 1389//593
f 1389//593 1391//593 1393//593
f 1396//593 1395//593 1389//593
f 1397//594 1392//594 1391//594
f 1391//594 1389//594 1388//594
f 1388//594 1394//594 1397//594
f 1395//459 1396//459 1397//459
f 1397//461 1396//461 1393//461
f 1401//992 1402//992 1403//992
f 1405//17 1400//17 1399//17
f 1399//17 1401//17 1404//17
f 1402//598 1401//598 1399//598
f 1403//599 1402//599 1398//599
f 1398//599 1400//599 1405//599
f 1410//992 1415//992 1414//992
f 1416//16 1408//16 1406//16
f 1406//993 1409//993 1414//993
f 1416//601 1417//601 1412//601
f 1412//601 1411//601 1407//601
f 1408//994 1416//994 1412//994
f 1413//602 1410//602 1409//602
f 1406//602 1407//602 1411//602
f 1413//602 1409//602 1406//602
f 1415//995 1410//995 1413//995
f 1413//604 1412//604 1417//604
f 1414//605 1415//605 1417//605
f 1420//6 1423//6 1422//6
f 1419//606 1422//606 1421//606
f 1418//607 1421//607 1423//607
f 1426//8 1431//8 1430//8
f 1428//608 1424//608 1425//608
f 1425//608 1427//608 1430//608
f 1432//608 1428//608 1425//608
f 1431//609 1426//609 1425//609
f 1425//609 1424//609 1429//609
f 1433//609 1431//609 1425//609
f 1433//913 1432//913 1430//913
f 1428//996 1432//996 1433//996
f 1437//997 1436//997 1438//997
f 1445//12 1441//12 1440//12
f 1444//619 1440//619 1442//619
f 1442//620 1441//620 1445//620
f 1450//13 1448//13 1446//13
f 1451//998 1447//998 1448//998
f 1449//622 1446//622 1447//622
f 1456//22 1452//22 1454//22
f 1455//623 1453//623 1452//623
f 1455//999 1457//999 1454//999
f 1460//19 1459//19 1463//19
f 1463//626 1459//626 1458//626
f 1458//627 1460//627 1461//627
f 1469//21 1466//21 1464//21
f 1464//630 1465//630 1467//630
f 1465//631 1466//631 1469//631
f 1470//18 1471//18 1474//18
f 1471//632 1472//632 1475//632
f 1472//633 1470//633 1473//633
f 1481//19 1477//19 1476//19
f 1480//635 1478//635 1477//635
f 1480//636 1479//636 1476//636
f 1487//18 1484//18 1483//18
f 1485//639 1482//639 1484//639
f 1486//640 1483//640 1482//640
f 1489//13 1490//13 1493//13
f 1488//642 1489//642 1491//642
f 1493//643 1490//643 1488//643
f 1498//7 1496//7 1495//7
f 1499//644 1495//644 1494//644
f 1498//645 1497//645 1494//645
f 1500//429 1506//429 1505//429
f 1507//1000 1506//1000 1500//1000
f 1500//17 1502//17 1504//17
f 1500//646 1501//646 1503//646
f 1507//647 1504//647 1503//647
f 1503//647 1501//647 1505//647
f 1509//14 1512//14 1513//14
f 1511//649 1508//649 1510//649
f 1508//650 1511//650 1512//650
f 1518//18 1516//18 1515//18
f 1517//653 1515//653 1514//653
f 1514//654 1516//654 1518//654
f 1521//15 1527//15 1526//15
f 1528//656 1527//656 1521//656
f 1521//656 1520//656 1523//656
f 1523//656 1524//656 1528//656
f 1525//657 1523//657 1520//657
f 1520//657 1522//657 1526//657
f 1529//1001 1525//1001 1520//1001
f 1526//504 1527//504 1528//504
f 1528//505 1524//505 1525//505
f 1542//430 1533//430 1536//430
f 1542//14 1544//14 1531//14
f 1531//14 1532//14 1533//14
f 1544//661 1545//661 1540//661
f 1540//661 1539//661 1530//661
f 1531//1002 1544//1002 1540//1002
f 1541//662 1536//662 1533//662
f 1532//1003 1530//1003 1539//1003
f 1541//1004 1533//1004 1532//1004
f 1543//1005 1536//1005 1541//1005
f 1541//1006 1540//1006 1545//1006
f 1545//1007 1544//1007 1542//1007
f 1551//15 1548//15 1547//15
f 1546//668 1548//668 1551//668
f 1550//669 1547//669 1546//669
f 1554//1008 1553//1008 1552//1008
