ISO-10303-21;
HEADER;
FILE_DESCRIPTION(('FreeCAD Model'),'2;1');
FILE_NAME('Open CASCADE Shape Model','2026-08-12T23:33:33',('FreeCAD'),(
    'FreeCAD'),'Open CASCADE STEP processor 7.8','FreeCAD','Unknown');
FILE_SCHEMA(('AUTOMOTIVE_DESIGN { 1 0 10303 214 1 1 1 1 }'));
ENDSEC;
DATA;
#1 = APPLICATION_PROTOCOL_DEFINITION('international standard',
  'automotive_design',2000,#2);
#2 = APPLICATION_CONTEXT(
  'core data for automotive mechanical design processes');
#3 = SHAPE_DEFINITION_REPRESENTATION(#4,#10);
#4 = PRODUCT_DEFINITION_SHAPE('','',#5);
#5 = PRODUCT_DEFINITION('design','',#6,#9);
#6 = PRODUCT_DEFINITION_FORMATION('','',#7);
#7 = PRODUCT('Open CASCADE STEP translator 7.8 2',
  'Open CASCADE STEP translator 7.8 2','',(#8));
#8 = PRODUCT_CONTEXT('',#2,'mechanical');
#9 = PRODUCT_DEFINITION_CONTEXT('part definition',#2,'design');
#10 = ADVANCED_BREP_SHAPE_REPRESENTATION('',(#11,#15),#9051);
#11 = AXIS2_PLACEMENT_3D('',#12,#13,#14);
#12 = CARTESIAN_POINT('',(0.,0.,0.));
#13 = DIRECTION('',(0.,0.,1.));
#14 = DIRECTION('',(1.,0.,-0.));
#15 = MANIFOLD_SOLID_BREP('',#16);
#16 = CLOSED_SHELL('',(#17,#49,#72,#95,#126,#150,#173,#196,#212,#235,
    #258,#281,#297,#320,#343,#366,#382,#398,#414,#430,#461,#477,#500,
    #523,#546,#562,#578,#601,#617,#640,#663,#686,#709,#740,#763,#779,
    #795,#818,#841,#857,#873,#896,#919,#942,#965,#988,#1019,#1195,#1211,
    #1234,#1250,#1273,#1296,#1319,#1341,#1364,#1380,#1396,#1419,#1450,
    #1467,#1484,#1501,#1518,#1535,#1552,#1568,#1592,#1615,#1638,#1669,
    #1717,#1741,#1758,#1782,#1806,#1830,#1854,#1878,#1902,#1918,#1942,
    #1958,#1982,#1998,#2046,#2062,#2085,#2109,#2132,#2148,#2164,#2187,
    #2218,#2234,#2257,#2273,#2289,#2305,#2378,#2401,#2424,#2448,#2464,
    #2488,#2504,#2527,#2550,#2581,#2604,#2628,#2644,#2667,#2690,#2714,
    #2730,#2754,#2775,#2792,#2815,#2831,#2847,#2870,#2891,#2920,#2941,
    #2957,#2973,#2984,#3181,#3205,#3229,#3253,#3277,#3294,#3325,#3348,
    #3371,#3387,#3410,#3431,#3442,#3458,#3474,#3495,#3511,#3532,#3555,
    #3566,#3582,#3599,#3615,#3638,#3659,#3676,#3699,#3715,#3726,#3742,
    #3852,#3892,#3908,#3924,#3940,#3964,#3980,#4020,#4052,#4092,#4108,
    #4132,#4156,#4180,#4204,#4228,#4244,#4268,#4292,#4316,#4349,#4372,
    #4388,#4404,#4420,#4443,#4465,#4488,#4511,#4527,#4550,#4573,#4596,
    #4619,#4635,#4651,#4662,#4673,#4689,#4712,#4729,#4745,#4768,#4792,
    #4816,#4840,#4856,#4880,#4896,#4920,#4944,#4961,#4984,#5008,#5031,
    #5052,#5068,#5091,#5108,#5129,#5145,#5168,#5199,#5215,#5238,#5261,
    #5284,#5308,#5324,#5347,#5363,#5384,#5395,#5418,#5434,#5450,#5473,
    #5496,#5512,#5528,#5551,#5574,#5597,#5626,#5649,#5670,#5681,#5692,
    #5715,#5738,#5754,#5770,#5786,#5809,#5832,#5856,#5879,#5895,#5911,
    #5927,#5943,#5964,#5975,#5991,#6012,#6028,#6051,#6074,#6090,#6113,
    #6136,#6160,#6183,#6199,#6222,#6251,#6267,#6290,#6306,#6322,#6345,
    #6368,#6384,#6401,#6424,#6440,#6451,#6474,#6497,#6513,#6529,#6540,
    #6563,#6586,#6602,#6625,#6648,#6664,#6687,#6710,#6731,#6754,#6770,
    #6793,#6817,#6840,#6863,#6879,#6895,#6906,#6917,#6933,#6949,#6980,
    #7003,#7026,#7050,#7074,#7091,#7107,#7128,#7149,#7165,#7188,#7205,
    #7228,#7251,#7267,#7283,#7299,#7315,#7338,#7362,#7386,#7407,#7423,
    #7434,#7450,#7461,#7484,#7507,#7528,#7544,#7568,#7591,#7614,#7630,
    #7646,#7657,#7673,#7696,#7719,#7735,#7751,#7767,#7790,#7806,#7827,
    #7843,#7866,#7882,#7898,#7910,#7926,#7942,#7953,#7976,#7999,#8015,
    #8046,#8069,#8090,#8107,#8130,#8151,#8167,#8178,#8194,#8217,#8240,
    #8256,#8277,#8298,#8309,#8325,#8341,#8357,#8368,#8384,#8407,#8428,
    #8439,#8468,#8491,#8514,#8530,#8546,#8557,#8568,#8591,#8602,#8618,
    #8634,#8657,#8678,#8689,#8705,#8726,#8749,#8772,#8795,#8811,#8834,
    #8845,#8861,#8877,#8900,#8916,#8940,#8956,#8979,#8996,#9012,#9028,
    #9039));
#17 = ADVANCED_FACE('',(#18),#44,.T.);
#18 = FACE_BOUND('',#19,.T.);
#19 = EDGE_LOOP('',(#20,#30,#38));
#20 = ORIENTED_EDGE('',*,*,#21,.T.);
#21 = EDGE_CURVE('',#22,#24,#26,.T.);
#22 = VERTEX_POINT('',#23);
#23 = CARTESIAN_POINT('',(60.213043212891,77.968780517578,
    129.80438232421));
#24 = VERTEX_POINT('',#25);
#25 = CARTESIAN_POINT('',(58.637001037598,77.172660827637,
    129.05094909668));
#26 = LINE('',#27,#28);
#27 = CARTESIAN_POINT('',(60.213043212891,77.968780517578,
    129.80438232421));
#28 = VECTOR('',#29,1.);
#29 = DIRECTION('',(-0.8209692055,-0.414703210092,-0.392467592496));
#30 = ORIENTED_EDGE('',*,*,#31,.T.);
#31 = EDGE_CURVE('',#24,#32,#34,.T.);
#32 = VERTEX_POINT('',#33);
#33 = CARTESIAN_POINT('',(59.889122009277,77.869438171387,129.94140625)
  );
#34 = LINE('',#35,#36);
#35 = CARTESIAN_POINT('',(58.637001037598,77.172660827637,
    129.05094909668));
#36 = VECTOR('',#37,1.);
#37 = DIRECTION('',(0.742184861857,0.413009292483,0.527811476906));
#38 = ORIENTED_EDGE('',*,*,#39,.F.);
#39 = EDGE_CURVE('',#22,#32,#40,.T.);
#40 = LINE('',#41,#42);
#41 = CARTESIAN_POINT('',(60.213043212891,77.968780517578,
    129.80438232421));
#42 = VECTOR('',#43,1.);
#43 = DIRECTION('',(-0.886310477269,-0.271819693443,0.374923715094));
#44 = PLANE('',#45);
#45 = AXIS2_PLACEMENT_3D('',#46,#47,#48);
#46 = CARTESIAN_POINT('',(59.413836530285,77.581678403215,
    129.49772702595));
#47 = DIRECTION('',(-0.363744222633,0.909697354718,-0.200351848806));
#48 = DIRECTION('',(0.928524099646,0.371272132507,-1.387778780781E-17));
#49 = ADVANCED_FACE('',(#50),#67,.T.);
#50 = FACE_BOUND('',#51,.T.);
#51 = EDGE_LOOP('',(#52,#53,#61));
#52 = ORIENTED_EDGE('',*,*,#21,.F.);
#53 = ORIENTED_EDGE('',*,*,#54,.F.);
#54 = EDGE_CURVE('',#55,#22,#57,.T.);
#55 = VERTEX_POINT('',#56);
#56 = CARTESIAN_POINT('',(60.553039550781,78.094436645508,
    129.75764465332));
#57 = LINE('',#58,#59);
#58 = CARTESIAN_POINT('',(60.553039550781,78.094436645508,
    129.75764465332));
#59 = VECTOR('',#60,1.);
#60 = DIRECTION('',(-0.930288236455,-0.343816696311,0.12788227575));
#61 = ORIENTED_EDGE('',*,*,#62,.F.);
#62 = EDGE_CURVE('',#24,#55,#63,.T.);
#63 = LINE('',#64,#65);
#64 = CARTESIAN_POINT('',(58.637001037598,77.172660827637,
    129.05094909668));
#65 = VECTOR('',#66,1.);
#66 = DIRECTION('',(0.855144896877,0.4113966819,0.315404463297));
#67 = PLANE('',#68);
#68 = AXIS2_PLACEMENT_3D('',#69,#70,#71);
#69 = CARTESIAN_POINT('',(59.586546707962,77.639043324126,129.4446304696
    ));
#70 = DIRECTION('',(-0.363747304101,0.909697506804,-0.20034556365));
#71 = DIRECTION('',(0.928523036767,0.371274790679,0.));
#72 = ADVANCED_FACE('',(#73),#90,.T.);
#73 = FACE_BOUND('',#74,.T.);
#74 = EDGE_LOOP('',(#75,#76,#84));
#75 = ORIENTED_EDGE('',*,*,#31,.F.);
#76 = ORIENTED_EDGE('',*,*,#77,.T.);
#77 = EDGE_CURVE('',#24,#78,#80,.T.);
#78 = VERTEX_POINT('',#79);
#79 = CARTESIAN_POINT('',(59.60334777832,77.803176879883,130.15937805175
    ));
#80 = LINE('',#81,#82);
#81 = CARTESIAN_POINT('',(58.637001037598,77.172660827637,
    129.05094909668));
#82 = VECTOR('',#83,1.);
#83 = DIRECTION('',(0.603967743484,0.394073205049,0.692769278976));
#84 = ORIENTED_EDGE('',*,*,#85,.T.);
#85 = EDGE_CURVE('',#78,#32,#86,.T.);
#86 = LINE('',#87,#88);
#87 = CARTESIAN_POINT('',(59.60334777832,77.803176879883,130.15937805175
    ));
#88 = VECTOR('',#89,1.);
#89 = DIRECTION('',(0.781933718218,0.181303744099,-0.5964131225));
#90 = PLANE('',#91);
#91 = AXIS2_PLACEMENT_3D('',#92,#93,#94);
#92 = CARTESIAN_POINT('',(59.248815815172,77.538081135324,
    129.59937333431));
#93 = DIRECTION('',(-0.363744303852,0.909697348472,-0.200351729713));
#94 = DIRECTION('',(0.928524070189,0.371272206177,0.));
#95 = ADVANCED_FACE('',(#96),#121,.T.);
#96 = FACE_BOUND('',#97,.T.);
#97 = EDGE_LOOP('',(#98,#106,#114,#120));
#98 = ORIENTED_EDGE('',*,*,#99,.T.);
#99 = EDGE_CURVE('',#32,#100,#102,.T.);
#100 = VERTEX_POINT('',#101);
#101 = CARTESIAN_POINT('',(60.543865203857,76.231979370117,
    130.30201721191));
#102 = LINE('',#103,#104);
#103 = CARTESIAN_POINT('',(59.889122009277,77.869438171387,129.94140625)
  );
#104 = VECTOR('',#105,1.);
#105 = DIRECTION('',(0.363746205596,-0.909699299987,0.200339415787));
#106 = ORIENTED_EDGE('',*,*,#107,.F.);
#107 = EDGE_CURVE('',#108,#100,#110,.T.);
#108 = VERTEX_POINT('',#109);
#109 = CARTESIAN_POINT('',(60.867786407471,76.331321716309,
    130.16499328613));
#110 = LINE('',#111,#112);
#111 = CARTESIAN_POINT('',(60.867786407471,76.331321716309,
    130.16499328613));
#112 = VECTOR('',#113,1.);
#113 = DIRECTION('',(-0.886310477269,-0.271819693443,0.374923715094));
#114 = ORIENTED_EDGE('',*,*,#115,.T.);
#115 = EDGE_CURVE('',#108,#22,#116,.T.);
#116 = LINE('',#117,#118);
#117 = CARTESIAN_POINT('',(60.867786407471,76.331321716309,
    130.16499328613));
#118 = VECTOR('',#119,1.);
#119 = DIRECTION('',(-0.363746205596,0.909699299987,-0.200339415787));
#120 = ORIENTED_EDGE('',*,*,#39,.T.);
#121 = PLANE('',#122);
#122 = AXIS2_PLACEMENT_3D('',#123,#124,#125);
#123 = CARTESIAN_POINT('',(60.378454208374,77.100379943848,
    130.05319976806));
#124 = DIRECTION('',(0.286611642591,0.31394000198,0.905149402855));
#125 = DIRECTION('',(1.387778780781E-17,0.944786158509,-0.327687525991)
  );
#126 = ADVANCED_FACE('',(#127),#145,.T.);
#127 = FACE_BOUND('',#128,.T.);
#128 = EDGE_LOOP('',(#129,#137,#138,#139));
#129 = ORIENTED_EDGE('',*,*,#130,.F.);
#130 = EDGE_CURVE('',#55,#131,#133,.T.);
#131 = VERTEX_POINT('',#132);
#132 = CARTESIAN_POINT('',(61.207782745361,76.456977844238,
    130.11825561523));
#133 = LINE('',#134,#135);
#134 = CARTESIAN_POINT('',(60.553039550781,78.094436645508,
    129.75764465332));
#135 = VECTOR('',#136,1.);
#136 = DIRECTION('',(0.363746205596,-0.909699299987,0.200339415787));
#137 = ORIENTED_EDGE('',*,*,#54,.T.);
#138 = ORIENTED_EDGE('',*,*,#115,.F.);
#139 = ORIENTED_EDGE('',*,*,#140,.F.);
#140 = EDGE_CURVE('',#131,#108,#141,.T.);
#141 = LINE('',#142,#143);
#142 = CARTESIAN_POINT('',(61.207782745361,76.456977844238,
    130.11825561523));
#143 = VECTOR('',#144,1.);
#144 = DIRECTION('',(-0.930288236455,-0.343816696311,0.12788227575));
#145 = PLANE('',#146);
#146 = AXIS2_PLACEMENT_3D('',#147,#148,#149);
#147 = CARTESIAN_POINT('',(60.710412979126,77.212879180908,
    129.96131896972));
#148 = DIRECTION('',(4.74543806539E-02,0.232890094372,0.971344576193));
#149 = DIRECTION('',(0.,0.972440121135,-0.233152762812));
#150 = ADVANCED_FACE('',(#151),#168,.T.);
#151 = FACE_BOUND('',#152,.T.);
#152 = EDGE_LOOP('',(#153,#154,#162));
#153 = ORIENTED_EDGE('',*,*,#62,.T.);
#154 = ORIENTED_EDGE('',*,*,#155,.T.);
#155 = EDGE_CURVE('',#55,#156,#158,.T.);
#156 = VERTEX_POINT('',#157);
#157 = CARTESIAN_POINT('',(60.885940551758,78.237838745117,
    129.80438232421));
#158 = LINE('',#159,#160);
#159 = CARTESIAN_POINT('',(60.553039550781,78.094436645508,
    129.75764465332));
#160 = VECTOR('',#161,1.);
#161 = DIRECTION('',(0.910873270724,0.392372324255,0.127882148243));
#162 = ORIENTED_EDGE('',*,*,#163,.F.);
#163 = EDGE_CURVE('',#24,#156,#164,.T.);
#164 = LINE('',#165,#166);
#165 = CARTESIAN_POINT('',(58.637001037598,77.172660827637,
    129.05094909668));
#166 = VECTOR('',#167,1.);
#167 = DIRECTION('',(0.864977084087,0.40968397918,0.289782127135));
#168 = PLANE('',#169);
#169 = AXIS2_PLACEMENT_3D('',#170,#171,#172);
#170 = CARTESIAN_POINT('',(59.757087934012,77.706745992045,
    129.44241374851));
#171 = DIRECTION('',(-0.36373183402,0.909695135475,-0.200384414097));
#172 = DIRECTION('',(0.928528146557,0.371262011322,0.));
#173 = ADVANCED_FACE('',(#174),#191,.T.);
#174 = FACE_BOUND('',#175,.T.);
#175 = EDGE_LOOP('',(#176,#177,#185));
#176 = ORIENTED_EDGE('',*,*,#77,.F.);
#177 = ORIENTED_EDGE('',*,*,#178,.T.);
#178 = EDGE_CURVE('',#24,#179,#181,.T.);
#179 = VERTEX_POINT('',#180);
#180 = CARTESIAN_POINT('',(59.375198364258,77.774513244629,
    130.44345092773));
#181 = LINE('',#182,#183);
#182 = CARTESIAN_POINT('',(58.637001037598,77.172660827637,
    129.05094909668));
#183 = VECTOR('',#184,1.);
#184 = DIRECTION('',(0.43756039744,0.356743072981,0.825394014076));
#185 = ORIENTED_EDGE('',*,*,#186,.T.);
#186 = EDGE_CURVE('',#179,#78,#187,.T.);
#187 = LINE('',#188,#189);
#188 = CARTESIAN_POINT('',(59.375198364258,77.774513244629,
    130.44345092773));
#189 = VECTOR('',#190,1.);
#190 = DIRECTION('',(0.624256412485,7.842868317643E-02,-0.77727271477));
#191 = PLANE('',#192);
#192 = AXIS2_PLACEMENT_3D('',#193,#194,#195);
#193 = CARTESIAN_POINT('',(59.104416443612,77.511409811672,
    129.74043569112));
#194 = DIRECTION('',(-0.363747582571,0.909696742871,-0.200348526783));
#195 = DIRECTION('',(0.928522831297,0.371275304537,-1.387778780781E-17)
  );
#196 = ADVANCED_FACE('',(#197),#207,.T.);
#197 = FACE_BOUND('',#198,.T.);
#198 = EDGE_LOOP('',(#199,#205,#206));
#199 = ORIENTED_EDGE('',*,*,#200,.T.);
#200 = EDGE_CURVE('',#78,#100,#201,.T.);
#201 = LINE('',#202,#203);
#202 = CARTESIAN_POINT('',(59.60334777832,77.803176879883,
    130.15937805175));
#203 = VECTOR('',#204,1.);
#204 = DIRECTION('',(0.512060531764,-0.85543150027,7.765925672066E-02));
#205 = ORIENTED_EDGE('',*,*,#99,.F.);
#206 = ORIENTED_EDGE('',*,*,#85,.F.);
#207 = PLANE('',#208);
#208 = AXIS2_PLACEMENT_3D('',#209,#210,#211);
#209 = CARTESIAN_POINT('',(60.107975553523,77.107243049481,
    130.16521591153));
#210 = DIRECTION('',(0.506234313887,0.373595154582,0.777273105103));
#211 = DIRECTION('',(0.83794731049,-5.551115123126E-17,-0.545751138196)
  );
#212 = ADVANCED_FACE('',(#213),#230,.T.);
#213 = FACE_BOUND('',#214,.T.);
#214 = EDGE_LOOP('',(#215,#223,#229));
#215 = ORIENTED_EDGE('',*,*,#216,.T.);
#216 = EDGE_CURVE('',#100,#217,#219,.T.);
#217 = VERTEX_POINT('',#218);
#218 = CARTESIAN_POINT('',(58.802848815918,75.473777770996,
    130.02029418945));
#219 = LINE('',#220,#221);
#220 = CARTESIAN_POINT('',(60.543865203857,76.231979370117,
    130.30201721191));
#221 = VECTOR('',#222,1.);
#222 = DIRECTION('',(-0.906905387066,-0.3949515464,-0.146751132557));
#223 = ORIENTED_EDGE('',*,*,#224,.F.);
#224 = EDGE_CURVE('',#108,#217,#225,.T.);
#225 = LINE('',#226,#227);
#226 = CARTESIAN_POINT('',(60.867786407471,76.331321716309,
    130.16499328613));
#227 = VECTOR('',#228,1.);
#228 = DIRECTION('',(-0.921600433893,-0.38272966472,-6.458052331917E-02)
  );
#229 = ORIENTED_EDGE('',*,*,#107,.T.);
#230 = PLANE('',#231);
#231 = AXIS2_PLACEMENT_3D('',#232,#233,#234);
#232 = CARTESIAN_POINT('',(59.836913963095,75.912093932378,
    130.13307976697));
#233 = DIRECTION('',(0.363745842852,-0.909695579907,0.200356965702));
#234 = DIRECTION('',(-0.928523279829,-0.371274182803,0.));
#235 = ADVANCED_FACE('',(#236),#253,.T.);
#236 = FACE_BOUND('',#237,.T.);
#237 = EDGE_LOOP('',(#238,#246,#252));
#238 = ORIENTED_EDGE('',*,*,#239,.F.);
#239 = EDGE_CURVE('',#240,#131,#242,.T.);
#240 = VERTEX_POINT('',#241);
#241 = CARTESIAN_POINT('',(61.540679931641,76.600379943848,
    130.16499328613));
#242 = LINE('',#243,#244);
#243 = CARTESIAN_POINT('',(61.540679931641,76.600379943848,
    130.16499328613));
#244 = VECTOR('',#245,1.);
#245 = DIRECTION('',(-0.910871493063,-0.39237605472,-0.127883364078));
#246 = ORIENTED_EDGE('',*,*,#247,.F.);
#247 = EDGE_CURVE('',#55,#240,#248,.T.);
#248 = LINE('',#249,#250);
#249 = CARTESIAN_POINT('',(60.553039550781,78.094436645508,
    129.75764465332));
#250 = VECTOR('',#251,1.);
#251 = DIRECTION('',(0.537717109804,-0.813433580754,0.221779438917));
#252 = ORIENTED_EDGE('',*,*,#130,.T.);
#253 = PLANE('',#254);
#254 = AXIS2_PLACEMENT_3D('',#255,#256,#257);
#255 = CARTESIAN_POINT('',(61.001893812233,77.240396191116,
    129.96727382823));
#256 = DIRECTION('',(-0.194943796353,0.135966374335,0.97134446069));
#257 = DIRECTION('',(0.980449451046,0.,0.196771120704));
#258 = ADVANCED_FACE('',(#259),#276,.T.);
#259 = FACE_BOUND('',#260,.T.);
#260 = EDGE_LOOP('',(#261,#269,#275));
#261 = ORIENTED_EDGE('',*,*,#262,.T.);
#262 = EDGE_CURVE('',#108,#263,#265,.T.);
#263 = VERTEX_POINT('',#264);
#264 = CARTESIAN_POINT('',(63.231136322021,77.110382080078,
    129.41157531738));
#265 = LINE('',#266,#267);
#266 = CARTESIAN_POINT('',(60.867786407471,76.331321716309,
    130.16499328613));
#267 = VECTOR('',#268,1.);
#268 = DIRECTION('',(0.908980971367,0.299638678916,-0.289776216744));
#269 = ORIENTED_EDGE('',*,*,#270,.F.);
#270 = EDGE_CURVE('',#131,#263,#271,.T.);
#271 = LINE('',#272,#273);
#272 = CARTESIAN_POINT('',(61.207782745361,76.456977844238,
    130.11825561523));
#273 = VECTOR('',#274,1.);
#274 = DIRECTION('',(0.903040468338,0.291620048,-0.315397622293));
#275 = ORIENTED_EDGE('',*,*,#140,.T.);
#276 = PLANE('',#277);
#277 = AXIS2_PLACEMENT_3D('',#278,#279,#280);
#278 = CARTESIAN_POINT('',(62.051604313665,76.724956995924,
    129.80303177786));
#279 = DIRECTION('',(0.363748272237,-0.909692754606,0.200365382893));
#280 = DIRECTION('',(-0.928522027477,-0.371277314806,0.));
#281 = ADVANCED_FACE('',(#282),#292,.T.);
#282 = FACE_BOUND('',#283,.T.);
#283 = EDGE_LOOP('',(#284,#285,#291));
#284 = ORIENTED_EDGE('',*,*,#247,.T.);
#285 = ORIENTED_EDGE('',*,*,#286,.T.);
#286 = EDGE_CURVE('',#240,#156,#287,.T.);
#287 = LINE('',#288,#289);
#288 = CARTESIAN_POINT('',(61.540679931641,76.600379943848,
    130.16499328613));
#289 = VECTOR('',#290,1.);
#290 = DIRECTION('',(-0.363744366721,0.909700001254,-0.200339570224));
#291 = ORIENTED_EDGE('',*,*,#155,.F.);
#292 = PLANE('',#293);
#293 = AXIS2_PLACEMENT_3D('',#294,#295,#296);
#294 = CARTESIAN_POINT('',(61.091826336818,77.454421028393,
    129.95536394967));
#295 = DIRECTION('',(-0.194942093228,0.135967548558,0.971344638132));
#296 = DIRECTION('',(0.980449789634,-3.469446951954E-18,0.196769433621)
  );
#297 = ADVANCED_FACE('',(#298),#315,.T.);
#298 = FACE_BOUND('',#299,.T.);
#299 = EDGE_LOOP('',(#300,#301,#309));
#300 = ORIENTED_EDGE('',*,*,#163,.T.);
#301 = ORIENTED_EDGE('',*,*,#302,.T.);
#302 = EDGE_CURVE('',#156,#303,#305,.T.);
#303 = VERTEX_POINT('',#304);
#304 = CARTESIAN_POINT('',(63.197315216064,79.28630065918,
    130.36854553222));
#305 = LINE('',#306,#307);
#306 = CARTESIAN_POINT('',(60.885940551758,78.237838745117,
    129.80438232421));
#307 = VECTOR('',#308,1.);
#308 = DIRECTION('',(0.888989903766,0.403254422781,0.216985763381));
#309 = ORIENTED_EDGE('',*,*,#310,.F.);
#310 = EDGE_CURVE('',#24,#303,#311,.T.);
#311 = LINE('',#312,#313);
#312 = CARTESIAN_POINT('',(58.637001037598,77.172660827637,
    129.05094909668));
#313 = VECTOR('',#314,1.);
#314 = DIRECTION('',(0.877632887294,0.406770181935,0.253571556424));
#315 = PLANE('',#316);
#316 = AXIS2_PLACEMENT_3D('',#317,#318,#319);
#317 = CARTESIAN_POINT('',(60.909351072117,78.2315711226,129.73341488879
    ));
#318 = DIRECTION('',(-0.363750244319,0.909698751558,-0.200334573083));
#319 = DIRECTION('',(0.928522177322,0.371276940061,6.938893903907E-17));
#320 = ADVANCED_FACE('',(#321),#338,.T.);
#321 = FACE_BOUND('',#322,.T.);
#322 = EDGE_LOOP('',(#323,#324,#332));
#323 = ORIENTED_EDGE('',*,*,#178,.F.);
#324 = ORIENTED_EDGE('',*,*,#325,.T.);
#325 = EDGE_CURVE('',#24,#326,#328,.T.);
#326 = VERTEX_POINT('',#327);
#327 = CARTESIAN_POINT('',(59.220218658447,77.785400390625,
    130.7742614746));
#328 = LINE('',#329,#330);
#329 = CARTESIAN_POINT('',(58.637001037598,77.172660827637,
    129.05094909668));
#330 = VECTOR('',#331,1.);
#331 = DIRECTION('',(0.303800463486,0.319178564874,0.89768052341));
#332 = ORIENTED_EDGE('',*,*,#333,.F.);
#333 = EDGE_CURVE('',#179,#326,#334,.T.);
#334 = LINE('',#335,#336);
#335 = CARTESIAN_POINT('',(59.375198364258,77.774513244629,
    130.44345092773));
#336 = VECTOR('',#337,1.);
#337 = DIRECTION('',(-0.424048688548,2.97889324123E-02,0.905149340853));
#338 = PLANE('',#339);
#339 = AXIS2_PLACEMENT_3D('',#340,#341,#342);
#340 = CARTESIAN_POINT('',(58.995480080749,77.504405805175,
    129.90641540516));
#341 = DIRECTION('',(-0.363747338734,0.909696805902,-0.200348683289));
#342 = DIRECTION('',(0.928522925965,0.371275067783,2.775557561563E-17));
#343 = ADVANCED_FACE('',(#344),#361,.T.);
#344 = FACE_BOUND('',#345,.T.);
#345 = EDGE_LOOP('',(#346,#354,#360));
#346 = ORIENTED_EDGE('',*,*,#347,.T.);
#347 = EDGE_CURVE('',#179,#348,#350,.T.);
#348 = VERTEX_POINT('',#349);
#349 = CARTESIAN_POINT('',(60.2580909729,76.165718078613,130.52000427246
    ));
#350 = LINE('',#351,#352);
#351 = CARTESIAN_POINT('',(59.375198364258,77.774513244629,
    130.44345092773));
#352 = VECTOR('',#353,1.);
#353 = DIRECTION('',(0.480686878924,-0.875901236018,4.167912154618E-02)
  );
#354 = ORIENTED_EDGE('',*,*,#355,.T.);
#355 = EDGE_CURVE('',#348,#78,#356,.T.);
#356 = LINE('',#357,#358);
#357 = CARTESIAN_POINT('',(60.2580909729,76.165718078613,130.52000427246
    ));
#358 = VECTOR('',#359,1.);
#359 = DIRECTION('',(-0.363745587835,0.909697755018,-0.200347552634));
#360 = ORIENTED_EDGE('',*,*,#186,.F.);
#361 = PLANE('',#362);
#362 = AXIS2_PLACEMENT_3D('',#363,#364,#365);
#363 = CARTESIAN_POINT('',(59.838055113868,77.05132621044,
    130.40138051557));
#364 = DIRECTION('',(0.691370248932,0.407797765,0.596412744459));
#365 = DIRECTION('',(-0.653193355598,8.326672684689E-17,0.757191151693)
  );
#366 = ADVANCED_FACE('',(#367),#377,.T.);
#367 = FACE_BOUND('',#368,.T.);
#368 = EDGE_LOOP('',(#369,#375,#376));
#369 = ORIENTED_EDGE('',*,*,#370,.T.);
#370 = EDGE_CURVE('',#348,#100,#371,.T.);
#371 = LINE('',#372,#373);
#372 = CARTESIAN_POINT('',(60.2580909729,76.165718078613,130.52000427246
    ));
#373 = VECTOR('',#374,1.);
#374 = DIRECTION('',(0.781914247451,0.181299229493,-0.596440021309));
#375 = ORIENTED_EDGE('',*,*,#200,.F.);
#376 = ORIENTED_EDGE('',*,*,#355,.F.);
#377 = PLANE('',#378);
#378 = AXIS2_PLACEMENT_3D('',#379,#380,#381);
#379 = CARTESIAN_POINT('',(60.039238168338,76.927911585861,
    130.29618377451));
#380 = DIRECTION('',(0.50625729147,0.37360703201,0.777252430338));
#381 = DIRECTION('',(0.837929343253,-2.775557561563E-17,-0.545778724133)
  );
#382 = ADVANCED_FACE('',(#383),#393,.T.);
#383 = FACE_BOUND('',#384,.T.);
#384 = EDGE_LOOP('',(#385,#391,#392));
#385 = ORIENTED_EDGE('',*,*,#386,.F.);
#386 = EDGE_CURVE('',#217,#348,#387,.T.);
#387 = LINE('',#388,#389);
#388 = CARTESIAN_POINT('',(58.802848815918,75.473777770996,
    130.02029418945));
#389 = VECTOR('',#390,1.);
#390 = DIRECTION('',(0.862583081513,0.410142050863,0.296199131668));
#391 = ORIENTED_EDGE('',*,*,#216,.F.);
#392 = ORIENTED_EDGE('',*,*,#370,.F.);
#393 = PLANE('',#394);
#394 = AXIS2_PLACEMENT_3D('',#395,#396,#397);
#395 = CARTESIAN_POINT('',(59.679617859876,75.870639464118,
    130.23043499417));
#396 = DIRECTION('',(0.363748782223,-0.909697353785,0.200343574762));
#397 = DIRECTION('',(-0.928522495128,-0.371276145263,-1.387778780781E-17
    ));
#398 = ADVANCED_FACE('',(#399),#409,.T.);
#399 = FACE_BOUND('',#400,.T.);
#400 = EDGE_LOOP('',(#401,#402,#408));
#401 = ORIENTED_EDGE('',*,*,#224,.T.);
#402 = ORIENTED_EDGE('',*,*,#403,.T.);
#403 = EDGE_CURVE('',#217,#263,#404,.T.);
#404 = LINE('',#405,#406);
#405 = CARTESIAN_POINT('',(58.802848815918,75.473777770996,
    130.02029418945));
#406 = VECTOR('',#407,1.);
#407 = DIRECTION('',(0.930289045496,0.343815765903,-0.127878891715));
#408 = ORIENTED_EDGE('',*,*,#262,.F.);
#409 = PLANE('',#410);
#410 = AXIS2_PLACEMENT_3D('',#411,#412,#413);
#411 = CARTESIAN_POINT('',(61.020821209573,76.317289043707,
    129.82344365884));
#412 = DIRECTION('',(0.363746075719,-0.909695857009,0.20035528478));
#413 = DIRECTION('',(-0.928523236877,-0.371274290221,0.));
#414 = ADVANCED_FACE('',(#415),#425,.T.);
#415 = FACE_BOUND('',#416,.T.);
#416 = EDGE_LOOP('',(#417,#418,#424));
#417 = ORIENTED_EDGE('',*,*,#270,.T.);
#418 = ORIENTED_EDGE('',*,*,#419,.F.);
#419 = EDGE_CURVE('',#240,#263,#420,.T.);
#420 = LINE('',#421,#422);
#421 = CARTESIAN_POINT('',(61.540679931641,76.600379943848,
    130.16499328613));
#422 = VECTOR('',#423,1.);
#423 = DIRECTION('',(0.880567435682,0.265662738092,-0.392459298279));
#424 = ORIENTED_EDGE('',*,*,#239,.T.);
#425 = PLANE('',#426);
#426 = AXIS2_PLACEMENT_3D('',#427,#428,#429);
#427 = CARTESIAN_POINT('',(62.221808458211,76.793501749803,
    129.80524820534));
#428 = DIRECTION('',(0.363743278288,-0.909699216547,0.200345109535));
#429 = DIRECTION('',(-0.928524693882,-0.371270646364,0.));
#430 = ADVANCED_FACE('',(#431),#456,.T.);
#431 = FACE_BOUND('',#432,.T.);
#432 = EDGE_LOOP('',(#433,#443,#449,#450));
#433 = ORIENTED_EDGE('',*,*,#434,.T.);
#434 = EDGE_CURVE('',#435,#437,#439,.T.);
#435 = VERTEX_POINT('',#436);
#436 = CARTESIAN_POINT('',(61.843795776367,76.751762390137,
    130.30201721191));
#437 = VERTEX_POINT('',#438);
#438 = CARTESIAN_POINT('',(61.189056396484,78.389221191406,129.94140625)
  );
#439 = LINE('',#440,#441);
#440 = CARTESIAN_POINT('',(61.843795776367,76.751762390137,
    130.30201721191));
#441 = VECTOR('',#442,1.);
#442 = DIRECTION('',(-0.363744366721,0.909700001254,-0.200339570224));
#443 = ORIENTED_EDGE('',*,*,#444,.F.);
#444 = EDGE_CURVE('',#156,#437,#445,.T.);
#445 = LINE('',#446,#447);
#446 = CARTESIAN_POINT('',(60.885940551758,78.237838745117,
    129.80438232421));
#447 = VECTOR('',#448,1.);
#448 = DIRECTION('',(0.829376780963,0.414208257938,0.374920890664));
#449 = ORIENTED_EDGE('',*,*,#286,.F.);
#450 = ORIENTED_EDGE('',*,*,#451,.T.);
#451 = EDGE_CURVE('',#240,#435,#452,.T.);
#452 = LINE('',#453,#454);
#453 = CARTESIAN_POINT('',(61.540679931641,76.600379943848,
    130.16499328613));
#454 = VECTOR('',#455,1.);
#455 = DIRECTION('',(0.829376780963,0.414208257938,0.374920890664));
#456 = PLANE('',#457);
#457 = AXIS2_PLACEMENT_3D('',#458,#459,#460);
#458 = CARTESIAN_POINT('',(61.364868164062,77.494800567627,
    130.05319976806));
#459 = DIRECTION('',(-0.424047839119,2.978162590864E-02,0.905149979228)
  );
#460 = DIRECTION('',(0.90555165568,1.734723475977E-18,0.424236017913));
#461 = ADVANCED_FACE('',(#462),#472,.T.);
#462 = FACE_BOUND('',#463,.T.);
#463 = EDGE_LOOP('',(#464,#465,#466));
#464 = ORIENTED_EDGE('',*,*,#302,.F.);
#465 = ORIENTED_EDGE('',*,*,#444,.T.);
#466 = ORIENTED_EDGE('',*,*,#467,.F.);
#467 = EDGE_CURVE('',#303,#437,#468,.T.);
#468 = LINE('',#469,#470);
#469 = CARTESIAN_POINT('',(63.197315216064,79.28630065918,
    130.36854553222));
#470 = VECTOR('',#471,1.);
#471 = DIRECTION('',(-0.89630272539,-0.400374077294,-0.190635837895));
#472 = PLANE('',#473);
#473 = AXIS2_PLACEMENT_3D('',#474,#475,#476);
#474 = CARTESIAN_POINT('',(62.036364372979,78.763157716097,
    130.10095735671));
#475 = DIRECTION('',(-0.363735206341,0.909693389568,-0.200386218701));
#476 = DIRECTION('',(0.928526714321,0.371265593331,-1.387778780781E-17)
  );
#477 = ADVANCED_FACE('',(#478),#495,.T.);
#478 = FACE_BOUND('',#479,.T.);
#479 = EDGE_LOOP('',(#480,#481,#489));
#480 = ORIENTED_EDGE('',*,*,#310,.T.);
#481 = ORIENTED_EDGE('',*,*,#482,.F.);
#482 = EDGE_CURVE('',#483,#303,#485,.T.);
#483 = VERTEX_POINT('',#484);
#484 = CARTESIAN_POINT('',(61.385410308838,78.10408782959,
    128.29023742675));
#485 = LINE('',#486,#487);
#486 = CARTESIAN_POINT('',(61.385410308838,78.10408782959,
    128.29023742675));
#487 = VECTOR('',#488,1.);
#488 = DIRECTION('',(0.603968599409,0.39407113698,0.692769709158));
#489 = ORIENTED_EDGE('',*,*,#490,.T.);
#490 = EDGE_CURVE('',#483,#24,#491,.T.);
#491 = LINE('',#492,#493);
#492 = CARTESIAN_POINT('',(61.385410308838,78.10408782959,
    128.29023742675));
#493 = VECTOR('',#494,1.);
#494 = DIRECTION('',(-0.916136829546,-0.310475804842,0.253570668959));
#495 = PLANE('',#496);
#496 = AXIS2_PLACEMENT_3D('',#497,#498,#499);
#497 = CARTESIAN_POINT('',(61.042625879691,78.195881813535,
    129.32939086168));
#498 = DIRECTION('',(-0.363746141318,0.909697652888,-0.200347011474));
#499 = DIRECTION('',(0.92852346647,0.37127371603,0.));
#500 = ADVANCED_FACE('',(#501),#518,.T.);
#501 = FACE_BOUND('',#502,.T.);
#502 = EDGE_LOOP('',(#503,#504,#512));
#503 = ORIENTED_EDGE('',*,*,#325,.F.);
#504 = ORIENTED_EDGE('',*,*,#505,.T.);
#505 = EDGE_CURVE('',#24,#506,#508,.T.);
#506 = VERTEX_POINT('',#507);
#507 = CARTESIAN_POINT('',(59.148971557617,77.835098266602,
    131.12925720214));
#508 = LINE('',#509,#510);
#509 = CARTESIAN_POINT('',(58.637001037598,77.172660827637,
    129.05094909668));
#510 = VECTOR('',#511,1.);
#511 = DIRECTION('',(0.228496758457,0.29565141266,0.92756642542));
#512 = ORIENTED_EDGE('',*,*,#513,.T.);
#513 = EDGE_CURVE('',#506,#326,#514,.T.);
#514 = LINE('',#515,#516);
#515 = CARTESIAN_POINT('',(59.148971557617,77.835098266602,
    131.12925720214));
#516 = VECTOR('',#517,1.);
#517 = DIRECTION('',(0.194946747467,-0.135983628313,-0.971341453086));
#518 = PLANE('',#519);
#519 = AXIS2_PLACEMENT_3D('',#520,#521,#522);
#520 = CARTESIAN_POINT('',(58.93164501307,77.518079287531,
    130.08439356977));
#521 = DIRECTION('',(-0.363733277498,0.909701047994,-0.200354950323));
#522 = DIRECTION('',(0.928528470474,0.371261201205,-1.387778780781E-17)
  );
#523 = ADVANCED_FACE('',(#524),#541,.T.);
#524 = FACE_BOUND('',#525,.T.);
#525 = EDGE_LOOP('',(#526,#534,#540));
#526 = ORIENTED_EDGE('',*,*,#527,.F.);
#527 = EDGE_CURVE('',#528,#326,#530,.T.);
#528 = VERTEX_POINT('',#529);
#529 = CARTESIAN_POINT('',(60.029937744141,76.137054443359,
    130.80407714843));
#530 = LINE('',#531,#532);
#531 = CARTESIAN_POINT('',(60.029937744141,76.137054443359,
    130.80407714843));
#532 = VECTOR('',#533,1.);
#533 = DIRECTION('',(-0.440848103286,0.897434921877,-1.623301647148E-02)
  );
#534 = ORIENTED_EDGE('',*,*,#535,.F.);
#535 = EDGE_CURVE('',#179,#528,#536,.T.);
#536 = LINE('',#537,#538);
#537 = CARTESIAN_POINT('',(59.375198364258,77.774513244629,
    130.44345092773));
#538 = VECTOR('',#539,1.);
#539 = DIRECTION('',(0.363743748963,-0.909698456281,0.200347707077));
#540 = ORIENTED_EDGE('',*,*,#333,.T.);
#541 = PLANE('',#542);
#542 = AXIS2_PLACEMENT_3D('',#543,#544,#545);
#543 = CARTESIAN_POINT('',(59.630034474485,77.033544411478,
    130.69831198841));
#544 = DIRECTION('',(0.829381102383,0.414199597053,0.374920899406));
#545 = DIRECTION('',(-0.446789878399,0.894638924125,-2.775557561563E-17)
  );
#546 = ADVANCED_FACE('',(#547),#557,.T.);
#547 = FACE_BOUND('',#548,.T.);
#548 = EDGE_LOOP('',(#549,#555,#556));
#549 = ORIENTED_EDGE('',*,*,#550,.F.);
#550 = EDGE_CURVE('',#348,#528,#551,.T.);
#551 = LINE('',#552,#553);
#552 = CARTESIAN_POINT('',(60.2580909729,76.165718078613,130.52000427246
    ));
#553 = VECTOR('',#554,1.);
#554 = DIRECTION('',(-0.624262782577,-7.842817215271E-02,0.777267650235)
  );
#555 = ORIENTED_EDGE('',*,*,#347,.F.);
#556 = ORIENTED_EDGE('',*,*,#535,.T.);
#557 = PLANE('',#558);
#558 = AXIS2_PLACEMENT_3D('',#559,#560,#561);
#559 = CARTESIAN_POINT('',(59.795233430936,76.888904650782,
    130.56207472271));
#560 = DIRECTION('',(0.691366277076,0.407795866148,0.596418646988));
#561 = DIRECTION('',(-0.653199213375,2.775557561563E-17,0.757186098424)
  );
#562 = ADVANCED_FACE('',(#563),#573,.T.);
#563 = FACE_BOUND('',#564,.T.);
#564 = EDGE_LOOP('',(#565,#571,#572));
#565 = ORIENTED_EDGE('',*,*,#566,.T.);
#566 = EDGE_CURVE('',#528,#217,#567,.T.);
#567 = LINE('',#568,#569);
#568 = CARTESIAN_POINT('',(60.029937744141,76.137054443359,
    130.80407714843));
#569 = VECTOR('',#570,1.);
#570 = DIRECTION('',(-0.766930743612,-0.414548008589,-0.489864453781));
#571 = ORIENTED_EDGE('',*,*,#386,.T.);
#572 = ORIENTED_EDGE('',*,*,#550,.T.);
#573 = PLANE('',#574);
#574 = AXIS2_PLACEMENT_3D('',#575,#576,#577);
#575 = CARTESIAN_POINT('',(59.541890240671,75.846653789933,
    130.37158116622));
#576 = DIRECTION('',(0.363745660917,-0.909696776123,0.200351864667));
#577 = DIRECTION('',(-0.928523512151,-0.371273601786,-4.163336342344E-17
    ));
#578 = ADVANCED_FACE('',(#579),#596,.T.);
#579 = FACE_BOUND('',#580,.T.);
#580 = EDGE_LOOP('',(#581,#582,#590));
#581 = ORIENTED_EDGE('',*,*,#403,.F.);
#582 = ORIENTED_EDGE('',*,*,#583,.F.);
#583 = EDGE_CURVE('',#584,#217,#586,.T.);
#584 = VERTEX_POINT('',#585);
#585 = CARTESIAN_POINT('',(61.326797485352,76.159332275391,
    128.55070495605));
#586 = LINE('',#587,#588);
#587 = CARTESIAN_POINT('',(61.326797485352,76.159332275391,
    128.55070495605));
#588 = VECTOR('',#589,1.);
#589 = DIRECTION('',(-0.841316485853,-0.228518239488,0.489863230763));
#590 = ORIENTED_EDGE('',*,*,#591,.T.);
#591 = EDGE_CURVE('',#584,#263,#592,.T.);
#592 = LINE('',#593,#594);
#593 = CARTESIAN_POINT('',(61.326797485352,76.159332275391,
    128.55070495605));
#594 = VECTOR('',#595,1.);
#595 = DIRECTION('',(0.829377803595,0.414201287572,0.374926329133));
#596 = PLANE('',#597);
#597 = AXIS2_PLACEMENT_3D('',#598,#599,#600);
#598 = CARTESIAN_POINT('',(61.021081449062,76.228485325858,
    129.41975291864));
#599 = DIRECTION('',(0.363745677399,-0.90969781221,0.200347130337));
#600 = DIRECTION('',(-0.928523652125,-0.371273251722,0.));
#601 = ADVANCED_FACE('',(#602),#612,.T.);
#602 = FACE_BOUND('',#603,.T.);
#603 = EDGE_LOOP('',(#604,#605,#611));
#604 = ORIENTED_EDGE('',*,*,#419,.T.);
#605 = ORIENTED_EDGE('',*,*,#606,.T.);
#606 = EDGE_CURVE('',#263,#435,#607,.T.);
#607 = LINE('',#608,#609);
#608 = CARTESIAN_POINT('',(63.231136322021,77.110382080078,
    129.41157531738));
#609 = VECTOR('',#610,1.);
#610 = DIRECTION('',(-0.822336775468,-0.212569408693,0.52780344277));
#611 = ORIENTED_EDGE('',*,*,#451,.F.);
#612 = PLANE('',#613);
#613 = AXIS2_PLACEMENT_3D('',#614,#615,#616);
#614 = CARTESIAN_POINT('',(62.386454504851,76.871030294519,
    129.85834514676));
#615 = DIRECTION('',(0.36374797036,-0.909694286839,0.200358974222));
#616 = DIRECTION('',(-0.928522349284,-0.371276510002,0.));
#617 = ADVANCED_FACE('',(#618),#635,.T.);
#618 = FACE_BOUND('',#619,.T.);
#619 = EDGE_LOOP('',(#620,#628,#634));
#620 = ORIENTED_EDGE('',*,*,#621,.F.);
#621 = EDGE_CURVE('',#622,#435,#624,.T.);
#622 = VERTEX_POINT('',#623);
#623 = CARTESIAN_POINT('',(62.096473693848,76.900802612305,
    130.52000427246));
#624 = LINE('',#625,#626);
#625 = CARTESIAN_POINT('',(62.096473693848,76.900802612305,
    130.52000427246));
#626 = VECTOR('',#627,1.);
#627 = DIRECTION('',(-0.691354305393,-0.40779028219,-0.59643634209));
#628 = ORIENTED_EDGE('',*,*,#629,.T.);
#629 = EDGE_CURVE('',#622,#437,#630,.T.);
#630 = LINE('',#631,#632);
#631 = CARTESIAN_POINT('',(62.096473693848,76.900802612305,
    130.52000427246));
#632 = VECTOR('',#633,1.);
#633 = DIRECTION('',(-0.494039964516,0.81036394627,-0.3150155362));
#634 = ORIENTED_EDGE('',*,*,#434,.F.);
#635 = PLANE('',#636);
#636 = AXIS2_PLACEMENT_3D('',#637,#638,#639);
#637 = CARTESIAN_POINT('',(61.615839405314,77.536729872852,
    130.19815081837));
#638 = DIRECTION('',(-0.624274671023,-7.844473512859E-02,0.777256430433)
  );
#639 = DIRECTION('',(0.779658977771,6.938893903907E-18,0.626204342352));
#640 = ADVANCED_FACE('',(#641),#658,.T.);
#641 = FACE_BOUND('',#642,.T.);
#642 = EDGE_LOOP('',(#643,#644,#652));
#643 = ORIENTED_EDGE('',*,*,#467,.T.);
#644 = ORIENTED_EDGE('',*,*,#645,.T.);
#645 = EDGE_CURVE('',#437,#646,#648,.T.);
#646 = VERTEX_POINT('',#647);
#647 = CARTESIAN_POINT('',(61.441730499268,78.538261413574,
    130.15937805175));
#648 = LINE('',#649,#650);
#649 = CARTESIAN_POINT('',(61.189056396484,78.389221191406,129.94140625)
  );
#650 = VECTOR('',#651,1.);
#651 = DIRECTION('',(0.691366072289,0.407803379445,0.596413747159));
#652 = ORIENTED_EDGE('',*,*,#653,.F.);
#653 = EDGE_CURVE('',#303,#646,#654,.T.);
#654 = LINE('',#655,#656);
#655 = CARTESIAN_POINT('',(63.197315216064,79.28630065918,
    130.36854553222));
#656 = VECTOR('',#657,1.);
#657 = DIRECTION('',(-0.914492145532,-0.389657080123,-0.108956301658));
#658 = PLANE('',#659);
#659 = AXIS2_PLACEMENT_3D('',#660,#661,#662);
#660 = CARTESIAN_POINT('',(62.175890894316,78.8391674783,130.19275961347
    ));
#661 = DIRECTION('',(-0.363741644431,0.909696188071,-0.200361826492));
#662 = DIRECTION('',(0.928524842695,0.371270274192,4.163336342344E-17));
#663 = ADVANCED_FACE('',(#664),#681,.T.);
#664 = FACE_BOUND('',#665,.T.);
#665 = EDGE_LOOP('',(#666,#667,#675));
#666 = ORIENTED_EDGE('',*,*,#482,.T.);
#667 = ORIENTED_EDGE('',*,*,#668,.F.);
#668 = EDGE_CURVE('',#669,#303,#671,.T.);
#669 = VERTEX_POINT('',#670);
#670 = CARTESIAN_POINT('',(62.576393127441,78.747840881348,
    129.05094909668));
#671 = LINE('',#672,#673);
#672 = CARTESIAN_POINT('',(62.576393127441,78.747840881348,
    129.05094909668));
#673 = VECTOR('',#674,1.);
#674 = DIRECTION('',(0.399843054061,0.346741412493,0.848466808415));
#675 = ORIENTED_EDGE('',*,*,#676,.T.);
#676 = EDGE_CURVE('',#669,#483,#677,.T.);
#677 = LINE('',#678,#679);
#678 = CARTESIAN_POINT('',(62.576393127441,78.747840881348,
    129.05094909668));
#679 = VECTOR('',#680,1.);
#680 = DIRECTION('',(-0.766934427118,-0.414545340406,-0.48986094481));
#681 = PLANE('',#682);
#682 = AXIS2_PLACEMENT_3D('',#683,#684,#685);
#683 = CARTESIAN_POINT('',(62.363855506039,78.708584078963,
    129.25857444366));
#684 = DIRECTION('',(-0.363744246195,0.909698002932,-0.200348862792));
#685 = DIRECTION('',(0.928524182557,0.371271925154,2.775557561563E-17));
#686 = ADVANCED_FACE('',(#687),#704,.T.);
#687 = FACE_BOUND('',#688,.T.);
#688 = EDGE_LOOP('',(#689,#690,#698));
#689 = ORIENTED_EDGE('',*,*,#490,.F.);
#690 = ORIENTED_EDGE('',*,*,#691,.F.);
#691 = EDGE_CURVE('',#692,#483,#694,.T.);
#692 = VERTEX_POINT('',#693);
#693 = CARTESIAN_POINT('',(59.943492889404,77.527534484863,
    128.29023742675));
#694 = LINE('',#695,#696);
#695 = CARTESIAN_POINT('',(59.943492889404,77.527534484863,
    128.29023742675));
#696 = VECTOR('',#697,1.);
#697 = DIRECTION('',(0.928524118749,0.371272084732,0.));
#698 = ORIENTED_EDGE('',*,*,#699,.F.);
#699 = EDGE_CURVE('',#24,#692,#700,.T.);
#700 = LINE('',#701,#702);
#701 = CARTESIAN_POINT('',(58.637001037598,77.172660827637,
    129.05094909668));
#702 = VECTOR('',#703,1.);
#703 = DIRECTION('',(0.841316883031,0.228521286799,-0.489861127062));
#704 = PLANE('',#705);
#705 = AXIS2_PLACEMENT_3D('',#706,#707,#708);
#706 = CARTESIAN_POINT('',(59.993984113438,77.610184105864,
    128.57385618922));
#707 = DIRECTION('',(-0.363745020912,0.90969948693,-0.200340717882));
#708 = DIRECTION('',(0.928524118749,0.371272084732,-1.387778780781E-17)
  );
#709 = ADVANCED_FACE('',(#710),#735,.T.);
#710 = FACE_BOUND('',#711,.T.);
#711 = EDGE_LOOP('',(#712,#713,#721,#729));
#712 = ORIENTED_EDGE('',*,*,#505,.F.);
#713 = ORIENTED_EDGE('',*,*,#714,.T.);
#714 = EDGE_CURVE('',#24,#715,#717,.T.);
#715 = VERTEX_POINT('',#716);
#716 = CARTESIAN_POINT('',(58.789115640173,77.919291265092,
    132.16490912017));
#717 = LINE('',#718,#719);
#718 = CARTESIAN_POINT('',(58.637001037598,77.172660827637,
    129.05094909668));
#719 = VECTOR('',#720,1.);
#720 = DIRECTION('',(4.7449373643E-02,0.232897736313,0.971342988527));
#721 = ORIENTED_EDGE('',*,*,#722,.F.);
#722 = EDGE_CURVE('',#723,#715,#725,.T.);
#723 = VERTEX_POINT('',#724);
#724 = CARTESIAN_POINT('',(59.023440803766,78.030863377646,
    132.24606432225));
#725 = LINE('',#726,#727);
#726 = CARTESIAN_POINT('',(54.595276927627,75.92242742983,
    130.71243247209));
#727 = VECTOR('',#728,1.);
#728 = DIRECTION('',(-0.861729629178,-0.410305891624,-0.298447853895));
#729 = ORIENTED_EDGE('',*,*,#730,.T.);
#730 = EDGE_CURVE('',#723,#506,#731,.T.);
#731 = LINE('',#732,#733);
#732 = CARTESIAN_POINT('',(58.862865447998,78.281280517578,
    133.6746520996));
#733 = VECTOR('',#734,1.);
#734 = DIRECTION('',(0.110041051569,-0.171608932624,-0.979000174266));
#735 = PLANE('',#736);
#736 = AXIS2_PLACEMENT_3D('',#737,#738,#739);
#737 = CARTESIAN_POINT('',(58.852642857834,77.764604151041,
    131.34719601754));
#738 = DIRECTION('',(-0.363756257887,0.909693626948,-0.200346923958));
#739 = DIRECTION('',(0.928519340253,0.371284035175,1.387778780781E-17));
#740 = ADVANCED_FACE('',(#741),#758,.T.);
#741 = FACE_BOUND('',#742,.T.);
#742 = EDGE_LOOP('',(#743,#751,#757));
#743 = ORIENTED_EDGE('',*,*,#744,.T.);
#744 = EDGE_CURVE('',#506,#745,#747,.T.);
#745 = VERTEX_POINT('',#746);
#746 = CARTESIAN_POINT('',(59.87495803833,76.147941589355,
    131.13487243652));
#747 = LINE('',#748,#749);
#748 = CARTESIAN_POINT('',(59.148971557617,77.835098266602,
    131.12925720214));
#749 = VECTOR('',#750,1.);
#750 = DIRECTION('',(0.395259820574,-0.918564275294,3.05718713848E-03));
#751 = ORIENTED_EDGE('',*,*,#752,.F.);
#752 = EDGE_CURVE('',#326,#745,#753,.T.);
#753 = LINE('',#754,#755);
#754 = CARTESIAN_POINT('',(59.220218658447,77.785400390625,
    130.7742614746));
#755 = VECTOR('',#756,1.);
#756 = DIRECTION('',(0.363744366721,-0.909700001254,0.200339570224));
#757 = ORIENTED_EDGE('',*,*,#513,.F.);
#758 = PLANE('',#759);
#759 = AXIS2_PLACEMENT_3D('',#760,#761,#762);
#760 = CARTESIAN_POINT('',(59.498092102113,77.055108099254,
    131.0357697735));
#761 = DIRECTION('',(0.910872222875,0.392375529383,0.127879777668));
#762 = DIRECTION('',(-0.395623728166,0.918412688127,6.938893903907E-18)
  );
#763 = ADVANCED_FACE('',(#764),#774,.T.);
#764 = FACE_BOUND('',#765,.T.);
#765 = EDGE_LOOP('',(#766,#772,#773));
#766 = ORIENTED_EDGE('',*,*,#767,.F.);
#767 = EDGE_CURVE('',#528,#745,#768,.T.);
#768 = LINE('',#769,#770);
#769 = CARTESIAN_POINT('',(60.029937744141,76.137054443359,
    130.80407714843));
#770 = VECTOR('',#771,1.);
#771 = DIRECTION('',(-0.424064714045,2.979005818508E-02,0.905141795928)
  );
#772 = ORIENTED_EDGE('',*,*,#527,.T.);
#773 = ORIENTED_EDGE('',*,*,#752,.T.);
#774 = PLANE('',#775);
#775 = AXIS2_PLACEMENT_3D('',#776,#777,#778);
#776 = CARTESIAN_POINT('',(59.620120836661,76.888912938954,
    130.88002214095));
#777 = DIRECTION('',(0.829375620443,0.414197171961,0.374935705094));
#778 = DIRECTION('',(-0.446790148314,0.894638789327,-2.775557561563E-17)
  );
#779 = ADVANCED_FACE('',(#780),#790,.T.);
#780 = FACE_BOUND('',#781,.T.);
#781 = EDGE_LOOP('',(#782,#788,#789));
#782 = ORIENTED_EDGE('',*,*,#783,.T.);
#783 = EDGE_CURVE('',#745,#217,#784,.T.);
#784 = LINE('',#785,#786);
#785 = CARTESIAN_POINT('',(59.87495803833,76.147941589355,
    131.13487243652));
#786 = VECTOR('',#787,1.);
#787 = DIRECTION('',(-0.635486526349,-0.399606695067,-0.660659794513));
#788 = ORIENTED_EDGE('',*,*,#566,.F.);
#789 = ORIENTED_EDGE('',*,*,#767,.T.);
#790 = PLANE('',#791);
#791 = AXIS2_PLACEMENT_3D('',#792,#793,#794);
#792 = CARTESIAN_POINT('',(59.434237654684,75.841657952129,
    130.54434209079));
#793 = DIRECTION('',(0.363743115749,-0.909696894204,0.200355949301));
#794 = DIRECTION('',(-0.928524424333,-0.371271320489,0.));
#795 = ADVANCED_FACE('',(#796),#813,.T.);
#796 = FACE_BOUND('',#797,.T.);
#797 = EDGE_LOOP('',(#798,#799,#807));
#798 = ORIENTED_EDGE('',*,*,#583,.T.);
#799 = ORIENTED_EDGE('',*,*,#800,.F.);
#800 = EDGE_CURVE('',#801,#217,#803,.T.);
#801 = VERTEX_POINT('',#802);
#802 = CARTESIAN_POINT('',(59.904117584229,75.677192687988,
    128.94448852539));
#803 = LINE('',#804,#805);
#804 = CARTESIAN_POINT('',(59.904117584229,75.677192687988,
    128.94448852539));
#805 = VECTOR('',#806,1.);
#806 = DIRECTION('',(-0.709164743863,-0.130989538301,0.69276771498));
#807 = ORIENTED_EDGE('',*,*,#808,.T.);
#808 = EDGE_CURVE('',#801,#584,#809,.T.);
#809 = LINE('',#810,#811);
#810 = CARTESIAN_POINT('',(59.904117584229,75.677192687988,
    128.94448852539));
#811 = VECTOR('',#812,1.);
#812 = DIRECTION('',(0.91613561042,0.310474088278,-0.253577175289));
#813 = PLANE('',#814);
#814 = AXIS2_PLACEMENT_3D('',#815,#816,#817);
#815 = CARTESIAN_POINT('',(60.023950891417,75.781110715624,
    129.19876896239));
#816 = DIRECTION('',(0.363746743448,-0.909696887739,0.200349392485));
#817 = DIRECTION('',(-0.928523146943,-0.371274515137,0.));
#818 = ADVANCED_FACE('',(#819),#836,.T.);
#819 = FACE_BOUND('',#820,.T.);
#820 = EDGE_LOOP('',(#821,#822,#830));
#821 = ORIENTED_EDGE('',*,*,#591,.F.);
#822 = ORIENTED_EDGE('',*,*,#823,.F.);
#823 = EDGE_CURVE('',#824,#584,#826,.T.);
#824 = VERTEX_POINT('',#825);
#825 = CARTESIAN_POINT('',(62.689685821533,76.791015625,128.94448852539)
  );
#826 = LINE('',#827,#828);
#827 = CARTESIAN_POINT('',(62.689685821533,76.791015625,128.94448852539)
  );
#828 = VECTOR('',#829,1.);
#829 = DIRECTION('',(-0.877630649806,-0.406771893098,-0.253576555514));
#830 = ORIENTED_EDGE('',*,*,#831,.T.);
#831 = EDGE_CURVE('',#824,#263,#832,.T.);
#832 = LINE('',#833,#834);
#833 = CARTESIAN_POINT('',(62.689685821533,76.791015625,128.94448852539)
  );
#834 = VECTOR('',#835,1.);
#835 = DIRECTION('',(0.69136973438,0.407794066158,0.596415870002));
#836 = PLANE('',#837);
#837 = AXIS2_PLACEMENT_3D('',#838,#839,#840);
#838 = CARTESIAN_POINT('',(62.30341827652,76.634722992124,
    128.93613395879));
#839 = DIRECTION('',(0.3637515604,-0.909698225348,0.200334572915));
#840 = DIRECTION('',(-0.928521640191,-0.371278283363,-2.775557561563E-17
    ));
#841 = ADVANCED_FACE('',(#842),#852,.T.);
#842 = FACE_BOUND('',#843,.T.);
#843 = EDGE_LOOP('',(#844,#845,#851));
#844 = ORIENTED_EDGE('',*,*,#606,.F.);
#845 = ORIENTED_EDGE('',*,*,#846,.T.);
#846 = EDGE_CURVE('',#263,#622,#847,.T.);
#847 = LINE('',#848,#849);
#848 = CARTESIAN_POINT('',(63.231136322021,77.110382080078,
    129.41157531738));
#849 = VECTOR('',#850,1.);
#850 = DIRECTION('',(-0.709164477586,-0.130987229231,0.692768424157));
#851 = ORIENTED_EDGE('',*,*,#621,.T.);
#852 = PLANE('',#853);
#853 = AXIS2_PLACEMENT_3D('',#854,#855,#856);
#854 = CARTESIAN_POINT('',(62.536040349635,76.95323024607,129.9599967642
    ));
#855 = DIRECTION('',(0.36374070674,-0.909700208965,0.200345272141));
#856 = DIRECTION('',(-0.928525738352,-0.3712680342,-1.387778780781E-17)
  );
#857 = ADVANCED_FACE('',(#858),#868,.T.);
#858 = FACE_BOUND('',#859,.T.);
#859 = EDGE_LOOP('',(#860,#861,#867));
#860 = ORIENTED_EDGE('',*,*,#629,.F.);
#861 = ORIENTED_EDGE('',*,*,#862,.F.);
#862 = EDGE_CURVE('',#646,#622,#863,.T.);
#863 = LINE('',#864,#865);
#864 = CARTESIAN_POINT('',(61.441730499268,78.538261413574,
    130.15937805175));
#865 = VECTOR('',#866,1.);
#866 = DIRECTION('',(0.363745587835,-0.909697755018,0.200347552634));
#867 = ORIENTED_EDGE('',*,*,#645,.F.);
#868 = PLANE('',#869);
#869 = AXIS2_PLACEMENT_3D('',#870,#871,#872);
#870 = CARTESIAN_POINT('',(61.669690802522,77.753291809695,
    130.26325628522));
#871 = DIRECTION('',(-0.624258655893,-7.842936849707E-02,0.77727084385)
  );
#872 = DIRECTION('',(0.779672490173,-1.387778780781E-17,0.626187518294)
  );
#873 = ADVANCED_FACE('',(#874),#891,.T.);
#874 = FACE_BOUND('',#875,.T.);
#875 = EDGE_LOOP('',(#876,#877,#885));
#876 = ORIENTED_EDGE('',*,*,#653,.T.);
#877 = ORIENTED_EDGE('',*,*,#878,.T.);
#878 = EDGE_CURVE('',#646,#879,#881,.T.);
#879 = VERTEX_POINT('',#880);
#880 = CARTESIAN_POINT('',(61.626747131348,78.6748046875,130.44345092773
    ));
#881 = LINE('',#882,#883);
#882 = CARTESIAN_POINT('',(61.441730499268,78.538261413574,
    130.15937805175));
#883 = VECTOR('',#884,1.);
#884 = DIRECTION('',(0.506234863476,0.373604063901,0.777268464842));
#885 = ORIENTED_EDGE('',*,*,#886,.F.);
#886 = EDGE_CURVE('',#303,#879,#887,.T.);
#887 = LINE('',#888,#889);
#888 = CARTESIAN_POINT('',(63.197315216064,79.28630065918,
    130.36854553222));
#889 = VECTOR('',#890,1.);
#890 = DIRECTION('',(-0.930941440648,-0.362459256855,4.439956311663E-02)
  );
#891 = PLANE('',#892);
#892 = AXIS2_PLACEMENT_3D('',#893,#894,#895);
#893 = CARTESIAN_POINT('',(62.286561024453,78.913145994187,
    130.32773213591));
#894 = DIRECTION('',(-0.363743473073,0.90969767,-0.200351778113));
#895 = DIRECTION('',(0.928524407752,0.371271361955,-1.387778780781E-17)
  );
#896 = ADVANCED_FACE('',(#897),#914,.T.);
#897 = FACE_BOUND('',#898,.T.);
#898 = EDGE_LOOP('',(#899,#900,#908));
#899 = ORIENTED_EDGE('',*,*,#668,.T.);
#900 = ORIENTED_EDGE('',*,*,#901,.F.);
#901 = EDGE_CURVE('',#902,#303,#904,.T.);
#902 = VERTEX_POINT('',#903);
#903 = CARTESIAN_POINT('',(62.972854614258,79.040435791016,
    129.65966796875));
#904 = LINE('',#905,#906);
#905 = CARTESIAN_POINT('',(62.972854614258,79.040435791016,
    129.65966796875));
#906 = VECTOR('',#907,1.);
#907 = DIRECTION('',(0.28660889008,0.313939535077,0.90515043636));
#908 = ORIENTED_EDGE('',*,*,#909,.T.);
#909 = EDGE_CURVE('',#902,#669,#910,.T.);
#910 = LINE('',#911,#912);
#911 = CARTESIAN_POINT('',(62.972854614258,79.040435791016,
    129.65966796875));
#912 = VECTOR('',#913,1.);
#913 = DIRECTION('',(-0.506236130273,-0.373610349891,-0.7772646183));
#914 = PLANE('',#915);
#915 = AXIS2_PLACEMENT_3D('',#916,#917,#918);
#916 = CARTESIAN_POINT('',(62.908446883165,79.022937322531,
    129.69717418572));
#917 = DIRECTION('',(-0.363795984178,0.909683948072,-0.200318737306));
#918 = DIRECTION('',(0.928503998851,0.37132239916,-1.387778780781E-17));
#919 = ADVANCED_FACE('',(#920),#937,.T.);
#920 = FACE_BOUND('',#921,.T.);
#921 = EDGE_LOOP('',(#922,#923,#931));
#922 = ORIENTED_EDGE('',*,*,#676,.F.);
#923 = ORIENTED_EDGE('',*,*,#924,.F.);
#924 = EDGE_CURVE('',#925,#669,#927,.T.);
#925 = VERTEX_POINT('',#926);
#926 = CARTESIAN_POINT('',(62.034942626953,78.42847442627,
    128.58386230468));
#927 = LINE('',#928,#929);
#928 = CARTESIAN_POINT('',(62.034942626953,78.42847442627,
    128.58386230468));
#929 = VECTOR('',#930,1.);
#930 = DIRECTION('',(0.69136973438,0.407794066158,0.596415870002));
#931 = ORIENTED_EDGE('',*,*,#932,.F.);
#932 = EDGE_CURVE('',#483,#925,#933,.T.);
#933 = LINE('',#934,#935);
#934 = CARTESIAN_POINT('',(61.385410308838,78.10408782959,
    128.29023742675));
#935 = VECTOR('',#936,1.);
#936 = DIRECTION('',(0.82937717624,0.414203931137,0.37492479641));
#937 = PLANE('',#938);
#938 = AXIS2_PLACEMENT_3D('',#939,#940,#941);
#939 = CARTESIAN_POINT('',(61.994469932255,78.426594541923,
    128.6488173468));
#940 = DIRECTION('',(-0.363758651859,0.909697334194,-0.200325743124));
#941 = DIRECTION('',(0.928519019493,0.371284837342,2.775557561563E-17));
#942 = ADVANCED_FACE('',(#943),#960,.T.);
#943 = FACE_BOUND('',#944,.T.);
#944 = EDGE_LOOP('',(#945,#946,#954));
#945 = ORIENTED_EDGE('',*,*,#691,.T.);
#946 = ORIENTED_EDGE('',*,*,#947,.F.);
#947 = EDGE_CURVE('',#948,#483,#950,.T.);
#948 = VERTEX_POINT('',#949);
#949 = CARTESIAN_POINT('',(60.672054290771,77.79679107666,
    128.19007873535));
#950 = LINE('',#951,#952);
#951 = CARTESIAN_POINT('',(60.672054290771,77.79679107666,
    128.19007873535));
#952 = VECTOR('',#953,1.);
#953 = DIRECTION('',(0.910868602595,0.392380461977,0.127890429138));
#954 = ORIENTED_EDGE('',*,*,#955,.F.);
#955 = EDGE_CURVE('',#692,#948,#956,.T.);
#956 = LINE('',#957,#958);
#957 = CARTESIAN_POINT('',(59.943492889404,77.527534484863,
    128.29023742675));
#958 = VECTOR('',#959,1.);
#959 = DIRECTION('',(0.930289539244,0.343809856316,-0.127891187626));
#960 = PLANE('',#961);
#961 = AXIS2_PLACEMENT_3D('',#962,#963,#964);
#962 = CARTESIAN_POINT('',(60.666360975466,77.81103592073,
    128.26509016546));
#963 = DIRECTION('',(-0.363743467738,0.909695602556,-0.2003611748));
#964 = DIRECTION('',(0.928524118749,0.371272084732,0.));
#965 = ADVANCED_FACE('',(#966),#983,.T.);
#966 = FACE_BOUND('',#967,.T.);
#967 = EDGE_LOOP('',(#968,#969,#977));
#968 = ORIENTED_EDGE('',*,*,#699,.T.);
#969 = ORIENTED_EDGE('',*,*,#970,.F.);
#970 = EDGE_CURVE('',#971,#692,#973,.T.);
#971 = VERTEX_POINT('',#972);
#972 = CARTESIAN_POINT('',(59.249374389648,77.314651489258,
    128.58386230468));
#973 = LINE('',#974,#975);
#974 = CARTESIAN_POINT('',(59.249374389648,77.314651489258,
    128.58386230468));
#975 = VECTOR('',#976,1.);
#976 = DIRECTION('',(0.886307988319,0.271826640046,-0.374924562549));
#977 = ORIENTED_EDGE('',*,*,#978,.T.);
#978 = EDGE_CURVE('',#971,#24,#979,.T.);
#979 = LINE('',#980,#981);
#980 = CARTESIAN_POINT('',(59.249374389648,77.314651489258,
    128.58386230468));
#981 = VECTOR('',#982,1.);
#982 = DIRECTION('',(-0.781930727516,-0.181305834047,0.596416408147));
#983 = PLANE('',#984);
#984 = AXIS2_PLACEMENT_3D('',#985,#986,#987);
#985 = CARTESIAN_POINT('',(59.279985103915,77.341198095238,
    128.64881727141));
#986 = DIRECTION('',(-0.363754496531,0.909691269576,-0.200360825291));
#987 = DIRECTION('',(0.928519628344,0.371283314706,-1.387778780781E-17)
  );
#988 = ADVANCED_FACE('',(#989),#1014,.T.);
#989 = FACE_BOUND('',#990,.T.);
#990 = EDGE_LOOP('',(#991,#992,#1000,#1008));
#991 = ORIENTED_EDGE('',*,*,#730,.F.);
#992 = ORIENTED_EDGE('',*,*,#993,.F.);
#993 = EDGE_CURVE('',#994,#723,#996,.T.);
#994 = VERTEX_POINT('',#995);
#995 = CARTESIAN_POINT('',(59.059066048899,78.047823828118,
    132.25840277483));
#996 = LINE('',#997,#998);
#997 = CARTESIAN_POINT('',(54.845908006176,76.042025466711,
    130.79921700455));
#998 = VECTOR('',#999,1.);
#999 = DIRECTION('',(-0.861747781895,-0.41026049138,-0.298457852319));
#1000 = ORIENTED_EDGE('',*,*,#1001,.T.);
#1001 = EDGE_CURVE('',#994,#1002,#1004,.T.);
#1002 = VERTEX_POINT('',#1003);
#1003 = CARTESIAN_POINT('',(59.166313171387,77.920211791992,
    131.48425292968));
#1004 = LINE('',#1005,#1006);
#1005 = CARTESIAN_POINT('',(58.862865447998,78.281280517578,
    133.6746520996));
#1006 = VECTOR('',#1007,1.);
#1007 = DIRECTION('',(0.135431304832,-0.16114804914,-0.977593815411));
#1008 = ORIENTED_EDGE('',*,*,#1009,.T.);
#1009 = EDGE_CURVE('',#1002,#506,#1010,.T.);
#1010 = LINE('',#1011,#1012);
#1011 = CARTESIAN_POINT('',(59.166313171387,77.920211791992,
    131.48425292968));
#1012 = VECTOR('',#1013,1.);
#1013 = DIRECTION('',(-4.745040317148E-02,-0.232889000344,
    -0.971345032806));
#1014 = PLANE('',#1015);
#1015 = AXIS2_PLACEMENT_3D('',#1016,#1017,#1018);
#1016 = CARTESIAN_POINT('',(59.020301357935,78.063831507527,
    132.40146321116));
#1017 = DIRECTION('',(-0.363708345625,0.909713213897,-0.200344971946));
#1018 = DIRECTION('',(0.92853895423,0.371234980137,1.387778780781E-17));
#1019 = ADVANCED_FACE('',(#1020),#1190,.T.);
#1020 = FACE_BOUND('',#1021,.T.);
#1021 = EDGE_LOOP('',(#1022,#1032,#1040,#1048,#1056,#1064,#1072,#1080,
    #1088,#1096,#1104,#1112,#1120,#1128,#1136,#1142,#1143,#1144,#1152,
    #1160,#1168,#1176,#1184));
#1022 = ORIENTED_EDGE('',*,*,#1023,.F.);
#1023 = EDGE_CURVE('',#1024,#1026,#1028,.T.);
#1024 = VERTEX_POINT('',#1025);
#1025 = CARTESIAN_POINT('',(74.912452697754,83.341415405273,
    137.90385437011));
#1026 = VERTEX_POINT('',#1027);
#1027 = CARTESIAN_POINT('',(74.257705688477,84.978874206543,
    137.54322814941));
#1028 = LINE('',#1029,#1030);
#1029 = CARTESIAN_POINT('',(74.912452697754,83.341415405273,
    137.90385437011));
#1030 = VECTOR('',#1031,1.);
#1031 = DIRECTION('',(-0.363747426702,0.909697053752,-0.200347398191));
#1032 = ORIENTED_EDGE('',*,*,#1033,.F.);
#1033 = EDGE_CURVE('',#1034,#1024,#1036,.T.);
#1034 = VERTEX_POINT('',#1035);
#1035 = CARTESIAN_POINT('',(62.581027511162,78.342706838946,
    133.57309927544));
#1036 = LINE('',#1037,#1038);
#1037 = CARTESIAN_POINT('',(25.913522720337,63.479042053223,
    120.69559478759));
#1038 = VECTOR('',#1039,1.);
#1039 = DIRECTION('',(0.881251030679,0.357226923043,0.309492401166));
#1040 = ORIENTED_EDGE('',*,*,#1041,.T.);
#1041 = EDGE_CURVE('',#1034,#1042,#1044,.T.);
#1042 = VERTEX_POINT('',#1043);
#1043 = CARTESIAN_POINT('',(62.116798475312,79.503702932654,
    133.31740760731));
#1044 = LINE('',#1045,#1046);
#1045 = CARTESIAN_POINT('',(62.289525980013,79.071726596089,
    133.41254380173));
#1046 = VECTOR('',#1047,1.);
#1047 = DIRECTION('',(-0.363746301315,0.909697589583,-0.200347008428));
#1048 = ORIENTED_EDGE('',*,*,#1049,.T.);
#1049 = EDGE_CURVE('',#1042,#1050,#1052,.T.);
#1050 = VERTEX_POINT('',#1051);
#1051 = CARTESIAN_POINT('',(62.088807062717,79.49037491168,
    133.30771318665));
#1052 = LINE('',#1053,#1054);
#1053 = CARTESIAN_POINT('',(56.196473289047,76.684759158737,
    131.26698865674));
#1054 = VECTOR('',#1055,1.);
#1055 = DIRECTION('',(-0.86172832029,-0.41030916493,-0.298447132983));
#1056 = ORIENTED_EDGE('',*,*,#1057,.T.);
#1057 = EDGE_CURVE('',#1050,#1058,#1060,.T.);
#1058 = VERTEX_POINT('',#1059);
#1059 = CARTESIAN_POINT('',(61.750463404169,79.329276647156,
    133.19053255236));
#1060 = LINE('',#1061,#1062);
#1061 = CARTESIAN_POINT('',(56.298488780263,76.733384488554,
    131.30231674453));
#1062 = VECTOR('',#1063,1.);
#1063 = DIRECTION('',(-0.861730868942,-0.410302791158,-0.298448536737));
#1064 = ORIENTED_EDGE('',*,*,#1065,.T.);
#1065 = EDGE_CURVE('',#1058,#1066,#1068,.T.);
#1066 = VERTEX_POINT('',#1067);
#1067 = CARTESIAN_POINT('',(61.184679279693,79.059891699329,
    132.99458062989));
#1068 = LINE('',#1069,#1070);
#1069 = CARTESIAN_POINT('',(55.997080510835,76.589937235704,
    131.19792372879));
#1070 = VECTOR('',#1071,1.);
#1071 = DIRECTION('',(-0.861734122593,-0.410294654115,-0.298450328804));
#1072 = ORIENTED_EDGE('',*,*,#1073,.T.);
#1073 = EDGE_CURVE('',#1066,#1074,#1076,.T.);
#1074 = VERTEX_POINT('',#1075);
#1075 = CARTESIAN_POINT('',(60.583455171451,78.773631572813,
    132.78635461931));
#1076 = LINE('',#1077,#1078);
#1077 = CARTESIAN_POINT('',(55.881598837849,76.534942254692,
    131.15792892378));
#1078 = VECTOR('',#1079,1.);
#1079 = DIRECTION('',(-0.861733518405,-0.410296165141,-0.298449996025));
#1080 = ORIENTED_EDGE('',*,*,#1081,.T.);
#1081 = EDGE_CURVE('',#1074,#1082,#1084,.T.);
#1082 = VERTEX_POINT('',#1083);
#1083 = CARTESIAN_POINT('',(60.378930478701,78.676250772753,
    132.71552024759));
#1084 = LINE('',#1085,#1086);
#1085 = CARTESIAN_POINT('',(55.390383896581,76.301042915101,
    130.9878043507));
#1086 = VECTOR('',#1087,1.);
#1087 = DIRECTION('',(-0.861732529128,-0.41029863923,-0.298449451143));
#1088 = ORIENTED_EDGE('',*,*,#1089,.T.);
#1089 = EDGE_CURVE('',#1082,#1090,#1092,.T.);
#1090 = VERTEX_POINT('',#1091);
#1091 = CARTESIAN_POINT('',(60.323327554996,78.649778874287,
    132.69626275612));
#1092 = LINE('',#1093,#1094);
#1093 = CARTESIAN_POINT('',(55.345328737931,76.279812144696,
    130.97218489573));
#1094 = VECTOR('',#1095,1.);
#1095 = DIRECTION('',(-0.861745263025,-0.410266791497,-0.298456464912));
#1096 = ORIENTED_EDGE('',*,*,#1097,.T.);
#1097 = EDGE_CURVE('',#1090,#1098,#1100,.T.);
#1098 = VERTEX_POINT('',#1099);
#1099 = CARTESIAN_POINT('',(60.166607150163,78.57515945807,
    132.64198474025));
#1100 = LINE('',#1101,#1102);
#1101 = CARTESIAN_POINT('',(55.27836977416,76.247718945663,
    130.94900911167));
#1102 = VECTOR('',#1103,1.);
#1103 = DIRECTION('',(-0.861732937614,-0.410297617649,-0.298449676132));
#1104 = ORIENTED_EDGE('',*,*,#1105,.T.);
#1105 = EDGE_CURVE('',#1098,#1106,#1108,.T.);
#1106 = VERTEX_POINT('',#1107);
#1107 = CARTESIAN_POINT('',(59.916550963221,78.456094837995,
    132.55538147914));
#1108 = LINE('',#1109,#1110);
#1109 = CARTESIAN_POINT('',(55.19993535624,76.210271400655,
    130.92185143951));
#1110 = VECTOR('',#1111,1.);
#1111 = DIRECTION('',(-0.861726963753,-0.41031255736,-0.298446385829));
#1112 = ORIENTED_EDGE('',*,*,#1113,.T.);
#1113 = EDGE_CURVE('',#1106,#1114,#1116,.T.);
#1114 = VERTEX_POINT('',#1115);
#1115 = CARTESIAN_POINT('',(59.623520394205,78.316578606349,
    132.45389394147));
#1116 = LINE('',#1117,#1118);
#1117 = CARTESIAN_POINT('',(55.114303040001,76.169672858462,
    130.8921819071));
#1118 = VECTOR('',#1119,1.);
#1119 = DIRECTION('',(-0.861737536834,-0.410286115233,-0.298452209338));
#1120 = ORIENTED_EDGE('',*,*,#1121,.T.);
#1121 = EDGE_CURVE('',#1114,#1122,#1124,.T.);
#1122 = VERTEX_POINT('',#1123);
#1123 = CARTESIAN_POINT('',(59.357229432185,78.189787559288,
    132.36166774625));
#1124 = LINE('',#1125,#1126);
#1125 = CARTESIAN_POINT('',(55.028606124513,76.128768749816,
    130.86250887435));
#1126 = VECTOR('',#1127,1.);
#1127 = DIRECTION('',(-0.861731078111,-0.410302268055,-0.298448651944));
#1128 = ORIENTED_EDGE('',*,*,#1129,.T.);
#1129 = EDGE_CURVE('',#1122,#1130,#1132,.T.);
#1130 = VERTEX_POINT('',#1131);
#1131 = CARTESIAN_POINT('',(59.165641880491,78.098566601052,
    132.29531397546));
#1132 = LINE('',#1133,#1134);
#1133 = CARTESIAN_POINT('',(54.951522871272,76.09208981932,
    130.83581055605));
#1134 = VECTOR('',#1135,1.);
#1135 = DIRECTION('',(-0.861732607505,-0.410298443218,-0.298449494312));
#1136 = ORIENTED_EDGE('',*,*,#1137,.T.);
#1137 = EDGE_CURVE('',#1130,#994,#1138,.T.);
#1138 = LINE('',#1139,#1140);
#1139 = CARTESIAN_POINT('',(54.889534823098,76.062631002773,
    130.81433800607));
#1140 = VECTOR('',#1141,1.);
#1141 = DIRECTION('',(-0.861736376249,-0.410289017836,-0.298451570096));
#1142 = ORIENTED_EDGE('',*,*,#993,.T.);
#1143 = ORIENTED_EDGE('',*,*,#722,.T.);
#1144 = ORIENTED_EDGE('',*,*,#1145,.T.);
#1145 = EDGE_CURVE('',#715,#1146,#1148,.T.);
#1146 = VERTEX_POINT('',#1147);
#1147 = CARTESIAN_POINT('',(57.730716416547,77.415360526726,
    131.79834631091));
#1148 = LINE('',#1149,#1150);
#1149 = CARTESIAN_POINT('',(54.438287507377,75.847751543105,
    130.65805636803));
#1150 = VECTOR('',#1151,1.);
#1151 = DIRECTION('',(-0.861734513178,-0.410293677289,-0.298450543934));
#1152 = ORIENTED_EDGE('',*,*,#1153,.T.);
#1153 = EDGE_CURVE('',#1146,#1154,#1156,.T.);
#1154 = VERTEX_POINT('',#1155);
#1155 = CARTESIAN_POINT('',(57.70804537107,77.404566145319,
    131.79049449741));
#1156 = LINE('',#1157,#1158);
#1157 = CARTESIAN_POINT('',(54.102121004947,75.687674748611,
    130.54163080247));
#1158 = VECTOR('',#1159,1.);
#1159 = DIRECTION('',(-0.861732966491,-0.41029754543,-0.298449692037));
#1160 = ORIENTED_EDGE('',*,*,#1161,.T.);
#1161 = EDGE_CURVE('',#1154,#1162,#1164,.T.);
#1162 = VERTEX_POINT('',#1163);
#1163 = CARTESIAN_POINT('',(57.695420181489,77.398554890654,
    131.78612193275));
#1164 = LINE('',#1165,#1166);
#1165 = CARTESIAN_POINT('',(54.064518116371,75.66976683277,
    130.52860782117));
#1166 = VECTOR('',#1167,1.);
#1167 = DIRECTION('',(-0.861732646717,-0.410298345154,-0.298449515909));
#1168 = ORIENTED_EDGE('',*,*,#1169,.T.);
#1169 = EDGE_CURVE('',#1162,#1170,#1172,.T.);
#1170 = VERTEX_POINT('',#1171);
#1171 = CARTESIAN_POINT('',(58.051990725883,76.506801042721,
    131.98251677301));
#1172 = LINE('',#1173,#1174);
#1173 = CARTESIAN_POINT('',(57.8681489109,76.966574426978,131.8812588748
    ));
#1174 = VECTOR('',#1175,1.);
#1175 = DIRECTION('',(0.363745548515,-0.909697948013,0.200346747706));
#1176 = ORIENTED_EDGE('',*,*,#1177,.F.);
#1177 = EDGE_CURVE('',#1178,#1170,#1180,.T.);
#1178 = VERTEX_POINT('',#1179);
#1179 = CARTESIAN_POINT('',(25.913522720337,63.479042053223,
    120.69559478759));
#1180 = LINE('',#1181,#1182);
#1181 = CARTESIAN_POINT('',(25.913522720337,63.479042053223,
    120.69559478759));
#1182 = VECTOR('',#1183,1.);
#1183 = DIRECTION('',(0.881251030679,0.357226923043,0.309492401166));
#1184 = ORIENTED_EDGE('',*,*,#1185,.F.);
#1185 = EDGE_CURVE('',#1026,#1178,#1186,.T.);
#1186 = LINE('',#1187,#1188);
#1187 = CARTESIAN_POINT('',(74.257705688477,84.978874206543,
    137.54322814941));
#1188 = VECTOR('',#1189,1.);
#1189 = DIRECTION('',(-0.870643110156,-0.387196133734,-0.303413461731));
#1190 = PLANE('',#1191);
#1191 = AXIS2_PLACEMENT_3D('',#1192,#1193,#1194);
#1192 = CARTESIAN_POINT('',(50.637304883003,73.984144476092,
    129.34533453147));
#1193 = DIRECTION('',(0.35370085125,-6.408565029346E-02,-0.93316061707)
  );
#1194 = DIRECTION('',(-0.935082771372,0.,-0.354429415658));
#1195 = ADVANCED_FACE('',(#1196),#1206,.T.);
#1196 = FACE_BOUND('',#1197,.T.);
#1197 = EDGE_LOOP('',(#1198,#1199,#1205));
#1198 = ORIENTED_EDGE('',*,*,#714,.F.);
#1199 = ORIENTED_EDGE('',*,*,#1200,.F.);
#1200 = EDGE_CURVE('',#1146,#24,#1201,.T.);
#1201 = LINE('',#1202,#1203);
#1202 = CARTESIAN_POINT('',(57.700492858887,77.423454284668,
    131.88996887207));
#1203 = VECTOR('',#1204,1.);
#1204 = DIRECTION('',(0.312169770769,-8.359792020139E-02,-0.946341070627
    ));
#1205 = ORIENTED_EDGE('',*,*,#1145,.F.);
#1206 = PLANE('',#1207);
#1207 = AXIS2_PLACEMENT_3D('',#1208,#1209,#1210);
#1208 = CARTESIAN_POINT('',(58.46963730844,77.627647506815,
    131.4207064631));
#1209 = DIRECTION('',(-0.363742449193,0.909698730414,-0.200348822154));
#1210 = DIRECTION('',(0.928524917218,0.371270087815,0.));
#1211 = ADVANCED_FACE('',(#1212),#1229,.T.);
#1212 = FACE_BOUND('',#1213,.T.);
#1213 = EDGE_LOOP('',(#1214,#1222,#1223));
#1214 = ORIENTED_EDGE('',*,*,#1215,.T.);
#1215 = EDGE_CURVE('',#1216,#745,#1218,.T.);
#1216 = VERTEX_POINT('',#1217);
#1217 = CARTESIAN_POINT('',(59.8037109375,76.197631835938,
    131.48988342285));
#1218 = LINE('',#1219,#1220);
#1219 = CARTESIAN_POINT('',(59.8037109375,76.197631835938,
    131.48988342285));
#1220 = VECTOR('',#1221,1.);
#1221 = DIRECTION('',(0.194939395074,-0.135957624899,-0.971346568677));
#1222 = ORIENTED_EDGE('',*,*,#744,.F.);
#1223 = ORIENTED_EDGE('',*,*,#1224,.F.);
#1224 = EDGE_CURVE('',#1216,#506,#1225,.T.);
#1225 = LINE('',#1226,#1227);
#1226 = CARTESIAN_POINT('',(59.8037109375,76.197631835938,
    131.48988342285));
#1227 = VECTOR('',#1228,1.);
#1228 = DIRECTION('',(-0.363742346444,0.909699187209,-0.200346934579));
#1229 = PLANE('',#1230);
#1230 = AXIS2_PLACEMENT_3D('',#1231,#1232,#1233);
#1231 = CARTESIAN_POINT('',(59.525838449917,76.927927312789,
    131.2283644854));
#1232 = DIRECTION('',(0.910871877553,0.392375390396,0.127882663777));
#1233 = DIRECTION('',(-0.395623736472,0.918412684549,6.938893903907E-18)
  );
#1234 = ADVANCED_FACE('',(#1235),#1245,.T.);
#1235 = FACE_BOUND('',#1236,.T.);
#1236 = EDGE_LOOP('',(#1237,#1243,#1244));
#1237 = ORIENTED_EDGE('',*,*,#1238,.T.);
#1238 = EDGE_CURVE('',#1216,#217,#1239,.T.);
#1239 = LINE('',#1240,#1241);
#1240 = CARTESIAN_POINT('',(59.8037109375,76.197631835938,
    131.48988342285));
#1241 = VECTOR('',#1242,1.);
#1242 = DIRECTION('',(-0.521354331248,-0.377059380919,-0.765516743481));
#1243 = ORIENTED_EDGE('',*,*,#783,.F.);
#1244 = ORIENTED_EDGE('',*,*,#1215,.F.);
#1245 = PLANE('',#1246);
#1246 = AXIS2_PLACEMENT_3D('',#1247,#1248,#1249);
#1247 = CARTESIAN_POINT('',(59.367731014512,75.856167173577,
    130.73097573889));
#1248 = DIRECTION('',(0.363765513867,-0.909693177882,0.200332156769));
#1249 = DIRECTION('',(-0.928516020058,-0.371292338321,
    -1.387778780781E-17));
#1250 = ADVANCED_FACE('',(#1251),#1268,.T.);
#1251 = FACE_BOUND('',#1252,.T.);
#1252 = EDGE_LOOP('',(#1253,#1254,#1262));
#1253 = ORIENTED_EDGE('',*,*,#800,.T.);
#1254 = ORIENTED_EDGE('',*,*,#1255,.F.);
#1255 = EDGE_CURVE('',#1256,#217,#1258,.T.);
#1256 = VERTEX_POINT('',#1257);
#1257 = CARTESIAN_POINT('',(59.291744232178,75.535202026367,
    129.41157531738));
#1258 = LINE('',#1259,#1260);
#1259 = CARTESIAN_POINT('',(59.291744232178,75.535202026367,
    129.41157531738));
#1260 = VECTOR('',#1261,1.);
#1261 = DIRECTION('',(-0.624264651134,-7.843188967434E-02,0.777265774383
    ));
#1262 = ORIENTED_EDGE('',*,*,#1263,.T.);
#1263 = EDGE_CURVE('',#1256,#801,#1264,.T.);
#1264 = LINE('',#1265,#1266);
#1265 = CARTESIAN_POINT('',(59.291744232178,75.535202026367,
    129.41157531738));
#1266 = VECTOR('',#1267,1.);
#1267 = DIRECTION('',(0.781930727516,0.181305834047,-0.596416408147));
#1268 = PLANE('',#1269);
#1269 = AXIS2_PLACEMENT_3D('',#1270,#1271,#1272);
#1270 = CARTESIAN_POINT('',(59.337982275989,75.565371188231,
    129.46461117057));
#1271 = DIRECTION('',(0.363747956996,-0.909696095925,0.200350784474));
#1272 = DIRECTION('',(-0.928522608523,-0.371275861673,0.));
#1273 = ADVANCED_FACE('',(#1274),#1291,.T.);
#1274 = FACE_BOUND('',#1275,.T.);
#1275 = EDGE_LOOP('',(#1276,#1277,#1285));
#1276 = ORIENTED_EDGE('',*,*,#808,.F.);
#1277 = ORIENTED_EDGE('',*,*,#1278,.T.);
#1278 = EDGE_CURVE('',#801,#1279,#1281,.T.);
#1279 = VERTEX_POINT('',#1280);
#1280 = CARTESIAN_POINT('',(60.598236083984,75.890075683594,
    128.65086364746));
#1281 = LINE('',#1282,#1283);
#1282 = CARTESIAN_POINT('',(59.904117584229,75.677192687988,
    128.94448852539));
#1283 = VECTOR('',#1284,1.);
#1284 = DIRECTION('',(0.886307988319,0.271826640046,-0.374924562549));
#1285 = ORIENTED_EDGE('',*,*,#1286,.T.);
#1286 = EDGE_CURVE('',#1279,#584,#1287,.T.);
#1287 = LINE('',#1288,#1289);
#1288 = CARTESIAN_POINT('',(60.598236083984,75.890075683594,
    128.65086364746));
#1289 = VECTOR('',#1290,1.);
#1290 = DIRECTION('',(0.930289539244,0.343809856316,-0.127891187626));
#1291 = PLANE('',#1292);
#1292 = AXIS2_PLACEMENT_3D('',#1293,#1294,#1295);
#1293 = CARTESIAN_POINT('',(60.611133486243,75.911185447907,
    128.72330964117));
#1294 = DIRECTION('',(0.363741435034,-0.909705576595,0.200319575558));
#1295 = DIRECTION('',(-0.928526237271,-0.371266786421,
    -1.387778780781E-17));
#1296 = ADVANCED_FACE('',(#1297),#1314,.T.);
#1297 = FACE_BOUND('',#1298,.T.);
#1298 = EDGE_LOOP('',(#1299,#1300,#1308));
#1299 = ORIENTED_EDGE('',*,*,#823,.T.);
#1300 = ORIENTED_EDGE('',*,*,#1301,.F.);
#1301 = EDGE_CURVE('',#1302,#584,#1304,.T.);
#1302 = VERTEX_POINT('',#1303);
#1303 = CARTESIAN_POINT('',(62.040153503418,76.46662902832,
    128.65086364746));
#1304 = LINE('',#1305,#1306);
#1305 = CARTESIAN_POINT('',(62.040153503418,76.46662902832,
    128.65086364746));
#1306 = VECTOR('',#1307,1.);
#1307 = DIRECTION('',(-0.910868602595,-0.392380461977,-0.127890429138));
#1308 = ORIENTED_EDGE('',*,*,#1309,.T.);
#1309 = EDGE_CURVE('',#1302,#824,#1310,.T.);
#1310 = LINE('',#1311,#1312);
#1311 = CARTESIAN_POINT('',(62.040153503418,76.46662902832,
    128.65086364746));
#1312 = VECTOR('',#1313,1.);
#1313 = DIRECTION('',(0.82937717624,0.414203931137,0.37492479641));
#1314 = PLANE('',#1315);
#1315 = AXIS2_PLACEMENT_3D('',#1316,#1317,#1318);
#1316 = CARTESIAN_POINT('',(62.016253509505,76.473028368733,
    128.72330947663));
#1317 = DIRECTION('',(0.363744528446,-0.909696342387,0.200355890041));
#1318 = DIRECTION('',(-0.928523849609,-0.371272757831,0.));
#1319 = ADVANCED_FACE('',(#1320),#1336,.T.);
#1320 = FACE_BOUND('',#1321,.T.);
#1321 = EDGE_LOOP('',(#1322,#1328,#1329,#1335));
#1322 = ORIENTED_EDGE('',*,*,#1323,.T.);
#1323 = EDGE_CURVE('',#824,#925,#1324,.T.);
#1324 = LINE('',#1325,#1326);
#1325 = CARTESIAN_POINT('',(62.689685821533,76.791015625,128.94448852539
    ));
#1326 = VECTOR('',#1327,1.);
#1327 = DIRECTION('',(-0.363745587835,0.909697755018,-0.200347552634));
#1328 = ORIENTED_EDGE('',*,*,#924,.T.);
#1329 = ORIENTED_EDGE('',*,*,#1330,.T.);
#1330 = EDGE_CURVE('',#669,#263,#1331,.T.);
#1331 = LINE('',#1332,#1333);
#1332 = CARTESIAN_POINT('',(62.576393127441,78.747840881348,
    129.05094909668));
#1333 = VECTOR('',#1334,1.);
#1334 = DIRECTION('',(0.363745587835,-0.909697755018,0.200347552634));
#1335 = ORIENTED_EDGE('',*,*,#831,.F.);
#1336 = PLANE('',#1337);
#1337 = AXIS2_PLACEMENT_3D('',#1338,#1339,#1340);
#1338 = CARTESIAN_POINT('',(62.633039474487,77.769428253174,
    128.99771881103));
#1339 = DIRECTION('',(0.624258721136,7.842940697987E-02,-0.777270787568)
  );
#1340 = DIRECTION('',(-0.779672436085,-1.387778780781E-17,-0.62618758564
    ));
#1341 = ADVANCED_FACE('',(#1342),#1359,.T.);
#1342 = FACE_BOUND('',#1343,.T.);
#1343 = EDGE_LOOP('',(#1344,#1345,#1353));
#1344 = ORIENTED_EDGE('',*,*,#846,.F.);
#1345 = ORIENTED_EDGE('',*,*,#1346,.T.);
#1346 = EDGE_CURVE('',#263,#1347,#1349,.T.);
#1347 = VERTEX_POINT('',#1348);
#1348 = CARTESIAN_POINT('',(62.281490325928,77.037338256836,
    130.80406188964));
#1349 = LINE('',#1350,#1351);
#1350 = CARTESIAN_POINT('',(63.231136322021,77.110382080078,
    129.41157531738));
#1351 = VECTOR('',#1352,1.);
#1352 = DIRECTION('',(-0.562898932482,-4.329643919584E-02,0.825390943834
    ));
#1353 = ORIENTED_EDGE('',*,*,#1354,.T.);
#1354 = EDGE_CURVE('',#1347,#622,#1355,.T.);
#1355 = LINE('',#1356,#1357);
#1356 = CARTESIAN_POINT('',(62.281490325928,77.037338256836,
    130.80406188964));
#1357 = VECTOR('',#1358,1.);
#1358 = DIRECTION('',(-0.506255240308,-0.373598226038,-0.777257999098));
#1359 = PLANE('',#1360);
#1360 = AXIS2_PLACEMENT_3D('',#1361,#1362,#1363);
#1361 = CARTESIAN_POINT('',(62.659024202182,77.033470272613,
    130.10105557636));
#1362 = DIRECTION('',(0.363738745208,-0.909701488781,0.2003430222));
#1363 = DIRECTION('',(-0.928526608605,-0.371265857725,0.));
#1364 = ADVANCED_FACE('',(#1365),#1375,.T.);
#1365 = FACE_BOUND('',#1366,.T.);
#1366 = EDGE_LOOP('',(#1367,#1368,#1374));
#1367 = ORIENTED_EDGE('',*,*,#1354,.F.);
#1368 = ORIENTED_EDGE('',*,*,#1369,.T.);
#1369 = EDGE_CURVE('',#1347,#646,#1370,.T.);
#1370 = LINE('',#1371,#1372);
#1371 = CARTESIAN_POINT('',(62.281490325928,77.037338256836,
    130.80406188964));
#1372 = VECTOR('',#1373,1.);
#1373 = DIRECTION('',(-0.457203263192,0.817170509085,-0.350995064366));
#1374 = ORIENTED_EDGE('',*,*,#862,.T.);
#1375 = PLANE('',#1376);
#1376 = AXIS2_PLACEMENT_3D('',#1377,#1378,#1379);
#1377 = CARTESIAN_POINT('',(61.849898430305,77.682333717328,
    130.43430728801));
#1378 = DIRECTION('',(-0.781919347132,-0.181297169383,0.596433961939));
#1379 = DIRECTION('',(-0.606484404036,1.387778780781E-17,-0.795095382744
    ));
#1380 = ADVANCED_FACE('',(#1381),#1391,.T.);
#1381 = FACE_BOUND('',#1382,.T.);
#1382 = EDGE_LOOP('',(#1383,#1384,#1390));
#1383 = ORIENTED_EDGE('',*,*,#1369,.F.);
#1384 = ORIENTED_EDGE('',*,*,#1385,.F.);
#1385 = EDGE_CURVE('',#879,#1347,#1386,.T.);
#1386 = LINE('',#1387,#1388);
#1387 = CARTESIAN_POINT('',(61.626747131348,78.6748046875,
    130.44345092773));
#1388 = VECTOR('',#1389,1.);
#1389 = DIRECTION('',(0.363744803065,-0.909700030909,0.200338643319));
#1390 = ORIENTED_EDGE('',*,*,#878,.F.);
#1391 = PLANE('',#1392);
#1392 = AXIS2_PLACEMENT_3D('',#1393,#1394,#1395);
#1393 = CARTESIAN_POINT('',(61.873321226962,77.893270602663,
    130.52913603622));
#1394 = DIRECTION('',(-0.781928477835,-0.181308958933,0.596418407632));
#1395 = DIRECTION('',(-0.606469928001,1.387778780781E-17,-0.795106424594
    ));
#1396 = ADVANCED_FACE('',(#1397),#1414,.T.);
#1397 = FACE_BOUND('',#1398,.T.);
#1398 = EDGE_LOOP('',(#1399,#1400,#1408));
#1399 = ORIENTED_EDGE('',*,*,#886,.T.);
#1400 = ORIENTED_EDGE('',*,*,#1401,.T.);
#1401 = EDGE_CURVE('',#879,#1402,#1404,.T.);
#1402 = VERTEX_POINT('',#1403);
#1403 = CARTESIAN_POINT('',(61.731494903564,78.789543151855,
    130.7742614746));
#1404 = LINE('',#1405,#1406);
#1405 = CARTESIAN_POINT('',(61.626747131348,78.6748046875,
    130.44345092773));
#1406 = VECTOR('',#1407,1.);
#1407 = DIRECTION('',(0.286606514981,0.31394263293,0.905150113959));
#1408 = ORIENTED_EDGE('',*,*,#1409,.F.);
#1409 = EDGE_CURVE('',#303,#1402,#1410,.T.);
#1410 = LINE('',#1411,#1412);
#1411 = CARTESIAN_POINT('',(63.197315216064,79.28630065918,
    130.36854553222));
#1412 = VECTOR('',#1413,1.);
#1413 = DIRECTION('',(-0.91613722373,-0.310473282261,0.253572333463));
#1414 = PLANE('',#1415);
#1415 = AXIS2_PLACEMENT_3D('',#1416,#1417,#1418);
#1416 = CARTESIAN_POINT('',(62.361638258063,78.980830389253,
    130.4987520889));
#1417 = DIRECTION('',(-0.36374370622,0.90969913613,-0.200344697733));
#1418 = DIRECTION('',(0.928524531992,0.37127105124,-1.387778780781E-17)
  );
#1419 = ADVANCED_FACE('',(#1420),#1445,.T.);
#1420 = FACE_BOUND('',#1421,.T.);
#1421 = EDGE_LOOP('',(#1422,#1423,#1431,#1439));
#1422 = ORIENTED_EDGE('',*,*,#901,.T.);
#1423 = ORIENTED_EDGE('',*,*,#1424,.T.);
#1424 = EDGE_CURVE('',#303,#1425,#1427,.T.);
#1425 = VERTEX_POINT('',#1426);
#1426 = CARTESIAN_POINT('',(63.852058410645,77.64884185791,
    130.72917175293));
#1427 = LINE('',#1428,#1429);
#1428 = CARTESIAN_POINT('',(63.197315216064,79.28630065918,
    130.36854553222));
#1429 = VECTOR('',#1430,1.);
#1430 = DIRECTION('',(0.363745587835,-0.909697755018,0.200347552634));
#1431 = ORIENTED_EDGE('',*,*,#1432,.T.);
#1432 = EDGE_CURVE('',#1425,#1433,#1435,.T.);
#1433 = VERTEX_POINT('',#1434);
#1434 = CARTESIAN_POINT('',(63.627597808838,77.402976989746,
    130.02029418945));
#1435 = LINE('',#1436,#1437);
#1436 = CARTESIAN_POINT('',(63.852058410645,77.64884185791,
    130.72917175293));
#1437 = VECTOR('',#1438,1.);
#1438 = DIRECTION('',(-0.28660889008,-0.313939535077,-0.90515043636));
#1439 = ORIENTED_EDGE('',*,*,#1440,.F.);
#1440 = EDGE_CURVE('',#902,#1433,#1441,.T.);
#1441 = LINE('',#1442,#1443);
#1442 = CARTESIAN_POINT('',(62.972854614258,79.040435791016,
    129.65966796875));
#1443 = VECTOR('',#1444,1.);
#1444 = DIRECTION('',(0.363745587835,-0.909697755018,0.200347552634));
#1445 = PLANE('',#1446);
#1446 = AXIS2_PLACEMENT_3D('',#1447,#1448,#1449);
#1447 = CARTESIAN_POINT('',(63.412456512451,78.344638824463,
    130.19441986084));
#1448 = DIRECTION('',(0.886310337461,0.271823087869,-0.374921584615));
#1449 = DIRECTION('',(0.389590751988,0.,0.920988081337));
#1450 = ADVANCED_FACE('',(#1451),#1462,.T.);
#1451 = FACE_BOUND('',#1452,.T.);
#1452 = EDGE_LOOP('',(#1453,#1459,#1460,#1461));
#1453 = ORIENTED_EDGE('',*,*,#1454,.F.);
#1454 = EDGE_CURVE('',#263,#1433,#1455,.T.);
#1455 = LINE('',#1456,#1457);
#1456 = CARTESIAN_POINT('',(63.231136322021,77.110382080078,
    129.41157531738));
#1457 = VECTOR('',#1458,1.);
#1458 = DIRECTION('',(0.506236130273,0.373610349891,0.7772646183));
#1459 = ORIENTED_EDGE('',*,*,#1330,.F.);
#1460 = ORIENTED_EDGE('',*,*,#909,.F.);
#1461 = ORIENTED_EDGE('',*,*,#1440,.T.);
#1462 = PLANE('',#1463);
#1463 = AXIS2_PLACEMENT_3D('',#1464,#1465,#1466);
#1464 = CARTESIAN_POINT('',(63.10199546814,78.075408935547,
    129.53562164306));
#1465 = DIRECTION('',(0.781927797588,0.181303405737,-0.596420987581));
#1466 = DIRECTION('',(0.606471920062,1.387778780781E-17,0.795104905139)
  );
#1467 = ADVANCED_FACE('',(#1468),#1479,.T.);
#1468 = FACE_BOUND('',#1469,.T.);
#1469 = EDGE_LOOP('',(#1470,#1471,#1472,#1478));
#1470 = ORIENTED_EDGE('',*,*,#1323,.F.);
#1471 = ORIENTED_EDGE('',*,*,#1309,.F.);
#1472 = ORIENTED_EDGE('',*,*,#1473,.F.);
#1473 = EDGE_CURVE('',#483,#1302,#1474,.T.);
#1474 = LINE('',#1475,#1476);
#1475 = CARTESIAN_POINT('',(61.385410308838,78.10408782959,
    128.29023742675));
#1476 = VECTOR('',#1477,1.);
#1477 = DIRECTION('',(0.363745587835,-0.909697755018,0.200347552634));
#1478 = ORIENTED_EDGE('',*,*,#932,.T.);
#1479 = PLANE('',#1480);
#1480 = AXIS2_PLACEMENT_3D('',#1481,#1482,#1483);
#1481 = CARTESIAN_POINT('',(62.037548065186,77.447551727295,
    128.61736297607));
#1482 = DIRECTION('',(0.424052989491,-2.978644700676E-02,-0.905147407707
    ));
#1483 = DIRECTION('',(-0.905549213163,0.,-0.424241231543));
#1484 = ADVANCED_FACE('',(#1485),#1496,.T.);
#1485 = FACE_BOUND('',#1486,.T.);
#1486 = EDGE_LOOP('',(#1487,#1493,#1494,#1495));
#1487 = ORIENTED_EDGE('',*,*,#1488,.F.);
#1488 = EDGE_CURVE('',#948,#584,#1489,.T.);
#1489 = LINE('',#1490,#1491);
#1490 = CARTESIAN_POINT('',(60.672054290771,77.79679107666,
    128.19007873535));
#1491 = VECTOR('',#1492,1.);
#1492 = DIRECTION('',(0.363745587835,-0.909697755018,0.200347552634));
#1493 = ORIENTED_EDGE('',*,*,#947,.T.);
#1494 = ORIENTED_EDGE('',*,*,#1473,.T.);
#1495 = ORIENTED_EDGE('',*,*,#1301,.T.);
#1496 = PLANE('',#1497);
#1497 = AXIS2_PLACEMENT_3D('',#1498,#1499,#1500);
#1498 = CARTESIAN_POINT('',(61.356103897095,77.13171005249,
    128.4204711914));
#1499 = DIRECTION('',(0.194954101534,-0.135970715976,-0.971341784694));
#1500 = DIRECTION('',(-0.980447339652,3.469446951954E-18,-0.196781640835
    ));
#1501 = ADVANCED_FACE('',(#1502),#1513,.T.);
#1502 = FACE_BOUND('',#1503,.T.);
#1503 = EDGE_LOOP('',(#1504,#1505,#1511,#1512));
#1504 = ORIENTED_EDGE('',*,*,#1286,.F.);
#1505 = ORIENTED_EDGE('',*,*,#1506,.T.);
#1506 = EDGE_CURVE('',#1279,#692,#1507,.T.);
#1507 = LINE('',#1508,#1509);
#1508 = CARTESIAN_POINT('',(60.598236083984,75.890075683594,
    128.65086364746));
#1509 = VECTOR('',#1510,1.);
#1510 = DIRECTION('',(-0.363745587835,0.909697755018,-0.200347552634));
#1511 = ORIENTED_EDGE('',*,*,#955,.T.);
#1512 = ORIENTED_EDGE('',*,*,#1488,.T.);
#1513 = PLANE('',#1514);
#1514 = AXIS2_PLACEMENT_3D('',#1515,#1516,#1517);
#1515 = CARTESIAN_POINT('',(60.635145187378,76.843433380127,
    128.4204711914));
#1516 = DIRECTION('',(-4.746086298608E-02,-0.232901087652,-0.97134162366
    ));
#1517 = DIRECTION('',(0.,-0.972437465104,0.233163840383));
#1518 = ADVANCED_FACE('',(#1519),#1530,.T.);
#1519 = FACE_BOUND('',#1520,.T.);
#1520 = EDGE_LOOP('',(#1521,#1522,#1523,#1524));
#1521 = ORIENTED_EDGE('',*,*,#970,.T.);
#1522 = ORIENTED_EDGE('',*,*,#1506,.F.);
#1523 = ORIENTED_EDGE('',*,*,#1278,.F.);
#1524 = ORIENTED_EDGE('',*,*,#1525,.T.);
#1525 = EDGE_CURVE('',#801,#971,#1526,.T.);
#1526 = LINE('',#1527,#1528);
#1527 = CARTESIAN_POINT('',(59.904117584229,75.677192687988,
    128.94448852539));
#1528 = VECTOR('',#1529,1.);
#1529 = DIRECTION('',(-0.363745587835,0.909697755018,-0.200347552634));
#1530 = PLANE('',#1531);
#1531 = AXIS2_PLACEMENT_3D('',#1532,#1533,#1534);
#1532 = CARTESIAN_POINT('',(59.923805236816,76.602363586426,
    128.61736297607));
#1533 = DIRECTION('',(-0.286608230781,-0.313946791742,-0.905148128211));
#1534 = DIRECTION('',(-2.775557561563E-17,-0.9447838215,0.32769426396));
#1535 = ADVANCED_FACE('',(#1536),#1547,.T.);
#1536 = FACE_BOUND('',#1537,.T.);
#1537 = EDGE_LOOP('',(#1538,#1539,#1545,#1546));
#1538 = ORIENTED_EDGE('',*,*,#1263,.F.);
#1539 = ORIENTED_EDGE('',*,*,#1540,.F.);
#1540 = EDGE_CURVE('',#24,#1256,#1541,.T.);
#1541 = LINE('',#1542,#1543);
#1542 = CARTESIAN_POINT('',(58.637001037598,77.172660827637,
    129.05094909668));
#1543 = VECTOR('',#1544,1.);
#1544 = DIRECTION('',(0.363745587835,-0.909697755018,0.200347552634));
#1545 = ORIENTED_EDGE('',*,*,#978,.F.);
#1546 = ORIENTED_EDGE('',*,*,#1525,.F.);
#1547 = PLANE('',#1548);
#1548 = AXIS2_PLACEMENT_3D('',#1549,#1550,#1551);
#1549 = CARTESIAN_POINT('',(59.270559310913,76.424926757813,
    128.99771881103));
#1550 = DIRECTION('',(-0.506234487418,-0.373601744563,-0.777269824584));
#1551 = DIRECTION('',(-0.837946171577,0.,0.545752886881));
#1552 = ADVANCED_FACE('',(#1553),#1563,.T.);
#1553 = FACE_BOUND('',#1554,.T.);
#1554 = EDGE_LOOP('',(#1555,#1561,#1562));
#1555 = ORIENTED_EDGE('',*,*,#1556,.T.);
#1556 = EDGE_CURVE('',#1002,#1216,#1557,.T.);
#1557 = LINE('',#1558,#1559);
#1558 = CARTESIAN_POINT('',(59.166313171387,77.920211791992,
    131.48425292968));
#1559 = VECTOR('',#1560,1.);
#1560 = DIRECTION('',(0.347027930649,-0.937849784402,3.065493001605E-03)
  );
#1561 = ORIENTED_EDGE('',*,*,#1224,.T.);
#1562 = ORIENTED_EDGE('',*,*,#1009,.F.);
#1563 = PLANE('',#1564);
#1564 = AXIS2_PLACEMENT_3D('',#1565,#1566,#1567);
#1565 = CARTESIAN_POINT('',(59.45121804212,77.114545683347,
    131.39077228384));
#1566 = DIRECTION('',(0.930290384181,0.343812778628,-0.127877184647));
#1567 = DIRECTION('',(-0.346658843971,0.93799128242,0.));
#1568 = ADVANCED_FACE('',(#1569),#1587,.T.);
#1569 = FACE_BOUND('',#1570,.T.);
#1570 = EDGE_LOOP('',(#1571,#1572,#1573,#1581));
#1571 = ORIENTED_EDGE('',*,*,#1001,.F.);
#1572 = ORIENTED_EDGE('',*,*,#1137,.F.);
#1573 = ORIENTED_EDGE('',*,*,#1574,.T.);
#1574 = EDGE_CURVE('',#1130,#1575,#1577,.T.);
#1575 = VERTEX_POINT('',#1576);
#1576 = CARTESIAN_POINT('',(59.271060943604,78.034950256348,
    131.81506347656));
#1577 = LINE('',#1578,#1579);
#1578 = CARTESIAN_POINT('',(58.862865447998,78.281280517578,
    133.6746520996));
#1579 = VECTOR('',#1580,1.);
#1580 = DIRECTION('',(0.212631469996,-0.128314903309,-0.968670812792));
#1581 = ORIENTED_EDGE('',*,*,#1582,.F.);
#1582 = EDGE_CURVE('',#1002,#1575,#1583,.T.);
#1583 = LINE('',#1584,#1585);
#1584 = CARTESIAN_POINT('',(59.166313171387,77.920211791992,
    131.48425292968));
#1585 = VECTOR('',#1586,1.);
#1586 = DIRECTION('',(0.286606514981,0.31394263293,0.905150113959));
#1587 = PLANE('',#1588);
#1588 = AXIS2_PLACEMENT_3D('',#1589,#1590,#1591);
#1589 = CARTESIAN_POINT('',(59.053286607971,78.115134666553,
    132.57452885197));
#1590 = DIRECTION('',(-0.36373812432,0.909700848022,-0.200347058938));
#1591 = DIRECTION('',(0.928526736924,0.371265536801,1.387778780781E-17)
  );
#1592 = ADVANCED_FACE('',(#1593),#1610,.T.);
#1593 = FACE_BOUND('',#1594,.T.);
#1594 = EDGE_LOOP('',(#1595,#1603,#1609));
#1595 = ORIENTED_EDGE('',*,*,#1596,.T.);
#1596 = EDGE_CURVE('',#1026,#1597,#1599,.T.);
#1597 = VERTEX_POINT('',#1598);
#1598 = CARTESIAN_POINT('',(99.895278930664,103.5626373291,
    176.8618774414));
#1599 = LINE('',#1600,#1601);
#1600 = CARTESIAN_POINT('',(74.257705688477,84.978874206543,
    137.54322814941));
#1601 = VECTOR('',#1602,1.);
#1602 = DIRECTION('',(0.507839268548,0.368114586427,0.778839475489));
#1603 = ORIENTED_EDGE('',*,*,#1604,.F.);
#1604 = EDGE_CURVE('',#1024,#1597,#1605,.T.);
#1605 = LINE('',#1606,#1607);
#1606 = CARTESIAN_POINT('',(74.912452697754,83.341415405273,
    137.90385437011));
#1607 = VECTOR('',#1608,1.);
#1608 = DIRECTION('',(0.49465929446,0.400379655877,0.771367819891));
#1609 = ORIENTED_EDGE('',*,*,#1023,.T.);
#1610 = PLANE('',#1611);
#1611 = AXIS2_PLACEMENT_3D('',#1612,#1613,#1614);
#1612 = CARTESIAN_POINT('',(87.018601131887,93.69142033495,
    156.95003906033));
#1613 = DIRECTION('',(0.782272349586,0.181559729242,-0.595890959648));
#1614 = DIRECTION('',(0.605962098931,-4.163336342344E-17,0.795493516416)
  );
#1615 = ADVANCED_FACE('',(#1616),#1633,.T.);
#1616 = FACE_BOUND('',#1617,.T.);
#1617 = EDGE_LOOP('',(#1618,#1626,#1632));
#1618 = ORIENTED_EDGE('',*,*,#1619,.T.);
#1619 = EDGE_CURVE('',#1178,#1620,#1622,.T.);
#1620 = VERTEX_POINT('',#1621);
#1621 = CARTESIAN_POINT('',(99.240539550781,105.20009613037,
    176.5012512207));
#1622 = LINE('',#1623,#1624);
#1623 = CARTESIAN_POINT('',(25.913522720337,63.479042053223,
    120.69559478759));
#1624 = VECTOR('',#1625,1.);
#1625 = DIRECTION('',(0.724917614671,0.412458167678,0.551699838549));
#1626 = ORIENTED_EDGE('',*,*,#1627,.T.);
#1627 = EDGE_CURVE('',#1620,#1026,#1628,.T.);
#1628 = LINE('',#1629,#1630);
#1629 = CARTESIAN_POINT('',(99.240539550781,105.20009613037,
    176.5012512207));
#1630 = VECTOR('',#1631,1.);
#1631 = DIRECTION('',(-0.494659408559,-0.400379625959,-0.771367762252));
#1632 = ORIENTED_EDGE('',*,*,#1185,.T.);
#1633 = PLANE('',#1634);
#1634 = AXIS2_PLACEMENT_3D('',#1635,#1636,#1637);
#1635 = CARTESIAN_POINT('',(65.121643562139,84.250344803621,
    145.43136463667));
#1636 = DIRECTION('',(-0.30937529713,0.910542825129,-0.274223793883));
#1637 = DIRECTION('',(0.94683904396,0.321707669837,-1.387778780781E-17)
  );
#1638 = ADVANCED_FACE('',(#1639),#1664,.T.);
#1639 = FACE_BOUND('',#1640,.T.);
#1640 = EDGE_LOOP('',(#1641,#1649,#1650,#1658));
#1641 = ORIENTED_EDGE('',*,*,#1642,.F.);
#1642 = EDGE_CURVE('',#1178,#1643,#1645,.T.);
#1643 = VERTEX_POINT('',#1644);
#1644 = CARTESIAN_POINT('',(26.568264007568,61.841583251953,
    121.0562133789));
#1645 = LINE('',#1646,#1647);
#1646 = CARTESIAN_POINT('',(25.913522720337,63.479042053223,
    120.69559478759));
#1647 = VECTOR('',#1648,1.);
#1648 = DIRECTION('',(0.363744977282,-0.909698878142,0.200343561436));
#1649 = ORIENTED_EDGE('',*,*,#1177,.T.);
#1650 = ORIENTED_EDGE('',*,*,#1651,.T.);
#1651 = EDGE_CURVE('',#1170,#1652,#1654,.T.);
#1652 = VERTEX_POINT('',#1653);
#1653 = CARTESIAN_POINT('',(58.277286534306,75.943353920598,
    132.10660520854));
#1654 = LINE('',#1655,#1656);
#1655 = CARTESIAN_POINT('',(58.025055615607,76.574163638035,
    131.96768145175));
#1656 = VECTOR('',#1657,1.);
#1657 = DIRECTION('',(0.363745400019,-0.909698676866,0.200343707845));
#1658 = ORIENTED_EDGE('',*,*,#1659,.F.);
#1659 = EDGE_CURVE('',#1643,#1652,#1660,.T.);
#1660 = LINE('',#1661,#1662);
#1661 = CARTESIAN_POINT('',(26.568264007568,61.841583251953,
    121.0562133789));
#1662 = VECTOR('',#1663,1.);
#1663 = DIRECTION('',(0.870643098796,0.387196082853,0.303413559259));
#1664 = PLANE('',#1665);
#1665 = AXIS2_PLACEMENT_3D('',#1666,#1667,#1668);
#1666 = CARTESIAN_POINT('',(50.188669883884,72.836313291873,
    129.25411297216));
#1667 = DIRECTION('',(0.353699962252,-6.408300806259E-02,-0.933161135485
    ));
#1668 = DIRECTION('',(-0.935083131868,0.,-0.354428464568));
#1669 = ADVANCED_FACE('',(#1670),#1712,.T.);
#1670 = FACE_BOUND('',#1671,.T.);
#1671 = EDGE_LOOP('',(#1672,#1673,#1681,#1689,#1697,#1705,#1711));
#1672 = ORIENTED_EDGE('',*,*,#1169,.F.);
#1673 = ORIENTED_EDGE('',*,*,#1674,.T.);
#1674 = EDGE_CURVE('',#1162,#1675,#1677,.T.);
#1675 = VERTEX_POINT('',#1676);
#1676 = CARTESIAN_POINT('',(57.663333892822,77.241058349609,
    131.12925720214));
#1677 = LINE('',#1678,#1679);
#1678 = CARTESIAN_POINT('',(57.700492858887,77.423454284668,
    131.88996887207));
#1679 = VECTOR('',#1680,1.);
#1680 = DIRECTION('',(-4.744779704629E-02,-0.232898980389,-0.97134276725
    ));
#1681 = ORIENTED_EDGE('',*,*,#1682,.T.);
#1682 = EDGE_CURVE('',#1675,#1683,#1685,.T.);
#1683 = VERTEX_POINT('',#1684);
#1684 = CARTESIAN_POINT('',(58.318077087402,75.60359954834,
    131.48988342285));
#1685 = LINE('',#1686,#1687);
#1686 = CARTESIAN_POINT('',(57.663333892822,77.241058349609,
    131.12925720214));
#1687 = VECTOR('',#1688,1.);
#1688 = DIRECTION('',(0.363745587835,-0.909697755018,0.200347552634));
#1689 = ORIENTED_EDGE('',*,*,#1690,.F.);
#1690 = EDGE_CURVE('',#1691,#1683,#1693,.T.);
#1691 = VERTEX_POINT('',#1692);
#1692 = CARTESIAN_POINT('',(58.355236053467,75.785995483398,
    132.25059509277));
#1693 = LINE('',#1694,#1695);
#1694 = CARTESIAN_POINT('',(58.355236053467,75.785995483398,
    132.25059509277));
#1695 = VECTOR('',#1696,1.);
#1696 = DIRECTION('',(-4.744779704629E-02,-0.232898980389,-0.97134276725
    ));
#1697 = ORIENTED_EDGE('',*,*,#1698,.F.);
#1698 = EDGE_CURVE('',#1699,#1691,#1701,.T.);
#1699 = VERTEX_POINT('',#1700);
#1700 = CARTESIAN_POINT('',(58.279665431382,75.974991384807,
    132.20897152484));
#1701 = LINE('',#1702,#1703);
#1702 = CARTESIAN_POINT('',(57.700492858887,77.423454284668,
    131.88996887207));
#1703 = VECTOR('',#1704,1.);
#1704 = DIRECTION('',(0.363745587835,-0.909697755018,0.200347552634));
#1705 = ORIENTED_EDGE('',*,*,#1706,.F.);
#1706 = EDGE_CURVE('',#1652,#1699,#1707,.T.);
#1707 = LINE('',#1708,#1709);
#1708 = CARTESIAN_POINT('',(58.443452356907,78.15322895849,
    139.25688645742));
#1709 = VECTOR('',#1710,1.);
#1710 = DIRECTION('',(2.219737534138E-02,0.295207672106,0.955175223118)
  );
#1711 = ORIENTED_EDGE('',*,*,#1651,.F.);
#1712 = PLANE('',#1713);
#1713 = AXIS2_PLACEMENT_3D('',#1714,#1715,#1716);
#1714 = CARTESIAN_POINT('',(58.009284973145,76.513526916504,
    131.68992614746));
#1715 = DIRECTION('',(-0.930289075455,-0.343815595847,0.127879130982));
#1716 = DIRECTION('',(0.346661772228,-0.937990200202,1.387778780781E-17)
  );
#1717 = ADVANCED_FACE('',(#1718),#1736,.T.);
#1718 = FACE_BOUND('',#1719,.T.);
#1719 = EDGE_LOOP('',(#1720,#1721,#1729,#1735));
#1720 = ORIENTED_EDGE('',*,*,#1161,.F.);
#1721 = ORIENTED_EDGE('',*,*,#1722,.T.);
#1722 = EDGE_CURVE('',#1154,#1723,#1725,.T.);
#1723 = VERTEX_POINT('',#1724);
#1724 = CARTESIAN_POINT('',(57.816005706787,77.134567260742,
    130.36854553222));
#1725 = LINE('',#1726,#1727);
#1726 = CARTESIAN_POINT('',(57.700492858887,77.423454284668,
    131.88996887207));
#1727 = VECTOR('',#1728,1.);
#1728 = DIRECTION('',(7.43847906354E-02,-0.186029529897,-0.979724408662)
  );
#1729 = ORIENTED_EDGE('',*,*,#1730,.F.);
#1730 = EDGE_CURVE('',#1675,#1723,#1731,.T.);
#1731 = LINE('',#1732,#1733);
#1732 = CARTESIAN_POINT('',(57.663333892822,77.241058349609,
    131.12925720214));
#1733 = VECTOR('',#1734,1.);
#1734 = DIRECTION('',(0.194944644444,-0.135977079963,-0.971342791875));
#1735 = ORIENTED_EDGE('',*,*,#1674,.F.);
#1736 = PLANE('',#1737);
#1737 = AXIS2_PLACEMENT_3D('',#1738,#1739,#1740);
#1738 = CARTESIAN_POINT('',(57.734418497912,77.269481907245,
    131.12925720456));
#1739 = DIRECTION('',(-0.363747042255,0.909696656133,-0.200349901601));
#1740 = DIRECTION('',(0.928523009215,0.371274859582,0.));
#1741 = ADVANCED_FACE('',(#1742),#1753,.T.);
#1742 = FACE_BOUND('',#1743,.T.);
#1743 = EDGE_LOOP('',(#1744,#1745,#1746,#1752));
#1744 = ORIENTED_EDGE('',*,*,#1153,.F.);
#1745 = ORIENTED_EDGE('',*,*,#1200,.T.);
#1746 = ORIENTED_EDGE('',*,*,#1747,.F.);
#1747 = EDGE_CURVE('',#1723,#24,#1748,.T.);
#1748 = LINE('',#1749,#1750);
#1749 = CARTESIAN_POINT('',(57.816005706787,77.134567260742,
    130.36854553222));
#1750 = VECTOR('',#1751,1.);
#1751 = DIRECTION('',(0.528680166638,2.45303627656E-02,-0.84846658314));
#1752 = ORIENTED_EDGE('',*,*,#1722,.F.);
#1753 = PLANE('',#1754);
#1754 = AXIS2_PLACEMENT_3D('',#1755,#1756,#1757);
#1755 = CARTESIAN_POINT('',(58.07903339017,77.256476509644,
    130.44453838915));
#1756 = DIRECTION('',(-0.36374618525,0.90969699881,-0.200349901601));
#1757 = DIRECTION('',(0.928523358985,0.371273984841,1.387778780781E-17)
  );
#1758 = ADVANCED_FACE('',(#1759),#1777,.T.);
#1759 = FACE_BOUND('',#1760,.T.);
#1760 = EDGE_LOOP('',(#1761,#1762,#1763,#1771));
#1761 = ORIENTED_EDGE('',*,*,#1574,.F.);
#1762 = ORIENTED_EDGE('',*,*,#1129,.F.);
#1763 = ORIENTED_EDGE('',*,*,#1764,.T.);
#1764 = EDGE_CURVE('',#1122,#1765,#1767,.T.);
#1765 = VERTEX_POINT('',#1766);
#1766 = CARTESIAN_POINT('',(59.456077575684,78.171493530273,
    132.09913635253));
#1767 = LINE('',#1768,#1769);
#1768 = CARTESIAN_POINT('',(58.862865447998,78.281280517578,
    133.6746520996));
#1769 = VECTOR('',#1770,1.);
#1770 = DIRECTION('',(0.35162280432,-6.507555485167E-02,-0.933877173746)
  );
#1771 = ORIENTED_EDGE('',*,*,#1772,.T.);
#1772 = EDGE_CURVE('',#1765,#1575,#1773,.T.);
#1773 = LINE('',#1774,#1775);
#1774 = CARTESIAN_POINT('',(59.456077575684,78.171493530273,
    132.09913635253));
#1775 = VECTOR('',#1776,1.);
#1776 = DIRECTION('',(-0.506234863476,-0.373604063901,-0.777268464842));
#1777 = PLANE('',#1778);
#1778 = AXIS2_PLACEMENT_3D('',#1779,#1780,#1781);
#1779 = CARTESIAN_POINT('',(59.133542207895,78.182060528571,
    132.73270326232));
#1780 = DIRECTION('',(-0.363747641093,0.909696703575,-0.200348598957));
#1781 = DIRECTION('',(0.928522805176,0.371275369864,-1.387778780781E-17)
  );
#1782 = ADVANCED_FACE('',(#1783),#1801,.T.);
#1783 = FACE_BOUND('',#1784,.T.);
#1784 = EDGE_LOOP('',(#1785,#1786,#1787,#1795));
#1785 = ORIENTED_EDGE('',*,*,#1764,.F.);
#1786 = ORIENTED_EDGE('',*,*,#1121,.F.);
#1787 = ORIENTED_EDGE('',*,*,#1788,.T.);
#1788 = EDGE_CURVE('',#1114,#1789,#1791,.T.);
#1789 = VERTEX_POINT('',#1790);
#1790 = CARTESIAN_POINT('',(59.708751678467,78.320533752441,
    132.31710815429));
#1791 = LINE('',#1792,#1793);
#1792 = CARTESIAN_POINT('',(58.862865447998,78.281280517578,
    133.6746520996));
#1793 = VECTOR('',#1794,1.);
#1794 = DIRECTION('',(0.528679937485,2.453332021033E-02,-0.848466640417)
  );
#1795 = ORIENTED_EDGE('',*,*,#1796,.T.);
#1796 = EDGE_CURVE('',#1789,#1765,#1797,.T.);
#1797 = LINE('',#1798,#1799);
#1798 = CARTESIAN_POINT('',(59.708751678467,78.320533752441,
    132.31710815429));
#1799 = VECTOR('',#1800,1.);
#1800 = DIRECTION('',(-0.691366072289,-0.407803379445,-0.596413747159));
#1801 = PLANE('',#1802);
#1802 = AXIS2_PLACEMENT_3D('',#1803,#1804,#1805);
#1803 = CARTESIAN_POINT('',(59.257133005392,78.260994446488,
    132.8667180509));
#1804 = DIRECTION('',(-0.363751267849,0.909694979108,-0.200349844334));
#1805 = DIRECTION('',(0.928521286385,0.371279168187,2.775557561563E-17)
  );
#1806 = ADVANCED_FACE('',(#1807),#1825,.T.);
#1807 = FACE_BOUND('',#1808,.T.);
#1808 = EDGE_LOOP('',(#1809,#1810,#1811,#1819));
#1809 = ORIENTED_EDGE('',*,*,#1788,.F.);
#1810 = ORIENTED_EDGE('',*,*,#1113,.F.);
#1811 = ORIENTED_EDGE('',*,*,#1812,.T.);
#1812 = EDGE_CURVE('',#1106,#1813,#1815,.T.);
#1813 = VERTEX_POINT('',#1814);
#1814 = CARTESIAN_POINT('',(60.011867523193,78.471908569336,
    132.45413208007));
#1815 = LINE('',#1816,#1817);
#1816 = CARTESIAN_POINT('',(58.862865447998,78.281280517578,
    133.6746520996));
#1817 = VECTOR('',#1818,1.);
#1818 = DIRECTION('',(0.681062616132,0.112993390039,-0.723454357036));
#1819 = ORIENTED_EDGE('',*,*,#1820,.F.);
#1820 = EDGE_CURVE('',#1789,#1813,#1821,.T.);
#1821 = LINE('',#1822,#1823);
#1822 = CARTESIAN_POINT('',(59.708751678467,78.320533752441,
    132.31710815429));
#1823 = VECTOR('',#1824,1.);
#1824 = DIRECTION('',(0.829383952275,0.414190963934,0.374924132465));
#1825 = PLANE('',#1826);
#1826 = AXIS2_PLACEMENT_3D('',#1827,#1828,#1829);
#1827 = CARTESIAN_POINT('',(59.413295918317,78.345403471614,
    132.96646286888));
#1828 = DIRECTION('',(-0.363737331946,0.909702511749,-0.200340943061));
#1829 = DIRECTION('',(0.928527249801,0.371264254105,1.387778780781E-17)
  );
#1830 = ADVANCED_FACE('',(#1831),#1849,.T.);
#1831 = FACE_BOUND('',#1832,.T.);
#1832 = EDGE_LOOP('',(#1833,#1834,#1835,#1843));
#1833 = ORIENTED_EDGE('',*,*,#1812,.F.);
#1834 = ORIENTED_EDGE('',*,*,#1105,.F.);
#1835 = ORIENTED_EDGE('',*,*,#1836,.T.);
#1836 = EDGE_CURVE('',#1098,#1837,#1839,.T.);
#1837 = VERTEX_POINT('',#1838);
#1838 = CARTESIAN_POINT('',(60.344764709473,78.61531829834,
    132.50086975097));
#1839 = LINE('',#1840,#1841);
#1840 = CARTESIAN_POINT('',(58.862865447998,78.281280517578,
    133.6746520996));
#1841 = VECTOR('',#1842,1.);
#1842 = DIRECTION('',(0.771930206234,0.174002281867,-0.611430259808));
#1843 = ORIENTED_EDGE('',*,*,#1844,.T.);
#1844 = EDGE_CURVE('',#1837,#1813,#1845,.T.);
#1845 = LINE('',#1846,#1847);
#1846 = CARTESIAN_POINT('',(60.344764709473,78.61531829834,
    132.50086975097));
#1847 = VECTOR('',#1848,1.);
#1848 = DIRECTION('',(-0.910864031963,-0.392393716039,-0.127882316564));
#1849 = PLANE('',#1850);
#1850 = AXIS2_PLACEMENT_3D('',#1851,#1852,#1853);
#1851 = CARTESIAN_POINT('',(59.585980070326,78.426615002117,
    133.02168823954));
#1852 = DIRECTION('',(-0.363757658362,0.909689730066,-0.200362074744));
#1853 = DIRECTION('',(0.928518299139,0.371286638816,1.387778780781E-17)
  );
#1854 = ADVANCED_FACE('',(#1855),#1873,.T.);
#1855 = FACE_BOUND('',#1856,.T.);
#1856 = EDGE_LOOP('',(#1857,#1858,#1859,#1867));
#1857 = ORIENTED_EDGE('',*,*,#1836,.F.);
#1858 = ORIENTED_EDGE('',*,*,#1097,.F.);
#1859 = ORIENTED_EDGE('',*,*,#1860,.T.);
#1860 = EDGE_CURVE('',#1090,#1861,#1863,.T.);
#1861 = VERTEX_POINT('',#1862);
#1862 = CARTESIAN_POINT('',(60.684761047363,78.74097442627,
    132.45413208007));
#1863 = LINE('',#1864,#1865);
#1864 = CARTESIAN_POINT('',(58.862865447998,78.281280517578,
    133.6746520996));
#1865 = VECTOR('',#1866,1.);
#1866 = DIRECTION('',(0.813128218856,0.205165482217,-0.544728945997));
#1867 = ORIENTED_EDGE('',*,*,#1868,.F.);
#1868 = EDGE_CURVE('',#1837,#1861,#1869,.T.);
#1869 = LINE('',#1870,#1871);
#1870 = CARTESIAN_POINT('',(60.344764709473,78.61531829834,
    132.50086975097));
#1871 = VECTOR('',#1872,1.);
#1872 = DIRECTION('',(0.930288236455,0.343816696311,-0.12788227575));
#1873 = PLANE('',#1874);
#1874 = AXIS2_PLACEMENT_3D('',#1875,#1876,#1877);
#1875 = CARTESIAN_POINT('',(59.761538532567,78.497964744675,
    133.02691111246));
#1876 = DIRECTION('',(-0.36374737292,0.909697169035,-0.200346972382));
#1877 = DIRECTION('',(0.928522965028,0.371274970091,1.387778780781E-17)
  );
#1878 = ADVANCED_FACE('',(#1879),#1897,.T.);
#1879 = FACE_BOUND('',#1880,.T.);
#1880 = EDGE_LOOP('',(#1881,#1882,#1883,#1891));
#1881 = ORIENTED_EDGE('',*,*,#1860,.F.);
#1882 = ORIENTED_EDGE('',*,*,#1089,.F.);
#1883 = ORIENTED_EDGE('',*,*,#1884,.F.);
#1884 = EDGE_CURVE('',#1885,#1082,#1887,.T.);
#1885 = VERTEX_POINT('',#1886);
#1886 = CARTESIAN_POINT('',(61.008686065674,78.840316772461,
    132.31710815429));
#1887 = LINE('',#1888,#1889);
#1888 = CARTESIAN_POINT('',(61.008686065674,78.840316772461,
    132.31710815429));
#1889 = VECTOR('',#1890,1.);
#1890 = DIRECTION('',(-0.825316036003,-0.215014051995,0.52213254846));
#1891 = ORIENTED_EDGE('',*,*,#1892,.F.);
#1892 = EDGE_CURVE('',#1861,#1885,#1893,.T.);
#1893 = LINE('',#1894,#1895);
#1894 = CARTESIAN_POINT('',(60.684761047363,78.74097442627,
    132.45413208007));
#1895 = VECTOR('',#1896,1.);
#1896 = DIRECTION('',(0.886312715651,0.271817178837,-0.374920246672));
#1897 = PLANE('',#1898);
#1898 = AXIS2_PLACEMENT_3D('',#1899,#1900,#1901);
#1899 = CARTESIAN_POINT('',(59.930020022923,78.555556695599,
    132.98252519889));
#1900 = DIRECTION('',(-0.363727700385,0.909712797898,-0.20031172036));
#1901 = DIRECTION('',(0.928532085831,0.371252159026,-1.387778780781E-17)
  );
#1902 = ADVANCED_FACE('',(#1903),#1913,.T.);
#1903 = FACE_BOUND('',#1904,.T.);
#1904 = EDGE_LOOP('',(#1905,#1906,#1912));
#1905 = ORIENTED_EDGE('',*,*,#1081,.F.);
#1906 = ORIENTED_EDGE('',*,*,#1907,.T.);
#1907 = EDGE_CURVE('',#1074,#1885,#1908,.T.);
#1908 = LINE('',#1909,#1910);
#1909 = CARTESIAN_POINT('',(59.512397766113,78.605667114258,
    133.96827697753));
#1910 = VECTOR('',#1911,1.);
#1911 = DIRECTION('',(0.667806355239,0.104726163433,-0.736930866904));
#1912 = ORIENTED_EDGE('',*,*,#1884,.T.);
#1913 = PLANE('',#1914);
#1914 = AXIS2_PLACEMENT_3D('',#1915,#1916,#1917);
#1915 = CARTESIAN_POINT('',(59.960982675982,78.609080760687,
    133.16934248627));
#1916 = DIRECTION('',(-0.363747456579,0.909696548093,-0.200349639927));
#1917 = DIRECTION('',(0.928522848226,0.371275262202,-2.775557561563E-17)
  );
#1918 = ADVANCED_FACE('',(#1919),#1937,.T.);
#1919 = FACE_BOUND('',#1920,.T.);
#1920 = EDGE_LOOP('',(#1921,#1922,#1930,#1936));
#1921 = ORIENTED_EDGE('',*,*,#1073,.F.);
#1922 = ORIENTED_EDGE('',*,*,#1923,.T.);
#1923 = EDGE_CURVE('',#1066,#1924,#1926,.T.);
#1924 = VERTEX_POINT('',#1925);
#1925 = CARTESIAN_POINT('',(63.081802368164,79.575187683105,
    131.88996887207));
#1926 = LINE('',#1927,#1928);
#1927 = CARTESIAN_POINT('',(59.512397766113,78.605667114258,
    133.96827697753));
#1928 = VECTOR('',#1929,1.);
#1929 = DIRECTION('',(0.841317108575,0.228518291599,-0.489862136956));
#1930 = ORIENTED_EDGE('',*,*,#1931,.T.);
#1931 = EDGE_CURVE('',#1924,#1885,#1932,.T.);
#1932 = LINE('',#1933,#1934);
#1933 = CARTESIAN_POINT('',(63.081802368164,79.575187683105,
    131.88996887207));
#1934 = VECTOR('',#1935,1.);
#1935 = DIRECTION('',(-0.925249955435,-0.327979321038,0.190636001159));
#1936 = ORIENTED_EDGE('',*,*,#1907,.F.);
#1937 = PLANE('',#1938);
#1938 = AXIS2_PLACEMENT_3D('',#1939,#1940,#1941);
#1939 = CARTESIAN_POINT('',(61.223024731374,79.026189823548,
    132.7719351929));
#1940 = DIRECTION('',(-0.363745530901,0.909697739703,-0.200347725538));
#1941 = DIRECTION('',(0.928523693472,0.371273148317,-2.775557561563E-17)
  );
#1942 = ADVANCED_FACE('',(#1943),#1953,.T.);
#1943 = FACE_BOUND('',#1944,.T.);
#1944 = EDGE_LOOP('',(#1945,#1946,#1947));
#1945 = ORIENTED_EDGE('',*,*,#1923,.F.);
#1946 = ORIENTED_EDGE('',*,*,#1065,.F.);
#1947 = ORIENTED_EDGE('',*,*,#1948,.T.);
#1948 = EDGE_CURVE('',#1058,#1924,#1949,.T.);
#1949 = LINE('',#1950,#1951);
#1950 = CARTESIAN_POINT('',(60.954315185547,79.182220458984,
    133.96827697753));
#1951 = VECTOR('',#1952,1.);
#1952 = DIRECTION('',(0.709162806596,0.130989150879,-0.692769771347));
#1953 = PLANE('',#1954);
#1954 = AXIS2_PLACEMENT_3D('',#1955,#1956,#1957);
#1955 = CARTESIAN_POINT('',(61.355194594648,79.154062701433,
    133.11259252636));
#1956 = DIRECTION('',(-0.363744633464,0.909698517951,-0.20034582118));
#1957 = DIRECTION('',(0.928524118749,0.371272084732,0.));
#1958 = ADVANCED_FACE('',(#1959),#1977,.T.);
#1959 = FACE_BOUND('',#1960,.T.);
#1960 = EDGE_LOOP('',(#1961,#1962,#1963,#1971));
#1961 = ORIENTED_EDGE('',*,*,#1948,.F.);
#1962 = ORIENTED_EDGE('',*,*,#1057,.F.);
#1963 = ORIENTED_EDGE('',*,*,#1964,.T.);
#1964 = EDGE_CURVE('',#1050,#1965,#1967,.T.);
#1965 = VERTEX_POINT('',#1966);
#1966 = CARTESIAN_POINT('',(62.260807037354,79.537094116211,
    133.20756530761));
#1967 = LINE('',#1968,#1969);
#1968 = CARTESIAN_POINT('',(60.954315185547,79.182220458984,
    133.96827697753));
#1969 = VECTOR('',#1970,1.);
#1970 = DIRECTION('',(0.841316883031,0.228521286799,-0.489861127062));
#1971 = ORIENTED_EDGE('',*,*,#1972,.F.);
#1972 = EDGE_CURVE('',#1924,#1965,#1973,.T.);
#1973 = LINE('',#1974,#1975);
#1974 = CARTESIAN_POINT('',(63.081802368164,79.575187683105,
    131.88996887207));
#1975 = VECTOR('',#1976,1.);
#1976 = DIRECTION('',(-0.528680166638,-2.45303627656E-02,0.84846658314)
  );
#1977 = PLANE('',#1978);
#1978 = AXIS2_PLACEMENT_3D('',#1979,#1980,#1981);
#1979 = CARTESIAN_POINT('',(62.079797881014,79.418987941256,
    132.99993987765));
#1980 = DIRECTION('',(-0.363750711019,0.909694552493,-0.200352792338));
#1981 = DIRECTION('',(0.928521422294,0.371278828295,4.163336342344E-17)
  );
#1982 = ADVANCED_FACE('',(#1983),#1993,.T.);
#1983 = FACE_BOUND('',#1984,.T.);
#1984 = EDGE_LOOP('',(#1985,#1986,#1987));
#1985 = ORIENTED_EDGE('',*,*,#1964,.F.);
#1986 = ORIENTED_EDGE('',*,*,#1049,.F.);
#1987 = ORIENTED_EDGE('',*,*,#1988,.F.);
#1988 = EDGE_CURVE('',#1965,#1042,#1989,.T.);
#1989 = LINE('',#1990,#1991);
#1990 = CARTESIAN_POINT('',(62.260807037354,79.537094116211,
    133.20756530761));
#1991 = VECTOR('',#1992,1.);
#1992 = DIRECTION('',(-0.781930727516,-0.181305834047,0.596416408147));
#1993 = PLANE('',#1994);
#1994 = AXIS2_PLACEMENT_3D('',#1995,#1996,#1997);
#1995 = CARTESIAN_POINT('',(61.617822971036,79.36855684861,
    133.60969713288));
#1996 = DIRECTION('',(-0.363754496531,0.909691269576,-0.200360825291));
#1997 = DIRECTION('',(0.928519628344,0.371283314706,0.));
#1998 = ADVANCED_FACE('',(#1999),#2041,.T.);
#1999 = FACE_BOUND('',#2000,.T.);
#2000 = EDGE_LOOP('',(#2001,#2009,#2010,#2011,#2019,#2027,#2035));
#2001 = ORIENTED_EDGE('',*,*,#2002,.F.);
#2002 = EDGE_CURVE('',#1965,#2003,#2005,.T.);
#2003 = VERTEX_POINT('',#2004);
#2004 = CARTESIAN_POINT('',(62.915550231934,77.899635314941,
    133.56819152832));
#2005 = LINE('',#2006,#2007);
#2006 = CARTESIAN_POINT('',(62.260807037354,79.537094116211,
    133.20756530761));
#2007 = VECTOR('',#2008,1.);
#2008 = DIRECTION('',(0.363745587835,-0.909697755018,0.200347552634));
#2009 = ORIENTED_EDGE('',*,*,#1988,.T.);
#2010 = ORIENTED_EDGE('',*,*,#1041,.F.);
#2011 = ORIENTED_EDGE('',*,*,#2012,.F.);
#2012 = EDGE_CURVE('',#2013,#1034,#2015,.T.);
#2013 = VERTEX_POINT('',#2014);
#2014 = CARTESIAN_POINT('',(62.745806279849,77.930612929507,
    133.66385580008));
#2015 = LINE('',#2016,#2017);
#2016 = CARTESIAN_POINT('',(62.446424277154,78.679334994183,
    133.49896277217));
#2017 = VECTOR('',#2018,1.);
#2018 = DIRECTION('',(-0.363748995812,0.909696964803,-0.200344953201));
#2019 = ORIENTED_EDGE('',*,*,#2020,.F.);
#2020 = EDGE_CURVE('',#2021,#2013,#2023,.T.);
#2021 = VERTEX_POINT('',#2022);
#2022 = CARTESIAN_POINT('',(62.258462867054,77.869470716506,
    134.01065027439));
#2023 = LINE('',#2024,#2025);
#2024 = CARTESIAN_POINT('',(60.986389753631,77.709876140663,
    134.91585985572));
#2025 = VECTOR('',#2026,1.);
#2026 = DIRECTION('',(0.810542732225,0.101690871528,-0.576783708061));
#2027 = ORIENTED_EDGE('',*,*,#2028,.T.);
#2028 = EDGE_CURVE('',#2021,#2029,#2031,.T.);
#2029 = VERTEX_POINT('',#2030);
#2030 = CARTESIAN_POINT('',(62.303176879883,77.75764465332,
    134.03527832031));
#2031 = LINE('',#2032,#2033);
#2032 = CARTESIAN_POINT('',(61.648433685303,79.39510345459,
    133.6746520996));
#2033 = VECTOR('',#2034,1.);
#2034 = DIRECTION('',(0.363745587835,-0.909697755018,0.200347552634));
#2035 = ORIENTED_EDGE('',*,*,#2036,.T.);
#2036 = EDGE_CURVE('',#2029,#2003,#2037,.T.);
#2037 = LINE('',#2038,#2039);
#2038 = CARTESIAN_POINT('',(62.303176879883,77.75764465332,
    134.03527832031));
#2039 = VECTOR('',#2040,1.);
#2040 = DIRECTION('',(0.781930727516,0.181305834047,-0.596416408147));
#2041 = PLANE('',#2042);
#2042 = AXIS2_PLACEMENT_3D('',#2043,#2044,#2045);
#2043 = CARTESIAN_POINT('',(62.281991958618,78.647369384766,
    133.62142181396));
#2044 = DIRECTION('',(0.506234487418,0.373601744563,0.777269824584));
#2045 = DIRECTION('',(0.837946171577,5.551115123126E-17,-0.545752886881)
  );
#2046 = ADVANCED_FACE('',(#2047),#2057,.T.);
#2047 = FACE_BOUND('',#2048,.T.);
#2048 = EDGE_LOOP('',(#2049,#2050,#2051));
#2049 = ORIENTED_EDGE('',*,*,#2012,.T.);
#2050 = ORIENTED_EDGE('',*,*,#1033,.T.);
#2051 = ORIENTED_EDGE('',*,*,#2052,.F.);
#2052 = EDGE_CURVE('',#2013,#1024,#2053,.T.);
#2053 = LINE('',#2054,#2055);
#2054 = CARTESIAN_POINT('',(26.568264007568,61.841583251953,
    121.0562133789));
#2055 = VECTOR('',#2056,1.);
#2056 = DIRECTION('',(0.870643098796,0.387196082853,0.303413559259));
#2057 = PLANE('',#2058);
#2058 = AXIS2_PLACEMENT_3D('',#2059,#2060,#2061);
#2059 = CARTESIAN_POINT('',(50.188669883884,72.836313291873,
    129.25411297216));
#2060 = DIRECTION('',(0.353699962252,-6.408300806259E-02,-0.933161135485
    ));
#2061 = DIRECTION('',(-0.935083131868,0.,-0.354428464568));
#2062 = ADVANCED_FACE('',(#2063),#2080,.T.);
#2063 = FACE_BOUND('',#2064,.T.);
#2064 = EDGE_LOOP('',(#2065,#2066,#2074));
#2065 = ORIENTED_EDGE('',*,*,#1238,.F.);
#2066 = ORIENTED_EDGE('',*,*,#2067,.T.);
#2067 = EDGE_CURVE('',#1216,#2068,#2070,.T.);
#2068 = VERTEX_POINT('',#2069);
#2069 = CARTESIAN_POINT('',(59.82105255127,76.282752990723,
    131.84487915039));
#2070 = LINE('',#2071,#2072);
#2071 = CARTESIAN_POINT('',(59.8037109375,76.197631835938,
    131.48988342285));
#2072 = VECTOR('',#2073,1.);
#2073 = DIRECTION('',(4.745017247252E-02,0.232908743632,0.971340310227)
  );
#2074 = ORIENTED_EDGE('',*,*,#2075,.T.);
#2075 = EDGE_CURVE('',#2068,#217,#2076,.T.);
#2076 = LINE('',#2077,#2078);
#2077 = CARTESIAN_POINT('',(59.82105255127,76.282752990723,
    131.84487915039));
#2078 = VECTOR('',#2079,1.);
#2079 = DIRECTION('',(-0.454433440036,-0.361052880913,-0.814328598148));
#2080 = PLANE('',#2081);
#2081 = AXIS2_PLACEMENT_3D('',#2082,#2083,#2084);
#2082 = CARTESIAN_POINT('',(59.348683788588,75.889438738165,
    130.91663294057));
#2083 = DIRECTION('',(0.363729573403,-0.909701279335,0.200360624397));
#2084 = DIRECTION('',(-0.928529806343,-0.371257860163,0.));
#2085 = ADVANCED_FACE('',(#2086),#2104,.T.);
#2086 = FACE_BOUND('',#2087,.T.);
#2087 = EDGE_LOOP('',(#2088,#2096,#2097,#2098));
#2088 = ORIENTED_EDGE('',*,*,#2089,.T.);
#2089 = EDGE_CURVE('',#2090,#24,#2092,.T.);
#2090 = VERTEX_POINT('',#2091);
#2091 = CARTESIAN_POINT('',(58.148105621338,77.111236572266,
    129.65966796875));
#2092 = LINE('',#2093,#2094);
#2093 = CARTESIAN_POINT('',(58.148105621338,77.111236572266,
    129.65966796875));
#2094 = VECTOR('',#2095,1.);
#2095 = DIRECTION('',(0.624264651134,7.843188967434E-02,-0.777265774383)
  );
#2096 = ORIENTED_EDGE('',*,*,#1540,.T.);
#2097 = ORIENTED_EDGE('',*,*,#1255,.T.);
#2098 = ORIENTED_EDGE('',*,*,#2099,.T.);
#2099 = EDGE_CURVE('',#217,#2090,#2100,.T.);
#2100 = LINE('',#2101,#2102);
#2101 = CARTESIAN_POINT('',(58.802848815918,75.473777770996,
    130.02029418945));
#2102 = VECTOR('',#2103,1.);
#2103 = DIRECTION('',(-0.363745587835,0.909697755018,-0.200347552634));
#2104 = PLANE('',#2105);
#2105 = AXIS2_PLACEMENT_3D('',#2106,#2107,#2108);
#2106 = CARTESIAN_POINT('',(58.719924926758,76.323219299316,
    129.53562164306));
#2107 = DIRECTION('',(-0.691363292864,-0.407796891058,-0.596421405488));
#2108 = DIRECTION('',(0.653202561957,0.,-0.757183209701));
#2109 = ADVANCED_FACE('',(#2110),#2127,.T.);
#2110 = FACE_BOUND('',#2111,.T.);
#2111 = EDGE_LOOP('',(#2112,#2113,#2121));
#2112 = ORIENTED_EDGE('',*,*,#1346,.F.);
#2113 = ORIENTED_EDGE('',*,*,#2114,.T.);
#2114 = EDGE_CURVE('',#263,#2115,#2117,.T.);
#2115 = VERTEX_POINT('',#2116);
#2116 = CARTESIAN_POINT('',(62.386238098145,77.152084350586,
    131.13487243652));
#2117 = LINE('',#2118,#2119);
#2118 = CARTESIAN_POINT('',(63.231136322021,77.110382080078,
    129.41157531738));
#2119 = VECTOR('',#2120,1.);
#2120 = DIRECTION('',(-0.440114137342,2.172304106113E-02,0.897679038186)
  );
#2121 = ORIENTED_EDGE('',*,*,#2122,.T.);
#2122 = EDGE_CURVE('',#2115,#1347,#2123,.T.);
#2123 = LINE('',#2124,#2125);
#2124 = CARTESIAN_POINT('',(62.386238098145,77.152084350586,
    131.13487243652));
#2125 = VECTOR('',#2126,1.);
#2126 = DIRECTION('',(-0.286604636626,-0.313961450515,-0.905144181805));
#2127 = PLANE('',#2128);
#2128 = AXIS2_PLACEMENT_3D('',#2129,#2130,#2131);
#2129 = CARTESIAN_POINT('',(62.742756200998,77.103505994366,
    130.26703413079));
#2130 = DIRECTION('',(0.363759257901,-0.909690073776,0.200357610199));
#2131 = DIRECTION('',(-0.928517784653,-0.371287925448,1.387778780781E-17
    ));
#2132 = ADVANCED_FACE('',(#2133),#2143,.T.);
#2133 = FACE_BOUND('',#2134,.T.);
#2134 = EDGE_LOOP('',(#2135,#2136,#2142));
#2135 = ORIENTED_EDGE('',*,*,#2122,.F.);
#2136 = ORIENTED_EDGE('',*,*,#2137,.T.);
#2137 = EDGE_CURVE('',#2115,#879,#2138,.T.);
#2138 = LINE('',#2139,#2140);
#2139 = CARTESIAN_POINT('',(62.386238098145,77.152084350586,
    131.13487243652));
#2140 = VECTOR('',#2141,1.);
#2141 = DIRECTION('',(-0.413502284812,0.829039930652,-0.376442098921));
#2142 = ORIENTED_EDGE('',*,*,#1385,.T.);
#2143 = PLANE('',#2144);
#2144 = AXIS2_PLACEMENT_3D('',#2145,#2146,#2147);
#2145 = CARTESIAN_POINT('',(62.01283256999,77.812874875704,
    130.7312354969));
#2146 = DIRECTION('',(-0.886308301481,-0.271823508167,0.374926092897));
#2147 = DIRECTION('',(-0.389595484722,0.,-0.920986079311));
#2148 = ADVANCED_FACE('',(#2149),#2159,.T.);
#2149 = FACE_BOUND('',#2150,.T.);
#2150 = EDGE_LOOP('',(#2151,#2152,#2158));
#2151 = ORIENTED_EDGE('',*,*,#2137,.F.);
#2152 = ORIENTED_EDGE('',*,*,#2153,.F.);
#2153 = EDGE_CURVE('',#1402,#2115,#2154,.T.);
#2154 = LINE('',#2155,#2156);
#2155 = CARTESIAN_POINT('',(61.731494903564,78.789543151855,
    130.7742614746));
#2156 = VECTOR('',#2157,1.);
#2157 = DIRECTION('',(0.363746205596,-0.909699299987,0.200339415787));
#2158 = ORIENTED_EDGE('',*,*,#1401,.F.);
#2159 = PLANE('',#2160);
#2160 = AXIS2_PLACEMENT_3D('',#2161,#2162,#2163);
#2161 = CARTESIAN_POINT('',(62.000152749816,78.014011743458,
    130.84708782354));
#2162 = DIRECTION('',(-0.886309508731,-0.271826337677,0.374921187556));
#2163 = DIRECTION('',(-0.389590711008,-1.387778780781E-17,
    -0.920988098672));
#2164 = ADVANCED_FACE('',(#2165),#2182,.T.);
#2165 = FACE_BOUND('',#2166,.T.);
#2166 = EDGE_LOOP('',(#2167,#2168,#2176));
#2167 = ORIENTED_EDGE('',*,*,#1409,.T.);
#2168 = ORIENTED_EDGE('',*,*,#2169,.T.);
#2169 = EDGE_CURVE('',#1402,#2170,#2172,.T.);
#2170 = VERTEX_POINT('',#2171);
#2171 = CARTESIAN_POINT('',(61.748836517334,78.874656677246,
    131.12925720214));
#2172 = LINE('',#2173,#2174);
#2173 = CARTESIAN_POINT('',(61.731494903564,78.789543151855,
    130.7742614746));
#2174 = VECTOR('',#2175,1.);
#2175 = DIRECTION('',(4.745040317148E-02,0.232889000344,0.971345032806)
  );
#2176 = ORIENTED_EDGE('',*,*,#2177,.F.);
#2177 = EDGE_CURVE('',#303,#2170,#2178,.T.);
#2178 = LINE('',#2179,#2180);
#2179 = CARTESIAN_POINT('',(63.197315216064,79.28630065918,
    130.36854553222));
#2180 = VECTOR('',#2181,1.);
#2181 = DIRECTION('',(-0.858573754954,-0.24399856179,0.450905543488));
#2182 = PLANE('',#2183);
#2183 = AXIS2_PLACEMENT_3D('',#2184,#2185,#2186);
#2184 = CARTESIAN_POINT('',(62.395943702851,79.036984223659,
    130.69144591642));
#2185 = DIRECTION('',(-0.363742909247,0.909700440704,-0.200340221014));
#2186 = DIRECTION('',(0.928524995967,0.371269890867,-1.387778780781E-17)
  );
#2187 = ADVANCED_FACE('',(#2188),#2213,.T.);
#2188 = FACE_BOUND('',#2189,.T.);
#2189 = EDGE_LOOP('',(#2190,#2198,#2206,#2212));
#2190 = ORIENTED_EDGE('',*,*,#2191,.T.);
#2191 = EDGE_CURVE('',#303,#2192,#2194,.T.);
#2192 = VERTEX_POINT('',#2193);
#2193 = CARTESIAN_POINT('',(63.234474182129,79.468696594238,
    131.12925720214));
#2194 = LINE('',#2195,#2196);
#2195 = CARTESIAN_POINT('',(63.197315216064,79.28630065918,
    130.36854553222));
#2196 = VECTOR('',#2197,1.);
#2197 = DIRECTION('',(4.744779704629E-02,0.232898980389,0.97134276725));
#2198 = ORIENTED_EDGE('',*,*,#2199,.F.);
#2199 = EDGE_CURVE('',#2200,#2192,#2202,.T.);
#2200 = VERTEX_POINT('',#2201);
#2201 = CARTESIAN_POINT('',(63.889217376709,77.831237792969,
    131.48988342285));
#2202 = LINE('',#2203,#2204);
#2203 = CARTESIAN_POINT('',(63.889217376709,77.831237792969,
    131.48988342285));
#2204 = VECTOR('',#2205,1.);
#2205 = DIRECTION('',(-0.363745587835,0.909697755018,-0.200347552634));
#2206 = ORIENTED_EDGE('',*,*,#2207,.F.);
#2207 = EDGE_CURVE('',#1425,#2200,#2208,.T.);
#2208 = LINE('',#2209,#2210);
#2209 = CARTESIAN_POINT('',(63.852058410645,77.64884185791,
    130.72917175293));
#2210 = VECTOR('',#2211,1.);
#2211 = DIRECTION('',(4.744779704629E-02,0.232898980389,0.97134276725));
#2212 = ORIENTED_EDGE('',*,*,#1424,.F.);
#2213 = PLANE('',#2214);
#2214 = AXIS2_PLACEMENT_3D('',#2215,#2216,#2217);
#2215 = CARTESIAN_POINT('',(63.543266296387,78.558769226074,
    130.92921447753));
#2216 = DIRECTION('',(0.930289075455,0.343815595847,-0.127879130982));
#2217 = DIRECTION('',(-0.346661772228,0.937990200202,-6.938893903907E-18
    ));
#2218 = ADVANCED_FACE('',(#2219),#2229,.T.);
#2219 = FACE_BOUND('',#2220,.T.);
#2220 = EDGE_LOOP('',(#2221,#2227,#2228));
#2221 = ORIENTED_EDGE('',*,*,#2222,.F.);
#2222 = EDGE_CURVE('',#1433,#2200,#2223,.T.);
#2223 = LINE('',#2224,#2225);
#2224 = CARTESIAN_POINT('',(63.627597808838,77.402976989746,
    130.02029418945));
#2225 = VECTOR('',#2226,1.);
#2226 = DIRECTION('',(0.168469998587,0.275778671683,0.946342424189));
#2227 = ORIENTED_EDGE('',*,*,#1432,.F.);
#2228 = ORIENTED_EDGE('',*,*,#2207,.T.);
#2229 = PLANE('',#2230);
#2230 = AXIS2_PLACEMENT_3D('',#2231,#2232,#2233);
#2231 = CARTESIAN_POINT('',(63.781920765408,77.625074910357,
    130.74858109336));
#2232 = DIRECTION('',(0.363710409274,-0.909710194174,0.200354937054));
#2233 = DIRECTION('',(-0.928537803373,-0.371237858665,
    -2.775557561563E-17));
#2234 = ADVANCED_FACE('',(#2235),#2252,.T.);
#2235 = FACE_BOUND('',#2236,.T.);
#2236 = EDGE_LOOP('',(#2237,#2245,#2251));
#2237 = ORIENTED_EDGE('',*,*,#2238,.F.);
#2238 = EDGE_CURVE('',#2239,#1433,#2241,.T.);
#2239 = VERTEX_POINT('',#2240);
#2240 = CARTESIAN_POINT('',(62.332332611084,77.286895751953,
    131.84487915039));
#2241 = LINE('',#2242,#2243);
#2242 = CARTESIAN_POINT('',(62.332332611084,77.286895751953,
    131.84487915039));
#2243 = VECTOR('',#2244,1.);
#2244 = DIRECTION('',(0.578088045461,5.180805906528E-02,-0.814328027708)
  );
#2245 = ORIENTED_EDGE('',*,*,#2246,.T.);
#2246 = EDGE_CURVE('',#2239,#263,#2247,.T.);
#2247 = LINE('',#2248,#2249);
#2248 = CARTESIAN_POINT('',(62.332332611084,77.286895751953,
    131.84487915039));
#2249 = VECTOR('',#2250,1.);
#2250 = DIRECTION('',(0.345694432224,-6.789001072873E-02,-0.935887977256
    ));
#2251 = ORIENTED_EDGE('',*,*,#1454,.T.);
#2252 = PLANE('',#2253);
#2253 = AXIS2_PLACEMENT_3D('',#2254,#2255,#2256);
#2254 = CARTESIAN_POINT('',(62.950901433874,77.265009051162,
    130.62244491831));
#2255 = DIRECTION('',(0.363753063776,-0.909693901632,0.200351475978));
#2256 = DIRECTION('',(-0.928520502839,-0.371281127729,0.));
#2257 = ADVANCED_FACE('',(#2258),#2268,.T.);
#2258 = FACE_BOUND('',#2259,.T.);
#2259 = EDGE_LOOP('',(#2260,#2261,#2262));
#2260 = ORIENTED_EDGE('',*,*,#2067,.F.);
#2261 = ORIENTED_EDGE('',*,*,#1556,.F.);
#2262 = ORIENTED_EDGE('',*,*,#2263,.T.);
#2263 = EDGE_CURVE('',#1002,#2068,#2264,.T.);
#2264 = LINE('',#2265,#2266);
#2265 = CARTESIAN_POINT('',(59.166313171387,77.920211791992,
    131.48425292968));
#2266 = VECTOR('',#2267,1.);
#2267 = DIRECTION('',(0.363743748963,-0.909698456281,0.200347707077));
#2268 = PLANE('',#2269);
#2269 = AXIS2_PLACEMENT_3D('',#2270,#2271,#2272);
#2270 = CARTESIAN_POINT('',(59.518806240674,77.003299499538,
    131.58336396518));
#2271 = DIRECTION('',(0.93028951354,0.343812432727,-0.127884448231));
#2272 = DIRECTION('',(-0.346658822562,0.937991290333,-2.081668171172E-17
    ));
#2273 = ADVANCED_FACE('',(#2274),#2284,.T.);
#2274 = FACE_BOUND('',#2275,.T.);
#2275 = EDGE_LOOP('',(#2276,#2282,#2283));
#2276 = ORIENTED_EDGE('',*,*,#2277,.F.);
#2277 = EDGE_CURVE('',#2068,#1575,#2278,.T.);
#2278 = LINE('',#2279,#2280);
#2279 = CARTESIAN_POINT('',(59.82105255127,76.282752990723,
    131.84487915039));
#2280 = VECTOR('',#2281,1.);
#2281 = DIRECTION('',(-0.29944073338,0.953976800613,-1.623302449142E-02)
  );
#2282 = ORIENTED_EDGE('',*,*,#2263,.F.);
#2283 = ORIENTED_EDGE('',*,*,#1582,.T.);
#2284 = PLANE('',#2285);
#2285 = AXIS2_PLACEMENT_3D('',#2286,#2287,#2288);
#2286 = CARTESIAN_POINT('',(59.492606535412,77.207814892774,
    131.73911397674));
#2287 = DIRECTION('',(0.886311348036,0.271821737716,-0.374920174501));
#2288 = DIRECTION('',(0.389589132315,0.,0.92098876648));
#2289 = ADVANCED_FACE('',(#2290),#2300,.T.);
#2290 = FACE_BOUND('',#2291,.T.);
#2291 = EDGE_LOOP('',(#2292,#2298,#2299));
#2292 = ORIENTED_EDGE('',*,*,#2293,.F.);
#2293 = EDGE_CURVE('',#1597,#1620,#2294,.T.);
#2294 = LINE('',#2295,#2296);
#2295 = CARTESIAN_POINT('',(99.895278930664,103.5626373291,
    176.8618774414));
#2296 = VECTOR('',#2297,1.);
#2297 = DIRECTION('',(-0.363743748963,0.909698456281,-0.200347707077));
#2298 = ORIENTED_EDGE('',*,*,#1596,.F.);
#2299 = ORIENTED_EDGE('',*,*,#1627,.F.);
#2300 = PLANE('',#2301);
#2301 = AXIS2_PLACEMENT_3D('',#2302,#2303,#2304);
#2302 = CARTESIAN_POINT('',(87.134385078568,94.850090952152,
    157.4550659955));
#2303 = DIRECTION('',(0.782273545781,0.181556705664,-0.595890310543));
#2304 = DIRECTION('',(0.605961094871,5.551115123126E-17,0.795494281251)
  );
#2305 = ADVANCED_FACE('',(#2306),#2373,.T.);
#2306 = FACE_BOUND('',#2307,.T.);
#2307 = EDGE_LOOP('',(#2308,#2309,#2315,#2316,#2317,#2325,#2333,#2341,
    #2349,#2357,#2365,#2371,#2372));
#2308 = ORIENTED_EDGE('',*,*,#1604,.T.);
#2309 = ORIENTED_EDGE('',*,*,#2310,.T.);
#2310 = EDGE_CURVE('',#1597,#1643,#2311,.T.);
#2311 = LINE('',#2312,#2313);
#2312 = CARTESIAN_POINT('',(99.895278930664,103.5626373291,
    176.8618774414));
#2313 = VECTOR('',#2314,1.);
#2314 = DIRECTION('',(-0.724917575559,-0.412458156153,-0.551699898558));
#2315 = ORIENTED_EDGE('',*,*,#1659,.T.);
#2316 = ORIENTED_EDGE('',*,*,#1706,.T.);
#2317 = ORIENTED_EDGE('',*,*,#2318,.T.);
#2318 = EDGE_CURVE('',#1699,#2319,#2321,.T.);
#2319 = VERTEX_POINT('',#2320);
#2320 = CARTESIAN_POINT('',(58.489528162969,76.257364324025,
    132.90980872255));
#2321 = LINE('',#2322,#2323);
#2322 = CARTESIAN_POINT('',(60.549367202152,79.02890360311,
    139.78864713771));
#2323 = VECTOR('',#2324,1.);
#2324 = DIRECTION('',(0.267618142758,0.360083569803,0.89371155997));
#2325 = ORIENTED_EDGE('',*,*,#2326,.T.);
#2326 = EDGE_CURVE('',#2319,#2327,#2329,.T.);
#2327 = VERTEX_POINT('',#2328);
#2328 = CARTESIAN_POINT('',(58.877529551768,76.571117242013,
    133.51386785443));
#2329 = LINE('',#2330,#2331);
#2330 = CARTESIAN_POINT('',(62.574119284127,79.560322560898,
    139.26889566909));
#2331 = VECTOR('',#2332,1.);
#2332 = DIRECTION('',(0.495215090554,0.400450060692,0.770974554041));
#2333 = ORIENTED_EDGE('',*,*,#2334,.T.);
#2334 = EDGE_CURVE('',#2327,#2335,#2337,.T.);
#2335 = VERTEX_POINT('',#2336);
#2336 = CARTESIAN_POINT('',(59.417226373572,76.894869503038,
    133.97998873716));
#2337 = LINE('',#2338,#2339);
#2338 = CARTESIAN_POINT('',(64.030312053289,79.662158208054,
    137.96418038378));
#2339 = VECTOR('',#2340,1.);
#2340 = DIRECTION('',(0.689117447735,0.4133864103,0.595171251831));
#2341 = ORIENTED_EDGE('',*,*,#2342,.T.);
#2342 = EDGE_CURVE('',#2335,#2343,#2345,.T.);
#2343 = VERTEX_POINT('',#2344);
#2344 = CARTESIAN_POINT('',(60.071836025676,77.206558105609,
    134.27641016156));
#2345 = LINE('',#2346,#2347);
#2346 = CARTESIAN_POINT('',(64.615600496779,79.370045298098,
    136.33392509785));
#2347 = VECTOR('',#2348,1.);
#2348 = DIRECTION('',(0.835727650014,0.397926890514,0.378435575505));
#2349 = ORIENTED_EDGE('',*,*,#2350,.T.);
#2350 = EDGE_CURVE('',#2343,#2351,#2353,.T.);
#2351 = VERTEX_POINT('',#2352);
#2352 = CARTESIAN_POINT('',(60.796751883343,77.484944651833,
    134.38293590084));
#2353 = LINE('',#2354,#2355);
#2354 = CARTESIAN_POINT('',(64.292282983568,78.827319521849,
    134.89660108101));
#2355 = VECTOR('',#2356,1.);
#2356 = DIRECTION('',(0.924867968382,0.355173357994,0.135908523768));
#2357 = ORIENTED_EDGE('',*,*,#2358,.T.);
#2358 = EDGE_CURVE('',#2351,#2359,#2361,.T.);
#2359 = VERTEX_POINT('',#2360);
#2360 = CARTESIAN_POINT('',(61.54256804471,77.711048510071,
    134.2922809644));
#2361 = LINE('',#2362,#2363);
#2362 = CARTESIAN_POINT('',(63.288898364078,78.240471233018,
    134.08001221467));
#2363 = VECTOR('',#2364,1.);
#2364 = DIRECTION('',(0.950579566401,0.288180544562,-0.115544197935));
#2365 = ORIENTED_EDGE('',*,*,#2366,.T.);
#2366 = EDGE_CURVE('',#2359,#2021,#2367,.T.);
#2367 = LINE('',#2368,#2369);
#2368 = CARTESIAN_POINT('',(62.025651811935,77.817951359355,
    134.10223738474));
#2369 = VECTOR('',#2370,1.);
#2370 = DIRECTION('',(0.911454945179,0.201698208974,-0.358563405001));
#2371 = ORIENTED_EDGE('',*,*,#2020,.T.);
#2372 = ORIENTED_EDGE('',*,*,#2052,.T.);
#2373 = PLANE('',#2374);
#2374 = AXIS2_PLACEMENT_3D('',#2375,#2376,#2377);
#2375 = CARTESIAN_POINT('',(65.776384657278,82.612885453191,
    145.79198723017));
#2376 = DIRECTION('',(0.309375167285,-0.910542825816,0.274223938093));
#2377 = DIRECTION('',(-0.946839085162,-0.321707548573,
    -1.387778780781E-17));
#2378 = ADVANCED_FACE('',(#2379),#2396,.T.);
#2379 = FACE_BOUND('',#2380,.T.);
#2380 = EDGE_LOOP('',(#2381,#2389,#2395));
#2381 = ORIENTED_EDGE('',*,*,#2382,.T.);
#2382 = EDGE_CURVE('',#1178,#2383,#2385,.T.);
#2383 = VERTEX_POINT('',#2384);
#2384 = CARTESIAN_POINT('',(59.810768127441,83.359794616699,
    148.46601867675));
#2385 = LINE('',#2386,#2387);
#2386 = CARTESIAN_POINT('',(25.913522720337,63.479042053223,
    120.69559478759));
#2387 = VECTOR('',#2388,1.);
#2388 = DIRECTION('',(0.704442240822,0.41315575106,0.57711650012));
#2389 = ORIENTED_EDGE('',*,*,#2390,.F.);
#2390 = EDGE_CURVE('',#1620,#2383,#2391,.T.);
#2391 = LINE('',#2392,#2393);
#2392 = CARTESIAN_POINT('',(99.240539550781,105.20009613037,
    176.5012512207));
#2393 = VECTOR('',#2394,1.);
#2394 = DIRECTION('',(-0.742811180294,-0.411445959734,-0.528151278185));
#2395 = ORIENTED_EDGE('',*,*,#1619,.F.);
#2396 = PLANE('',#2397);
#2397 = AXIS2_PLACEMENT_3D('',#2398,#2399,#2400);
#2398 = CARTESIAN_POINT('',(62.334870049055,84.350360240342,
    148.90746129157));
#2399 = DIRECTION('',(-0.309377162868,0.910542910332,-0.274221406055));
#2400 = DIRECTION('',(0.946838462161,0.321709382165,-1.387778780781E-17)
  );
#2401 = ADVANCED_FACE('',(#2402),#2419,.T.);
#2402 = FACE_BOUND('',#2403,.T.);
#2403 = EDGE_LOOP('',(#2404,#2412,#2418));
#2404 = ORIENTED_EDGE('',*,*,#2405,.T.);
#2405 = EDGE_CURVE('',#1643,#2406,#2408,.T.);
#2406 = VERTEX_POINT('',#2407);
#2407 = CARTESIAN_POINT('',(35.33464050293,80.253227233887,
    165.76448059082));
#2408 = LINE('',#2409,#2410);
#2409 = CARTESIAN_POINT('',(26.568264007568,61.841583251953,
    121.0562133789));
#2410 = VECTOR('',#2411,1.);
#2411 = DIRECTION('',(0.178398616436,0.374682950752,0.909827796932));
#2412 = ORIENTED_EDGE('',*,*,#2413,.F.);
#2413 = EDGE_CURVE('',#1178,#2406,#2414,.T.);
#2414 = LINE('',#2415,#2416);
#2415 = CARTESIAN_POINT('',(25.913522720337,63.479042053223,
    120.69559478759));
#2416 = VECTOR('',#2417,1.);
#2417 = DIRECTION('',(0.192254289499,0.34230641504,0.919708979184));
#2418 = ORIENTED_EDGE('',*,*,#1642,.T.);
#2419 = PLANE('',#2420);
#2420 = AXIS2_PLACEMENT_3D('',#2421,#2422,#2423);
#2421 = CARTESIAN_POINT('',(30.706098713314,71.297786419312,
    142.9160857971));
#2422 = DIRECTION('',(-0.906721988265,-0.296508183462,0.299896870837));
#2423 = DIRECTION('',(-0.314018169915,0.,-0.949416973181));
#2424 = ADVANCED_FACE('',(#2425),#2443,.T.);
#2425 = FACE_BOUND('',#2426,.T.);
#2426 = EDGE_LOOP('',(#2427,#2435,#2436,#2437));
#2427 = ORIENTED_EDGE('',*,*,#2428,.F.);
#2428 = EDGE_CURVE('',#2319,#2429,#2431,.T.);
#2429 = VERTEX_POINT('',#2430);
#2430 = CARTESIAN_POINT('',(58.579696655273,76.031860351562,
    132.95947265625));
#2431 = LINE('',#2432,#2433);
#2432 = CARTESIAN_POINT('',(57.924953460693,77.669319152832,
    132.59884643554));
#2433 = VECTOR('',#2434,1.);
#2434 = DIRECTION('',(0.363745587835,-0.909697755018,0.200347552634));
#2435 = ORIENTED_EDGE('',*,*,#2318,.F.);
#2436 = ORIENTED_EDGE('',*,*,#1698,.T.);
#2437 = ORIENTED_EDGE('',*,*,#2438,.T.);
#2438 = EDGE_CURVE('',#1691,#2429,#2439,.T.);
#2439 = LINE('',#2440,#2441);
#2440 = CARTESIAN_POINT('',(58.355236053467,75.785995483398,
    132.25059509277));
#2441 = VECTOR('',#2442,1.);
#2442 = DIRECTION('',(0.28660889008,0.313939535077,0.90515043636));
#2443 = PLANE('',#2444);
#2444 = AXIS2_PLACEMENT_3D('',#2445,#2446,#2447);
#2445 = CARTESIAN_POINT('',(58.14009475708,76.727657318115,
    132.42472076416));
#2446 = DIRECTION('',(-0.886310337461,-0.271823087869,0.374921584615));
#2447 = DIRECTION('',(-0.389590751988,1.387778780781E-17,-0.920988081337
    ));
#2448 = ADVANCED_FACE('',(#2449),#2459,.T.);
#2449 = FACE_BOUND('',#2450,.T.);
#2450 = EDGE_LOOP('',(#2451,#2457,#2458));
#2451 = ORIENTED_EDGE('',*,*,#2452,.F.);
#2452 = EDGE_CURVE('',#2429,#1683,#2453,.T.);
#2453 = LINE('',#2454,#2455);
#2454 = CARTESIAN_POINT('',(58.579696655273,76.031860351562,
    132.95947265625));
#2455 = VECTOR('',#2456,1.);
#2456 = DIRECTION('',(-0.168469998587,-0.275778671683,-0.946342424189));
#2457 = ORIENTED_EDGE('',*,*,#2438,.F.);
#2458 = ORIENTED_EDGE('',*,*,#1690,.T.);
#2459 = PLANE('',#2460);
#2460 = AXIS2_PLACEMENT_3D('',#2461,#2462,#2463);
#2461 = CARTESIAN_POINT('',(58.425373698703,75.809762430951,
    132.23118575233));
#2462 = DIRECTION('',(0.363710409274,-0.909710194174,0.200354937054));
#2463 = DIRECTION('',(-0.928537803373,-0.371237858665,
    -2.775557561563E-17));
#2464 = ADVANCED_FACE('',(#2465),#2483,.T.);
#2465 = FACE_BOUND('',#2466,.T.);
#2466 = EDGE_LOOP('',(#2467,#2468,#2476,#2482));
#2467 = ORIENTED_EDGE('',*,*,#1730,.T.);
#2468 = ORIENTED_EDGE('',*,*,#2469,.T.);
#2469 = EDGE_CURVE('',#1723,#2470,#2472,.T.);
#2470 = VERTEX_POINT('',#2471);
#2471 = CARTESIAN_POINT('',(58.470748901367,75.497108459473,
    130.72917175293));
#2472 = LINE('',#2473,#2474);
#2473 = CARTESIAN_POINT('',(57.816005706787,77.134567260742,
    130.36854553222));
#2474 = VECTOR('',#2475,1.);
#2475 = DIRECTION('',(0.363745587835,-0.909697755018,0.200347552634));
#2476 = ORIENTED_EDGE('',*,*,#2477,.F.);
#2477 = EDGE_CURVE('',#1683,#2470,#2478,.T.);
#2478 = LINE('',#2479,#2480);
#2479 = CARTESIAN_POINT('',(58.318077087402,75.60359954834,
    131.48988342285));
#2480 = VECTOR('',#2481,1.);
#2481 = DIRECTION('',(0.194944644444,-0.135977079963,-0.971342791875));
#2482 = ORIENTED_EDGE('',*,*,#1682,.F.);
#2483 = PLANE('',#2484);
#2484 = AXIS2_PLACEMENT_3D('',#2485,#2486,#2487);
#2485 = CARTESIAN_POINT('',(58.067041397095,76.369083404541,
    130.92921447753));
#2486 = DIRECTION('',(-0.910871032308,-0.392378337234,-0.12787964252));
#2487 = DIRECTION('',(0.395626552309,-0.918411471568,-1.387778780781E-17
    ));
#2488 = ADVANCED_FACE('',(#2489),#2499,.T.);
#2489 = FACE_BOUND('',#2490,.T.);
#2490 = EDGE_LOOP('',(#2491,#2492,#2493));
#2491 = ORIENTED_EDGE('',*,*,#1747,.T.);
#2492 = ORIENTED_EDGE('',*,*,#2089,.F.);
#2493 = ORIENTED_EDGE('',*,*,#2494,.F.);
#2494 = EDGE_CURVE('',#1723,#2090,#2495,.T.);
#2495 = LINE('',#2496,#2497);
#2496 = CARTESIAN_POINT('',(57.816005706787,77.134567260742,
    130.36854553222));
#2497 = VECTOR('',#2498,1.);
#2498 = DIRECTION('',(0.424050310017,-2.979038912065E-02,-0.905148533275
    ));
#2499 = PLANE('',#2500);
#2500 = AXIS2_PLACEMENT_3D('',#2501,#2502,#2503);
#2501 = CARTESIAN_POINT('',(58.206819238728,77.142974138138,
    129.69717448235));
#2502 = DIRECTION('',(-0.36374906794,0.909695440632,-0.200351742857));
#2503 = DIRECTION('',(0.928522125413,0.371277069879,0.));
#2504 = ADVANCED_FACE('',(#2505),#2522,.T.);
#2505 = FACE_BOUND('',#2506,.T.);
#2506 = EDGE_LOOP('',(#2507,#2515,#2521));
#2507 = ORIENTED_EDGE('',*,*,#2508,.T.);
#2508 = EDGE_CURVE('',#1765,#2509,#2511,.T.);
#2509 = VERTEX_POINT('',#2510);
#2510 = CARTESIAN_POINT('',(59.925804138184,76.397491455078,
    132.17568969726));
#2511 = LINE('',#2512,#2513);
#2512 = CARTESIAN_POINT('',(59.456077575684,78.171493530273,
    132.09913635253));
#2513 = VECTOR('',#2514,1.);
#2514 = DIRECTION('',(0.255740302196,-0.965846650001,4.16790896608E-02)
  );
#2515 = ORIENTED_EDGE('',*,*,#2516,.F.);
#2516 = EDGE_CURVE('',#1575,#2509,#2517,.T.);
#2517 = LINE('',#2518,#2519);
#2518 = CARTESIAN_POINT('',(59.271060943604,78.034950256348,
    131.81506347656));
#2519 = VECTOR('',#2520,1.);
#2520 = DIRECTION('',(0.363745587835,-0.909697755018,0.200347552634));
#2521 = ORIENTED_EDGE('',*,*,#1772,.F.);
#2522 = PLANE('',#2523);
#2523 = AXIS2_PLACEMENT_3D('',#2524,#2525,#2526);
#2524 = CARTESIAN_POINT('',(59.619439970603,77.32855230346,
    132.05706591867));
#2525 = DIRECTION('',(0.781930037372,0.181305058694,-0.596417548658));
#2526 = DIRECTION('',(0.606468611115,0.,0.795107429051));
#2527 = ADVANCED_FACE('',(#2528),#2545,.T.);
#2528 = FACE_BOUND('',#2529,.T.);
#2529 = EDGE_LOOP('',(#2530,#2538,#2544));
#2530 = ORIENTED_EDGE('',*,*,#2531,.T.);
#2531 = EDGE_CURVE('',#1789,#2532,#2534,.T.);
#2532 = VERTEX_POINT('',#2533);
#2533 = CARTESIAN_POINT('',(60.110816955566,76.534034729004,
    132.45976257324));
#2534 = LINE('',#2535,#2536);
#2535 = CARTESIAN_POINT('',(59.708751678467,78.320533752441,
    132.31710815429));
#2536 = VECTOR('',#2537,1.);
#2537 = DIRECTION('',(0.218902492075,-0.972650737565,7.76675072215E-02)
  );
#2538 = ORIENTED_EDGE('',*,*,#2539,.T.);
#2539 = EDGE_CURVE('',#2532,#1765,#2540,.T.);
#2540 = LINE('',#2541,#2542);
#2541 = CARTESIAN_POINT('',(60.110816955566,76.534034729004,
    132.45976257324));
#2542 = VECTOR('',#2543,1.);
#2543 = DIRECTION('',(-0.363743748963,0.909698456281,-0.200347707077));
#2544 = ORIENTED_EDGE('',*,*,#1796,.F.);
#2545 = PLANE('',#2546);
#2546 = AXIS2_PLACEMENT_3D('',#2547,#2548,#2549);
#2547 = CARTESIAN_POINT('',(59.823069372188,77.468532841599,
    132.32295296169));
#2548 = DIRECTION('',(0.624259137125,7.842816499283E-02,-0.777270578789)
  );
#2549 = DIRECTION('',(-0.779672150245,-6.938893903907E-18,
    -0.626187941541));
#2550 = ADVANCED_FACE('',(#2551),#2576,.T.);
#2551 = FACE_BOUND('',#2552,.T.);
#2552 = EDGE_LOOP('',(#2553,#2563,#2569,#2570));
#2553 = ORIENTED_EDGE('',*,*,#2554,.F.);
#2554 = EDGE_CURVE('',#2555,#2557,#2559,.T.);
#2555 = VERTEX_POINT('',#2556);
#2556 = CARTESIAN_POINT('',(60.363494873047,76.683074951172,
    132.677734375));
#2557 = VERTEX_POINT('',#2558);
#2558 = CARTESIAN_POINT('',(60.666610717773,76.834449768066,
    132.81475830078));
#2559 = LINE('',#2560,#2561);
#2560 = CARTESIAN_POINT('',(60.363494873047,76.683074951172,
    132.677734375));
#2561 = VECTOR('',#2562,1.);
#2562 = DIRECTION('',(0.829383952275,0.414190963934,0.374924132465));
#2563 = ORIENTED_EDGE('',*,*,#2564,.F.);
#2564 = EDGE_CURVE('',#1789,#2555,#2565,.T.);
#2565 = LINE('',#2566,#2567);
#2566 = CARTESIAN_POINT('',(59.708751678467,78.320533752441,
    132.31710815429));
#2567 = VECTOR('',#2568,1.);
#2568 = DIRECTION('',(0.363745587835,-0.909697755018,0.200347552634));
#2569 = ORIENTED_EDGE('',*,*,#1820,.T.);
#2570 = ORIENTED_EDGE('',*,*,#2571,.T.);
#2571 = EDGE_CURVE('',#1813,#2557,#2572,.T.);
#2572 = LINE('',#2573,#2574);
#2573 = CARTESIAN_POINT('',(60.011867523193,78.471908569336,
    132.45413208007));
#2574 = VECTOR('',#2575,1.);
#2575 = DIRECTION('',(0.363745587835,-0.909697755018,0.200347552634));
#2576 = PLANE('',#2577);
#2577 = AXIS2_PLACEMENT_3D('',#2578,#2579,#2580);
#2578 = CARTESIAN_POINT('',(60.18768119812,77.577491760254,
    132.56593322753));
#2579 = DIRECTION('',(0.42404978758,-2.978804607745E-02,-0.905148855142)
  );
#2580 = DIRECTION('',(-0.905550704411,1.734723475977E-18,-0.424238048435
    ));
#2581 = ADVANCED_FACE('',(#2582),#2599,.T.);
#2582 = FACE_BOUND('',#2583,.T.);
#2583 = EDGE_LOOP('',(#2584,#2592,#2593));
#2584 = ORIENTED_EDGE('',*,*,#2585,.T.);
#2585 = EDGE_CURVE('',#2586,#1813,#2588,.T.);
#2586 = VERTEX_POINT('',#2587);
#2587 = CARTESIAN_POINT('',(60.999507904053,76.977851867676,
    132.86149597168));
#2588 = LINE('',#2589,#2590);
#2589 = CARTESIAN_POINT('',(60.999507904053,76.977851867676,
    132.86149597168));
#2590 = VECTOR('',#2591,1.);
#2591 = DIRECTION('',(-0.53771611907,0.813432082017,-0.221787337867));
#2592 = ORIENTED_EDGE('',*,*,#1844,.F.);
#2593 = ORIENTED_EDGE('',*,*,#2594,.T.);
#2594 = EDGE_CURVE('',#1837,#2586,#2595,.T.);
#2595 = LINE('',#2596,#2597);
#2596 = CARTESIAN_POINT('',(60.344764709473,78.61531829834,
    132.50086975097));
#2597 = VECTOR('',#2598,1.);
#2598 = DIRECTION('',(0.363744185311,-0.909698485951,0.200346780138));
#2599 = PLANE('',#2600);
#2600 = AXIS2_PLACEMENT_3D('',#2601,#2602,#2603);
#2601 = CARTESIAN_POINT('',(60.550653629532,77.831894739763,
    132.65185841853));
#2602 = DIRECTION('',(0.194949167344,-0.135972226914,-0.971342563497));
#2603 = DIRECTION('',(-0.980448330977,3.469446951954E-18,-0.196776701578
    ));
#2604 = ADVANCED_FACE('',(#2605),#2623,.T.);
#2605 = FACE_BOUND('',#2606,.T.);
#2606 = EDGE_LOOP('',(#2607,#2615,#2616,#2617));
#2607 = ORIENTED_EDGE('',*,*,#2608,.F.);
#2608 = EDGE_CURVE('',#2586,#2609,#2611,.T.);
#2609 = VERTEX_POINT('',#2610);
#2610 = CARTESIAN_POINT('',(61.339504241943,77.103507995605,
    132.81475830078));
#2611 = LINE('',#2612,#2613);
#2612 = CARTESIAN_POINT('',(60.999507904053,76.977851867676,
    132.86149597168));
#2613 = VECTOR('',#2614,1.);
#2614 = DIRECTION('',(0.930288236455,0.343816696311,-0.12788227575));
#2615 = ORIENTED_EDGE('',*,*,#2594,.F.);
#2616 = ORIENTED_EDGE('',*,*,#1868,.T.);
#2617 = ORIENTED_EDGE('',*,*,#2618,.F.);
#2618 = EDGE_CURVE('',#2609,#1861,#2619,.T.);
#2619 = LINE('',#2620,#2621);
#2620 = CARTESIAN_POINT('',(61.339504241943,77.103507995605,
    132.81475830078));
#2621 = VECTOR('',#2622,1.);
#2622 = DIRECTION('',(-0.363744185311,0.909698485951,-0.200346780138));
#2623 = PLANE('',#2624);
#2624 = AXIS2_PLACEMENT_3D('',#2625,#2626,#2627);
#2625 = CARTESIAN_POINT('',(60.842134475708,77.859413146973,
    132.65781402587));
#2626 = DIRECTION('',(-4.745174456631E-02,-0.232896686984,
    -0.971343124302));
#2627 = DIRECTION('',(0.,-0.972438545689,0.233159333628));
#2628 = ADVANCED_FACE('',(#2629),#2639,.T.);
#2629 = FACE_BOUND('',#2630,.T.);
#2630 = EDGE_LOOP('',(#2631,#2637,#2638));
#2631 = ORIENTED_EDGE('',*,*,#2632,.F.);
#2632 = EDGE_CURVE('',#2609,#1885,#2633,.T.);
#2633 = LINE('',#2634,#2635);
#2634 = CARTESIAN_POINT('',(61.339504241943,77.103507995605,
    132.81475830078));
#2635 = VECTOR('',#2636,1.);
#2636 = DIRECTION('',(-0.180111938653,0.945594947036,-0.27094258745));
#2637 = ORIENTED_EDGE('',*,*,#2618,.T.);
#2638 = ORIENTED_EDGE('',*,*,#1892,.T.);
#2639 = PLANE('',#2640);
#2640 = AXIS2_PLACEMENT_3D('',#2641,#2642,#2643);
#2641 = CARTESIAN_POINT('',(61.071357151642,78.024337718482,
    132.58028083777));
#2642 = DIRECTION('',(-0.286606684188,-0.313944958463,-0.905149253789));
#2643 = DIRECTION('',(0.,-0.944784540096,0.32769219215));
#2644 = ADVANCED_FACE('',(#2645),#2662,.T.);
#2645 = FACE_BOUND('',#2646,.T.);
#2646 = EDGE_LOOP('',(#2647,#2648,#2656));
#2647 = ORIENTED_EDGE('',*,*,#1931,.F.);
#2648 = ORIENTED_EDGE('',*,*,#2649,.F.);
#2649 = EDGE_CURVE('',#2650,#1924,#2652,.T.);
#2650 = VERTEX_POINT('',#2651);
#2651 = CARTESIAN_POINT('',(61.294460296631,78.906578063965,
    132.09913635253));
#2652 = LINE('',#2653,#2654);
#2653 = CARTESIAN_POINT('',(61.294460296631,78.906578063965,
    132.09913635253));
#2654 = VECTOR('',#2655,1.);
#2655 = DIRECTION('',(0.931035948972,0.348282290874,-0.10895644811));
#2656 = ORIENTED_EDGE('',*,*,#2657,.T.);
#2657 = EDGE_CURVE('',#2650,#1885,#2658,.T.);
#2658 = LINE('',#2659,#2660);
#2659 = CARTESIAN_POINT('',(61.294460296631,78.906578063965,
    132.09913635253));
#2660 = VECTOR('',#2661,1.);
#2661 = DIRECTION('',(-0.781933718218,-0.181303744099,0.5964131225));
#2662 = PLANE('',#2663);
#2663 = AXIS2_PLACEMENT_3D('',#2664,#2665,#2666);
#2664 = CARTESIAN_POINT('',(62.033687021937,79.194809405848,
    132.06575482743));
#2665 = DIRECTION('',(-0.363746328038,0.909695854592,-0.200354837668));
#2666 = DIRECTION('',(0.928523147753,0.371274513111,1.387778780781E-17)
  );
#2667 = ADVANCED_FACE('',(#2668),#2685,.T.);
#2668 = FACE_BOUND('',#2669,.T.);
#2669 = EDGE_LOOP('',(#2670,#2671,#2679));
#2670 = ORIENTED_EDGE('',*,*,#1972,.T.);
#2671 = ORIENTED_EDGE('',*,*,#2672,.T.);
#2672 = EDGE_CURVE('',#1965,#2673,#2675,.T.);
#2673 = VERTEX_POINT('',#2674);
#2674 = CARTESIAN_POINT('',(62.749702453613,79.598518371582,
    132.59884643554));
#2675 = LINE('',#2676,#2677);
#2676 = CARTESIAN_POINT('',(62.260807037354,79.537094116211,
    133.20756530761));
#2677 = VECTOR('',#2678,1.);
#2678 = DIRECTION('',(0.624264651134,7.843188967434E-02,-0.777265774383)
  );
#2679 = ORIENTED_EDGE('',*,*,#2680,.F.);
#2680 = EDGE_CURVE('',#1924,#2673,#2681,.T.);
#2681 = LINE('',#2682,#2683);
#2682 = CARTESIAN_POINT('',(63.081802368164,79.575187683105,
    131.88996887207));
#2683 = VECTOR('',#2684,1.);
#2684 = DIRECTION('',(-0.424050310017,2.979038912065E-02,0.905148533275)
  );
#2685 = PLANE('',#2686);
#2686 = AXIS2_PLACEMENT_3D('',#2687,#2688,#2689);
#2687 = CARTESIAN_POINT('',(62.690988836224,79.56678080571,
    132.56133992193));
#2688 = DIRECTION('',(-0.36374906794,0.909695440632,-0.200351742857));
#2689 = DIRECTION('',(0.928522125413,0.371277069879,1.387778780781E-17)
  );
#2690 = ADVANCED_FACE('',(#2691),#2709,.T.);
#2691 = FACE_BOUND('',#2692,.T.);
#2692 = EDGE_LOOP('',(#2693,#2694,#2695,#2703));
#2693 = ORIENTED_EDGE('',*,*,#2672,.F.);
#2694 = ORIENTED_EDGE('',*,*,#2002,.T.);
#2695 = ORIENTED_EDGE('',*,*,#2696,.T.);
#2696 = EDGE_CURVE('',#2003,#2697,#2699,.T.);
#2697 = VERTEX_POINT('',#2698);
#2698 = CARTESIAN_POINT('',(63.404445648193,77.961059570312,
    132.95947265625));
#2699 = LINE('',#2700,#2701);
#2700 = CARTESIAN_POINT('',(62.915550231934,77.899635314941,
    133.56819152832));
#2701 = VECTOR('',#2702,1.);
#2702 = DIRECTION('',(0.624264651134,7.843188967434E-02,-0.777265774383)
  );
#2703 = ORIENTED_EDGE('',*,*,#2704,.T.);
#2704 = EDGE_CURVE('',#2697,#2673,#2705,.T.);
#2705 = LINE('',#2706,#2707);
#2706 = CARTESIAN_POINT('',(63.404445648193,77.961059570312,
    132.95947265625));
#2707 = VECTOR('',#2708,1.);
#2708 = DIRECTION('',(-0.363745587835,0.909697755018,-0.200347552634));
#2709 = PLANE('',#2710);
#2710 = AXIS2_PLACEMENT_3D('',#2711,#2712,#2713);
#2711 = CARTESIAN_POINT('',(62.832626342773,78.749076843262,
    133.08351898193));
#2712 = DIRECTION('',(0.691363292864,0.407796891058,0.596421405488));
#2713 = DIRECTION('',(-0.653202561957,0.,0.757183209701));
#2714 = ADVANCED_FACE('',(#2715),#2725,.T.);
#2715 = FACE_BOUND('',#2716,.T.);
#2716 = EDGE_LOOP('',(#2717,#2723,#2724));
#2717 = ORIENTED_EDGE('',*,*,#2718,.T.);
#2718 = EDGE_CURVE('',#2029,#2697,#2719,.T.);
#2719 = LINE('',#2720,#2721);
#2720 = CARTESIAN_POINT('',(62.303176879883,77.75764465332,
    134.03527832031));
#2721 = VECTOR('',#2722,1.);
#2722 = DIRECTION('',(0.709164743863,0.130989538301,-0.69276771498));
#2723 = ORIENTED_EDGE('',*,*,#2696,.F.);
#2724 = ORIENTED_EDGE('',*,*,#2036,.F.);
#2725 = PLANE('',#2726);
#2726 = AXIS2_PLACEMENT_3D('',#2727,#2728,#2729);
#2727 = CARTESIAN_POINT('',(62.869312188123,77.869466153078,
    133.51515567512));
#2728 = DIRECTION('',(0.363747956996,-0.909696095925,0.200350784474));
#2729 = DIRECTION('',(-0.928522608523,-0.371275861673,
    -1.387778780781E-17));
#2730 = ADVANCED_FACE('',(#2731),#2749,.T.);
#2731 = FACE_BOUND('',#2732,.T.);
#2732 = EDGE_LOOP('',(#2733,#2734,#2742,#2748));
#2733 = ORIENTED_EDGE('',*,*,#2366,.F.);
#2734 = ORIENTED_EDGE('',*,*,#2735,.T.);
#2735 = EDGE_CURVE('',#2359,#2736,#2738,.T.);
#2736 = VERTEX_POINT('',#2737);
#2737 = CARTESIAN_POINT('',(61.609058380127,77.544761657715,
    134.32890319824));
#2738 = LINE('',#2739,#2740);
#2739 = CARTESIAN_POINT('',(60.954315185547,79.182220458984,
    133.96827697753));
#2740 = VECTOR('',#2741,1.);
#2741 = DIRECTION('',(0.363745587835,-0.909697755018,0.200347552634));
#2742 = ORIENTED_EDGE('',*,*,#2743,.T.);
#2743 = EDGE_CURVE('',#2736,#2029,#2744,.T.);
#2744 = LINE('',#2745,#2746);
#2745 = CARTESIAN_POINT('',(61.609058380127,77.544761657715,
    134.32890319824));
#2746 = VECTOR('',#2747,1.);
#2747 = DIRECTION('',(0.886307988319,0.271826640046,-0.374924562549));
#2748 = ORIENTED_EDGE('',*,*,#2028,.F.);
#2749 = PLANE('',#2750);
#2750 = AXIS2_PLACEMENT_3D('',#2751,#2752,#2753);
#2751 = CARTESIAN_POINT('',(61.628746032715,78.469932556152,
    134.00177764892));
#2752 = DIRECTION('',(0.286608230781,0.313946791742,0.905148128211));
#2753 = DIRECTION('',(1.387778780781E-17,0.9447838215,-0.32769426396));
#2754 = ADVANCED_FACE('',(#2755),#2770,.T.);
#2755 = FACE_BOUND('',#2756,.T.);
#2756 = EDGE_LOOP('',(#2757,#2758,#2764));
#2757 = ORIENTED_EDGE('',*,*,#2075,.F.);
#2758 = ORIENTED_EDGE('',*,*,#2759,.T.);
#2759 = EDGE_CURVE('',#2068,#2509,#2760,.T.);
#2760 = LINE('',#2761,#2762);
#2761 = CARTESIAN_POINT('',(59.82105255127,76.282752990723,
    131.84487915039));
#2762 = VECTOR('',#2763,1.);
#2763 = DIRECTION('',(0.286616095175,0.313941693761,0.905147406175));
#2764 = ORIENTED_EDGE('',*,*,#2765,.T.);
#2765 = EDGE_CURVE('',#2509,#217,#2766,.T.);
#2766 = LINE('',#2767,#2768);
#2767 = CARTESIAN_POINT('',(59.925804138184,76.397491455078,
    132.17568969726));
#2768 = VECTOR('',#2769,1.);
#2769 = DIRECTION('',(-0.43190572,-0.355274351425,-0.828997939835));
#2770 = PLANE('',#2771);
#2771 = AXIS2_PLACEMENT_3D('',#2772,#2773,#2774);
#2772 = CARTESIAN_POINT('',(59.37752485576,75.939339780045,
    131.09084929059));
#2773 = DIRECTION('',(0.363785650056,-0.909687129471,0.200323057307));
#2774 = DIRECTION('',(-0.928508083178,-0.371312186001,0.));
#2775 = ADVANCED_FACE('',(#2776),#2787,.T.);
#2776 = FACE_BOUND('',#2777,.T.);
#2777 = EDGE_LOOP('',(#2778,#2779,#2785,#2786));
#2778 = ORIENTED_EDGE('',*,*,#2099,.F.);
#2779 = ORIENTED_EDGE('',*,*,#2780,.T.);
#2780 = EDGE_CURVE('',#217,#2470,#2781,.T.);
#2781 = LINE('',#2782,#2783);
#2782 = CARTESIAN_POINT('',(58.802848815918,75.473777770996,
    130.02029418945));
#2783 = VECTOR('',#2784,1.);
#2784 = DIRECTION('',(-0.424050310017,2.979038912065E-02,0.905148533275)
  );
#2785 = ORIENTED_EDGE('',*,*,#2469,.F.);
#2786 = ORIENTED_EDGE('',*,*,#2494,.T.);
#2787 = PLANE('',#2788);
#2788 = AXIS2_PLACEMENT_3D('',#2789,#2790,#2791);
#2789 = CARTESIAN_POINT('',(58.309427261353,76.304172515869,
    130.19441986084));
#2790 = DIRECTION('',(-0.829380020233,-0.414201227121,-0.374921492436));
#2791 = DIRECTION('',(0.446791752312,-0.894637988276,0.));
#2792 = ADVANCED_FACE('',(#2793),#2810,.T.);
#2793 = FACE_BOUND('',#2794,.T.);
#2794 = EDGE_LOOP('',(#2795,#2796,#2804));
#2795 = ORIENTED_EDGE('',*,*,#2114,.F.);
#2796 = ORIENTED_EDGE('',*,*,#2797,.T.);
#2797 = EDGE_CURVE('',#263,#2798,#2800,.T.);
#2798 = VERTEX_POINT('',#2799);
#2799 = CARTESIAN_POINT('',(62.403579711914,77.237197875977,
    131.48988342285));
#2800 = LINE('',#2801,#2802);
#2801 = CARTESIAN_POINT('',(63.231136322021,77.110382080078,
    129.41157531738));
#2802 = VECTOR('',#2803,1.);
#2803 = DIRECTION('',(-0.369345673892,5.659898673301E-02,0.927566885932)
  );
#2804 = ORIENTED_EDGE('',*,*,#2805,.T.);
#2805 = EDGE_CURVE('',#2798,#2115,#2806,.T.);
#2806 = LINE('',#2807,#2808);
#2807 = CARTESIAN_POINT('',(62.403579711914,77.237197875977,
    131.48988342285));
#2808 = VECTOR('',#2809,1.);
#2809 = DIRECTION('',(-4.744847889793E-02,-0.232879555911,
    -0.971347391148));
#2810 = PLANE('',#2811);
#2811 = AXIS2_PLACEMENT_3D('',#2812,#2813,#2814);
#2812 = CARTESIAN_POINT('',(62.779565104363,77.157422398878,
    130.44501904382));
#2813 = DIRECTION('',(0.363714066938,-0.9097129009,0.200336006367));
#2814 = DIRECTION('',(-0.928536897207,-0.371240125155,0.));
#2815 = ADVANCED_FACE('',(#2816),#2826,.T.);
#2816 = FACE_BOUND('',#2817,.T.);
#2817 = EDGE_LOOP('',(#2818,#2819,#2825));
#2818 = ORIENTED_EDGE('',*,*,#2805,.F.);
#2819 = ORIENTED_EDGE('',*,*,#2820,.T.);
#2820 = EDGE_CURVE('',#2798,#1402,#2821,.T.);
#2821 = LINE('',#2822,#2823);
#2822 = CARTESIAN_POINT('',(62.403579711914,77.237197875977,
    131.48988342285));
#2823 = VECTOR('',#2824,1.);
#2824 = DIRECTION('',(-0.365913150185,0.845166477527,-0.389616724214));
#2825 = ORIENTED_EDGE('',*,*,#2153,.T.);
#2826 = PLANE('',#2827);
#2827 = AXIS2_PLACEMENT_3D('',#2828,#2829,#2830);
#2828 = CARTESIAN_POINT('',(62.093533231949,77.919464074397,
    131.06870473154));
#2829 = DIRECTION('',(-0.930288995981,-0.343818127314,0.127872902866));
#2830 = DIRECTION('',(0.346664043968,-0.937989360611,2.081668171172E-17)
  );
#2831 = ADVANCED_FACE('',(#2832),#2842,.T.);
#2832 = FACE_BOUND('',#2833,.T.);
#2833 = EDGE_LOOP('',(#2834,#2835,#2841));
#2834 = ORIENTED_EDGE('',*,*,#2820,.F.);
#2835 = ORIENTED_EDGE('',*,*,#2836,.F.);
#2836 = EDGE_CURVE('',#2170,#2798,#2837,.T.);
#2837 = LINE('',#2838,#2839);
#2838 = CARTESIAN_POINT('',(61.748836517334,78.874656677246,
    131.12925720214));
#2839 = VECTOR('',#2840,1.);
#2840 = DIRECTION('',(0.363745587835,-0.909697755018,0.200347552634));
#2841 = ORIENTED_EDGE('',*,*,#2169,.F.);
#2842 = PLANE('',#2843);
#2843 = AXIS2_PLACEMENT_3D('',#2844,#2845,#2846);
#2844 = CARTESIAN_POINT('',(62.041542526108,78.107274229939,
    131.19543702747));
#2845 = DIRECTION('',(-0.930289136975,-0.343815897812,0.127877871574));
#2846 = DIRECTION('',(0.346662019934,-0.937990108655,0.));
#2847 = ADVANCED_FACE('',(#2848),#2865,.T.);
#2848 = FACE_BOUND('',#2849,.T.);
#2849 = EDGE_LOOP('',(#2850,#2851,#2859));
#2850 = ORIENTED_EDGE('',*,*,#2177,.T.);
#2851 = ORIENTED_EDGE('',*,*,#2852,.T.);
#2852 = EDGE_CURVE('',#2170,#2853,#2855,.T.);
#2853 = VERTEX_POINT('',#2854);
#2854 = CARTESIAN_POINT('',(61.677589416504,78.924354553223,
    131.48425292968));
#2855 = LINE('',#2856,#2857);
#2856 = CARTESIAN_POINT('',(61.748836517334,78.874656677246,
    131.12925720214));
#2857 = VECTOR('',#2858,1.);
#2858 = DIRECTION('',(-0.194946747467,0.135983628313,0.971341453086));
#2859 = ORIENTED_EDGE('',*,*,#2860,.F.);
#2860 = EDGE_CURVE('',#303,#2853,#2861,.T.);
#2861 = LINE('',#2862,#2863);
#2862 = CARTESIAN_POINT('',(63.197315216064,79.28630065918,
    130.36854553222));
#2863 = VECTOR('',#2864,1.);
#2864 = DIRECTION('',(-0.791633973298,-0.188539823474,0.581178447023));
#2865 = PLANE('',#2866);
#2866 = AXIS2_PLACEMENT_3D('',#2867,#2868,#2869);
#2867 = CARTESIAN_POINT('',(62.385948413736,79.075837296934,
    130.88600834862));
#2868 = DIRECTION('',(-0.363750003013,0.909693843148,-0.200357298461));
#2869 = DIRECTION('',(0.928521571619,0.371278454854,2.775557561563E-17)
  );
#2870 = ADVANCED_FACE('',(#2871),#2886,.T.);
#2871 = FACE_BOUND('',#2872,.T.);
#2872 = EDGE_LOOP('',(#2873,#2879,#2885));
#2873 = ORIENTED_EDGE('',*,*,#2874,.T.);
#2874 = EDGE_CURVE('',#303,#2650,#2875,.T.);
#2875 = LINE('',#2876,#2877);
#2876 = CARTESIAN_POINT('',(63.197315216064,79.28630065918,
    130.36854553222));
#2877 = VECTOR('',#2878,1.);
#2878 = DIRECTION('',(-0.731867781159,-0.146047252672,0.665612312753));
#2879 = ORIENTED_EDGE('',*,*,#2880,.F.);
#2880 = EDGE_CURVE('',#2192,#2650,#2881,.T.);
#2881 = LINE('',#2882,#2883);
#2882 = CARTESIAN_POINT('',(63.234474182129,79.468696594238,
    131.12925720214));
#2883 = VECTOR('',#2884,1.);
#2884 = DIRECTION('',(-0.86584498665,-0.25087836483,0.43286545849));
#2885 = ORIENTED_EDGE('',*,*,#2191,.F.);
#2886 = PLANE('',#2887);
#2887 = AXIS2_PLACEMENT_3D('',#2888,#2889,#2890);
#2888 = CARTESIAN_POINT('',(62.388371695968,79.171914065059,
    131.317849455));
#2889 = DIRECTION('',(-0.36374626495,0.909696943409,-0.200350008451));
#2890 = DIRECTION('',(0.928523323146,0.371274074471,0.));
#2891 = ADVANCED_FACE('',(#2892),#2915,.T.);
#2892 = FACE_BOUND('',#2893,.T.);
#2893 = EDGE_LOOP('',(#2894,#2900,#2908,#2914));
#2894 = ORIENTED_EDGE('',*,*,#2895,.T.);
#2895 = EDGE_CURVE('',#2192,#1924,#2896,.T.);
#2896 = LINE('',#2897,#2898);
#2897 = CARTESIAN_POINT('',(63.234474182129,79.468696594238,
    131.12925720214));
#2898 = VECTOR('',#2899,1.);
#2899 = DIRECTION('',(-0.194944644444,0.135977079963,0.971342791875));
#2900 = ORIENTED_EDGE('',*,*,#2901,.T.);
#2901 = EDGE_CURVE('',#1924,#2902,#2904,.T.);
#2902 = VERTEX_POINT('',#2903);
#2903 = CARTESIAN_POINT('',(63.736545562744,77.937728881836,
    132.25059509277));
#2904 = LINE('',#2905,#2906);
#2905 = CARTESIAN_POINT('',(63.081802368164,79.575187683105,
    131.88996887207));
#2906 = VECTOR('',#2907,1.);
#2907 = DIRECTION('',(0.363745587835,-0.909697755018,0.200347552634));
#2908 = ORIENTED_EDGE('',*,*,#2909,.T.);
#2909 = EDGE_CURVE('',#2902,#2200,#2910,.T.);
#2910 = LINE('',#2911,#2912);
#2911 = CARTESIAN_POINT('',(63.736545562744,77.937728881836,
    132.25059509277));
#2912 = VECTOR('',#2913,1.);
#2913 = DIRECTION('',(0.194944644444,-0.135977079963,-0.971342791875));
#2914 = ORIENTED_EDGE('',*,*,#2199,.T.);
#2915 = PLANE('',#2916);
#2916 = AXIS2_PLACEMENT_3D('',#2917,#2918,#2919);
#2917 = CARTESIAN_POINT('',(63.485509872437,78.703212738037,
    131.68992614746));
#2918 = DIRECTION('',(0.910871032308,0.392378337234,0.12787964252));
#2919 = DIRECTION('',(-0.395626552309,0.918411471568,-2.081668171172E-17
    ));
#2920 = ADVANCED_FACE('',(#2921),#2936,.T.);
#2921 = FACE_BOUND('',#2922,.T.);
#2922 = EDGE_LOOP('',(#2923,#2929,#2930));
#2923 = ORIENTED_EDGE('',*,*,#2924,.F.);
#2924 = EDGE_CURVE('',#1433,#2029,#2925,.T.);
#2925 = LINE('',#2926,#2927);
#2926 = CARTESIAN_POINT('',(63.627597808838,77.402976989746,
    130.02029418945));
#2927 = VECTOR('',#2928,1.);
#2928 = DIRECTION('',(-0.312169201605,8.359602219544E-02,0.946341426042)
  );
#2929 = ORIENTED_EDGE('',*,*,#2222,.T.);
#2930 = ORIENTED_EDGE('',*,*,#2931,.F.);
#2931 = EDGE_CURVE('',#2029,#2200,#2932,.T.);
#2932 = LINE('',#2933,#2934);
#2933 = CARTESIAN_POINT('',(62.303176879883,77.75764465332,
    134.03527832031));
#2934 = VECTOR('',#2935,1.);
#2935 = DIRECTION('',(0.528680882506,2.453107981392E-02,-0.848466116351)
  );
#2936 = PLANE('',#2937);
#2937 = AXIS2_PLACEMENT_3D('',#2938,#2939,#2940);
#2938 = CARTESIAN_POINT('',(63.15001729664,77.659843354005,
    132.05370732668));
#2939 = DIRECTION('',(0.36374125626,-0.909699740985,0.200346399385));
#2940 = DIRECTION('',(-0.928525479152,-0.371268682445,0.));
#2941 = ADVANCED_FACE('',(#2942),#2952,.T.);
#2942 = FACE_BOUND('',#2943,.T.);
#2943 = EDGE_LOOP('',(#2944,#2945,#2951));
#2944 = ORIENTED_EDGE('',*,*,#2924,.T.);
#2945 = ORIENTED_EDGE('',*,*,#2946,.F.);
#2946 = EDGE_CURVE('',#2239,#2029,#2947,.T.);
#2947 = LINE('',#2948,#2949);
#2948 = CARTESIAN_POINT('',(62.332332611084,77.286895751953,
    131.84487915039));
#2949 = VECTOR('',#2950,1.);
#2950 = DIRECTION('',(-1.301244683345E-02,0.210099174282,0.97759348054)
  );
#2951 = ORIENTED_EDGE('',*,*,#2238,.T.);
#2952 = PLANE('',#2953);
#2953 = AXIS2_PLACEMENT_3D('',#2954,#2955,#2956);
#2954 = CARTESIAN_POINT('',(62.802795640871,77.504951093862,
    131.98080916339));
#2955 = DIRECTION('',(0.363749419137,-0.909695957615,0.200348757861));
#2956 = DIRECTION('',(-0.928522074575,-0.371277197019,4.163336342344E-17
    ));
#2957 = ADVANCED_FACE('',(#2958),#2968,.T.);
#2958 = FACE_BOUND('',#2959,.T.);
#2959 = EDGE_LOOP('',(#2960,#2961,#2962));
#2960 = ORIENTED_EDGE('',*,*,#2797,.F.);
#2961 = ORIENTED_EDGE('',*,*,#2246,.F.);
#2962 = ORIENTED_EDGE('',*,*,#2963,.T.);
#2963 = EDGE_CURVE('',#2239,#2798,#2964,.T.);
#2964 = LINE('',#2965,#2966);
#2965 = CARTESIAN_POINT('',(62.332332611084,77.286895751953,
    131.84487915039));
#2966 = VECTOR('',#2967,1.);
#2967 = DIRECTION('',(0.194946747467,-0.135983628313,-0.971341453086));
#2968 = PLANE('',#2969);
#2969 = AXIS2_PLACEMENT_3D('',#2970,#2971,#2972);
#2970 = CARTESIAN_POINT('',(62.768018701889,77.19239563755,
    130.62478454261));
#2971 = DIRECTION('',(0.36378518758,-0.909678685527,0.200362237948));
#2972 = DIRECTION('',(-0.928507057635,-0.371314750478,0.));
#2973 = ADVANCED_FACE('',(#2974),#2979,.T.);
#2974 = FACE_BOUND('',#2975,.T.);
#2975 = EDGE_LOOP('',(#2976,#2977,#2978));
#2976 = ORIENTED_EDGE('',*,*,#2759,.F.);
#2977 = ORIENTED_EDGE('',*,*,#2277,.T.);
#2978 = ORIENTED_EDGE('',*,*,#2516,.T.);
#2979 = PLANE('',#2980);
#2980 = AXIS2_PLACEMENT_3D('',#2981,#2982,#2983);
#2981 = CARTESIAN_POINT('',(59.599508065929,77.109888180875,
    131.92082870049));
#2982 = DIRECTION('',(0.886308013396,0.271820542129,-0.374928924285));
#2983 = DIRECTION('',(0.389598087724,0.,0.920984978185));
#2984 = ADVANCED_FACE('',(#2985),#3176,.T.);
#2985 = FACE_BOUND('',#2986,.T.);
#2986 = EDGE_LOOP('',(#2987,#2995,#3003,#3009,#3010,#3018,#3026,#3034,
    #3042,#3050,#3058,#3066,#3074,#3082,#3090,#3098,#3106,#3114,#3122,
    #3130,#3138,#3146,#3154,#3162,#3170));
#2987 = ORIENTED_EDGE('',*,*,#2988,.F.);
#2988 = EDGE_CURVE('',#2406,#2989,#2991,.T.);
#2989 = VERTEX_POINT('',#2990);
#2990 = CARTESIAN_POINT('',(64.262229623636,91.545655382738,
    170.62457791973));
#2991 = LINE('',#2992,#2993);
#2992 = CARTESIAN_POINT('',(35.33464050293,80.253227233887,
    165.76448059082));
#2993 = VECTOR('',#2994,1.);
#2994 = DIRECTION('',(0.92033487668,0.359270018128,0.154624606192));
#2995 = ORIENTED_EDGE('',*,*,#2996,.F.);
#2996 = EDGE_CURVE('',#2997,#2406,#2999,.T.);
#2997 = VERTEX_POINT('',#2998);
#2998 = CARTESIAN_POINT('',(35.989379882812,78.615768432617,
    166.12510681152));
#2999 = LINE('',#3000,#3001);
#3000 = CARTESIAN_POINT('',(35.989379882812,78.615768432617,
    166.12510681152));
#3001 = VECTOR('',#3002,1.);
#3002 = DIRECTION('',(-0.363743748963,0.909698456281,-0.200347707077));
#3003 = ORIENTED_EDGE('',*,*,#3004,.F.);
#3004 = EDGE_CURVE('',#1597,#2997,#3005,.T.);
#3005 = LINE('',#3006,#3007);
#3006 = CARTESIAN_POINT('',(99.895278930664,103.5626373291,
    176.8618774414));
#3007 = VECTOR('',#3008,1.);
#3008 = DIRECTION('',(-0.92033487668,-0.359270018128,-0.154624606192));
#3009 = ORIENTED_EDGE('',*,*,#2293,.T.);
#3010 = ORIENTED_EDGE('',*,*,#3011,.F.);
#3011 = EDGE_CURVE('',#3012,#1620,#3014,.T.);
#3012 = VERTEX_POINT('',#3013);
#3013 = CARTESIAN_POINT('',(69.174638914504,93.463306685217,
    171.44990723333));
#3014 = LINE('',#3015,#3016);
#3015 = CARTESIAN_POINT('',(35.33464050293,80.253227233887,
    165.76448059082));
#3016 = VECTOR('',#3017,1.);
#3017 = DIRECTION('',(0.92033487668,0.359270018128,0.154624606192));
#3018 = ORIENTED_EDGE('',*,*,#3019,.F.);
#3019 = EDGE_CURVE('',#3020,#3012,#3022,.T.);
#3020 = VERTEX_POINT('',#3021);
#3021 = CARTESIAN_POINT('',(69.75123567525,92.02129580142,
    171.76749055172));
#3022 = LINE('',#3023,#3024);
#3023 = CARTESIAN_POINT('',(69.448422688595,92.778600823299,
    171.60070440289));
#3024 = VECTOR('',#3025,1.);
#3025 = DIRECTION('',(-0.363747728685,0.90969672296,-0.200348351908));
#3026 = ORIENTED_EDGE('',*,*,#3027,.F.);
#3027 = EDGE_CURVE('',#3028,#3020,#3030,.T.);
#3028 = VERTEX_POINT('',#3029);
#3029 = CARTESIAN_POINT('',(69.66946432924,91.985680368559,
    171.75424133888));
#3030 = LINE('',#3031,#3032);
#3031 = CARTESIAN_POINT('',(68.825635822235,91.618151655835,
    171.61751785285));
#3032 = VECTOR('',#3033,1.);
#3033 = DIRECTION('',(0.906861750343,0.394982782586,0.146936609548));
#3034 = ORIENTED_EDGE('',*,*,#3035,.F.);
#3035 = EDGE_CURVE('',#3036,#3028,#3038,.T.);
#3036 = VERTEX_POINT('',#3037);
#3037 = CARTESIAN_POINT('',(69.399642032734,91.868161490784,
    171.71052242594));
#3038 = LINE('',#3039,#3040);
#3039 = CARTESIAN_POINT('',(68.658974073357,91.545569664543,
    171.59051307735));
#3040 = VECTOR('',#3041,1.);
#3041 = DIRECTION('',(0.906864004866,0.394977144316,0.146937851307));
#3042 = ORIENTED_EDGE('',*,*,#3043,.F.);
#3043 = EDGE_CURVE('',#3044,#3036,#3046,.T.);
#3044 = VERTEX_POINT('',#3045);
#3045 = CARTESIAN_POINT('',(69.223798044217,91.791574493358,
    171.68203062777));
#3046 = LINE('',#3047,#3048);
#3047 = CARTESIAN_POINT('',(68.48359619279,91.469187371867,
    171.56209657753));
#3048 = VECTOR('',#3049,1.);
#3049 = DIRECTION('',(0.906864712177,0.394975375402,0.146938240886));
#3050 = ORIENTED_EDGE('',*,*,#3051,.F.);
#3051 = EDGE_CURVE('',#3052,#3044,#3054,.T.);
#3052 = VERTEX_POINT('',#3053);
#3053 = CARTESIAN_POINT('',(68.794181344536,91.60446216722,
    171.61241997272));
#3054 = LINE('',#3055,#3056);
#3055 = CARTESIAN_POINT('',(68.411018087681,91.437581856623,
    171.550336154));
#3056 = VECTOR('',#3057,1.);
#3057 = DIRECTION('',(0.906866655376,0.394970515602,0.146939311186));
#3058 = ORIENTED_EDGE('',*,*,#3059,.F.);
#3059 = EDGE_CURVE('',#3060,#3052,#3062,.T.);
#3060 = VERTEX_POINT('',#3061);
#3061 = CARTESIAN_POINT('',(68.766392613399,91.592359449876,
    171.60791734751));
#3062 = LINE('',#3063,#3064);
#3063 = CARTESIAN_POINT('',(68.322962601757,91.399234111893,
    171.53606810977));
#3064 = VECTOR('',#3065,1.);
#3065 = DIRECTION('',(0.906868844871,0.394965039744,0.146940517156));
#3066 = ORIENTED_EDGE('',*,*,#3067,.F.);
#3067 = EDGE_CURVE('',#3068,#3060,#3070,.T.);
#3068 = VERTEX_POINT('',#3069);
#3069 = CARTESIAN_POINT('',(68.679198811784,91.554380487911,
    171.59378978349));
#3070 = LINE('',#3071,#3072);
#3071 = CARTESIAN_POINT('',(68.309488920567,91.393346129542,
    171.53388758792));
#3072 = VECTOR('',#3073,1.);
#3073 = DIRECTION('',(0.906855432621,0.394998581845,0.146933129912));
#3074 = ORIENTED_EDGE('',*,*,#3075,.F.);
#3075 = EDGE_CURVE('',#3076,#3068,#3078,.T.);
#3076 = VERTEX_POINT('',#3077);
#3077 = CARTESIAN_POINT('',(68.505205248657,91.478600931953,
    171.56559760794));
#3078 = LINE('',#3079,#3080);
#3079 = CARTESIAN_POINT('',(68.272821638489,91.377390712023,
    171.52794449357));
#3080 = VECTOR('',#3081,1.);
#3081 = DIRECTION('',(0.906867389102,0.394968680587,0.14693971532));
#3082 = ORIENTED_EDGE('',*,*,#3083,.F.);
#3083 = EDGE_CURVE('',#3084,#3076,#3086,.T.);
#3084 = VERTEX_POINT('',#3085);
#3085 = CARTESIAN_POINT('',(68.218070490314,91.353543863858,
    171.51907330275));
#3086 = LINE('',#3087,#3088);
#3087 = CARTESIAN_POINT('',(68.21479098232,91.352115525273,
    171.51854192567));
#3088 = VECTOR('',#3089,1.);
#3089 = DIRECTION('',(0.906866274046,0.394971469287,0.146939101151));
#3090 = ORIENTED_EDGE('',*,*,#3091,.F.);
#3091 = EDGE_CURVE('',#3092,#3084,#3094,.T.);
#3092 = VERTEX_POINT('',#3093);
#3093 = CARTESIAN_POINT('',(67.819909866223,91.180131775291,
    171.4545594558));
#3094 = LINE('',#3095,#3096);
#3095 = CARTESIAN_POINT('',(68.140450752026,91.319737906874,
    171.50649659975));
#3096 = VECTOR('',#3097,1.);
#3097 = DIRECTION('',(0.906866712021,0.394970373936,0.146939342386));
#3098 = ORIENTED_EDGE('',*,*,#3099,.F.);
#3099 = EDGE_CURVE('',#3100,#3092,#3102,.T.);
#3100 = VERTEX_POINT('',#3101);
#3101 = CARTESIAN_POINT('',(67.692087547477,91.124459400792,
    171.43384864722));
#3102 = LINE('',#3103,#3104);
#3103 = CARTESIAN_POINT('',(68.057448942051,91.283590737054,
    171.49304746304));
#3104 = VECTOR('',#3105,1.);
#3105 = DIRECTION('',(0.906862997621,0.394979663318,0.146937296529));
#3106 = ORIENTED_EDGE('',*,*,#3107,.F.);
#3107 = EDGE_CURVE('',#3108,#3100,#3110,.T.);
#3108 = VERTEX_POINT('',#3109);
#3109 = CARTESIAN_POINT('',(67.083279228189,92.646905121555,
    171.0985398386));
#3110 = LINE('',#3111,#3112);
#3111 = CARTESIAN_POINT('',(67.389256092067,91.881749402908,
    171.26706042947));
#3112 = VECTOR('',#3113,1.);
#3113 = DIRECTION('',(0.36377276761,-0.909685817083,0.200352408878));
#3114 = ORIENTED_EDGE('',*,*,#3115,.F.);
#3115 = EDGE_CURVE('',#3116,#3108,#3118,.T.);
#3116 = VERTEX_POINT('',#3117);
#3117 = CARTESIAN_POINT('',(66.351513052998,92.361246440472,
    170.97559648447));
#3118 = LINE('',#3119,#3120);
#3119 = CARTESIAN_POINT('',(35.33464050293,80.253227233887,
    165.76448059082));
#3120 = VECTOR('',#3121,1.);
#3121 = DIRECTION('',(0.92033487668,0.359270018128,0.154624606192));
#3122 = ORIENTED_EDGE('',*,*,#3123,.F.);
#3123 = EDGE_CURVE('',#3124,#3116,#3126,.T.);
#3124 = VERTEX_POINT('',#3125);
#3125 = CARTESIAN_POINT('',(66.971485118489,90.810607053484,
    171.31709047366));
#3126 = LINE('',#3127,#3128);
#3127 = CARTESIAN_POINT('',(66.668692234496,91.567935646422,
    171.15030562059));
#3128 = VECTOR('',#3129,1.);
#3129 = DIRECTION('',(-0.3637175204,0.909709879304,-0.200343457221));
#3130 = ORIENTED_EDGE('',*,*,#3131,.F.);
#3131 = EDGE_CURVE('',#3132,#3124,#3134,.T.);
#3132 = VERTEX_POINT('',#3133);
#3133 = CARTESIAN_POINT('',(66.910591359157,90.784085333724,
    171.30722393938));
#3134 = LINE('',#3135,#3136);
#3135 = CARTESIAN_POINT('',(67.889912043519,91.210619497985,
    171.46590195852));
#3136 = VECTOR('',#3137,1.);
#3137 = DIRECTION('',(0.906864285445,0.394976442617,0.146938005846));
#3138 = ORIENTED_EDGE('',*,*,#3139,.F.);
#3139 = EDGE_CURVE('',#3140,#3132,#3142,.T.);
#3140 = VERTEX_POINT('',#3141);
#3141 = CARTESIAN_POINT('',(65.540561930412,90.187381838777,
    171.08523986738));
#3142 = LINE('',#3143,#3144);
#3143 = CARTESIAN_POINT('',(67.394401963113,90.994804514068,
    171.38561513717));
#3144 = VECTOR('',#3145,1.);
#3145 = DIRECTION('',(0.906864350441,0.394976280069,0.146938041645));
#3146 = ORIENTED_EDGE('',*,*,#3147,.F.);
#3147 = EDGE_CURVE('',#3148,#3140,#3150,.T.);
#3148 = VERTEX_POINT('',#3149);
#3149 = CARTESIAN_POINT('',(65.06517110036,89.980330529226,
    171.00821281957));
#3150 = LINE('',#3151,#3152);
#3151 = CARTESIAN_POINT('',(67.351708869528,90.97620720483,
    171.37869799288));
#3152 = VECTOR('',#3153,1.);
#3153 = DIRECTION('',(0.906864816277,0.394975115056,0.146938298223));
#3154 = ORIENTED_EDGE('',*,*,#3155,.F.);
#3155 = EDGE_CURVE('',#3156,#3148,#3158,.T.);
#3156 = VERTEX_POINT('',#3157);
#3157 = CARTESIAN_POINT('',(64.954263352448,89.932024579324,
    170.99024273066));
#3158 = LINE('',#3159,#3160);
#3159 = CARTESIAN_POINT('',(66.846838241269,90.756336942394,
    171.29689163187));
#3160 = VECTOR('',#3161,1.);
#3161 = DIRECTION('',(0.906861236327,0.394984068059,0.146936326438));
#3162 = ORIENTED_EDGE('',*,*,#3163,.F.);
#3163 = EDGE_CURVE('',#3164,#3156,#3166,.T.);
#3164 = VERTEX_POINT('',#3165);
#3165 = CARTESIAN_POINT('',(64.914391576172,89.914658529773,
    170.98378239485));
#3166 = LINE('',#3167,#3168);
#3167 = CARTESIAN_POINT('',(66.543843207215,90.624361994456,
    171.2477988422));
#3168 = VECTOR('',#3169,1.);
#3169 = DIRECTION('',(0.90686225468,0.394981521314,0.146936887328));
#3170 = ORIENTED_EDGE('',*,*,#3171,.F.);
#3171 = EDGE_CURVE('',#2989,#3164,#3172,.T.);
#3172 = LINE('',#3173,#3174);
#3173 = CARTESIAN_POINT('',(64.611579594751,90.671963347722,
    170.81699649386));
#3174 = VECTOR('',#3175,1.);
#3175 = DIRECTION('',(0.363746783693,-0.909697134542,0.200348198792));
#3176 = PLANE('',#3177);
#3177 = AXIS2_PLACEMENT_3D('',#3178,#3179,#3180);
#3178 = CARTESIAN_POINT('',(67.614959716797,91.907932281494,
    171.31317901611));
#3179 = DIRECTION('',(-0.212801901717,0.128240399109,0.968643252525));
#3180 = DIRECTION('',(0.976707819681,6.938893903907E-18,0.214573612017)
  );
#3181 = ADVANCED_FACE('',(#3182),#3200,.T.);
#3182 = FACE_BOUND('',#3183,.T.);
#3183 = EDGE_LOOP('',(#3184,#3185,#3193,#3199));
#3184 = ORIENTED_EDGE('',*,*,#2358,.F.);
#3185 = ORIENTED_EDGE('',*,*,#3186,.F.);
#3186 = EDGE_CURVE('',#3187,#2351,#3189,.T.);
#3187 = VERTEX_POINT('',#3188);
#3188 = CARTESIAN_POINT('',(60.88049697876,77.275505065918,
    134.42906188964));
#3189 = LINE('',#3190,#3191);
#3190 = CARTESIAN_POINT('',(60.88049697876,77.275505065918,
    134.42906188964));
#3191 = VECTOR('',#3192,1.);
#3192 = DIRECTION('',(-0.363745587835,0.909697755018,-0.200347552634));
#3193 = ORIENTED_EDGE('',*,*,#3194,.F.);
#3194 = EDGE_CURVE('',#2736,#3187,#3195,.T.);
#3195 = LINE('',#3196,#3197);
#3196 = CARTESIAN_POINT('',(61.609058380127,77.544761657715,
    134.32890319824));
#3197 = VECTOR('',#3198,1.);
#3198 = DIRECTION('',(-0.930289539244,-0.343809856316,0.127891187626));
#3199 = ORIENTED_EDGE('',*,*,#2735,.F.);
#3200 = PLANE('',#3201);
#3201 = AXIS2_PLACEMENT_3D('',#3202,#3203,#3204);
#3202 = CARTESIAN_POINT('',(60.917406082153,78.228862762451,
    134.19866943359));
#3203 = DIRECTION('',(4.746086298608E-02,0.232901087652,0.97134162366));
#3204 = DIRECTION('',(0.,0.972437465104,-0.233163840383));
#3205 = ADVANCED_FACE('',(#3206),#3224,.T.);
#3206 = FACE_BOUND('',#3207,.T.);
#3207 = EDGE_LOOP('',(#3208,#3209,#3210,#3218));
#3208 = ORIENTED_EDGE('',*,*,#3186,.T.);
#3209 = ORIENTED_EDGE('',*,*,#2350,.F.);
#3210 = ORIENTED_EDGE('',*,*,#3211,.T.);
#3211 = EDGE_CURVE('',#2343,#3212,#3214,.T.);
#3212 = VERTEX_POINT('',#3213);
#3213 = CARTESIAN_POINT('',(60.167140960693,76.968208312988,
    134.32890319824));
#3214 = LINE('',#3215,#3216);
#3215 = CARTESIAN_POINT('',(59.512397766113,78.605667114258,
    133.96827697753));
#3216 = VECTOR('',#3217,1.);
#3217 = DIRECTION('',(0.363745587835,-0.909697755018,0.200347552634));
#3218 = ORIENTED_EDGE('',*,*,#3219,.T.);
#3219 = EDGE_CURVE('',#3212,#3187,#3220,.T.);
#3220 = LINE('',#3221,#3222);
#3221 = CARTESIAN_POINT('',(60.167140960693,76.968208312988,
    134.32890319824));
#3222 = VECTOR('',#3223,1.);
#3223 = DIRECTION('',(0.910868602595,0.392380461977,0.127890429138));
#3224 = PLANE('',#3225);
#3225 = AXIS2_PLACEMENT_3D('',#3226,#3227,#3228);
#3226 = CARTESIAN_POINT('',(60.196447372437,77.940586090088,
    134.19866943359));
#3227 = DIRECTION('',(-0.194954101534,0.135970715976,0.971341784694));
#3228 = DIRECTION('',(0.980447339652,0.,0.196781640835));
#3229 = ADVANCED_FACE('',(#3230),#3248,.T.);
#3230 = FACE_BOUND('',#3231,.T.);
#3231 = EDGE_LOOP('',(#3232,#3233,#3234,#3242));
#3232 = ORIENTED_EDGE('',*,*,#3211,.F.);
#3233 = ORIENTED_EDGE('',*,*,#2342,.F.);
#3234 = ORIENTED_EDGE('',*,*,#3235,.F.);
#3235 = EDGE_CURVE('',#3236,#2335,#3238,.T.);
#3236 = VERTEX_POINT('',#3237);
#3237 = CARTESIAN_POINT('',(59.517608642578,76.643821716309,
    134.03527832031));
#3238 = LINE('',#3239,#3240);
#3239 = CARTESIAN_POINT('',(59.517608642578,76.643821716309,
    134.03527832031));
#3240 = VECTOR('',#3241,1.);
#3241 = DIRECTION('',(-0.363745587835,0.909697755018,-0.200347552634));
#3242 = ORIENTED_EDGE('',*,*,#3243,.T.);
#3243 = EDGE_CURVE('',#3236,#3212,#3244,.T.);
#3244 = LINE('',#3245,#3246);
#3245 = CARTESIAN_POINT('',(59.517608642578,76.643821716309,
    134.03527832031));
#3246 = VECTOR('',#3247,1.);
#3247 = DIRECTION('',(0.82937717624,0.414203931137,0.37492479641));
#3248 = PLANE('',#3249);
#3249 = AXIS2_PLACEMENT_3D('',#3250,#3251,#3252);
#3250 = CARTESIAN_POINT('',(59.515003204346,77.624744415283,
    134.00177764892));
#3251 = DIRECTION('',(-0.424052989491,2.978644700676E-02,0.905147407707)
  );
#3252 = DIRECTION('',(0.905549213163,0.,0.424241231543));
#3253 = ADVANCED_FACE('',(#3254),#3272,.T.);
#3254 = FACE_BOUND('',#3255,.T.);
#3255 = EDGE_LOOP('',(#3256,#3257,#3258,#3266));
#3256 = ORIENTED_EDGE('',*,*,#3235,.T.);
#3257 = ORIENTED_EDGE('',*,*,#2334,.F.);
#3258 = ORIENTED_EDGE('',*,*,#3259,.T.);
#3259 = EDGE_CURVE('',#2327,#3260,#3262,.T.);
#3260 = VERTEX_POINT('',#3261);
#3261 = CARTESIAN_POINT('',(58.97615814209,76.32445526123,
    133.56819152832));
#3262 = LINE('',#3263,#3264);
#3263 = CARTESIAN_POINT('',(58.32141494751,77.9619140625,133.20756530761
    ));
#3264 = VECTOR('',#3265,1.);
#3265 = DIRECTION('',(0.363745587835,-0.909697755018,0.200347552634));
#3266 = ORIENTED_EDGE('',*,*,#3267,.F.);
#3267 = EDGE_CURVE('',#3236,#3260,#3268,.T.);
#3268 = LINE('',#3269,#3270);
#3269 = CARTESIAN_POINT('',(59.517608642578,76.643821716309,
    134.03527832031));
#3270 = VECTOR('',#3271,1.);
#3271 = DIRECTION('',(-0.69136973438,-0.407794066158,-0.596415870002));
#3272 = PLANE('',#3273);
#3273 = AXIS2_PLACEMENT_3D('',#3274,#3275,#3276);
#3274 = CARTESIAN_POINT('',(58.919511795044,77.302867889404,
    133.62142181396));
#3275 = DIRECTION('',(-0.624258721136,-7.842940697987E-02,0.777270787568
    ));
#3276 = DIRECTION('',(0.779672436085,0.,0.62618758564));
#3277 = ADVANCED_FACE('',(#3278),#3289,.T.);
#3278 = FACE_BOUND('',#3279,.T.);
#3279 = EDGE_LOOP('',(#3280,#3286,#3287,#3288));
#3280 = ORIENTED_EDGE('',*,*,#3281,.F.);
#3281 = EDGE_CURVE('',#3260,#2429,#3282,.T.);
#3282 = LINE('',#3283,#3284);
#3283 = CARTESIAN_POINT('',(58.97615814209,76.32445526123,
    133.56819152832));
#3284 = VECTOR('',#3285,1.);
#3285 = DIRECTION('',(-0.506236130273,-0.373610349891,-0.7772646183));
#3286 = ORIENTED_EDGE('',*,*,#3259,.F.);
#3287 = ORIENTED_EDGE('',*,*,#2326,.F.);
#3288 = ORIENTED_EDGE('',*,*,#2428,.T.);
#3289 = PLANE('',#3290);
#3290 = AXIS2_PLACEMENT_3D('',#3291,#3292,#3293);
#3291 = CARTESIAN_POINT('',(58.450555801392,76.996887207031,
    133.08351898193));
#3292 = DIRECTION('',(-0.781927797588,-0.181303405737,0.596420987581));
#3293 = DIRECTION('',(-0.606471920062,2.775557561563E-17,-0.795104905139
    ));
#3294 = ADVANCED_FACE('',(#3295),#3320,.T.);
#3295 = FACE_BOUND('',#3296,.T.);
#3296 = EDGE_LOOP('',(#3297,#3298,#3306,#3314));
#3297 = ORIENTED_EDGE('',*,*,#2310,.F.);
#3298 = ORIENTED_EDGE('',*,*,#3299,.F.);
#3299 = EDGE_CURVE('',#3300,#1597,#3302,.T.);
#3300 = VERTEX_POINT('',#3301);
#3301 = CARTESIAN_POINT('',(60.465511322021,81.72233581543,
    148.82662963867));
#3302 = LINE('',#3303,#3304);
#3303 = CARTESIAN_POINT('',(60.465511322021,81.72233581543,
    148.82662963867));
#3304 = VECTOR('',#3305,1.);
#3305 = DIRECTION('',(0.742811035308,0.411445919231,0.528151513652));
#3306 = ORIENTED_EDGE('',*,*,#3307,.T.);
#3307 = EDGE_CURVE('',#3300,#3308,#3310,.T.);
#3308 = VERTEX_POINT('',#3309);
#3309 = CARTESIAN_POINT('',(60.029102325439,81.514541625977,
    148.62901306152));
#3310 = LINE('',#3311,#3312);
#3311 = CARTESIAN_POINT('',(60.465511322021,81.72233581543,
    148.82662963867));
#3312 = VECTOR('',#3313,1.);
#3313 = DIRECTION('',(-0.835726601413,-0.397927478822,-0.378437272596));
#3314 = ORIENTED_EDGE('',*,*,#3315,.T.);
#3315 = EDGE_CURVE('',#3308,#1643,#3316,.T.);
#3316 = LINE('',#3317,#3318);
#3317 = CARTESIAN_POINT('',(60.029102325439,81.514541625977,
    148.62901306152));
#3318 = VECTOR('',#3319,1.);
#3319 = DIRECTION('',(-0.702780108049,-0.413192391667,-0.579113259389));
#3320 = PLANE('',#3321);
#3321 = AXIS2_PLACEMENT_3D('',#3322,#3323,#3324);
#3322 = CARTESIAN_POINT('',(62.979999010744,82.713027846255,
    149.27934490617));
#3323 = DIRECTION('',(0.309376285921,-0.910542876902,0.27422250643));
#3324 = DIRECTION('',(-0.946838736335,-0.321708575229,0.));
#3325 = ADVANCED_FACE('',(#3326),#3343,.T.);
#3326 = FACE_BOUND('',#3327,.T.);
#3327 = EDGE_LOOP('',(#3328,#3336,#3342));
#3328 = ORIENTED_EDGE('',*,*,#3329,.T.);
#3329 = EDGE_CURVE('',#1178,#3330,#3332,.T.);
#3330 = VERTEX_POINT('',#3331);
#3331 = CARTESIAN_POINT('',(59.374359130859,83.152000427246,
    148.2684020996));
#3332 = LINE('',#3333,#3334);
#3333 = CARTESIAN_POINT('',(25.913522720337,63.479042053223,
    120.69559478759));
#3334 = VECTOR('',#3335,1.);
#3335 = DIRECTION('',(0.702780022558,0.413192364956,0.579113382193));
#3336 = ORIENTED_EDGE('',*,*,#3337,.T.);
#3337 = EDGE_CURVE('',#3330,#2383,#3338,.T.);
#3338 = LINE('',#3339,#3340);
#3339 = CARTESIAN_POINT('',(59.374359130859,83.152000427246,
    148.2684020996));
#3340 = VECTOR('',#3341,1.);
#3341 = DIRECTION('',(0.835726601413,0.397927478822,0.378437272596));
#3342 = ORIENTED_EDGE('',*,*,#2382,.F.);
#3343 = PLANE('',#3344);
#3344 = AXIS2_PLACEMENT_3D('',#3345,#3346,#3347);
#3345 = CARTESIAN_POINT('',(42.844975150873,73.421389820536,
    134.60672438736));
#3346 = DIRECTION('',(-0.30937640467,0.910542892971,-0.274222319102));
#3347 = DIRECTION('',(0.946838700451,0.321708680842,0.));
#3348 = ADVANCED_FACE('',(#3349),#3366,.T.);
#3349 = FACE_BOUND('',#3350,.T.);
#3350 = EDGE_LOOP('',(#3351,#3352,#3360));
#3351 = ORIENTED_EDGE('',*,*,#2390,.T.);
#3352 = ORIENTED_EDGE('',*,*,#3353,.T.);
#3353 = EDGE_CURVE('',#2383,#3354,#3356,.T.);
#3354 = VERTEX_POINT('',#3355);
#3355 = CARTESIAN_POINT('',(60.170562744141,83.575630187988,
    148.77676391601));
#3356 = LINE('',#3357,#3358);
#3357 = CARTESIAN_POINT('',(59.810768127441,83.359794616699,
    148.46601867675));
#3358 = VECTOR('',#3359,1.);
#3359 = DIRECTION('',(0.68911534938,0.413390301617,0.595170978609));
#3360 = ORIENTED_EDGE('',*,*,#3361,.F.);
#3361 = EDGE_CURVE('',#1620,#3354,#3362,.T.);
#3362 = LINE('',#3363,#3364);
#3363 = CARTESIAN_POINT('',(99.240539550781,105.20009613037,
    176.5012512207));
#3364 = VECTOR('',#3365,1.);
#3365 = DIRECTION('',(-0.743317065367,-0.411411418133,-0.527466003989));
#3366 = PLANE('',#3367);
#3367 = AXIS2_PLACEMENT_3D('',#3368,#3369,#3370);
#3368 = CARTESIAN_POINT('',(79.51864846962,94.28020113684,162.492385564)
  );
#3369 = DIRECTION('',(-0.309346486124,0.910540827103,-0.274262928046));
#3370 = DIRECTION('',(0.946847954488,0.321681443485,2.775557561563E-17)
  );
#3371 = ADVANCED_FACE('',(#3372),#3382,.T.);
#3372 = FACE_BOUND('',#3373,.T.);
#3373 = EDGE_LOOP('',(#3374,#3375,#3376));
#3374 = ORIENTED_EDGE('',*,*,#2996,.T.);
#3375 = ORIENTED_EDGE('',*,*,#2405,.F.);
#3376 = ORIENTED_EDGE('',*,*,#3377,.F.);
#3377 = EDGE_CURVE('',#2997,#1643,#3378,.T.);
#3378 = LINE('',#3379,#3380);
#3379 = CARTESIAN_POINT('',(35.989379882812,78.615768432617,
    166.12510681152));
#3380 = VECTOR('',#3381,1.);
#3381 = DIRECTION('',(-0.192254224486,-0.342306368587,-0.919709010064));
#3382 = PLANE('',#3383);
#3383 = AXIS2_PLACEMENT_3D('',#3384,#3385,#3386);
#3384 = CARTESIAN_POINT('',(31.196805355158,70.797024100851,
    143.90461027492));
#3385 = DIRECTION('',(-0.906722844931,-0.296506214142,0.299896227811));
#3386 = DIRECTION('',(-0.314017295576,1.387778780781E-17,-0.949417262366
    ));
#3387 = ADVANCED_FACE('',(#3388),#3405,.T.);
#3388 = FACE_BOUND('',#3389,.T.);
#3389 = EDGE_LOOP('',(#3390,#3398,#3399));
#3390 = ORIENTED_EDGE('',*,*,#3391,.T.);
#3391 = EDGE_CURVE('',#3392,#1178,#3394,.T.);
#3392 = VERTEX_POINT('',#3393);
#3393 = CARTESIAN_POINT('',(56.943969726562,83.170822143555,
    151.07283020019));
#3394 = LINE('',#3395,#3396);
#3395 = CARTESIAN_POINT('',(56.943969726562,83.170822143555,
    151.07283020019));
#3396 = VECTOR('',#3397,1.);
#3397 = DIRECTION('',(-0.65079935921,-0.412994304011,-0.637099598891));
#3398 = ORIENTED_EDGE('',*,*,#2413,.T.);
#3399 = ORIENTED_EDGE('',*,*,#3400,.F.);
#3400 = EDGE_CURVE('',#3392,#2406,#3401,.T.);
#3401 = LINE('',#3402,#3403);
#3402 = CARTESIAN_POINT('',(56.943969726562,83.170822143555,
    151.07283020019));
#3403 = VECTOR('',#3404,1.);
#3404 = DIRECTION('',(-0.821867309633,-0.110964845516,0.558767329409));
#3405 = PLANE('',#3406);
#3406 = AXIS2_PLACEMENT_3D('',#3407,#3408,#3409);
#3407 = CARTESIAN_POINT('',(38.130476699249,74.536830239056,
    143.62930860046));
#3408 = DIRECTION('',(-0.309375310798,0.910542869801,-0.274223630131));
#3409 = DIRECTION('',(0.946839044439,0.32170766843,-2.775557561563E-17)
  );
#3410 = ADVANCED_FACE('',(#3411),#3426,.T.);
#3411 = FACE_BOUND('',#3412,.T.);
#3412 = EDGE_LOOP('',(#3413,#3419,#3420));
#3413 = ORIENTED_EDGE('',*,*,#3414,.T.);
#3414 = EDGE_CURVE('',#217,#2429,#3415,.T.);
#3415 = LINE('',#3416,#3417);
#3416 = CARTESIAN_POINT('',(58.802848815918,75.473777770996,
    130.02029418945));
#3417 = VECTOR('',#3418,1.);
#3418 = DIRECTION('',(-7.438395803422E-02,0.186027287984,0.979724897567)
  );
#3419 = ORIENTED_EDGE('',*,*,#2452,.T.);
#3420 = ORIENTED_EDGE('',*,*,#3421,.F.);
#3421 = EDGE_CURVE('',#217,#1683,#3422,.T.);
#3422 = LINE('',#3423,#3424);
#3423 = CARTESIAN_POINT('',(58.802848815918,75.473777770996,
    130.02029418945));
#3424 = VECTOR('',#3425,1.);
#3425 = DIRECTION('',(-0.312168561712,8.359868187116E-02,0.946341402174)
  );
#3426 = PLANE('',#3427);
#3427 = AXIS2_PLACEMENT_3D('',#3428,#3429,#3430);
#3428 = CARTESIAN_POINT('',(58.596356763021,75.714867568933,
    131.48988322102));
#3429 = DIRECTION('',(0.363737240742,-0.909701101799,0.200347510798));
#3430 = DIRECTION('',(-0.928527083527,-0.371264669955,
    -2.775557561563E-17));
#3431 = ADVANCED_FACE('',(#3432),#3437,.T.);
#3432 = FACE_BOUND('',#3433,.T.);
#3433 = EDGE_LOOP('',(#3434,#3435,#3436));
#3434 = ORIENTED_EDGE('',*,*,#3421,.T.);
#3435 = ORIENTED_EDGE('',*,*,#2477,.T.);
#3436 = ORIENTED_EDGE('',*,*,#2780,.F.);
#3437 = PLANE('',#3438);
#3438 = AXIS2_PLACEMENT_3D('',#3439,#3440,#3441);
#3439 = CARTESIAN_POINT('',(58.537938357539,75.528248882431,
    130.74858089721));
#3440 = DIRECTION('',(0.363744072507,-0.90969793542,0.200349484671));
#3441 = DIRECTION('',(-0.928524234173,-0.371271796065,0.));
#3442 = ADVANCED_FACE('',(#3443),#3453,.T.);
#3443 = FACE_BOUND('',#3444,.T.);
#3444 = EDGE_LOOP('',(#3445,#3451,#3452));
#3445 = ORIENTED_EDGE('',*,*,#3446,.T.);
#3446 = EDGE_CURVE('',#2532,#2509,#3447,.T.);
#3447 = LINE('',#3448,#3449);
#3448 = CARTESIAN_POINT('',(60.110816955566,76.534034729004,
    132.45976257324));
#3449 = VECTOR('',#3450,1.);
#3450 = DIRECTION('',(-0.506227100684,-0.373606037977,-0.77727257183));
#3451 = ORIENTED_EDGE('',*,*,#2508,.F.);
#3452 = ORIENTED_EDGE('',*,*,#2539,.F.);
#3453 = PLANE('',#3454);
#3454 = AXIS2_PLACEMENT_3D('',#3455,#3456,#3457);
#3455 = CARTESIAN_POINT('',(59.76244058051,77.240433016734,
    132.21776006151));
#3456 = DIRECTION('',(0.781934771782,0.181306600365,-0.596410872924));
#3457 = DIRECTION('',(0.606461998155,1.387778780781E-17,0.795112473046)
  );
#3458 = ADVANCED_FACE('',(#3459),#3469,.T.);
#3459 = FACE_BOUND('',#3460,.T.);
#3460 = EDGE_LOOP('',(#3461,#3467,#3468));
#3461 = ORIENTED_EDGE('',*,*,#3462,.F.);
#3462 = EDGE_CURVE('',#2532,#2555,#3463,.T.);
#3463 = LINE('',#3464,#3465);
#3464 = CARTESIAN_POINT('',(60.110816955566,76.534034729004,
    132.45976257324));
#3465 = VECTOR('',#3466,1.);
#3466 = DIRECTION('',(0.691371520877,0.407800436618,0.596409443264));
#3467 = ORIENTED_EDGE('',*,*,#2531,.F.);
#3468 = ORIENTED_EDGE('',*,*,#2564,.T.);
#3469 = PLANE('',#3470);
#3470 = AXIS2_PLACEMENT_3D('',#3471,#3472,#3473);
#3471 = CARTESIAN_POINT('',(59.996500466178,77.386035167642,
    132.45391785659));
#3472 = DIRECTION('',(0.62425415105,7.842671136148E-02,-0.777274729964)
  );
#3473 = DIRECTION('',(-0.77967622481,-1.387778780781E-17,-0.626182868231
    ));
#3474 = ADVANCED_FACE('',(#3475),#3490,.T.);
#3475 = FACE_BOUND('',#3476,.T.);
#3476 = EDGE_LOOP('',(#3477,#3483,#3484));
#3477 = ORIENTED_EDGE('',*,*,#3478,.F.);
#3478 = EDGE_CURVE('',#2555,#3187,#3479,.T.);
#3479 = LINE('',#3480,#3481);
#3480 = CARTESIAN_POINT('',(60.363494873047,76.683074951172,
    132.677734375));
#3481 = VECTOR('',#3482,1.);
#3482 = DIRECTION('',(0.26930799648,0.308598679761,0.91227192102));
#3483 = ORIENTED_EDGE('',*,*,#2554,.T.);
#3484 = ORIENTED_EDGE('',*,*,#3485,.T.);
#3485 = EDGE_CURVE('',#2557,#3187,#3486,.T.);
#3486 = LINE('',#3487,#3488);
#3487 = CARTESIAN_POINT('',(60.666610717773,76.834449768066,
    132.81475830078));
#3488 = VECTOR('',#3489,1.);
#3489 = DIRECTION('',(0.126778650228,0.26143051489,0.956860104577));
#3490 = PLANE('',#3491);
#3491 = AXIS2_PLACEMENT_3D('',#3492,#3493,#3494);
#3492 = CARTESIAN_POINT('',(60.676525155584,76.991145753994,
    133.50823405486));
#3493 = DIRECTION('',(0.363731327729,-0.909702089917,0.200353759208));
#3494 = DIRECTION('',(-0.928529303105,-0.371259118778,0.));
#3495 = ADVANCED_FACE('',(#3496),#3506,.T.);
#3496 = FACE_BOUND('',#3497,.T.);
#3497 = EDGE_LOOP('',(#3498,#3499,#3500));
#3498 = ORIENTED_EDGE('',*,*,#2571,.F.);
#3499 = ORIENTED_EDGE('',*,*,#2585,.F.);
#3500 = ORIENTED_EDGE('',*,*,#3501,.T.);
#3501 = EDGE_CURVE('',#2586,#2557,#3502,.T.);
#3502 = LINE('',#3503,#3504);
#3503 = CARTESIAN_POINT('',(60.999507904053,76.977851867676,
    132.86149597168));
#3504 = VECTOR('',#3505,1.);
#3505 = DIRECTION('',(-0.910871493063,-0.39237605472,-0.127883364078));
#3506 = PLANE('',#3507);
#3507 = AXIS2_PLACEMENT_3D('',#3508,#3509,#3510);
#3508 = CARTESIAN_POINT('',(60.460721729875,77.617868232402,
    132.66376955365));
#3509 = DIRECTION('',(0.194946791482,-0.135973864959,-0.97134281103));
#3510 = DIRECTION('',(-0.98044880332,0.,-0.196774348098));
#3511 = ADVANCED_FACE('',(#3512),#3527,.T.);
#3512 = FACE_BOUND('',#3513,.T.);
#3513 = EDGE_LOOP('',(#3514,#3520,#3521));
#3514 = ORIENTED_EDGE('',*,*,#3515,.F.);
#3515 = EDGE_CURVE('',#2586,#3187,#3516,.T.);
#3516 = LINE('',#3517,#3518);
#3517 = CARTESIAN_POINT('',(60.999507904053,76.977851867676,
    132.86149597168));
#3518 = VECTOR('',#3519,1.);
#3519 = DIRECTION('',(-7.438148060542E-02,0.186032379277,0.979724118925)
  );
#3520 = ORIENTED_EDGE('',*,*,#2608,.T.);
#3521 = ORIENTED_EDGE('',*,*,#3522,.T.);
#3522 = EDGE_CURVE('',#2609,#3187,#3523,.T.);
#3523 = LINE('',#3524,#3525);
#3524 = CARTESIAN_POINT('',(61.339504241943,77.103507995605,
    132.81475830078));
#3525 = VECTOR('',#3526,1.);
#3526 = DIRECTION('',(-0.27207164651,0.101949424047,0.956861188523));
#3527 = PLANE('',#3528);
#3528 = AXIS2_PLACEMENT_3D('',#3529,#3530,#3531);
#3529 = CARTESIAN_POINT('',(61.041486921787,77.147093131985,
    133.55372179508));
#3530 = DIRECTION('',(0.363747585225,-0.909696126992,0.200351318384));
#3531 = DIRECTION('',(-0.92852274371,-0.371275523584,0.));
#3532 = ADVANCED_FACE('',(#3533),#3550,.T.);
#3533 = FACE_BOUND('',#3534,.T.);
#3534 = EDGE_LOOP('',(#3535,#3543,#3544));
#3535 = ORIENTED_EDGE('',*,*,#3536,.F.);
#3536 = EDGE_CURVE('',#2609,#3537,#3539,.T.);
#3537 = VERTEX_POINT('',#3538);
#3538 = CARTESIAN_POINT('',(61.663425445557,77.202857971191,
    132.677734375));
#3539 = LINE('',#3540,#3541);
#3540 = CARTESIAN_POINT('',(61.339504241943,77.103507995605,
    132.81475830078));
#3541 = VECTOR('',#3542,1.);
#3542 = DIRECTION('',(0.886305447867,0.271839026359,-0.374921587575));
#3543 = ORIENTED_EDGE('',*,*,#2632,.T.);
#3544 = ORIENTED_EDGE('',*,*,#3545,.T.);
#3545 = EDGE_CURVE('',#1885,#3537,#3546,.T.);
#3546 = LINE('',#3547,#3548);
#3547 = CARTESIAN_POINT('',(61.008686065674,78.840316772461,
    132.31710815429));
#3548 = VECTOR('',#3549,1.);
#3549 = DIRECTION('',(0.363743748963,-0.909698456281,0.200347707077));
#3550 = PLANE('',#3551);
#3551 = AXIS2_PLACEMENT_3D('',#3552,#3553,#3554);
#3552 = CARTESIAN_POINT('',(61.276831927364,77.919489151429,
    132.55158566643));
#3553 = DIRECTION('',(-0.286603263866,-0.313944648134,-0.905150444429));
#3554 = DIRECTION('',(1.387778780781E-17,-0.944784773832,0.327691518254)
  );
#3555 = ADVANCED_FACE('',(#3556),#3561,.T.);
#3556 = FACE_BOUND('',#3557,.T.);
#3557 = EDGE_LOOP('',(#3558,#3559,#3560));
#3558 = ORIENTED_EDGE('',*,*,#2649,.T.);
#3559 = ORIENTED_EDGE('',*,*,#2895,.F.);
#3560 = ORIENTED_EDGE('',*,*,#2880,.T.);
#3561 = PLANE('',#3562);
#3562 = AXIS2_PLACEMENT_3D('',#3563,#3564,#3565);
#3563 = CARTESIAN_POINT('',(62.37639986766,79.26127550933,
    131.74533427272));
#3564 = DIRECTION('',(-0.363746175637,0.90969702945,-0.200349779935));
#3565 = DIRECTION('',(0.928523366678,0.3712739656,0.));
#3566 = ADVANCED_FACE('',(#3567),#3577,.T.);
#3567 = FACE_BOUND('',#3568,.T.);
#3568 = EDGE_LOOP('',(#3569,#3575,#3576));
#3569 = ORIENTED_EDGE('',*,*,#3570,.F.);
#3570 = EDGE_CURVE('',#3537,#2650,#3571,.T.);
#3571 = LINE('',#3572,#3573);
#3572 = CARTESIAN_POINT('',(61.663425445557,77.202857971191,
    132.677734375));
#3573 = VECTOR('',#3574,1.);
#3574 = DIRECTION('',(-0.200881657555,0.92758385783,-0.31501547002));
#3575 = ORIENTED_EDGE('',*,*,#3545,.F.);
#3576 = ORIENTED_EDGE('',*,*,#2657,.F.);
#3577 = PLANE('',#3578);
#3578 = AXIS2_PLACEMENT_3D('',#3579,#3580,#3581);
#3579 = CARTESIAN_POINT('',(61.384784391227,78.114581758296,
    132.42098633776));
#3580 = DIRECTION('',(-0.50623230743,-0.373600172641,-0.777271999957));
#3581 = DIRECTION('',(-0.837947944836,0.,0.54575016422));
#3582 = ADVANCED_FACE('',(#3583),#3594,.T.);
#3583 = FACE_BOUND('',#3584,.T.);
#3584 = EDGE_LOOP('',(#3585,#3586,#3587,#3593));
#3585 = ORIENTED_EDGE('',*,*,#2680,.T.);
#3586 = ORIENTED_EDGE('',*,*,#2704,.F.);
#3587 = ORIENTED_EDGE('',*,*,#3588,.T.);
#3588 = EDGE_CURVE('',#2697,#2902,#3589,.T.);
#3589 = LINE('',#3590,#3591);
#3590 = CARTESIAN_POINT('',(63.404445648193,77.961059570312,
    132.95947265625));
#3591 = VECTOR('',#3592,1.);
#3592 = DIRECTION('',(0.424050310017,-2.979038912065E-02,-0.905148533275
    ));
#3593 = ORIENTED_EDGE('',*,*,#2901,.F.);
#3594 = PLANE('',#3595);
#3595 = AXIS2_PLACEMENT_3D('',#3596,#3597,#3598);
#3596 = CARTESIAN_POINT('',(63.243124008179,78.768123626709,
    132.42472076416));
#3597 = DIRECTION('',(0.829380020233,0.414201227121,0.374921492436));
#3598 = DIRECTION('',(-0.446791752312,0.894637988276,0.));
#3599 = ADVANCED_FACE('',(#3600),#3610,.T.);
#3600 = FACE_BOUND('',#3601,.T.);
#3601 = EDGE_LOOP('',(#3602,#3603,#3609));
#3602 = ORIENTED_EDGE('',*,*,#2931,.T.);
#3603 = ORIENTED_EDGE('',*,*,#3604,.T.);
#3604 = EDGE_CURVE('',#2200,#2697,#3605,.T.);
#3605 = LINE('',#3606,#3607);
#3606 = CARTESIAN_POINT('',(63.889217376709,77.831237792969,
    131.48988342285));
#3607 = VECTOR('',#3608,1.);
#3608 = DIRECTION('',(-0.312168561712,8.359868187116E-02,0.946341402174)
  );
#3609 = ORIENTED_EDGE('',*,*,#2718,.F.);
#3610 = PLANE('',#3611);
#3611 = AXIS2_PLACEMENT_3D('',#3612,#3613,#3614);
#3612 = CARTESIAN_POINT('',(63.17459540077,77.83681781645,
    132.81265626251));
#3613 = DIRECTION('',(0.363747750175,-0.909696230872,0.200350547241));
#3614 = DIRECTION('',(-0.928522700285,-0.371275632187,0.));
#3615 = ADVANCED_FACE('',(#3616),#3633,.T.);
#3616 = FACE_BOUND('',#3617,.T.);
#3617 = EDGE_LOOP('',(#3618,#3626,#3627));
#3618 = ORIENTED_EDGE('',*,*,#3619,.T.);
#3619 = EDGE_CURVE('',#3620,#2029,#3622,.T.);
#3620 = VERTEX_POINT('',#3621);
#3621 = CARTESIAN_POINT('',(62.177352905273,77.297782897949,
    132.17568969726));
#3622 = LINE('',#3623,#3624);
#3623 = CARTESIAN_POINT('',(62.177352905273,77.297782897949,
    132.17568969726));
#3624 = VECTOR('',#3625,1.);
#3625 = DIRECTION('',(6.554243849585E-02,0.239544656824,0.968670504425)
  );
#3626 = ORIENTED_EDGE('',*,*,#2743,.F.);
#3627 = ORIENTED_EDGE('',*,*,#3628,.T.);
#3628 = EDGE_CURVE('',#2736,#3620,#3629,.T.);
#3629 = LINE('',#3630,#3631);
#3630 = CARTESIAN_POINT('',(61.609058380127,77.544761657715,
    134.32890319824));
#3631 = VECTOR('',#3632,1.);
#3632 = DIRECTION('',(0.253635045907,-0.110228880095,-0.960998885265));
#3633 = PLANE('',#3634);
#3634 = AXIS2_PLACEMENT_3D('',#3635,#3636,#3637);
#3635 = CARTESIAN_POINT('',(62.037947739424,77.499033396206,
    133.34258377665));
#3636 = DIRECTION('',(0.363750571301,-0.909695569395,0.200348428749));
#3637 = DIRECTION('',(-0.928521614536,-0.371278347522,2.775557561563E-17
    ));
#3638 = ADVANCED_FACE('',(#3639),#3654,.T.);
#3639 = FACE_BOUND('',#3640,.T.);
#3640 = EDGE_LOOP('',(#3641,#3642,#3648));
#3641 = ORIENTED_EDGE('',*,*,#2765,.F.);
#3642 = ORIENTED_EDGE('',*,*,#3643,.F.);
#3643 = EDGE_CURVE('',#3187,#2509,#3644,.T.);
#3644 = LINE('',#3645,#3646);
#3645 = CARTESIAN_POINT('',(60.88049697876,77.275505065918,
    134.42906188964));
#3646 = VECTOR('',#3647,1.);
#3647 = DIRECTION('',(-0.367188669827,-0.33769672941,-0.866679525371));
#3648 = ORIENTED_EDGE('',*,*,#3649,.T.);
#3649 = EDGE_CURVE('',#3187,#217,#3650,.T.);
#3650 = LINE('',#3651,#3652);
#3651 = CARTESIAN_POINT('',(60.88049697876,77.275505065918,
    134.42906188964));
#3652 = VECTOR('',#3653,1.);
#3653 = DIRECTION('',(-0.399843014341,-0.346742093058,-0.848466549007));
#3654 = PLANE('',#3655);
#3655 = AXIS2_PLACEMENT_3D('',#3656,#3657,#3658);
#3656 = CARTESIAN_POINT('',(59.862713752463,76.380356267902,
    132.21242697464));
#3657 = DIRECTION('',(0.36373725609,-0.90969973828,0.20035367405));
#3658 = DIRECTION('',(-0.928526886293,-0.371265163234,4.163336342344E-17
    ));
#3659 = ADVANCED_FACE('',(#3660),#3671,.T.);
#3660 = FACE_BOUND('',#3661,.T.);
#3661 = EDGE_LOOP('',(#3662,#3663,#3669,#3670));
#3662 = ORIENTED_EDGE('',*,*,#2963,.F.);
#3663 = ORIENTED_EDGE('',*,*,#3664,.T.);
#3664 = EDGE_CURVE('',#2239,#2853,#3665,.T.);
#3665 = LINE('',#3666,#3667);
#3666 = CARTESIAN_POINT('',(62.332332611084,77.286895751953,
    131.84487915039));
#3667 = VECTOR('',#3668,1.);
#3668 = DIRECTION('',(-0.363745587835,0.909697755018,-0.200347552634));
#3669 = ORIENTED_EDGE('',*,*,#2852,.F.);
#3670 = ORIENTED_EDGE('',*,*,#2836,.T.);
#3671 = PLANE('',#3672);
#3672 = AXIS2_PLACEMENT_3D('',#3673,#3674,#3675);
#3673 = CARTESIAN_POINT('',(62.040584564209,78.0807762146,
    131.48706817627));
#3674 = DIRECTION('',(-0.910871126397,-0.392378271606,-0.127879173708));
#3675 = DIRECTION('',(0.395626462025,-0.91841151046,0.));
#3676 = ADVANCED_FACE('',(#3677),#3694,.T.);
#3677 = FACE_BOUND('',#3678,.T.);
#3678 = EDGE_LOOP('',(#3679,#3680,#3688));
#3679 = ORIENTED_EDGE('',*,*,#2860,.T.);
#3680 = ORIENTED_EDGE('',*,*,#3681,.T.);
#3681 = EDGE_CURVE('',#2853,#3682,#3684,.T.);
#3682 = VERTEX_POINT('',#3683);
#3683 = CARTESIAN_POINT('',(61.522609710693,78.935241699219,
    131.81506347656));
#3684 = LINE('',#3685,#3686);
#3685 = CARTESIAN_POINT('',(61.677589416504,78.924354553223,
    131.48425292968));
#3686 = VECTOR('',#3687,1.);
#3687 = DIRECTION('',(-0.424048688548,2.97889324123E-02,0.905149340853)
  );
#3688 = ORIENTED_EDGE('',*,*,#3689,.F.);
#3689 = EDGE_CURVE('',#303,#3682,#3690,.T.);
#3690 = LINE('',#3691,#3692);
#3691 = CARTESIAN_POINT('',(63.197315216064,79.28630065918,
    130.36854553222));
#3692 = VECTOR('',#3693,1.);
#3693 = DIRECTION('',(-0.747435679485,-0.156680676953,0.645593579973));
#3694 = PLANE('',#3695);
#3695 = AXIS2_PLACEMENT_3D('',#3696,#3697,#3698);
#3696 = CARTESIAN_POINT('',(62.331469890754,79.093847901279,
    131.06669260627));
#3697 = DIRECTION('',(-0.363743584396,0.909698680858,-0.200346986144));
#3698 = DIRECTION('',(0.928524510804,0.37127110423,0.));
#3699 = ADVANCED_FACE('',(#3700),#3710,.T.);
#3700 = FACE_BOUND('',#3701,.T.);
#3701 = EDGE_LOOP('',(#3702,#3703,#3709));
#3702 = ORIENTED_EDGE('',*,*,#3689,.T.);
#3703 = ORIENTED_EDGE('',*,*,#3704,.T.);
#3704 = EDGE_CURVE('',#3682,#2650,#3705,.T.);
#3705 = LINE('',#3706,#3707);
#3706 = CARTESIAN_POINT('',(61.522609710693,78.935241699219,
    131.81506347656));
#3707 = VECTOR('',#3708,1.);
#3708 = DIRECTION('',(-0.624256412485,-7.842868317643E-02,0.77727271477)
  );
#3709 = ORIENTED_EDGE('',*,*,#2874,.F.);
#3710 = PLANE('',#3711);
#3711 = AXIS2_PLACEMENT_3D('',#3712,#3713,#3714);
#3712 = CARTESIAN_POINT('',(62.236200109804,79.090285098152,
    131.22348480903));
#3713 = DIRECTION('',(-0.363739462502,0.909701532365,-0.200341521984));
#3714 = DIRECTION('',(0.928526362347,0.37126647361,2.775557561563E-17));
#3715 = ADVANCED_FACE('',(#3716),#3721,.T.);
#3716 = FACE_BOUND('',#3717,.T.);
#3717 = EDGE_LOOP('',(#3718,#3719,#3720));
#3718 = ORIENTED_EDGE('',*,*,#3604,.F.);
#3719 = ORIENTED_EDGE('',*,*,#2909,.F.);
#3720 = ORIENTED_EDGE('',*,*,#3588,.F.);
#3721 = PLANE('',#3722);
#3722 = AXIS2_PLACEMENT_3D('',#3723,#3724,#3725);
#3723 = CARTESIAN_POINT('',(63.669356106572,77.906588458877,
    132.23118594848));
#3724 = DIRECTION('',(0.363744072507,-0.90969793542,0.200349484671));
#3725 = DIRECTION('',(-0.928524234173,-0.371271796065,
    -2.775557561563E-17));
#3726 = ADVANCED_FACE('',(#3727),#3737,.T.);
#3727 = FACE_BOUND('',#3728,.T.);
#3728 = EDGE_LOOP('',(#3729,#3730,#3731));
#3729 = ORIENTED_EDGE('',*,*,#2946,.T.);
#3730 = ORIENTED_EDGE('',*,*,#3619,.F.);
#3731 = ORIENTED_EDGE('',*,*,#3732,.T.);
#3732 = EDGE_CURVE('',#3620,#2239,#3733,.T.);
#3733 = LINE('',#3734,#3735);
#3734 = CARTESIAN_POINT('',(62.177352905273,77.297782897949,
    132.17568969726));
#3735 = VECTOR('',#3736,1.);
#3736 = DIRECTION('',(0.424048688548,-2.97889324123E-02,-0.905149340853)
  );
#3737 = PLANE('',#3738);
#3738 = AXIS2_PLACEMENT_3D('',#3739,#3740,#3741);
#3739 = CARTESIAN_POINT('',(62.279805171166,77.506011451176,
    132.93515503272));
#3740 = DIRECTION('',(0.363747758443,-0.909696596294,0.200348873018));
#3741 = DIRECTION('',(-0.92852274879,-0.371275510881,-1.387778780781E-17
    ));
#3742 = ADVANCED_FACE('',(#3743),#3847,.T.);
#3743 = FACE_BOUND('',#3744,.T.);
#3744 = EDGE_LOOP('',(#3745,#3753,#3759,#3760,#3768,#3776,#3784,#3792,
    #3800,#3808,#3816,#3824,#3832,#3840,#3846));
#3745 = ORIENTED_EDGE('',*,*,#3746,.F.);
#3746 = EDGE_CURVE('',#3747,#1620,#3749,.T.);
#3747 = VERTEX_POINT('',#3748);
#3748 = CARTESIAN_POINT('',(59.456588745117,84.245559692383,
    151.80671691894));
#3749 = LINE('',#3750,#3751);
#3750 = CARTESIAN_POINT('',(59.456588745117,84.245559692383,
    151.80671691894));
#3751 = VECTOR('',#3752,1.);
#3752 = DIRECTION('',(0.775517766835,0.40847163176,0.481376276285));
#3753 = ORIENTED_EDGE('',*,*,#3754,.F.);
#3754 = EDGE_CURVE('',#2406,#3747,#3755,.T.);
#3755 = LINE('',#3756,#3757);
#3756 = CARTESIAN_POINT('',(35.33464050293,80.253227233887,
    165.76448059082));
#3757 = VECTOR('',#3758,1.);
#3758 = DIRECTION('',(0.856797419168,0.141805301651,-0.495771559219));
#3759 = ORIENTED_EDGE('',*,*,#2988,.T.);
#3760 = ORIENTED_EDGE('',*,*,#3761,.F.);
#3761 = EDGE_CURVE('',#3762,#2989,#3764,.T.);
#3762 = VERTEX_POINT('',#3763);
#3763 = CARTESIAN_POINT('',(64.598913937217,91.543049611603,
    170.23608288027));
#3764 = LINE('',#3765,#3766);
#3765 = CARTESIAN_POINT('',(66.108712178631,91.531364515151,
    168.49394906614));
#3766 = VECTOR('',#3767,1.);
#3767 = DIRECTION('',(-0.654909475947,5.068677511862E-03,0.755690337918)
  );
#3768 = ORIENTED_EDGE('',*,*,#3769,.F.);
#3769 = EDGE_CURVE('',#3770,#3762,#3772,.T.);
#3770 = VERTEX_POINT('',#3771);
#3771 = CARTESIAN_POINT('',(65.23609796269,91.622991184055,
    169.78266148768));
#3772 = LINE('',#3773,#3774);
#3773 = CARTESIAN_POINT('',(66.693128424206,91.805791288182,
    168.74583577565));
#3774 = VECTOR('',#3775,1.);
#3775 = DIRECTION('',(-0.810542662079,-0.101691273409,0.576783735782));
#3776 = ORIENTED_EDGE('',*,*,#3777,.F.);
#3777 = EDGE_CURVE('',#3778,#3770,#3780,.T.);
#3778 = VERTEX_POINT('',#3779);
#3779 = CARTESIAN_POINT('',(65.951989410727,91.781412606417,
    169.50103097035));
#3780 = LINE('',#3781,#3782);
#3781 = CARTESIAN_POINT('',(66.993292235062,92.011845132177,
    169.09138415321));
#3782 = VECTOR('',#3783,1.);
#3783 = DIRECTION('',(-0.911454473436,-0.201698057011,0.358564689632));
#3784 = ORIENTED_EDGE('',*,*,#3785,.F.);
#3785 = EDGE_CURVE('',#3786,#3778,#3788,.T.);
#3786 = VERTEX_POINT('',#3787);
#3787 = CARTESIAN_POINT('',(66.605114558759,91.979416733756,
    169.42164450056));
#3788 = LINE('',#3789,#3790);
#3789 = CARTESIAN_POINT('',(66.984880505481,92.094548152444,
    169.37548446836));
#3790 = VECTOR('',#3791,1.);
#3791 = DIRECTION('',(-0.950579545856,-0.288181635649,0.115541645632));
#3792 = ORIENTED_EDGE('',*,*,#3793,.F.);
#3793 = EDGE_CURVE('',#3794,#3786,#3796,.T.);
#3794 = VERTEX_POINT('',#3795);
#3795 = CARTESIAN_POINT('',(66.69781401681,92.007519872378,
    169.41037696368));
#3796 = LINE('',#3797,#3798);
#3797 = CARTESIAN_POINT('',(67.140902310098,92.141848292304,
    169.35651997475));
#3798 = VECTOR('',#3799,1.);
#3799 = DIRECTION('',(-0.950579533426,-0.288181494916,0.115542098904));
#3800 = ORIENTED_EDGE('',*,*,#3801,.F.);
#3801 = EDGE_CURVE('',#3802,#3794,#3804,.T.);
#3802 = VERTEX_POINT('',#3803);
#3803 = CARTESIAN_POINT('',(67.319274827586,92.246177262952,
    169.50170044649));
#3804 = LINE('',#3805,#3806);
#3805 = CARTESIAN_POINT('',(66.953696869762,92.105785656671,
    169.44797887343));
#3806 = VECTOR('',#3807,1.);
#3807 = DIRECTION('',(-0.924867765383,-0.355173687038,-0.135909045287));
#3808 = ORIENTED_EDGE('',*,*,#3809,.F.);
#3809 = EDGE_CURVE('',#3810,#3802,#3812,.T.);
#3810 = VERTEX_POINT('',#3811);
#3811 = CARTESIAN_POINT('',(67.422721429892,92.285903430405,
    169.5169016808));
#3812 = LINE('',#3813,#3814);
#3813 = CARTESIAN_POINT('',(67.102788234789,92.163040819174,
    169.46988825208));
#3814 = VECTOR('',#3815,1.);
#3815 = DIRECTION('',(-0.924868193904,-0.355173277067,-0.135907200552));
#3816 = ORIENTED_EDGE('',*,*,#3817,.F.);
#3817 = EDGE_CURVE('',#3818,#3810,#3820,.T.);
#3818 = VERTEX_POINT('',#3819);
#3819 = CARTESIAN_POINT('',(68.07733445644,92.597593207987,
    169.81332284642));
#3820 = LINE('',#3821,#3822);
#3821 = CARTESIAN_POINT('',(67.045883894508,92.106474664363,
    169.34626251391));
#3822 = VECTOR('',#3823,1.);
#3823 = DIRECTION('',(-0.835728554765,-0.397926770152,-0.378433704031));
#3824 = ORIENTED_EDGE('',*,*,#3825,.F.);
#3825 = EDGE_CURVE('',#3826,#3818,#3828,.T.);
#3826 = VERTEX_POINT('',#3827);
#3827 = CARTESIAN_POINT('',(68.617027034017,92.921344606879,
    170.27944559929));
#3828 = LINE('',#3829,#3830);
#3829 = CARTESIAN_POINT('',(67.249887956992,92.101223658295,
    169.09867221717));
#3830 = VECTOR('',#3831,1.);
#3831 = DIRECTION('',(-0.689113936169,-0.413386453881,-0.595175287395));
#3832 = ORIENTED_EDGE('',*,*,#3833,.F.);
#3833 = EDGE_CURVE('',#3834,#3826,#3836,.T.);
#3834 = VERTEX_POINT('',#3835);
#3835 = CARTESIAN_POINT('',(69.005032633359,93.235098322417,
    170.88350287526));
#3836 = LINE('',#3837,#3838);
#3837 = CARTESIAN_POINT('',(67.705279221538,92.184076216205,
    168.86001273307));
#3838 = VECTOR('',#3839,1.);
#3839 = DIRECTION('',(-0.495219849157,-0.400450580983,-0.770971227213));
#3840 = ORIENTED_EDGE('',*,*,#3841,.F.);
#3841 = EDGE_CURVE('',#3012,#3834,#3842,.T.);
#3842 = LINE('',#3843,#3844);
#3843 = CARTESIAN_POINT('',(68.381762370235,92.396476749151,
    168.80207646282));
#3844 = VECTOR('',#3845,1.);
#3845 = DIRECTION('',(-0.267616599711,-0.360083044483,-0.893712233683));
#3846 = ORIENTED_EDGE('',*,*,#3011,.T.);
#3847 = PLANE('',#3848);
#3848 = AXIS2_PLACEMENT_3D('',#3849,#3850,#3851);
#3849 = CARTESIAN_POINT('',(67.681805248527,91.433300755761,
    166.39359181289));
#3850 = DIRECTION('',(-0.309375445299,0.91054281974,-0.274223644617));
#3851 = DIRECTION('',(0.946838996448,0.321707809673,4.163336342344E-17)
  );
#3852 = ADVANCED_FACE('',(#3853),#3887,.T.);
#3853 = FACE_BOUND('',#3854,.T.);
#3854 = EDGE_LOOP('',(#3855,#3865,#3871,#3872,#3873,#3881));
#3855 = ORIENTED_EDGE('',*,*,#3856,.T.);
#3856 = EDGE_CURVE('',#3857,#3859,#3861,.T.);
#3857 = VERTEX_POINT('',#3858);
#3858 = CARTESIAN_POINT('',(64.090333764648,91.530845483398,
    170.83396174316));
#3859 = VERTEX_POINT('',#3860);
#3860 = CARTESIAN_POINT('',(64.579232995605,91.59226973877,
    170.22524287109));
#3861 = LINE('',#3862,#3863);
#3862 = CARTESIAN_POINT('',(64.090333764648,91.530845483398,
    170.83396174316));
#3863 = VECTOR('',#3864,1.);
#3864 = DIRECTION('',(0.624267623824,7.843165118225E-02,-0.777263410909)
  );
#3865 = ORIENTED_EDGE('',*,*,#3866,.T.);
#3866 = EDGE_CURVE('',#3859,#3762,#3867,.T.);
#3867 = LINE('',#3868,#3869);
#3868 = CARTESIAN_POINT('',(64.579232995605,91.59226973877,
    170.22524287109));
#3869 = VECTOR('',#3870,1.);
#3870 = DIRECTION('',(0.363747426702,-0.909697053752,0.200347398191));
#3871 = ORIENTED_EDGE('',*,*,#3761,.T.);
#3872 = ORIENTED_EDGE('',*,*,#3171,.T.);
#3873 = ORIENTED_EDGE('',*,*,#3874,.T.);
#3874 = EDGE_CURVE('',#3164,#3875,#3877,.T.);
#3875 = VERTEX_POINT('',#3876);
#3876 = CARTESIAN_POINT('',(64.745080773926,89.893386682129,
    171.19458796386));
#3877 = LINE('',#3878,#3879);
#3878 = CARTESIAN_POINT('',(65.233980004883,89.9548109375,
    170.58586909179));
#3879 = VECTOR('',#3880,1.);
#3880 = DIRECTION('',(-0.624267623824,-7.843165118225E-02,0.777263410909
    ));
#3881 = ORIENTED_EDGE('',*,*,#3882,.F.);
#3882 = EDGE_CURVE('',#3857,#3875,#3883,.T.);
#3883 = LINE('',#3884,#3885);
#3884 = CARTESIAN_POINT('',(64.090333764648,91.530845483398,
    170.83396174316));
#3885 = VECTOR('',#3886,1.);
#3886 = DIRECTION('',(0.363747426702,-0.909697053752,0.200347398191));
#3887 = PLANE('',#3888);
#3888 = AXIS2_PLACEMENT_3D('',#3889,#3890,#3891);
#3889 = CARTESIAN_POINT('',(64.662156884766,90.742828210449,
    170.70991541748));
#3890 = DIRECTION('',(-0.691360657649,-0.407797959799,-0.59642372944));
#3891 = DIRECTION('',(0.65320544863,-5.551115123126E-17,-0.757180719433)
  );
#3892 = ADVANCED_FACE('',(#3893),#3903,.T.);
#3893 = FACE_BOUND('',#3894,.T.);
#3894 = EDGE_LOOP('',(#3895,#3896,#3902));
#3895 = ORIENTED_EDGE('',*,*,#3163,.T.);
#3896 = ORIENTED_EDGE('',*,*,#3897,.T.);
#3897 = EDGE_CURVE('',#3156,#3875,#3898,.T.);
#3898 = LINE('',#3899,#3900);
#3899 = CARTESIAN_POINT('',(65.846353356934,90.096801599121,
    170.1187822998));
#3900 = VECTOR('',#3901,1.);
#3901 = DIRECTION('',(-0.709165964942,-0.130989310111,0.692766508143));
#3902 = ORIENTED_EDGE('',*,*,#3874,.F.);
#3903 = PLANE('',#3904);
#3904 = AXIS2_PLACEMENT_3D('',#3905,#3906,#3907);
#3905 = CARTESIAN_POINT('',(65.280216411748,89.984980061655,
    170.63890515228));
#3906 = DIRECTION('',(0.363751422539,-0.909693538287,0.20035610547));
#3907 = DIRECTION('',(-0.928521029228,-0.371279811304,0.));
#3908 = ADVANCED_FACE('',(#3909),#3919,.T.);
#3909 = FACE_BOUND('',#3910,.T.);
#3910 = EDGE_LOOP('',(#3911,#3912,#3918));
#3911 = ORIENTED_EDGE('',*,*,#3155,.T.);
#3912 = ORIENTED_EDGE('',*,*,#3913,.T.);
#3913 = EDGE_CURVE('',#3148,#3875,#3914,.T.);
#3914 = LINE('',#3915,#3916);
#3915 = CARTESIAN_POINT('',(67.269029443359,90.578948815918,
    169.72499873046));
#3916 = VECTOR('',#3917,1.);
#3917 = DIRECTION('',(-0.841315996917,-0.228520649815,0.489862946077));
#3918 = ORIENTED_EDGE('',*,*,#3897,.F.);
#3919 = PLANE('',#3920);
#3920 = AXIS2_PLACEMENT_3D('',#3921,#3922,#3923);
#3921 = CARTESIAN_POINT('',(65.966183425157,90.200722364974,
    170.37306297043));
#3922 = DIRECTION('',(0.363753522532,-0.909692168049,0.20035851426));
#3923 = DIRECTION('',(-0.928520097493,-0.37128214144,2.775557561563E-17)
  );
#3924 = ADVANCED_FACE('',(#3925),#3935,.T.);
#3925 = FACE_BOUND('',#3926,.T.);
#3926 = EDGE_LOOP('',(#3927,#3928,#3934));
#3927 = ORIENTED_EDGE('',*,*,#3147,.T.);
#3928 = ORIENTED_EDGE('',*,*,#3929,.T.);
#3929 = EDGE_CURVE('',#3140,#3875,#3930,.T.);
#3930 = LINE('',#3931,#3932);
#3931 = CARTESIAN_POINT('',(69.173364465332,91.529998620605,
    170.58586909179));
#3932 = VECTOR('',#3933,1.);
#3933 = DIRECTION('',(-0.930288425014,-0.343817435536,0.127878916582));
#3934 = ORIENTED_EDGE('',*,*,#3913,.F.);
#3935 = PLANE('',#3936);
#3936 = AXIS2_PLACEMENT_3D('',#3937,#3938,#3939);
#3937 = CARTESIAN_POINT('',(66.963311507568,90.648098717564,
    170.59404678051));
#3938 = DIRECTION('',(0.363747218543,-0.909697634941,0.200345137163));
#3939 = DIRECTION('',(-0.928523084901,-0.3712746703,-4.163336342344E-17)
  );
#3940 = ADVANCED_FACE('',(#3941),#3959,.T.);
#3941 = FACE_BOUND('',#3942,.T.);
#3942 = EDGE_LOOP('',(#3943,#3951,#3957,#3958));
#3943 = ORIENTED_EDGE('',*,*,#3944,.F.);
#3944 = EDGE_CURVE('',#3945,#3132,#3947,.T.);
#3945 = VERTEX_POINT('',#3946);
#3946 = CARTESIAN_POINT('',(66.810014550781,90.750930627441,
    171.33928706054));
#3947 = LINE('',#3948,#3949);
#3948 = CARTESIAN_POINT('',(66.810014550781,90.750930627441,
    171.33928706054));
#3949 = VECTOR('',#3950,1.);
#3950 = DIRECTION('',(0.908980172138,0.299641349837,-0.289775961956));
#3951 = ORIENTED_EDGE('',*,*,#3952,.T.);
#3952 = EDGE_CURVE('',#3945,#3875,#3953,.T.);
#3953 = LINE('',#3954,#3955);
#3954 = CARTESIAN_POINT('',(66.810014550781,90.750930627441,
    171.33928706054));
#3955 = VECTOR('',#3956,1.);
#3956 = DIRECTION('',(-0.921600177401,-0.382730265245,
    -6.458062464978E-02));
#3957 = ORIENTED_EDGE('',*,*,#3929,.F.);
#3958 = ORIENTED_EDGE('',*,*,#3139,.T.);
#3959 = PLANE('',#3960);
#3960 = AXIS2_PLACEMENT_3D('',#3961,#3962,#3963);
#3961 = CARTESIAN_POINT('',(66.963051423113,90.736901129666,
    170.99773733667));
#3962 = DIRECTION('',(0.363747437323,-0.909696561074,0.200349615952));
#3963 = DIRECTION('',(-0.928522856828,-0.371275240689,
    -1.387778780781E-17));
#3964 = ADVANCED_FACE('',(#3965),#3975,.T.);
#3965 = FACE_BOUND('',#3966,.T.);
#3966 = EDGE_LOOP('',(#3967,#3973,#3974));
#3967 = ORIENTED_EDGE('',*,*,#3968,.T.);
#3968 = EDGE_CURVE('',#3124,#3945,#3969,.T.);
#3969 = LINE('',#3970,#3971);
#3970 = CARTESIAN_POINT('',(67.150010888672,90.876586755371,
    171.29254938964));
#3971 = VECTOR('',#3972,1.);
#3972 = DIRECTION('',(-0.930288236455,-0.343816696311,0.12788227575));
#3973 = ORIENTED_EDGE('',*,*,#3944,.T.);
#3974 = ORIENTED_EDGE('',*,*,#3131,.T.);
#3975 = PLANE('',#3976);
#3976 = AXIS2_PLACEMENT_3D('',#3977,#3978,#3979);
#3977 = CARTESIAN_POINT('',(67.99383252777,91.144569477251,
    170.9773255295));
#3978 = DIRECTION('',(0.363747520811,-0.909696443159,0.200349999771));
#3979 = DIRECTION('',(-0.92852281086,-0.371275355649,-2.775557561563E-17
    ));
#3980 = ADVANCED_FACE('',(#3981),#4015,.T.);
#3981 = FACE_BOUND('',#3982,.T.);
#3982 = EDGE_LOOP('',(#3983,#3993,#3999,#4000,#4001,#4009));
#3983 = ORIENTED_EDGE('',*,*,#3984,.F.);
#3984 = EDGE_CURVE('',#3985,#3987,#3989,.T.);
#3985 = VERTEX_POINT('',#3986);
#3986 = CARTESIAN_POINT('',(66.155267541504,92.388389428711,
    170.97867609863));
#3987 = VERTEX_POINT('',#3988);
#3988 = CARTESIAN_POINT('',(66.495263879395,92.514045556641,
    170.93193842773));
#3989 = LINE('',#3990,#3991);
#3990 = CARTESIAN_POINT('',(66.155267541504,92.388389428711,
    170.97867609863));
#3991 = VECTOR('',#3992,1.);
#3992 = DIRECTION('',(0.930288236455,0.343816696311,-0.12788227575));
#3993 = ORIENTED_EDGE('',*,*,#3994,.F.);
#3994 = EDGE_CURVE('',#3945,#3985,#3995,.T.);
#3995 = LINE('',#3996,#3997);
#3996 = CARTESIAN_POINT('',(66.810014550781,90.750930627441,
    171.33928706054));
#3997 = VECTOR('',#3998,1.);
#3998 = DIRECTION('',(-0.363748044465,0.909698598718,-0.200339261349));
#3999 = ORIENTED_EDGE('',*,*,#3968,.F.);
#4000 = ORIENTED_EDGE('',*,*,#3123,.T.);
#4001 = ORIENTED_EDGE('',*,*,#4002,.T.);
#4002 = EDGE_CURVE('',#3116,#4003,#4005,.T.);
#4003 = VERTEX_POINT('',#4004);
#4004 = CARTESIAN_POINT('',(66.534213956412,92.416635189707,
    170.95339072082));
#4005 = LINE('',#4006,#4007);
#4006 = CARTESIAN_POINT('',(67.104492232475,92.589524320721,
    170.88407817568));
#4007 = VECTOR('',#4008,1.);
#4008 = DIRECTION('',(0.950579728082,0.288183699163,-0.115534999445));
#4009 = ORIENTED_EDGE('',*,*,#4010,.T.);
#4010 = EDGE_CURVE('',#4003,#3987,#4011,.T.);
#4011 = LINE('',#4012,#4013);
#4012 = CARTESIAN_POINT('',(67.150010888672,90.876586755371,
    171.29254938964));
#4013 = VECTOR('',#4014,1.);
#4014 = DIRECTION('',(-0.363748044465,0.909698598718,-0.200339261349));
#4015 = PLANE('',#4016);
#4016 = AXIS2_PLACEMENT_3D('',#4017,#4018,#4019);
#4017 = CARTESIAN_POINT('',(66.652639215088,91.632488092041,
    171.13561274414));
#4018 = DIRECTION('',(4.745434407228E-02,0.232890185859,0.971344556046)
  );
#4019 = DIRECTION('',(0.,0.972440099273,-0.233152853997));
#4020 = ADVANCED_FACE('',(#4021),#4047,.T.);
#4021 = FACE_BOUND('',#4022,.T.);
#4022 = EDGE_LOOP('',(#4023,#4024,#4032,#4040,#4046));
#4023 = ORIENTED_EDGE('',*,*,#3115,.T.);
#4024 = ORIENTED_EDGE('',*,*,#4025,.F.);
#4025 = EDGE_CURVE('',#4026,#3108,#4028,.T.);
#4026 = VERTEX_POINT('',#4027);
#4027 = CARTESIAN_POINT('',(66.872508220255,92.54654796944,
    171.00309909034));
#4028 = LINE('',#4029,#4030);
#4029 = CARTESIAN_POINT('',(66.323243165448,92.285019226959,
    170.75438239854));
#4030 = VECTOR('',#4031,1.);
#4031 = DIRECTION('',(0.835729136866,0.397926626329,0.378432569755));
#4032 = ORIENTED_EDGE('',*,*,#4033,.F.);
#4033 = EDGE_CURVE('',#4034,#4026,#4036,.T.);
#4034 = VERTEX_POINT('',#4035);
#4035 = CARTESIAN_POINT('',(66.554505467423,92.424427621483,
    170.95637240224));
#4036 = LINE('',#4037,#4038);
#4037 = CARTESIAN_POINT('',(66.712700586961,92.485178174335,
    170.97961727652));
#4038 = VECTOR('',#4039,1.);
#4039 = DIRECTION('',(0.924870197308,0.355171360325,0.135898575916));
#4040 = ORIENTED_EDGE('',*,*,#4041,.F.);
#4041 = EDGE_CURVE('',#4003,#4034,#4042,.T.);
#4042 = LINE('',#4043,#4044);
#4043 = CARTESIAN_POINT('',(66.639824536715,92.457192210884,
    170.96890938304));
#4044 = VECTOR('',#4045,1.);
#4045 = DIRECTION('',(0.924869302485,0.355172216453,0.135902428164));
#4046 = ORIENTED_EDGE('',*,*,#4002,.F.);
#4047 = PLANE('',#4048);
#4048 = AXIS2_PLACEMENT_3D('',#4049,#4050,#4051);
#4049 = CARTESIAN_POINT('',(67.681805248527,91.433300755761,
    166.39359181289));
#4050 = DIRECTION('',(-0.309375445299,0.91054281974,-0.274223644617));
#4051 = DIRECTION('',(0.946838996448,0.321707809673,4.163336342344E-17)
  );
#4052 = ADVANCED_FACE('',(#4053),#4087,.T.);
#4053 = FACE_BOUND('',#4054,.T.);
#4054 = EDGE_LOOP('',(#4055,#4063,#4071,#4079,#4085,#4086));
#4055 = ORIENTED_EDGE('',*,*,#4056,.F.);
#4056 = EDGE_CURVE('',#4057,#3100,#4059,.T.);
#4057 = VERTEX_POINT('',#4058);
#4058 = CARTESIAN_POINT('',(67.78602010498,91.17137130127,
    171.47631098632));
#4059 = LINE('',#4060,#4061);
#4060 = CARTESIAN_POINT('',(67.78602010498,91.17137130127,
    171.47631098632));
#4061 = VECTOR('',#4062,1.);
#4062 = DIRECTION('',(-0.829376780963,-0.414208257938,-0.374920890664));
#4063 = ORIENTED_EDGE('',*,*,#4064,.T.);
#4064 = EDGE_CURVE('',#4057,#4065,#4067,.T.);
#4065 = VERTEX_POINT('',#4066);
#4066 = CARTESIAN_POINT('',(67.131280725098,92.808830102539,
    171.11570002441));
#4067 = LINE('',#4068,#4069);
#4068 = CARTESIAN_POINT('',(67.78602010498,91.17137130127,
    171.47631098632));
#4069 = VECTOR('',#4070,1.);
#4070 = DIRECTION('',(-0.363744366721,0.909700001254,-0.200339570224));
#4071 = ORIENTED_EDGE('',*,*,#4072,.F.);
#4072 = EDGE_CURVE('',#4073,#4065,#4075,.T.);
#4073 = VERTEX_POINT('',#4074);
#4074 = CARTESIAN_POINT('',(66.828164880371,92.65744765625,
    170.97867609863));
#4075 = LINE('',#4076,#4077);
#4076 = CARTESIAN_POINT('',(66.828164880371,92.65744765625,
    170.97867609863));
#4077 = VECTOR('',#4078,1.);
#4078 = DIRECTION('',(0.829376780963,0.414208257938,0.374920890664));
#4079 = ORIENTED_EDGE('',*,*,#4080,.F.);
#4080 = EDGE_CURVE('',#4026,#4073,#4081,.T.);
#4081 = LINE('',#4082,#4083);
#4082 = CARTESIAN_POINT('',(67.482904260254,91.01998885498,
    171.33928706054));
#4083 = VECTOR('',#4084,1.);
#4084 = DIRECTION('',(-0.363744366721,0.909700001254,-0.200339570224));
#4085 = ORIENTED_EDGE('',*,*,#4025,.T.);
#4086 = ORIENTED_EDGE('',*,*,#3107,.T.);
#4087 = PLANE('',#4088);
#4088 = AXIS2_PLACEMENT_3D('',#4089,#4090,#4091);
#4089 = CARTESIAN_POINT('',(67.307092492676,91.91440947876,
    171.22749354248));
#4090 = DIRECTION('',(-0.424047839119,2.978162590864E-02,0.905149979228)
  );
#4091 = DIRECTION('',(0.90555165568,0.,0.424236017913));
#4092 = ADVANCED_FACE('',(#4093),#4103,.T.);
#4093 = FACE_BOUND('',#4094,.T.);
#4094 = EDGE_LOOP('',(#4095,#4096,#4097));
#4095 = ORIENTED_EDGE('',*,*,#4056,.T.);
#4096 = ORIENTED_EDGE('',*,*,#3099,.T.);
#4097 = ORIENTED_EDGE('',*,*,#4098,.F.);
#4098 = EDGE_CURVE('',#4057,#3092,#4099,.T.);
#4099 = LINE('',#4100,#4101);
#4100 = CARTESIAN_POINT('',(67.78602010498,91.17137130127,
    171.47631098632));
#4101 = VECTOR('',#4102,1.);
#4102 = DIRECTION('',(0.822336717022,0.212573331355,-0.527801953988));
#4103 = PLANE('',#4104);
#4104 = AXIS2_PLACEMENT_3D('',#4105,#4106,#4107);
#4105 = CARTESIAN_POINT('',(68.328680745495,91.290642720086,
    171.03263882433));
#4106 = DIRECTION('',(0.363749672216,-0.909694406414,0.200355341587));
#4107 = DIRECTION('',(-0.92852176727,-0.371277965555,0.));
#4108 = ADVANCED_FACE('',(#4109),#4127,.T.);
#4109 = FACE_BOUND('',#4110,.T.);
#4110 = EDGE_LOOP('',(#4111,#4119,#4120,#4121));
#4111 = ORIENTED_EDGE('',*,*,#4112,.T.);
#4112 = EDGE_CURVE('',#4113,#4057,#4115,.T.);
#4113 = VERTEX_POINT('',#4114);
#4114 = CARTESIAN_POINT('',(68.038698022461,91.320411523437,
    171.69429804687));
#4115 = LINE('',#4116,#4117);
#4116 = CARTESIAN_POINT('',(68.038698022461,91.320411523437,
    171.69429804687));
#4117 = VECTOR('',#4118,1.);
#4118 = DIRECTION('',(-0.691354305393,-0.40779028219,-0.59643634209));
#4119 = ORIENTED_EDGE('',*,*,#4098,.T.);
#4120 = ORIENTED_EDGE('',*,*,#3091,.T.);
#4121 = ORIENTED_EDGE('',*,*,#4122,.F.);
#4122 = EDGE_CURVE('',#4113,#3084,#4123,.T.);
#4123 = LINE('',#4124,#4125);
#4124 = CARTESIAN_POINT('',(68.038698022461,91.320411523437,
    171.69429804687));
#4125 = VECTOR('',#4126,1.);
#4126 = DIRECTION('',(0.70916521978,0.130991694308,-0.692766820132));
#4127 = PLANE('',#4128);
#4128 = AXIS2_PLACEMENT_3D('',#4129,#4130,#4131);
#4129 = CARTESIAN_POINT('',(68.478266526187,91.372842614434,
    171.13429041003));
#4130 = DIRECTION('',(0.363742892017,-0.909699934385,0.200342551361));
#4131 = DIRECTION('',(-0.928524930794,-0.371270053862,
    -1.387778780781E-17));
#4132 = ADVANCED_FACE('',(#4133),#4151,.T.);
#4133 = FACE_BOUND('',#4134,.T.);
#4134 = EDGE_LOOP('',(#4135,#4143,#4144,#4145));
#4135 = ORIENTED_EDGE('',*,*,#4136,.T.);
#4136 = EDGE_CURVE('',#4137,#4113,#4139,.T.);
#4137 = VERTEX_POINT('',#4138);
#4138 = CARTESIAN_POINT('',(68.223710839844,91.456947167969,
    171.97835566406));
#4139 = LINE('',#4140,#4141);
#4140 = CARTESIAN_POINT('',(68.223710839844,91.456947167969,
    171.97835566406));
#4141 = VECTOR('',#4142,1.);
#4142 = DIRECTION('',(-0.506247477419,-0.373600200243,-0.777262106361));
#4143 = ORIENTED_EDGE('',*,*,#4122,.T.);
#4144 = ORIENTED_EDGE('',*,*,#3083,.T.);
#4145 = ORIENTED_EDGE('',*,*,#4146,.F.);
#4146 = EDGE_CURVE('',#4137,#3076,#4147,.T.);
#4147 = LINE('',#4148,#4149);
#4148 = CARTESIAN_POINT('',(68.223710839844,91.456947167969,
    171.97835566406));
#4149 = VECTOR('',#4150,1.);
#4150 = DIRECTION('',(0.562901911631,4.33008427841E-02,-0.825388681105)
  );
#4151 = PLANE('',#4152);
#4152 = AXIS2_PLACEMENT_3D('',#4153,#4154,#4155);
#4153 = CARTESIAN_POINT('',(68.601249552037,91.453082673675,
    171.27534892554));
#4154 = DIRECTION('',(0.363743795225,-0.909699345076,0.200343587378));
#4155 = DIRECTION('',(-0.928524530072,-0.371271056043,
    -6.938893903907E-17));
#4156 = ADVANCED_FACE('',(#4157),#4175,.T.);
#4157 = FACE_BOUND('',#4158,.T.);
#4158 = EDGE_LOOP('',(#4159,#4167,#4168,#4169));
#4159 = ORIENTED_EDGE('',*,*,#4160,.T.);
#4160 = EDGE_CURVE('',#4161,#4137,#4163,.T.);
#4161 = VERTEX_POINT('',#4162);
#4162 = CARTESIAN_POINT('',(68.328462426758,91.571685632324,
    172.30916621093));
#4163 = LINE('',#4164,#4165);
#4164 = CARTESIAN_POINT('',(68.328462426758,91.571685632324,
    172.30916621093));
#4165 = VECTOR('',#4166,1.);
#4166 = DIRECTION('',(-0.286616095175,-0.313941693761,-0.905147406175));
#4167 = ORIENTED_EDGE('',*,*,#4146,.T.);
#4168 = ORIENTED_EDGE('',*,*,#3075,.T.);
#4169 = ORIENTED_EDGE('',*,*,#4170,.F.);
#4170 = EDGE_CURVE('',#4161,#3068,#4171,.T.);
#4171 = LINE('',#4172,#4173);
#4172 = CARTESIAN_POINT('',(68.328462426758,91.571685632324,
    172.30916621093));
#4173 = VECTOR('',#4174,1.);
#4174 = DIRECTION('',(0.440115815521,-2.171507739546E-02,-0.897678408085
    ));
#4175 = PLANE('',#4176);
#4176 = AXIS2_PLACEMENT_3D('',#4177,#4178,#4179);
#4177 = CARTESIAN_POINT('',(68.684981448075,91.523116152435,
    171.4413274917));
#4178 = DIRECTION('',(0.363741305274,-0.909700730661,0.200341816582));
#4179 = DIRECTION('',(-0.928525601146,-0.371268377344,
    -4.163336342344E-17));
#4180 = ADVANCED_FACE('',(#4181),#4199,.T.);
#4181 = FACE_BOUND('',#4182,.T.);
#4182 = EDGE_LOOP('',(#4183,#4191,#4192,#4193));
#4183 = ORIENTED_EDGE('',*,*,#4184,.T.);
#4184 = EDGE_CURVE('',#4185,#4161,#4187,.T.);
#4185 = VERTEX_POINT('',#4186);
#4186 = CARTESIAN_POINT('',(68.345804040527,91.656806787109,
    172.66416193847));
#4187 = LINE('',#4188,#4189);
#4188 = CARTESIAN_POINT('',(68.345804040527,91.656806787109,
    172.66416193847));
#4189 = VECTOR('',#4190,1.);
#4190 = DIRECTION('',(-4.745017247252E-02,-0.232908743632,
    -0.971340310227));
#4191 = ORIENTED_EDGE('',*,*,#4170,.T.);
#4192 = ORIENTED_EDGE('',*,*,#3067,.T.);
#4193 = ORIENTED_EDGE('',*,*,#4194,.F.);
#4194 = EDGE_CURVE('',#4185,#3060,#4195,.T.);
#4195 = LINE('',#4196,#4197);
#4196 = CARTESIAN_POINT('',(68.345804040527,91.656806787109,
    172.66416193847));
#4197 = VECTOR('',#4198,1.);
#4198 = DIRECTION('',(0.369349548472,-5.659591449396E-02,-0.927565530572
    ));
#4199 = PLANE('',#4200);
#4200 = AXIS2_PLACEMENT_3D('',#4201,#4202,#4203);
#4201 = CARTESIAN_POINT('',(68.721792193637,91.577032727786,
    171.61930585728));
#4202 = DIRECTION('',(0.363769240566,-0.909686619068,0.200355171398));
#4203 = DIRECTION('',(-0.92851378577,-0.371297925709,0.));
#4204 = ADVANCED_FACE('',(#4205),#4223,.T.);
#4205 = FACE_BOUND('',#4206,.T.);
#4206 = EDGE_LOOP('',(#4207,#4215,#4216,#4217));
#4207 = ORIENTED_EDGE('',*,*,#4208,.T.);
#4208 = EDGE_CURVE('',#4209,#4185,#4211,.T.);
#4209 = VERTEX_POINT('',#4210);
#4210 = CARTESIAN_POINT('',(68.274560754395,91.706504663086,
    173.0191729248));
#4211 = LINE('',#4212,#4213);
#4212 = CARTESIAN_POINT('',(68.274560754395,91.706504663086,
    173.0191729248));
#4213 = VECTOR('',#4214,1.);
#4214 = DIRECTION('',(0.194928801006,-0.135978390421,-0.971345788006));
#4215 = ORIENTED_EDGE('',*,*,#4194,.T.);
#4216 = ORIENTED_EDGE('',*,*,#3059,.T.);
#4217 = ORIENTED_EDGE('',*,*,#4218,.T.);
#4218 = EDGE_CURVE('',#3052,#4209,#4219,.T.);
#4219 = LINE('',#4220,#4221);
#4220 = CARTESIAN_POINT('',(69.173364465332,91.529998620605,
    170.58586909179));
#4221 = VECTOR('',#4222,1.);
#4222 = DIRECTION('',(-0.34569450109,6.788708986418E-02,0.935888163696)
  );
#4223 = PLANE('',#4224);
#4224 = AXIS2_PLACEMENT_3D('',#4225,#4226,#4227);
#4225 = CARTESIAN_POINT('',(68.710244682348,91.61200833039,
    171.79907775738));
#4226 = DIRECTION('',(0.363737208235,-0.909702029672,0.200343356653));
#4227 = DIRECTION('',(-0.928527225507,-0.371264314864,1.387778780781E-17
    ));
#4228 = ADVANCED_FACE('',(#4229),#4239,.T.);
#4229 = FACE_BOUND('',#4230,.T.);
#4230 = EDGE_LOOP('',(#4231,#4232,#4238));
#4231 = ORIENTED_EDGE('',*,*,#3051,.T.);
#4232 = ORIENTED_EDGE('',*,*,#4233,.T.);
#4233 = EDGE_CURVE('',#3044,#4209,#4234,.T.);
#4234 = LINE('',#4235,#4236);
#4235 = CARTESIAN_POINT('',(69.569833581543,91.822585900879,
    171.19458796386));
#4236 = VECTOR('',#4237,1.);
#4237 = DIRECTION('',(-0.578090312595,-5.180795708488E-02,0.814326424763
    ));
#4238 = ORIENTED_EDGE('',*,*,#4218,.F.);
#4239 = PLANE('',#4240);
#4240 = AXIS2_PLACEMENT_3D('',#4241,#4242,#4243);
#4241 = CARTESIAN_POINT('',(68.893131752727,91.684620324445,
    171.79673877231));
#4242 = DIRECTION('',(0.363742473808,-0.909699535753,0.200345120726));
#4243 = DIRECTION('',(-0.928525021863,-0.371269826103,0.));
#4244 = ADVANCED_FACE('',(#4245),#4263,.T.);
#4245 = FACE_BOUND('',#4246,.T.);
#4246 = EDGE_LOOP('',(#4247,#4248,#4256,#4262));
#4247 = ORIENTED_EDGE('',*,*,#3043,.T.);
#4248 = ORIENTED_EDGE('',*,*,#4249,.T.);
#4249 = EDGE_CURVE('',#3036,#4250,#4252,.T.);
#4250 = VERTEX_POINT('',#4251);
#4251 = CARTESIAN_POINT('',(68.245408837891,92.177253564453,
    175.20957209472));
#4252 = LINE('',#4253,#4254);
#4253 = CARTESIAN_POINT('',(69.569833581543,91.822585900879,
    171.19458796386));
#4254 = VECTOR('',#4255,1.);
#4255 = DIRECTION('',(-0.312170013118,8.359599873154E-02,0.946341160421)
  );
#4256 = ORIENTED_EDGE('',*,*,#4257,.F.);
#4257 = EDGE_CURVE('',#4209,#4250,#4258,.T.);
#4258 = LINE('',#4259,#4260);
#4259 = CARTESIAN_POINT('',(68.274560754395,91.706504663086,
    173.0191729248));
#4260 = VECTOR('',#4261,1.);
#4261 = DIRECTION('',(-1.301074459035E-02,0.210099178936,0.977593502196)
  );
#4262 = ORIENTED_EDGE('',*,*,#4233,.F.);
#4263 = PLANE('',#4264);
#4264 = AXIS2_PLACEMENT_3D('',#4265,#4266,#4267);
#4265 = CARTESIAN_POINT('',(68.745028151121,91.924559934286,
    173.15510240881));
#4266 = DIRECTION('',(0.363746784632,-0.909697104017,0.200348335688));
#4267 = DIRECTION('',(-0.928523162882,-0.371274475277,
    -2.775557561563E-17));
#4268 = ADVANCED_FACE('',(#4269),#4287,.T.);
#4269 = FACE_BOUND('',#4270,.T.);
#4270 = EDGE_LOOP('',(#4271,#4272,#4273,#4281));
#4271 = ORIENTED_EDGE('',*,*,#4249,.F.);
#4272 = ORIENTED_EDGE('',*,*,#3035,.T.);
#4273 = ORIENTED_EDGE('',*,*,#4274,.F.);
#4274 = EDGE_CURVE('',#4275,#3028,#4277,.T.);
#4275 = VERTEX_POINT('',#4276);
#4276 = CARTESIAN_POINT('',(69.831453149414,92.250854333496,
    172.66417719726));
#4277 = LINE('',#4278,#4279);
#4278 = CARTESIAN_POINT('',(69.831453149414,92.250854333496,
    172.66417719726));
#4279 = VECTOR('',#4280,1.);
#4280 = DIRECTION('',(-0.168469770328,-0.275783210976,-0.946341141993));
#4281 = ORIENTED_EDGE('',*,*,#4282,.F.);
#4282 = EDGE_CURVE('',#4250,#4275,#4283,.T.);
#4283 = LINE('',#4284,#4285);
#4284 = CARTESIAN_POINT('',(68.245408837891,92.177253564453,
    175.20957209472));
#4285 = VECTOR('',#4286,1.);
#4286 = DIRECTION('',(0.528681765682,2.453360492544E-02,-0.848465493031)
  );
#4287 = PLANE('',#4288);
#4288 = AXIS2_PLACEMENT_3D('',#4289,#4290,#4291);
#4289 = CARTESIAN_POINT('',(69.092251605807,92.079454252506,
    173.22800096456));
#4290 = DIRECTION('',(0.363748501812,-0.909696308124,0.200348831829));
#4291 = DIRECTION('',(-0.928522446674,-0.371276266442,0.));
#4292 = ADVANCED_FACE('',(#4293),#4311,.T.);
#4293 = FACE_BOUND('',#4294,.T.);
#4294 = EDGE_LOOP('',(#4295,#4303,#4304,#4305));
#4295 = ORIENTED_EDGE('',*,*,#4296,.F.);
#4296 = EDGE_CURVE('',#4275,#4297,#4299,.T.);
#4297 = VERTEX_POINT('',#4298);
#4298 = CARTESIAN_POINT('',(69.794290368652,92.068458398437,
    171.90346552734));
#4299 = LINE('',#4300,#4301);
#4300 = CARTESIAN_POINT('',(69.831453149414,92.250854333496,
    172.66417719726));
#4301 = VECTOR('',#4302,1.);
#4302 = DIRECTION('',(-4.745265701567E-02,-0.23289892656,-0.971342542747
    ));
#4303 = ORIENTED_EDGE('',*,*,#4274,.T.);
#4304 = ORIENTED_EDGE('',*,*,#3027,.T.);
#4305 = ORIENTED_EDGE('',*,*,#4306,.F.);
#4306 = EDGE_CURVE('',#4297,#3020,#4307,.T.);
#4307 = LINE('',#4308,#4309);
#4308 = CARTESIAN_POINT('',(69.794290368652,92.068458398437,
    171.90346552734));
#4309 = VECTOR('',#4310,1.);
#4310 = DIRECTION('',(-0.28660354274,-0.313948754992,-0.905148931683));
#4311 = PLANE('',#4312);
#4312 = AXIS2_PLACEMENT_3D('',#4313,#4314,#4315);
#4313 = CARTESIAN_POINT('',(69.724155552062,92.044688553862,
    171.92287473708));
#4314 = DIRECTION('',(0.363754699464,-0.909694207723,0.200347116409));
#4315 = DIRECTION('',(-0.928519970346,-0.371282459415,
    -1.387778780781E-17));
#4316 = ADVANCED_FACE('',(#4317),#4344,.T.);
#4317 = FACE_BOUND('',#4318,.T.);
#4318 = EDGE_LOOP('',(#4319,#4329,#4335,#4336,#4337,#4338));
#4319 = ORIENTED_EDGE('',*,*,#4320,.T.);
#4320 = EDGE_CURVE('',#4321,#4323,#4325,.T.);
#4321 = VERTEX_POINT('',#4322);
#4322 = CARTESIAN_POINT('',(68.915086572266,93.460044702148,
    170.83396174316));
#4323 = VERTEX_POINT('',#4324);
#4324 = CARTESIAN_POINT('',(69.139543359375,93.705917199707,
    171.54283930664));
#4325 = LINE('',#4326,#4327);
#4326 = CARTESIAN_POINT('',(68.915086572266,93.460044702148,
    170.83396174316));
#4327 = VECTOR('',#4328,1.);
#4328 = DIRECTION('',(0.28660354274,0.313948754992,0.905148931683));
#4329 = ORIENTED_EDGE('',*,*,#4330,.T.);
#4330 = EDGE_CURVE('',#4323,#4297,#4331,.T.);
#4331 = LINE('',#4332,#4333);
#4332 = CARTESIAN_POINT('',(69.139543359375,93.705917199707,
    171.54283930664));
#4333 = VECTOR('',#4334,1.);
#4334 = DIRECTION('',(0.363747426702,-0.909697053752,0.200347398191));
#4335 = ORIENTED_EDGE('',*,*,#4306,.T.);
#4336 = ORIENTED_EDGE('',*,*,#3019,.T.);
#4337 = ORIENTED_EDGE('',*,*,#3841,.T.);
#4338 = ORIENTED_EDGE('',*,*,#4339,.F.);
#4339 = EDGE_CURVE('',#4321,#3834,#4340,.T.);
#4340 = LINE('',#4341,#4342);
#4341 = CARTESIAN_POINT('',(68.915086572266,93.460044702148,
    170.83396174316));
#4342 = VECTOR('',#4343,1.);
#4343 = DIRECTION('',(0.363747426702,-0.909697053752,0.200347398191));
#4344 = PLANE('',#4345);
#4345 = AXIS2_PLACEMENT_3D('',#4346,#4347,#4348);
#4346 = CARTESIAN_POINT('',(69.354688470459,92.764251550293,
    171.36871363525));
#4347 = DIRECTION('',(0.886310132591,0.271825320583,-0.374920450172));
#4348 = DIRECTION('',(0.389589828467,1.387778780781E-17,0.920988471999)
  );
#4349 = ADVANCED_FACE('',(#4350),#4367,.T.);
#4350 = FACE_BOUND('',#4351,.T.);
#4351 = EDGE_LOOP('',(#4352,#4360,#4361));
#4352 = ORIENTED_EDGE('',*,*,#4353,.T.);
#4353 = EDGE_CURVE('',#4354,#1597,#4356,.T.);
#4354 = VERTEX_POINT('',#4355);
#4355 = CARTESIAN_POINT('',(58.217174530029,81.958366394043,
    152.1468963623));
#4356 = LINE('',#4357,#4358);
#4357 = CARTESIAN_POINT('',(58.217174530029,81.958366394043,
    152.1468963623));
#4358 = VECTOR('',#4359,1.);
#4359 = DIRECTION('',(0.785591168186,0.407219202643,0.465853021313));
#4360 = ORIENTED_EDGE('',*,*,#3004,.T.);
#4361 = ORIENTED_EDGE('',*,*,#4362,.F.);
#4362 = EDGE_CURVE('',#4354,#2997,#4363,.T.);
#4363 = LINE('',#4364,#4365);
#4364 = CARTESIAN_POINT('',(58.217174530029,81.958366394043,
    152.1468963623));
#4365 = VECTOR('',#4366,1.);
#4366 = DIRECTION('',(-0.839748960618,-0.126280776317,0.528086023933));
#4367 = PLANE('',#4368);
#4368 = AXIS2_PLACEMENT_3D('',#4369,#4370,#4371);
#4369 = CARTESIAN_POINT('',(68.1976103443,89.764957160183,
    166.80841025818));
#4370 = DIRECTION('',(0.309375452258,-0.910542825688,0.274223617013));
#4371 = DIRECTION('',(-0.946838994884,-0.321707814277,4.163336342344E-17
    ));
#4372 = ADVANCED_FACE('',(#4373),#4383,.T.);
#4373 = FACE_BOUND('',#4374,.T.);
#4374 = EDGE_LOOP('',(#4375,#4381,#4382));
#4375 = ORIENTED_EDGE('',*,*,#4376,.F.);
#4376 = EDGE_CURVE('',#3620,#3187,#4377,.T.);
#4377 = LINE('',#4378,#4379);
#4378 = CARTESIAN_POINT('',(62.177352905273,77.297782897949,
    132.17568969726));
#4379 = VECTOR('',#4380,1.);
#4380 = DIRECTION('',(-0.498790083046,-8.568385633113E-03,0.866680469275
    ));
#4381 = ORIENTED_EDGE('',*,*,#3628,.F.);
#4382 = ORIENTED_EDGE('',*,*,#3194,.T.);
#4383 = PLANE('',#4384);
#4384 = AXIS2_PLACEMENT_3D('',#4385,#4386,#4387);
#4385 = CARTESIAN_POINT('',(61.634490574996,77.357479078838,
    133.43234986782));
#4386 = DIRECTION('',(0.363742763847,-0.909699056959,0.200346768171));
#4387 = DIRECTION('',(-0.928524852444,-0.371270249809,
    -6.938893903907E-17));
#4388 = ADVANCED_FACE('',(#4389),#4399,.T.);
#4389 = FACE_BOUND('',#4390,.T.);
#4390 = EDGE_LOOP('',(#4391,#4397,#4398));
#4391 = ORIENTED_EDGE('',*,*,#4392,.F.);
#4392 = EDGE_CURVE('',#3187,#3236,#4393,.T.);
#4393 = LINE('',#4394,#4395);
#4394 = CARTESIAN_POINT('',(60.88049697876,77.275505065918,
    134.42906188964));
#4395 = VECTOR('',#4396,1.);
#4396 = DIRECTION('',(-0.877630649806,-0.406771893098,-0.253576555514));
#4397 = ORIENTED_EDGE('',*,*,#3219,.F.);
#4398 = ORIENTED_EDGE('',*,*,#3243,.F.);
#4399 = PLANE('',#4400);
#4400 = AXIS2_PLACEMENT_3D('',#4401,#4402,#4403);
#4401 = CARTESIAN_POINT('',(60.191040954606,76.961808972575,
    134.25645736907));
#4402 = DIRECTION('',(0.363744528446,-0.909696342387,0.200355890041));
#4403 = DIRECTION('',(-0.928523849609,-0.371272757831,1.387778780781E-17
    ));
#4404 = ADVANCED_FACE('',(#4405),#4415,.T.);
#4405 = FACE_BOUND('',#4406,.T.);
#4406 = EDGE_LOOP('',(#4407,#4413,#4414));
#4407 = ORIENTED_EDGE('',*,*,#4408,.T.);
#4408 = EDGE_CURVE('',#2429,#3236,#4409,.T.);
#4409 = LINE('',#4410,#4411);
#4410 = CARTESIAN_POINT('',(58.579696655273,76.031860351562,
    132.95947265625));
#4411 = VECTOR('',#4412,1.);
#4412 = DIRECTION('',(0.603970105121,0.394073617566,0.692766985398));
#4413 = ORIENTED_EDGE('',*,*,#3267,.T.);
#4414 = ORIENTED_EDGE('',*,*,#3281,.T.);
#4415 = PLANE('',#4416);
#4416 = AXIS2_PLACEMENT_3D('',#4417,#4418,#4419);
#4417 = CARTESIAN_POINT('',(59.030451234646,76.334480261134,
    133.51515563687));
#4418 = DIRECTION('',(0.363714139842,-0.909702925792,0.200381164994));
#4419 = DIRECTION('',(-0.928535468328,-0.371243699014,0.));
#4420 = ADVANCED_FACE('',(#4421),#4438,.T.);
#4421 = FACE_BOUND('',#4422,.T.);
#4422 = EDGE_LOOP('',(#4423,#4424,#4432));
#4423 = ORIENTED_EDGE('',*,*,#3299,.T.);
#4424 = ORIENTED_EDGE('',*,*,#4425,.F.);
#4425 = EDGE_CURVE('',#4426,#1597,#4428,.T.);
#4426 = VERTEX_POINT('',#4427);
#4427 = CARTESIAN_POINT('',(60.825309753418,81.938163757324,
    149.13737487793));
#4428 = LINE('',#4429,#4430);
#4429 = CARTESIAN_POINT('',(60.825309753418,81.938163757324,
    149.13737487793));
#4430 = VECTOR('',#4431,1.);
#4431 = DIRECTION('',(0.743316842206,0.411411520107,0.527466238935));
#4432 = ORIENTED_EDGE('',*,*,#4433,.T.);
#4433 = EDGE_CURVE('',#4426,#3300,#4434,.T.);
#4434 = LINE('',#4435,#4436);
#4435 = CARTESIAN_POINT('',(60.825309753418,81.938163757324,
    149.13737487793));
#4436 = VECTOR('',#4437,1.);
#4437 = DIRECTION('',(-0.689123348722,-0.413376104751,-0.595171577167));
#4438 = PLANE('',#4439);
#4439 = AXIS2_PLACEMENT_3D('',#4440,#4441,#4442);
#4440 = CARTESIAN_POINT('',(80.173390826562,92.642740487245,
    162.85300419358));
#4441 = DIRECTION('',(0.309453746034,-0.910548126773,0.274117653382));
#4442 = DIRECTION('',(-0.946814764095,-0.321779120658,
    -4.163336342344E-17));
#4443 = ADVANCED_FACE('',(#4444),#4460,.T.);
#4444 = FACE_BOUND('',#4445,.T.);
#4445 = EDGE_LOOP('',(#4446,#4452,#4453,#4459));
#4446 = ORIENTED_EDGE('',*,*,#4447,.T.);
#4447 = EDGE_CURVE('',#3300,#2383,#4448,.T.);
#4448 = LINE('',#4449,#4450);
#4449 = CARTESIAN_POINT('',(60.465511322021,81.72233581543,
    148.82662963867));
#4450 = VECTOR('',#4451,1.);
#4451 = DIRECTION('',(-0.363746205596,0.909699299987,-0.200339415787));
#4452 = ORIENTED_EDGE('',*,*,#3337,.F.);
#4453 = ORIENTED_EDGE('',*,*,#4454,.F.);
#4454 = EDGE_CURVE('',#3308,#3330,#4455,.T.);
#4455 = LINE('',#4456,#4457);
#4456 = CARTESIAN_POINT('',(60.029102325439,81.514541625977,
    148.62901306152));
#4457 = VECTOR('',#4458,1.);
#4458 = DIRECTION('',(-0.363746205596,0.909699299987,-0.200339415787));
#4459 = ORIENTED_EDGE('',*,*,#3307,.F.);
#4460 = PLANE('',#4461);
#4461 = AXIS2_PLACEMENT_3D('',#4462,#4463,#4464);
#4462 = CARTESIAN_POINT('',(59.91993522644,82.437168121338,
    148.54751586914));
#4463 = DIRECTION('',(-0.424051969466,2.977858240772E-02,0.905148144351)
  );
#4464 = DIRECTION('',(0.905549737841,-1.734723475977E-18,0.424240111608)
  );
#4465 = ADVANCED_FACE('',(#4466),#4483,.T.);
#4466 = FACE_BOUND('',#4467,.T.);
#4467 = EDGE_LOOP('',(#4468,#4476,#4477));
#4468 = ORIENTED_EDGE('',*,*,#4469,.T.);
#4469 = EDGE_CURVE('',#4470,#1643,#4472,.T.);
#4470 = VERTEX_POINT('',#4471);
#4471 = CARTESIAN_POINT('',(59.545825958252,81.328948974609,
    148.55799865722));
#4472 = LINE('',#4473,#4474);
#4473 = CARTESIAN_POINT('',(59.545825958252,81.328948974609,
    148.55799865722));
#4474 = VECTOR('',#4475,1.);
#4475 = DIRECTION('',(-0.69933900362,-0.413259019816,-0.583216889807));
#4476 = ORIENTED_EDGE('',*,*,#3315,.F.);
#4477 = ORIENTED_EDGE('',*,*,#4478,.T.);
#4478 = EDGE_CURVE('',#3308,#4470,#4479,.T.);
#4479 = LINE('',#4480,#4481);
#4480 = CARTESIAN_POINT('',(60.029102325439,81.514541625977,
    148.62901306152));
#4481 = VECTOR('',#4482,1.);
#4482 = DIRECTION('',(-0.92486737126,-0.355176870316,-0.135903408242));
#4483 = PLANE('',#4484);
#4484 = AXIS2_PLACEMENT_3D('',#4485,#4486,#4487);
#4485 = CARTESIAN_POINT('',(43.269524282982,71.68557196271,
    134.90044701666));
#4486 = DIRECTION('',(0.309381539624,-0.910542988082,0.27421620994));
#4487 = DIRECTION('',(-0.946837084189,-0.321713437711,
    -2.775557561563E-17));
#4488 = ADVANCED_FACE('',(#4489),#4506,.T.);
#4489 = FACE_BOUND('',#4490,.T.);
#4490 = EDGE_LOOP('',(#4491,#4499,#4505));
#4491 = ORIENTED_EDGE('',*,*,#4492,.T.);
#4492 = EDGE_CURVE('',#1178,#4493,#4495,.T.);
#4493 = VERTEX_POINT('',#4494);
#4494 = CARTESIAN_POINT('',(58.891078948975,82.966415405273,
    148.19738769531));
#4495 = LINE('',#4496,#4497);
#4496 = CARTESIAN_POINT('',(25.913522720337,63.479042053223,
    120.69559478759));
#4497 = VECTOR('',#4498,1.);
#4498 = DIRECTION('',(0.699338828873,0.413259150052,0.583217007065));
#4499 = ORIENTED_EDGE('',*,*,#4500,.T.);
#4500 = EDGE_CURVE('',#4493,#3330,#4501,.T.);
#4501 = LINE('',#4502,#4503);
#4502 = CARTESIAN_POINT('',(58.891078948975,82.966415405273,
    148.19738769531));
#4503 = VECTOR('',#4504,1.);
#4504 = DIRECTION('',(0.924873223118,0.355161713366,0.135903195396));
#4505 = ORIENTED_EDGE('',*,*,#3329,.F.);
#4506 = PLANE('',#4507);
#4507 = AXIS2_PLACEMENT_3D('',#4508,#4509,#4510);
#4508 = CARTESIAN_POINT('',(42.614781217287,73.323032752228,
    134.53983237317));
#4509 = DIRECTION('',(-0.309360939746,0.910542565505,-0.274240852835));
#4510 = DIRECTION('',(0.946843563616,0.321694367435,1.387778780781E-17)
  );
#4511 = ADVANCED_FACE('',(#4512),#4522,.T.);
#4512 = FACE_BOUND('',#4513,.T.);
#4513 = EDGE_LOOP('',(#4514,#4520,#4521));
#4514 = ORIENTED_EDGE('',*,*,#4515,.T.);
#4515 = EDGE_CURVE('',#3300,#3354,#4516,.T.);
#4516 = LINE('',#4517,#4518);
#4517 = CARTESIAN_POINT('',(60.465511322021,81.72233581543,
    148.82662963867));
#4518 = VECTOR('',#4519,1.);
#4519 = DIRECTION('',(-0.157114832311,0.987223049723,-2.656274768123E-02
    ));
#4520 = ORIENTED_EDGE('',*,*,#3353,.F.);
#4521 = ORIENTED_EDGE('',*,*,#4447,.F.);
#4522 = PLANE('',#4523);
#4523 = AXIS2_PLACEMENT_3D('',#4524,#4525,#4526);
#4524 = CARTESIAN_POINT('',(60.200224852568,82.704518551497,
    148.71268145169));
#4525 = DIRECTION('',(-0.624256844175,-7.843570756239E-02,0.777271659254
    ));
#4526 = DIRECTION('',(0.779673698141,2.775557561563E-17,0.626186014238)
  );
#4527 = ADVANCED_FACE('',(#4528),#4545,.T.);
#4528 = FACE_BOUND('',#4529,.T.);
#4529 = EDGE_LOOP('',(#4530,#4531,#4539));
#4530 = ORIENTED_EDGE('',*,*,#3361,.T.);
#4531 = ORIENTED_EDGE('',*,*,#4532,.T.);
#4532 = EDGE_CURVE('',#3354,#4533,#4535,.T.);
#4533 = VERTEX_POINT('',#4534);
#4534 = CARTESIAN_POINT('',(60.429229736328,83.784797668457,
    149.17947387695));
#4535 = LINE('',#4536,#4537);
#4536 = CARTESIAN_POINT('',(60.170562744141,83.575630187988,
    148.77676391601));
#4537 = VECTOR('',#4538,1.);
#4538 = DIRECTION('',(0.495211821697,0.400446180499,0.770978669079));
#4539 = ORIENTED_EDGE('',*,*,#4540,.F.);
#4540 = EDGE_CURVE('',#1620,#4533,#4541,.T.);
#4541 = LINE('',#4542,#4543);
#4542 = CARTESIAN_POINT('',(99.240539550781,105.20009613037,
    176.5012512207));
#4543 = VECTOR('',#4544,1.);
#4544 = DIRECTION('',(-0.745350451978,-0.411269355869,-0.524700124509));
#4545 = PLANE('',#4546);
#4546 = AXIS2_PLACEMENT_3D('',#4547,#4548,#4549);
#4547 = CARTESIAN_POINT('',(79.673201635024,94.38646343757,
    162.67085787005));
#4548 = DIRECTION('',(-0.309381651478,0.910543238294,-0.274215252905));
#4549 = DIRECTION('',(0.946837075689,0.32171346273,0.));
#4550 = ADVANCED_FACE('',(#4551),#4568,.T.);
#4551 = FACE_BOUND('',#4552,.T.);
#4552 = EDGE_LOOP('',(#4553,#4561,#4567));
#4553 = ORIENTED_EDGE('',*,*,#4554,.T.);
#4554 = EDGE_CURVE('',#1643,#4555,#4557,.T.);
#4555 = VERTEX_POINT('',#4556);
#4556 = CARTESIAN_POINT('',(57.857376098633,81.742530822754,
    151.83615112304));
#4557 = LINE('',#4558,#4559);
#4558 = CARTESIAN_POINT('',(26.568264007568,61.841583251953,
    121.0562133789));
#4559 = VECTOR('',#4560,1.);
#4560 = DIRECTION('',(0.649260588809,0.412951984705,0.638695033758));
#4561 = ORIENTED_EDGE('',*,*,#4562,.F.);
#4562 = EDGE_CURVE('',#2997,#4555,#4563,.T.);
#4563 = LINE('',#4564,#4565);
#4564 = CARTESIAN_POINT('',(35.989379882812,78.615768432617,
    166.12510681152));
#4565 = VECTOR('',#4566,1.);
#4566 = DIRECTION('',(0.831200301693,0.118847918957,-0.543121745675));
#4567 = ORIENTED_EDGE('',*,*,#3377,.T.);
#4568 = PLANE('',#4569);
#4569 = AXIS2_PLACEMENT_3D('',#4570,#4571,#4572);
#4570 = CARTESIAN_POINT('',(38.877926665764,72.95836845642,
    144.08123126078));
#4571 = DIRECTION('',(0.309375384017,-0.910542860602,0.274223578073));
#4572 = DIRECTION('',(-0.946839020257,-0.321707739602,2.775557561563E-17
    ));
#4573 = ADVANCED_FACE('',(#4574),#4591,.T.);
#4574 = FACE_BOUND('',#4575,.T.);
#4575 = EDGE_LOOP('',(#4576,#4584,#4585));
#4576 = ORIENTED_EDGE('',*,*,#4577,.T.);
#4577 = EDGE_CURVE('',#4578,#1178,#4580,.T.);
#4578 = VERTEX_POINT('',#4579);
#4579 = CARTESIAN_POINT('',(56.804058074951,82.982574462891,
    150.6056060791));
#4580 = LINE('',#4581,#4582);
#4581 = CARTESIAN_POINT('',(56.804058074951,82.982574462891,
    150.6056060791));
#4582 = VECTOR('',#4583,1.);
#4583 = DIRECTION('',(-0.654257638014,-0.413082353568,-0.633490262176));
#4584 = ORIENTED_EDGE('',*,*,#3391,.F.);
#4585 = ORIENTED_EDGE('',*,*,#4586,.T.);
#4586 = EDGE_CURVE('',#3392,#4578,#4587,.T.);
#4587 = LINE('',#4588,#4589);
#4588 = CARTESIAN_POINT('',(56.943969726562,83.170822143555,
    151.07283020019));
#4589 = VECTOR('',#4590,1.);
#4590 = DIRECTION('',(-0.267624245402,-0.360081829542,-0.893710433701));
#4591 = PLANE('',#4592);
#4592 = AXIS2_PLACEMENT_3D('',#4593,#4594,#4595);
#4593 = CARTESIAN_POINT('',(41.478754788832,73.331787378408,
    135.85055467305));
#4594 = DIRECTION('',(-0.309379781133,0.910542749614,-0.274218985759));
#4595 = DIRECTION('',(0.946837615529,0.321711873918,-2.775557561563E-17)
  );
#4596 = ADVANCED_FACE('',(#4597),#4614,.T.);
#4597 = FACE_BOUND('',#4598,.T.);
#4598 = EDGE_LOOP('',(#4599,#4600,#4608));
#4599 = ORIENTED_EDGE('',*,*,#3400,.T.);
#4600 = ORIENTED_EDGE('',*,*,#4601,.F.);
#4601 = EDGE_CURVE('',#4602,#2406,#4604,.T.);
#4602 = VERTEX_POINT('',#4603);
#4603 = CARTESIAN_POINT('',(57.202632904053,83.379997253418,
    151.47554016113));
#4604 = LINE('',#4605,#4606);
#4605 = CARTESIAN_POINT('',(57.202632904053,83.379997253418,
    151.47554016113));
#4606 = VECTOR('',#4607,1.);
#4607 = DIRECTION('',(-0.831200490057,-0.118848256614,0.543121383513));
#4608 = ORIENTED_EDGE('',*,*,#4609,.T.);
#4609 = EDGE_CURVE('',#4602,#3392,#4610,.T.);
#4610 = LINE('',#4611,#4612);
#4611 = CARTESIAN_POINT('',(57.202632904053,83.379997253418,
    151.47554016113));
#4612 = VECTOR('',#4613,1.);
#4613 = DIRECTION('',(-0.495203412978,-0.400459892743,-0.770976947826));
#4614 = PLANE('',#4615);
#4615 = AXIS2_PLACEMENT_3D('',#4616,#4617,#4618);
#4616 = CARTESIAN_POINT('',(46.310861645068,81.779191789231,
    158.44812613962));
#4617 = DIRECTION('',(-0.309381096627,0.910538052821,-0.274233096861));
#4618 = DIRECTION('',(0.946836693349,0.321714587993,0.));
#4619 = ADVANCED_FACE('',(#4620),#4630,.T.);
#4620 = FACE_BOUND('',#4621,.T.);
#4621 = EDGE_LOOP('',(#4622,#4623,#4629));
#4622 = ORIENTED_EDGE('',*,*,#3649,.F.);
#4623 = ORIENTED_EDGE('',*,*,#4624,.T.);
#4624 = EDGE_CURVE('',#3187,#2429,#4625,.T.);
#4625 = LINE('',#4626,#4627);
#4626 = CARTESIAN_POINT('',(60.88049697876,77.275505065918,
    134.42906188964));
#4627 = VECTOR('',#4628,1.);
#4628 = DIRECTION('',(-0.766932298476,-0.414547620466,-0.489862347932));
#4629 = ORIENTED_EDGE('',*,*,#3414,.F.);
#4630 = PLANE('',#4631);
#4631 = AXIS2_PLACEMENT_3D('',#4632,#4633,#4634);
#4632 = CARTESIAN_POINT('',(59.503527413591,76.282793533936,
    132.42156572302));
#4633 = DIRECTION('',(0.363747841226,-0.9096968632,0.200347510809));
#4634 = DIRECTION('',(-0.928522757214,-0.371275489813,1.387778780781E-17
    ));
#4635 = ADVANCED_FACE('',(#4636),#4646,.T.);
#4636 = FACE_BOUND('',#4637,.T.);
#4637 = EDGE_LOOP('',(#4638,#4639,#4640));
#4638 = ORIENTED_EDGE('',*,*,#3643,.T.);
#4639 = ORIENTED_EDGE('',*,*,#3446,.F.);
#4640 = ORIENTED_EDGE('',*,*,#4641,.T.);
#4641 = EDGE_CURVE('',#2532,#3187,#4642,.T.);
#4642 = LINE('',#4643,#4644);
#4643 = CARTESIAN_POINT('',(60.110816955566,76.534034729004,
    132.45976257324));
#4644 = VECTOR('',#4645,1.);
#4645 = DIRECTION('',(0.343513873125,0.330923682005,0.878912814595));
#4646 = PLANE('',#4647);
#4647 = AXIS2_PLACEMENT_3D('',#4648,#4649,#4650);
#4648 = CARTESIAN_POINT('',(60.415947426132,76.839855089374,
    133.29438211798));
#4649 = DIRECTION('',(0.363768963424,-0.909690786401,0.200336752462));
#4650 = DIRECTION('',(-0.928514469697,-0.37129621539,1.387778780781E-17)
  );
#4651 = ADVANCED_FACE('',(#4652),#4657,.T.);
#4652 = FACE_BOUND('',#4653,.T.);
#4653 = EDGE_LOOP('',(#4654,#4655,#4656));
#4654 = ORIENTED_EDGE('',*,*,#4641,.F.);
#4655 = ORIENTED_EDGE('',*,*,#3462,.T.);
#4656 = ORIENTED_EDGE('',*,*,#3478,.T.);
#4657 = PLANE('',#4658);
#4658 = AXIS2_PLACEMENT_3D('',#4659,#4660,#4661);
#4659 = CARTESIAN_POINT('',(60.528372121737,76.912459263213,
    133.41992897433));
#4660 = DIRECTION('',(0.363749539865,-0.909696414728,0.200346463106));
#4661 = DIRECTION('',(-0.92852209641,-0.371277142413,1.387778780781E-17)
  );
#4662 = ADVANCED_FACE('',(#4663),#4668,.T.);
#4663 = FACE_BOUND('',#4664,.T.);
#4664 = EDGE_LOOP('',(#4665,#4666,#4667));
#4665 = ORIENTED_EDGE('',*,*,#3485,.F.);
#4666 = ORIENTED_EDGE('',*,*,#3501,.F.);
#4667 = ORIENTED_EDGE('',*,*,#3515,.T.);
#4668 = PLANE('',#4669);
#4669 = AXIS2_PLACEMENT_3D('',#4670,#4671,#4672);
#4670 = CARTESIAN_POINT('',(60.852420807338,77.071494695946,
    133.55372244012));
#4671 = DIRECTION('',(0.363742032176,-0.909698347389,0.200351318406));
#4672 = DIRECTION('',(-0.928525010063,-0.371269855614,
    -1.387778780781E-17));
#4673 = ADVANCED_FACE('',(#4674),#4684,.T.);
#4674 = FACE_BOUND('',#4675,.T.);
#4675 = EDGE_LOOP('',(#4676,#4677,#4678));
#4676 = ORIENTED_EDGE('',*,*,#3522,.F.);
#4677 = ORIENTED_EDGE('',*,*,#3536,.T.);
#4678 = ORIENTED_EDGE('',*,*,#4679,.T.);
#4679 = EDGE_CURVE('',#3537,#3187,#4680,.T.);
#4680 = LINE('',#4681,#4682);
#4681 = CARTESIAN_POINT('',(61.663425445557,77.202857971191,
    132.677734375));
#4682 = VECTOR('',#4683,1.);
#4683 = DIRECTION('',(-0.407830415917,3.78421479279E-02,0.91227316287));
#4684 = PLANE('',#4685);
#4685 = AXIS2_PLACEMENT_3D('',#4686,#4687,#4688);
#4686 = CARTESIAN_POINT('',(61.224290204592,77.210171600819,
    133.50823349459));
#4687 = DIRECTION('',(0.363764397624,-0.909688529697,0.200355289323));
#4688 = DIRECTION('',(-0.928515758796,-0.371292991675,0.));
#4689 = ADVANCED_FACE('',(#4690),#4707,.T.);
#4690 = FACE_BOUND('',#4691,.T.);
#4691 = EDGE_LOOP('',(#4692,#4700,#4701));
#4692 = ORIENTED_EDGE('',*,*,#4693,.F.);
#4693 = EDGE_CURVE('',#3537,#4694,#4696,.T.);
#4694 = VERTEX_POINT('',#4695);
#4695 = CARTESIAN_POINT('',(61.949199676514,77.269119262695,
    132.45974731445));
#4696 = LINE('',#4697,#4698);
#4697 = CARTESIAN_POINT('',(61.663425445557,77.202857971191,
    132.677734375));
#4698 = VECTOR('',#4699,1.);
#4699 = DIRECTION('',(0.781914247451,0.181299229493,-0.596440021309));
#4700 = ORIENTED_EDGE('',*,*,#3570,.T.);
#4701 = ORIENTED_EDGE('',*,*,#4702,.T.);
#4702 = EDGE_CURVE('',#2650,#4694,#4703,.T.);
#4703 = LINE('',#4704,#4705);
#4704 = CARTESIAN_POINT('',(61.294460296631,78.906578063965,
    132.09913635253));
#4705 = VECTOR('',#4706,1.);
#4706 = DIRECTION('',(0.363744366721,-0.909700001254,0.200339570224));
#4707 = PLANE('',#4708);
#4708 = AXIS2_PLACEMENT_3D('',#4709,#4710,#4711);
#4709 = CARTESIAN_POINT('',(61.573101844047,77.994852480219,
    132.35588080414));
#4710 = DIRECTION('',(-0.506260078415,-0.373600062125,-0.777253965306));
#4711 = DIRECTION('',(-0.837928462142,5.551115123126E-17,0.545780076892)
  );
#4712 = ADVANCED_FACE('',(#4713),#4724,.T.);
#4713 = FACE_BOUND('',#4714,.T.);
#4714 = EDGE_LOOP('',(#4715,#4721,#4722,#4723));
#4715 = ORIENTED_EDGE('',*,*,#4716,.F.);
#4716 = EDGE_CURVE('',#3682,#3620,#4717,.T.);
#4717 = LINE('',#4718,#4719);
#4718 = CARTESIAN_POINT('',(61.522609710693,78.935241699219,
    131.81506347656));
#4719 = VECTOR('',#4720,1.);
#4720 = DIRECTION('',(0.363745587835,-0.909697755018,0.200347552634));
#4721 = ORIENTED_EDGE('',*,*,#3681,.F.);
#4722 = ORIENTED_EDGE('',*,*,#3664,.F.);
#4723 = ORIENTED_EDGE('',*,*,#3732,.F.);
#4724 = PLANE('',#4725);
#4725 = AXIS2_PLACEMENT_3D('',#4726,#4727,#4728);
#4726 = CARTESIAN_POINT('',(61.927471160889,78.111068725586,
    131.82997131347));
#4727 = DIRECTION('',(-0.829380463034,-0.414201196015,-0.374920547259));
#4728 = DIRECTION('',(0.446791534535,-0.894638097036,8.326672684689E-17)
  );
#4729 = ADVANCED_FACE('',(#4730),#4740,.T.);
#4730 = FACE_BOUND('',#4731,.T.);
#4731 = EDGE_LOOP('',(#4732,#4738,#4739));
#4732 = ORIENTED_EDGE('',*,*,#4733,.F.);
#4733 = EDGE_CURVE('',#4694,#3682,#4734,.T.);
#4734 = LINE('',#4735,#4736);
#4735 = CARTESIAN_POINT('',(61.949199676514,77.269119262695,
    132.45974731445));
#4736 = VECTOR('',#4737,1.);
#4737 = DIRECTION('',(-0.232255711188,0.907115690536,-0.350996308534));
#4738 = ORIENTED_EDGE('',*,*,#4702,.F.);
#4739 = ORIENTED_EDGE('',*,*,#3704,.F.);
#4740 = PLANE('',#4741);
#4741 = AXIS2_PLACEMENT_3D('',#4742,#4743,#4744);
#4742 = CARTESIAN_POINT('',(61.654704464175,78.170499679854,
    132.18482145497));
#4743 = DIRECTION('',(-0.691372620928,-0.407791832795,-0.596414050922));
#4744 = DIRECTION('',(0.653192891097,-2.775557561563E-17,-0.757191552397
    ));
#4745 = ADVANCED_FACE('',(#4746),#4763,.T.);
#4746 = FACE_BOUND('',#4747,.T.);
#4747 = EDGE_LOOP('',(#4748,#4749,#4757));
#4748 = ORIENTED_EDGE('',*,*,#3746,.T.);
#4749 = ORIENTED_EDGE('',*,*,#4750,.F.);
#4750 = EDGE_CURVE('',#4751,#1620,#4753,.T.);
#4751 = VERTEX_POINT('',#4752);
#4752 = CARTESIAN_POINT('',(59.881378173828,84.298858642578,
    151.50444030761));
#4753 = LINE('',#4754,#4755);
#4754 = CARTESIAN_POINT('',(59.881378173828,84.298858642578,
    151.50444030761));
#4755 = VECTOR('',#4756,1.);
#4756 = DIRECTION('',(0.770291701906,0.409054696115,0.489208492936));
#4757 = ORIENTED_EDGE('',*,*,#4758,.T.);
#4758 = EDGE_CURVE('',#4751,#3747,#4759,.T.);
#4759 = LINE('',#4760,#4761);
#4760 = CARTESIAN_POINT('',(59.881378173828,84.298858642578,
    151.50444030761));
#4761 = VECTOR('',#4762,1.);
#4762 = DIRECTION('',(-0.810545845881,-0.101700371409,0.576777657491));
#4763 = PLANE('',#4764);
#4764 = AXIS2_PLACEMENT_3D('',#4765,#4766,#4767);
#4765 = CARTESIAN_POINT('',(79.353800947896,94.682843130875,
    164.01530626763));
#4766 = DIRECTION('',(-0.309378815325,0.910543210043,-0.274218546551));
#4767 = DIRECTION('',(0.946837971002,0.321710827715,0.));
#4768 = ADVANCED_FACE('',(#4769),#4787,.T.);
#4769 = FACE_BOUND('',#4770,.T.);
#4770 = EDGE_LOOP('',(#4771,#4779,#4785,#4786));
#4771 = ORIENTED_EDGE('',*,*,#4772,.F.);
#4772 = EDGE_CURVE('',#4773,#3826,#4775,.T.);
#4773 = VERTEX_POINT('',#4774);
#4774 = CARTESIAN_POINT('',(68.518617456055,93.167457421875,
    170.22524287109));
#4775 = LINE('',#4776,#4777);
#4776 = CARTESIAN_POINT('',(68.518617456055,93.167457421875,
    170.22524287109));
#4777 = VECTOR('',#4778,1.);
#4778 = DIRECTION('',(0.363747426702,-0.909697053752,0.200347398191));
#4779 = ORIENTED_EDGE('',*,*,#4780,.T.);
#4780 = EDGE_CURVE('',#4773,#4321,#4781,.T.);
#4781 = LINE('',#4782,#4783);
#4782 = CARTESIAN_POINT('',(68.518617456055,93.167457421875,
    170.22524287109));
#4783 = VECTOR('',#4784,1.);
#4784 = DIRECTION('',(0.506245218012,0.373600125289,0.777263613984));
#4785 = ORIENTED_EDGE('',*,*,#4339,.T.);
#4786 = ORIENTED_EDGE('',*,*,#3833,.T.);
#4787 = PLANE('',#4788);
#4788 = AXIS2_PLACEMENT_3D('',#4789,#4790,#4791);
#4789 = CARTESIAN_POINT('',(69.044225518799,92.495021661377,
    170.70991541748));
#4790 = DIRECTION('',(0.781924232707,0.181302727183,-0.596425867499));
#4791 = DIRECTION('',(0.60647680507,1.387778780781E-17,0.795101179041));
#4792 = ADVANCED_FACE('',(#4793),#4811,.T.);
#4793 = FACE_BOUND('',#4794,.T.);
#4794 = EDGE_LOOP('',(#4795,#4803,#4809,#4810));
#4795 = ORIENTED_EDGE('',*,*,#4796,.F.);
#4796 = EDGE_CURVE('',#4797,#3818,#4799,.T.);
#4797 = VERTEX_POINT('',#4798);
#4798 = CARTESIAN_POINT('',(67.977174584961,92.848083337402,
    169.7581560791));
#4799 = LINE('',#4800,#4801);
#4800 = CARTESIAN_POINT('',(67.977174584961,92.848083337402,
    169.7581560791));
#4801 = VECTOR('',#4802,1.);
#4802 = DIRECTION('',(0.363747426702,-0.909697053752,0.200347398191));
#4803 = ORIENTED_EDGE('',*,*,#4804,.T.);
#4804 = EDGE_CURVE('',#4797,#4773,#4805,.T.);
#4805 = LINE('',#4806,#4807);
#4806 = CARTESIAN_POINT('',(67.977174584961,92.848083337402,
    169.7581560791));
#4807 = VECTOR('',#4808,1.);
#4808 = DIRECTION('',(0.691361902385,0.407804934559,0.596417517583));
#4809 = ORIENTED_EDGE('',*,*,#4772,.T.);
#4810 = ORIENTED_EDGE('',*,*,#3825,.T.);
#4811 = PLANE('',#4812);
#4812 = AXIS2_PLACEMENT_3D('',#4813,#4814,#4815);
#4813 = CARTESIAN_POINT('',(68.575269525146,92.189040979004,
    170.17201258544));
#4814 = DIRECTION('',(0.624261916176,7.843277891162E-02,-0.777267881238)
  );
#4815 = DIRECTION('',(-0.779669728246,0.,-0.626190957182));
#4816 = ADVANCED_FACE('',(#4817),#4835,.T.);
#4817 = FACE_BOUND('',#4818,.T.);
#4818 = EDGE_LOOP('',(#4819,#4827,#4828,#4829));
#4819 = ORIENTED_EDGE('',*,*,#4820,.T.);
#4820 = EDGE_CURVE('',#4821,#4797,#4823,.T.);
#4821 = VERTEX_POINT('',#4822);
#4822 = CARTESIAN_POINT('',(67.327638452148,92.523696740723,
    169.46453120117));
#4823 = LINE('',#4824,#4825);
#4824 = CARTESIAN_POINT('',(67.327638452148,92.523696740723,
    169.46453120117));
#4825 = VECTOR('',#4826,1.);
#4826 = DIRECTION('',(0.829378696609,0.414202257828,0.374923281781));
#4827 = ORIENTED_EDGE('',*,*,#4796,.T.);
#4828 = ORIENTED_EDGE('',*,*,#3817,.T.);
#4829 = ORIENTED_EDGE('',*,*,#4830,.F.);
#4830 = EDGE_CURVE('',#4821,#3810,#4831,.T.);
#4831 = LINE('',#4832,#4833);
#4832 = CARTESIAN_POINT('',(67.327638452148,92.523696740723,
    169.46453120117));
#4833 = VECTOR('',#4834,1.);
#4834 = DIRECTION('',(0.363747426702,-0.909697053752,0.200347398191));
#4835 = PLANE('',#4836);
#4836 = AXIS2_PLACEMENT_3D('',#4837,#4838,#4839);
#4837 = CARTESIAN_POINT('',(67.979780023193,91.867160638428,
    169.79165675048));
#4838 = DIRECTION('',(0.4240509495,-2.97864850222E-02,-0.90514836217));
#4839 = DIRECTION('',(-0.905550169075,1.734723475977E-18,-0.424239191126
    ));
#4840 = ADVANCED_FACE('',(#4841),#4851,.T.);
#4841 = FACE_BOUND('',#4842,.T.);
#4842 = EDGE_LOOP('',(#4843,#4844,#4845));
#4843 = ORIENTED_EDGE('',*,*,#4830,.T.);
#4844 = ORIENTED_EDGE('',*,*,#3809,.T.);
#4845 = ORIENTED_EDGE('',*,*,#4846,.F.);
#4846 = EDGE_CURVE('',#4821,#3802,#4847,.T.);
#4847 = LINE('',#4848,#4849);
#4848 = CARTESIAN_POINT('',(67.327638452148,92.523696740723,
    169.46453120117));
#4849 = VECTOR('',#4850,1.);
#4850 = DIRECTION('',(-2.985703506308E-02,-0.990707882277,0.132689296675
    ));
#4851 = PLANE('',#4852);
#4852 = AXIS2_PLACEMENT_3D('',#4853,#4854,#4855);
#4853 = CARTESIAN_POINT('',(67.495953240987,91.471115809,169.64565562259
    ));
#4854 = DIRECTION('',(0.194952744711,-0.135970859874,-0.971342036872));
#4855 = DIRECTION('',(-0.980447613739,3.469446951954E-18,-0.196780275215
    ));
#4856 = ADVANCED_FACE('',(#4857),#4875,.T.);
#4857 = FACE_BOUND('',#4858,.T.);
#4858 = EDGE_LOOP('',(#4859,#4867,#4868,#4869));
#4859 = ORIENTED_EDGE('',*,*,#4860,.T.);
#4860 = EDGE_CURVE('',#4861,#4821,#4863,.T.);
#4861 = VERTEX_POINT('',#4862);
#4862 = CARTESIAN_POINT('',(66.614290063477,92.216407617187,
    169.36437250976));
#4863 = LINE('',#4864,#4865);
#4864 = CARTESIAN_POINT('',(66.614290063477,92.216407617187,
    169.36437250976));
#4865 = VECTOR('',#4866,1.);
#4866 = DIRECTION('',(0.910870425187,0.392375701767,0.127892052854));
#4867 = ORIENTED_EDGE('',*,*,#4846,.T.);
#4868 = ORIENTED_EDGE('',*,*,#3801,.T.);
#4869 = ORIENTED_EDGE('',*,*,#4870,.F.);
#4870 = EDGE_CURVE('',#4861,#3794,#4871,.T.);
#4871 = LINE('',#4872,#4873);
#4872 = CARTESIAN_POINT('',(66.614290063477,92.216407617187,
    169.36437250976));
#4873 = VECTOR('',#4874,1.);
#4874 = DIRECTION('',(0.363743748963,-0.909698456281,0.200347707077));
#4875 = PLANE('',#4876);
#4876 = AXIS2_PLACEMENT_3D('',#4877,#4878,#4879);
#4877 = CARTESIAN_POINT('',(67.100717117505,91.631528761461,
    169.54387450639));
#4878 = DIRECTION('',(0.194954775215,-0.135970866364,-0.97134162843));
#4879 = DIRECTION('',(-0.98044720235,0.,-0.19678232493));
#4880 = ADVANCED_FACE('',(#4881),#4891,.T.);
#4881 = FACE_BOUND('',#4882,.T.);
#4882 = EDGE_LOOP('',(#4883,#4884,#4885));
#4883 = ORIENTED_EDGE('',*,*,#4870,.T.);
#4884 = ORIENTED_EDGE('',*,*,#3793,.T.);
#4885 = ORIENTED_EDGE('',*,*,#4886,.F.);
#4886 = EDGE_CURVE('',#4861,#3786,#4887,.T.);
#4887 = LINE('',#4888,#4889);
#4888 = CARTESIAN_POINT('',(66.614290063477,92.216407617187,
    169.36437250976));
#4889 = VECTOR('',#4890,1.);
#4890 = DIRECTION('',(-3.760675432595E-02,-0.971331627494,0.234735173033
    ));
#4891 = PLANE('',#4892);
#4892 = AXIS2_PLACEMENT_3D('',#4893,#4894,#4895);
#4893 = CARTESIAN_POINT('',(66.778007353783,91.175311254507,
    169.60599879533));
#4894 = DIRECTION('',(-4.745878885562E-02,-0.232900216086,-0.97134193398
    ));
#4895 = DIRECTION('',(-1.734723475977E-18,-0.972437679833,0.233162944829
    ));
#4896 = ADVANCED_FACE('',(#4897),#4915,.T.);
#4897 = FACE_BOUND('',#4898,.T.);
#4898 = EDGE_LOOP('',(#4899,#4907,#4908,#4909));
#4899 = ORIENTED_EDGE('',*,*,#4900,.T.);
#4900 = EDGE_CURVE('',#4901,#4861,#4903,.T.);
#4901 = VERTEX_POINT('',#4902);
#4902 = CARTESIAN_POINT('',(65.885721032715,91.947143395996,
    169.46453120117));
#4903 = LINE('',#4904,#4905);
#4904 = CARTESIAN_POINT('',(65.885721032715,91.947143395996,
    169.46453120117));
#4905 = VECTOR('',#4906,1.);
#4906 = DIRECTION('',(0.930287734265,0.343815330702,-0.127889600245));
#4907 = ORIENTED_EDGE('',*,*,#4886,.T.);
#4908 = ORIENTED_EDGE('',*,*,#3785,.T.);
#4909 = ORIENTED_EDGE('',*,*,#4910,.F.);
#4910 = EDGE_CURVE('',#4901,#3778,#4911,.T.);
#4911 = LINE('',#4912,#4913);
#4912 = CARTESIAN_POINT('',(65.885721032715,91.947143395996,
    169.46453120117));
#4913 = VECTOR('',#4914,1.);
#4914 = DIRECTION('',(0.363747426702,-0.909697053752,0.200347398191));
#4915 = PLANE('',#4916);
#4916 = AXIS2_PLACEMENT_3D('',#4917,#4918,#4919);
#4917 = CARTESIAN_POINT('',(66.376748286374,91.350781962902,
    169.58353090976));
#4918 = DIRECTION('',(-4.745828558434E-02,-0.23290024012,-0.971341952806
    ));
#4919 = DIRECTION('',(-1.734723475977E-18,-0.972437675402,0.233162963309
    ));
#4920 = ADVANCED_FACE('',(#4921),#4939,.T.);
#4921 = FACE_BOUND('',#4922,.T.);
#4922 = EDGE_LOOP('',(#4923,#4931,#4932,#4933));
#4923 = ORIENTED_EDGE('',*,*,#4924,.T.);
#4924 = EDGE_CURVE('',#4925,#4901,#4927,.T.);
#4925 = VERTEX_POINT('',#4926);
#4926 = CARTESIAN_POINT('',(65.191606347656,91.734260400391,
    169.7581560791));
#4927 = LINE('',#4928,#4929);
#4928 = CARTESIAN_POINT('',(65.191606347656,91.734260400391,
    169.7581560791));
#4929 = VECTOR('',#4930,1.);
#4930 = DIRECTION('',(0.886306943704,0.271827813563,-0.374926181156));
#4931 = ORIENTED_EDGE('',*,*,#4910,.T.);
#4932 = ORIENTED_EDGE('',*,*,#3777,.T.);
#4933 = ORIENTED_EDGE('',*,*,#4934,.F.);
#4934 = EDGE_CURVE('',#4925,#3770,#4935,.T.);
#4935 = LINE('',#4936,#4937);
#4936 = CARTESIAN_POINT('',(65.191606347656,91.734260400391,
    169.7581560791));
#4937 = VECTOR('',#4938,1.);
#4938 = DIRECTION('',(0.363747426702,-0.909697053752,0.200347398191));
#4939 = PLANE('',#4940);
#4940 = AXIS2_PLACEMENT_3D('',#4941,#4942,#4943);
#4941 = CARTESIAN_POINT('',(65.866037194824,91.021972497559,
    169.79165675048));
#4942 = DIRECTION('',(-0.286609247172,-0.313947723772,-0.905147483107));
#4943 = DIRECTION('',(-4.163336342344E-17,-0.944783447999,0.327695340806
    ));
#4944 = ADVANCED_FACE('',(#4945),#4956,.T.);
#4945 = FACE_BOUND('',#4946,.T.);
#4946 = EDGE_LOOP('',(#4947,#4948,#4954,#4955));
#4947 = ORIENTED_EDGE('',*,*,#3866,.F.);
#4948 = ORIENTED_EDGE('',*,*,#4949,.T.);
#4949 = EDGE_CURVE('',#3859,#4925,#4950,.T.);
#4950 = LINE('',#4951,#4952);
#4951 = CARTESIAN_POINT('',(64.579232995605,91.59226973877,
    170.22524287109));
#4952 = VECTOR('',#4953,1.);
#4953 = DIRECTION('',(0.781930727516,0.181305834047,-0.596416408147));
#4954 = ORIENTED_EDGE('',*,*,#4934,.T.);
#4955 = ORIENTED_EDGE('',*,*,#3769,.T.);
#4956 = PLANE('',#4957);
#4957 = AXIS2_PLACEMENT_3D('',#4958,#4959,#4960);
#4958 = CARTESIAN_POINT('',(65.21279317627,90.844535668945,
    170.17201258544));
#4959 = DIRECTION('',(-0.506234097174,-0.37360272053,-0.777269609641));
#4960 = DIRECTION('',(-0.837946294954,2.775557561563E-17,0.545752697448)
  );
#4961 = ADVANCED_FACE('',(#4962),#4979,.T.);
#4962 = FACE_BOUND('',#4963,.T.);
#4963 = EDGE_LOOP('',(#4964,#4972,#4973));
#4964 = ORIENTED_EDGE('',*,*,#4965,.T.);
#4965 = EDGE_CURVE('',#4966,#3859,#4968,.T.);
#4966 = VERTEX_POINT('',#4967);
#4967 = CARTESIAN_POINT('',(63.758233850098,91.55416854248,
    171.54283930664));
#4968 = LINE('',#4969,#4970);
#4969 = CARTESIAN_POINT('',(63.758233850098,91.55416854248,
    171.54283930664));
#4970 = VECTOR('',#4971,1.);
#4971 = DIRECTION('',(0.528681872798,2.453524089537E-02,-0.848465378981)
  );
#4972 = ORIENTED_EDGE('',*,*,#3856,.F.);
#4973 = ORIENTED_EDGE('',*,*,#4974,.F.);
#4974 = EDGE_CURVE('',#4966,#3857,#4975,.T.);
#4975 = LINE('',#4976,#4977);
#4976 = CARTESIAN_POINT('',(63.758233850098,91.55416854248,
    171.54283930664));
#4977 = VECTOR('',#4978,1.);
#4978 = DIRECTION('',(0.424050433061,-2.978065597347E-02,-0.905148795917
    ));
#4979 = PLANE('',#4980);
#4980 = AXIS2_PLACEMENT_3D('',#4981,#4982,#4983);
#4981 = CARTESIAN_POINT('',(64.149048982581,91.562580200539,
    170.87146798156));
#4982 = DIRECTION('',(-0.363719718251,0.909712238312,-0.200328754851));
#4983 = DIRECTION('',(0.928534815614,0.371245331543,-2.775557561563E-17)
  );
#4984 = ADVANCED_FACE('',(#4985),#5003,.T.);
#4985 = FACE_BOUND('',#4986,.T.);
#4986 = EDGE_LOOP('',(#4987,#4988,#4996,#5002));
#4987 = ORIENTED_EDGE('',*,*,#3882,.T.);
#4988 = ORIENTED_EDGE('',*,*,#4989,.T.);
#4989 = EDGE_CURVE('',#3875,#4990,#4992,.T.);
#4990 = VERTEX_POINT('',#4991);
#4991 = CARTESIAN_POINT('',(64.412980859375,89.916709741211,
    171.90346552734));
#4992 = LINE('',#4993,#4994);
#4993 = CARTESIAN_POINT('',(64.745080773926,89.893386682129,
    171.19458796386));
#4994 = VECTOR('',#4995,1.);
#4995 = DIRECTION('',(-0.424050433061,2.978065597347E-02,0.905148795917)
  );
#4996 = ORIENTED_EDGE('',*,*,#4997,.F.);
#4997 = EDGE_CURVE('',#4966,#4990,#4998,.T.);
#4998 = LINE('',#4999,#5000);
#4999 = CARTESIAN_POINT('',(63.758233850098,91.55416854248,
    171.54283930664));
#5000 = VECTOR('',#5001,1.);
#5001 = DIRECTION('',(0.363747426702,-0.909697053752,0.200347398191));
#5002 = ORIENTED_EDGE('',*,*,#4974,.T.);
#5003 = PLANE('',#5004);
#5004 = AXIS2_PLACEMENT_3D('',#5005,#5006,#5007);
#5005 = CARTESIAN_POINT('',(64.251657312012,90.723777612305,
    171.36871363525));
#5006 = DIRECTION('',(-0.829377669807,-0.41420294627,-0.374924792628));
#5007 = DIRECTION('',(0.446794249974,-0.894636740912,-2.775557561563E-17
    ));
#5008 = ADVANCED_FACE('',(#5009),#5026,.T.);
#5009 = FACE_BOUND('',#5010,.T.);
#5010 = EDGE_LOOP('',(#5011,#5019,#5020));
#5011 = ORIENTED_EDGE('',*,*,#5012,.T.);
#5012 = EDGE_CURVE('',#5013,#3875,#5015,.T.);
#5013 = VERTEX_POINT('',#5014);
#5014 = CARTESIAN_POINT('',(66.486093347168,90.651580651855,
    171.47631098632));
#5015 = LINE('',#5016,#5017);
#5016 = CARTESIAN_POINT('',(66.486093347168,90.651580651855,
    171.47631098632));
#5017 = VECTOR('',#5018,1.);
#5018 = DIRECTION('',(-0.906906457803,-0.394948903862,-0.146751627362));
#5019 = ORIENTED_EDGE('',*,*,#3952,.F.);
#5020 = ORIENTED_EDGE('',*,*,#5021,.T.);
#5021 = EDGE_CURVE('',#3945,#5013,#5022,.T.);
#5022 = LINE('',#5023,#5024);
#5023 = CARTESIAN_POINT('',(66.810014550781,90.750930627441,
    171.33928706054));
#5024 = VECTOR('',#5025,1.);
#5025 = DIRECTION('',(-0.886305447867,-0.271839026359,0.374921587575));
#5026 = PLANE('',#5027);
#5027 = AXIS2_PLACEMENT_3D('',#5028,#5029,#5030);
#5028 = CARTESIAN_POINT('',(65.779144493057,90.331701178813,
    171.30737357866));
#5029 = DIRECTION('',(0.363752052346,-0.909702052372,0.200316300694));
#5030 = DIRECTION('',(-0.928522005549,-0.371277369646,
    -2.775557561563E-17));
#5031 = ADVANCED_FACE('',(#5032),#5047,.T.);
#5032 = FACE_BOUND('',#5033,.T.);
#5033 = EDGE_LOOP('',(#5034,#5040,#5041));
#5034 = ORIENTED_EDGE('',*,*,#5035,.T.);
#5035 = EDGE_CURVE('',#3859,#3985,#5036,.T.);
#5036 = LINE('',#5037,#5038);
#5037 = CARTESIAN_POINT('',(64.579232995605,91.59226973877,
    170.22524287109));
#5038 = VECTOR('',#5039,1.);
#5039 = DIRECTION('',(0.820967909868,0.414704563144,0.392468873));
#5040 = ORIENTED_EDGE('',*,*,#3984,.T.);
#5041 = ORIENTED_EDGE('',*,*,#5042,.F.);
#5042 = EDGE_CURVE('',#3859,#3987,#5043,.T.);
#5043 = LINE('',#5044,#5045);
#5044 = CARTESIAN_POINT('',(64.579232995605,91.59226973877,
    170.22524287109));
#5045 = VECTOR('',#5046,1.);
#5046 = DIRECTION('',(0.855143981839,0.411397879818,0.315405381702));
#5047 = PLANE('',#5048);
#5048 = AXIS2_PLACEMENT_3D('',#5049,#5050,#5051);
#5049 = CARTESIAN_POINT('',(65.528774754549,92.058652337735,
    170.61892432564));
#5050 = DIRECTION('',(-0.363747436844,0.909696855289,-0.200348280919));
#5051 = DIRECTION('',(0.928522898392,0.371275136742,0.));
#5052 = ADVANCED_FACE('',(#5053),#5063,.T.);
#5053 = FACE_BOUND('',#5054,.T.);
#5054 = EDGE_LOOP('',(#5055,#5056,#5062));
#5055 = ORIENTED_EDGE('',*,*,#4041,.T.);
#5056 = ORIENTED_EDGE('',*,*,#5057,.F.);
#5057 = EDGE_CURVE('',#3987,#4034,#5058,.T.);
#5058 = LINE('',#5059,#5060);
#5059 = CARTESIAN_POINT('',(66.495263879395,92.514045556641,
    170.93193842773));
#5060 = VECTOR('',#5061,1.);
#5061 = DIRECTION('',(0.537717109804,-0.813433580754,0.221779438917));
#5062 = ORIENTED_EDGE('',*,*,#4010,.F.);
#5063 = PLANE('',#5064);
#5064 = AXIS2_PLACEMENT_3D('',#5065,#5066,#5067);
#5065 = CARTESIAN_POINT('',(66.944118807474,91.660005732402,
    171.14156744111));
#5066 = DIRECTION('',(-0.194945499508,0.13596520009,0.971344283241));
#5067 = DIRECTION('',(0.98044911245,3.469446951954E-18,0.196772807815));
#5068 = ADVANCED_FACE('',(#5069),#5086,.T.);
#5069 = FACE_BOUND('',#5070,.T.);
#5070 = EDGE_LOOP('',(#5071,#5079,#5085));
#5071 = ORIENTED_EDGE('',*,*,#5072,.F.);
#5072 = EDGE_CURVE('',#5073,#3985,#5075,.T.);
#5073 = VERTEX_POINT('',#5074);
#5074 = CARTESIAN_POINT('',(65.831346337891,92.28904708252,
    171.11570002441));
#5075 = LINE('',#5076,#5077);
#5076 = CARTESIAN_POINT('',(65.831346337891,92.28904708252,
    171.11570002441));
#5077 = VECTOR('',#5078,1.);
#5078 = DIRECTION('',(0.886310477269,0.271819693443,-0.374923715094));
#5079 = ORIENTED_EDGE('',*,*,#5080,.F.);
#5080 = EDGE_CURVE('',#3945,#5073,#5081,.T.);
#5081 = LINE('',#5082,#5083);
#5082 = CARTESIAN_POINT('',(66.810014550781,90.750930627441,
    171.33928706054));
#5083 = VECTOR('',#5084,1.);
#5084 = DIRECTION('',(-0.532831219527,0.837420134566,-0.121730890576));
#5085 = ORIENTED_EDGE('',*,*,#3994,.T.);
#5086 = PLANE('',#5087);
#5087 = AXIS2_PLACEMENT_3D('',#5088,#5089,#5090);
#5088 = CARTESIAN_POINT('',(66.363627678863,91.617092932898,
    171.1802150693));
#5089 = DIRECTION('',(0.286611421651,0.31394055454,0.905149281165));
#5090 = DIRECTION('',(2.775557561563E-17,0.944785966309,-0.32768808014)
  );
#5091 = ADVANCED_FACE('',(#5092),#5103,.T.);
#5092 = FACE_BOUND('',#5093,.T.);
#5093 = EDGE_LOOP('',(#5094,#5100,#5101,#5102));
#5094 = ORIENTED_EDGE('',*,*,#5095,.F.);
#5095 = EDGE_CURVE('',#3987,#4073,#5096,.T.);
#5096 = LINE('',#5097,#5098);
#5097 = CARTESIAN_POINT('',(66.495263879395,92.514045556641,
    170.93193842773));
#5098 = VECTOR('',#5099,1.);
#5099 = DIRECTION('',(0.910873270724,0.392372324255,0.127882148243));
#5100 = ORIENTED_EDGE('',*,*,#5057,.T.);
#5101 = ORIENTED_EDGE('',*,*,#4033,.T.);
#5102 = ORIENTED_EDGE('',*,*,#4080,.T.);
#5103 = PLANE('',#5104);
#5104 = AXIS2_PLACEMENT_3D('',#5105,#5106,#5107);
#5105 = CARTESIAN_POINT('',(67.034050665431,91.874029939526,
    171.12965772409));
#5106 = DIRECTION('',(-0.194942093228,0.135967548558,0.971344638132));
#5107 = DIRECTION('',(0.980449789634,0.,0.196769433621));
#5108 = ADVANCED_FACE('',(#5109),#5124,.T.);
#5109 = FACE_BOUND('',#5110,.T.);
#5110 = EDGE_LOOP('',(#5111,#5117,#5118));
#5111 = ORIENTED_EDGE('',*,*,#5112,.T.);
#5112 = EDGE_CURVE('',#4323,#4073,#5113,.T.);
#5113 = LINE('',#5114,#5115);
#5114 = CARTESIAN_POINT('',(69.139543359375,93.705917199707,
    171.54283930664));
#5115 = VECTOR('',#5116,1.);
#5116 = DIRECTION('',(-0.888989159487,-0.403256354012,-0.216985223604));
#5117 = ORIENTED_EDGE('',*,*,#4072,.T.);
#5118 = ORIENTED_EDGE('',*,*,#5119,.F.);
#5119 = EDGE_CURVE('',#4323,#4065,#5120,.T.);
#5120 = LINE('',#5121,#5122);
#5121 = CARTESIAN_POINT('',(69.139543359375,93.705917199707,
    171.54283930664));
#5122 = VECTOR('',#5123,1.);
#5123 = DIRECTION('',(-0.896301838249,-0.400376325555,-0.190635287095));
#5124 = PLANE('',#5125);
#5125 = AXIS2_PLACEMENT_3D('',#5126,#5127,#5128);
#5126 = CARTESIAN_POINT('',(67.978590676588,93.182770265547,
    171.27525118029));
#5127 = DIRECTION('',(-0.363740579353,0.909693767371,-0.20037475025));
#5128 = DIRECTION('',(0.928524876883,0.371270188689,2.775557561563E-17)
  );
#5129 = ADVANCED_FACE('',(#5130),#5140,.T.);
#5130 = FACE_BOUND('',#5131,.T.);
#5131 = EDGE_LOOP('',(#5132,#5133,#5139));
#5132 = ORIENTED_EDGE('',*,*,#4112,.F.);
#5133 = ORIENTED_EDGE('',*,*,#5134,.F.);
#5134 = EDGE_CURVE('',#4065,#4113,#5135,.T.);
#5135 = LINE('',#5136,#5137);
#5136 = CARTESIAN_POINT('',(67.131280725098,92.808830102539,
    171.11570002441));
#5137 = VECTOR('',#5138,1.);
#5138 = DIRECTION('',(0.494039964516,-0.81036394627,0.3150155362));
#5139 = ORIENTED_EDGE('',*,*,#4064,.F.);
#5140 = PLANE('',#5141);
#5141 = AXIS2_PLACEMENT_3D('',#5142,#5143,#5144);
#5142 = CARTESIAN_POINT('',(67.558063733927,91.956338783985,
    171.37244459279));
#5143 = DIRECTION('',(-0.624274671023,-7.844473512859E-02,0.777256430433
    ));
#5144 = DIRECTION('',(0.779658977771,6.938893903907E-18,0.626204342352)
  );
#5145 = ADVANCED_FACE('',(#5146),#5163,.T.);
#5146 = FACE_BOUND('',#5147,.T.);
#5147 = EDGE_LOOP('',(#5148,#5149,#5157));
#5148 = ORIENTED_EDGE('',*,*,#4136,.F.);
#5149 = ORIENTED_EDGE('',*,*,#5150,.F.);
#5150 = EDGE_CURVE('',#5151,#4137,#5153,.T.);
#5151 = VERTEX_POINT('',#5152);
#5152 = CARTESIAN_POINT('',(67.383958642578,92.957870324707,
    171.33367182617));
#5153 = LINE('',#5154,#5155);
#5154 = CARTESIAN_POINT('',(67.383958642578,92.957870324707,
    171.33367182617));
#5155 = VECTOR('',#5156,1.);
#5156 = DIRECTION('',(0.457199977681,-0.817172060991,0.350995730948));
#5157 = ORIENTED_EDGE('',*,*,#5158,.F.);
#5158 = EDGE_CURVE('',#4113,#5151,#5159,.T.);
#5159 = LINE('',#5160,#5161);
#5160 = CARTESIAN_POINT('',(68.038698022461,91.320411523437,
    171.69429804687));
#5161 = VECTOR('',#5162,1.);
#5162 = DIRECTION('',(-0.363743748963,0.909698456281,-0.200347707077));
#5163 = PLANE('',#5164);
#5164 = AXIS2_PLACEMENT_3D('',#5165,#5166,#5167);
#5165 = CARTESIAN_POINT('',(67.792123296772,92.101942867818,
    171.60860094401));
#5166 = DIRECTION('',(-0.78192408177,-0.181298711181,0.596427286157));
#5167 = DIRECTION('',(-0.606477791048,-2.775557561563E-17,
    -0.795100426968));
#5168 = ADVANCED_FACE('',(#5169),#5194,.T.);
#5169 = FACE_BOUND('',#5170,.T.);
#5170 = EDGE_LOOP('',(#5171,#5179,#5187,#5193));
#5171 = ORIENTED_EDGE('',*,*,#5172,.T.);
#5172 = EDGE_CURVE('',#4161,#5173,#5175,.T.);
#5173 = VERTEX_POINT('',#5174);
#5174 = CARTESIAN_POINT('',(67.673723046875,93.209152062988,
    171.94855524902));
#5175 = LINE('',#5176,#5177);
#5176 = CARTESIAN_POINT('',(68.328462426758,91.571685632324,
    172.30916621093));
#5177 = VECTOR('',#5178,1.);
#5178 = DIRECTION('',(-0.363742964196,0.909700732171,-0.200338797754));
#5179 = ORIENTED_EDGE('',*,*,#5180,.F.);
#5180 = EDGE_CURVE('',#5181,#5173,#5183,.T.);
#5181 = VERTEX_POINT('',#5182);
#5182 = CARTESIAN_POINT('',(67.568971459961,93.094413598633,
    171.61774470214));
#5183 = LINE('',#5184,#5185);
#5184 = CARTESIAN_POINT('',(67.568971459961,93.094413598633,
    171.61774470214));
#5185 = VECTOR('',#5186,1.);
#5186 = DIRECTION('',(0.286616095175,0.313941693761,0.905147406175));
#5187 = ORIENTED_EDGE('',*,*,#5188,.F.);
#5188 = EDGE_CURVE('',#4137,#5181,#5189,.T.);
#5189 = LINE('',#5190,#5191);
#5190 = CARTESIAN_POINT('',(68.223710839844,91.456947167969,
    171.97835566406));
#5191 = VECTOR('',#5192,1.);
#5192 = DIRECTION('',(-0.363742964196,0.909700732171,-0.200338797754));
#5193 = ORIENTED_EDGE('',*,*,#4160,.F.);
#5194 = PLANE('',#5195);
#5195 = AXIS2_PLACEMENT_3D('',#5196,#5197,#5198);
#5196 = CARTESIAN_POINT('',(67.948716943359,92.333049615479,
    171.96345545654));
#5197 = DIRECTION('',(-0.886307959615,-0.271820676632,0.374928953907));
#5198 = DIRECTION('',(-0.389598133885,0.,-0.920984958658));
#5199 = ADVANCED_FACE('',(#5200),#5210,.T.);
#5200 = FACE_BOUND('',#5201,.T.);
#5201 = EDGE_LOOP('',(#5202,#5203,#5209));
#5202 = ORIENTED_EDGE('',*,*,#4184,.F.);
#5203 = ORIENTED_EDGE('',*,*,#5204,.F.);
#5204 = EDGE_CURVE('',#5173,#4185,#5205,.T.);
#5205 = LINE('',#5206,#5207);
#5206 = CARTESIAN_POINT('',(67.673723046875,93.209152062988,
    171.94855524902));
#5207 = VECTOR('',#5208,1.);
#5208 = DIRECTION('',(0.365912535736,-0.845169855418,0.389609973799));
#5209 = ORIENTED_EDGE('',*,*,#5172,.F.);
#5210 = PLANE('',#5211);
#5211 = AXIS2_PLACEMENT_3D('',#5212,#5213,#5214);
#5212 = CARTESIAN_POINT('',(68.035758311023,92.339073182982,
    172.24299323909));
#5213 = DIRECTION('',(-0.930289649281,-0.34381209325,0.127884373462));
#5214 = DIRECTION('',(0.346658476905,-0.937991418079,0.));
#5215 = ADVANCED_FACE('',(#5216),#5233,.T.);
#5216 = FACE_BOUND('',#5217,.T.);
#5217 = EDGE_LOOP('',(#5218,#5219,#5227));
#5218 = ORIENTED_EDGE('',*,*,#4208,.F.);
#5219 = ORIENTED_EDGE('',*,*,#5220,.F.);
#5220 = EDGE_CURVE('',#5221,#4209,#5223,.T.);
#5221 = VERTEX_POINT('',#5222);
#5222 = CARTESIAN_POINT('',(67.691064660645,93.294265588379,
    172.30355097656));
#5223 = LINE('',#5224,#5225);
#5224 = CARTESIAN_POINT('',(67.691064660645,93.294265588379,
    172.30355097656));
#5225 = VECTOR('',#5226,1.);
#5226 = DIRECTION('',(0.317682483301,-0.864451088942,0.389617959841));
#5227 = ORIENTED_EDGE('',*,*,#5228,.F.);
#5228 = EDGE_CURVE('',#4185,#5221,#5229,.T.);
#5229 = LINE('',#5230,#5231);
#5230 = CARTESIAN_POINT('',(68.345804040527,91.656806787109,
    172.66416193847));
#5231 = VECTOR('',#5232,1.);
#5232 = DIRECTION('',(-0.363744366721,0.909700001254,-0.200339570224));
#5233 = PLANE('',#5234);
#5234 = AXIS2_PLACEMENT_3D('',#5235,#5236,#5237);
#5235 = CARTESIAN_POINT('',(68.028729136436,92.41444253834,
    172.59799421756));
#5236 = DIRECTION('',(-0.910875116874,-0.392373510748,-0.127865357009));
#5237 = DIRECTION('',(0.395620951164,-0.918413884368,6.938893903907E-18)
  );
#5238 = ADVANCED_FACE('',(#5239),#5256,.T.);
#5239 = FACE_BOUND('',#5240,.T.);
#5240 = EDGE_LOOP('',(#5241,#5242,#5250));
#5241 = ORIENTED_EDGE('',*,*,#4257,.T.);
#5242 = ORIENTED_EDGE('',*,*,#5243,.F.);
#5243 = EDGE_CURVE('',#5244,#4250,#5246,.T.);
#5244 = VERTEX_POINT('',#5245);
#5245 = CARTESIAN_POINT('',(68.119577233887,91.717391809082,
    173.34998347168));
#5246 = LINE('',#5247,#5248);
#5247 = CARTESIAN_POINT('',(68.119577233887,91.717391809082,
    173.34998347168));
#5248 = VECTOR('',#5249,1.);
#5249 = DIRECTION('',(6.554639561779E-02,0.239544594426,0.9686702521));
#5250 = ORIENTED_EDGE('',*,*,#5251,.T.);
#5251 = EDGE_CURVE('',#5244,#4209,#5252,.T.);
#5252 = LINE('',#5253,#5254);
#5253 = CARTESIAN_POINT('',(68.119577233887,91.717391809082,
    173.34998347168));
#5254 = VECTOR('',#5255,1.);
#5255 = DIRECTION('',(0.424057249236,-2.978880056414E-02,-0.905145334591
    ));
#5256 = PLANE('',#5257);
#5257 = AXIS2_PLACEMENT_3D('',#5258,#5259,#5260);
#5258 = CARTESIAN_POINT('',(68.222034091017,91.925620288157,
    174.10944849533));
#5259 = DIRECTION('',(0.36373861162,-0.909700247177,0.200348902425));
#5260 = DIRECTION('',(-0.928526480928,-0.371266177043,2.775557561563E-17
    ));
#5261 = ADVANCED_FACE('',(#5262),#5279,.T.);
#5262 = FACE_BOUND('',#5263,.T.);
#5263 = EDGE_LOOP('',(#5264,#5265,#5273));
#5264 = ORIENTED_EDGE('',*,*,#4282,.T.);
#5265 = ORIENTED_EDGE('',*,*,#5266,.F.);
#5266 = EDGE_CURVE('',#5267,#4275,#5269,.T.);
#5267 = VERTEX_POINT('',#5268);
#5268 = CARTESIAN_POINT('',(69.346681420898,92.380668481445,
    174.13376643066));
#5269 = LINE('',#5270,#5271);
#5270 = CARTESIAN_POINT('',(69.346681420898,92.380668481445,
    174.13376643066));
#5271 = VECTOR('',#5272,1.);
#5272 = DIRECTION('',(0.312168689921,-8.359380325788E-02,-0.94634179084)
  );
#5273 = ORIENTED_EDGE('',*,*,#5274,.F.);
#5274 = EDGE_CURVE('',#4250,#5267,#5275,.T.);
#5275 = LINE('',#5276,#5277);
#5276 = CARTESIAN_POINT('',(68.245408837891,92.177253564453,
    175.20957209472));
#5277 = VECTOR('',#5278,1.);
#5278 = DIRECTION('',(0.709165964942,0.130989310111,-0.692766508143));
#5279 = PLANE('',#5280);
#5280 = AXIS2_PLACEMENT_3D('',#5281,#5282,#5283);
#5281 = CARTESIAN_POINT('',(69.116829531476,92.256429560568,
    173.98695038364));
#5282 = DIRECTION('',(0.363740783233,-0.90970048019,0.20034390172));
#5283 = DIRECTION('',(-0.928525749595,-0.371268006079,0.));
#5284 = ADVANCED_FACE('',(#5285),#5303,.T.);
#5285 = FACE_BOUND('',#5286,.T.);
#5286 = EDGE_LOOP('',(#5287,#5295,#5296,#5297));
#5287 = ORIENTED_EDGE('',*,*,#5288,.T.);
#5288 = EDGE_CURVE('',#5289,#4275,#5291,.T.);
#5289 = VERTEX_POINT('',#5290);
#5290 = CARTESIAN_POINT('',(69.176706140137,93.888313134766,
    172.30355097656));
#5291 = LINE('',#5292,#5293);
#5292 = CARTESIAN_POINT('',(69.176706140137,93.888313134766,
    172.30355097656));
#5293 = VECTOR('',#5294,1.);
#5294 = DIRECTION('',(0.363747426702,-0.909697053752,0.200347398191));
#5295 = ORIENTED_EDGE('',*,*,#4296,.T.);
#5296 = ORIENTED_EDGE('',*,*,#4330,.F.);
#5297 = ORIENTED_EDGE('',*,*,#5298,.T.);
#5298 = EDGE_CURVE('',#4323,#5289,#5299,.T.);
#5299 = LINE('',#5300,#5301);
#5300 = CARTESIAN_POINT('',(69.139543359375,93.705917199707,
    171.54283930664));
#5301 = VECTOR('',#5302,1.);
#5302 = DIRECTION('',(4.745265701567E-02,0.23289892656,0.971342542747));
#5303 = PLANE('',#5304);
#5304 = AXIS2_PLACEMENT_3D('',#5305,#5306,#5307);
#5305 = CARTESIAN_POINT('',(69.485498254395,92.978385766602,
    172.10350825195));
#5306 = DIRECTION('',(0.930288143299,0.343816334,-0.127883927498));
#5307 = DIRECTION('',(-0.346662732664,0.937989845244,-6.938893903907E-18
    ));
#5308 = ADVANCED_FACE('',(#5309),#5319,.T.);
#5309 = FACE_BOUND('',#5310,.T.);
#5310 = EDGE_LOOP('',(#5311,#5317,#5318));
#5311 = ORIENTED_EDGE('',*,*,#5312,.T.);
#5312 = EDGE_CURVE('',#4773,#4323,#5313,.T.);
#5313 = LINE('',#5314,#5315);
#5314 = CARTESIAN_POINT('',(68.518617456055,93.167457421875,
    170.22524287109));
#5315 = VECTOR('',#5316,1.);
#5316 = DIRECTION('',(0.399845117806,0.346741071921,0.848465975045));
#5317 = ORIENTED_EDGE('',*,*,#4320,.F.);
#5318 = ORIENTED_EDGE('',*,*,#4780,.F.);
#5319 = PLANE('',#5320);
#5320 = AXIS2_PLACEMENT_3D('',#5321,#5322,#5323);
#5321 = CARTESIAN_POINT('',(68.850674575537,93.442551961475,
    170.87146798766));
#5322 = DIRECTION('',(-0.363721378109,0.909704426716,-0.200361211613));
#5323 = DIRECTION('',(0.928533132683,0.371249540753,0.));
#5324 = ADVANCED_FACE('',(#5325),#5342,.T.);
#5325 = FACE_BOUND('',#5326,.T.);
#5326 = EDGE_LOOP('',(#5327,#5335,#5336));
#5327 = ORIENTED_EDGE('',*,*,#5328,.T.);
#5328 = EDGE_CURVE('',#5329,#1597,#5331,.T.);
#5329 = VERTEX_POINT('',#5330);
#5330 = CARTESIAN_POINT('',(58.653583526611,82.166160583496,
    152.34451293945));
#5331 = LINE('',#5332,#5333);
#5332 = CARTESIAN_POINT('',(58.653583526611,82.166160583496,
    152.34451293945));
#5333 = VECTOR('',#5334,1.);
#5334 = DIRECTION('',(0.785052432587,0.407290630353,0.46669799712));
#5335 = ORIENTED_EDGE('',*,*,#4353,.F.);
#5336 = ORIENTED_EDGE('',*,*,#5337,.T.);
#5337 = EDGE_CURVE('',#4354,#5329,#5338,.T.);
#5338 = LINE('',#5339,#5340);
#5339 = CARTESIAN_POINT('',(58.217174530029,81.958366394043,
    152.1468963623));
#5340 = VECTOR('',#5341,1.);
#5341 = DIRECTION('',(0.835726601413,0.397927478822,0.378437272596));
#5342 = PLANE('',#5343);
#5343 = AXIS2_PLACEMENT_3D('',#5344,#5345,#5346);
#5344 = CARTESIAN_POINT('',(79.062777186431,92.759291522768,
    164.4929777754));
#5345 = DIRECTION('',(0.309376926169,-0.910543021815,0.274221302925));
#5346 = DIRECTION('',(-0.946838549133,-0.321709126193,
    -2.775557561563E-17));
#5347 = ADVANCED_FACE('',(#5348),#5358,.T.);
#5348 = FACE_BOUND('',#5349,.T.);
#5349 = EDGE_LOOP('',(#5350,#5351,#5357));
#5350 = ORIENTED_EDGE('',*,*,#4562,.T.);
#5351 = ORIENTED_EDGE('',*,*,#5352,.T.);
#5352 = EDGE_CURVE('',#4555,#4354,#5353,.T.);
#5353 = LINE('',#5354,#5355);
#5354 = CARTESIAN_POINT('',(57.857376098633,81.742530822754,
    151.83615112304));
#5355 = VECTOR('',#5356,1.);
#5356 = DIRECTION('',(0.689119186034,0.41338822025,0.595167982001));
#5357 = ORIENTED_EDGE('',*,*,#4362,.T.);
#5358 = PLANE('',#5359);
#5359 = AXIS2_PLACEMENT_3D('',#5360,#5361,#5362);
#5360 = CARTESIAN_POINT('',(47.121585265887,80.24911401378,
    158.98932568331));
#5361 = DIRECTION('',(0.309376393826,-0.910541995026,0.274225312905));
#5362 = DIRECTION('',(-0.946838607247,-0.321708955156,0.));
#5363 = ADVANCED_FACE('',(#5364),#5379,.T.);
#5364 = FACE_BOUND('',#5365,.T.);
#5365 = EDGE_LOOP('',(#5366,#5372,#5378));
#5366 = ORIENTED_EDGE('',*,*,#5367,.F.);
#5367 = EDGE_CURVE('',#4694,#3187,#5368,.T.);
#5368 = LINE('',#5369,#5370);
#5369 = CARTESIAN_POINT('',(61.949199676514,77.269119262695,
    132.45974731445));
#5370 = VECTOR('',#5371,1.);
#5371 = DIRECTION('',(-0.476967963964,2.850019530958E-03,0.878916058984)
  );
#5372 = ORIENTED_EDGE('',*,*,#5373,.T.);
#5373 = EDGE_CURVE('',#4694,#3620,#5374,.T.);
#5374 = LINE('',#5375,#5376);
#5375 = CARTESIAN_POINT('',(61.949199676514,77.269119262695,
    132.45974731445));
#5376 = VECTOR('',#5377,1.);
#5377 = DIRECTION('',(0.624283041129,7.84307173008E-02,-0.777251122317)
  );
#5378 = ORIENTED_EDGE('',*,*,#4376,.T.);
#5379 = PLANE('',#5380);
#5380 = AXIS2_PLACEMENT_3D('',#5381,#5382,#5383);
#5381 = CARTESIAN_POINT('',(61.517339337243,77.280251652576,
    133.29438034724));
#5382 = DIRECTION('',(0.363694517949,-0.90972451653,0.200318750091));
#5383 = DIRECTION('',(-0.928545409089,-0.371218834731,
    -1.387778780781E-17));
#5384 = ADVANCED_FACE('',(#5385),#5390,.T.);
#5385 = FACE_BOUND('',#5386,.T.);
#5386 = EDGE_LOOP('',(#5387,#5388,#5389));
#5387 = ORIENTED_EDGE('',*,*,#4624,.F.);
#5388 = ORIENTED_EDGE('',*,*,#4392,.T.);
#5389 = ORIENTED_EDGE('',*,*,#4408,.F.);
#5390 = PLANE('',#5391);
#5391 = AXIS2_PLACEMENT_3D('',#5392,#5393,#5394);
#5392 = CARTESIAN_POINT('',(59.676054699059,76.65117507029,133.780998011
    ));
#5393 = DIRECTION('',(0.363746675314,-0.909696917302,0.200349381955));
#5394 = DIRECTION('',(-0.928523175077,-0.371274444777,
    -2.775557561563E-17));
#5395 = ADVANCED_FACE('',(#5396),#5413,.T.);
#5396 = FACE_BOUND('',#5397,.T.);
#5397 = EDGE_LOOP('',(#5398,#5399,#5407));
#5398 = ORIENTED_EDGE('',*,*,#4425,.T.);
#5399 = ORIENTED_EDGE('',*,*,#5400,.F.);
#5400 = EDGE_CURVE('',#5401,#1597,#5403,.T.);
#5401 = VERTEX_POINT('',#5402);
#5402 = CARTESIAN_POINT('',(61.083972930908,82.147338867188,
    149.54008483886));
#5403 = LINE('',#5404,#5405);
#5404 = CARTESIAN_POINT('',(61.083972930908,82.147338867188,
    149.54008483886));
#5405 = VECTOR('',#5406,1.);
#5406 = DIRECTION('',(0.745350304815,0.411269315091,0.52470036552));
#5407 = ORIENTED_EDGE('',*,*,#5408,.T.);
#5408 = EDGE_CURVE('',#5401,#4426,#5409,.T.);
#5409 = LINE('',#5410,#5411);
#5410 = CARTESIAN_POINT('',(61.083972930908,82.147338867188,
    149.54008483886));
#5411 = VECTOR('',#5412,1.);
#5412 = DIRECTION('',(-0.495203412978,-0.400459892743,-0.770976947826));
#5413 = PLANE('',#5414);
#5414 = AXIS2_PLACEMENT_3D('',#5415,#5416,#5417);
#5415 = CARTESIAN_POINT('',(80.32794368938,92.749002597129,
    163.03147627827));
#5416 = DIRECTION('',(0.309354940448,-0.910541362016,0.274251615999));
#5417 = DIRECTION('',(-0.946845334299,-0.321689155732,0.));
#5418 = ADVANCED_FACE('',(#5419),#5429,.T.);
#5419 = FACE_BOUND('',#5420,.T.);
#5420 = EDGE_LOOP('',(#5421,#5427,#5428));
#5421 = ORIENTED_EDGE('',*,*,#5422,.T.);
#5422 = EDGE_CURVE('',#4426,#3354,#5423,.T.);
#5423 = LINE('',#5424,#5425);
#5424 = CARTESIAN_POINT('',(60.825309753418,81.938163757324,
    149.13737487793));
#5425 = VECTOR('',#5426,1.);
#5426 = DIRECTION('',(-0.36374664193,0.909699329645,-0.200338488883));
#5427 = ORIENTED_EDGE('',*,*,#4515,.F.);
#5428 = ORIENTED_EDGE('',*,*,#4433,.F.);
#5429 = PLANE('',#5430);
#5430 = AXIS2_PLACEMENT_3D('',#5431,#5432,#5433);
#5431 = CARTESIAN_POINT('',(60.435850365212,82.593445762109,
    148.89071222318));
#5432 = DIRECTION('',(-0.624254118691,-7.84352135684E-02,0.777273898037)
  );
#5433 = DIRECTION('',(0.779675913446,0.,0.626183255918));
#5434 = ADVANCED_FACE('',(#5435),#5445,.T.);
#5435 = FACE_BOUND('',#5436,.T.);
#5436 = EDGE_LOOP('',(#5437,#5443,#5444));
#5437 = ORIENTED_EDGE('',*,*,#5438,.T.);
#5438 = EDGE_CURVE('',#3330,#4470,#5439,.T.);
#5439 = LINE('',#5440,#5441);
#5440 = CARTESIAN_POINT('',(59.374359130859,83.152000427246,
    148.2684020996));
#5441 = VECTOR('',#5442,1.);
#5442 = DIRECTION('',(9.249196714576E-02,-0.983383302919,0.156213045403)
  );
#5443 = ORIENTED_EDGE('',*,*,#4478,.F.);
#5444 = ORIENTED_EDGE('',*,*,#4454,.T.);
#5445 = PLANE('',#5446);
#5446 = AXIS2_PLACEMENT_3D('',#5447,#5448,#5449);
#5447 = CARTESIAN_POINT('',(59.605196762501,82.178032751738,
    148.4510629719));
#5448 = DIRECTION('',(-0.194947422424,0.135964812323,0.971343951595));
#5449 = DIRECTION('',(0.98044872503,-3.469446951954E-18,0.196774738186)
  );
#5450 = ADVANCED_FACE('',(#5451),#5468,.T.);
#5451 = FACE_BOUND('',#5452,.T.);
#5452 = EDGE_LOOP('',(#5453,#5454,#5462));
#5453 = ORIENTED_EDGE('',*,*,#4469,.F.);
#5454 = ORIENTED_EDGE('',*,*,#5455,.T.);
#5455 = EDGE_CURVE('',#4470,#5456,#5458,.T.);
#5456 = VERTEX_POINT('',#5457);
#5457 = CARTESIAN_POINT('',(59.048614501953,81.178215026855,
    148.6184387207));
#5458 = LINE('',#5459,#5460);
#5459 = CARTESIAN_POINT('',(59.545825958252,81.328948974609,
    148.55799865722));
#5460 = VECTOR('',#5461,1.);
#5461 = DIRECTION('',(-0.950579995214,-0.2881765364,0.115550666668));
#5462 = ORIENTED_EDGE('',*,*,#5463,.F.);
#5463 = EDGE_CURVE('',#1643,#5456,#5464,.T.);
#5464 = LINE('',#5465,#5466);
#5465 = CARTESIAN_POINT('',(26.568264007568,61.841583251953,
    121.0562133789));
#5466 = VECTOR('',#5467,1.);
#5467 = DIRECTION('',(0.694291739251,0.413334939491,0.589163142605));
#5468 = PLANE('',#5469);
#5469 = AXIS2_PLACEMENT_3D('',#5470,#5471,#5472);
#5470 = CARTESIAN_POINT('',(43.023849409854,71.601477175695,
    134.89838362519));
#5471 = DIRECTION('',(0.309373307749,-0.910542843221,0.274225978186));
#5472 = DIRECTION('',(-0.946839676038,-0.321705809523,
    -4.163336342344E-17));
#5473 = ADVANCED_FACE('',(#5474),#5491,.T.);
#5474 = FACE_BOUND('',#5475,.T.);
#5475 = EDGE_LOOP('',(#5476,#5484,#5490));
#5476 = ORIENTED_EDGE('',*,*,#5477,.T.);
#5477 = EDGE_CURVE('',#1178,#5478,#5480,.T.);
#5478 = VERTEX_POINT('',#5479);
#5479 = CARTESIAN_POINT('',(58.393871307373,82.815673828125,148.2578125)
  );
#5480 = LINE('',#5481,#5482);
#5481 = CARTESIAN_POINT('',(25.913522720337,63.479042053223,
    120.69559478759));
#5482 = VECTOR('',#5483,1.);
#5483 = DIRECTION('',(0.694291784843,0.413334990906,0.589163052807));
#5484 = ORIENTED_EDGE('',*,*,#5485,.T.);
#5485 = EDGE_CURVE('',#5478,#4493,#5486,.T.);
#5486 = LINE('',#5487,#5488);
#5487 = CARTESIAN_POINT('',(58.393871307373,82.815673828125,148.2578125)
  );
#5488 = VECTOR('',#5489,1.);
#5489 = DIRECTION('',(0.950578500302,0.288192880297,-0.115522199208));
#5490 = ORIENTED_EDGE('',*,*,#4492,.F.);
#5491 = PLANE('',#5492);
#5492 = AXIS2_PLACEMENT_3D('',#5493,#5494,#5495);
#5493 = CARTESIAN_POINT('',(42.369105665838,73.238937581433,
    134.53776458686));
#5494 = DIRECTION('',(-0.309380275758,0.910542906062,-0.274217908227));
#5495 = DIRECTION('',(0.946837475693,0.321712285471,-4.163336342344E-17)
  );
#5496 = ADVANCED_FACE('',(#5497),#5507,.T.);
#5497 = FACE_BOUND('',#5498,.T.);
#5498 = EDGE_LOOP('',(#5499,#5505,#5506));
#5499 = ORIENTED_EDGE('',*,*,#5500,.F.);
#5500 = EDGE_CURVE('',#4470,#4493,#5501,.T.);
#5501 = LINE('',#5502,#5503);
#5502 = CARTESIAN_POINT('',(59.545825958252,81.328948974609,
    148.55799865722));
#5503 = VECTOR('',#5504,1.);
#5504 = DIRECTION('',(-0.36374664193,0.909699329645,-0.200338488883));
#5505 = ORIENTED_EDGE('',*,*,#5438,.F.);
#5506 = ORIENTED_EDGE('',*,*,#4500,.F.);
#5507 = PLANE('',#5508);
#5508 = AXIS2_PLACEMENT_3D('',#5509,#5510,#5511);
#5509 = CARTESIAN_POINT('',(59.314987037701,82.302918610154,
    148.37533776171));
#5510 = DIRECTION('',(-0.194943991968,0.135965234944,0.97134458092));
#5511 = DIRECTION('',(0.980449417653,0.,0.196771287094));
#5512 = ADVANCED_FACE('',(#5513),#5523,.T.);
#5513 = FACE_BOUND('',#5514,.T.);
#5514 = EDGE_LOOP('',(#5515,#5521,#5522));
#5515 = ORIENTED_EDGE('',*,*,#5516,.T.);
#5516 = EDGE_CURVE('',#4426,#4533,#5517,.T.);
#5517 = LINE('',#5518,#5519);
#5518 = CARTESIAN_POINT('',(60.825309753418,81.938163757324,
    149.13737487793));
#5519 = VECTOR('',#5520,1.);
#5520 = DIRECTION('',(-0.209665702688,0.977519137242,2.228518438659E-02)
  );
#5521 = ORIENTED_EDGE('',*,*,#4532,.F.);
#5522 = ORIENTED_EDGE('',*,*,#5422,.F.);
#5523 = PLANE('',#5524);
#5524 = AXIS2_PLACEMENT_3D('',#5525,#5526,#5527);
#5525 = CARTESIAN_POINT('',(60.531388124281,82.918326322195,
    149.05000066761));
#5526 = DIRECTION('',(-0.781928439708,-0.181310883106,0.596417872672));
#5527 = DIRECTION('',(-0.606469602797,0.,-0.795106672644));
#5528 = ADVANCED_FACE('',(#5529),#5546,.T.);
#5529 = FACE_BOUND('',#5530,.T.);
#5530 = EDGE_LOOP('',(#5531,#5532,#5540));
#5531 = ORIENTED_EDGE('',*,*,#4540,.T.);
#5532 = ORIENTED_EDGE('',*,*,#5533,.T.);
#5533 = EDGE_CURVE('',#4533,#5534,#5536,.T.);
#5534 = VERTEX_POINT('',#5535);
#5535 = CARTESIAN_POINT('',(60.569137573242,83.973045349121,
    149.64669799804));
#5536 = LINE('',#5537,#5538);
#5537 = CARTESIAN_POINT('',(60.429229736328,83.784797668457,
    149.17947387695));
#5538 = VECTOR('',#5539,1.);
#5539 = DIRECTION('',(0.267617471212,0.360082532701,0.893712178918));
#5540 = ORIENTED_EDGE('',*,*,#5541,.F.);
#5541 = EDGE_CURVE('',#1620,#5534,#5542,.T.);
#5542 = LINE('',#5543,#5544);
#5543 = CARTESIAN_POINT('',(99.240539550781,105.20009613037,
    176.5012512207));
#5544 = VECTOR('',#5545,1.);
#5545 = DIRECTION('',(-0.748789105472,-0.41101650195,-0.519981067589));
#5546 = PLANE('',#5547);
#5547 = AXIS2_PLACEMENT_3D('',#5548,#5549,#5550);
#5548 = CARTESIAN_POINT('',(79.77256906116,94.485850542249,
    162.88876372255));
#5549 = DIRECTION('',(-0.309376262181,0.91054285447,-0.274222607696));
#5550 = DIRECTION('',(0.94683874144,0.321708560203,0.));
#5551 = ADVANCED_FACE('',(#5552),#5569,.T.);
#5552 = FACE_BOUND('',#5553,.T.);
#5553 = EDGE_LOOP('',(#5554,#5562,#5568));
#5554 = ORIENTED_EDGE('',*,*,#5555,.T.);
#5555 = EDGE_CURVE('',#1643,#5556,#5558,.T.);
#5556 = VERTEX_POINT('',#5557);
#5557 = CARTESIAN_POINT('',(57.598712921143,81.533363342285,
    151.4334411621));
#5558 = LINE('',#5559,#5560);
#5559 = CARTESIAN_POINT('',(26.568264007568,61.841583251953,
    121.0562133789));
#5560 = VECTOR('',#5561,1.);
#5561 = DIRECTION('',(0.650799448614,0.412994335361,0.637099487242));
#5562 = ORIENTED_EDGE('',*,*,#5563,.T.);
#5563 = EDGE_CURVE('',#5556,#4555,#5564,.T.);
#5564 = LINE('',#5565,#5566);
#5565 = CARTESIAN_POINT('',(57.598712921143,81.533363342285,
    151.4334411621));
#5566 = VECTOR('',#5567,1.);
#5567 = DIRECTION('',(0.495206309505,0.400447628752,0.770981457399));
#5568 = ORIENTED_EDGE('',*,*,#4554,.F.);
#5569 = PLANE('',#5570);
#5570 = AXIS2_PLACEMENT_3D('',#5571,#5572,#5573);
#5571 = CARTESIAN_POINT('',(42.232920066344,71.793677860549,
    136.42888695512));
#5572 = DIRECTION('',(0.309379526444,-0.910542744004,0.274219291734));
#5573 = DIRECTION('',(-0.946837695598,-0.321711638264,0.));
#5574 = ADVANCED_FACE('',(#5575),#5592,.T.);
#5575 = FACE_BOUND('',#5576,.T.);
#5576 = EDGE_LOOP('',(#5577,#5585,#5586));
#5577 = ORIENTED_EDGE('',*,*,#5578,.T.);
#5578 = EDGE_CURVE('',#5579,#1178,#5581,.T.);
#5579 = VERTEX_POINT('',#5580);
#5580 = CARTESIAN_POINT('',(56.79243850708,82.828079223633,
    150.10571289062));
#5581 = LINE('',#5582,#5583);
#5582 = CARTESIAN_POINT('',(56.79243850708,82.828079223633,
    150.10571289062));
#5583 = VECTOR('',#5584,1.);
#5584 = DIRECTION('',(-0.659413456808,-0.413195060816,-0.628047557672));
#5585 = ORIENTED_EDGE('',*,*,#4577,.F.);
#5586 = ORIENTED_EDGE('',*,*,#5587,.T.);
#5587 = EDGE_CURVE('',#4578,#5579,#5588,.T.);
#5588 = LINE('',#5589,#5590);
#5589 = CARTESIAN_POINT('',(56.804058074951,82.982574462891,
    150.6056060791));
#5590 = VECTOR('',#5591,1.);
#5591 = DIRECTION('',(-2.220221708569E-02,-0.295203477338,
    -0.955176407018));
#5592 = PLANE('',#5593);
#5593 = AXIS2_PLACEMENT_3D('',#5594,#5595,#5596);
#5594 = CARTESIAN_POINT('',(41.441359397587,73.246097453291,
    135.60821150443));
#5595 = DIRECTION('',(-0.309380847487,0.910542723995,-0.274217867741));
#5596 = DIRECTION('',(0.946837275003,0.321712876127,4.163336342344E-17)
  );
#5597 = ADVANCED_FACE('',(#5598),#5621,.T.);
#5598 = FACE_BOUND('',#5599,.T.);
#5599 = EDGE_LOOP('',(#5600,#5608,#5609,#5615));
#5600 = ORIENTED_EDGE('',*,*,#5601,.T.);
#5601 = EDGE_CURVE('',#5602,#4578,#5604,.T.);
#5602 = VERTEX_POINT('',#5603);
#5603 = CARTESIAN_POINT('',(57.458801269531,81.345115661621,
    150.96621704101));
#5604 = LINE('',#5605,#5606);
#5605 = CARTESIAN_POINT('',(57.458801269531,81.345115661621,
    150.96621704101));
#5606 = VECTOR('',#5607,1.);
#5607 = DIRECTION('',(-0.363746205596,0.909699299987,-0.200339415787));
#5608 = ORIENTED_EDGE('',*,*,#4586,.F.);
#5609 = ORIENTED_EDGE('',*,*,#5610,.F.);
#5610 = EDGE_CURVE('',#5556,#3392,#5611,.T.);
#5611 = LINE('',#5612,#5613);
#5612 = CARTESIAN_POINT('',(57.598712921143,81.533363342285,
    151.4334411621));
#5613 = VECTOR('',#5614,1.);
#5614 = DIRECTION('',(-0.363746205596,0.909699299987,-0.200339415787));
#5615 = ORIENTED_EDGE('',*,*,#5616,.F.);
#5616 = EDGE_CURVE('',#5602,#5556,#5617,.T.);
#5617 = LINE('',#5618,#5619);
#5618 = CARTESIAN_POINT('',(57.458801269531,81.345115661621,
    150.96621704101));
#5619 = VECTOR('',#5620,1.);
#5620 = DIRECTION('',(0.267624245402,0.360081829542,0.893710433701));
#5621 = PLANE('',#5622);
#5622 = AXIS2_PLACEMENT_3D('',#5623,#5624,#5625);
#5623 = CARTESIAN_POINT('',(57.201385498047,82.257968902588,
    151.0195236206));
#5624 = DIRECTION('',(0.886307597018,0.27182424368,-0.374927224959));
#5625 = DIRECTION('',(0.389596745184,1.387778780781E-17,0.920985546109)
  );
#5626 = ADVANCED_FACE('',(#5627),#5644,.T.);
#5627 = FACE_BOUND('',#5628,.T.);
#5628 = EDGE_LOOP('',(#5629,#5630,#5638));
#5629 = ORIENTED_EDGE('',*,*,#4601,.T.);
#5630 = ORIENTED_EDGE('',*,*,#5631,.F.);
#5631 = EDGE_CURVE('',#5632,#2406,#5634,.T.);
#5632 = VERTEX_POINT('',#5633);
#5633 = CARTESIAN_POINT('',(57.562431335449,83.595825195312,
    151.78628540039));
#5634 = LINE('',#5635,#5636);
#5635 = CARTESIAN_POINT('',(57.562431335449,83.595825195312,
    151.78628540039));
#5636 = VECTOR('',#5637,1.);
#5637 = DIRECTION('',(-0.839749173769,-0.126280830043,0.528085672139));
#5638 = ORIENTED_EDGE('',*,*,#5639,.T.);
#5639 = EDGE_CURVE('',#5632,#4602,#5640,.T.);
#5640 = LINE('',#5641,#5642);
#5641 = CARTESIAN_POINT('',(57.562431335449,83.595825195312,
    151.78628540039));
#5642 = VECTOR('',#5643,1.);
#5643 = DIRECTION('',(-0.689123348722,-0.413376104751,-0.595171577167));
#5644 = PLANE('',#5645);
#5645 = AXIS2_PLACEMENT_3D('',#5646,#5647,#5648);
#5646 = CARTESIAN_POINT('',(46.466843357183,81.886574646412,
    158.62870755154));
#5647 = DIRECTION('',(-0.309370056378,0.910547516157,-0.2742141299));
#5648 = DIRECTION('',(0.946841208783,0.321701298333,1.387778780781E-17)
  );
#5649 = ADVANCED_FACE('',(#5650),#5665,.T.);
#5650 = FACE_BOUND('',#5651,.T.);
#5651 = EDGE_LOOP('',(#5652,#5658,#5664));
#5652 = ORIENTED_EDGE('',*,*,#5653,.F.);
#5653 = EDGE_CURVE('',#4555,#4602,#5654,.T.);
#5654 = LINE('',#5655,#5656);
#5655 = CARTESIAN_POINT('',(57.857376098633,81.742530822754,
    151.83615112304));
#5656 = VECTOR('',#5657,1.);
#5657 = DIRECTION('',(-0.363744803065,0.909700030909,-0.200338643319));
#5658 = ORIENTED_EDGE('',*,*,#5659,.F.);
#5659 = EDGE_CURVE('',#3392,#4555,#5660,.T.);
#5660 = LINE('',#5661,#5662);
#5661 = CARTESIAN_POINT('',(56.943969726562,83.170822143555,
    151.07283020019));
#5662 = VECTOR('',#5663,1.);
#5663 = DIRECTION('',(0.491264315,-0.768188813642,0.41054271325));
#5664 = ORIENTED_EDGE('',*,*,#4609,.F.);
#5665 = PLANE('',#5666);
#5666 = AXIS2_PLACEMENT_3D('',#5667,#5668,#5669);
#5667 = CARTESIAN_POINT('',(57.415451653085,82.603966291876,
    151.5186425298));
#5668 = DIRECTION('',(0.781930618323,0.181310538577,-0.596415121144));
#5669 = DIRECTION('',(0.606466765725,-1.387778780781E-17,0.79510883662)
  );
#5670 = ADVANCED_FACE('',(#5671),#5676,.T.);
#5671 = FACE_BOUND('',#5672,.T.);
#5672 = EDGE_LOOP('',(#5673,#5674,#5675));
#5673 = ORIENTED_EDGE('',*,*,#4679,.F.);
#5674 = ORIENTED_EDGE('',*,*,#4693,.T.);
#5675 = ORIENTED_EDGE('',*,*,#5367,.T.);
#5676 = PLANE('',#5677);
#5677 = AXIS2_PLACEMENT_3D('',#5678,#5679,#5680);
#5678 = CARTESIAN_POINT('',(61.385851775629,77.255325746259,
    133.41992326566));
#5679 = DIRECTION('',(0.363753340221,-0.909693990046,0.200350572628));
#5680 = DIRECTION('',(-0.928520418004,-0.371281339889,1.387778780781E-17
    ));
#5681 = ADVANCED_FACE('',(#5682),#5687,.T.);
#5682 = FACE_BOUND('',#5683,.T.);
#5683 = EDGE_LOOP('',(#5684,#5685,#5686));
#5684 = ORIENTED_EDGE('',*,*,#5373,.F.);
#5685 = ORIENTED_EDGE('',*,*,#4733,.T.);
#5686 = ORIENTED_EDGE('',*,*,#4716,.T.);
#5687 = PLANE('',#5688);
#5688 = AXIS2_PLACEMENT_3D('',#5689,#5690,#5691);
#5689 = CARTESIAN_POINT('',(61.817105408529,78.033863151096,
    132.08999281966));
#5690 = DIRECTION('',(-0.69135019884,-0.407795245851,-0.59643770842));
#5691 = DIRECTION('',(0.653219891309,2.775557561563E-17,-0.757168259766)
  );
#5692 = ADVANCED_FACE('',(#5693),#5710,.T.);
#5693 = FACE_BOUND('',#5694,.T.);
#5694 = EDGE_LOOP('',(#5695,#5696,#5704));
#5695 = ORIENTED_EDGE('',*,*,#4750,.T.);
#5696 = ORIENTED_EDGE('',*,*,#5697,.F.);
#5697 = EDGE_CURVE('',#5698,#1620,#5700,.T.);
#5698 = VERTEX_POINT('',#5699);
#5699 = CARTESIAN_POINT('',(60.224746704102,84.296195983887,
    151.10823059082));
#5700 = LINE('',#5701,#5702);
#5701 = CARTESIAN_POINT('',(60.224746704102,84.296195983887,
    151.10823059082));
#5702 = VECTOR('',#5703,1.);
#5703 = DIRECTION('',(0.764573181371,0.40964338469,0.497614456892));
#5704 = ORIENTED_EDGE('',*,*,#5705,.T.);
#5705 = EDGE_CURVE('',#5698,#4751,#5706,.T.);
#5706 = LINE('',#5707,#5708);
#5707 = CARTESIAN_POINT('',(60.224746704102,84.296195983887,
    151.10823059082));
#5708 = VECTOR('',#5709,1.);
#5709 = DIRECTION('',(-0.654907688716,5.07849583082E-03,0.755691820877)
  );
#5710 = PLANE('',#5711);
#5711 = AXIS2_PLACEMENT_3D('',#5712,#5713,#5714);
#5712 = CARTESIAN_POINT('',(79.546667231629,94.695430741483,
    163.8395146195));
#5713 = DIRECTION('',(-0.309370915376,0.910542361648,-0.274230276163));
#5714 = DIRECTION('',(0.946840381984,0.321703731784,4.163336342344E-17)
  );
#5715 = ADVANCED_FACE('',(#5716),#5733,.T.);
#5716 = FACE_BOUND('',#5717,.T.);
#5717 = EDGE_LOOP('',(#5718,#5726,#5732));
#5718 = ORIENTED_EDGE('',*,*,#5719,.F.);
#5719 = EDGE_CURVE('',#5720,#4751,#5722,.T.);
#5720 = VERTEX_POINT('',#5721);
#5721 = CARTESIAN_POINT('',(60.536121368408,82.661392211914,
    151.86506652832));
#5722 = LINE('',#5723,#5724);
#5723 = CARTESIAN_POINT('',(60.536121368408,82.661392211914,
    151.86506652832));
#5724 = VECTOR('',#5725,1.);
#5725 = DIRECTION('',(-0.363744185311,0.909698485951,-0.200346780138));
#5726 = ORIENTED_EDGE('',*,*,#5727,.F.);
#5727 = EDGE_CURVE('',#3747,#5720,#5728,.T.);
#5728 = LINE('',#5729,#5730);
#5729 = CARTESIAN_POINT('',(59.456588745117,84.245559692383,
    151.80671691894));
#5730 = VECTOR('',#5731,1.);
#5731 = DIRECTION('',(0.562869036483,-0.825985990716,3.042352560679E-02)
  );
#5732 = ORIENTED_EDGE('',*,*,#4758,.F.);
#5733 = PLANE('',#5734);
#5734 = AXIS2_PLACEMENT_3D('',#5735,#5736,#5737);
#5735 = CARTESIAN_POINT('',(60.046035476661,83.565934620844,
    151.74948231251));
#5736 = DIRECTION('',(-0.506227241388,-0.373598490344,-0.777276108014));
#5737 = DIRECTION('',(-0.837951761488,-2.775557561563E-17,0.545744304064
    ));
#5738 = ADVANCED_FACE('',(#5739),#5749,.T.);
#5739 = FACE_BOUND('',#5740,.T.);
#5740 = EDGE_LOOP('',(#5741,#5747,#5748));
#5741 = ORIENTED_EDGE('',*,*,#5742,.T.);
#5742 = EDGE_CURVE('',#4821,#4773,#5743,.T.);
#5743 = LINE('',#5744,#5745);
#5744 = CARTESIAN_POINT('',(67.327638452148,92.523696740723,
    169.46453120117));
#5745 = VECTOR('',#5746,1.);
#5746 = DIRECTION('',(0.766931853529,0.414550190059,0.489860870008));
#5747 = ORIENTED_EDGE('',*,*,#4804,.F.);
#5748 = ORIENTED_EDGE('',*,*,#4820,.F.);
#5749 = PLANE('',#5750);
#5750 = AXIS2_PLACEMENT_3D('',#5751,#5752,#5753);
#5751 = CARTESIAN_POINT('',(67.936697099644,92.846206035268,
    169.82311079115));
#5752 = DIRECTION('',(-0.36373405252,0.909696443252,-0.200374449899));
#5753 = DIRECTION('',(0.928527549937,0.37126350347,-2.775557561563E-17)
  );
#5754 = ADVANCED_FACE('',(#5755),#5765,.T.);
#5755 = FACE_BOUND('',#5756,.T.);
#5756 = EDGE_LOOP('',(#5757,#5763,#5764));
#5757 = ORIENTED_EDGE('',*,*,#5758,.T.);
#5758 = EDGE_CURVE('',#4901,#4821,#5759,.T.);
#5759 = LINE('',#5760,#5761);
#5760 = CARTESIAN_POINT('',(65.885721032715,91.947143395996,
    169.46453120117));
#5761 = VECTOR('',#5762,1.);
#5762 = DIRECTION('',(0.928524118749,0.371272084732,0.));
#5763 = ORIENTED_EDGE('',*,*,#4860,.F.);
#5764 = ORIENTED_EDGE('',*,*,#4900,.F.);
#5765 = PLANE('',#5766);
#5766 = AXIS2_PLACEMENT_3D('',#5767,#5768,#5769);
#5767 = CARTESIAN_POINT('',(66.608588761724,92.230645839096,
    169.43938394166));
#5768 = DIRECTION('',(-0.363746498314,0.909703181803,-0.200321256941));
#5769 = DIRECTION('',(0.928524118749,0.371272084732,2.775557561563E-17)
  );
#5770 = ADVANCED_FACE('',(#5771),#5781,.T.);
#5771 = FACE_BOUND('',#5772,.T.);
#5772 = EDGE_LOOP('',(#5773,#5779,#5780));
#5773 = ORIENTED_EDGE('',*,*,#5774,.T.);
#5774 = EDGE_CURVE('',#3859,#4901,#5775,.T.);
#5775 = LINE('',#5776,#5777);
#5776 = CARTESIAN_POINT('',(64.579232995605,91.59226973877,
    170.22524287109));
#5777 = VECTOR('',#5778,1.);
#5778 = DIRECTION('',(0.84131616528,0.22852175908,-0.489862139449));
#5779 = ORIENTED_EDGE('',*,*,#4924,.F.);
#5780 = ORIENTED_EDGE('',*,*,#4949,.F.);
#5781 = PLANE('',#5782);
#5782 = AXIS2_PLACEMENT_3D('',#5783,#5784,#5785);
#5783 = CARTESIAN_POINT('',(65.222215279896,91.760806910614,
    169.82311125296));
#5784 = DIRECTION('',(-0.363757962112,0.909688711805,-0.200366146377));
#5785 = DIRECTION('',(0.928518048979,0.371287264421,0.));
#5786 = ADVANCED_FACE('',(#5787),#5804,.T.);
#5787 = FACE_BOUND('',#5788,.T.);
#5788 = EDGE_LOOP('',(#5789,#5797,#5798));
#5789 = ORIENTED_EDGE('',*,*,#5790,.T.);
#5790 = EDGE_CURVE('',#5791,#3859,#5793,.T.);
#5791 = VERTEX_POINT('',#5792);
#5792 = CARTESIAN_POINT('',(63.642724816895,91.843055566406,
    173.06426264648));
#5793 = LINE('',#5794,#5795);
#5794 = CARTESIAN_POINT('',(63.642724816895,91.843055566406,
    173.06426264648));
#5795 = VECTOR('',#5796,1.);
#5796 = DIRECTION('',(0.312169837136,-8.359539483898E-02,-0.946341271817
    ));
#5797 = ORIENTED_EDGE('',*,*,#4965,.F.);
#5798 = ORIENTED_EDGE('',*,*,#5799,.F.);
#5799 = EDGE_CURVE('',#5791,#4966,#5800,.T.);
#5800 = LINE('',#5801,#5802);
#5801 = CARTESIAN_POINT('',(63.642724816895,91.843055566406,
    173.06426264648));
#5802 = VECTOR('',#5803,1.);
#5803 = DIRECTION('',(7.438234774274E-02,-0.186029563889,-0.979724587679
    ));
#5804 = PLANE('',#5805);
#5805 = AXIS2_PLACEMENT_3D('',#5806,#5807,#5808);
#5806 = CARTESIAN_POINT('',(64.02126443674,91.676080593359,
    171.61883186381));
#5807 = DIRECTION('',(-0.363751454983,0.909695084472,-0.200349026166));
#5808 = DIRECTION('',(0.928521235362,0.37127929579,4.163336342344E-17));
#5809 = ADVANCED_FACE('',(#5810),#5827,.T.);
#5810 = FACE_BOUND('',#5811,.T.);
#5811 = EDGE_LOOP('',(#5812,#5820,#5826));
#5812 = ORIENTED_EDGE('',*,*,#5813,.T.);
#5813 = EDGE_CURVE('',#3875,#5814,#5816,.T.);
#5814 = VERTEX_POINT('',#5815);
#5815 = CARTESIAN_POINT('',(64.26030904541,90.023200830078,
    172.66417719726));
#5816 = LINE('',#5817,#5818);
#5817 = CARTESIAN_POINT('',(64.745080773926,89.893386682129,
    171.19458796386));
#5818 = VECTOR('',#5819,1.);
#5819 = DIRECTION('',(-0.312168689921,8.359380325788E-02,0.94634179084)
  );
#5820 = ORIENTED_EDGE('',*,*,#5821,.F.);
#5821 = EDGE_CURVE('',#4990,#5814,#5822,.T.);
#5822 = LINE('',#5823,#5824);
#5823 = CARTESIAN_POINT('',(64.412980859375,89.916709741211,
    171.90346552734));
#5824 = VECTOR('',#5825,1.);
#5825 = DIRECTION('',(-0.194944644444,0.135977079963,0.971342791875));
#5826 = ORIENTED_EDGE('',*,*,#4989,.F.);
#5827 = PLANE('',#5828);
#5828 = AXIS2_PLACEMENT_3D('',#5829,#5830,#5831);
#5829 = CARTESIAN_POINT('',(64.480170303739,89.947853022083,
    171.92287469753));
#5830 = DIRECTION('',(0.363775260868,-0.909684499746,0.200353863207));
#5831 = DIRECTION('',(-0.928511369043,-0.371303969219,1.387778780781E-17
    ));
#5832 = ADVANCED_FACE('',(#5833),#5851,.T.);
#5833 = FACE_BOUND('',#5834,.T.);
#5834 = EDGE_LOOP('',(#5835,#5836,#5837,#5845));
#5835 = ORIENTED_EDGE('',*,*,#4997,.T.);
#5836 = ORIENTED_EDGE('',*,*,#5821,.T.);
#5837 = ORIENTED_EDGE('',*,*,#5838,.F.);
#5838 = EDGE_CURVE('',#5839,#5814,#5841,.T.);
#5839 = VERTEX_POINT('',#5840);
#5840 = CARTESIAN_POINT('',(63.605562036133,91.660659631348,
    172.30355097656));
#5841 = LINE('',#5842,#5843);
#5842 = CARTESIAN_POINT('',(63.605562036133,91.660659631348,
    172.30355097656));
#5843 = VECTOR('',#5844,1.);
#5844 = DIRECTION('',(0.363747426702,-0.909697053752,0.200347398191));
#5845 = ORIENTED_EDGE('',*,*,#5846,.T.);
#5846 = EDGE_CURVE('',#5839,#4966,#5847,.T.);
#5847 = LINE('',#5848,#5849);
#5848 = CARTESIAN_POINT('',(63.605562036133,91.660659631348,
    172.30355097656));
#5849 = VECTOR('',#5850,1.);
#5850 = DIRECTION('',(0.194944644444,-0.135977079963,-0.971342791875));
#5851 = PLANE('',#5852);
#5852 = AXIS2_PLACEMENT_3D('',#5853,#5854,#5855);
#5853 = CARTESIAN_POINT('',(64.009271447754,90.788684686279,
    172.10350825195));
#5854 = DIRECTION('',(-0.910870330139,-0.392380093297,-0.127879255769));
#5855 = DIRECTION('',(0.395628303017,-0.918410717409,-6.938893903907E-18
    ));
#5856 = ADVANCED_FACE('',(#5857),#5874,.T.);
#5857 = FACE_BOUND('',#5858,.T.);
#5858 = EDGE_LOOP('',(#5859,#5867,#5868));
#5859 = ORIENTED_EDGE('',*,*,#5860,.T.);
#5860 = EDGE_CURVE('',#5861,#3875,#5863,.T.);
#5861 = VERTEX_POINT('',#5862);
#5862 = CARTESIAN_POINT('',(66.200319116211,90.585319360352,
    171.69429804687));
#5863 = LINE('',#5864,#5865);
#5864 = CARTESIAN_POINT('',(66.200319116211,90.585319360352,
    171.69429804687));
#5865 = VECTOR('',#5866,1.);
#5866 = DIRECTION('',(-0.862584102668,-0.410139089253,-0.296200258762));
#5867 = ORIENTED_EDGE('',*,*,#5012,.F.);
#5868 = ORIENTED_EDGE('',*,*,#5869,.T.);
#5869 = EDGE_CURVE('',#5013,#5861,#5870,.T.);
#5870 = LINE('',#5871,#5872);
#5871 = CARTESIAN_POINT('',(66.486093347168,90.651580651855,
    171.47631098632));
#5872 = VECTOR('',#5873,1.);
#5873 = DIRECTION('',(-0.781914247451,-0.181299229493,0.596440021309));
#5874 = PLANE('',#5875);
#5875 = AXIS2_PLACEMENT_3D('',#5876,#5877,#5878);
#5876 = CARTESIAN_POINT('',(65.621847986285,90.290244320759,
    171.40472881729));
#5877 = DIRECTION('',(0.363746750493,-0.909698853142,0.200340455469));
#5878 = DIRECTION('',(-0.928523420991,-0.371273829768,0.));
#5879 = ADVANCED_FACE('',(#5880),#5890,.T.);
#5880 = FACE_BOUND('',#5881,.T.);
#5881 = EDGE_LOOP('',(#5882,#5883,#5889));
#5882 = ORIENTED_EDGE('',*,*,#5080,.T.);
#5883 = ORIENTED_EDGE('',*,*,#5884,.F.);
#5884 = EDGE_CURVE('',#5013,#5073,#5885,.T.);
#5885 = LINE('',#5886,#5887);
#5886 = CARTESIAN_POINT('',(66.486093347168,90.651580651855,
    171.47631098632));
#5887 = VECTOR('',#5888,1.);
#5888 = DIRECTION('',(-0.36374664193,0.909699329645,-0.200338488883));
#5889 = ORIENTED_EDGE('',*,*,#5021,.F.);
#5890 = PLANE('',#5891);
#5891 = AXIS2_PLACEMENT_3D('',#5892,#5893,#5894);
#5892 = CARTESIAN_POINT('',(66.277733195316,91.42288242136,
    171.27477212141));
#5893 = DIRECTION('',(0.286606097149,0.313937562606,0.905152004838));
#5894 = DIRECTION('',(0.,0.944787238424,-0.327684412371));
#5895 = ADVANCED_FACE('',(#5896),#5906,.T.);
#5896 = FACE_BOUND('',#5897,.T.);
#5897 = EDGE_LOOP('',(#5898,#5899,#5905));
#5898 = ORIENTED_EDGE('',*,*,#5035,.F.);
#5899 = ORIENTED_EDGE('',*,*,#5900,.F.);
#5900 = EDGE_CURVE('',#5073,#3859,#5901,.T.);
#5901 = LINE('',#5902,#5903);
#5902 = CARTESIAN_POINT('',(65.831346337891,92.28904708252,
    171.11570002441));
#5903 = VECTOR('',#5904,1.);
#5904 = DIRECTION('',(-0.742182830619,-0.413010678692,-0.527813248432));
#5905 = ORIENTED_EDGE('',*,*,#5072,.T.);
#5906 = PLANE('',#5907);
#5907 = AXIS2_PLACEMENT_3D('',#5908,#5909,#5910);
#5908 = CARTESIAN_POINT('',(65.356064519911,92.001287418052,
    170.67202091304));
#5909 = DIRECTION('',(-0.363744797489,0.909696725018,-0.200353664282));
#5910 = DIRECTION('',(0.928523808776,0.371272859952,-1.387778780781E-17)
  );
#5911 = ADVANCED_FACE('',(#5912),#5922,.T.);
#5912 = FACE_BOUND('',#5913,.T.);
#5913 = EDGE_LOOP('',(#5914,#5915,#5916));
#5914 = ORIENTED_EDGE('',*,*,#5042,.T.);
#5915 = ORIENTED_EDGE('',*,*,#5095,.T.);
#5916 = ORIENTED_EDGE('',*,*,#5917,.F.);
#5917 = EDGE_CURVE('',#3859,#4073,#5918,.T.);
#5918 = LINE('',#5919,#5920);
#5919 = CARTESIAN_POINT('',(64.579232995605,91.59226973877,
    170.22524287109));
#5920 = VECTOR('',#5921,1.);
#5921 = DIRECTION('',(0.864976345164,0.409685019032,0.289782862654));
#5922 = PLANE('',#5923);
#5923 = AXIS2_PLACEMENT_3D('',#5924,#5925,#5926);
#5924 = CARTESIAN_POINT('',(65.699316007071,92.126354996805,
    170.61670758938));
#5925 = DIRECTION('',(-0.36373059954,0.909694274247,-0.200390564549));
#5926 = DIRECTION('',(0.928528459761,0.371261227997,0.));
#5927 = ADVANCED_FACE('',(#5928),#5938,.T.);
#5928 = FACE_BOUND('',#5929,.T.);
#5929 = EDGE_LOOP('',(#5930,#5931,#5932));
#5930 = ORIENTED_EDGE('',*,*,#5917,.T.);
#5931 = ORIENTED_EDGE('',*,*,#5112,.F.);
#5932 = ORIENTED_EDGE('',*,*,#5933,.F.);
#5933 = EDGE_CURVE('',#3859,#4323,#5934,.T.);
#5934 = LINE('',#5935,#5936);
#5935 = CARTESIAN_POINT('',(64.579232995605,91.59226973877,
    170.22524287109));
#5936 = VECTOR('',#5937,1.);
#5937 = DIRECTION('',(0.877632194449,0.406771669352,0.253571568355));
#5938 = PLANE('',#5939);
#5939 = AXIS2_PLACEMENT_3D('',#5940,#5941,#5942);
#5940 = CARTESIAN_POINT('',(66.851581124629,92.651183558595,
    170.90770907749));
#5941 = DIRECTION('',(-0.363755986183,0.909699260318,-0.200321836787));
#5942 = DIRECTION('',(0.928520228494,0.371281813826,1.387778780781E-17)
  );
#5943 = ADVANCED_FACE('',(#5944),#5959,.T.);
#5944 = FACE_BOUND('',#5945,.T.);
#5945 = EDGE_LOOP('',(#5946,#5947,#5953));
#5946 = ORIENTED_EDGE('',*,*,#5119,.T.);
#5947 = ORIENTED_EDGE('',*,*,#5948,.T.);
#5948 = EDGE_CURVE('',#4065,#5151,#5949,.T.);
#5949 = LINE('',#5950,#5951);
#5950 = CARTESIAN_POINT('',(67.131280725098,92.808830102539,
    171.11570002441));
#5951 = VECTOR('',#5952,1.);
#5952 = DIRECTION('',(0.691371520877,0.407800436618,0.596409443264));
#5953 = ORIENTED_EDGE('',*,*,#5954,.F.);
#5954 = EDGE_CURVE('',#4323,#5151,#5955,.T.);
#5955 = LINE('',#5956,#5957);
#5956 = CARTESIAN_POINT('',(69.139543359375,93.705917199707,
    171.54283930664));
#5957 = VECTOR('',#5958,1.);
#5958 = DIRECTION('',(-0.914490729373,-0.389660450891,-0.108956132931));
#5959 = PLANE('',#5960);
#5960 = AXIS2_PLACEMENT_3D('',#5961,#5962,#5963);
#5961 = CARTESIAN_POINT('',(68.118117556969,93.258779723321,
    171.36705329765));
#5962 = DIRECTION('',(-0.363747313734,0.909696694408,-0.200349234921));
#5963 = DIRECTION('',(0.928522919075,0.371275085015,0.));
#5964 = ADVANCED_FACE('',(#5965),#5970,.T.);
#5965 = FACE_BOUND('',#5966,.T.);
#5966 = EDGE_LOOP('',(#5967,#5968,#5969));
#5967 = ORIENTED_EDGE('',*,*,#5134,.T.);
#5968 = ORIENTED_EDGE('',*,*,#5158,.T.);
#5969 = ORIENTED_EDGE('',*,*,#5948,.F.);
#5970 = PLANE('',#5971);
#5971 = AXIS2_PLACEMENT_3D('',#5972,#5973,#5974);
#5972 = CARTESIAN_POINT('',(67.611915895206,92.172901200703,
    171.43754989286));
#5973 = DIRECTION('',(-0.624254632275,-7.842550786388E-02,0.777274464909
    ));
#5974 = DIRECTION('',(0.77967588489,0.,0.626183291474));
#5975 = ADVANCED_FACE('',(#5976),#5986,.T.);
#5976 = FACE_BOUND('',#5977,.T.);
#5977 = EDGE_LOOP('',(#5978,#5979,#5980));
#5978 = ORIENTED_EDGE('',*,*,#5150,.T.);
#5979 = ORIENTED_EDGE('',*,*,#5188,.T.);
#5980 = ORIENTED_EDGE('',*,*,#5981,.F.);
#5981 = EDGE_CURVE('',#5151,#5181,#5982,.T.);
#5982 = LINE('',#5983,#5984);
#5983 = CARTESIAN_POINT('',(67.383958642578,92.957870324707,
    171.33367182617));
#5984 = VECTOR('',#5985,1.);
#5985 = DIRECTION('',(0.506227100684,0.373606037977,0.77727257183));
#5986 = PLANE('',#5987);
#5987 = AXIS2_PLACEMENT_3D('',#5988,#5989,#5990);
#5988 = CARTESIAN_POINT('',(67.81554501772,92.312879274459,
    171.70342992904));
#5989 = DIRECTION('',(-0.781933212264,-0.181310500545,0.596411731902));
#5990 = DIRECTION('',(-0.606463315038,0.,-0.795111468608));
#5991 = ADVANCED_FACE('',(#5992),#6007,.T.);
#5992 = FACE_BOUND('',#5993,.T.);
#5993 = EDGE_LOOP('',(#5994,#6000,#6001));
#5994 = ORIENTED_EDGE('',*,*,#5995,.T.);
#5995 = EDGE_CURVE('',#4323,#5181,#5996,.T.);
#5996 = LINE('',#5997,#5998);
#5997 = CARTESIAN_POINT('',(69.139543359375,93.705917199707,
    171.54283930664));
#5998 = VECTOR('',#5999,1.);
#5999 = DIRECTION('',(-0.930940216225,-0.362462422013,4.439939687988E-02
    ));
#6000 = ORIENTED_EDGE('',*,*,#5180,.T.);
#6001 = ORIENTED_EDGE('',*,*,#6002,.F.);
#6002 = EDGE_CURVE('',#4323,#5173,#6003,.T.);
#6003 = LINE('',#6004,#6005);
#6004 = CARTESIAN_POINT('',(69.139543359375,93.705917199707,
    171.54283930664));
#6005 = VECTOR('',#6006,1.);
#6006 = DIRECTION('',(-0.916135867426,-0.31047759098,0.253571958059));
#6007 = PLANE('',#6008);
#6008 = AXIS2_PLACEMENT_3D('',#6009,#6010,#6011);
#6009 = CARTESIAN_POINT('',(68.303865279031,93.400442695496,
    171.67304578298));
#6010 = DIRECTION('',(-0.363746938856,0.909699002901,-0.200339433444));
#6011 = DIRECTION('',(0.928523375782,0.371273942832,-1.387778780781E-17)
  );
#6012 = ADVANCED_FACE('',(#6013),#6023,.T.);
#6013 = FACE_BOUND('',#6014,.T.);
#6014 = EDGE_LOOP('',(#6015,#6016,#6017));
#6015 = ORIENTED_EDGE('',*,*,#5204,.T.);
#6016 = ORIENTED_EDGE('',*,*,#5228,.T.);
#6017 = ORIENTED_EDGE('',*,*,#6018,.F.);
#6018 = EDGE_CURVE('',#5173,#5221,#6019,.T.);
#6019 = LINE('',#6020,#6021);
#6020 = CARTESIAN_POINT('',(67.673723046875,93.209152062988,
    171.94855524902));
#6021 = VECTOR('',#6022,1.);
#6022 = DIRECTION('',(4.745040317148E-02,0.232889000344,0.971345032806)
  );
#6023 = PLANE('',#6024);
#6024 = AXIS2_PLACEMENT_3D('',#6025,#6026,#6027);
#6025 = CARTESIAN_POINT('',(67.983768850066,92.526883370333,
    172.36972385866));
#6026 = DIRECTION('',(-0.930289459801,-0.343815090448,0.127877693771));
#6027 = DIRECTION('',(0.346661197873,-0.937990412472,0.));
#6028 = ADVANCED_FACE('',(#6029),#6046,.T.);
#6029 = FACE_BOUND('',#6030,.T.);
#6030 = EDGE_LOOP('',(#6031,#6032,#6040));
#6031 = ORIENTED_EDGE('',*,*,#5220,.T.);
#6032 = ORIENTED_EDGE('',*,*,#6033,.T.);
#6033 = EDGE_CURVE('',#4209,#6034,#6036,.T.);
#6034 = VERTEX_POINT('',#6035);
#6035 = CARTESIAN_POINT('',(67.619813745117,93.343963464355,
    172.6585467041));
#6036 = LINE('',#6037,#6038);
#6037 = CARTESIAN_POINT('',(68.274560754395,91.706504663086,
    173.0191729248));
#6038 = VECTOR('',#6039,1.);
#6039 = DIRECTION('',(-0.363747426702,0.909697053752,-0.200347398191));
#6040 = ORIENTED_EDGE('',*,*,#6041,.F.);
#6041 = EDGE_CURVE('',#5221,#6034,#6042,.T.);
#6042 = LINE('',#6043,#6044);
#6043 = CARTESIAN_POINT('',(67.691064660645,93.294265588379,
    172.30355097656));
#6044 = VECTOR('',#6045,1.);
#6045 = DIRECTION('',(-0.194956788554,0.135983351605,0.971339476539));
#6046 = PLANE('',#6047);
#6047 = AXIS2_PLACEMENT_3D('',#6048,#6049,#6050);
#6048 = CARTESIAN_POINT('',(67.936895167307,92.586325182657,
    172.72472653393));
#6049 = DIRECTION('',(-0.910868570773,-0.392381320427,-0.127888021947));
#6050 = DIRECTION('',(0.395629991201,-0.91840999018,0.));
#6051 = ADVANCED_FACE('',(#6052),#6069,.T.);
#6052 = FACE_BOUND('',#6053,.T.);
#6053 = EDGE_LOOP('',(#6054,#6055,#6063));
#6054 = ORIENTED_EDGE('',*,*,#5243,.T.);
#6055 = ORIENTED_EDGE('',*,*,#6056,.F.);
#6056 = EDGE_CURVE('',#6057,#4250,#6059,.T.);
#6057 = VERTEX_POINT('',#6058);
#6058 = CARTESIAN_POINT('',(67.551294152832,91.964370568848,
    175.50319697265));
#6059 = LINE('',#6060,#6061);
#6060 = CARTESIAN_POINT('',(67.551294152832,91.964370568848,
    175.50319697265));
#6061 = VECTOR('',#6062,1.);
#6062 = DIRECTION('',(0.886306943704,0.271827813563,-0.374926181156));
#6063 = ORIENTED_EDGE('',*,*,#6064,.F.);
#6064 = EDGE_CURVE('',#5244,#6057,#6065,.T.);
#6065 = LINE('',#6066,#6067);
#6066 = CARTESIAN_POINT('',(68.119577233887,91.717391809082,
    173.34998347168));
#6067 = VECTOR('',#6068,1.);
#6068 = DIRECTION('',(-0.253630266871,0.110229022892,0.961000130197));
#6069 = PLANE('',#6070);
#6070 = AXIS2_PLACEMENT_3D('',#6071,#6072,#6073);
#6071 = CARTESIAN_POINT('',(67.980177815139,91.918642251824,
    174.51687700593));
#6072 = DIRECTION('',(0.363751840399,-0.909695417776,0.200346813009));
#6073 = DIRECTION('',(-0.92852114664,-0.371279517671,2.775557561563E-17)
  );
#6074 = ADVANCED_FACE('',(#6075),#6085,.T.);
#6075 = FACE_BOUND('',#6076,.T.);
#6076 = EDGE_LOOP('',(#6077,#6078,#6084));
#6077 = ORIENTED_EDGE('',*,*,#5251,.F.);
#6078 = ORIENTED_EDGE('',*,*,#6079,.F.);
#6079 = EDGE_CURVE('',#6034,#5244,#6080,.T.);
#6080 = LINE('',#6081,#6082);
#6081 = CARTESIAN_POINT('',(67.619813745117,93.343963464355,
    172.6585467041));
#6082 = VECTOR('',#6083,1.);
#6083 = DIRECTION('',(0.272093883983,-0.885579297419,0.376449500307));
#6084 = ORIENTED_EDGE('',*,*,#6033,.F.);
#6085 = PLANE('',#6086);
#6086 = AXIS2_PLACEMENT_3D('',#6087,#6088,#6089);
#6087 = CARTESIAN_POINT('',(67.934442968125,92.453463903256,
    172.94633970268));
#6088 = DIRECTION('',(-0.829376152793,-0.414203052823,-0.374928030707));
#6089 = DIRECTION('',(0.446794996059,-0.894636368307,0.));
#6090 = ADVANCED_FACE('',(#6091),#6108,.T.);
#6091 = FACE_BOUND('',#6092,.T.);
#6092 = EDGE_LOOP('',(#6093,#6094,#6102));
#6093 = ORIENTED_EDGE('',*,*,#5266,.T.);
#6094 = ORIENTED_EDGE('',*,*,#6095,.F.);
#6095 = EDGE_CURVE('',#6096,#4275,#6098,.T.);
#6096 = VERTEX_POINT('',#6097);
#6097 = CARTESIAN_POINT('',(69.678781335449,92.357345422363,
    173.42488886718));
#6098 = LINE('',#6099,#6100);
#6099 = CARTESIAN_POINT('',(69.678781335449,92.357345422363,
    173.42488886718));
#6100 = VECTOR('',#6101,1.);
#6101 = DIRECTION('',(0.194944644444,-0.135977079963,-0.971342791875));
#6102 = ORIENTED_EDGE('',*,*,#6103,.F.);
#6103 = EDGE_CURVE('',#5267,#6096,#6104,.T.);
#6104 = LINE('',#6105,#6106);
#6105 = CARTESIAN_POINT('',(69.346681420898,92.380668481445,
    174.13376643066));
#6106 = VECTOR('',#6107,1.);
#6107 = DIRECTION('',(0.424050433061,-2.978065597347E-02,-0.905148795917
    ));
#6108 = PLANE('',#6109);
#6109 = AXIS2_PLACEMENT_3D('',#6110,#6111,#6112);
#6110 = CARTESIAN_POINT('',(69.611591891085,92.326202141491,
    173.40547969699));
#6111 = DIRECTION('',(0.363775260868,-0.909684499746,0.200353863207));
#6112 = DIRECTION('',(-0.928511369043,-0.371303969219,0.));
#6113 = ADVANCED_FACE('',(#6114),#6131,.T.);
#6114 = FACE_BOUND('',#6115,.T.);
#6115 = EDGE_LOOP('',(#6116,#6117,#6125));
#6116 = ORIENTED_EDGE('',*,*,#5274,.T.);
#6117 = ORIENTED_EDGE('',*,*,#6118,.F.);
#6118 = EDGE_CURVE('',#6119,#5267,#6121,.T.);
#6119 = VERTEX_POINT('',#6120);
#6120 = CARTESIAN_POINT('',(68.857782189941,92.319244226074,
    174.74248530273));
#6121 = LINE('',#6122,#6123);
#6122 = CARTESIAN_POINT('',(68.857782189941,92.319244226074,
    174.74248530273));
#6123 = VECTOR('',#6124,1.);
#6124 = DIRECTION('',(0.624267623824,7.843165118225E-02,-0.777263410909)
  );
#6125 = ORIENTED_EDGE('',*,*,#6126,.F.);
#6126 = EDGE_CURVE('',#4250,#6119,#6127,.T.);
#6127 = LINE('',#6128,#6129);
#6128 = CARTESIAN_POINT('',(68.245408837891,92.177253564453,
    175.20957209472));
#6129 = VECTOR('',#6130,1.);
#6130 = DIRECTION('',(0.781930727516,0.181305834047,-0.596416408147));
#6131 = PLANE('',#6132);
#6132 = AXIS2_PLACEMENT_3D('',#6133,#6134,#6135);
#6133 = CARTESIAN_POINT('',(68.811545783076,92.289075101919,
    174.68944924224));
#6134 = DIRECTION('',(0.363751422539,-0.909693538287,0.20035610547));
#6135 = DIRECTION('',(-0.928521029228,-0.371279811304,1.387778780781E-17
    ));
#6136 = ADVANCED_FACE('',(#6137),#6155,.T.);
#6137 = FACE_BOUND('',#6138,.T.);
#6138 = EDGE_LOOP('',(#6139,#6147,#6148,#6149));
#6139 = ORIENTED_EDGE('',*,*,#6140,.T.);
#6140 = EDGE_CURVE('',#6141,#6096,#6143,.T.);
#6141 = VERTEX_POINT('',#6142);
#6142 = CARTESIAN_POINT('',(69.024034326172,93.994804223633,
    173.06426264648));
#6143 = LINE('',#6144,#6145);
#6144 = CARTESIAN_POINT('',(69.024034326172,93.994804223633,
    173.06426264648));
#6145 = VECTOR('',#6146,1.);
#6146 = DIRECTION('',(0.363747426702,-0.909697053752,0.200347398191));
#6147 = ORIENTED_EDGE('',*,*,#6095,.T.);
#6148 = ORIENTED_EDGE('',*,*,#5288,.F.);
#6149 = ORIENTED_EDGE('',*,*,#6150,.T.);
#6150 = EDGE_CURVE('',#5289,#6141,#6151,.T.);
#6151 = LINE('',#6152,#6153);
#6152 = CARTESIAN_POINT('',(69.176706140137,93.888313134766,
    172.30355097656));
#6153 = VECTOR('',#6154,1.);
#6154 = DIRECTION('',(-0.194944644444,0.135977079963,0.971342791875));
#6155 = PLANE('',#6156);
#6156 = AXIS2_PLACEMENT_3D('',#6157,#6158,#6159);
#6157 = CARTESIAN_POINT('',(69.427743737793,93.122829278564,
    172.86421992187));
#6158 = DIRECTION('',(0.910870330139,0.392380093297,0.127879255769));
#6159 = DIRECTION('',(-0.395628303017,0.918410717409,-1.387778780781E-17
    ));
#6160 = ADVANCED_FACE('',(#6161),#6178,.T.);
#6161 = FACE_BOUND('',#6162,.T.);
#6162 = EDGE_LOOP('',(#6163,#6171,#6177));
#6163 = ORIENTED_EDGE('',*,*,#6164,.T.);
#6164 = EDGE_CURVE('',#4323,#6165,#6167,.T.);
#6165 = VERTEX_POINT('',#6166);
#6166 = CARTESIAN_POINT('',(67.236680810547,93.326186975098,
    173.27343012695));
#6167 = LINE('',#6168,#6169);
#6168 = CARTESIAN_POINT('',(69.139543359375,93.705917199707,
    171.54283930664));
#6169 = VECTOR('',#6170,1.);
#6170 = DIRECTION('',(-0.731868830143,-0.146049810811,0.665610598043));
#6171 = ORIENTED_EDGE('',*,*,#6172,.T.);
#6172 = EDGE_CURVE('',#6165,#5289,#6173,.T.);
#6173 = LINE('',#6174,#6175);
#6174 = CARTESIAN_POINT('',(67.236680810547,93.326186975098,
    173.27343012695));
#6175 = VECTOR('',#6176,1.);
#6176 = DIRECTION('',(0.865845525484,0.250880446086,-0.432863174422));
#6177 = ORIENTED_EDGE('',*,*,#5298,.F.);
#6178 = PLANE('',#6179);
#6179 = AXIS2_PLACEMENT_3D('',#6180,#6181,#6182);
#6180 = CARTESIAN_POINT('',(68.330597177794,93.591527271896,
    172.49214373406));
#6181 = DIRECTION('',(-0.363746840025,0.909697112449,-0.20034819683));
#6182 = DIRECTION('',(0.928523144577,0.371274521055,0.));
#6183 = ADVANCED_FACE('',(#6184),#6194,.T.);
#6184 = FACE_BOUND('',#6185,.T.);
#6185 = EDGE_LOOP('',(#6186,#6192,#6193));
#6186 = ORIENTED_EDGE('',*,*,#6187,.T.);
#6187 = EDGE_CURVE('',#4821,#4323,#6188,.T.);
#6188 = LINE('',#6189,#6190);
#6189 = CARTESIAN_POINT('',(67.327638452148,92.523696740723,
    169.46453120117));
#6190 = VECTOR('',#6191,1.);
#6191 = DIRECTION('',(0.603967994126,0.394073285182,0.69276901488));
#6192 = ORIENTED_EDGE('',*,*,#5312,.F.);
#6193 = ORIENTED_EDGE('',*,*,#5742,.F.);
#6194 = PLANE('',#6195);
#6195 = AXIS2_PLACEMENT_3D('',#6196,#6197,#6198);
#6196 = CARTESIAN_POINT('',(68.306082759227,93.128197834491,
    170.43286834281));
#6197 = DIRECTION('',(-0.36375421465,0.909695508035,-0.200342092398));
#6198 = DIRECTION('',(0.928520323898,0.371281575233,-1.387778780781E-17)
  );
#6199 = ADVANCED_FACE('',(#6200),#6217,.T.);
#6200 = FACE_BOUND('',#6201,.T.);
#6201 = EDGE_LOOP('',(#6202,#6210,#6211));
#6202 = ORIENTED_EDGE('',*,*,#6203,.T.);
#6203 = EDGE_CURVE('',#6204,#1597,#6206,.T.);
#6204 = VERTEX_POINT('',#6205);
#6205 = CARTESIAN_POINT('',(59.136859893799,82.351745605469,
    152.41552734375));
#6206 = LINE('',#6207,#6208);
#6207 = CARTESIAN_POINT('',(59.136859893799,82.351745605469,
    152.41552734375));
#6208 = VECTOR('',#6209,1.);
#6209 = DIRECTION('',(0.78312464071,0.407542106704,0.469707598805));
#6210 = ORIENTED_EDGE('',*,*,#5328,.F.);
#6211 = ORIENTED_EDGE('',*,*,#6212,.T.);
#6212 = EDGE_CURVE('',#5329,#6204,#6213,.T.);
#6213 = LINE('',#6214,#6215);
#6214 = CARTESIAN_POINT('',(58.653583526611,82.166160583496,
    152.34451293945));
#6215 = VECTOR('',#6216,1.);
#6216 = DIRECTION('',(0.924872167408,0.355164111395,0.135904113006));
#6217 = PLANE('',#6218);
#6218 = AXIS2_PLACEMENT_3D('',#6219,#6220,#6221);
#6219 = CARTESIAN_POINT('',(79.29277017433,92.857622420342,
    164.56000851803));
#6220 = DIRECTION('',(0.309362327864,-0.91054109298,0.274244176043));
#6221 = DIRECTION('',(-0.946842965481,-0.32169612792,-2.775557561563E-17
    ));
#6222 = ADVANCED_FACE('',(#6223),#6246,.T.);
#6223 = FACE_BOUND('',#6224,.T.);
#6224 = EDGE_LOOP('',(#6225,#6226,#6232,#6240));
#6225 = ORIENTED_EDGE('',*,*,#5337,.F.);
#6226 = ORIENTED_EDGE('',*,*,#6227,.T.);
#6227 = EDGE_CURVE('',#4354,#5632,#6228,.T.);
#6228 = LINE('',#6229,#6230);
#6229 = CARTESIAN_POINT('',(58.217174530029,81.958366394043,
    152.1468963623));
#6230 = VECTOR('',#6231,1.);
#6231 = DIRECTION('',(-0.363746205596,0.909699299987,-0.200339415787));
#6232 = ORIENTED_EDGE('',*,*,#6233,.F.);
#6233 = EDGE_CURVE('',#6234,#5632,#6236,.T.);
#6234 = VERTEX_POINT('',#6235);
#6235 = CARTESIAN_POINT('',(57.998840332031,83.803619384766,
    151.98390197753));
#6236 = LINE('',#6237,#6238);
#6237 = CARTESIAN_POINT('',(57.998840332031,83.803619384766,
    151.98390197753));
#6238 = VECTOR('',#6239,1.);
#6239 = DIRECTION('',(-0.835726601413,-0.397927478822,-0.378437272596));
#6240 = ORIENTED_EDGE('',*,*,#6241,.F.);
#6241 = EDGE_CURVE('',#5329,#6234,#6242,.T.);
#6242 = LINE('',#6243,#6244);
#6243 = CARTESIAN_POINT('',(58.653583526611,82.166160583496,
    152.34451293945));
#6244 = VECTOR('',#6245,1.);
#6245 = DIRECTION('',(-0.363746205596,0.909699299987,-0.200339415787));
#6246 = PLANE('',#6247);
#6247 = AXIS2_PLACEMENT_3D('',#6248,#6249,#6250);
#6248 = CARTESIAN_POINT('',(58.10800743103,82.880992889404,
    152.06539916992));
#6249 = DIRECTION('',(0.424051969466,-2.977858240772E-02,-0.905148144351
    ));
#6250 = DIRECTION('',(-0.905549737841,0.,-0.424240111608));
#6251 = ADVANCED_FACE('',(#6252),#6262,.T.);
#6252 = FACE_BOUND('',#6253,.T.);
#6253 = EDGE_LOOP('',(#6254,#6260,#6261));
#6254 = ORIENTED_EDGE('',*,*,#6255,.T.);
#6255 = EDGE_CURVE('',#4602,#4354,#6256,.T.);
#6256 = LINE('',#6257,#6258);
#6257 = CARTESIAN_POINT('',(57.202632904053,83.379997253418,
    151.47554016113));
#6258 = VECTOR('',#6259,1.);
#6259 = DIRECTION('',(0.542214126343,-0.759779899278,0.358801262327));
#6260 = ORIENTED_EDGE('',*,*,#5352,.F.);
#6261 = ORIENTED_EDGE('',*,*,#5653,.T.);
#6262 = PLANE('',#6263);
#6263 = AXIS2_PLACEMENT_3D('',#6264,#6265,#6266);
#6264 = CARTESIAN_POINT('',(57.6734414331,82.520913176848,
    151.76697267814));
#6265 = DIRECTION('',(0.624253813125,7.843354600016E-02,-0.777274311721)
  );
#6266 = DIRECTION('',(-0.7796762258,-2.081668171172E-17,-0.626182866999)
  );
#6267 = ADVANCED_FACE('',(#6268),#6285,.T.);
#6268 = FACE_BOUND('',#6269,.T.);
#6269 = EDGE_LOOP('',(#6270,#6271,#6279));
#6270 = ORIENTED_EDGE('',*,*,#5400,.T.);
#6271 = ORIENTED_EDGE('',*,*,#6272,.F.);
#6272 = EDGE_CURVE('',#6273,#1597,#6275,.T.);
#6273 = VERTEX_POINT('',#6274);
#6274 = CARTESIAN_POINT('',(61.223880767822,82.335586547852,
    150.00730895996));
#6275 = LINE('',#6276,#6277);
#6276 = CARTESIAN_POINT('',(61.223880767822,82.335586547852,
    150.00730895996));
#6277 = VECTOR('',#6278,1.);
#6278 = DIRECTION('',(0.748788957986,0.411016461538,0.519981311917));
#6279 = ORIENTED_EDGE('',*,*,#6280,.T.);
#6280 = EDGE_CURVE('',#6273,#5401,#6281,.T.);
#6281 = LINE('',#6282,#6283);
#6282 = CARTESIAN_POINT('',(61.223880767822,82.335586547852,
    150.00730895996));
#6283 = VECTOR('',#6284,1.);
#6284 = DIRECTION('',(-0.267617471212,-0.360082532701,-0.893712178918));
#6285 = PLANE('',#6286);
#6286 = AXIS2_PLACEMENT_3D('',#6287,#6288,#6289);
#6287 = CARTESIAN_POINT('',(80.427310367487,92.848391746212,
    163.24938228222));
#6288 = DIRECTION('',(0.309376170998,-0.910542874766,0.274222643179));
#6289 = DIRECTION('',(-0.946838772507,-0.32170846877,-1.387778780781E-17
    ));
#6290 = ADVANCED_FACE('',(#6291),#6301,.T.);
#6291 = FACE_BOUND('',#6292,.T.);
#6292 = EDGE_LOOP('',(#6293,#6299,#6300));
#6293 = ORIENTED_EDGE('',*,*,#6294,.T.);
#6294 = EDGE_CURVE('',#5401,#4533,#6295,.T.);
#6295 = LINE('',#6296,#6297);
#6296 = CARTESIAN_POINT('',(61.083972930908,82.147338867188,
    149.54008483886));
#6297 = VECTOR('',#6298,1.);
#6298 = DIRECTION('',(-0.363746205596,0.909699299987,-0.200339415787));
#6299 = ORIENTED_EDGE('',*,*,#5516,.F.);
#6300 = ORIENTED_EDGE('',*,*,#5408,.F.);
#6301 = PLANE('',#6302);
#6302 = AXIS2_PLACEMENT_3D('',#6303,#6304,#6305);
#6303 = CARTESIAN_POINT('',(60.723150311635,82.804636676956,
    149.2668479234));
#6304 = DIRECTION('',(-0.781930327222,-0.181311229141,0.59641529286));
#6305 = DIRECTION('',(-0.60646701885,0.,-0.79510864355));
#6306 = ADVANCED_FACE('',(#6307),#6317,.T.);
#6307 = FACE_BOUND('',#6308,.T.);
#6308 = EDGE_LOOP('',(#6309,#6315,#6316));
#6309 = ORIENTED_EDGE('',*,*,#6310,.T.);
#6310 = EDGE_CURVE('',#4493,#5456,#6311,.T.);
#6311 = LINE('',#6312,#6313);
#6312 = CARTESIAN_POINT('',(58.891078948975,82.966415405273,
    148.19738769531));
#6313 = VECTOR('',#6314,1.);
#6314 = DIRECTION('',(8.543863935732E-02,-0.969821759861,0.228354971492)
  );
#6315 = ORIENTED_EDGE('',*,*,#5455,.F.);
#6316 = ORIENTED_EDGE('',*,*,#5500,.T.);
#6317 = PLANE('',#6318);
#6318 = AXIS2_PLACEMENT_3D('',#6319,#6320,#6321);
#6319 = CARTESIAN_POINT('',(59.118332816734,82.002098659847,
    148.41749211476));
#6320 = DIRECTION('',(4.747037370814E-02,0.232895079392,0.971342599506)
  );
#6321 = DIRECTION('',(1.734723475977E-18,0.972438882032,-0.233157930837)
  );
#6322 = ADVANCED_FACE('',(#6323),#6340,.T.);
#6323 = FACE_BOUND('',#6324,.T.);
#6324 = EDGE_LOOP('',(#6325,#6326,#6334));
#6325 = ORIENTED_EDGE('',*,*,#5463,.T.);
#6326 = ORIENTED_EDGE('',*,*,#6327,.T.);
#6327 = EDGE_CURVE('',#5456,#6328,#6330,.T.);
#6328 = VERTEX_POINT('',#6329);
#6329 = CARTESIAN_POINT('',(58.571350097656,81.072601318359,
    148.80619812011));
#6330 = LINE('',#6331,#6332);
#6331 = CARTESIAN_POINT('',(59.048614501953,81.178215026855,
    148.6184387207));
#6332 = VECTOR('',#6333,1.);
#6333 = DIRECTION('',(-0.911452215367,-0.201695009549,0.358572143682));
#6334 = ORIENTED_EDGE('',*,*,#6335,.F.);
#6335 = EDGE_CURVE('',#1643,#6328,#6336,.T.);
#6336 = LINE('',#6337,#6338);
#6337 = CARTESIAN_POINT('',(26.568264007568,61.841583251953,
    121.0562133789));
#6338 = VECTOR('',#6339,1.);
#6339 = DIRECTION('',(0.687945568521,0.413394308901,0.596519941092));
#6340 = PLANE('',#6341);
#6341 = AXIS2_PLACEMENT_3D('',#6342,#6343,#6344);
#6342 = CARTESIAN_POINT('',(42.77942557131,71.537380095988,
    134.96130777386));
#6343 = DIRECTION('',(0.309375383707,-0.910542869162,0.274223549999));
#6344 = DIRECTION('',(-0.946839021276,-0.321707736601,0.));
#6345 = ADVANCED_FACE('',(#6346),#6363,.T.);
#6346 = FACE_BOUND('',#6347,.T.);
#6347 = EDGE_LOOP('',(#6348,#6349,#6357));
#6348 = ORIENTED_EDGE('',*,*,#5477,.F.);
#6349 = ORIENTED_EDGE('',*,*,#6350,.F.);
#6350 = EDGE_CURVE('',#6351,#1178,#6353,.T.);
#6351 = VERTEX_POINT('',#6352);
#6352 = CARTESIAN_POINT('',(57.916606903076,82.710060119629,
    148.44557189941));
#6353 = LINE('',#6354,#6355);
#6354 = CARTESIAN_POINT('',(57.916606903076,82.710060119629,
    148.44557189941));
#6355 = VECTOR('',#6356,1.);
#6356 = DIRECTION('',(-0.687945614227,-0.413394361005,-0.596519852273));
#6357 = ORIENTED_EDGE('',*,*,#6358,.T.);
#6358 = EDGE_CURVE('',#6351,#5478,#6359,.T.);
#6359 = LINE('',#6360,#6361);
#6360 = CARTESIAN_POINT('',(57.916606903076,82.710060119629,
    148.44557189941));
#6361 = VECTOR('',#6362,1.);
#6362 = DIRECTION('',(0.911452215367,0.201695009549,-0.358572143682));
#6363 = PLANE('',#6364);
#6364 = AXIS2_PLACEMENT_3D('',#6365,#6366,#6367);
#6365 = CARTESIAN_POINT('',(42.124683336382,73.174838903979,
    134.60068535613));
#6366 = DIRECTION('',(-0.309375401721,0.910542845191,-0.27422360927));
#6367 = DIRECTION('',(0.94683901299,0.321707760987,5.551115123126E-17));
#6368 = ADVANCED_FACE('',(#6369),#6379,.T.);
#6369 = FACE_BOUND('',#6370,.T.);
#6370 = EDGE_LOOP('',(#6371,#6377,#6378));
#6371 = ORIENTED_EDGE('',*,*,#6372,.F.);
#6372 = EDGE_CURVE('',#5456,#5478,#6373,.T.);
#6373 = LINE('',#6374,#6375);
#6374 = CARTESIAN_POINT('',(59.048614501953,81.178215026855,
    148.6184387207));
#6375 = VECTOR('',#6376,1.);
#6376 = DIRECTION('',(-0.363745587835,0.909697755018,-0.200347552634));
#6377 = ORIENTED_EDGE('',*,*,#6310,.F.);
#6378 = ORIENTED_EDGE('',*,*,#5485,.F.);
#6379 = PLANE('',#6380);
#6380 = AXIS2_PLACEMENT_3D('',#6381,#6382,#6383);
#6381 = CARTESIAN_POINT('',(58.821361961162,82.142529256626,
    148.39833012821));
#6382 = DIRECTION('',(4.743831741619E-02,0.232892755281,0.971344722835)
  );
#6383 = DIRECTION('',(0.,0.972439525132,-0.233155248624));
#6384 = ADVANCED_FACE('',(#6385),#6396,.T.);
#6385 = FACE_BOUND('',#6386,.T.);
#6386 = EDGE_LOOP('',(#6387,#6393,#6394,#6395));
#6387 = ORIENTED_EDGE('',*,*,#6388,.T.);
#6388 = EDGE_CURVE('',#6273,#5534,#6389,.T.);
#6389 = LINE('',#6390,#6391);
#6390 = CARTESIAN_POINT('',(61.223880767822,82.335586547852,
    150.00730895996));
#6391 = VECTOR('',#6392,1.);
#6392 = DIRECTION('',(-0.363746205596,0.909699299987,-0.200339415787));
#6393 = ORIENTED_EDGE('',*,*,#5533,.F.);
#6394 = ORIENTED_EDGE('',*,*,#6294,.F.);
#6395 = ORIENTED_EDGE('',*,*,#6280,.F.);
#6396 = PLANE('',#6397);
#6397 = AXIS2_PLACEMENT_3D('',#6398,#6399,#6400);
#6398 = CARTESIAN_POINT('',(60.826555252075,83.060192108154,
    149.59339141845));
#6399 = DIRECTION('',(-0.886309453024,-0.271826276659,0.374921363485));
#6400 = DIRECTION('',(-0.389590886843,1.387778780781E-17,-0.920988024292
    ));
#6401 = ADVANCED_FACE('',(#6402),#6419,.T.);
#6402 = FACE_BOUND('',#6403,.T.);
#6403 = EDGE_LOOP('',(#6404,#6405,#6413));
#6404 = ORIENTED_EDGE('',*,*,#5541,.T.);
#6405 = ORIENTED_EDGE('',*,*,#6406,.T.);
#6406 = EDGE_CURVE('',#5534,#6407,#6409,.T.);
#6407 = VERTEX_POINT('',#6408);
#6408 = CARTESIAN_POINT('',(60.580757141113,84.127548217773,
    150.14659118652));
#6409 = LINE('',#6410,#6411);
#6410 = CARTESIAN_POINT('',(60.569137573242,83.973045349121,
    149.64669799804));
#6411 = VECTOR('',#6412,1.);
#6412 = DIRECTION('',(2.220212153757E-02,0.295216784805,0.955172296378)
  );
#6413 = ORIENTED_EDGE('',*,*,#6414,.F.);
#6414 = EDGE_CURVE('',#1620,#6407,#6415,.T.);
#6415 = LINE('',#6416,#6417);
#6416 = CARTESIAN_POINT('',(99.240539550781,105.20009613037,
    176.5012512207));
#6417 = VECTOR('',#6418,1.);
#6418 = DIRECTION('',(-0.753386010588,-0.410653185695,-0.513588823992));
#6419 = PLANE('',#6420);
#6420 = AXIS2_PLACEMENT_3D('',#6421,#6422,#6423);
#6421 = CARTESIAN_POINT('',(79.809960970977,94.571591843468,
    163.13127397924));
#6422 = DIRECTION('',(-0.309369521678,0.910542343102,-0.274231910025));
#6423 = DIRECTION('',(0.946840821434,0.321702438389,-4.163336342344E-17)
  );
#6424 = ADVANCED_FACE('',(#6425),#6435,.T.);
#6425 = FACE_BOUND('',#6426,.T.);
#6426 = EDGE_LOOP('',(#6427,#6433,#6434));
#6427 = ORIENTED_EDGE('',*,*,#6428,.T.);
#6428 = EDGE_CURVE('',#1643,#5602,#6429,.T.);
#6429 = LINE('',#6430,#6431);
#6430 = CARTESIAN_POINT('',(26.568264007568,61.841583251953,
    121.0562133789));
#6431 = VECTOR('',#6432,1.);
#6432 = DIRECTION('',(0.654257728092,0.413082384936,0.63349014869));
#6433 = ORIENTED_EDGE('',*,*,#5616,.T.);
#6434 = ORIENTED_EDGE('',*,*,#5555,.F.);
#6435 = PLANE('',#6436);
#6436 = AXIS2_PLACEMENT_3D('',#6437,#6438,#6439);
#6437 = CARTESIAN_POINT('',(42.133497041367,71.694328581192,
    136.21116943499));
#6438 = DIRECTION('',(0.309379844798,-0.910542735444,0.274218960985));
#6439 = DIRECTION('',(-0.946837593838,-0.321711937757,1.387778780781E-17
    ));
#6440 = ADVANCED_FACE('',(#6441),#6446,.T.);
#6441 = FACE_BOUND('',#6442,.T.);
#6442 = EDGE_LOOP('',(#6443,#6444,#6445));
#6443 = ORIENTED_EDGE('',*,*,#5659,.T.);
#6444 = ORIENTED_EDGE('',*,*,#5563,.F.);
#6445 = ORIENTED_EDGE('',*,*,#5610,.T.);
#6446 = PLANE('',#6447);
#6447 = AXIS2_PLACEMENT_3D('',#6448,#6449,#6450);
#6448 = CARTESIAN_POINT('',(57.385894112254,82.309389212685,
    151.39033884255));
#6449 = DIRECTION('',(0.78193166847,0.181312218967,-0.596413233502));
#6450 = DIRECTION('',(0.606465037324,0.,0.795110154949));
#6451 = ADVANCED_FACE('',(#6452),#6469,.T.);
#6452 = FACE_BOUND('',#6453,.T.);
#6453 = EDGE_LOOP('',(#6454,#6462,#6463));
#6454 = ORIENTED_EDGE('',*,*,#6455,.T.);
#6455 = EDGE_CURVE('',#6456,#1178,#6458,.T.);
#6456 = VERTEX_POINT('',#6457);
#6457 = CARTESIAN_POINT('',(56.90990447998,82.71785736084,
    149.60720825195));
#6458 = LINE('',#6459,#6460);
#6459 = CARTESIAN_POINT('',(56.90990447998,82.71785736084,
    149.60720825195));
#6460 = VECTOR('',#6461,1.);
#6461 = DIRECTION('',(-0.665890288465,-0.413304377725,-0.621103546183));
#6462 = ORIENTED_EDGE('',*,*,#5578,.F.);
#6463 = ORIENTED_EDGE('',*,*,#6464,.T.);
#6464 = EDGE_CURVE('',#5579,#6456,#6465,.T.);
#6465 = LINE('',#6466,#6467);
#6466 = CARTESIAN_POINT('',(56.79243850708,82.828079223633,
    150.10571289062));
#6467 = VECTOR('',#6468,1.);
#6468 = DIRECTION('',(0.224221527411,-0.210393817199,-0.951556171926));
#6469 = PLANE('',#6470);
#6470 = AXIS2_PLACEMENT_3D('',#6471,#6472,#6473);
#6471 = CARTESIAN_POINT('',(41.468562473562,73.179908766327,
    135.3577442536));
#6472 = DIRECTION('',(-0.309373781905,0.910542862984,-0.274225377634));
#6473 = DIRECTION('',(0.946839527978,0.321706245291,2.775557561563E-17)
  );
#6474 = ADVANCED_FACE('',(#6475),#6492,.T.);
#6475 = FACE_BOUND('',#6476,.T.);
#6476 = EDGE_LOOP('',(#6477,#6485,#6491));
#6477 = ORIENTED_EDGE('',*,*,#6478,.T.);
#6478 = EDGE_CURVE('',#4578,#6479,#6481,.T.);
#6479 = VERTEX_POINT('',#6480);
#6480 = CARTESIAN_POINT('',(57.44718170166,81.190612792969,
    150.46632385253));
#6481 = LINE('',#6482,#6483);
#6482 = CARTESIAN_POINT('',(56.804058074951,82.982574462891,
    150.6056060791));
#6483 = VECTOR('',#6484,1.);
#6484 = DIRECTION('',(0.336897110265,-0.938710200076,-7.296230101238E-02
    ));
#6485 = ORIENTED_EDGE('',*,*,#6486,.T.);
#6486 = EDGE_CURVE('',#6479,#5579,#6487,.T.);
#6487 = LINE('',#6488,#6489);
#6488 = CARTESIAN_POINT('',(57.44718170166,81.190612792969,
    150.46632385253));
#6489 = VECTOR('',#6490,1.);
#6490 = DIRECTION('',(-0.363744803065,0.909700030909,-0.200338643319));
#6491 = ORIENTED_EDGE('',*,*,#5587,.F.);
#6492 = PLANE('',#6493);
#6493 = AXIS2_PLACEMENT_3D('',#6494,#6495,#6496);
#6494 = CARTESIAN_POINT('',(57.082667531034,82.154981448364,
    150.40736675756));
#6495 = DIRECTION('',(0.930289073995,0.343814582868,-0.127881865065));
#6496 = DIRECTION('',(-0.346660874083,0.937990532138,-6.938893903907E-18
    ));
#6497 = ADVANCED_FACE('',(#6498),#6508,.T.);
#6498 = FACE_BOUND('',#6499,.T.);
#6499 = EDGE_LOOP('',(#6500,#6506,#6507));
#6500 = ORIENTED_EDGE('',*,*,#6501,.F.);
#6501 = EDGE_CURVE('',#6479,#5602,#6502,.T.);
#6502 = LINE('',#6503,#6504);
#6503 = CARTESIAN_POINT('',(57.44718170166,81.190612792969,
    150.46632385253));
#6504 = VECTOR('',#6505,1.);
#6505 = DIRECTION('',(2.220212153757E-02,0.295216784805,0.955172296378)
  );
#6506 = ORIENTED_EDGE('',*,*,#6478,.F.);
#6507 = ORIENTED_EDGE('',*,*,#5601,.F.);
#6508 = PLANE('',#6509);
#6509 = AXIS2_PLACEMENT_3D('',#6510,#6511,#6512);
#6510 = CARTESIAN_POINT('',(57.168572457843,82.018207263467,
    150.6645630026));
#6511 = DIRECTION('',(0.930288300698,0.343814714966,-0.127887135233));
#6512 = DIRECTION('',(-0.346661244799,0.937990395129,-1.387778780781E-17
    ));
#6513 = ADVANCED_FACE('',(#6514),#6524,.T.);
#6514 = FACE_BOUND('',#6515,.T.);
#6515 = EDGE_LOOP('',(#6516,#6517,#6523));
#6516 = ORIENTED_EDGE('',*,*,#5631,.T.);
#6517 = ORIENTED_EDGE('',*,*,#6518,.F.);
#6518 = EDGE_CURVE('',#6234,#2406,#6519,.T.);
#6519 = LINE('',#6520,#6521);
#6520 = CARTESIAN_POINT('',(57.998840332031,83.803619384766,
    151.98390197753));
#6521 = VECTOR('',#6522,1.);
#6522 = DIRECTION('',(-0.846897078822,-0.132668118174,0.514941266847));
#6523 = ORIENTED_EDGE('',*,*,#6233,.T.);
#6524 = PLANE('',#6525);
#6525 = AXIS2_PLACEMENT_3D('',#6526,#6527,#6528);
#6526 = CARTESIAN_POINT('',(46.667257602179,81.993497526085,
    158.75763904982));
#6527 = DIRECTION('',(-0.309375539288,0.910542679162,-0.27422400536));
#6528 = DIRECTION('',(0.946838951548,0.321707941822,2.775557561563E-17)
  );
#6529 = ADVANCED_FACE('',(#6530),#6535,.T.);
#6530 = FACE_BOUND('',#6531,.T.);
#6531 = EDGE_LOOP('',(#6532,#6533,#6534));
#6532 = ORIENTED_EDGE('',*,*,#6227,.F.);
#6533 = ORIENTED_EDGE('',*,*,#6255,.F.);
#6534 = ORIENTED_EDGE('',*,*,#5639,.F.);
#6535 = PLANE('',#6536);
#6536 = AXIS2_PLACEMENT_3D('',#6537,#6538,#6539);
#6537 = CARTESIAN_POINT('',(57.746366037222,82.817447920629,
    151.85546383025));
#6538 = DIRECTION('',(0.624254483196,7.843431497994E-02,-0.777273695968)
  );
#6539 = DIRECTION('',(-0.77967565546,-1.387778780781E-17,-0.626183577143
    ));
#6540 = ADVANCED_FACE('',(#6541),#6558,.T.);
#6541 = FACE_BOUND('',#6542,.T.);
#6542 = EDGE_LOOP('',(#6543,#6551,#6557));
#6543 = ORIENTED_EDGE('',*,*,#6544,.T.);
#6544 = EDGE_CURVE('',#1620,#6545,#6547,.T.);
#6545 = VERTEX_POINT('',#6546);
#6546 = CARTESIAN_POINT('',(60.463291168213,84.237770080566,
    150.64509582519));
#6547 = LINE('',#6548,#6549);
#6548 = CARTESIAN_POINT('',(99.240539550781,105.20009613037,
    176.5012512207));
#6549 = VECTOR('',#6550,1.);
#6550 = DIRECTION('',(-0.758788532085,-0.410188274719,-0.505950138709));
#6551 = ORIENTED_EDGE('',*,*,#6552,.T.);
#6552 = EDGE_CURVE('',#6545,#5698,#6553,.T.);
#6553 = LINE('',#6554,#6555);
#6554 = CARTESIAN_POINT('',(60.463291168213,84.237770080566,
    150.64509582519));
#6555 = VECTOR('',#6556,1.);
#6556 = DIRECTION('',(-0.455042957959,0.111452160365,0.883467216348));
#6557 = ORIENTED_EDGE('',*,*,#5697,.T.);
#6558 = PLANE('',#6559);
#6559 = AXIS2_PLACEMENT_3D('',#6560,#6561,#6562);
#6560 = CARTESIAN_POINT('',(79.693009774984,94.680081331316,
    163.62344684772));
#6561 = DIRECTION('',(-0.309379186332,0.910543176627,-0.274218238931));
#6562 = DIRECTION('',(0.946837849889,0.321711184166,-1.387778780781E-17)
  );
#6563 = ADVANCED_FACE('',(#6564),#6581,.T.);
#6564 = FACE_BOUND('',#6565,.T.);
#6565 = EDGE_LOOP('',(#6566,#6574,#6580));
#6566 = ORIENTED_EDGE('',*,*,#6567,.F.);
#6567 = EDGE_CURVE('',#6568,#5698,#6570,.T.);
#6568 = VERTEX_POINT('',#6569);
#6569 = CARTESIAN_POINT('',(60.879489898682,82.658729553223,
    151.46884155273));
#6570 = LINE('',#6571,#6572);
#6571 = CARTESIAN_POINT('',(60.879489898682,82.658729553223,
    151.46884155273));
#6572 = VECTOR('',#6573,1.);
#6573 = DIRECTION('',(-0.363744803065,0.909700030909,-0.200338643319));
#6574 = ORIENTED_EDGE('',*,*,#6575,.F.);
#6575 = EDGE_CURVE('',#4751,#6568,#6576,.T.);
#6576 = LINE('',#6577,#6578);
#6577 = CARTESIAN_POINT('',(59.881378173828,84.298858642578,
    151.50444030761));
#6578 = VECTOR('',#6579,1.);
#6579 = DIRECTION('',(0.519771065379,-0.854104428298,-1.853820798902E-02
    ));
#6580 = ORIENTED_EDGE('',*,*,#5705,.F.);
#6581 = PLANE('',#6582);
#6582 = AXIS2_PLACEMENT_3D('',#6583,#6584,#6585);
#6583 = CARTESIAN_POINT('',(60.412802640858,83.579360956614,
    151.38035893611));
#6584 = DIRECTION('',(-0.691367024556,-0.407790878134,-0.596421190994));
#6585 = DIRECTION('',(0.653200405892,0.,-0.757185069678));
#6586 = ADVANCED_FACE('',(#6587),#6597,.T.);
#6587 = FACE_BOUND('',#6588,.T.);
#6588 = EDGE_LOOP('',(#6589,#6590,#6596));
#6589 = ORIENTED_EDGE('',*,*,#6575,.T.);
#6590 = ORIENTED_EDGE('',*,*,#6591,.F.);
#6591 = EDGE_CURVE('',#5720,#6568,#6592,.T.);
#6592 = LINE('',#6593,#6594);
#6593 = CARTESIAN_POINT('',(60.536121368408,82.661392211914,
    151.86506652832));
#6594 = VECTOR('',#6595,1.);
#6595 = DIRECTION('',(0.654893285532,-5.078384141017E-03,-0.755704303666
    ));
#6596 = ORIENTED_EDGE('',*,*,#5719,.T.);
#6597 = PLANE('',#6598);
#6598 = AXIS2_PLACEMENT_3D('',#6599,#6600,#6601);
#6599 = CARTESIAN_POINT('',(60.348066308597,83.378225361583,
    151.59292736926));
#6600 = DIRECTION('',(-0.691376356311,-0.407796880914,-0.596406269124));
#6601 = DIRECTION('',(0.653185981324,-2.775557561563E-17,-0.757197513072
    ));
#6602 = ADVANCED_FACE('',(#6603),#6620,.T.);
#6603 = FACE_BOUND('',#6604,.T.);
#6604 = EDGE_LOOP('',(#6605,#6606,#6614));
#6605 = ORIENTED_EDGE('',*,*,#5727,.T.);
#6606 = ORIENTED_EDGE('',*,*,#6607,.F.);
#6607 = EDGE_CURVE('',#6608,#5720,#6610,.T.);
#6608 = VERTEX_POINT('',#6609);
#6609 = CARTESIAN_POINT('',(60.111331939697,82.608100891113,
    152.16734313964));
#6610 = LINE('',#6611,#6612);
#6611 = CARTESIAN_POINT('',(60.111331939697,82.608100891113,
    152.16734313964));
#6612 = VECTOR('',#6613,1.);
#6613 = DIRECTION('',(0.810547045833,0.101685964207,-0.576778511367));
#6614 = ORIENTED_EDGE('',*,*,#6615,.T.);
#6615 = EDGE_CURVE('',#6608,#3747,#6616,.T.);
#6616 = LINE('',#6617,#6618);
#6617 = CARTESIAN_POINT('',(60.111331939697,82.608100891113,
    152.16734313964));
#6618 = VECTOR('',#6619,1.);
#6619 = DIRECTION('',(-0.363745587835,0.909697755018,-0.200347552634));
#6620 = PLANE('',#6621);
#6621 = AXIS2_PLACEMENT_3D('',#6622,#6623,#6624);
#6622 = CARTESIAN_POINT('',(59.946674834123,83.341019362212,
    151.92230101166));
#6623 = DIRECTION('',(-0.506231042096,-0.373600945697,-0.777272452486));
#6624 = DIRECTION('',(-0.83794871396,0.,0.545748983299));
#6625 = ADVANCED_FACE('',(#6626),#6643,.T.);
#6626 = FACE_BOUND('',#6627,.T.);
#6627 = EDGE_LOOP('',(#6628,#6629,#6637));
#6628 = ORIENTED_EDGE('',*,*,#6615,.F.);
#6629 = ORIENTED_EDGE('',*,*,#6630,.F.);
#6630 = EDGE_CURVE('',#6631,#6608,#6633,.T.);
#6631 = VERTEX_POINT('',#6632);
#6632 = CARTESIAN_POINT('',(58.97932434082,84.139945983887,
    151.99447631835));
#6633 = LINE('',#6634,#6635);
#6634 = CARTESIAN_POINT('',(58.97932434082,84.139945983887,
    151.99447631835));
#6635 = VECTOR('',#6636,1.);
#6636 = DIRECTION('',(0.59188181824,-0.800940965124,9.038519582321E-02)
  );
#6637 = ORIENTED_EDGE('',*,*,#6638,.F.);
#6638 = EDGE_CURVE('',#3747,#6631,#6639,.T.);
#6639 = LINE('',#6640,#6641);
#6640 = CARTESIAN_POINT('',(59.456588745117,84.245559692383,
    151.80671691894));
#6641 = VECTOR('',#6642,1.);
#6642 = DIRECTION('',(-0.911452215367,-0.201695009549,0.358572143682));
#6643 = PLANE('',#6644);
#6644 = AXIS2_PLACEMENT_3D('',#6645,#6646,#6647);
#6645 = CARTESIAN_POINT('',(59.606259504119,83.497663856522,
    152.01873093168));
#6646 = DIRECTION('',(-0.286616850061,-0.313949435179,-0.905144482065));
#6647 = DIRECTION('',(-2.775557561563E-17,-0.944782558562,0.327697905146
    ));
#6648 = ADVANCED_FACE('',(#6649),#6659,.T.);
#6649 = FACE_BOUND('',#6650,.T.);
#6650 = EDGE_LOOP('',(#6651,#6657,#6658));
#6651 = ORIENTED_EDGE('',*,*,#6652,.T.);
#6652 = EDGE_CURVE('',#3859,#4821,#6653,.T.);
#6653 = LINE('',#6654,#6655);
#6654 = CARTESIAN_POINT('',(64.579232995605,91.59226973877,
    170.22524287109));
#6655 = VECTOR('',#6656,1.);
#6656 = DIRECTION('',(0.916136625214,0.310476166524,-0.253570964351));
#6657 = ORIENTED_EDGE('',*,*,#5758,.F.);
#6658 = ORIENTED_EDGE('',*,*,#5774,.F.);
#6659 = PLANE('',#6660);
#6660 = AXIS2_PLACEMENT_3D('',#6661,#6662,#6663);
#6661 = CARTESIAN_POINT('',(65.936214039039,92.029793137569,
    169.74814985742));
#6662 = DIRECTION('',(-0.363745153836,0.909699819362,-0.20033896704));
#6663 = DIRECTION('',(0.928524118749,0.371272084732,0.));
#6664 = ADVANCED_FACE('',(#6665),#6682,.T.);
#6665 = FACE_BOUND('',#6666,.T.);
#6666 = EDGE_LOOP('',(#6667,#6668,#6676));
#6667 = ORIENTED_EDGE('',*,*,#6630,.T.);
#6668 = ORIENTED_EDGE('',*,*,#6669,.F.);
#6669 = EDGE_CURVE('',#6670,#6608,#6672,.T.);
#6670 = VERTEX_POINT('',#6671);
#6671 = CARTESIAN_POINT('',(59.6340675354,82.502487182617,
    152.35508728027));
#6672 = LINE('',#6673,#6674);
#6673 = CARTESIAN_POINT('',(59.6340675354,82.502487182617,
    152.35508728027));
#6674 = VECTOR('',#6675,1.);
#6675 = DIRECTION('',(0.911461738823,0.201697116992,-0.358546749615));
#6676 = ORIENTED_EDGE('',*,*,#6677,.T.);
#6677 = EDGE_CURVE('',#6670,#6631,#6678,.T.);
#6678 = LINE('',#6679,#6680);
#6679 = CARTESIAN_POINT('',(59.6340675354,82.502487182617,
    152.35508728027));
#6680 = VECTOR('',#6681,1.);
#6681 = DIRECTION('',(-0.363746205596,0.909699299987,-0.200339415787));
#6682 = PLANE('',#6683);
#6683 = AXIS2_PLACEMENT_3D('',#6684,#6685,#6686);
#6684 = CARTESIAN_POINT('',(59.484396403127,83.250383865094,
    152.143084166));
#6685 = DIRECTION('',(-0.286595675225,-0.313935104855,-0.90515615718));
#6686 = DIRECTION('',(4.163336342344E-17,-0.944788498022,0.327680780647)
  );
#6687 = ADVANCED_FACE('',(#6688),#6705,.T.);
#6688 = FACE_BOUND('',#6689,.T.);
#6689 = EDGE_LOOP('',(#6690,#6691,#6699));
#6690 = ORIENTED_EDGE('',*,*,#6677,.F.);
#6691 = ORIENTED_EDGE('',*,*,#6692,.F.);
#6692 = EDGE_CURVE('',#6693,#6670,#6695,.T.);
#6693 = VERTEX_POINT('',#6694);
#6694 = CARTESIAN_POINT('',(58.482116699219,83.989212036133,
    152.05491638183));
#6695 = LINE('',#6696,#6697);
#6696 = CARTESIAN_POINT('',(58.482116699219,83.989212036133,
    152.05491638183));
#6697 = VECTOR('',#6698,1.);
#6698 = DIRECTION('',(0.604830357189,-0.780603039601,0.157604357771));
#6699 = ORIENTED_EDGE('',*,*,#6700,.F.);
#6700 = EDGE_CURVE('',#6631,#6693,#6701,.T.);
#6701 = LINE('',#6702,#6703);
#6702 = CARTESIAN_POINT('',(58.97932434082,84.139945983887,
    151.99447631835));
#6703 = VECTOR('',#6704,1.);
#6704 = DIRECTION('',(-0.950579292176,-0.288178534226,0.11555146774));
#6705 = PLANE('',#6706);
#6706 = AXIS2_PLACEMENT_3D('',#6707,#6708,#6709);
#6707 = CARTESIAN_POINT('',(59.123436505784,83.379234376413,
    152.16982709895));
#6708 = DIRECTION('',(-4.747042385322E-02,-0.232896023583,-0.97134237067
    ));
#6709 = DIRECTION('',(0.,-0.972438655258,0.23315887665));
#6710 = ADVANCED_FACE('',(#6711),#6726,.T.);
#6711 = FACE_BOUND('',#6712,.T.);
#6712 = EDGE_LOOP('',(#6713,#6714,#6720));
#6713 = ORIENTED_EDGE('',*,*,#6518,.T.);
#6714 = ORIENTED_EDGE('',*,*,#6715,.T.);
#6715 = EDGE_CURVE('',#2406,#6693,#6716,.T.);
#6716 = LINE('',#6717,#6718);
#6717 = CARTESIAN_POINT('',(35.33464050293,80.253227233887,
    165.76448059082));
#6718 = VECTOR('',#6719,1.);
#6719 = DIRECTION('',(0.852234723336,0.137550026937,-0.504753371885));
#6720 = ORIENTED_EDGE('',*,*,#6721,.T.);
#6721 = EDGE_CURVE('',#6693,#6234,#6722,.T.);
#6722 = LINE('',#6723,#6724);
#6723 = CARTESIAN_POINT('',(58.482116699219,83.989212036133,
    152.05491638183));
#6724 = VECTOR('',#6725,1.);
#6725 = DIRECTION('',(-0.92486737126,-0.355176870316,-0.135903408242));
#6726 = PLANE('',#6727);
#6727 = AXIS2_PLACEMENT_3D('',#6728,#6729,#6730);
#6728 = CARTESIAN_POINT('',(46.898365519757,82.092644671913,
    158.82611587488));
#6729 = DIRECTION('',(-0.309378456356,0.910540038233,-0.274229483312));
#6730 = DIRECTION('',(0.946837743344,0.321711497743,0.));
#6731 = ADVANCED_FACE('',(#6732),#6749,.T.);
#6732 = FACE_BOUND('',#6733,.T.);
#6733 = EDGE_LOOP('',(#6734,#6742,#6743));
#6734 = ORIENTED_EDGE('',*,*,#6735,.T.);
#6735 = EDGE_CURVE('',#6736,#3859,#6738,.T.);
#6736 = VERTEX_POINT('',#6737);
#6737 = CARTESIAN_POINT('',(64.805093591309,92.700889428711,
    174.84894587402));
#6738 = LINE('',#6739,#6740);
#6739 = CARTESIAN_POINT('',(64.805093591309,92.700889428711,
    174.84894587402));
#6740 = VECTOR('',#6741,1.);
#6741 = DIRECTION('',(-4.744857405937E-02,-0.232897745169,
    -0.971343025463));
#6742 = ORIENTED_EDGE('',*,*,#5790,.F.);
#6743 = ORIENTED_EDGE('',*,*,#6744,.F.);
#6744 = EDGE_CURVE('',#6736,#5791,#6745,.T.);
#6745 = LINE('',#6746,#6747);
#6746 = CARTESIAN_POINT('',(64.805093591309,92.700889428711,
    174.84894587402));
#6747 = VECTOR('',#6748,1.);
#6748 = DIRECTION('',(-0.506236170854,-0.373604779516,-0.777267269375));
#6749 = PLANE('',#6750);
#6750 = AXIS2_PLACEMENT_3D('',#6751,#6752,#6753);
#6751 = CARTESIAN_POINT('',(64.411867924962,92.047254448597,
    172.59500042329));
#6752 = DIRECTION('',(-0.363748741691,0.90969634206,-0.200348242221));
#6753 = DIRECTION('',(0.928522367041,0.371276465594,0.));
#6754 = ADVANCED_FACE('',(#6755),#6765,.T.);
#6755 = FACE_BOUND('',#6756,.T.);
#6756 = EDGE_LOOP('',(#6757,#6758,#6759));
#6757 = ORIENTED_EDGE('',*,*,#5799,.T.);
#6758 = ORIENTED_EDGE('',*,*,#5846,.F.);
#6759 = ORIENTED_EDGE('',*,*,#6760,.F.);
#6760 = EDGE_CURVE('',#5791,#5839,#6761,.T.);
#6761 = LINE('',#6762,#6763);
#6762 = CARTESIAN_POINT('',(63.642724816895,91.843055566406,
    173.06426264648));
#6763 = VECTOR('',#6764,1.);
#6764 = DIRECTION('',(-4.745265701567E-02,-0.23289892656,-0.971342542747
    ));
#6765 = PLANE('',#6766);
#6766 = AXIS2_PLACEMENT_3D('',#6767,#6768,#6769);
#6767 = CARTESIAN_POINT('',(63.676648064471,91.689083191759,
    172.30355100105));
#6768 = DIRECTION('',(-0.363740806821,0.909699342177,-0.200349026191));
#6769 = DIRECTION('',(0.928525581186,0.371268427265,0.));
#6770 = ADVANCED_FACE('',(#6771),#6788,.T.);
#6771 = FACE_BOUND('',#6772,.T.);
#6772 = EDGE_LOOP('',(#6773,#6781,#6787));
#6773 = ORIENTED_EDGE('',*,*,#6774,.T.);
#6774 = EDGE_CURVE('',#3875,#6775,#6777,.T.);
#6775 = VERTEX_POINT('',#6776);
#6776 = CARTESIAN_POINT('',(64.521928613281,90.451469262695,
    174.13376643066));
#6777 = LINE('',#6778,#6779);
#6778 = CARTESIAN_POINT('',(64.745080773926,89.893386682129,
    171.19458796386));
#6779 = VECTOR('',#6780,1.);
#6780 = DIRECTION('',(-7.438395803422E-02,0.186027287984,0.979724897567)
  );
#6781 = ORIENTED_EDGE('',*,*,#6782,.F.);
#6782 = EDGE_CURVE('',#5814,#6775,#6783,.T.);
#6783 = LINE('',#6784,#6785);
#6784 = CARTESIAN_POINT('',(64.26030904541,90.023200830078,
    172.66417719726));
#6785 = VECTOR('',#6786,1.);
#6786 = DIRECTION('',(0.168469770328,0.275783210976,0.946341141993));
#6787 = ORIENTED_EDGE('',*,*,#5813,.F.);
#6788 = PLANE('',#6789);
#6789 = AXIS2_PLACEMENT_3D('',#6790,#6791,#6792);
#6790 = CARTESIAN_POINT('',(64.538588673961,90.134474593507,
    172.66417732539));
#6791 = DIRECTION('',(0.363753274554,-0.909694690633,0.200347510805));
#6792 = DIRECTION('',(-0.928520539685,-0.371281035581,
    -1.387778780781E-17));
#6793 = ADVANCED_FACE('',(#6794),#6812,.T.);
#6794 = FACE_BOUND('',#6795,.T.);
#6795 = EDGE_LOOP('',(#6796,#6797,#6805,#6811));
#6796 = ORIENTED_EDGE('',*,*,#5838,.T.);
#6797 = ORIENTED_EDGE('',*,*,#6798,.T.);
#6798 = EDGE_CURVE('',#5814,#6799,#6801,.T.);
#6799 = VERTEX_POINT('',#6800);
#6800 = CARTESIAN_POINT('',(64.297471826172,90.205596765137,
    173.42488886718));
#6801 = LINE('',#6802,#6803);
#6802 = CARTESIAN_POINT('',(64.26030904541,90.023200830078,
    172.66417719726));
#6803 = VECTOR('',#6804,1.);
#6804 = DIRECTION('',(4.745265701567E-02,0.23289892656,0.971342542747));
#6805 = ORIENTED_EDGE('',*,*,#6806,.F.);
#6806 = EDGE_CURVE('',#5791,#6799,#6807,.T.);
#6807 = LINE('',#6808,#6809);
#6808 = CARTESIAN_POINT('',(63.642724816895,91.843055566406,
    173.06426264648));
#6809 = VECTOR('',#6810,1.);
#6810 = DIRECTION('',(0.363747426702,-0.909697053752,0.200347398191));
#6811 = ORIENTED_EDGE('',*,*,#6760,.T.);
#6812 = PLANE('',#6813);
#6813 = AXIS2_PLACEMENT_3D('',#6814,#6815,#6816);
#6814 = CARTESIAN_POINT('',(63.951516931152,90.933128198242,
    172.86421992187));
#6815 = DIRECTION('',(-0.930288143299,-0.343816334,0.127883927498));
#6816 = DIRECTION('',(0.346662732664,-0.937989845244,6.938893903907E-18)
  );
#6817 = ADVANCED_FACE('',(#6818),#6835,.T.);
#6818 = FACE_BOUND('',#6819,.T.);
#6819 = EDGE_LOOP('',(#6820,#6828,#6829));
#6820 = ORIENTED_EDGE('',*,*,#6821,.T.);
#6821 = EDGE_CURVE('',#6822,#3875,#6824,.T.);
#6822 = VERTEX_POINT('',#6823);
#6823 = CARTESIAN_POINT('',(65.972169702148,90.556655725098,
    171.97835566406));
#6824 = LINE('',#6825,#6826);
#6825 = CARTESIAN_POINT('',(65.972169702148,90.556655725098,
    171.97835566406));
#6826 = VECTOR('',#6827,1.);
#6827 = DIRECTION('',(-0.766935842506,-0.414545996283,-0.489858173807));
#6828 = ORIENTED_EDGE('',*,*,#5860,.F.);
#6829 = ORIENTED_EDGE('',*,*,#6830,.T.);
#6830 = EDGE_CURVE('',#5861,#6822,#6831,.T.);
#6831 = LINE('',#6832,#6833);
#6832 = CARTESIAN_POINT('',(66.200319116211,90.585319360352,
    171.69429804687));
#6833 = VECTOR('',#6834,1.);
#6834 = DIRECTION('',(-0.624276671095,-7.843122837427E-02,0.777256187072
    ));
#6835 = PLANE('',#6836);
#6836 = AXIS2_PLACEMENT_3D('',#6837,#6838,#6839);
#6837 = CARTESIAN_POINT('',(65.484119164678,90.26625748389,
    171.54586976268));
#6838 = DIRECTION('',(0.36374153244,-0.90969788743,0.200354314111));
#6839 = DIRECTION('',(-0.928525121191,-0.371269577689,
    -1.387778780781E-17));
#6840 = ADVANCED_FACE('',(#6841),#6858,.T.);
#6841 = FACE_BOUND('',#6842,.T.);
#6842 = EDGE_LOOP('',(#6843,#6844,#6852));
#6843 = ORIENTED_EDGE('',*,*,#5869,.F.);
#6844 = ORIENTED_EDGE('',*,*,#6845,.F.);
#6845 = EDGE_CURVE('',#6846,#5013,#6848,.T.);
#6846 = VERTEX_POINT('',#6847);
#6847 = CARTESIAN_POINT('',(65.545572106934,92.222785791016,
    171.33367182617));
#6848 = LINE('',#6849,#6850);
#6849 = CARTESIAN_POINT('',(65.545572106934,92.222785791016,
    171.33367182617));
#6850 = VECTOR('',#6851,1.);
#6851 = DIRECTION('',(0.512060244591,-0.855431704721,7.765889818671E-02)
  );
#6852 = ORIENTED_EDGE('',*,*,#6853,.F.);
#6853 = EDGE_CURVE('',#5861,#6846,#6854,.T.);
#6854 = LINE('',#6855,#6856);
#6855 = CARTESIAN_POINT('',(66.200319116211,90.585319360352,
    171.69429804687));
#6856 = VECTOR('',#6857,1.);
#6857 = DIRECTION('',(-0.363746024174,0.90969778469,-0.200346625696));
#6858 = PLANE('',#6859);
#6859 = AXIS2_PLACEMENT_3D('',#6860,#6861,#6862);
#6860 = CARTESIAN_POINT('',(65.981464425485,91.347516641566,
    171.4704775007));
#6861 = DIRECTION('',(0.506257477219,0.373606567473,0.777252532644));
#6862 = DIRECTION('',(0.837929284527,5.551115123126E-17,-0.545778814293)
  );
#6863 = ADVANCED_FACE('',(#6864),#6874,.T.);
#6864 = FACE_BOUND('',#6865,.T.);
#6865 = EDGE_LOOP('',(#6866,#6867,#6868));
#6866 = ORIENTED_EDGE('',*,*,#6845,.T.);
#6867 = ORIENTED_EDGE('',*,*,#5884,.T.);
#6868 = ORIENTED_EDGE('',*,*,#6869,.F.);
#6869 = EDGE_CURVE('',#6846,#5073,#6870,.T.);
#6870 = LINE('',#6871,#6872);
#6871 = CARTESIAN_POINT('',(65.545572106934,92.222785791016,
    171.33367182617));
#6872 = VECTOR('',#6873,1.);
#6873 = DIRECTION('',(0.781933718218,0.181303744099,-0.5964131225));
#6874 = PLANE('',#6875);
#6875 = AXIS2_PLACEMENT_3D('',#6876,#6877,#6878);
#6876 = CARTESIAN_POINT('',(66.050201768302,91.526848186645,
    171.33950973416));
#6877 = DIRECTION('',(0.50623449963,0.373594690043,0.777273207409));
#6878 = DIRECTION('',(0.837947251767,2.775557561563E-17,-0.54575122836)
  );
#6879 = ADVANCED_FACE('',(#6880),#6890,.T.);
#6880 = FACE_BOUND('',#6881,.T.);
#6881 = EDGE_LOOP('',(#6882,#6883,#6889));
#6882 = ORIENTED_EDGE('',*,*,#5900,.T.);
#6883 = ORIENTED_EDGE('',*,*,#6884,.F.);
#6884 = EDGE_CURVE('',#6846,#3859,#6885,.T.);
#6885 = LINE('',#6886,#6887);
#6886 = CARTESIAN_POINT('',(65.545572106934,92.222785791016,
    171.33367182617));
#6887 = VECTOR('',#6888,1.);
#6888 = DIRECTION('',(-0.603964714487,-0.39407433996,-0.692771274116));
#6889 = ORIENTED_EDGE('',*,*,#6869,.T.);
#6890 = PLANE('',#6891);
#6891 = AXIS2_PLACEMENT_3D('',#6892,#6893,#6894);
#6892 = CARTESIAN_POINT('',(65.191043716989,91.957690136143,
    170.7736672614));
#6893 = DIRECTION('',(-0.363745189473,0.909696694872,-0.200353089505));
#6894 = DIRECTION('',(0.928523666606,0.371273215506,1.387778780781E-17)
  );
#6895 = ADVANCED_FACE('',(#6896),#6901,.T.);
#6896 = FACE_BOUND('',#6897,.T.);
#6897 = EDGE_LOOP('',(#6898,#6899,#6900));
#6898 = ORIENTED_EDGE('',*,*,#5933,.T.);
#6899 = ORIENTED_EDGE('',*,*,#6187,.F.);
#6900 = ORIENTED_EDGE('',*,*,#6652,.F.);
#6901 = PLANE('',#6902);
#6902 = AXIS2_PLACEMENT_3D('',#6903,#6904,#6905);
#6903 = CARTESIAN_POINT('',(66.984856079293,92.615493824591,
    170.50368483342));
#6904 = DIRECTION('',(-0.363746970114,0.909696846212,-0.200349169515));
#6905 = DIRECTION('',(0.928523061343,0.371274729215,-1.387778780781E-17)
  );
#6906 = ADVANCED_FACE('',(#6907),#6912,.T.);
#6907 = FACE_BOUND('',#6908,.T.);
#6908 = EDGE_LOOP('',(#6909,#6910,#6911));
#6909 = ORIENTED_EDGE('',*,*,#5954,.T.);
#6910 = ORIENTED_EDGE('',*,*,#5981,.T.);
#6911 = ORIENTED_EDGE('',*,*,#5995,.F.);
#6912 = PLANE('',#6913);
#6913 = AXIS2_PLACEMENT_3D('',#6914,#6915,#6916);
#6914 = CARTESIAN_POINT('',(68.228788772129,93.332758624643,
    171.50202599985));
#6915 = DIRECTION('',(-0.363746461984,0.909696004171,-0.200353915334));
#6916 = DIRECTION('',(0.928523121667,0.371274578351,0.));
#6917 = ADVANCED_FACE('',(#6918),#6928,.T.);
#6918 = FACE_BOUND('',#6919,.T.);
#6919 = EDGE_LOOP('',(#6920,#6921,#6922));
#6920 = ORIENTED_EDGE('',*,*,#6002,.T.);
#6921 = ORIENTED_EDGE('',*,*,#6018,.T.);
#6922 = ORIENTED_EDGE('',*,*,#6923,.F.);
#6923 = EDGE_CURVE('',#4323,#5221,#6924,.T.);
#6924 = LINE('',#6925,#6926);
#6925 = CARTESIAN_POINT('',(69.139543359375,93.705917199707,
    171.54283930664));
#6926 = VECTOR('',#6927,1.);
#6927 = DIRECTION('',(-0.858572807575,-0.244002814809,0.450905045944));
#6928 = PLANE('',#6929);
#6929 = AXIS2_PLACEMENT_3D('',#6930,#6931,#6932);
#6930 = CARTESIAN_POINT('',(68.338171929871,93.456596590572,
    171.86573964227));
#6931 = DIRECTION('',(-0.36374697946,0.909698936437,-0.200339661521));
#6932 = DIRECTION('',(0.928523352144,0.37127400195,1.387778780781E-17));
#6933 = ADVANCED_FACE('',(#6934),#6944,.T.);
#6934 = FACE_BOUND('',#6935,.T.);
#6935 = EDGE_LOOP('',(#6936,#6937,#6938));
#6936 = ORIENTED_EDGE('',*,*,#6923,.T.);
#6937 = ORIENTED_EDGE('',*,*,#6041,.T.);
#6938 = ORIENTED_EDGE('',*,*,#6939,.F.);
#6939 = EDGE_CURVE('',#4323,#6034,#6940,.T.);
#6940 = LINE('',#6941,#6942);
#6941 = CARTESIAN_POINT('',(69.139543359375,93.705917199707,
    171.54283930664));
#6942 = VECTOR('',#6943,1.);
#6943 = DIRECTION('',(-0.79163412194,-0.188543359805,0.581177097324));
#6944 = PLANE('',#6945);
#6945 = AXIS2_PLACEMENT_3D('',#6946,#6947,#6948);
#6946 = CARTESIAN_POINT('',(68.328175432461,93.495449674054,
    172.06030218289));
#6947 = DIRECTION('',(-0.363756244667,0.909690319168,-0.200361966645));
#6948 = DIRECTION('',(0.928518879483,0.371285187483,-1.387778780781E-17)
  );
#6949 = ADVANCED_FACE('',(#6950),#6975,.T.);
#6950 = FACE_BOUND('',#6951,.T.);
#6951 = EDGE_LOOP('',(#6952,#6962,#6968,#6969));
#6952 = ORIENTED_EDGE('',*,*,#6953,.F.);
#6953 = EDGE_CURVE('',#6954,#6956,#6958,.T.);
#6954 = VERTEX_POINT('',#6955);
#6955 = CARTESIAN_POINT('',(66.896547143555,93.601829370117,
    175.14257075195));
#6956 = VERTEX_POINT('',#6957);
#6957 = CARTESIAN_POINT('',(67.590661828613,93.814712365723,
    174.84894587402));
#6958 = LINE('',#6959,#6960);
#6959 = CARTESIAN_POINT('',(66.896547143555,93.601829370117,
    175.14257075195));
#6960 = VECTOR('',#6961,1.);
#6961 = DIRECTION('',(0.886306943704,0.271827813563,-0.374926181156));
#6962 = ORIENTED_EDGE('',*,*,#6963,.T.);
#6963 = EDGE_CURVE('',#6954,#6057,#6964,.T.);
#6964 = LINE('',#6965,#6966);
#6965 = CARTESIAN_POINT('',(66.896547143555,93.601829370117,
    175.14257075195));
#6966 = VECTOR('',#6967,1.);
#6967 = DIRECTION('',(0.363747426702,-0.909697053752,0.200347398191));
#6968 = ORIENTED_EDGE('',*,*,#6056,.T.);
#6969 = ORIENTED_EDGE('',*,*,#6970,.F.);
#6970 = EDGE_CURVE('',#6956,#4250,#6971,.T.);
#6971 = LINE('',#6972,#6973);
#6972 = CARTESIAN_POINT('',(67.590661828613,93.814712365723,
    174.84894587402));
#6973 = VECTOR('',#6974,1.);
#6974 = DIRECTION('',(0.363747426702,-0.909697053752,0.200347398191));
#6975 = PLANE('',#6976);
#6976 = AXIS2_PLACEMENT_3D('',#6977,#6978,#6979);
#6977 = CARTESIAN_POINT('',(67.570977990723,92.889541467285,
    175.17607142334));
#6978 = DIRECTION('',(0.286609247172,0.313947723772,0.905147483107));
#6979 = DIRECTION('',(2.775557561563E-17,0.944783447999,-0.327695340806)
  );
#6980 = ADVANCED_FACE('',(#6981),#6998,.T.);
#6981 = FACE_BOUND('',#6982,.T.);
#6982 = EDGE_LOOP('',(#6983,#6991,#6992));
#6983 = ORIENTED_EDGE('',*,*,#6984,.T.);
#6984 = EDGE_CURVE('',#6985,#5244,#6987,.T.);
#6985 = VERTEX_POINT('',#6986);
#6986 = CARTESIAN_POINT('',(66.82272512207,91.695106347656,
    175.60335566406));
#6987 = LINE('',#6988,#6989);
#6988 = CARTESIAN_POINT('',(66.82272512207,91.695106347656,
    175.60335566406));
#6989 = VECTOR('',#6990,1.);
#6990 = DIRECTION('',(0.498788968337,8.571326068866E-03,-0.866681081734)
  );
#6991 = ORIENTED_EDGE('',*,*,#6064,.T.);
#6992 = ORIENTED_EDGE('',*,*,#6993,.F.);
#6993 = EDGE_CURVE('',#6985,#6057,#6994,.T.);
#6994 = LINE('',#6995,#6996);
#6995 = CARTESIAN_POINT('',(66.82272512207,91.695106347656,
    175.60335566406));
#6996 = VECTOR('',#6997,1.);
#6997 = DIRECTION('',(0.930287734265,0.343815330702,-0.127889600245));
#6998 = PLANE('',#6999);
#6999 = AXIS2_PLACEMENT_3D('',#7000,#7001,#7002);
#7000 = CARTESIAN_POINT('',(67.576718354989,91.777085776339,
    174.60664541388));
#7001 = DIRECTION('',(0.363747704089,-0.909697265463,0.200345933275));
#7002 = DIRECTION('',(-0.928522862066,-0.371275227588,
    -1.387778780781E-17));
#7003 = ADVANCED_FACE('',(#7004),#7021,.T.);
#7004 = FACE_BOUND('',#7005,.T.);
#7005 = EDGE_LOOP('',(#7006,#7007,#7015));
#7006 = ORIENTED_EDGE('',*,*,#6079,.T.);
#7007 = ORIENTED_EDGE('',*,*,#7008,.T.);
#7008 = EDGE_CURVE('',#5244,#7009,#7011,.T.);
#7009 = VERTEX_POINT('',#7010);
#7010 = CARTESIAN_POINT('',(67.464837854004,93.354850610352,
    172.98935725097));
#7011 = LINE('',#7012,#7013);
#7012 = CARTESIAN_POINT('',(68.119577233887,91.717391809082,
    173.34998347168));
#7013 = VECTOR('',#7014,1.);
#7014 = DIRECTION('',(-0.363743748963,0.909698456281,-0.200347707077));
#7015 = ORIENTED_EDGE('',*,*,#7016,.F.);
#7016 = EDGE_CURVE('',#6034,#7009,#7017,.T.);
#7017 = LINE('',#7018,#7019);
#7018 = CARTESIAN_POINT('',(67.619813745117,93.343963464355,
    172.6585467041));
#7019 = VECTOR('',#7020,1.);
#7020 = DIRECTION('',(-0.424040127745,2.978906425897E-02,0.90515334707)
  );
#7021 = PLANE('',#7022);
#7022 = AXIS2_PLACEMENT_3D('',#7023,#7024,#7025);
#7023 = CARTESIAN_POINT('',(67.804950296033,92.607890820534,
    173.06219059115));
#7024 = DIRECTION('',(-0.829384773255,-0.414199339156,-0.374913063703));
#7025 = DIRECTION('',(0.446788072992,-0.894639825758,0.));
#7026 = ADVANCED_FACE('',(#7027),#7045,.T.);
#7027 = FACE_BOUND('',#7028,.T.);
#7028 = EDGE_LOOP('',(#7029,#7037,#7038,#7039));
#7029 = ORIENTED_EDGE('',*,*,#7030,.T.);
#7030 = EDGE_CURVE('',#7031,#5267,#7033,.T.);
#7031 = VERTEX_POINT('',#7032);
#7032 = CARTESIAN_POINT('',(68.691934411621,94.018127282715,
    173.77314020996));
#7033 = LINE('',#7034,#7035);
#7034 = CARTESIAN_POINT('',(68.691934411621,94.018127282715,
    173.77314020996));
#7035 = VECTOR('',#7036,1.);
#7036 = DIRECTION('',(0.363747426702,-0.909697053752,0.200347398191));
#7037 = ORIENTED_EDGE('',*,*,#6103,.T.);
#7038 = ORIENTED_EDGE('',*,*,#6140,.F.);
#7039 = ORIENTED_EDGE('',*,*,#7040,.T.);
#7040 = EDGE_CURVE('',#6141,#7031,#7041,.T.);
#7041 = LINE('',#7042,#7043);
#7042 = CARTESIAN_POINT('',(69.024034326172,93.994804223633,
    173.06426264648));
#7043 = VECTOR('',#7044,1.);
#7044 = DIRECTION('',(-0.424050433061,2.978065597347E-02,0.905148795917)
  );
#7045 = PLANE('',#7046);
#7046 = AXIS2_PLACEMENT_3D('',#7047,#7048,#7049);
#7047 = CARTESIAN_POINT('',(69.185357873535,93.187736352539,
    173.59901453857));
#7048 = DIRECTION('',(0.829377669807,0.41420294627,0.374924792628));
#7049 = DIRECTION('',(-0.446794249974,0.894636740912,2.775557561563E-17)
  );
#7050 = ADVANCED_FACE('',(#7051),#7069,.T.);
#7051 = FACE_BOUND('',#7052,.T.);
#7052 = EDGE_LOOP('',(#7053,#7061,#7062,#7063));
#7053 = ORIENTED_EDGE('',*,*,#7054,.T.);
#7054 = EDGE_CURVE('',#7055,#6119,#7057,.T.);
#7055 = VERTEX_POINT('',#7056);
#7056 = CARTESIAN_POINT('',(68.203035180664,93.956703027344,
    174.38185908203));
#7057 = LINE('',#7058,#7059);
#7058 = CARTESIAN_POINT('',(68.203035180664,93.956703027344,
    174.38185908203));
#7059 = VECTOR('',#7060,1.);
#7060 = DIRECTION('',(0.363747426702,-0.909697053752,0.200347398191));
#7061 = ORIENTED_EDGE('',*,*,#6118,.T.);
#7062 = ORIENTED_EDGE('',*,*,#7030,.F.);
#7063 = ORIENTED_EDGE('',*,*,#7064,.T.);
#7064 = EDGE_CURVE('',#7031,#7055,#7065,.T.);
#7065 = LINE('',#7066,#7067);
#7066 = CARTESIAN_POINT('',(68.691934411621,94.018127282715,
    173.77314020996));
#7067 = VECTOR('',#7068,1.);
#7068 = DIRECTION('',(-0.624267623824,-7.843165118225E-02,0.777263410909
    ));
#7069 = PLANE('',#7070);
#7070 = AXIS2_PLACEMENT_3D('',#7071,#7072,#7073);
#7071 = CARTESIAN_POINT('',(68.774858300781,93.168685754395,
    174.25781275634));
#7072 = DIRECTION('',(0.691360657649,0.407797959799,0.59642372944));
#7073 = DIRECTION('',(-0.65320544863,8.326672684689E-17,0.757180719433)
  );
#7074 = ADVANCED_FACE('',(#7075),#7086,.T.);
#7075 = FACE_BOUND('',#7076,.T.);
#7076 = EDGE_LOOP('',(#7077,#7078,#7079,#7080));
#7077 = ORIENTED_EDGE('',*,*,#6970,.T.);
#7078 = ORIENTED_EDGE('',*,*,#6126,.T.);
#7079 = ORIENTED_EDGE('',*,*,#7054,.F.);
#7080 = ORIENTED_EDGE('',*,*,#7081,.T.);
#7081 = EDGE_CURVE('',#7055,#6956,#7082,.T.);
#7082 = LINE('',#7083,#7084);
#7083 = CARTESIAN_POINT('',(68.203035180664,93.956703027344,
    174.38185908203));
#7084 = VECTOR('',#7085,1.);
#7085 = DIRECTION('',(-0.781930727516,-0.181305834047,0.596416408147));
#7086 = PLANE('',#7087);
#7087 = AXIS2_PLACEMENT_3D('',#7088,#7089,#7090);
#7088 = CARTESIAN_POINT('',(68.224222009277,93.066978295898,
    174.79571558837));
#7089 = DIRECTION('',(0.506234097174,0.37360272053,0.777269609641));
#7090 = DIRECTION('',(0.837946294954,-2.775557561563E-17,-0.545752697448
    ));
#7091 = ADVANCED_FACE('',(#7092),#7102,.T.);
#7092 = FACE_BOUND('',#7093,.T.);
#7093 = EDGE_LOOP('',(#7094,#7100,#7101));
#7094 = ORIENTED_EDGE('',*,*,#7095,.T.);
#7095 = EDGE_CURVE('',#6165,#6141,#7096,.T.);
#7096 = LINE('',#7097,#7098);
#7097 = CARTESIAN_POINT('',(67.236680810547,93.326186975098,
    173.27343012695));
#7098 = VECTOR('',#7099,1.);
#7099 = DIRECTION('',(0.931035454167,0.348283849956,-0.108955692577));
#7100 = ORIENTED_EDGE('',*,*,#6150,.F.);
#7101 = ORIENTED_EDGE('',*,*,#6172,.F.);
#7102 = PLANE('',#7103);
#7103 = AXIS2_PLACEMENT_3D('',#7104,#7105,#7106);
#7104 = CARTESIAN_POINT('',(68.31862623544,93.68088860846,
    172.91962840461));
#7105 = DIRECTION('',(-0.36374753325,0.909696444624,-0.200349970533));
#7106 = DIRECTION('',(0.928522806689,0.371275366081,2.775557561563E-17)
  );
#7107 = ADVANCED_FACE('',(#7108),#7123,.T.);
#7108 = FACE_BOUND('',#7109,.T.);
#7109 = EDGE_LOOP('',(#7110,#7116,#7122));
#7110 = ORIENTED_EDGE('',*,*,#7111,.T.);
#7111 = EDGE_CURVE('',#4323,#7009,#7112,.T.);
#7112 = LINE('',#7113,#7114);
#7113 = CARTESIAN_POINT('',(69.139543359375,93.705917199707,
    171.54283930664));
#7114 = VECTOR('',#7115,1.);
#7115 = DIRECTION('',(-0.747435280718,-0.156683998425,0.64559323554));
#7116 = ORIENTED_EDGE('',*,*,#7117,.T.);
#7117 = EDGE_CURVE('',#7009,#6165,#7118,.T.);
#7118 = LINE('',#7119,#7120);
#7119 = CARTESIAN_POINT('',(67.464837854004,93.354850610352,
    172.98935725097));
#7120 = VECTOR('',#7121,1.);
#7121 = DIRECTION('',(-0.624269152543,-7.842766113044E-02,0.777262585715
    ));
#7122 = ORIENTED_EDGE('',*,*,#6164,.F.);
#7123 = PLANE('',#7124);
#7124 = AXIS2_PLACEMENT_3D('',#7125,#7126,#7127);
#7125 = CARTESIAN_POINT('',(68.17842536389,93.509897413852,
    172.39777923767));
#7126 = DIRECTION('',(-0.363771991385,0.909680143863,-0.20037957517));
#7127 = DIRECTION('',(0.928511906601,0.371302624958,0.));
#7128 = ADVANCED_FACE('',(#7129),#7144,.T.);
#7129 = FACE_BOUND('',#7130,.T.);
#7130 = EDGE_LOOP('',(#7131,#7132,#7138));
#7131 = ORIENTED_EDGE('',*,*,#6203,.F.);
#7132 = ORIENTED_EDGE('',*,*,#7133,.T.);
#7133 = EDGE_CURVE('',#6204,#6670,#7134,.T.);
#7134 = LINE('',#7135,#7136);
#7135 = CARTESIAN_POINT('',(59.136859893799,82.351745605469,
    152.41552734375));
#7136 = VECTOR('',#7137,1.);
#7137 = DIRECTION('',(0.950575296421,0.288191908956,-0.11555098202));
#7138 = ORIENTED_EDGE('',*,*,#7139,.F.);
#7139 = EDGE_CURVE('',#1597,#6670,#7140,.T.);
#7140 = LINE('',#7141,#7142);
#7141 = CARTESIAN_POINT('',(99.895278930664,103.5626373291,
    176.8618774414));
#7142 = VECTOR('',#7143,1.);
#7143 = DIRECTION('',(-0.779887374411,-0.407949602937,-0.474713392162));
#7144 = PLANE('',#7145);
#7145 = AXIS2_PLACEMENT_3D('',#7146,#7147,#7148);
#7146 = CARTESIAN_POINT('',(79.538187065628,92.941673326717,
    164.56221623769));
#7147 = DIRECTION('',(0.309387549593,-0.910544339457,0.274204941676));
#7148 = DIRECTION('',(-0.946835325954,-0.32171861234,0.));
#7149 = ADVANCED_FACE('',(#7150),#7160,.T.);
#7150 = FACE_BOUND('',#7151,.T.);
#7151 = EDGE_LOOP('',(#7152,#7158,#7159));
#7152 = ORIENTED_EDGE('',*,*,#7153,.T.);
#7153 = EDGE_CURVE('',#6234,#6204,#7154,.T.);
#7154 = LINE('',#7155,#7156);
#7155 = CARTESIAN_POINT('',(57.998840332031,83.803619384766,
    151.98390197753));
#7156 = VECTOR('',#7157,1.);
#7157 = DIRECTION('',(0.6006801045,-0.766341566322,0.227824528498));
#7158 = ORIENTED_EDGE('',*,*,#6212,.F.);
#7159 = ORIENTED_EDGE('',*,*,#6241,.T.);
#7160 = PLANE('',#7161);
#7161 = AXIS2_PLACEMENT_3D('',#7162,#7163,#7164);
#7162 = CARTESIAN_POINT('',(58.505274605233,82.936627766763,
    152.20690034097));
#7163 = DIRECTION('',(0.194945612682,-0.135965591911,-0.971344205682));
#7164 = DIRECTION('',(-0.98044908738,-3.469446951954E-18,-0.19677293273)
  );
#7165 = ADVANCED_FACE('',(#7166),#7183,.T.);
#7166 = FACE_BOUND('',#7167,.T.);
#7167 = EDGE_LOOP('',(#7168,#7169,#7177));
#7168 = ORIENTED_EDGE('',*,*,#6272,.T.);
#7169 = ORIENTED_EDGE('',*,*,#7170,.F.);
#7170 = EDGE_CURVE('',#7171,#1597,#7173,.T.);
#7171 = VERTEX_POINT('',#7172);
#7172 = CARTESIAN_POINT('',(61.235500335693,82.490081787109,
    150.50720214843));
#7173 = LINE('',#7174,#7175);
#7174 = CARTESIAN_POINT('',(61.235500335693,82.490081787109,
    150.50720214843));
#7175 = VECTOR('',#7176,1.);
#7176 = DIRECTION('',(0.753385817388,0.410653269585,0.513589040321));
#7177 = ORIENTED_EDGE('',*,*,#7178,.T.);
#7178 = EDGE_CURVE('',#7171,#6273,#7179,.T.);
#7179 = LINE('',#7180,#7181);
#7180 = CARTESIAN_POINT('',(61.235500335693,82.490081787109,
    150.50720214843));
#7181 = VECTOR('',#7182,1.);
#7182 = DIRECTION('',(-2.220221708569E-02,-0.295203477338,
    -0.955176407018));
#7183 = PLANE('',#7184);
#7184 = AXIS2_PLACEMENT_3D('',#7185,#7186,#7187);
#7185 = CARTESIAN_POINT('',(80.46470269903,92.934131368239,
    163.49189283227));
#7186 = DIRECTION('',(0.309379518264,-0.910543128662,0.274218023704));
#7187 = DIRECTION('',(-0.946837739587,-0.321711508798,0.));
#7188 = ADVANCED_FACE('',(#7189),#7200,.T.);
#7189 = FACE_BOUND('',#7190,.T.);
#7190 = EDGE_LOOP('',(#7191,#7192,#7193,#7194));
#7191 = ORIENTED_EDGE('',*,*,#6327,.F.);
#7192 = ORIENTED_EDGE('',*,*,#6372,.T.);
#7193 = ORIENTED_EDGE('',*,*,#6358,.F.);
#7194 = ORIENTED_EDGE('',*,*,#7195,.F.);
#7195 = EDGE_CURVE('',#6328,#6351,#7196,.T.);
#7196 = LINE('',#7197,#7198);
#7197 = CARTESIAN_POINT('',(58.571350097656,81.072601318359,
    148.80619812011));
#7198 = VECTOR('',#7199,1.);
#7199 = DIRECTION('',(-0.363745587835,0.909697755018,-0.200347552634));
#7200 = PLANE('',#7201);
#7201 = AXIS2_PLACEMENT_3D('',#7202,#7203,#7204);
#7202 = CARTESIAN_POINT('',(58.482610702515,81.944137573242,
    148.53200531005));
#7203 = DIRECTION('',(0.286616850061,0.313949435179,0.905144482065));
#7204 = DIRECTION('',(0.,0.944782558562,-0.327697905146));
#7205 = ADVANCED_FACE('',(#7206),#7223,.T.);
#7206 = FACE_BOUND('',#7207,.T.);
#7207 = EDGE_LOOP('',(#7208,#7209,#7217));
#7208 = ORIENTED_EDGE('',*,*,#6335,.T.);
#7209 = ORIENTED_EDGE('',*,*,#7210,.T.);
#7210 = EDGE_CURVE('',#6328,#7211,#7213,.T.);
#7211 = VERTEX_POINT('',#7212);
#7212 = CARTESIAN_POINT('',(58.146564483643,81.019302368164,
    149.10847473144));
#7213 = LINE('',#7214,#7215);
#7214 = CARTESIAN_POINT('',(58.571350097656,81.072601318359,
    148.80619812011));
#7215 = VECTOR('',#7216,1.);
#7216 = DIRECTION('',(-0.810543349094,-0.10170097143,0.576781060412));
#7217 = ORIENTED_EDGE('',*,*,#7218,.F.);
#7218 = EDGE_CURVE('',#1643,#7211,#7219,.T.);
#7219 = LINE('',#7220,#7221);
#7220 = CARTESIAN_POINT('',(26.568264007568,61.841583251953,
    121.0562133789));
#7221 = VECTOR('',#7222,1.);
#7222 = DIRECTION('',(0.680733891431,0.413414375249,0.60472301378));
#7223 = PLANE('',#7224);
#7224 = AXIS2_PLACEMENT_3D('',#7225,#7226,#7227);
#7225 = CARTESIAN_POINT('',(42.552918851547,71.497646176476,
    135.08491934421));
#7226 = DIRECTION('',(0.30938073796,-0.910542902588,0.274217398292));
#7227 = DIRECTION('',(-0.946837328916,-0.321712717452,
    -2.775557561563E-17));
#7228 = ADVANCED_FACE('',(#7229),#7246,.T.);
#7229 = FACE_BOUND('',#7230,.T.);
#7230 = EDGE_LOOP('',(#7231,#7232,#7240));
#7231 = ORIENTED_EDGE('',*,*,#6350,.T.);
#7232 = ORIENTED_EDGE('',*,*,#7233,.F.);
#7233 = EDGE_CURVE('',#7234,#1178,#7236,.T.);
#7234 = VERTEX_POINT('',#7235);
#7235 = CARTESIAN_POINT('',(57.491821289062,82.656768798828,
    148.74784851074));
#7236 = LINE('',#7237,#7238);
#7237 = CARTESIAN_POINT('',(57.491821289062,82.656768798828,
    148.74784851074));
#7238 = VECTOR('',#7239,1.);
#7239 = DIRECTION('',(-0.680733890786,-0.413414564295,-0.604722885266));
#7240 = ORIENTED_EDGE('',*,*,#7241,.T.);
#7241 = EDGE_CURVE('',#7234,#6351,#7242,.T.);
#7242 = LINE('',#7243,#7244);
#7243 = CARTESIAN_POINT('',(57.491821289062,82.656768798828,
    148.74784851074));
#7244 = VECTOR('',#7245,1.);
#7245 = DIRECTION('',(0.810544549056,0.101686564145,-0.576781914303));
#7246 = PLANE('',#7247);
#7247 = AXIS2_PLACEMENT_3D('',#7248,#7249,#7250);
#7248 = CARTESIAN_POINT('',(41.89817647875,73.135106818355,
    134.72429681134));
#7249 = DIRECTION('',(-0.309371766131,0.91054282246,-0.274227786316));
#7250 = DIRECTION('',(0.946840162104,0.321704378936,-4.163336342344E-17)
  );
#7251 = ADVANCED_FACE('',(#7252),#7262,.T.);
#7252 = FACE_BOUND('',#7253,.T.);
#7253 = EDGE_LOOP('',(#7254,#7255,#7261));
#7254 = ORIENTED_EDGE('',*,*,#7178,.F.);
#7255 = ORIENTED_EDGE('',*,*,#7256,.F.);
#7256 = EDGE_CURVE('',#5534,#7171,#7257,.T.);
#7257 = LINE('',#7258,#7259);
#7258 = CARTESIAN_POINT('',(60.569137573242,83.973045349121,
    149.64669799804));
#7259 = VECTOR('',#7260,1.);
#7260 = DIRECTION('',(0.362255999503,-0.806186176141,0.467797435033));
#7261 = ORIENTED_EDGE('',*,*,#6388,.F.);
#7262 = PLANE('',#7263);
#7263 = AXIS2_PLACEMENT_3D('',#7264,#7265,#7266);
#7264 = CARTESIAN_POINT('',(60.940964008315,83.095231106481,
    149.99154170081));
#7265 = DIRECTION('',(-0.930288539127,-0.34381588504,0.127882255077));
#7266 = DIRECTION('',(0.346662204612,-0.937990040402,-1.387778780781E-17
    ));
#7267 = ADVANCED_FACE('',(#7268),#7278,.T.);
#7268 = FACE_BOUND('',#7269,.T.);
#7269 = EDGE_LOOP('',(#7270,#7271,#7277));
#7270 = ORIENTED_EDGE('',*,*,#7256,.T.);
#7271 = ORIENTED_EDGE('',*,*,#7272,.T.);
#7272 = EDGE_CURVE('',#7171,#6407,#7273,.T.);
#7273 = LINE('',#7274,#7275);
#7274 = CARTESIAN_POINT('',(61.235500335693,82.490081787109,
    150.50720214843));
#7275 = VECTOR('',#7276,1.);
#7276 = DIRECTION('',(-0.363744803065,0.909700030909,-0.200338643319));
#7277 = ORIENTED_EDGE('',*,*,#6406,.F.);
#7278 = PLANE('',#7279);
#7279 = AXIS2_PLACEMENT_3D('',#7280,#7281,#7282);
#7280 = CARTESIAN_POINT('',(60.863673818524,83.367898429502,
    150.16235857623));
#7281 = DIRECTION('',(-0.930288835566,-0.343813412803,0.127886745204));
#7282 = DIRECTION('',(0.346659914276,-0.937990886861,1.387778780781E-17)
  );
#7283 = ADVANCED_FACE('',(#7284),#7294,.T.);
#7284 = FACE_BOUND('',#7285,.T.);
#7285 = EDGE_LOOP('',(#7286,#7287,#7293));
#7286 = ORIENTED_EDGE('',*,*,#6414,.T.);
#7287 = ORIENTED_EDGE('',*,*,#7288,.T.);
#7288 = EDGE_CURVE('',#6407,#6545,#7289,.T.);
#7289 = LINE('',#7290,#7291);
#7290 = CARTESIAN_POINT('',(60.580757141113,84.127548217773,
    150.14659118652));
#7291 = VECTOR('',#7292,1.);
#7292 = DIRECTION('',(-0.224221527411,0.210393817199,0.951556171926));
#7293 = ORIENTED_EDGE('',*,*,#6544,.F.);
#7294 = PLANE('',#7295);
#7295 = AXIS2_PLACEMENT_3D('',#7296,#7297,#7298);
#7296 = CARTESIAN_POINT('',(79.782821164326,94.637841603312,
    163.38186624984));
#7297 = DIRECTION('',(-0.309374144822,0.910542723228,-0.27422543225));
#7298 = DIRECTION('',(0.946839397984,0.321706627886,-2.775557561563E-17)
  );
#7299 = ADVANCED_FACE('',(#7300),#7310,.T.);
#7300 = FACE_BOUND('',#7301,.T.);
#7301 = EDGE_LOOP('',(#7302,#7308,#7309));
#7302 = ORIENTED_EDGE('',*,*,#7303,.T.);
#7303 = EDGE_CURVE('',#1643,#6479,#7304,.T.);
#7304 = LINE('',#7305,#7306);
#7305 = CARTESIAN_POINT('',(26.568264007568,61.841583251953,
    121.0562133789));
#7306 = VECTOR('',#7307,1.);
#7307 = DIRECTION('',(0.659413591693,0.41319495689,0.628047484424));
#7308 = ORIENTED_EDGE('',*,*,#6501,.T.);
#7309 = ORIENTED_EDGE('',*,*,#6428,.F.);
#7310 = PLANE('',#7311);
#7311 = AXIS2_PLACEMENT_3D('',#7312,#7313,#7314);
#7312 = CARTESIAN_POINT('',(42.096102018905,71.608636979094,
    135.96882662424));
#7313 = DIRECTION('',(0.309367238526,-0.91054303815,0.274232177913));
#7314 = DIRECTION('',(-0.946841619406,-0.321700089775,0.));
#7315 = ADVANCED_FACE('',(#7316),#7333,.T.);
#7316 = FACE_BOUND('',#7317,.T.);
#7317 = EDGE_LOOP('',(#7318,#7326,#7327));
#7318 = ORIENTED_EDGE('',*,*,#7319,.T.);
#7319 = EDGE_CURVE('',#7320,#1178,#7322,.T.);
#7320 = VERTEX_POINT('',#7321);
#7321 = CARTESIAN_POINT('',(57.148448944092,82.659423828125,
    149.14407348632));
#7322 = LINE('',#7323,#7324);
#7323 = CARTESIAN_POINT('',(57.148448944092,82.659423828125,
    149.14407348632));
#7324 = VECTOR('',#7325,1.);
#7325 = DIRECTION('',(-0.673187838331,-0.413383391813,-0.613133187567));
#7326 = ORIENTED_EDGE('',*,*,#6455,.F.);
#7327 = ORIENTED_EDGE('',*,*,#7328,.T.);
#7328 = EDGE_CURVE('',#6456,#7320,#7329,.T.);
#7329 = LINE('',#7330,#7331);
#7330 = CARTESIAN_POINT('',(56.90990447998,82.71785736084,
    149.60720825195));
#7331 = VECTOR('',#7332,1.);
#7332 = DIRECTION('',(0.455042219815,-0.11146653324,-0.883465783239));
#7333 = PLANE('',#7334);
#7334 = AXIS2_PLACEMENT_3D('',#7335,#7336,#7337);
#7335 = CARTESIAN_POINT('',(41.558508226808,73.13773227375,
    135.11622839868));
#7336 = DIRECTION('',(-0.309370622918,0.910542907409,-0.274228793971));
#7337 = DIRECTION('',(0.946840533353,0.321703286275,4.163336342344E-17)
  );
#7338 = ADVANCED_FACE('',(#7339),#7357,.T.);
#7339 = FACE_BOUND('',#7340,.T.);
#7340 = EDGE_LOOP('',(#7341,#7349,#7355,#7356));
#7341 = ORIENTED_EDGE('',*,*,#7342,.F.);
#7342 = EDGE_CURVE('',#7343,#6479,#7345,.T.);
#7343 = VERTEX_POINT('',#7344);
#7344 = CARTESIAN_POINT('',(57.564647674561,81.080390930176,
    149.96781921386));
#7345 = LINE('',#7346,#7347);
#7346 = CARTESIAN_POINT('',(57.564647674561,81.080390930176,
    149.96781921386));
#7347 = VECTOR('',#7348,1.);
#7348 = DIRECTION('',(-0.224221527411,0.210393817199,0.951556171926));
#7349 = ORIENTED_EDGE('',*,*,#7350,.T.);
#7350 = EDGE_CURVE('',#7343,#6456,#7351,.T.);
#7351 = LINE('',#7352,#7353);
#7352 = CARTESIAN_POINT('',(57.564647674561,81.080390930176,
    149.96781921386));
#7353 = VECTOR('',#7354,1.);
#7354 = DIRECTION('',(-0.363744803065,0.909700030909,-0.200338643319));
#7355 = ORIENTED_EDGE('',*,*,#6464,.F.);
#7356 = ORIENTED_EDGE('',*,*,#6486,.F.);
#7357 = PLANE('',#7358);
#7358 = AXIS2_PLACEMENT_3D('',#7359,#7360,#7361);
#7359 = CARTESIAN_POINT('',(57.17854309082,81.954235076904,
    150.03676605224));
#7360 = DIRECTION('',(0.910872328692,0.392375630914,0.12787871241));
#7361 = DIRECTION('',(-0.395623775748,0.91841266763,-6.938893903907E-18)
  );
#7362 = ADVANCED_FACE('',(#7363),#7381,.T.);
#7363 = FACE_BOUND('',#7364,.T.);
#7364 = EDGE_LOOP('',(#7365,#7373,#7374,#7375));
#7365 = ORIENTED_EDGE('',*,*,#7366,.F.);
#7366 = EDGE_CURVE('',#6568,#7367,#7369,.T.);
#7367 = VERTEX_POINT('',#7368);
#7368 = CARTESIAN_POINT('',(61.118034362793,82.600303649902,
    151.0057067871));
#7369 = LINE('',#7370,#7371);
#7370 = CARTESIAN_POINT('',(60.879489898682,82.658729553223,
    151.46884155273));
#7371 = VECTOR('',#7372,1.);
#7372 = DIRECTION('',(0.455042957959,-0.111452160365,-0.883467216348));
#7373 = ORIENTED_EDGE('',*,*,#6567,.T.);
#7374 = ORIENTED_EDGE('',*,*,#6552,.F.);
#7375 = ORIENTED_EDGE('',*,*,#7376,.F.);
#7376 = EDGE_CURVE('',#7367,#6545,#7377,.T.);
#7377 = LINE('',#7378,#7379);
#7378 = CARTESIAN_POINT('',(61.118034362793,82.600303649902,
    151.0057067871));
#7379 = VECTOR('',#7380,1.);
#7380 = DIRECTION('',(-0.363744803065,0.909700030909,-0.200338643319));
#7381 = PLANE('',#7382);
#7382 = AXIS2_PLACEMENT_3D('',#7383,#7384,#7385);
#7383 = CARTESIAN_POINT('',(60.671390533447,83.448249816895,
    151.05696868896));
#7384 = DIRECTION('',(-0.82937776474,-0.414197023233,-0.374931126076));
#7385 = DIRECTION('',(0.446789095356,-0.894639315183,0.));
#7386 = ADVANCED_FACE('',(#7387),#7402,.T.);
#7387 = FACE_BOUND('',#7388,.T.);
#7388 = EDGE_LOOP('',(#7389,#7395,#7396));
#7389 = ORIENTED_EDGE('',*,*,#7390,.T.);
#7390 = EDGE_CURVE('',#1597,#5720,#7391,.T.);
#7391 = LINE('',#7392,#7393);
#7392 = CARTESIAN_POINT('',(99.895278930664,103.5626373291,
    176.8618774414));
#7393 = VECTOR('',#7394,1.);
#7394 = DIRECTION('',(-0.770291624499,-0.409054843969,-0.48920849119));
#7395 = ORIENTED_EDGE('',*,*,#6591,.T.);
#7396 = ORIENTED_EDGE('',*,*,#7397,.F.);
#7397 = EDGE_CURVE('',#1597,#6568,#7398,.T.);
#7398 = LINE('',#7399,#7400);
#7399 = CARTESIAN_POINT('',(99.895278930664,103.5626373291,
    176.8618774414));
#7400 = VECTOR('',#7401,1.);
#7401 = DIRECTION('',(-0.764572989724,-0.40964347157,-0.497614679833));
#7402 = PLANE('',#7403);
#7403 = AXIS2_PLACEMENT_3D('',#7404,#7405,#7406);
#7404 = CARTESIAN_POINT('',(80.201406352983,93.057966942104,
    164.20013559826));
#7405 = DIRECTION('',(0.309375515956,-0.910542777518,0.274223705096));
#7406 = DIRECTION('',(-0.946838969524,-0.321707888917,0.));
#7407 = ADVANCED_FACE('',(#7408),#7418,.T.);
#7408 = FACE_BOUND('',#7409,.T.);
#7409 = EDGE_LOOP('',(#7410,#7416,#7417));
#7410 = ORIENTED_EDGE('',*,*,#7411,.T.);
#7411 = EDGE_CURVE('',#1597,#6608,#7412,.T.);
#7412 = LINE('',#7413,#7414);
#7413 = CARTESIAN_POINT('',(99.895278930664,103.5626373291,
    176.8618774414));
#7414 = VECTOR('',#7415,1.);
#7415 = DIRECTION('',(-0.775517737197,-0.408471655316,-0.481376304045));
#7416 = ORIENTED_EDGE('',*,*,#6607,.T.);
#7417 = ORIENTED_EDGE('',*,*,#7390,.F.);
#7418 = PLANE('',#7419);
#7419 = AXIS2_PLACEMENT_3D('',#7420,#7421,#7422);
#7420 = CARTESIAN_POINT('',(80.008542393749,93.045382493763,
    164.3759325775));
#7421 = DIRECTION('',(0.30937089652,-0.910542281402,0.274230563878));
#7422 = DIRECTION('',(-0.946840379321,-0.321703739623,0.));
#7423 = ADVANCED_FACE('',(#7424),#7429,.T.);
#7424 = FACE_BOUND('',#7425,.T.);
#7425 = EDGE_LOOP('',(#7426,#7427,#7428));
#7426 = ORIENTED_EDGE('',*,*,#7139,.T.);
#7427 = ORIENTED_EDGE('',*,*,#6669,.T.);
#7428 = ORIENTED_EDGE('',*,*,#7411,.F.);
#7429 = PLANE('',#7430);
#7430 = AXIS2_PLACEMENT_3D('',#7431,#7432,#7433);
#7431 = CARTESIAN_POINT('',(79.782323254143,93.005716091829,
    164.49943260909));
#7432 = DIRECTION('',(0.309369844502,-0.910542159541,0.274232155318));
#7433 = DIRECTION('',(-0.946840699427,-0.321702797482,2.775557561563E-17
    ));
#7434 = ADVANCED_FACE('',(#7435),#7445,.T.);
#7435 = FACE_BOUND('',#7436,.T.);
#7436 = EDGE_LOOP('',(#7437,#7438,#7439));
#7437 = ORIENTED_EDGE('',*,*,#6692,.T.);
#7438 = ORIENTED_EDGE('',*,*,#7133,.F.);
#7439 = ORIENTED_EDGE('',*,*,#7440,.F.);
#7440 = EDGE_CURVE('',#6693,#6204,#7441,.T.);
#7441 = LINE('',#7442,#7443);
#7442 = CARTESIAN_POINT('',(58.482116699219,83.989212036133,
    152.05491638183));
#7443 = VECTOR('',#7444,1.);
#7444 = DIRECTION('',(0.363744803065,-0.909700030909,0.200338643319));
#7445 = PLANE('',#7446);
#7446 = AXIS2_PLACEMENT_3D('',#7447,#7448,#7449);
#7447 = CARTESIAN_POINT('',(58.992747632221,83.112462485004,
    152.2401766305));
#7448 = DIRECTION('',(-4.746756128786E-02,-0.23289393495,-0.971343011345
    ));
#7449 = DIRECTION('',(1.734723475977E-18,-0.972439164219,0.233156753906)
  );
#7450 = ADVANCED_FACE('',(#7451),#7456,.T.);
#7451 = FACE_BOUND('',#7452,.T.);
#7452 = EDGE_LOOP('',(#7453,#7454,#7455));
#7453 = ORIENTED_EDGE('',*,*,#7440,.T.);
#7454 = ORIENTED_EDGE('',*,*,#7153,.F.);
#7455 = ORIENTED_EDGE('',*,*,#6721,.F.);
#7456 = PLANE('',#7457);
#7457 = AXIS2_PLACEMENT_3D('',#7458,#7459,#7460);
#7458 = CARTESIAN_POINT('',(58.630425664733,83.218739680413,
    152.19252893934));
#7459 = DIRECTION('',(0.194947234098,-0.135964278896,-0.971344064059));
#7460 = DIRECTION('',(-0.980448766099,0.,-0.196774533554));
#7461 = ADVANCED_FACE('',(#7462),#7479,.T.);
#7462 = FACE_BOUND('',#7463,.T.);
#7463 = EDGE_LOOP('',(#7464,#7472,#7473));
#7464 = ORIENTED_EDGE('',*,*,#7465,.T.);
#7465 = EDGE_CURVE('',#7466,#3859,#7468,.T.);
#7466 = VERTEX_POINT('',#7467);
#7467 = CARTESIAN_POINT('',(65.09119588623,92.25469954834,
    172.30355097656));
#7468 = LINE('',#7469,#7470);
#7469 = CARTESIAN_POINT('',(65.09119588623,92.25469954834,
    172.30355097656));
#7470 = VECTOR('',#7471,1.);
#7471 = DIRECTION('',(-0.228493761198,-0.295648535255,-0.927568080895));
#7472 = ORIENTED_EDGE('',*,*,#6735,.F.);
#7473 = ORIENTED_EDGE('',*,*,#7474,.F.);
#7474 = EDGE_CURVE('',#7466,#6736,#7475,.T.);
#7475 = LINE('',#7476,#7477);
#7476 = CARTESIAN_POINT('',(65.09119588623,92.25469954834,
    172.30355097656));
#7477 = VECTOR('',#7478,1.);
#7478 = DIRECTION('',(-0.110039546728,0.171611808301,0.97899983933));
#7479 = PLANE('',#7480);
#7480 = AXIS2_PLACEMENT_3D('',#7481,#7482,#7483);
#7481 = CARTESIAN_POINT('',(64.794871429624,92.184211275345,
    172.52149041299));
#7482 = DIRECTION('',(-0.363746070586,0.909697329251,-0.200348609398));
#7483 = DIRECTION('',(0.928523445824,0.371273767664,-4.163336342344E-17)
  );
#7484 = ADVANCED_FACE('',(#7485),#7502,.T.);
#7485 = FACE_BOUND('',#7486,.T.);
#7486 = EDGE_LOOP('',(#7487,#7488,#7496));
#7487 = ORIENTED_EDGE('',*,*,#6744,.T.);
#7488 = ORIENTED_EDGE('',*,*,#7489,.F.);
#7489 = EDGE_CURVE('',#7490,#5791,#7492,.T.);
#7490 = VERTEX_POINT('',#7491);
#7491 = CARTESIAN_POINT('',(64.263650720215,92.381515344238,
    174.38185908203));
#7492 = LINE('',#7493,#7494);
#7493 = CARTESIAN_POINT('',(64.263650720215,92.381515344238,
    174.38185908203));
#7494 = VECTOR('',#7495,1.);
#7495 = DIRECTION('',(-0.399845117806,-0.346741071921,-0.848465975045));
#7496 = ORIENTED_EDGE('',*,*,#7497,.F.);
#7497 = EDGE_CURVE('',#6736,#7490,#7498,.T.);
#7498 = LINE('',#7499,#7500);
#7499 = CARTESIAN_POINT('',(64.805093591309,92.700889428711,
    174.84894587402));
#7500 = VECTOR('',#7501,1.);
#7501 = DIRECTION('',(-0.691361902385,-0.407804934559,-0.596417517583));
#7502 = PLANE('',#7503);
#7503 = AXIS2_PLACEMENT_3D('',#7504,#7505,#7506);
#7504 = CARTESIAN_POINT('',(64.185640455181,92.263956363493,
    173.98969182037));
#7505 = DIRECTION('',(-0.363765158294,0.909692535307,-0.200335720275));
#7506 = DIRECTION('',(0.928516054761,0.371292251536,1.387778780781E-17)
  );
#7507 = ADVANCED_FACE('',(#7508),#7523,.T.);
#7508 = FACE_BOUND('',#7509,.T.);
#7509 = EDGE_LOOP('',(#7510,#7516,#7522));
#7510 = ORIENTED_EDGE('',*,*,#7511,.T.);
#7511 = EDGE_CURVE('',#3875,#6985,#7512,.T.);
#7512 = LINE('',#7513,#7514);
#7513 = CARTESIAN_POINT('',(64.745080773926,89.893386682129,
    171.19458796386));
#7514 = VECTOR('',#7515,1.);
#7515 = DIRECTION('',(0.399842601138,0.346740903095,0.848467230031));
#7516 = ORIENTED_EDGE('',*,*,#7517,.F.);
#7517 = EDGE_CURVE('',#6775,#6985,#7518,.T.);
#7518 = LINE('',#7519,#7520);
#7519 = CARTESIAN_POINT('',(64.521928613281,90.451469262695,
    174.13376643066));
#7520 = VECTOR('',#7521,1.);
#7521 = DIRECTION('',(0.766932583362,0.414545918638,0.489863342084));
#7522 = ORIENTED_EDGE('',*,*,#6774,.F.);
#7523 = PLANE('',#7524);
#7524 = AXIS2_PLACEMENT_3D('',#7525,#7526,#7527);
#7525 = CARTESIAN_POINT('',(65.445757726154,90.702399416618,
    173.5958588787));
#7526 = DIRECTION('',(0.363745856699,-0.909697656723,0.200347510809));
#7527 = DIRECTION('',(-0.928523567158,-0.371273464216,1.387778780781E-17
    ));
#7528 = ADVANCED_FACE('',(#7529),#7539,.T.);
#7529 = FACE_BOUND('',#7530,.T.);
#7530 = EDGE_LOOP('',(#7531,#7532,#7538));
#7531 = ORIENTED_EDGE('',*,*,#6782,.T.);
#7532 = ORIENTED_EDGE('',*,*,#7533,.F.);
#7533 = EDGE_CURVE('',#6799,#6775,#7534,.T.);
#7534 = LINE('',#7535,#7536);
#7535 = CARTESIAN_POINT('',(64.297471826172,90.205596765137,
    173.42488886718));
#7536 = VECTOR('',#7537,1.);
#7537 = DIRECTION('',(0.28660354274,0.313948754992,0.905148931683));
#7538 = ORIENTED_EDGE('',*,*,#6798,.F.);
#7539 = PLANE('',#7540);
#7540 = AXIS2_PLACEMENT_3D('',#7541,#7542,#7543);
#7541 = CARTESIAN_POINT('',(64.367606642762,90.229366609712,
    173.40547965745));
#7542 = DIRECTION('',(0.363754699464,-0.909694207723,0.200347116409));
#7543 = DIRECTION('',(-0.928519970346,-0.371282459415,2.775557561563E-17
    ));
#7544 = ADVANCED_FACE('',(#7545),#7563,.T.);
#7545 = FACE_BOUND('',#7546,.T.);
#7546 = EDGE_LOOP('',(#7547,#7548,#7549,#7557));
#7547 = ORIENTED_EDGE('',*,*,#6806,.T.);
#7548 = ORIENTED_EDGE('',*,*,#7533,.T.);
#7549 = ORIENTED_EDGE('',*,*,#7550,.F.);
#7550 = EDGE_CURVE('',#7551,#6775,#7553,.T.);
#7551 = VERTEX_POINT('',#7552);
#7552 = CARTESIAN_POINT('',(63.867181604004,92.088928063965,
    173.77314020996));
#7553 = LINE('',#7554,#7555);
#7554 = CARTESIAN_POINT('',(63.867181604004,92.088928063965,
    173.77314020996));
#7555 = VECTOR('',#7556,1.);
#7556 = DIRECTION('',(0.363747426702,-0.909697053752,0.200347398191));
#7557 = ORIENTED_EDGE('',*,*,#7558,.T.);
#7558 = EDGE_CURVE('',#7551,#5791,#7559,.T.);
#7559 = LINE('',#7560,#7561);
#7560 = CARTESIAN_POINT('',(63.867181604004,92.088928063965,
    173.77314020996));
#7561 = VECTOR('',#7562,1.);
#7562 = DIRECTION('',(-0.28660354274,-0.313948754992,-0.905148931683));
#7563 = PLANE('',#7564);
#7564 = AXIS2_PLACEMENT_3D('',#7565,#7566,#7567);
#7565 = CARTESIAN_POINT('',(64.082326715088,91.147262414551,
    173.59901453857));
#7566 = DIRECTION('',(-0.886310132591,-0.271825320583,0.374920450172));
#7567 = DIRECTION('',(-0.389589828467,0.,-0.920988471999));
#7568 = ADVANCED_FACE('',(#7569),#7586,.T.);
#7569 = FACE_BOUND('',#7570,.T.);
#7570 = EDGE_LOOP('',(#7571,#7579,#7580));
#7571 = ORIENTED_EDGE('',*,*,#7572,.T.);
#7572 = EDGE_CURVE('',#7573,#3875,#7575,.T.);
#7573 = VERTEX_POINT('',#7574);
#7574 = CARTESIAN_POINT('',(65.817186181641,90.567542871094,
    172.30916621093));
#7575 = LINE('',#7576,#7577);
#7576 = CARTESIAN_POINT('',(65.817186181641,90.567542871094,
    172.30916621093));
#7577 = VECTOR('',#7578,1.);
#7578 = DIRECTION('',(-0.635486326758,-0.399603469121,-0.660661937733));
#7579 = ORIENTED_EDGE('',*,*,#6821,.F.);
#7580 = ORIENTED_EDGE('',*,*,#7581,.T.);
#7581 = EDGE_CURVE('',#6822,#7573,#7582,.T.);
#7582 = LINE('',#7583,#7584);
#7583 = CARTESIAN_POINT('',(65.972169702148,90.556655725098,
    171.97835566406));
#7584 = VECTOR('',#7585,1.);
#7585 = DIRECTION('',(-0.424057249236,2.978880056414E-02,0.905145334591)
  );
#7586 = PLANE('',#7587);
#7587 = AXIS2_PLACEMENT_3D('',#7588,#7589,#7590);
#7588 = CARTESIAN_POINT('',(65.376470924704,90.261264089368,
    171.71863389067));
#7589 = DIRECTION('',(0.363743521456,-0.909697795163,0.200351121969));
#7590 = DIRECTION('',(-0.928524408337,-0.371271360492,
    -2.775557561563E-17));
#7591 = ADVANCED_FACE('',(#7592),#7609,.T.);
#7592 = FACE_BOUND('',#7593,.T.);
#7593 = EDGE_LOOP('',(#7594,#7595,#7603));
#7594 = ORIENTED_EDGE('',*,*,#6830,.F.);
#7595 = ORIENTED_EDGE('',*,*,#7596,.F.);
#7596 = EDGE_CURVE('',#7597,#5861,#7599,.T.);
#7597 = VERTEX_POINT('',#7598);
#7598 = CARTESIAN_POINT('',(65.317422692871,92.194114526367,
    171.61774470214));
#7599 = LINE('',#7600,#7601);
#7600 = CARTESIAN_POINT('',(65.317422692871,92.194114526367,
    171.61774470214));
#7601 = VECTOR('',#7602,1.);
#7602 = DIRECTION('',(0.48068847593,-0.875900361573,4.167907993638E-02)
  );
#7603 = ORIENTED_EDGE('',*,*,#7604,.F.);
#7604 = EDGE_CURVE('',#6822,#7597,#7605,.T.);
#7605 = LINE('',#7606,#7607);
#7606 = CARTESIAN_POINT('',(65.972169702148,90.556655725098,
    171.97835566406));
#7607 = VECTOR('',#7608,1.);
#7608 = DIRECTION('',(-0.363748044465,0.909698598718,-0.200339261349));
#7609 = PLANE('',#7610);
#7610 = AXIS2_PLACEMENT_3D('',#7611,#7612,#7613);
#7611 = CARTESIAN_POINT('',(65.737459648303,91.308508589416,
    171.73636397222));
#7612 = DIRECTION('',(0.691356009951,0.407792545311,0.596432818927));
#7613 = DIRECTION('',(-0.653213673477,2.775557561563E-17,0.757173623934)
  );
#7614 = ADVANCED_FACE('',(#7615),#7625,.T.);
#7615 = FACE_BOUND('',#7616,.T.);
#7616 = EDGE_LOOP('',(#7617,#7618,#7619));
#7617 = ORIENTED_EDGE('',*,*,#7596,.T.);
#7618 = ORIENTED_EDGE('',*,*,#6853,.T.);
#7619 = ORIENTED_EDGE('',*,*,#7620,.F.);
#7620 = EDGE_CURVE('',#7597,#6846,#7621,.T.);
#7621 = LINE('',#7622,#7623);
#7622 = CARTESIAN_POINT('',(65.317422692871,92.194114526367,
    171.61774470214));
#7623 = VECTOR('',#7624,1.);
#7624 = DIRECTION('',(0.624255390303,7.844943006818E-02,-0.777271442033)
  );
#7625 = PLANE('',#7626);
#7626 = AXIS2_PLACEMENT_3D('',#7627,#7628,#7629);
#7627 = CARTESIAN_POINT('',(65.780281306513,91.470929490109,
    171.57567418348));
#7628 = DIRECTION('',(0.691365030437,0.407796857833,0.596419414028));
#7629 = DIRECTION('',(-0.653200370289,-2.775557561563E-17,0.757185100391
    ));
#7630 = ADVANCED_FACE('',(#7631),#7641,.T.);
#7631 = FACE_BOUND('',#7632,.T.);
#7632 = EDGE_LOOP('',(#7633,#7634,#7640));
#7633 = ORIENTED_EDGE('',*,*,#6884,.T.);
#7634 = ORIENTED_EDGE('',*,*,#7635,.F.);
#7635 = EDGE_CURVE('',#7597,#3859,#7636,.T.);
#7636 = LINE('',#7637,#7638);
#7637 = CARTESIAN_POINT('',(65.317422692871,92.194114526367,
    171.61774470214));
#7638 = VECTOR('',#7639,1.);
#7639 = DIRECTION('',(-0.4375574469,-0.356739832142,-0.825396978929));
#7640 = ORIENTED_EDGE('',*,*,#7620,.T.);
#7641 = PLANE('',#7642);
#7642 = AXIS2_PLACEMENT_3D('',#7643,#7644,#7645);
#7643 = CARTESIAN_POINT('',(65.046644411519,91.931016716978,
    170.91472971688));
#7644 = DIRECTION('',(-0.363762375396,0.90969352027,-0.200336300818));
#7645 = DIRECTION('',(0.928517172611,0.371289456041,0.));
#7646 = ADVANCED_FACE('',(#7647),#7652,.T.);
#7647 = FACE_BOUND('',#7648,.T.);
#7648 = EDGE_LOOP('',(#7649,#7650,#7651));
#7649 = ORIENTED_EDGE('',*,*,#6939,.T.);
#7650 = ORIENTED_EDGE('',*,*,#7016,.T.);
#7651 = ORIENTED_EDGE('',*,*,#7111,.F.);
#7652 = PLANE('',#7653);
#7653 = AXIS2_PLACEMENT_3D('',#7654,#7655,#7656);
#7654 = CARTESIAN_POINT('',(68.273697444321,93.513460393472,
    172.24098604076));
#7655 = DIRECTION('',(-0.36374461998,0.909699080791,-0.20034328999));
#7656 = DIRECTION('',(0.928524202683,0.37127187482,2.775557561563E-17));
#7657 = ADVANCED_FACE('',(#7658),#7668,.T.);
#7658 = FACE_BOUND('',#7659,.T.);
#7659 = EDGE_LOOP('',(#7660,#7666,#7667));
#7660 = ORIENTED_EDGE('',*,*,#7661,.T.);
#7661 = EDGE_CURVE('',#7055,#6954,#7662,.T.);
#7662 = LINE('',#7663,#7664);
#7663 = CARTESIAN_POINT('',(68.203035180664,93.956703027344,
    174.38185908203));
#7664 = VECTOR('',#7665,1.);
#7665 = DIRECTION('',(-0.84131616528,-0.22852175908,0.489862139449));
#7666 = ORIENTED_EDGE('',*,*,#6953,.T.);
#7667 = ORIENTED_EDGE('',*,*,#7081,.F.);
#7668 = PLANE('',#7669);
#7669 = AXIS2_PLACEMENT_3D('',#7670,#7671,#7672);
#7670 = CARTESIAN_POINT('',(67.560052896374,93.788165855499,
    174.78399070016));
#7671 = DIRECTION('',(-0.363757962112,0.909688711805,-0.200366146377));
#7672 = DIRECTION('',(0.928518048979,0.371287264421,-4.163336342344E-17)
  );
#7673 = ADVANCED_FACE('',(#7674),#7691,.T.);
#7674 = FACE_BOUND('',#7675,.T.);
#7675 = EDGE_LOOP('',(#7676,#7684,#7690));
#7676 = ORIENTED_EDGE('',*,*,#7677,.F.);
#7677 = EDGE_CURVE('',#7678,#6954,#7680,.T.);
#7678 = VERTEX_POINT('',#7679);
#7679 = CARTESIAN_POINT('',(66.167985742187,93.332565148926,
    175.24272944335));
#7680 = LINE('',#7681,#7682);
#7681 = CARTESIAN_POINT('',(66.167985742187,93.332565148926,
    175.24272944335));
#7682 = VECTOR('',#7683,1.);
#7683 = DIRECTION('',(0.930286423352,0.343818446597,-0.12789075927));
#7684 = ORIENTED_EDGE('',*,*,#7685,.F.);
#7685 = EDGE_CURVE('',#6057,#7678,#7686,.T.);
#7686 = LINE('',#7687,#7688);
#7687 = CARTESIAN_POINT('',(67.551294152832,91.964370568848,
    175.50319697265));
#7688 = VECTOR('',#7689,1.);
#7689 = DIRECTION('',(-0.704693466444,0.696994086052,-0.132688968493));
#7690 = ORIENTED_EDGE('',*,*,#6963,.F.);
#7691 = PLANE('',#7692);
#7692 = AXIS2_PLACEMENT_3D('',#7693,#7694,#7695);
#7693 = CARTESIAN_POINT('',(66.94747716527,92.842815140576,
    175.32207257791));
#7694 = DIRECTION('',(4.745871568488E-02,0.232900399076,0.971341893679)
  );
#7695 = DIRECTION('',(0.,0.972437636102,-0.233163127215));
#7696 = ADVANCED_FACE('',(#7697),#7714,.T.);
#7697 = FACE_BOUND('',#7698,.T.);
#7698 = EDGE_LOOP('',(#7699,#7707,#7713));
#7699 = ORIENTED_EDGE('',*,*,#7700,.T.);
#7700 = EDGE_CURVE('',#6985,#7701,#7703,.T.);
#7701 = VERTEX_POINT('',#7702);
#7702 = CARTESIAN_POINT('',(67.891427819824,91.688720544434,
    173.63404108886));
#7703 = LINE('',#7704,#7705);
#7704 = CARTESIAN_POINT('',(66.82272512207,91.695106347656,
    175.60335566406));
#7705 = VECTOR('',#7706,1.);
#7706 = DIRECTION('',(0.476967963964,-2.850019530958E-03,-0.878916058984
    ));
#7707 = ORIENTED_EDGE('',*,*,#7708,.T.);
#7708 = EDGE_CURVE('',#7701,#5244,#7709,.T.);
#7709 = LINE('',#7710,#7711);
#7710 = CARTESIAN_POINT('',(67.891427819824,91.688720544434,
    173.63404108886));
#7711 = VECTOR('',#7712,1.);
#7712 = DIRECTION('',(0.624275648813,7.845197593097E-02,-0.777254914279)
  );
#7713 = ORIENTED_EDGE('',*,*,#6984,.F.);
#7714 = PLANE('',#7715);
#7715 = AXIS2_PLACEMENT_3D('',#7716,#7717,#7718);
#7716 = CARTESIAN_POINT('',(67.459566203037,91.699855103872,
    174.46867445332));
#7717 = DIRECTION('',(0.363787718637,-0.909676146229,0.200369171159));
#7718 = DIRECTION('',(-0.928505809587,-0.371317871323,1.387778780781E-17
    ));
#7719 = ADVANCED_FACE('',(#7720),#7730,.T.);
#7720 = FACE_BOUND('',#7721,.T.);
#7721 = EDGE_LOOP('',(#7722,#7723,#7729));
#7722 = ORIENTED_EDGE('',*,*,#7685,.T.);
#7723 = ORIENTED_EDGE('',*,*,#7724,.F.);
#7724 = EDGE_CURVE('',#6985,#7678,#7725,.T.);
#7725 = LINE('',#7726,#7727);
#7726 = CARTESIAN_POINT('',(66.82272512207,91.695106347656,
    175.60335566406));
#7727 = VECTOR('',#7728,1.);
#7728 = DIRECTION('',(-0.363743748963,0.909698456281,-0.200347707077));
#7729 = ORIENTED_EDGE('',*,*,#6993,.T.);
#7730 = PLANE('',#7731);
#7731 = AXIS2_PLACEMENT_3D('',#7732,#7733,#7734);
#7732 = CARTESIAN_POINT('',(66.771801379191,92.454119565951,
    175.42385404065));
#7733 = DIRECTION('',(4.745835875374E-02,0.232900057131,0.971341993107)
  );
#7734 = DIRECTION('',(0.,0.972437719132,-0.233162780925));
#7735 = ADVANCED_FACE('',(#7736),#7746,.T.);
#7736 = FACE_BOUND('',#7737,.T.);
#7737 = EDGE_LOOP('',(#7738,#7739,#7745));
#7738 = ORIENTED_EDGE('',*,*,#7708,.F.);
#7739 = ORIENTED_EDGE('',*,*,#7740,.F.);
#7740 = EDGE_CURVE('',#7009,#7701,#7741,.T.);
#7741 = LINE('',#7742,#7743);
#7742 = CARTESIAN_POINT('',(67.464837854004,93.354850610352,
    172.98935725097));
#7743 = VECTOR('',#7744,1.);
#7744 = DIRECTION('',(0.232254836056,-0.907116426341,0.350994985992));
#7745 = ORIENTED_EDGE('',*,*,#7008,.F.);
#7746 = PLANE('',#7747);
#7747 = AXIS2_PLACEMENT_3D('',#7748,#7749,#7750);
#7748 = CARTESIAN_POINT('',(67.75933225835,92.453470386995,
    173.26428660742));
#7749 = DIRECTION('',(-0.691349922217,-0.407793811275,-0.596439009904));
#7750 = DIRECTION('',(0.653220858331,-2.775557561563E-17,-0.757167425502
    ));
#7751 = ADVANCED_FACE('',(#7752),#7762,.T.);
#7752 = FACE_BOUND('',#7753,.T.);
#7753 = EDGE_LOOP('',(#7754,#7760,#7761));
#7754 = ORIENTED_EDGE('',*,*,#7755,.T.);
#7755 = EDGE_CURVE('',#6141,#7055,#7756,.T.);
#7756 = LINE('',#7757,#7758);
#7757 = CARTESIAN_POINT('',(69.024034326172,93.994804223633,
    173.06426264648));
#7758 = VECTOR('',#7759,1.);
#7759 = DIRECTION('',(-0.528681872798,-2.453524089537E-02,0.848465378981
    ));
#7760 = ORIENTED_EDGE('',*,*,#7064,.F.);
#7761 = ORIENTED_EDGE('',*,*,#7040,.F.);
#7762 = PLANE('',#7763);
#7763 = AXIS2_PLACEMENT_3D('',#7764,#7765,#7766);
#7764 = CARTESIAN_POINT('',(68.633219193688,93.986392565574,
    173.73563397155));
#7765 = DIRECTION('',(-0.363719718251,0.909712238312,-0.200328754851));
#7766 = DIRECTION('',(0.928534815614,0.371245331543,-2.775557561563E-17)
  );
#7767 = ADVANCED_FACE('',(#7768),#7785,.T.);
#7768 = FACE_BOUND('',#7769,.T.);
#7769 = EDGE_LOOP('',(#7770,#7778,#7779));
#7770 = ORIENTED_EDGE('',*,*,#7771,.T.);
#7771 = EDGE_CURVE('',#7772,#6141,#7774,.T.);
#7772 = VERTEX_POINT('',#7773);
#7773 = CARTESIAN_POINT('',(66.95090657959,93.259925683594,
    173.49140192871));
#7774 = LINE('',#7775,#7776);
#7775 = CARTESIAN_POINT('',(66.95090657959,93.259925683594,
    173.49140192871));
#7776 = VECTOR('',#7777,1.);
#7777 = DIRECTION('',(0.925249657172,0.327980809844,-0.190634887356));
#7778 = ORIENTED_EDGE('',*,*,#7095,.F.);
#7779 = ORIENTED_EDGE('',*,*,#7780,.T.);
#7780 = EDGE_CURVE('',#6165,#7772,#7781,.T.);
#7781 = LINE('',#7782,#7783);
#7782 = CARTESIAN_POINT('',(67.236680810547,93.326186975098,
    173.27343012695));
#7783 = VECTOR('',#7784,1.);
#7784 = DIRECTION('',(-0.781933718218,-0.181303744099,0.5964131225));
#7785 = PLANE('',#7786);
#7786 = AXIS2_PLACEMENT_3D('',#7787,#7788,#7789);
#7787 = CARTESIAN_POINT('',(67.975913283535,93.614421996588,
    173.24004850171));
#7788 = DIRECTION('',(-0.363747745476,0.909694808491,-0.200357014019));
#7789 = DIRECTION('',(0.928522501811,0.371276128549,0.));
#7790 = ADVANCED_FACE('',(#7791),#7801,.T.);
#7791 = FACE_BOUND('',#7792,.T.);
#7792 = EDGE_LOOP('',(#7793,#7794,#7800));
#7793 = ORIENTED_EDGE('',*,*,#7740,.T.);
#7794 = ORIENTED_EDGE('',*,*,#7795,.T.);
#7795 = EDGE_CURVE('',#7701,#6165,#7796,.T.);
#7796 = LINE('',#7797,#7798);
#7797 = CARTESIAN_POINT('',(67.891427819824,91.688720544434,
    173.63404108886));
#7798 = VECTOR('',#7799,1.);
#7799 = DIRECTION('',(-0.36374664193,0.909699329645,-0.200338488883));
#7800 = ORIENTED_EDGE('',*,*,#7117,.F.);
#7801 = PLANE('',#7802);
#7802 = AXIS2_PLACEMENT_3D('',#7803,#7804,#7805);
#7803 = CARTESIAN_POINT('',(67.596930311122,92.590105698872,
    173.35911510609));
#7804 = DIRECTION('',(-0.691363174139,-0.407791794172,-0.596425028021));
#7805 = DIRECTION('',(0.653204900879,-1.110223024625E-16,-0.757181191966
    ));
#7806 = ADVANCED_FACE('',(#7807),#7822,.T.);
#7807 = FACE_BOUND('',#7808,.T.);
#7808 = EDGE_LOOP('',(#7809,#7810,#7816));
#7809 = ORIENTED_EDGE('',*,*,#7170,.T.);
#7810 = ORIENTED_EDGE('',*,*,#7811,.F.);
#7811 = EDGE_CURVE('',#7367,#1597,#7812,.T.);
#7812 = LINE('',#7813,#7814);
#7813 = CARTESIAN_POINT('',(61.118034362793,82.600303649902,
    151.0057067871));
#7814 = VECTOR('',#7815,1.);
#7815 = DIRECTION('',(0.758788339322,0.410188360158,0.505950358532));
#7816 = ORIENTED_EDGE('',*,*,#7817,.T.);
#7817 = EDGE_CURVE('',#7367,#7171,#7818,.T.);
#7818 = LINE('',#7819,#7820);
#7819 = CARTESIAN_POINT('',(61.118034362793,82.600303649902,
    151.0057067871));
#7820 = VECTOR('',#7821,1.);
#7821 = DIRECTION('',(0.224221527411,-0.210393817199,-0.951556171926));
#7822 = PLANE('',#7823);
#7823 = AXIS2_PLACEMENT_3D('',#7824,#7825,#7826);
#7824 = CARTESIAN_POINT('',(80.437562476656,93.000378976242,
    163.74248481255));
#7825 = DIRECTION('',(0.309374222525,-0.910542693305,0.274225443943));
#7826 = DIRECTION('',(-0.946839370151,-0.321706709802,
    -1.387778780781E-17));
#7827 = ADVANCED_FACE('',(#7828),#7838,.T.);
#7828 = FACE_BOUND('',#7829,.T.);
#7829 = EDGE_LOOP('',(#7830,#7831,#7837));
#7830 = ORIENTED_EDGE('',*,*,#7195,.T.);
#7831 = ORIENTED_EDGE('',*,*,#7832,.F.);
#7832 = EDGE_CURVE('',#7211,#6351,#7833,.T.);
#7833 = LINE('',#7834,#7835);
#7834 = CARTESIAN_POINT('',(58.146564483643,81.019302368164,
    149.10847473144));
#7835 = VECTOR('',#7836,1.);
#7836 = DIRECTION('',(-0.125620829113,0.923624218191,-0.362129411763));
#7837 = ORIENTED_EDGE('',*,*,#7210,.F.);
#7838 = PLANE('',#7839);
#7839 = AXIS2_PLACEMENT_3D('',#7840,#7841,#7842);
#7840 = CARTESIAN_POINT('',(58.164900271299,81.772951051443,
    148.73428760309));
#7841 = DIRECTION('',(0.506229665389,0.373600626479,0.777273502556));
#7842 = DIRECTION('',(0.837949729857,0.,-0.545747423478));
#7843 = ADVANCED_FACE('',(#7844),#7861,.T.);
#7844 = FACE_BOUND('',#7845,.T.);
#7845 = EDGE_LOOP('',(#7846,#7847,#7855));
#7846 = ORIENTED_EDGE('',*,*,#7218,.T.);
#7847 = ORIENTED_EDGE('',*,*,#7848,.T.);
#7848 = EDGE_CURVE('',#7211,#7849,#7851,.T.);
#7849 = VERTEX_POINT('',#7850);
#7850 = CARTESIAN_POINT('',(57.803192138672,81.021965026855,
    149.50468444824));
#7851 = LINE('',#7852,#7853);
#7852 = CARTESIAN_POINT('',(58.146564483643,81.019302368164,
    149.10847473144));
#7853 = VECTOR('',#7854,1.);
#7854 = DIRECTION('',(-0.654911843856,5.078471632001E-03,0.755688220037)
  );
#7855 = ORIENTED_EDGE('',*,*,#7856,.F.);
#7856 = EDGE_CURVE('',#1643,#7849,#7857,.T.);
#7857 = LINE('',#7858,#7859);
#7858 = CARTESIAN_POINT('',(26.568264007568,61.841583251953,
    121.0562133789));
#7859 = VECTOR('',#7860,1.);
#7860 = DIRECTION('',(0.673187928679,0.41338342205,0.613133067983));
#7861 = PLANE('',#7862);
#7862 = AXIS2_PLACEMENT_3D('',#7863,#7864,#7865);
#7863 = CARTESIAN_POINT('',(42.359796592114,71.484990665401,
    135.26077431785));
#7864 = DIRECTION('',(0.309368507278,-0.910542910181,0.274231171503));
#7865 = DIRECTION('',(-0.946841203766,-0.3217013131,0.));
#7866 = ADVANCED_FACE('',(#7867),#7877,.T.);
#7867 = FACE_BOUND('',#7868,.T.);
#7868 = EDGE_LOOP('',(#7869,#7870,#7871));
#7869 = ORIENTED_EDGE('',*,*,#7233,.T.);
#7870 = ORIENTED_EDGE('',*,*,#7319,.F.);
#7871 = ORIENTED_EDGE('',*,*,#7872,.T.);
#7872 = EDGE_CURVE('',#7320,#7234,#7873,.T.);
#7873 = LINE('',#7874,#7875);
#7874 = CARTESIAN_POINT('',(57.148448944092,82.659423828125,
    149.14407348632));
#7875 = VECTOR('',#7876,1.);
#7876 = DIRECTION('',(0.654897489042,-5.06380914283E-03,-0.755700758689)
  );
#7877 = PLANE('',#7878);
#7878 = AXIS2_PLACEMENT_3D('',#7879,#7880,#7881);
#7879 = CARTESIAN_POINT('',(41.705056262751,73.122452558626,
    134.90015746282));
#7880 = DIRECTION('',(-0.309382748408,0.910542815586,-0.274215418917));
#7881 = DIRECTION('',(0.946836682739,0.321714619219,0.));
#7882 = ADVANCED_FACE('',(#7883),#7893,.T.);
#7883 = FACE_BOUND('',#7884,.T.);
#7884 = EDGE_LOOP('',(#7885,#7886,#7887));
#7885 = ORIENTED_EDGE('',*,*,#7832,.T.);
#7886 = ORIENTED_EDGE('',*,*,#7241,.F.);
#7887 = ORIENTED_EDGE('',*,*,#7888,.F.);
#7888 = EDGE_CURVE('',#7211,#7234,#7889,.T.);
#7889 = LINE('',#7890,#7891);
#7890 = CARTESIAN_POINT('',(58.146564483643,81.019302368164,
    149.10847473144));
#7891 = VECTOR('',#7892,1.);
#7892 = DIRECTION('',(-0.363744185311,0.909698485951,-0.200346780138));
#7893 = PLANE('',#7894);
#7894 = AXIS2_PLACEMENT_3D('',#7895,#7896,#7897);
#7895 = CARTESIAN_POINT('',(57.898271019557,81.956413236746,
    148.81975925051));
#7896 = DIRECTION('',(0.506234402432,0.373600150775,0.777270646001));
#7897 = DIRECTION('',(0.837946477231,2.775557561563E-17,-0.545752417582)
  );
#7898 = ADVANCED_FACE('',(#7899),#7905,.T.);
#7899 = FACE_BOUND('',#7900,.T.);
#7900 = EDGE_LOOP('',(#7901,#7902,#7903,#7904));
#7901 = ORIENTED_EDGE('',*,*,#7817,.F.);
#7902 = ORIENTED_EDGE('',*,*,#7376,.T.);
#7903 = ORIENTED_EDGE('',*,*,#7288,.F.);
#7904 = ORIENTED_EDGE('',*,*,#7272,.F.);
#7905 = PLANE('',#7906);
#7906 = AXIS2_PLACEMENT_3D('',#7907,#7908,#7909);
#7907 = CARTESIAN_POINT('',(60.849395751953,83.363925933838,
    150.57614898681));
#7908 = DIRECTION('',(-0.910872328692,-0.392375630914,-0.12787871241));
#7909 = DIRECTION('',(0.395623775748,-0.91841266763,-6.938893903907E-18)
  );
#7910 = ADVANCED_FACE('',(#7911),#7921,.T.);
#7911 = FACE_BOUND('',#7912,.T.);
#7912 = EDGE_LOOP('',(#7913,#7919,#7920));
#7913 = ORIENTED_EDGE('',*,*,#7914,.T.);
#7914 = EDGE_CURVE('',#1643,#7343,#7915,.T.);
#7915 = LINE('',#7916,#7917);
#7916 = CARTESIAN_POINT('',(26.568264007568,61.841583251953,
    121.0562133789));
#7917 = VECTOR('',#7918,1.);
#7918 = DIRECTION('',(0.665890424167,0.413304272619,0.621103470637));
#7919 = ORIENTED_EDGE('',*,*,#7342,.T.);
#7920 = ORIENTED_EDGE('',*,*,#7303,.F.);
#7921 = PLANE('',#7922);
#7922 = AXIS2_PLACEMENT_3D('',#7923,#7924,#7925);
#7923 = CARTESIAN_POINT('',(42.123304732027,71.542446136698,
    135.71835902042));
#7924 = DIRECTION('',(0.309373654559,-0.910542912024,0.274225358469));
#7925 = DIRECTION('',(-0.946839573591,-0.321706111041,
    -4.163336342344E-17));
#7926 = ADVANCED_FACE('',(#7927),#7937,.T.);
#7927 = FACE_BOUND('',#7928,.T.);
#7928 = EDGE_LOOP('',(#7929,#7930,#7936));
#7929 = ORIENTED_EDGE('',*,*,#7350,.F.);
#7930 = ORIENTED_EDGE('',*,*,#7931,.F.);
#7931 = EDGE_CURVE('',#7320,#7343,#7932,.T.);
#7932 = LINE('',#7933,#7934);
#7933 = CARTESIAN_POINT('',(57.148448944092,82.659423828125,
    149.14407348632));
#7934 = VECTOR('',#7935,1.);
#7935 = DIRECTION('',(0.227559350746,-0.863346461098,0.450388310237));
#7936 = ORIENTED_EDGE('',*,*,#7328,.F.);
#7937 = PLANE('',#7938);
#7938 = AXIS2_PLACEMENT_3D('',#7939,#7940,#7941);
#7939 = CARTESIAN_POINT('',(57.263533953559,81.985912087873,
    149.63354971831));
#7940 = DIRECTION('',(0.829380331361,0.414196842996,0.374925647568));
#7941 = DIRECTION('',(-0.446787833105,0.894639945559,5.551115123126E-17)
  );
#7942 = ADVANCED_FACE('',(#7943),#7948,.T.);
#7943 = FACE_BOUND('',#7944,.T.);
#7944 = EDGE_LOOP('',(#7945,#7946,#7947));
#7945 = ORIENTED_EDGE('',*,*,#7811,.T.);
#7946 = ORIENTED_EDGE('',*,*,#7397,.T.);
#7947 = ORIENTED_EDGE('',*,*,#7366,.T.);
#7948 = PLANE('',#7949);
#7949 = AXIS2_PLACEMENT_3D('',#7950,#7951,#7952);
#7950 = CARTESIAN_POINT('',(80.347751087281,93.042618704053,
    163.98406540995));
#7951 = DIRECTION('',(0.309379251467,-0.910543145573,0.274218268561));
#7952 = DIRECTION('',(-0.946837825915,-0.321711254724,0.));
#7953 = ADVANCED_FACE('',(#7954),#7971,.T.);
#7954 = FACE_BOUND('',#7955,.T.);
#7955 = EDGE_LOOP('',(#7956,#7964,#7965));
#7956 = ORIENTED_EDGE('',*,*,#7957,.T.);
#7957 = EDGE_CURVE('',#7958,#3859,#7960,.T.);
#7958 = VERTEX_POINT('',#7959);
#7959 = CARTESIAN_POINT('',(65.162446801758,92.205001672363,
    171.94855524902));
#7960 = LINE('',#7961,#7962);
#7961 = CARTESIAN_POINT('',(65.162446801758,92.205001672363,
    171.94855524902));
#7962 = VECTOR('',#7963,1.);
#7963 = DIRECTION('',(-0.303799045151,-0.319175188233,-0.897682204002));
#7964 = ORIENTED_EDGE('',*,*,#7465,.F.);
#7965 = ORIENTED_EDGE('',*,*,#7966,.T.);
#7966 = EDGE_CURVE('',#7466,#7958,#7967,.T.);
#7967 = LINE('',#7968,#7969);
#7968 = CARTESIAN_POINT('',(65.09119588623,92.25469954834,
    172.30355097656));
#7969 = VECTOR('',#7970,1.);
#7970 = DIRECTION('',(0.194956788554,-0.135983351605,-0.971339476539));
#7971 = PLANE('',#7972);
#7972 = AXIS2_PLACEMENT_3D('',#7973,#7974,#7975);
#7973 = CARTESIAN_POINT('',(64.873873889541,91.937684167485,
    171.25868761809));
#7974 = DIRECTION('',(-0.363721709489,0.909705195872,-0.200357117791));
#7975 = DIRECTION('',(0.928533124291,0.371249561744,1.387778780781E-17)
  );
#7976 = ADVANCED_FACE('',(#7977),#7994,.T.);
#7977 = FACE_BOUND('',#7978,.T.);
#7978 = EDGE_LOOP('',(#7979,#7980,#7988));
#7979 = ORIENTED_EDGE('',*,*,#7474,.T.);
#7980 = ORIENTED_EDGE('',*,*,#7981,.F.);
#7981 = EDGE_CURVE('',#7982,#6736,#7984,.T.);
#7982 = VERTEX_POINT('',#7983);
#7983 = CARTESIAN_POINT('',(65.1085375,92.339820703125,172.6585467041));
#7984 = LINE('',#7985,#7986);
#7985 = CARTESIAN_POINT('',(65.1085375,92.339820703125,172.6585467041));
#7986 = VECTOR('',#7987,1.);
#7987 = DIRECTION('',(-0.135429633527,0.161148086297,0.977594040819));
#7988 = ORIENTED_EDGE('',*,*,#7989,.T.);
#7989 = EDGE_CURVE('',#7982,#7466,#7990,.T.);
#7990 = LINE('',#7991,#7992);
#7991 = CARTESIAN_POINT('',(65.1085375,92.339820703125,172.6585467041));
#7992 = VECTOR('',#7993,1.);
#7993 = DIRECTION('',(-4.745017247252E-02,-0.232908743632,
    -0.971340310227));
#7994 = PLANE('',#7995);
#7995 = AXIS2_PLACEMENT_3D('',#7996,#7997,#7998);
#7996 = CARTESIAN_POINT('',(64.962527504985,92.483438177572,
    173.57575659436));
#7997 = DIRECTION('',(-0.363800766991,0.909674966118,-0.200350837172));
#7998 = DIRECTION('',(0.928501051639,0.371329768676,0.));
#7999 = ADVANCED_FACE('',(#8000),#8010,.T.);
#8000 = FACE_BOUND('',#8001,.T.);
#8001 = EDGE_LOOP('',(#8002,#8003,#8004));
#8002 = ORIENTED_EDGE('',*,*,#7489,.T.);
#8003 = ORIENTED_EDGE('',*,*,#7558,.F.);
#8004 = ORIENTED_EDGE('',*,*,#8005,.F.);
#8005 = EDGE_CURVE('',#7490,#7551,#8006,.T.);
#8006 = LINE('',#8007,#8008);
#8007 = CARTESIAN_POINT('',(64.263650720215,92.381515344238,
    174.38185908203));
#8008 = VECTOR('',#8009,1.);
#8009 = DIRECTION('',(-0.506245218012,-0.373600125289,-0.777263613984));
#8010 = PLANE('',#8011);
#8011 = AXIS2_PLACEMENT_3D('',#8012,#8013,#8014);
#8012 = CARTESIAN_POINT('',(63.931593600732,92.106420804639,
    173.73563396546));
#8013 = DIRECTION('',(-0.363721378109,0.909704426716,-0.200361211613));
#8014 = DIRECTION('',(0.928533132683,0.371249540753,-2.775557561563E-17)
  );
#8015 = ADVANCED_FACE('',(#8016),#8041,.T.);
#8016 = FACE_BOUND('',#8017,.T.);
#8017 = EDGE_LOOP('',(#8018,#8026,#8034,#8040));
#8018 = ORIENTED_EDGE('',*,*,#8019,.T.);
#8019 = EDGE_CURVE('',#7490,#8020,#8022,.T.);
#8020 = VERTEX_POINT('',#8021);
#8021 = CARTESIAN_POINT('',(64.918397729492,90.744056542969,
    174.74248530273));
#8022 = LINE('',#8023,#8024);
#8023 = CARTESIAN_POINT('',(64.263650720215,92.381515344238,
    174.38185908203));
#8024 = VECTOR('',#8025,1.);
#8025 = DIRECTION('',(0.363747426702,-0.909697053752,0.200347398191));
#8026 = ORIENTED_EDGE('',*,*,#8027,.T.);
#8027 = EDGE_CURVE('',#8020,#8028,#8030,.T.);
#8028 = VERTEX_POINT('',#8029);
#8029 = CARTESIAN_POINT('',(65.459840600586,91.063430627441,
    175.20957209472));
#8030 = LINE('',#8031,#8032);
#8031 = CARTESIAN_POINT('',(64.918397729492,90.744056542969,
    174.74248530273));
#8032 = VECTOR('',#8033,1.);
#8033 = DIRECTION('',(0.691361902385,0.407804934559,0.596417517583));
#8034 = ORIENTED_EDGE('',*,*,#8035,.F.);
#8035 = EDGE_CURVE('',#6736,#8028,#8036,.T.);
#8036 = LINE('',#8037,#8038);
#8037 = CARTESIAN_POINT('',(64.805093591309,92.700889428711,
    174.84894587402));
#8038 = VECTOR('',#8039,1.);
#8039 = DIRECTION('',(0.363747426702,-0.909697053752,0.200347398191));
#8040 = ORIENTED_EDGE('',*,*,#7497,.T.);
#8041 = PLANE('',#8042);
#8042 = AXIS2_PLACEMENT_3D('',#8043,#8044,#8045);
#8043 = CARTESIAN_POINT('',(64.8617456604,91.72247298584,174.79571558837
    ));
#8044 = DIRECTION('',(-0.624261916176,-7.843277891162E-02,0.777267881238
    ));
#8045 = DIRECTION('',(0.779669728246,0.,0.626190957182));
#8046 = ADVANCED_FACE('',(#8047),#8064,.T.);
#8047 = FACE_BOUND('',#8048,.T.);
#8048 = EDGE_LOOP('',(#8049,#8057,#8063));
#8049 = ORIENTED_EDGE('',*,*,#8050,.T.);
#8050 = EDGE_CURVE('',#3875,#8051,#8053,.T.);
#8051 = VERTEX_POINT('',#8052);
#8052 = CARTESIAN_POINT('',(65.868028466797,90.817092736816,
    173.34998347168));
#8053 = LINE('',#8054,#8055);
#8054 = CARTESIAN_POINT('',(64.745080773926,89.893386682129,
    171.19458796386));
#8055 = VECTOR('',#8056,1.);
#8056 = DIRECTION('',(0.431903783264,0.35527223768,0.828999854726));
#8057 = ORIENTED_EDGE('',*,*,#8058,.F.);
#8058 = EDGE_CURVE('',#6985,#8051,#8059,.T.);
#8059 = LINE('',#8060,#8061);
#8060 = CARTESIAN_POINT('',(66.82272512207,91.695106347656,
    175.60335566406));
#8061 = VECTOR('',#8062,1.);
#8062 = DIRECTION('',(-0.367189939196,-0.337696547481,-0.86667905846));
#8063 = ORIENTED_EDGE('',*,*,#7511,.F.);
#8064 = PLANE('',#8065);
#8065 = AXIS2_PLACEMENT_3D('',#8066,#8067,#8068);
#8066 = CARTESIAN_POINT('',(65.804942741247,90.799960730967,
    173.38672153479));
#8067 = DIRECTION('',(0.363725142891,-0.90970328271,0.200359571408));
#8068 = DIRECTION('',(-0.928531647092,-0.371253256349,
    -1.387778780781E-17));
#8069 = ADVANCED_FACE('',(#8070),#8085,.T.);
#8070 = FACE_BOUND('',#8071,.T.);
#8071 = EDGE_LOOP('',(#8072,#8073,#8079));
#8072 = ORIENTED_EDGE('',*,*,#7517,.T.);
#8073 = ORIENTED_EDGE('',*,*,#8074,.F.);
#8074 = EDGE_CURVE('',#8028,#6985,#8075,.T.);
#8075 = LINE('',#8076,#8077);
#8076 = CARTESIAN_POINT('',(65.459840600586,91.063430627441,
    175.20957209472));
#8077 = VECTOR('',#8078,1.);
#8078 = DIRECTION('',(0.877631839294,0.406768670001,0.253577608955));
#8079 = ORIENTED_EDGE('',*,*,#8080,.F.);
#8080 = EDGE_CURVE('',#6775,#8028,#8081,.T.);
#8081 = LINE('',#8082,#8083);
#8082 = CARTESIAN_POINT('',(64.521928613281,90.451469262695,
    174.13376643066));
#8083 = VECTOR('',#8084,1.);
#8084 = DIRECTION('',(0.603970105121,0.394073617566,0.692766985398));
#8085 = PLANE('',#8086);
#8086 = AXIS2_PLACEMENT_3D('',#8087,#8088,#8089);
#8087 = CARTESIAN_POINT('',(65.618284628341,91.070780808485,
    174.9552913952));
#8088 = DIRECTION('',(0.363741603629,-0.909697854051,0.200354336426));
#8089 = DIRECTION('',(-0.928525091445,-0.371269652081,0.));
#8090 = ADVANCED_FACE('',(#8091),#8102,.T.);
#8091 = FACE_BOUND('',#8092,.T.);
#8092 = EDGE_LOOP('',(#8093,#8094,#8095,#8096));
#8093 = ORIENTED_EDGE('',*,*,#8019,.F.);
#8094 = ORIENTED_EDGE('',*,*,#8005,.T.);
#8095 = ORIENTED_EDGE('',*,*,#7550,.T.);
#8096 = ORIENTED_EDGE('',*,*,#8097,.T.);
#8097 = EDGE_CURVE('',#6775,#8020,#8098,.T.);
#8098 = LINE('',#8099,#8100);
#8099 = CARTESIAN_POINT('',(64.521928613281,90.451469262695,
    174.13376643066));
#8100 = VECTOR('',#8101,1.);
#8101 = DIRECTION('',(0.506245218012,0.373600125289,0.777263613984));
#8102 = PLANE('',#8103);
#8103 = AXIS2_PLACEMENT_3D('',#8104,#8105,#8106);
#8104 = CARTESIAN_POINT('',(64.392789666748,91.416492303467,
    174.25781275634));
#8105 = DIRECTION('',(-0.781924232707,-0.181302727183,0.596425867499));
#8106 = DIRECTION('',(-0.60647680507,0.,-0.795101179041));
#8107 = ADVANCED_FACE('',(#8108),#8125,.T.);
#8108 = FACE_BOUND('',#8109,.T.);
#8109 = EDGE_LOOP('',(#8110,#8118,#8119));
#8110 = ORIENTED_EDGE('',*,*,#8111,.F.);
#8111 = EDGE_CURVE('',#3875,#8112,#8114,.T.);
#8112 = VERTEX_POINT('',#8113);
#8113 = CARTESIAN_POINT('',(65.745942895508,90.61724074707,
    172.66417719726));
#8114 = LINE('',#8115,#8116);
#8115 = CARTESIAN_POINT('',(64.745080773926,89.893386682129,
    171.19458796386));
#8116 = VECTOR('',#8117,1.);
#8117 = DIRECTION('',(0.521354331248,0.377059380919,0.765516743481));
#8118 = ORIENTED_EDGE('',*,*,#7572,.F.);
#8119 = ORIENTED_EDGE('',*,*,#8120,.T.);
#8120 = EDGE_CURVE('',#7573,#8112,#8121,.T.);
#8121 = LINE('',#8122,#8123);
#8122 = CARTESIAN_POINT('',(65.817186181641,90.567542871094,
    172.30916621093));
#8123 = VECTOR('',#8124,1.);
#8124 = DIRECTION('',(-0.194928801006,0.135978390421,0.971345788006));
#8125 = PLANE('',#8126);
#8126 = AXIS2_PLACEMENT_3D('',#8127,#8128,#8129);
#8127 = CARTESIAN_POINT('',(65.309962061552,90.275774199426,
    171.90526976764));
#8128 = DIRECTION('',(0.363749241537,-0.909696846145,0.200345045845));
#8129 = DIRECTION('',(-0.928522262084,-0.371276728081,1.387778780781E-17
    ));
#8130 = ADVANCED_FACE('',(#8131),#8146,.T.);
#8131 = FACE_BOUND('',#8132,.T.);
#8132 = EDGE_LOOP('',(#8133,#8134,#8140));
#8133 = ORIENTED_EDGE('',*,*,#7581,.F.);
#8134 = ORIENTED_EDGE('',*,*,#8135,.F.);
#8135 = EDGE_CURVE('',#7958,#6822,#8136,.T.);
#8136 = LINE('',#8137,#8138);
#8137 = CARTESIAN_POINT('',(65.162446801758,92.205001672363,
    171.94855524902));
#8138 = VECTOR('',#8139,1.);
#8139 = DIRECTION('',(0.440849835978,-0.897434221183,1.622469622101E-02)
  );
#8140 = ORIENTED_EDGE('',*,*,#8141,.F.);
#8141 = EDGE_CURVE('',#7573,#7958,#8142,.T.);
#8142 = LINE('',#8143,#8144);
#8143 = CARTESIAN_POINT('',(65.817186181641,90.567542871094,
    172.30916621093));
#8144 = VECTOR('',#8145,1.);
#8145 = DIRECTION('',(-0.363744366721,0.909700001254,-0.200339570224));
#8146 = PLANE('',#8147);
#8147 = AXIS2_PLACEMENT_3D('',#8148,#8149,#8150);
#8148 = CARTESIAN_POINT('',(65.56235131243,91.308511369072,
    172.0543120296));
#8149 = DIRECTION('',(0.829378587564,0.414196963608,0.374929371787));
#8150 = DIRECTION('',(-0.446788689103,0.894639518068,2.775557561563E-17)
  );
#8151 = ADVANCED_FACE('',(#8152),#8162,.T.);
#8152 = FACE_BOUND('',#8153,.T.);
#8153 = EDGE_LOOP('',(#8154,#8155,#8156));
#8154 = ORIENTED_EDGE('',*,*,#8135,.T.);
#8155 = ORIENTED_EDGE('',*,*,#7604,.T.);
#8156 = ORIENTED_EDGE('',*,*,#8157,.F.);
#8157 = EDGE_CURVE('',#7958,#7597,#8158,.T.);
#8158 = LINE('',#8159,#8160);
#8159 = CARTESIAN_POINT('',(65.162446801758,92.205001672363,
    171.94855524902));
#8160 = VECTOR('',#8161,1.);
#8161 = DIRECTION('',(0.424040127745,-2.978906425897E-02,-0.90515334707)
  );
#8162 = PLANE('',#8163);
#8163 = AXIS2_PLACEMENT_3D('',#8164,#8165,#8166);
#8164 = CARTESIAN_POINT('',(65.572263446393,91.453145371097,
    171.87259890409));
#8165 = DIRECTION('',(0.829384650595,0.414199645918,0.374912996144));
#8166 = DIRECTION('',(-0.446788390723,0.894639667081,-2.775557561563E-17
    ));
#8167 = ADVANCED_FACE('',(#8168),#8173,.T.);
#8168 = FACE_BOUND('',#8169,.T.);
#8169 = EDGE_LOOP('',(#8170,#8171,#8172));
#8170 = ORIENTED_EDGE('',*,*,#7635,.T.);
#8171 = ORIENTED_EDGE('',*,*,#7957,.F.);
#8172 = ORIENTED_EDGE('',*,*,#8157,.T.);
#8173 = PLANE('',#8174);
#8174 = AXIS2_PLACEMENT_3D('',#8175,#8176,#8177);
#8175 = CARTESIAN_POINT('',(64.937708891588,91.9240105084,
    171.08070913082));
#8176 = DIRECTION('',(-0.36374864883,0.909697068754,-0.200345111181));
#8177 = DIRECTION('',(0.928522501962,0.371276128172,2.775557561563E-17)
  );
#8178 = ADVANCED_FACE('',(#8179),#8189,.T.);
#8179 = FACE_BOUND('',#8180,.T.);
#8180 = EDGE_LOOP('',(#8181,#8187,#8188));
#8181 = ORIENTED_EDGE('',*,*,#8182,.T.);
#8182 = EDGE_CURVE('',#6141,#6954,#8183,.T.);
#8183 = LINE('',#8184,#8185);
#8184 = CARTESIAN_POINT('',(69.024034326172,93.994804223633,
    173.06426264648));
#8185 = VECTOR('',#8186,1.);
#8186 = DIRECTION('',(-0.709162570356,-0.130991650376,0.692769540568));
#8187 = ORIENTED_EDGE('',*,*,#7661,.F.);
#8188 = ORIENTED_EDGE('',*,*,#7755,.F.);
#8189 = PLANE('',#8190);
#8190 = AXIS2_PLACEMENT_3D('',#8191,#8192,#8193);
#8191 = CARTESIAN_POINT('',(68.022029320439,93.838599770982,
    174.17423316856));
#8192 = DIRECTION('',(-0.363749222139,0.909696291396,-0.200347599972));
#8193 = DIRECTION('',(0.928522190856,0.371276906213,-1.387778780781E-17)
  );
#8194 = ADVANCED_FACE('',(#8195),#8212,.T.);
#8195 = FACE_BOUND('',#8196,.T.);
#8196 = EDGE_LOOP('',(#8197,#8205,#8211));
#8197 = ORIENTED_EDGE('',*,*,#8198,.T.);
#8198 = EDGE_CURVE('',#6954,#8199,#8201,.T.);
#8199 = VERTEX_POINT('',#8200);
#8200 = CARTESIAN_POINT('',(65.454629724121,93.025276025391,
    175.14257075195));
#8201 = LINE('',#8202,#8203);
#8202 = CARTESIAN_POINT('',(66.896547143555,93.601829370117,
    175.14257075195));
#8203 = VECTOR('',#8204,1.);
#8204 = DIRECTION('',(-0.928524118749,-0.371272084732,0.));
#8205 = ORIENTED_EDGE('',*,*,#8206,.F.);
#8206 = EDGE_CURVE('',#7678,#8199,#8207,.T.);
#8207 = LINE('',#8208,#8209);
#8208 = CARTESIAN_POINT('',(66.167985742187,93.332565148926,
    175.24272944335));
#8209 = VECTOR('',#8210,1.);
#8210 = DIRECTION('',(-0.910872084362,-0.392372219996,-0.127890917996));
#8211 = ORIENTED_EDGE('',*,*,#7677,.T.);
#8212 = PLANE('',#8213);
#8213 = AXIS2_PLACEMENT_3D('',#8214,#8215,#8216);
#8214 = CARTESIAN_POINT('',(66.173679706821,93.318326277689,
    175.16771801028));
#8215 = DIRECTION('',(-0.363748517144,0.909708230747,-0.200294660905));
#8216 = DIRECTION('',(0.928524118749,0.371272084732,-1.387778780781E-17)
  );
#8217 = ADVANCED_FACE('',(#8218),#8235,.T.);
#8218 = FACE_BOUND('',#8219,.T.);
#8219 = EDGE_LOOP('',(#8220,#8228,#8234));
#8220 = ORIENTED_EDGE('',*,*,#8221,.T.);
#8221 = EDGE_CURVE('',#6985,#8222,#8224,.T.);
#8222 = VERTEX_POINT('',#8223);
#8223 = CARTESIAN_POINT('',(67.605653588867,91.62245925293,
    173.85202814941));
#8224 = LINE('',#8225,#8226);
#8225 = CARTESIAN_POINT('',(66.82272512207,91.695106347656,
    175.60335566406));
#8226 = VECTOR('',#8227,1.);
#8227 = DIRECTION('',(0.407830415917,-3.78421479279E-02,-0.91227316287)
  );
#8228 = ORIENTED_EDGE('',*,*,#8229,.T.);
#8229 = EDGE_CURVE('',#8222,#7701,#8230,.T.);
#8230 = LINE('',#8231,#8232);
#8231 = CARTESIAN_POINT('',(67.605653588867,91.62245925293,
    173.85202814941));
#8232 = VECTOR('',#8233,1.);
#8233 = DIRECTION('',(0.781914247451,0.181299229493,-0.596440021309));
#8234 = ORIENTED_EDGE('',*,*,#7700,.F.);
#8235 = PLANE('',#8236);
#8236 = AXIS2_PLACEMENT_3D('',#8237,#8238,#8239);
#8237 = CARTESIAN_POINT('',(67.328079918939,91.674927027997,
    174.59421704008));
#8238 = DIRECTION('',(0.363753340221,-0.909693990046,0.200350572628));
#8239 = DIRECTION('',(-0.928520418004,-0.371281339889,0.));
#8240 = ADVANCED_FACE('',(#8241),#8251,.T.);
#8241 = FACE_BOUND('',#8242,.T.);
#8242 = EDGE_LOOP('',(#8243,#8244,#8250));
#8243 = ORIENTED_EDGE('',*,*,#8206,.T.);
#8244 = ORIENTED_EDGE('',*,*,#8245,.F.);
#8245 = EDGE_CURVE('',#6985,#8199,#8246,.T.);
#8246 = LINE('',#8247,#8248);
#8247 = CARTESIAN_POINT('',(66.82272512207,91.695106347656,
    175.60335566406));
#8248 = VECTOR('',#8249,1.);
#8249 = DIRECTION('',(-0.696942002554,0.67762169241,-0.234735355351));
#8250 = ORIENTED_EDGE('',*,*,#7724,.T.);
#8251 = PLANE('',#8252);
#8252 = AXIS2_PLACEMENT_3D('',#8253,#8254,#8255);
#8253 = CARTESIAN_POINT('',(66.223504929272,92.562065959201,
    175.36172941087));
#8254 = DIRECTION('',(-0.194953045274,0.135971611575,0.971341871322));
#8255 = DIRECTION('',(0.980447548736,3.469446951954E-18,0.196780599087)
  );
#8256 = ADVANCED_FACE('',(#8257),#8272,.T.);
#8257 = FACE_BOUND('',#8258,.T.);
#8258 = EDGE_LOOP('',(#8259,#8265,#8266));
#8259 = ORIENTED_EDGE('',*,*,#8260,.T.);
#8260 = EDGE_CURVE('',#8199,#6141,#8261,.T.);
#8261 = LINE('',#8262,#8263);
#8262 = CARTESIAN_POINT('',(65.454629724121,93.025276025391,
    175.14257075195));
#8263 = VECTOR('',#8264,1.);
#8264 = DIRECTION('',(0.841316762846,0.228519995958,-0.489861935653));
#8265 = ORIENTED_EDGE('',*,*,#7771,.F.);
#8266 = ORIENTED_EDGE('',*,*,#8267,.F.);
#8267 = EDGE_CURVE('',#8199,#7772,#8268,.T.);
#8268 = LINE('',#8269,#8270);
#8269 = CARTESIAN_POINT('',(65.454629724121,93.025276025391,
    175.14257075195));
#8270 = VECTOR('',#8271,1.);
#8271 = DIRECTION('',(0.667803525438,0.104726520642,-0.736933380494));
#8272 = PLANE('',#8273);
#8273 = AXIS2_PLACEMENT_3D('',#8274,#8275,#8276);
#8274 = CARTESIAN_POINT('',(67.16525584191,93.44580212053,
    173.94622767094));
#8275 = DIRECTION('',(-0.36374652331,0.909697698774,-0.200346109582));
#8276 = DIRECTION('',(0.928523338514,0.371274036036,0.));
#8277 = ADVANCED_FACE('',(#8278),#8293,.T.);
#8278 = FACE_BOUND('',#8279,.T.);
#8279 = EDGE_LOOP('',(#8280,#8286,#8292));
#8280 = ORIENTED_EDGE('',*,*,#8281,.T.);
#8281 = EDGE_CURVE('',#6165,#8222,#8282,.T.);
#8282 = LINE('',#8283,#8284);
#8283 = CARTESIAN_POINT('',(67.236680810547,93.326186975098,
    173.27343012695));
#8284 = VECTOR('',#8285,1.);
#8285 = DIRECTION('',(0.200884869717,-0.92758366365,0.315013993417));
#8286 = ORIENTED_EDGE('',*,*,#8287,.T.);
#8287 = EDGE_CURVE('',#8222,#7772,#8288,.T.);
#8288 = LINE('',#8289,#8290);
#8289 = CARTESIAN_POINT('',(67.605653588867,91.62245925293,
    173.85202814941));
#8290 = VECTOR('',#8291,1.);
#8291 = DIRECTION('',(-0.363746024174,0.90969778469,-0.200346625696));
#8292 = ORIENTED_EDGE('',*,*,#7780,.F.);
#8293 = PLANE('',#8294);
#8294 = AXIS2_PLACEMENT_3D('',#8295,#8296,#8297);
#8295 = CARTESIAN_POINT('',(67.327008455754,92.534186848552,
    173.5952802277));
#8296 = DIRECTION('',(-0.506232102946,-0.373600684041,-0.777271887328));
#8297 = DIRECTION('',(-0.837948009483,-2.775557561563E-17,0.545750064959
    ));
#8298 = ADVANCED_FACE('',(#8299),#8304,.T.);
#8299 = FACE_BOUND('',#8300,.T.);
#8300 = EDGE_LOOP('',(#8301,#8302,#8303));
#8301 = ORIENTED_EDGE('',*,*,#8229,.F.);
#8302 = ORIENTED_EDGE('',*,*,#8281,.F.);
#8303 = ORIENTED_EDGE('',*,*,#7795,.F.);
#8304 = PLANE('',#8305);
#8305 = AXIS2_PLACEMENT_3D('',#8306,#8307,#8308);
#8306 = CARTESIAN_POINT('',(67.515326436752,92.414457582835,
    173.53017446303));
#8307 = DIRECTION('',(-0.506259873886,-0.373600573634,-0.777253852659));
#8308 = DIRECTION('',(-0.837928526805,2.775557561563E-17,0.545779977616)
  );
#8309 = ADVANCED_FACE('',(#8310),#8320,.T.);
#8310 = FACE_BOUND('',#8311,.T.);
#8311 = EDGE_LOOP('',(#8312,#8313,#8319));
#8312 = ORIENTED_EDGE('',*,*,#7888,.T.);
#8313 = ORIENTED_EDGE('',*,*,#8314,.F.);
#8314 = EDGE_CURVE('',#7849,#7234,#8315,.T.);
#8315 = LINE('',#8316,#8317);
#8316 = CARTESIAN_POINT('',(57.803192138672,81.021965026855,
    149.50468444824));
#8317 = VECTOR('',#8318,1.);
#8318 = DIRECTION('',(-0.170315004497,0.89421219785,-0.413977468542));
#8319 = ORIENTED_EDGE('',*,*,#7848,.F.);
#8320 = PLANE('',#8321);
#8321 = AXIS2_PLACEMENT_3D('',#8322,#8323,#8324);
#8322 = CARTESIAN_POINT('',(57.7632626724,81.735415352613,
    149.06315972034));
#8323 = DIRECTION('',(0.691362321938,0.407795117702,0.596423743477));
#8324 = DIRECTION('',(-0.653204555929,2.775557561563E-17,0.757181489548)
  );
#8325 = ADVANCED_FACE('',(#8326),#8336,.T.);
#8326 = FACE_BOUND('',#8327,.T.);
#8327 = EDGE_LOOP('',(#8328,#8329,#8335));
#8328 = ORIENTED_EDGE('',*,*,#7856,.T.);
#8329 = ORIENTED_EDGE('',*,*,#8330,.T.);
#8330 = EDGE_CURVE('',#7849,#7343,#8331,.T.);
#8331 = LINE('',#8332,#8333);
#8332 = CARTESIAN_POINT('',(57.803192138672,81.021965026855,
    149.50468444824));
#8333 = VECTOR('',#8334,1.);
#8334 = DIRECTION('',(-0.455042957959,0.111452160365,0.883467216348));
#8335 = ORIENTED_EDGE('',*,*,#7914,.F.);
#8336 = PLANE('',#8337);
#8337 = AXIS2_PLACEMENT_3D('',#8338,#8339,#8340);
#8338 = CARTESIAN_POINT('',(42.213250343715,71.500271469749,
    135.47684302881));
#8339 = DIRECTION('',(0.309379926429,-0.910542823766,0.274218575614));
#8340 = DIRECTION('',(-0.946837577487,-0.32171198588,-2.775557561563E-17
    ));
#8341 = ADVANCED_FACE('',(#8342),#8352,.T.);
#8342 = FACE_BOUND('',#8343,.T.);
#8343 = EDGE_LOOP('',(#8344,#8345,#8346));
#8344 = ORIENTED_EDGE('',*,*,#8314,.T.);
#8345 = ORIENTED_EDGE('',*,*,#7872,.F.);
#8346 = ORIENTED_EDGE('',*,*,#8347,.F.);
#8347 = EDGE_CURVE('',#7849,#7320,#8348,.T.);
#8348 = LINE('',#8349,#8350);
#8349 = CARTESIAN_POINT('',(57.803192138672,81.021965026855,
    149.50468444824));
#8350 = VECTOR('',#8351,1.);
#8351 = DIRECTION('',(-0.363746205596,0.909699299987,-0.200339415787));
#8352 = PLANE('',#8353);
#8353 = AXIS2_PLACEMENT_3D('',#8354,#8355,#8356);
#8354 = CARTESIAN_POINT('',(57.531750304334,81.943318563103,
    149.18937651039));
#8355 = DIRECTION('',(0.691370502775,0.407792966524,0.596415731136));
#8356 = DIRECTION('',(-0.653195093492,0.,0.75718965249));
#8357 = ADVANCED_FACE('',(#8358),#8363,.T.);
#8358 = FACE_BOUND('',#8359,.T.);
#8359 = EDGE_LOOP('',(#8360,#8361,#8362));
#8360 = ORIENTED_EDGE('',*,*,#7931,.T.);
#8361 = ORIENTED_EDGE('',*,*,#8330,.F.);
#8362 = ORIENTED_EDGE('',*,*,#8347,.T.);
#8363 = PLANE('',#8364);
#8364 = AXIS2_PLACEMENT_3D('',#8365,#8366,#8367);
#8365 = CARTESIAN_POINT('',(57.449562573228,81.753904804074,
    149.47834318636));
#8366 = DIRECTION('',(0.82937719336,0.414198615578,0.374930630899));
#8367 = DIRECTION('',(-0.446790716481,0.89463850558,-5.551115123126E-17)
  );
#8368 = ADVANCED_FACE('',(#8369),#8379,.T.);
#8369 = FACE_BOUND('',#8370,.T.);
#8370 = EDGE_LOOP('',(#8371,#8377,#8378));
#8371 = ORIENTED_EDGE('',*,*,#8372,.T.);
#8372 = EDGE_CURVE('',#7466,#7573,#8373,.T.);
#8373 = LINE('',#8374,#8375);
#8374 = CARTESIAN_POINT('',(65.09119588623,92.25469954834,
    172.30355097656));
#8375 = VECTOR('',#8376,1.);
#8376 = DIRECTION('',(0.395261572992,-0.918563521232,3.057184628793E-03)
  );
#8377 = ORIENTED_EDGE('',*,*,#8141,.T.);
#8378 = ORIENTED_EDGE('',*,*,#7966,.F.);
#8379 = PLANE('',#8380);
#8380 = AXIS2_PLACEMENT_3D('',#8381,#8382,#8383);
#8381 = CARTESIAN_POINT('',(65.440319142882,91.474709497355,
    172.21006356858));
#8382 = DIRECTION('',(0.91087036944,0.392376822081,0.127889012705));
#8383 = DIRECTION('',(-0.395625506573,0.918411922042,6.938893903907E-18)
  );
#8384 = ADVANCED_FACE('',(#8385),#8402,.T.);
#8385 = FACE_BOUND('',#8386,.T.);
#8386 = EDGE_LOOP('',(#8387,#8388,#8396));
#8387 = ORIENTED_EDGE('',*,*,#7981,.T.);
#8388 = ORIENTED_EDGE('',*,*,#8389,.F.);
#8389 = EDGE_CURVE('',#8390,#6736,#8392,.T.);
#8390 = VERTEX_POINT('',#8391);
#8391 = CARTESIAN_POINT('',(65.213289086914,92.45455916748,
    172.98935725097));
#8392 = LINE('',#8393,#8394);
#8393 = CARTESIAN_POINT('',(65.213289086914,92.45455916748,
    172.98935725097));
#8394 = VECTOR('',#8395,1.);
#8395 = DIRECTION('',(-0.212631469996,0.128314903309,0.968670812792));
#8396 = ORIENTED_EDGE('',*,*,#8397,.T.);
#8397 = EDGE_CURVE('',#8390,#7982,#8398,.T.);
#8398 = LINE('',#8399,#8400);
#8399 = CARTESIAN_POINT('',(65.213289086914,92.45455916748,
    172.98935725097));
#8400 = VECTOR('',#8401,1.);
#8401 = DIRECTION('',(-0.286616095175,-0.313941693761,-0.905147406175));
#8402 = PLANE('',#8403);
#8403 = AXIS2_PLACEMENT_3D('',#8404,#8405,#8406);
#8404 = CARTESIAN_POINT('',(64.995513697356,92.534743546099,
    173.7488224024));
#8405 = DIRECTION('',(-0.363731461423,0.909703749567,-0.200345980729));
#8406 = DIRECTION('',(0.928529489552,0.371258652468,-1.387778780781E-17)
  );
#8407 = ADVANCED_FACE('',(#8408),#8423,.T.);
#8408 = FACE_BOUND('',#8409,.T.);
#8409 = EDGE_LOOP('',(#8410,#8416,#8422));
#8410 = ORIENTED_EDGE('',*,*,#8411,.T.);
#8411 = EDGE_CURVE('',#7982,#8112,#8412,.T.);
#8412 = LINE('',#8413,#8414);
#8413 = CARTESIAN_POINT('',(65.1085375,92.339820703125,172.6585467041));
#8414 = VECTOR('',#8415,1.);
#8415 = DIRECTION('',(0.347031584192,-0.937848432505,3.065488582743E-03)
  );
#8416 = ORIENTED_EDGE('',*,*,#8417,.T.);
#8417 = EDGE_CURVE('',#8112,#7466,#8418,.T.);
#8418 = LINE('',#8419,#8420);
#8419 = CARTESIAN_POINT('',(65.745942895508,90.61724074707,
    172.66417719726));
#8420 = VECTOR('',#8421,1.);
#8421 = DIRECTION('',(-0.363747426702,0.909697053752,-0.200347398191));
#8422 = ORIENTED_EDGE('',*,*,#7989,.F.);
#8423 = PLANE('',#8424);
#8424 = AXIS2_PLACEMENT_3D('',#8425,#8426,#8427);
#8425 = CARTESIAN_POINT('',(65.393445702953,91.534152934647,
    172.56506616916));
#8426 = DIRECTION('',(0.930288079263,0.34381601972,-0.127885238259));
#8427 = DIRECTION('',(-0.346662474858,0.937989940525,-1.387778780781E-17
    ));
#8428 = ADVANCED_FACE('',(#8429),#8434,.T.);
#8429 = FACE_BOUND('',#8430,.T.);
#8430 = EDGE_LOOP('',(#8431,#8432,#8433));
#8431 = ORIENTED_EDGE('',*,*,#8080,.T.);
#8432 = ORIENTED_EDGE('',*,*,#8027,.F.);
#8433 = ORIENTED_EDGE('',*,*,#8097,.F.);
#8434 = PLANE('',#8435);
#8435 = AXIS2_PLACEMENT_3D('',#8436,#8437,#8438);
#8436 = CARTESIAN_POINT('',(64.972684876159,90.754087102211,
    174.68944913098));
#8437 = DIRECTION('',(0.363781542173,-0.90969047598,0.200315320147));
#8438 = DIRECTION('',(-0.928509999662,-0.37130739358,-1.387778780781E-17
    ));
#8439 = ADVANCED_FACE('',(#8440),#8463,.T.);
#8440 = FACE_BOUND('',#8441,.T.);
#8441 = EDGE_LOOP('',(#8442,#8443,#8451,#8457));
#8442 = ORIENTED_EDGE('',*,*,#8035,.T.);
#8443 = ORIENTED_EDGE('',*,*,#8444,.T.);
#8444 = EDGE_CURVE('',#8028,#8445,#8447,.T.);
#8445 = VERTEX_POINT('',#8446);
#8446 = CARTESIAN_POINT('',(66.109376733398,91.387817224121,
    175.50319697265));
#8447 = LINE('',#8448,#8449);
#8448 = CARTESIAN_POINT('',(65.459840600586,91.063430627441,
    175.20957209472));
#8449 = VECTOR('',#8450,1.);
#8450 = DIRECTION('',(0.829378696609,0.414202257828,0.374923281781));
#8451 = ORIENTED_EDGE('',*,*,#8452,.F.);
#8452 = EDGE_CURVE('',#8199,#8445,#8453,.T.);
#8453 = LINE('',#8454,#8455);
#8454 = CARTESIAN_POINT('',(65.454629724121,93.025276025391,
    175.14257075195));
#8455 = VECTOR('',#8456,1.);
#8456 = DIRECTION('',(0.363747426702,-0.909697053752,0.200347398191));
#8457 = ORIENTED_EDGE('',*,*,#8458,.T.);
#8458 = EDGE_CURVE('',#8199,#6736,#8459,.T.);
#8459 = LINE('',#8460,#8461);
#8460 = CARTESIAN_POINT('',(65.454629724121,93.025276025391,
    175.14257075195));
#8461 = VECTOR('',#8462,1.);
#8462 = DIRECTION('',(-0.829378696609,-0.414202257828,-0.374923281781));
#8463 = PLANE('',#8464);
#8464 = AXIS2_PLACEMENT_3D('',#8465,#8466,#8467);
#8465 = CARTESIAN_POINT('',(65.457235162353,92.044353326416,
    175.17607142334));
#8466 = DIRECTION('',(-0.4240509495,2.97864850222E-02,0.90514836217));
#8467 = DIRECTION('',(0.905550169075,0.,0.424239191126));
#8468 = ADVANCED_FACE('',(#8469),#8486,.T.);
#8469 = FACE_BOUND('',#8470,.T.);
#8470 = EDGE_LOOP('',(#8471,#8479,#8485));
#8471 = ORIENTED_EDGE('',*,*,#8472,.T.);
#8472 = EDGE_CURVE('',#3875,#8473,#8475,.T.);
#8473 = VERTEX_POINT('',#8474);
#8474 = CARTESIAN_POINT('',(65.763284509277,90.702354272461,
    173.0191729248));
#8475 = LINE('',#8476,#8477);
#8476 = CARTESIAN_POINT('',(64.745080773926,89.893386682129,
    171.19458796386));
#8477 = VECTOR('',#8478,1.);
#8478 = DIRECTION('',(0.45443399872,0.361049919722,0.814329599288));
#8479 = ORIENTED_EDGE('',*,*,#8480,.T.);
#8480 = EDGE_CURVE('',#8473,#8051,#8481,.T.);
#8481 = LINE('',#8482,#8483);
#8482 = CARTESIAN_POINT('',(65.763284509277,90.702354272461,
    173.0191729248));
#8483 = VECTOR('',#8484,1.);
#8484 = DIRECTION('',(0.286596934702,0.313943572073,0.905152821668));
#8485 = ORIENTED_EDGE('',*,*,#8050,.F.);
#8486 = PLANE('',#8487);
#8487 = AXIS2_PLACEMENT_3D('',#8488,#8489,#8490);
#8488 = CARTESIAN_POINT('',(65.319754482481,90.358944476936,
    172.26514275433));
#8489 = DIRECTION('',(0.363740047824,-0.909699399909,0.200350142035));
#8490 = DIRECTION('',(-0.928525856373,-0.371267739032,0.));
#8491 = ADVANCED_FACE('',(#8492),#8509,.T.);
#8492 = FACE_BOUND('',#8493,.T.);
#8493 = EDGE_LOOP('',(#8494,#8495,#8503));
#8494 = ORIENTED_EDGE('',*,*,#8058,.T.);
#8495 = ORIENTED_EDGE('',*,*,#8496,.T.);
#8496 = EDGE_CURVE('',#8051,#8497,#8499,.T.);
#8497 = VERTEX_POINT('',#8498);
#8498 = CARTESIAN_POINT('',(66.053048913574,90.953636010742,
    173.63404108886));
#8499 = LINE('',#8500,#8501);
#8500 = CARTESIAN_POINT('',(65.868028466797,90.817092736816,
    173.34998347168));
#8501 = VECTOR('',#8502,1.);
#8502 = DIRECTION('',(0.506259054572,0.373614213833,0.777247829772));
#8503 = ORIENTED_EDGE('',*,*,#8504,.F.);
#8504 = EDGE_CURVE('',#6985,#8497,#8505,.T.);
#8505 = LINE('',#8506,#8507);
#8506 = CARTESIAN_POINT('',(66.82272512207,91.695106347656,
    175.60335566406));
#8507 = VECTOR('',#8508,1.);
#8508 = DIRECTION('',(-0.343510315415,-0.330921894808,-0.878914877983));
#8509 = PLANE('',#8510);
#8510 = AXIS2_PLACEMENT_3D('',#8511,#8512,#8513);
#8511 = CARTESIAN_POINT('',(66.358176230463,91.259457095783,
    174.46867392448));
#8512 = DIRECTION('',(0.363775350638,-0.909689107843,0.200332776503));
#8513 = DIRECTION('',(-0.928511985901,-0.371302426653,
    -4.163336342344E-17));
#8514 = ADVANCED_FACE('',(#8515),#8525,.T.);
#8515 = FACE_BOUND('',#8516,.T.);
#8516 = EDGE_LOOP('',(#8517,#8518,#8524));
#8517 = ORIENTED_EDGE('',*,*,#8074,.T.);
#8518 = ORIENTED_EDGE('',*,*,#8519,.F.);
#8519 = EDGE_CURVE('',#8445,#6985,#8520,.T.);
#8520 = LINE('',#8521,#8522);
#8521 = CARTESIAN_POINT('',(66.109376733398,91.387817224121,
    175.50319697265));
#8522 = VECTOR('',#8523,1.);
#8523 = DIRECTION('',(0.910870425187,0.392375701767,0.127892052854));
#8524 = ORIENTED_EDGE('',*,*,#8444,.F.);
#8525 = PLANE('',#8526);
#8526 = AXIS2_PLACEMENT_3D('',#8527,#8528,#8529);
#8527 = CARTESIAN_POINT('',(66.133271010922,91.381414363027,
    175.43075072772));
#8528 = DIRECTION('',(0.363737148517,-0.909696660894,0.200367841599));
#8529 = DIRECTION('',(-0.928526491184,-0.371266151393,
    -4.163336342344E-17));
#8530 = ADVANCED_FACE('',(#8531),#8541,.T.);
#8531 = FACE_BOUND('',#8532,.T.);
#8532 = EDGE_LOOP('',(#8533,#8534,#8540));
#8533 = ORIENTED_EDGE('',*,*,#8111,.T.);
#8534 = ORIENTED_EDGE('',*,*,#8535,.T.);
#8535 = EDGE_CURVE('',#8112,#8473,#8536,.T.);
#8536 = LINE('',#8537,#8538);
#8537 = CARTESIAN_POINT('',(65.745942895508,90.61724074707,
    172.66417719726));
#8538 = VECTOR('',#8539,1.);
#8539 = DIRECTION('',(4.745040317148E-02,0.232889000344,0.971345032806)
  );
#8540 = ORIENTED_EDGE('',*,*,#8472,.F.);
#8541 = PLANE('',#8542);
#8542 = AXIS2_PLACEMENT_3D('',#8543,#8544,#8545);
#8543 = CARTESIAN_POINT('',(65.290915586901,90.309045321793,
    172.09092641052));
#8544 = DIRECTION('',(0.363757941661,-0.909694884935,0.20033815463));
#8545 = DIRECTION('',(-0.928518924774,-0.371285074218,
    -2.775557561563E-17));
#8546 = ADVANCED_FACE('',(#8547),#8552,.T.);
#8547 = FACE_BOUND('',#8548,.T.);
#8548 = EDGE_LOOP('',(#8549,#8550,#8551));
#8549 = ORIENTED_EDGE('',*,*,#8120,.F.);
#8550 = ORIENTED_EDGE('',*,*,#8372,.F.);
#8551 = ORIENTED_EDGE('',*,*,#8417,.F.);
#8552 = PLANE('',#8553);
#8553 = AXIS2_PLACEMENT_3D('',#8554,#8555,#8556);
#8554 = CARTESIAN_POINT('',(65.468065961366,91.347530535045,
    172.40265814518));
#8555 = DIRECTION('',(0.910873318258,0.392378008941,0.127864366364));
#8556 = DIRECTION('',(-0.395625435639,0.918411952598,-6.938893903907E-18
    ));
#8557 = ADVANCED_FACE('',(#8558),#8563,.T.);
#8558 = FACE_BOUND('',#8559,.T.);
#8559 = EDGE_LOOP('',(#8560,#8561,#8562));
#8560 = ORIENTED_EDGE('',*,*,#8260,.F.);
#8561 = ORIENTED_EDGE('',*,*,#8198,.F.);
#8562 = ORIENTED_EDGE('',*,*,#8182,.F.);
#8563 = PLANE('',#8564);
#8564 = AXIS2_PLACEMENT_3D('',#8565,#8566,#8567);
#8565 = CARTESIAN_POINT('',(67.297426616457,93.573674766663,
    174.28688624356));
#8566 = DIRECTION('',(-0.363744876825,0.909699126579,-0.200342615747));
#8567 = DIRECTION('',(0.928524118749,0.371272084732,-1.387778780781E-17)
  );
#8568 = ADVANCED_FACE('',(#8569),#8586,.T.);
#8569 = FACE_BOUND('',#8570,.T.);
#8570 = EDGE_LOOP('',(#8571,#8579,#8585));
#8571 = ORIENTED_EDGE('',*,*,#8572,.T.);
#8572 = EDGE_CURVE('',#6985,#8573,#8575,.T.);
#8573 = VERTEX_POINT('',#8574);
#8574 = CARTESIAN_POINT('',(67.281732385254,91.523116906738,
    173.98905207519));
#8575 = LINE('',#8576,#8577);
#8576 = CARTESIAN_POINT('',(66.82272512207,91.695106347656,
    175.60335566406));
#8577 = VECTOR('',#8578,1.);
#8578 = DIRECTION('',(0.272071771943,-0.101944948804,-0.956861629665));
#8579 = ORIENTED_EDGE('',*,*,#8580,.T.);
#8580 = EDGE_CURVE('',#8573,#8222,#8581,.T.);
#8581 = LINE('',#8582,#8583);
#8582 = CARTESIAN_POINT('',(67.281732385254,91.523116906738,
    173.98905207519));
#8583 = VECTOR('',#8584,1.);
#8584 = DIRECTION('',(0.886310477269,0.271819693443,-0.374923715094));
#8585 = ORIENTED_EDGE('',*,*,#8221,.F.);
#8586 = PLANE('',#8587);
#8587 = AXIS2_PLACEMENT_3D('',#8588,#8589,#8590);
#8588 = CARTESIAN_POINT('',(67.166518225571,91.629774887478,
    174.68252764457));
#8589 = DIRECTION('',(0.363742331621,-0.909699426107,0.200345876743));
#8590 = DIRECTION('',(-0.928525056467,-0.371269739559,0.));
#8591 = ADVANCED_FACE('',(#8592),#8597,.T.);
#8592 = FACE_BOUND('',#8593,.T.);
#8593 = EDGE_LOOP('',(#8594,#8595,#8596));
#8594 = ORIENTED_EDGE('',*,*,#8245,.T.);
#8595 = ORIENTED_EDGE('',*,*,#8452,.T.);
#8596 = ORIENTED_EDGE('',*,*,#8519,.T.);
#8597 = PLANE('',#8598);
#8598 = AXIS2_PLACEMENT_3D('',#8599,#8600,#8601);
#8599 = CARTESIAN_POINT('',(66.05385128841,92.158317386232,
    175.38419670924));
#8600 = DIRECTION('',(-0.194954474646,0.135970114657,0.971341793982));
#8601 = DIRECTION('',(0.980447267354,0.,0.196782001052));
#8602 = ADVANCED_FACE('',(#8603),#8613,.T.);
#8603 = FACE_BOUND('',#8604,.T.);
#8604 = EDGE_LOOP('',(#8605,#8606,#8612));
#8605 = ORIENTED_EDGE('',*,*,#8267,.T.);
#8606 = ORIENTED_EDGE('',*,*,#8607,.F.);
#8607 = EDGE_CURVE('',#6736,#7772,#8608,.T.);
#8608 = LINE('',#8609,#8610);
#8609 = CARTESIAN_POINT('',(64.805093591309,92.700889428711,
    174.84894587402));
#8610 = VECTOR('',#8611,1.);
#8611 = DIRECTION('',(0.825315100361,0.215014572716,-0.52213381296));
#8612 = ORIENTED_EDGE('',*,*,#8458,.F.);
#8613 = PLANE('',#8614);
#8614 = AXIS2_PLACEMENT_3D('',#8615,#8616,#8617);
#8615 = CARTESIAN_POINT('',(65.903207747425,93.028689477912,
    174.34363685799));
#8616 = DIRECTION('',(-0.363747073552,0.909697358287,-0.200346656595));
#8617 = DIRECTION('',(0.928523096994,0.371274640055,1.387778780781E-17)
  );
#8618 = ADVANCED_FACE('',(#8619),#8629,.T.);
#8619 = FACE_BOUND('',#8620,.T.);
#8620 = EDGE_LOOP('',(#8621,#8622,#8628));
#8621 = ORIENTED_EDGE('',*,*,#8580,.F.);
#8622 = ORIENTED_EDGE('',*,*,#8623,.F.);
#8623 = EDGE_CURVE('',#7772,#8573,#8624,.T.);
#8624 = LINE('',#8625,#8626);
#8625 = CARTESIAN_POINT('',(66.95090657959,93.259925683594,
    173.49140192871));
#8626 = VECTOR('',#8627,1.);
#8627 = DIRECTION('',(0.180115957676,-0.945594239587,0.270942384744));
#8628 = ORIENTED_EDGE('',*,*,#8287,.F.);
#8629 = PLANE('',#8630);
#8630 = AXIS2_PLACEMENT_3D('',#8631,#8632,#8633);
#8631 = CARTESIAN_POINT('',(67.219056596418,92.339096661479,
    173.72587921342));
#8632 = DIRECTION('',(-0.286609114671,-0.313946324176,-0.905148010506));
#8633 = DIRECTION('',(1.387778780781E-17,-0.944783959404,0.327693866365)
  );
#8634 = ADVANCED_FACE('',(#8635),#8652,.T.);
#8635 = FACE_BOUND('',#8636,.T.);
#8636 = EDGE_LOOP('',(#8637,#8638,#8646));
#8637 = ORIENTED_EDGE('',*,*,#8389,.T.);
#8638 = ORIENTED_EDGE('',*,*,#8639,.F.);
#8639 = EDGE_CURVE('',#8640,#6736,#8642,.T.);
#8640 = VERTEX_POINT('',#8641);
#8641 = CARTESIAN_POINT('',(65.398301904297,92.591102441406,
    173.27343012695));
#8642 = LINE('',#8643,#8644);
#8643 = CARTESIAN_POINT('',(65.398301904297,92.591102441406,
    173.27343012695));
#8644 = VECTOR('',#8645,1.);
#8645 = DIRECTION('',(-0.351620822743,6.507560659104E-02,0.93387791624)
  );
#8646 = ORIENTED_EDGE('',*,*,#8647,.T.);
#8647 = EDGE_CURVE('',#8640,#8390,#8648,.T.);
#8648 = LINE('',#8649,#8650);
#8649 = CARTESIAN_POINT('',(65.398301904297,92.591102441406,
    173.27343012695));
#8650 = VECTOR('',#8651,1.);
#8651 = DIRECTION('',(-0.506227100684,-0.373606037977,-0.77727257183));
#8652 = PLANE('',#8653);
#8653 = AXIS2_PLACEMENT_3D('',#8654,#8655,#8656);
#8654 = CARTESIAN_POINT('',(65.075769245062,92.601669463064,
    173.90699736173));
#8655 = DIRECTION('',(-0.363752418531,0.909694623011,-0.200349372043));
#8656 = DIRECTION('',(0.928520831385,0.371280306082,1.387778780781E-17)
  );
#8657 = ADVANCED_FACE('',(#8658),#8673,.T.);
#8658 = FACE_BOUND('',#8659,.T.);
#8659 = EDGE_LOOP('',(#8660,#8666,#8672));
#8660 = ORIENTED_EDGE('',*,*,#8661,.T.);
#8661 = EDGE_CURVE('',#8390,#8473,#8662,.T.);
#8662 = LINE('',#8663,#8664);
#8663 = CARTESIAN_POINT('',(65.213289086914,92.45455916748,
    172.98935725097));
#8664 = VECTOR('',#8665,1.);
#8665 = DIRECTION('',(0.299441437479,-0.953976580872,1.623295007097E-02)
  );
#8666 = ORIENTED_EDGE('',*,*,#8667,.T.);
#8667 = EDGE_CURVE('',#8473,#7982,#8668,.T.);
#8668 = LINE('',#8669,#8670);
#8669 = CARTESIAN_POINT('',(65.763284509277,90.702354272461,
    173.0191729248));
#8670 = VECTOR('',#8671,1.);
#8671 = DIRECTION('',(-0.363746024174,0.90969778469,-0.200346625696));
#8672 = ORIENTED_EDGE('',*,*,#8397,.F.);
#8673 = PLANE('',#8674);
#8674 = AXIS2_PLACEMENT_3D('',#8675,#8676,#8677);
#8675 = CARTESIAN_POINT('',(65.434835420124,91.627420186704,
    172.9134077369));
#8676 = DIRECTION('',(0.886307749245,0.271821202755,-0.374929069773));
#8677 = DIRECTION('',(0.389598314446,0.,0.920984882276));
#8678 = ADVANCED_FACE('',(#8679),#8684,.T.);
#8679 = FACE_BOUND('',#8680,.T.);
#8680 = EDGE_LOOP('',(#8681,#8682,#8683));
#8681 = ORIENTED_EDGE('',*,*,#8535,.F.);
#8682 = ORIENTED_EDGE('',*,*,#8411,.F.);
#8683 = ORIENTED_EDGE('',*,*,#8667,.F.);
#8684 = PLANE('',#8685);
#8685 = AXIS2_PLACEMENT_3D('',#8686,#8687,#8688);
#8686 = CARTESIAN_POINT('',(65.461034518645,91.422906960592,
    172.75765783571));
#8687 = DIRECTION('',(0.930288949917,0.343816365629,-0.1278779746));
#8688 = DIRECTION('',(-0.346662496267,0.937989932612,0.));
#8689 = ADVANCED_FACE('',(#8690),#8700,.T.);
#8690 = FACE_BOUND('',#8691,.T.);
#8691 = EDGE_LOOP('',(#8692,#8693,#8694));
#8692 = ORIENTED_EDGE('',*,*,#8480,.F.);
#8693 = ORIENTED_EDGE('',*,*,#8661,.F.);
#8694 = ORIENTED_EDGE('',*,*,#8695,.F.);
#8695 = EDGE_CURVE('',#8051,#8390,#8696,.T.);
#8696 = LINE('',#8697,#8698);
#8697 = CARTESIAN_POINT('',(65.868028466797,90.817092736816,
    173.34998347168));
#8698 = VECTOR('',#8699,1.);
#8699 = DIRECTION('',(-0.363742346444,0.909699187209,-0.200346934579));
#8700 = PLANE('',#8701);
#8701 = AXIS2_PLACEMENT_3D('',#8702,#8703,#8704);
#8702 = CARTESIAN_POINT('',(65.541735963134,91.529493600074,
    173.0951223383));
#8703 = DIRECTION('',(0.886314418469,0.271823593917,-0.374911570113));
#8704 = DIRECTION('',(0.389580403523,4.163336342344E-17,0.920992458813)
  );
#8705 = ADVANCED_FACE('',(#8706),#8721,.T.);
#8706 = FACE_BOUND('',#8707,.T.);
#8707 = EDGE_LOOP('',(#8708,#8709,#8715));
#8708 = ORIENTED_EDGE('',*,*,#8496,.F.);
#8709 = ORIENTED_EDGE('',*,*,#8710,.F.);
#8710 = EDGE_CURVE('',#8640,#8051,#8711,.T.);
#8711 = LINE('',#8712,#8713);
#8712 = CARTESIAN_POINT('',(65.398301904297,92.591102441406,
    173.27343012695));
#8713 = VECTOR('',#8714,1.);
#8714 = DIRECTION('',(0.25573927619,-0.965846928885,4.167892244825E-02)
  );
#8715 = ORIENTED_EDGE('',*,*,#8716,.F.);
#8716 = EDGE_CURVE('',#8497,#8640,#8717,.T.);
#8717 = LINE('',#8718,#8719);
#8718 = CARTESIAN_POINT('',(66.053048913574,90.953636010742,
    173.63404108886));
#8719 = VECTOR('',#8720,1.);
#8720 = DIRECTION('',(-0.36374664193,0.909699329645,-0.200338488883));
#8721 = PLANE('',#8722);
#8722 = AXIS2_PLACEMENT_3D('',#8723,#8724,#8725);
#8723 = CARTESIAN_POINT('',(65.704666365132,91.660039580879,
    173.39204946283));
#8724 = DIRECTION('',(0.781911136812,0.181298114068,-0.596444438287));
#8725 = DIRECTION('',(0.606495164324,0.,0.795087174875));
#8726 = ADVANCED_FACE('',(#8727),#8744,.T.);
#8727 = FACE_BOUND('',#8728,.T.);
#8728 = EDGE_LOOP('',(#8729,#8730,#8738));
#8729 = ORIENTED_EDGE('',*,*,#8504,.T.);
#8730 = ORIENTED_EDGE('',*,*,#8731,.T.);
#8731 = EDGE_CURVE('',#8497,#8732,#8734,.T.);
#8732 = VERTEX_POINT('',#8733);
#8733 = CARTESIAN_POINT('',(66.30571920166,91.10267623291,
    173.85202814941));
#8734 = LINE('',#8735,#8736);
#8735 = CARTESIAN_POINT('',(66.053048913574,90.953636010742,
    173.63404108886));
#8736 = VECTOR('',#8737,1.);
#8737 = DIRECTION('',(0.691343407873,0.407796167426,0.596444949869));
#8738 = ORIENTED_EDGE('',*,*,#8739,.F.);
#8739 = EDGE_CURVE('',#6985,#8732,#8740,.T.);
#8740 = LINE('',#8741,#8742);
#8741 = CARTESIAN_POINT('',(66.82272512207,91.695106347656,
    175.60335566406));
#8742 = VECTOR('',#8743,1.);
#8743 = DIRECTION('',(-0.269309839449,-0.308598514617,-0.912271432827));
#8744 = PLANE('',#8745);
#8745 = AXIS2_PLACEMENT_3D('',#8746,#8747,#8748);
#8746 = CARTESIAN_POINT('',(66.470600087866,91.332060282643,
    174.59421773172));
#8747 = DIRECTION('',(0.363749082259,-0.909696719726,0.200345909057));
#8748 = DIRECTION('',(-0.928522300342,-0.371276632401,1.387778780781E-17
    ));
#8749 = ADVANCED_FACE('',(#8750),#8767,.T.);
#8750 = FACE_BOUND('',#8751,.T.);
#8751 = EDGE_LOOP('',(#8752,#8760,#8766));
#8752 = ORIENTED_EDGE('',*,*,#8753,.T.);
#8753 = EDGE_CURVE('',#6985,#8754,#8756,.T.);
#8754 = VERTEX_POINT('',#8755);
#8755 = CARTESIAN_POINT('',(66.941736047363,91.397460778809,
    174.03578974609));
#8756 = LINE('',#8757,#8758);
#8757 = CARTESIAN_POINT('',(66.82272512207,91.695106347656,
    175.60335566406));
#8758 = VECTOR('',#8759,1.);
#8759 = DIRECTION('',(7.438154658605E-02,-0.186027775945,-0.979724987996
    ));
#8760 = ORIENTED_EDGE('',*,*,#8761,.T.);
#8761 = EDGE_CURVE('',#8754,#8573,#8762,.T.);
#8762 = LINE('',#8763,#8764);
#8763 = CARTESIAN_POINT('',(66.941736047363,91.397460778809,
    174.03578974609));
#8764 = VECTOR('',#8765,1.);
#8765 = DIRECTION('',(0.930288236455,0.343816696311,-0.12788227575));
#8766 = ORIENTED_EDGE('',*,*,#8572,.F.);
#8767 = PLANE('',#8768);
#8768 = AXIS2_PLACEMENT_3D('',#8769,#8770,#8771);
#8769 = CARTESIAN_POINT('',(66.983715089942,91.566698609019,
    174.7280155194));
#8770 = DIRECTION('',(0.36374737762,-0.90969714597,0.200347068582));
#8771 = DIRECTION('',(-0.928522960129,-0.371274982342,1.387778780781E-17
    ));
#8772 = ADVANCED_FACE('',(#8773),#8790,.T.);
#8773 = FACE_BOUND('',#8774,.T.);
#8774 = EDGE_LOOP('',(#8775,#8783,#8784));
#8775 = ORIENTED_EDGE('',*,*,#8776,.T.);
#8776 = EDGE_CURVE('',#8777,#6736,#8779,.T.);
#8777 = VERTEX_POINT('',#8778);
#8778 = CARTESIAN_POINT('',(66.626985375977,93.160575708008,
    173.62842585449));
#8779 = LINE('',#8780,#8781);
#8780 = CARTESIAN_POINT('',(66.626985375977,93.160575708008,
    173.62842585449));
#8781 = VECTOR('',#8782,1.);
#8782 = DIRECTION('',(-0.813128210048,-0.205162504499,0.544730080656));
#8783 = ORIENTED_EDGE('',*,*,#8607,.T.);
#8784 = ORIENTED_EDGE('',*,*,#8785,.T.);
#8785 = EDGE_CURVE('',#7772,#8777,#8786,.T.);
#8786 = LINE('',#8787,#8788);
#8787 = CARTESIAN_POINT('',(66.95090657959,93.259925683594,
    173.49140192871));
#8788 = VECTOR('',#8789,1.);
#8789 = DIRECTION('',(-0.886305447867,-0.271839026359,0.374921587575));
#8790 = PLANE('',#8791);
#8791 = AXIS2_PLACEMENT_3D('',#8792,#8793,#8794);
#8792 = CARTESIAN_POINT('',(65.872244941438,92.975163671621,
    174.15681903363));
#8793 = DIRECTION('',(-0.363784269559,0.909666757432,-0.200418052193));
#8794 = DIRECTION('',(0.928505702047,0.371318140232,1.387778780781E-17)
  );
#8795 = ADVANCED_FACE('',(#8796),#8806,.T.);
#8796 = FACE_BOUND('',#8797,.T.);
#8797 = EDGE_LOOP('',(#8798,#8799,#8805));
#8798 = ORIENTED_EDGE('',*,*,#8623,.T.);
#8799 = ORIENTED_EDGE('',*,*,#8800,.T.);
#8800 = EDGE_CURVE('',#8573,#8777,#8801,.T.);
#8801 = LINE('',#8802,#8803);
#8802 = CARTESIAN_POINT('',(67.281732385254,91.523116906738,
    173.98905207519));
#8803 = VECTOR('',#8804,1.);
#8804 = DIRECTION('',(-0.363747426702,0.909697053752,-0.200347398191));
#8805 = ORIENTED_EDGE('',*,*,#8785,.F.);
#8806 = PLANE('',#8807);
#8807 = AXIS2_PLACEMENT_3D('',#8808,#8809,#8810);
#8808 = CARTESIAN_POINT('',(67.013582354725,92.443944438975,
    173.75457459568));
#8809 = DIRECTION('',(-0.286602821977,-0.313945753211,-0.905150201058));
#8810 = DIRECTION('',(-2.775557561563E-17,-0.944784389443,0.327692626504
    ));
#8811 = ADVANCED_FACE('',(#8812),#8829,.T.);
#8812 = FACE_BOUND('',#8813,.T.);
#8813 = EDGE_LOOP('',(#8814,#8815,#8823));
#8814 = ORIENTED_EDGE('',*,*,#8639,.T.);
#8815 = ORIENTED_EDGE('',*,*,#8816,.F.);
#8816 = EDGE_CURVE('',#8817,#6736,#8819,.T.);
#8817 = VERTEX_POINT('',#8818);
#8818 = CARTESIAN_POINT('',(65.650979821777,92.74013503418,
    173.49140192871));
#8819 = LINE('',#8820,#8821);
#8820 = CARTESIAN_POINT('',(65.650979821777,92.74013503418,
    173.49140192871));
#8821 = VECTOR('',#8822,1.);
#8822 = DIRECTION('',(-0.528679999326,-2.452855469851E-02,0.848466739665
    ));
#8823 = ORIENTED_EDGE('',*,*,#8824,.T.);
#8824 = EDGE_CURVE('',#8817,#8640,#8825,.T.);
#8825 = LINE('',#8826,#8827);
#8826 = CARTESIAN_POINT('',(65.650979821777,92.74013503418,
    173.49140192871));
#8827 = VECTOR('',#8828,1.);
#8828 = DIRECTION('',(-0.691377406438,-0.407783032621,-0.596414520425));
#8829 = PLANE('',#8830);
#8830 = AXIS2_PLACEMENT_3D('',#8831,#8832,#8833);
#8831 = CARTESIAN_POINT('',(65.199360069067,92.6806013175,
    174.04101189672));
#8832 = DIRECTION('',(-0.363730909546,0.909704849943,-0.200341986192));
#8833 = DIRECTION('',(0.928529838541,0.371257779635,0.));
#8834 = ADVANCED_FACE('',(#8835),#8840,.T.);
#8835 = FACE_BOUND('',#8836,.T.);
#8836 = EDGE_LOOP('',(#8837,#8838,#8839));
#8837 = ORIENTED_EDGE('',*,*,#8710,.T.);
#8838 = ORIENTED_EDGE('',*,*,#8695,.T.);
#8839 = ORIENTED_EDGE('',*,*,#8647,.F.);
#8840 = PLANE('',#8841);
#8841 = AXIS2_PLACEMENT_3D('',#8842,#8843,#8844);
#8842 = CARTESIAN_POINT('',(65.561665557185,91.748157137482,
    173.23135980366));
#8843 = DIRECTION('',(0.781935051312,0.181305901288,-0.596410718958));
#8844 = DIRECTION('',(0.606461762114,0.,0.795112653083));
#8845 = ADVANCED_FACE('',(#8846),#8856,.T.);
#8846 = FACE_BOUND('',#8847,.T.);
#8847 = EDGE_LOOP('',(#8848,#8854,#8855));
#8848 = ORIENTED_EDGE('',*,*,#8849,.T.);
#8849 = EDGE_CURVE('',#8817,#8497,#8850,.T.);
#8850 = LINE('',#8851,#8852);
#8851 = CARTESIAN_POINT('',(65.650979821777,92.74013503418,
    173.49140192871));
#8852 = VECTOR('',#8853,1.);
#8853 = DIRECTION('',(0.218904610682,-0.972650922908,7.765921444606E-02)
  );
#8854 = ORIENTED_EDGE('',*,*,#8716,.T.);
#8855 = ORIENTED_EDGE('',*,*,#8824,.F.);
#8856 = PLANE('',#8857);
#8857 = AXIS2_PLACEMENT_3D('',#8858,#8859,#8860);
#8858 = CARTESIAN_POINT('',(65.765298171652,91.888135906307,
    173.4972397389));
#8859 = DIRECTION('',(0.624252526006,7.843427415367E-02,-0.777275271968)
  );
#8860 = DIRECTION('',(-0.779677233818,-6.938893903907E-18,
    -0.626181611887));
#8861 = ADVANCED_FACE('',(#8862),#8872,.T.);
#8862 = FACE_BOUND('',#8863,.T.);
#8863 = EDGE_LOOP('',(#8864,#8865,#8866));
#8864 = ORIENTED_EDGE('',*,*,#8731,.F.);
#8865 = ORIENTED_EDGE('',*,*,#8849,.F.);
#8866 = ORIENTED_EDGE('',*,*,#8867,.F.);
#8867 = EDGE_CURVE('',#8732,#8817,#8868,.T.);
#8868 = LINE('',#8869,#8870);
#8869 = CARTESIAN_POINT('',(66.30571920166,91.10267623291,
    173.85202814941));
#8870 = VECTOR('',#8871,1.);
#8871 = DIRECTION('',(-0.363743748963,0.909698456281,-0.200347707077));
#8872 = PLANE('',#8873);
#8873 = AXIS2_PLACEMENT_3D('',#8874,#8875,#8876);
#8874 = CARTESIAN_POINT('',(65.938728850906,91.805635662363,
    173.62820753337));
#8875 = DIRECTION('',(0.624286077254,7.844405554503E-02,-0.777247337658)
  );
#8876 = DIRECTION('',(-0.77964981507,-1.387778780781E-17,-0.62621575025)
  );
#8877 = ADVANCED_FACE('',(#8878),#8895,.T.);
#8878 = FACE_BOUND('',#8879,.T.);
#8879 = EDGE_LOOP('',(#8880,#8881,#8889));
#8880 = ORIENTED_EDGE('',*,*,#8739,.T.);
#8881 = ORIENTED_EDGE('',*,*,#8882,.T.);
#8882 = EDGE_CURVE('',#8732,#8883,#8885,.T.);
#8883 = VERTEX_POINT('',#8884);
#8884 = CARTESIAN_POINT('',(66.608835046387,91.254058679199,
    173.98905207519));
#8885 = LINE('',#8886,#8887);
#8886 = CARTESIAN_POINT('',(66.30571920166,91.10267623291,
    173.85202814941));
#8887 = VECTOR('',#8888,1.);
#8888 = DIRECTION('',(0.829376780963,0.414208257938,0.374920890664));
#8889 = ORIENTED_EDGE('',*,*,#8890,.F.);
#8890 = EDGE_CURVE('',#6985,#8883,#8891,.T.);
#8891 = LINE('',#8892,#8893);
#8892 = CARTESIAN_POINT('',(66.82272512207,91.695106347656,
    175.60335566406));
#8893 = VECTOR('',#8894,1.);
#8894 = DIRECTION('',(-0.126781024889,-0.26142622678,-0.956860961519));
#8895 = PLANE('',#8896);
#8896 = AXIS2_PLACEMENT_3D('',#8897,#8898,#8899);
#8897 = CARTESIAN_POINT('',(66.618751036594,91.410748794639,
    174.68252719153));
#8898 = DIRECTION('',(0.363755248565,-0.909694798116,0.200343438682));
#8899 = DIRECTION('',(-0.9285198602,-0.371282734873,0.));
#8900 = ADVANCED_FACE('',(#8901),#8911,.T.);
#8901 = FACE_BOUND('',#8902,.T.);
#8902 = EDGE_LOOP('',(#8903,#8904,#8910));
#8903 = ORIENTED_EDGE('',*,*,#8890,.T.);
#8904 = ORIENTED_EDGE('',*,*,#8905,.T.);
#8905 = EDGE_CURVE('',#8883,#8754,#8906,.T.);
#8906 = LINE('',#8907,#8908);
#8907 = CARTESIAN_POINT('',(66.608835046387,91.254058679199,
    173.98905207519));
#8908 = VECTOR('',#8909,1.);
#8909 = DIRECTION('',(0.910873270724,0.392372324255,0.127882148243));
#8910 = ORIENTED_EDGE('',*,*,#8753,.F.);
#8911 = PLANE('',#8912);
#8912 = AXIS2_PLACEMENT_3D('',#8913,#8914,#8915);
#8913 = CARTESIAN_POINT('',(66.794647858987,91.491100002176,174.72801547
    ));
#8914 = DIRECTION('',(0.363739329428,-0.909700364039,0.200347068596));
#8915 = DIRECTION('',(-0.928526244798,-0.371266767597,
    -1.387778780781E-17));
#8916 = ADVANCED_FACE('',(#8917),#8935,.T.);
#8917 = FACE_BOUND('',#8918,.T.);
#8918 = EDGE_LOOP('',(#8919,#8920,#8928,#8934));
#8919 = ORIENTED_EDGE('',*,*,#8761,.F.);
#8920 = ORIENTED_EDGE('',*,*,#8921,.F.);
#8921 = EDGE_CURVE('',#8922,#8754,#8924,.T.);
#8922 = VERTEX_POINT('',#8923);
#8923 = CARTESIAN_POINT('',(66.286989038086,93.034919580078,
    173.67516352539));
#8924 = LINE('',#8925,#8926);
#8925 = CARTESIAN_POINT('',(66.286989038086,93.034919580078,
    173.67516352539));
#8926 = VECTOR('',#8927,1.);
#8927 = DIRECTION('',(0.363747426702,-0.909697053752,0.200347398191));
#8928 = ORIENTED_EDGE('',*,*,#8929,.F.);
#8929 = EDGE_CURVE('',#8777,#8922,#8930,.T.);
#8930 = LINE('',#8931,#8932);
#8931 = CARTESIAN_POINT('',(66.626985375977,93.160575708008,
    173.62842585449));
#8932 = VECTOR('',#8933,1.);
#8933 = DIRECTION('',(-0.930288236455,-0.343816696311,0.12788227575));
#8934 = ORIENTED_EDGE('',*,*,#8800,.F.);
#8935 = PLANE('',#8936);
#8936 = AXIS2_PLACEMENT_3D('',#8937,#8938,#8939);
#8937 = CARTESIAN_POINT('',(66.78436071167,92.279018243408,
    173.83210780029));
#8938 = DIRECTION('',(-4.745134891631E-02,-0.232897676466,
    -0.971342906384));
#8939 = DIRECTION('',(-1.734723475977E-18,-0.972438309227,0.233160319839
    ));
#8940 = ADVANCED_FACE('',(#8941),#8951,.T.);
#8941 = FACE_BOUND('',#8942,.T.);
#8942 = EDGE_LOOP('',(#8943,#8949,#8950));
#8943 = ORIENTED_EDGE('',*,*,#8944,.T.);
#8944 = EDGE_CURVE('',#8922,#6736,#8945,.T.);
#8945 = LINE('',#8946,#8947);
#8946 = CARTESIAN_POINT('',(66.286989038086,93.034919580078,
    173.67516352539));
#8947 = VECTOR('',#8948,1.);
#8948 = DIRECTION('',(-0.771929936998,-0.173998694888,0.611431620497));
#8949 = ORIENTED_EDGE('',*,*,#8776,.F.);
#8950 = ORIENTED_EDGE('',*,*,#8929,.T.);
#8951 = PLANE('',#8952);
#8952 = AXIS2_PLACEMENT_3D('',#8953,#8954,#8955);
#8953 = CARTESIAN_POINT('',(65.703764750732,92.917569566369,
    174.20120479079));
#8954 = DIRECTION('',(-0.363747638522,0.90969586539,-0.200352409424));
#8955 = DIRECTION('',(0.92852268815,0.371275662536,2.775557561563E-17));
#8956 = ADVANCED_FACE('',(#8957),#8974,.T.);
#8957 = FACE_BOUND('',#8958,.T.);
#8958 = EDGE_LOOP('',(#8959,#8960,#8968));
#8959 = ORIENTED_EDGE('',*,*,#8816,.T.);
#8960 = ORIENTED_EDGE('',*,*,#8961,.F.);
#8961 = EDGE_CURVE('',#8962,#6736,#8964,.T.);
#8962 = VERTEX_POINT('',#8963);
#8963 = CARTESIAN_POINT('',(65.954095666504,92.891517480469,
    173.62842585449));
#8964 = LINE('',#8965,#8966);
#8965 = CARTESIAN_POINT('',(65.954095666504,92.891517480469,
    173.62842585449));
#8966 = VECTOR('',#8967,1.);
#8967 = DIRECTION('',(-0.681062616132,-0.112993390039,0.723454357036));
#8968 = ORIENTED_EDGE('',*,*,#8969,.T.);
#8969 = EDGE_CURVE('',#8962,#8817,#8970,.T.);
#8970 = LINE('',#8971,#8972);
#8971 = CARTESIAN_POINT('',(65.954095666504,92.891517480469,
    173.62842585449));
#8972 = VECTOR('',#8973,1.);
#8973 = DIRECTION('',(-0.829376780963,-0.414208257938,-0.374920890664));
#8974 = PLANE('',#8975);
#8975 = AXIS2_PLACEMENT_3D('',#8976,#8977,#8978);
#8976 = CARTESIAN_POINT('',(65.355524454905,92.765010376265,
    174.14075613926));
#8977 = DIRECTION('',(-0.363750166648,0.90969444115,-0.200354286212));
#8978 = DIRECTION('',(0.928521598179,0.37127838843,-2.775557561563E-17)
  );
#8979 = ADVANCED_FACE('',(#8980),#8991,.T.);
#8980 = FACE_BOUND('',#8981,.T.);
#8981 = EDGE_LOOP('',(#8982,#8983,#8984,#8990));
#8982 = ORIENTED_EDGE('',*,*,#8867,.T.);
#8983 = ORIENTED_EDGE('',*,*,#8969,.F.);
#8984 = ORIENTED_EDGE('',*,*,#8985,.F.);
#8985 = EDGE_CURVE('',#8883,#8962,#8986,.T.);
#8986 = LINE('',#8987,#8988);
#8987 = CARTESIAN_POINT('',(66.608835046387,91.254058679199,
    173.98905207519));
#8988 = VECTOR('',#8989,1.);
#8989 = DIRECTION('',(-0.363743748963,0.909698456281,-0.200347707077));
#8990 = ORIENTED_EDGE('',*,*,#8882,.F.);
#8991 = PLANE('',#8992);
#8992 = AXIS2_PLACEMENT_3D('',#8993,#8994,#8995);
#8993 = CARTESIAN_POINT('',(66.129907434082,91.997096856689,
    173.74022700195));
#8994 = DIRECTION('',(0.424050630214,-2.978860603579E-02,-0.905148441951
    ));
#8995 = DIRECTION('',(-0.905550306155,1.734723475977E-18,-0.424238898526
    ));
#8996 = ADVANCED_FACE('',(#8997),#9007,.T.);
#8997 = FACE_BOUND('',#8998,.T.);
#8998 = EDGE_LOOP('',(#8999,#9000,#9006));
#8999 = ORIENTED_EDGE('',*,*,#8985,.T.);
#9000 = ORIENTED_EDGE('',*,*,#9001,.F.);
#9001 = EDGE_CURVE('',#8754,#8962,#9002,.T.);
#9002 = LINE('',#9003,#9004);
#9003 = CARTESIAN_POINT('',(66.941736047363,91.397460778809,
    174.03578974609));
#9004 = VECTOR('',#9005,1.);
#9005 = DIRECTION('',(-0.53771611907,0.813432082017,-0.221787337867));
#9006 = ORIENTED_EDGE('',*,*,#8905,.F.);
#9007 = PLANE('',#9008);
#9008 = AXIS2_PLACEMENT_3D('',#9009,#9010,#9011);
#9009 = CARTESIAN_POINT('',(66.402949206556,92.037476513382,
    173.83806348961));
#9010 = DIRECTION('',(0.19494508833,-0.135975039202,-0.97134298847));
#9011 = DIRECTION('',(-0.980449141918,0.,-0.196772660989));
#9012 = ADVANCED_FACE('',(#9013),#9023,.T.);
#9013 = FACE_BOUND('',#9014,.T.);
#9014 = EDGE_LOOP('',(#9015,#9016,#9022));
#9015 = ORIENTED_EDGE('',*,*,#9001,.T.);
#9016 = ORIENTED_EDGE('',*,*,#9017,.F.);
#9017 = EDGE_CURVE('',#8922,#8962,#9018,.T.);
#9018 = LINE('',#9019,#9020);
#9019 = CARTESIAN_POINT('',(66.286989038086,93.034919580078,
    173.67516352539));
#9020 = VECTOR('',#9021,1.);
#9021 = DIRECTION('',(-0.910869715351,-0.392379785248,-0.127884579934));
#9022 = ORIENTED_EDGE('',*,*,#8921,.T.);
#9023 = PLANE('',#9024);
#9024 = AXIS2_PLACEMENT_3D('',#9025,#9026,#9027);
#9025 = CARTESIAN_POINT('',(66.492881174053,92.25150048559,
    173.82615243406));
#9026 = DIRECTION('',(0.194948494663,-0.135972690696,-0.971342633582));
#9027 = DIRECTION('',(-0.980448464713,3.469446951954E-18,-0.196776035235
    ));
#9028 = ADVANCED_FACE('',(#9029),#9034,.T.);
#9029 = FACE_BOUND('',#9030,.T.);
#9030 = EDGE_LOOP('',(#9031,#9032,#9033));
#9031 = ORIENTED_EDGE('',*,*,#8961,.T.);
#9032 = ORIENTED_EDGE('',*,*,#8944,.F.);
#9033 = ORIENTED_EDGE('',*,*,#9017,.T.);
#9034 = PLANE('',#9035);
#9035 = AXIS2_PLACEMENT_3D('',#9036,#9037,#9038);
#9036 = CARTESIAN_POINT('',(65.528206132634,92.846221504864,
    174.19598282903));
#9037 = DIRECTION('',(-0.363745885536,0.909697133211,-0.200349835495));
#9038 = DIRECTION('',(0.928523483355,0.371273673802,0.));
#9039 = ADVANCED_FACE('',(#9040),#9046,.T.);
#9040 = FACE_BOUND('',#9041,.T.);
#9041 = EDGE_LOOP('',(#9042,#9043,#9044,#9045));
#9042 = ORIENTED_EDGE('',*,*,#3754,.T.);
#9043 = ORIENTED_EDGE('',*,*,#6638,.T.);
#9044 = ORIENTED_EDGE('',*,*,#6700,.T.);
#9045 = ORIENTED_EDGE('',*,*,#6715,.F.);
#9046 = PLANE('',#9047);
#9047 = AXIS2_PLACEMENT_3D('',#9048,#9049,#9050);
#9048 = CARTESIAN_POINT('',(47.375843532556,82.222526241646,
    158.71869323186));
#9049 = DIRECTION('',(-0.309375384184,0.910542877271,-0.274223522534));
#9050 = DIRECTION('',(0.946839021998,0.321707734477,-2.775557561563E-17)
  );
#9051 = ( GEOMETRIC_REPRESENTATION_CONTEXT(3) 
GLOBAL_UNCERTAINTY_ASSIGNED_CONTEXT((#9055)) 
GLOBAL_UNIT_ASSIGNED_CONTEXT((#9052,#9053,#9054)) REPRESENTATION_CONTEXT
('Context #1','3D Context with UNIT and UNCERTAINTY') );
#9052 = ( LENGTH_UNIT() NAMED_UNIT(*) SI_UNIT(.MILLI.,.METRE.) );
#9053 = ( NAMED_UNIT(*) PLANE_ANGLE_UNIT() SI_UNIT($,.RADIAN.) );
#9054 = ( NAMED_UNIT(*) SI_UNIT($,.STERADIAN.) SOLID_ANGLE_UNIT() );
#9055 = UNCERTAINTY_MEASURE_WITH_UNIT(LENGTH_MEASURE(5.E-06),#9052,
  'distance_accuracy_value','confusion accuracy');
#9056 = PRODUCT_RELATED_PRODUCT_CATEGORY('part',$,(#7));
ENDSEC;
END-ISO-10303-21;
