# Created by FreeCAD <https://www.freecad.org>
v -0.198298 155.736969 253.603271
v -0.199301 155.607559 254.253845
v -4.698151 155.773346 253.603577
v -4.699154 155.643936 254.254135
v -0.077730 170.634079 255.425354
v -0.078820 170.504669 254.774780
v -4.577583 170.670456 255.425644
v -4.574567 171.038956 255.977158
v -0.074714 171.002579 255.976868
v -0.070230 171.554077 256.345367
v -4.570083 171.590454 256.345703
v -0.199388 155.607559 252.952713
v -4.699241 155.643936 252.953003
v -0.202404 155.239059 252.401199
v -4.702257 155.275436 252.401489
v -4.706741 154.723938 252.032974
v -0.206887 154.687561 252.032684
v -4.712009 154.073395 251.903564
v -4.717260 153.422852 252.032974
v -0.217407 153.386475 252.032684
v -0.212156 154.037018 251.903275
v -4.721694 152.871353 252.401489
v -0.221841 152.834976 252.401199
v -4.724637 152.502853 252.953003
v -0.224784 152.466476 252.952713
v -0.225787 152.337067 253.603271
v -4.768000 147.167786 249.550797
v -0.065189 172.204620 253.074783
v -4.725640 152.373444 253.603577
v -0.064962 172.204620 256.474762
v -4.564815 172.240997 256.475098
v -4.559564 172.891541 256.345703
v -0.059711 172.855164 256.345367
v -17.390572 90.897789 214.321884
v -16.831779 88.496651 215.663208
v -7.163838 91.016495 216.089783
v -7.717241 93.394478 214.761398
v -17.359190 90.807091 214.146423
v -7.685857 93.303780 214.585938
v -17.120268 89.780434 214.719940
v -17.359095 90.807106 214.146439
v -16.317347 86.815926 213.888489
v -26.242508 85.136444 214.349274
v -4.081672 128.807068 252.858704
v -40.228970 78.469986 210.740051
v -26.756939 86.817162 216.123993
v -34.353539 83.022385 213.991379
v -27.462944 90.380692 211.419724
v -28.258362 86.425835 216.057739
v -0.265126 88.728836 212.347580
v -0.276620 132.235245 239.045441
v -0.277408 132.105835 239.696014
v -4.776611 132.228836 239.038727
v -4.777399 132.099426 239.689285
v -0.226981 115.367302 221.871872
v -0.228137 115.496704 222.522430
v -4.726972 115.360909 221.865143
v -0.225633 114.998787 221.320358
v -4.725624 114.992393 221.313629
v -4.724289 114.440880 220.945114
v -0.224299 114.447273 220.951843
v -4.728128 115.490311 222.515717
v -4.723171 113.790314 220.815704
v -0.222449 113.146149 220.951843
v -0.223181 113.796715 220.822433
v -4.722440 113.139755 220.945114
v -4.706431 109.743492 213.462524
v -0.207218 101.319771 222.009308
v -4.707209 101.313377 222.002594
v -0.206441 109.749886 213.469238
v -4.723295 112.090317 222.515717
v -0.275464 132.105835 238.394882
v -4.775455 132.099442 238.388153
v -0.274116 131.737335 237.843369
v -4.774107 131.730927 237.836639
v -4.772772 131.179398 237.468124
v -0.272782 131.185806 237.474854
v -4.771654 130.528839 237.338715
v -0.271663 130.535248 237.345444
v -4.770923 129.878281 237.468124
v -0.270932 129.884689 237.474854
v -4.770689 129.326767 237.836639
v -0.270699 129.333176 237.843369
v -0.270999 128.964661 238.394882
v -4.770989 128.958252 238.388153
v -0.271787 128.835251 239.045441
v -4.793008 139.633728 242.967896
v -4.728916 115.360909 223.166275
v -4.729216 114.992393 223.717789
v -0.272943 128.964645 239.696014
v -4.771778 128.828842 239.038727
v -4.772933 128.958252 239.689285
v -0.275626 129.884689 240.616043
v -0.274291 129.333160 240.247528
v -4.775616 129.878281 240.609314
v -4.774282 129.326752 240.240799
v -4.722207 112.588234 221.313629
v -0.222216 112.594627 221.320358
v -4.722507 112.219719 221.865143
v -0.222516 112.226112 221.871872
v -0.223304 112.096710 222.522430
v -0.224460 112.226112 223.173004
v -4.724451 112.219719 223.166275
v -4.727133 113.139748 224.086304
v -0.228261 113.796707 224.222443
v -0.227143 113.146141 224.093033
v -4.725799 112.588234 223.717789
v -0.225808 112.594627 223.724518
v -4.728251 113.790306 224.215714
v -0.228992 114.447266 224.093033
v -4.793785 131.203613 251.507965
v -4.776734 130.528839 240.738724
v -4.728983 114.440872 224.086304
v -0.229226 114.998787 223.724518
v -0.228926 115.367302 223.173004
v -4.018878 100.034279 224.348099
v -4.777466 131.179398 240.609314
v -0.276744 130.535248 240.745453
v -3.958043 110.735405 213.598633
v -0.765534 100.285744 223.900879
v -0.293795 131.210022 251.514679
v -0.293017 139.640137 242.974609
v -0.277475 131.185806 240.616043
v -4.777699 131.730911 240.240799
v -0.277709 131.737320 240.247528
v -0.958050 110.739662 213.603119
v -1.031021 135.932877 238.471924
v -1.041328 139.491226 241.984467
v -1.721200 129.135788 252.679077
v -0.775292 102.934196 226.526047
v -0.846497 122.263351 245.685272
v -0.872250 129.254013 252.614471
v -4.041321 139.486954 241.979980
v -4.031014 135.928604 238.467438
v -0.037983 140.546341 263.620087
v -6.649404 89.335770 214.315063
v -35.211071 84.613686 215.750961
v -7.101699 91.279289 213.229385
v -33.906414 84.953728 215.808533
v -36.424881 84.297318 215.697418
v 0.000000 87.478500 213.615005
v -16.775030 88.782600 212.789871
v -7.265790 91.753555 214.146744
v -35.910446 82.616600 213.922684
v -34.353527 83.022392 213.991394
v -27.839561 91.469223 213.525253
v -27.034887 84.929916 214.314316
v -33.589890 85.036232 215.822495
v -34.467194 84.807564 215.783783
v -37.512894 88.972534 213.085739
v -0.151500 139.783493 265.246490
v -7.446936 92.277122 215.159454
v -7.265086 91.754990 214.123108
v -6.913392 90.735023 212.176636
v -17.335636 90.705879 214.202957
v -17.317461 90.686478 213.913162
v -34.980682 82.858932 213.963715
v -37.136276 87.884003 210.980209
v -30.568100 87.479401 212.364243
v -33.518215 85.094391 215.805252
v -30.736841 87.967117 214.817581
v -33.539787 83.824318 216.458008
v -33.674549 83.789536 216.451889
v -2.183635 135.791428 261.165253
v -33.468887 87.998825 214.312500
v -36.109642 83.472527 213.444550
v -61.564034 143.780624 250.030807
v -40.507500 77.023499 211.774506
v 0.213000 184.841995 268.152008
v -7.361955 92.367607 212.775131
v -7.216189 91.771255 212.954559
v -16.586725 88.238335 211.737122
v -37.264168 81.235634 214.683319
v -32.143719 87.897545 211.866241
v -32.849083 88.828056 213.994659
v -30.419079 87.194580 212.538147
v -30.797127 87.713608 212.202194
v -31.388412 86.822685 215.292694
v -30.795698 88.283127 214.643677
v -30.762348 87.731903 214.934616
v -35.803272 83.240105 216.355164
v -33.465336 88.009300 214.307724
v -35.876522 83.221199 216.351837
v -101.666191 90.386749 176.771896
v -4.388080 146.705292 263.020050
v -62.055000 143.024994 251.589005
v 0.582384 184.465561 266.431000
v -43.960499 63.055500 165.889496
v -17.013954 89.809258 212.216354
v -16.825647 89.264992 211.163605
v -17.025827 89.843575 212.282730
v -36.140202 83.844505 210.772995
v -35.742569 81.895218 214.325668
v -34.920639 82.934875 213.935196
v -32.472462 87.739510 211.889130
v -31.787603 87.976463 211.889130
v -34.871693 85.817238 212.453781
v -33.128059 88.601700 214.061783
v -32.520336 88.986084 213.971756
v -30.360222 86.878571 212.712051
v -31.173746 88.802155 214.307724
v -31.090557 87.881256 212.063034
v -31.717155 86.664658 215.315598
v -31.109436 87.049042 215.225571
v -1.059673 138.400314 257.254974
v -30.944719 88.567940 214.469772
v -30.772158 87.641441 214.979630
v -0.411588 135.343933 260.353119
v -33.338253 88.322441 214.168564
v -33.469337 87.972404 214.326080
v -43.354012 64.663536 165.354355
v -102.427498 89.029503 177.676498
v -0.857168 146.844177 263.819672
v -4.271178 162.119827 263.984039
v -29.578278 257.240601 210.215515
v -0.623356 174.224060 265.537781
v -55.797001 167.733002 259.325989
v -7.152313 91.761681 211.603119
v -7.340622 92.305946 212.655869
v -34.922928 82.800110 214.004456
v -35.492119 80.788132 213.871155
v -32.751438 87.513153 211.956253
v -31.428389 87.970909 211.956253
v -32.164223 89.065010 213.994659
v -32.393700 85.592400 213.013275
v -30.370031 86.788101 212.757080
v -31.467176 88.969803 214.168564
v -32.073273 86.585732 215.292694
v -31.011793 85.734146 213.187164
v -30.899244 87.328300 215.118790
v -30.732817 85.960503 213.120041
v -33.476448 87.553665 214.541290
v -33.088715 86.920753 212.202194
v -32.961632 87.233894 212.063034
v -0.796025 154.004196 264.268982
v -0.273588 146.359253 261.525635
v -4.148065 178.353714 264.999237
v -4.368838 149.242020 263.178711
v -30.000000 258.678009 211.213501
v -9.033241 205.106064 250.246964
v -0.590658 178.053619 265.778076
v -55.464390 167.551910 257.566284
v -75.000000 247.220993 208.699493
v -34.934757 82.103714 214.362366
v -32.055866 85.502747 213.120041
v -31.805008 89.059456 214.061783
v -32.687130 85.760048 212.874115
v -30.395538 86.552902 212.874115
v -32.432487 86.591286 215.225571
v -31.696653 85.497192 213.187180
v -31.340536 85.576111 213.210068
v -33.441799 87.367615 214.643677
v -30.522625 86.239761 213.013275
v -33.495007 87.667305 214.438187
v -4.773441 146.395630 261.525940
v -4.511001 178.837738 263.617920
v -60.000000 269.344513 132.266998
v -16.973078 224.510513 235.280991
v -12.413737 203.721237 250.421936
v -0.011148 178.801361 263.617615
v -2.367369 178.203506 265.389099
v -32.916157 85.994255 212.712051
v -33.063747 86.848587 214.979630
v -32.770317 86.680939 215.118790
v -33.292778 87.082802 214.817581
v -33.124035 86.595085 212.364243
v -56.813747 159.717361 255.127518
v -0.268146 147.131409 249.550491
v -60.466705 144.656570 250.367599
v -33.769424 257.816467 210.588623
v -59.332222 267.708435 131.924484
v -60.769882 268.209015 136.189941
v -10.016816 207.509857 248.393005
v -21.664335 235.975632 226.438339
v -73.968262 246.117615 207.720688
v -8.259546 203.846573 249.082169
v -33.065178 86.279076 212.538147
v -60.645329 144.700043 250.368515
v -1.011392 147.974380 249.003265
v -60.405575 144.908600 250.447250
v -0.005706 179.573517 251.642471
v -4.505559 179.609894 251.642776
v -4.711782 154.073395 255.303574
v -32.640976 258.207733 210.212677
v -34.164532 257.956940 209.548874
v -59.506020 267.238922 133.735687
v -88.768013 250.560043 135.667358
v -60.908092 268.446564 134.431641
v -25.109804 234.745163 226.493851
v -21.206242 235.486343 224.683212
v -33.769424 255.712433 210.304352
v -12.519756 202.483780 249.575516
v -123.261002 162.568497 187.257004
v -55.554043 164.690964 256.684937
v -59.900127 146.992508 251.105865
v -4.011294 147.998642 249.003448
v -60.405270 147.078949 241.893570
v -59.493832 144.510269 250.047852
v -3.761770 178.844131 250.992462
v -4.552187 173.811539 255.425644
v -4.551184 173.940948 254.775085
v -4.717050 153.422852 255.174164
v -0.224697 152.466476 254.253845
v -4.724550 152.502853 254.254135
v -4.721534 152.871353 254.805649
v -0.221681 152.834976 254.805359
v -0.217197 153.386475 255.173874
v -0.211928 154.037018 255.303284
v -4.706531 154.723938 255.174164
v -33.769424 258.150848 210.633804
v -61.202858 267.570404 138.396164
v -32.170147 257.617004 205.684555
v -59.694080 267.174622 133.798462
v -78.336945 256.338684 136.028534
v -84.046089 253.015472 136.738846
v -90.000000 251.828995 136.001999
v -62.500710 268.366272 135.025986
v -33.915806 256.153717 209.971741
v -11.399633 195.478592 239.897049
v -7.139423 196.841385 239.403702
v -126.939003 200.651993 109.988998
v -121.515984 162.440567 186.834442
v -58.346821 169.853516 250.031387
v -55.084164 166.546158 257.265869
v -54.425488 164.521255 256.314026
v -0.206677 154.687561 255.173874
v -0.055276 173.406662 255.976868
v -0.802230 173.830399 250.670563
v -3.970932 152.988113 249.325165
v -63.979023 147.616302 243.068100
v -59.023952 146.365463 250.628784
v -0.761867 178.819870 250.992279
v -3.802132 173.854660 250.670746
v -4.555130 173.443039 255.977158
v -0.052334 173.775162 255.425354
v -0.051331 173.904572 254.774780
v -4.552274 173.811539 254.124512
v -0.052421 173.775162 254.124222
v -30.774733 257.125824 209.357330
v -37.725990 256.891235 190.699127
v -59.506020 260.589294 132.837265
v -61.548538 266.038544 134.349670
v -63.689178 264.864929 134.206146
v -82.321594 254.019272 136.524292
v -83.720779 252.546448 140.424377
v -125.208862 200.213257 109.756355
v -62.500710 267.467499 134.904556
v -17.814615 224.807053 224.470886
v -32.802677 256.432648 210.034302
v -25.466450 234.123550 225.176559
v -36.200249 256.957825 203.959015
v -9.831964 204.798920 238.134308
v -14.092173 203.436127 238.627655
v -8.040055 196.866653 238.537262
v -125.142715 159.823120 120.807106
v -97.359879 207.226807 193.567963
v -96.859688 205.958359 197.449905
v -84.796532 229.291672 199.162994
v -84.296349 228.023224 203.044922
v -4.702096 155.275436 254.805649
v -0.202243 155.239059 254.805359
v -0.055437 173.406662 253.572708
v -4.555290 173.443039 253.572998
v -4.559774 172.891541 253.204483
v -0.059921 172.855164 253.204193
v -4.565042 172.240997 253.075073
v -4.570293 171.590454 253.204483
v -0.070440 171.554077 253.204193
v -4.574728 171.038956 253.572998
v -0.074875 171.002579 253.572708
v -4.577670 170.670456 254.124512
v -0.077817 170.634079 254.124222
v -62.370350 149.845245 234.648849
v -54.773067 169.316162 248.856857
v -37.047413 255.223282 192.292084
v -37.946396 256.750549 190.089523
v -37.492558 256.773407 191.308716
v -62.500710 265.455231 134.632675
v -44.846394 259.203827 171.931839
v -62.009136 263.125702 134.131134
v -62.495415 262.288269 134.218979
v -83.172188 250.062164 136.800842
v -96.511169 239.215515 131.760010
v -10.564469 207.088776 238.134308
v -17.984488 225.139618 223.922684
v -20.086117 228.481155 215.004745
v -24.346325 227.118362 215.498093
v -60.759796 265.602509 139.317505
v -40.054482 254.420273 193.288406
v -14.824677 205.725983 238.627655
v -9.777278 204.429520 237.586105
v -9.961526 205.336533 238.500595
v -14.221733 203.973740 238.993942
v -14.037483 203.066711 238.079453
v -10.880195 195.958115 238.866150
v -125.217941 159.572540 117.980072
v -124.757385 149.868683 121.679192
v -123.343498 107.765999 118.126503
v -100.801453 89.714760 177.320984
v -118.390427 207.507660 119.860146
v -123.380630 159.982452 121.847244
v -88.966377 203.659088 188.761536
v -87.681625 202.057144 192.194199
v -88.838615 215.934631 194.442429
v -88.879181 216.057480 194.514938
v -88.907860 216.184937 194.585144
v -88.786491 215.817322 194.368164
v -88.924454 216.315994 194.652527
v -88.723198 215.706421 194.292725
v -88.928833 216.449707 194.716553
v -88.649223 215.602798 194.216675
v -88.920959 216.585007 194.776749
v -88.565117 215.507233 194.140594
v -88.900887 216.720901 194.832657
v -88.471535 215.420441 194.065079
v -88.868782 216.856339 194.883850
v -88.369171 215.343109 193.990677
v -88.824883 216.990295 194.929932
v -88.258827 215.275787 193.917953
v -88.769516 217.121750 194.970551
v -88.141319 215.219025 193.847488
v -88.703117 217.249695 195.005417
v -88.017563 215.173248 193.779800
v -87.888489 215.138779 193.715408
v -87.755074 215.115906 193.654800
v -87.618347 215.104797 193.598450
v -87.479340 215.105530 193.546753
v -87.339111 215.118103 193.500153
v -87.198730 215.142426 193.458954
v -87.059265 215.178314 193.423508
v -86.921783 215.225479 193.394058
v -86.787315 215.283569 193.370850
v -86.656898 215.352158 193.354034
v -86.531525 215.430710 193.343765
v -86.412140 215.518616 193.340118
v -86.299652 215.615219 193.343094
v -86.194931 215.719803 193.352707
v -86.098763 215.831528 193.368851
v -86.496742 218.103714 194.578186
v -86.620499 218.149506 194.645874
v -86.749580 218.183960 194.710266
v -86.882988 218.206848 194.770874
v -87.019714 218.217957 194.827225
v -87.158722 218.217224 194.878906
v -87.298950 218.204636 194.925522
v -87.439331 218.180313 194.966721
v -87.578796 218.144440 195.002167
v -87.716278 218.097275 195.031616
v -87.850746 218.039169 195.054825
v -87.981163 217.970596 195.071640
v -88.106544 217.892044 195.081909
v -88.225929 217.804138 195.085556
v -88.338409 217.707520 195.082565
v -88.443130 217.602951 195.072968
v -88.539299 217.491211 195.056824
v -88.626183 217.373169 195.034241
v -86.379234 218.046951 194.507721
v -85.813179 216.332458 193.495743
v -85.769279 216.466415 193.541824
v -85.737175 216.601852 193.593002
v -85.717110 216.737732 193.648911
v -85.709229 216.873047 193.709106
v -85.713608 217.006744 193.773148
v -85.730202 217.137817 193.840530
v -85.758888 217.265259 193.910736
v -85.799446 217.388107 193.983246
v -85.851570 217.505432 194.057510
v -85.914864 217.616318 194.132950
v -85.988838 217.719955 194.209000
v -86.072945 217.815521 194.285065
v -86.166534 217.902298 194.360596
v -86.268890 217.979645 194.434998
v -85.934944 216.073059 193.420258
v -86.011879 215.949585 193.391434
v -85.868546 216.201004 193.455109
v -87.933762 214.151016 197.932480
v -87.984459 214.304565 198.023132
v -88.020317 214.463882 198.110886
v -87.868607 214.004364 197.839661
v -88.041061 214.627716 198.195114
v -87.789490 213.865753 197.745361
v -88.046532 214.794846 198.275146
v -87.697014 213.736221 197.650299
v -88.036682 214.963974 198.350403
v -87.591888 213.616745 197.555206
v -88.011597 215.133835 198.420288
v -87.474907 213.508270 197.460800
v -87.971466 215.303131 198.484268
v -87.346954 213.411591 197.367798
v -87.916588 215.470581 198.541870
v -87.209023 213.327454 197.276901
v -87.847389 215.634903 198.592651
v -87.062141 213.256500 197.188812
v -87.764389 215.794830 198.636230
v -86.907440 213.199265 197.104202
v -86.746094 213.156189 197.023712
v -86.579330 213.127594 196.947968
v -86.408424 213.113708 196.877518
v -86.234665 213.114624 196.812912
v -86.059380 213.130356 196.754639
v -85.883904 213.160751 196.703156
v -85.709572 213.205597 196.658829
v -85.537712 213.264557 196.622025
v -85.369637 213.337189 196.593018
v -85.206612 213.422913 196.572006
v -85.049889 213.521088 196.559174
v -84.900658 213.630981 196.554596
v -84.760056 213.751740 196.558334
v -84.629150 213.882462 196.570328
v -84.508942 214.022125 196.590530
v -85.006416 216.862366 198.102188
v -85.161118 216.919601 198.186798
v -85.322456 216.962677 198.267288
v -85.489220 216.991272 198.343048
v -85.660133 217.005157 198.413483
v -85.833893 217.004242 198.478088
v -86.009178 216.988510 198.536362
v -86.184654 216.958115 198.587845
v -86.358978 216.913269 198.632172
v -86.530838 216.854309 198.668976
v -86.698921 216.781677 198.697983
v -86.861938 216.695953 198.718994
v -87.018661 216.597778 198.731842
v -87.167892 216.487885 198.736404
v -87.308502 216.367111 198.732666
v -87.439407 216.236404 198.720673
v -87.559616 216.096741 198.700470
v -87.668221 215.949173 198.672256
v -84.151962 214.648285 196.749130
v -84.097092 214.815720 196.806732
v -84.056953 214.985031 196.870712
v -84.031876 215.154892 196.940598
v -84.022026 215.324020 197.015854
v -84.027496 215.491150 197.095886
v -84.048241 215.654984 197.180115
v -84.084099 215.814301 197.267868
v -84.134796 215.967850 197.358521
v -84.199951 216.114502 197.451340
v -84.279068 216.253113 197.545639
v -84.371544 216.382645 197.640701
v -84.476669 216.502106 197.735794
v -84.593651 216.610596 197.830200
v -84.721596 216.707275 197.923203
v -84.859535 216.791412 198.014099
v -84.304169 214.324036 196.654770
v -84.400337 214.169693 196.618744
v -84.221169 214.483963 196.698349
v -63.732174 153.729370 241.022400
v -53.955608 166.376450 256.894958
v -4.578673 170.541046 254.775085
v -65.944107 150.382599 235.823380
v -61.087910 152.774063 237.210938
v -60.158424 153.192017 239.847855
v -30.774733 250.373886 208.445084
v -37.125313 255.870743 192.170822
v -38.120213 256.372803 189.572739
v -40.941082 256.599579 191.207123
v -37.281624 256.415100 191.825516
v -40.487244 256.622437 192.426315
v -45.020206 258.826080 171.415054
v -44.625988 259.344482 172.541443
v -63.191074 264.800964 136.146988
v -62.500710 262.367950 134.215561
v -62.500710 263.690063 134.394196
v -62.497765 262.323608 134.217468
v -62.485565 262.140045 134.225357
v -83.278984 251.174591 141.159851
v -62.758133 264.745361 137.833969
v -96.078201 238.396194 135.572098
v -115.356972 213.123642 118.494431
v -96.145485 239.721802 132.017410
v -10.357953 206.575790 238.500595
v -17.608101 224.294052 224.837173
v -22.244694 223.776825 224.416031
v -18.091843 225.241135 223.276047
v -33.769424 250.222885 209.562668
v -20.493540 227.301102 215.067810
v -22.196302 222.826340 222.208267
v -62.300224 265.472168 135.172180
v -40.042103 255.072281 193.409668
v -22.074821 223.444244 224.964233
v -14.618161 205.212997 238.993942
v -9.805779 204.284531 236.939468
v -10.146226 205.960480 238.629227
v -14.265192 204.120544 239.024200
v -14.065987 202.921738 237.432816
v -12.421468 199.724747 235.961517
v -10.083006 204.718628 235.744629
v -124.832611 149.618103 118.852158
v -126.735474 159.679108 119.866920
v -126.350143 149.724670 120.739006
v -104.064003 71.788498 118.582497
v -107.945808 110.789597 175.537277
v -121.614029 108.226738 117.935005
v -106.885239 110.575722 179.485275
v -115.011032 135.599228 178.787918
v -113.950462 135.385345 182.735916
v -118.028389 209.425095 116.614021
v -97.398254 236.568741 134.642532
v -123.133301 153.648254 122.403442
v -123.239044 156.356384 122.165649
v -123.456528 159.731796 119.019814
v -76.390160 225.718475 194.349182
v -75.105400 224.116531 197.781845
v -86.239792 217.783325 195.264709
v -86.122284 217.726562 195.194244
v -86.011940 217.659256 195.121536
v -85.909576 217.581909 195.047134
v -85.815994 217.495132 194.971603
v -85.731888 217.399567 194.895523
v -85.657913 217.295929 194.819473
v -85.594620 217.185043 194.744034
v -85.542496 217.067719 194.669785
v -85.501938 216.944870 194.597275
v -85.473251 216.817429 194.527054
v -85.456657 216.686356 194.459686
v -85.452278 216.552658 194.395645
v -85.460159 216.417343 194.335449
v -85.480225 216.281464 194.279541
v -85.512329 216.146027 194.228348
v -85.556229 216.012070 194.182266
v -85.611595 215.880615 194.141647
v -85.677994 215.752670 194.106781
v -85.754929 215.629196 194.077957
v -85.841812 215.511139 194.055389
v -85.937981 215.399414 194.039230
v -86.042702 215.294830 194.029633
v -86.155190 215.198227 194.026642
v -86.274574 215.110321 194.030304
v -86.399948 215.031769 194.040573
v -86.530365 214.963181 194.057373
v -86.664833 214.905090 194.080597
v -86.802315 214.857925 194.110031
v -86.941780 214.822037 194.145493
v -87.082161 214.797714 194.186676
v -87.222389 214.785141 194.233292
v -87.361397 214.784409 194.284973
v -87.498123 214.795517 194.341339
v -87.631538 214.818390 194.401947
v -87.760612 214.852859 194.466339
v -87.884369 214.898636 194.534027
v -88.001877 214.955399 194.604492
v -88.112221 215.022720 194.677200
v -88.214584 215.100052 194.751602
v -88.308167 215.186844 194.827133
v -88.392273 215.282410 194.903214
v -88.466248 215.386032 194.979263
v -88.529541 215.496933 195.054703
v -88.581665 215.614243 195.128952
v -88.622223 215.737091 195.201462
v -88.650909 215.864548 195.271683
v -88.667503 215.995605 195.339066
v -88.671883 216.129318 195.403091
v -88.664009 216.264618 195.463287
v -88.643936 216.400513 195.519196
v -88.611832 216.535950 195.570389
v -88.567932 216.669907 195.616470
v -88.512566 216.801361 195.657089
v -88.446167 216.929306 195.691956
v -88.369232 217.052780 195.720779
v -88.282349 217.170822 195.743347
v -88.186180 217.282562 195.759506
v -88.081459 217.387131 195.769104
v -87.968971 217.483749 195.772095
v -87.849586 217.571655 195.768433
v -87.724213 217.650208 195.758163
v -87.593796 217.718781 195.741364
v -87.459328 217.776886 195.718140
v -87.321846 217.824051 195.688705
v -87.182381 217.859924 195.653244
v -87.042000 217.884247 195.612061
v -86.901772 217.896835 195.565445
v -86.762764 217.897568 195.513763
v -86.626038 217.886459 195.457397
v -86.492622 217.863571 195.396790
v -86.363548 217.829117 195.332397
v -85.887337 218.072968 195.267960
v -86.034218 218.143921 195.356049
v -85.749405 217.988831 195.177078
v -85.621452 217.892151 195.084076
v -85.504471 217.783661 194.989670
v -85.399345 217.664200 194.894562
v -85.306870 217.534668 194.799500
v -85.227753 217.396057 194.705200
v -85.162598 217.249405 194.612381
v -85.111900 217.095840 194.521744
v -85.076042 216.936539 194.433975
v -85.055298 216.772705 194.349762
v -85.049828 216.605576 194.269714
v -85.059677 216.436447 194.194473
v -85.084763 216.266571 194.124588
v -85.124893 216.097275 194.060593
v -85.179771 215.929840 194.002991
v -85.248970 215.765518 193.952209
v -85.331970 215.605591 193.908646
v -85.428139 215.451248 193.872604
v -85.536743 215.303680 193.844391
v -85.656952 215.164017 193.824203
v -85.787857 215.033295 193.812195
v -85.928459 214.912537 193.808472
v -86.077690 214.802643 193.813034
v -86.234413 214.704468 193.825867
v -86.397438 214.618744 193.846878
v -86.565521 214.546112 193.875900
v -86.737381 214.487152 193.912704
v -86.911705 214.442307 193.957016
v -87.087181 214.411896 194.008514
v -87.262466 214.396179 194.066772
v -87.436226 214.395264 194.131378
v -87.607140 214.409149 194.201828
v -87.773895 214.437744 194.277588
v -87.935242 214.480820 194.358078
v -88.089943 214.538055 194.442688
v -88.236824 214.609009 194.530777
v -88.374756 214.693146 194.621658
v -88.502708 214.789825 194.714661
v -88.619690 214.898300 194.809082
v -88.724815 215.017761 194.904175
v -88.817291 215.147293 194.999237
v -88.896408 215.285919 195.093536
v -88.961563 215.432571 195.186356
v -89.012260 215.586121 195.276993
v -89.048119 215.745438 195.364761
v -89.068863 215.909271 195.448975
v -89.074333 216.076385 195.529022
v -89.064484 216.245529 195.604263
v -89.039406 216.415390 195.674149
v -88.999268 216.584686 195.738144
v -88.944389 216.752136 195.795746
v -88.875191 216.916443 195.846527
v -88.792191 217.076385 195.890091
v -88.696022 217.230713 195.926132
v -88.587418 217.378281 195.954346
v -88.467209 217.517960 195.974533
v -88.336304 217.648666 195.986542
v -88.195702 217.769440 195.990280
v -88.046471 217.879318 195.985703
v -87.889748 217.977509 195.972870
v -87.726723 218.063232 195.951859
v -87.558640 218.135849 195.922836
v -87.386787 218.194809 195.886032
v -87.212456 218.239670 195.841721
v -87.036980 218.270065 195.790237
v -86.861694 218.285782 195.731964
v -86.687935 218.286713 195.667358
v -86.517029 218.272812 195.596909
v -86.350266 218.244232 195.521149
v -86.188919 218.201157 195.440659
v -63.595890 154.366760 241.145462
v -63.926819 153.200912 240.671936
v -56.738148 172.082458 241.612137
v -60.311901 172.619812 242.786667
v -64.150192 152.861847 240.147415
v -64.748207 150.488022 235.207977
v -60.974133 152.384293 237.735458
v -61.118542 153.336380 236.860474
v -60.022141 153.829407 239.970917
v -60.353069 152.663574 239.497391
v -37.059792 254.571274 192.170822
v -40.120003 255.719742 193.288406
v -41.114899 256.221832 190.690323
v -40.720680 256.740234 191.816711
v -40.276314 256.264099 192.943100
v -45.120972 258.268768 171.069748
v -48.014893 258.675110 172.532639
v -47.620674 259.193512 173.659027
v -62.500710 260.438293 133.954849
v -62.220764 260.338745 134.691544
v -77.027748 240.111786 139.490784
v -77.134544 241.224213 143.849792
v -115.741806 206.864090 116.332359
v -93.015457 238.350235 132.336594
v -17.396372 223.678741 224.965805
v -22.352049 223.878342 223.769394
v -18.120344 225.096161 222.629410
v -23.333681 226.392563 215.396698
v -22.325863 223.363953 222.574554
v -22.011602 222.202393 222.079636
v -61.634750 263.325043 136.665283
v -40.155247 253.862976 192.943100
v -21.868307 222.931259 225.330521
v -14.406433 204.597687 239.122574
v -9.913135 204.386047 236.292831
v -14.173343 203.023254 236.786179
v -21.792410 222.625931 218.301331
v -10.289522 205.231613 235.378342
v -125.508453 159.546265 117.808586
v -125.123123 149.591827 118.680672
v -102.496292 72.624954 118.295044
v -118.277550 103.622536 122.686600
v -122.991959 150.028320 122.721306
v -107.086098 118.861893 175.002075
v -106.971268 118.787315 174.945099
v -106.851120 118.724190 174.885300
v -107.194748 118.947365 175.055786
v -106.726585 118.672997 174.823135
v -107.296387 119.043068 175.105835
v -106.598595 118.634132 174.759079
v -107.390236 119.148285 175.151840
v -106.468132 118.607887 174.693619
v -107.475586 119.262207 175.193451
v -106.336189 118.594467 174.627243
v -107.551788 119.383965 175.230347
v -106.203766 118.593964 174.560471
v -107.618263 119.512642 175.262253
v -106.071877 118.606392 174.493805
v -107.674507 119.647255 175.288910
v -105.941521 118.631653 174.427750
v -107.720085 119.786781 175.310150
v -105.813690 118.669548 174.362808
v -107.754646 119.930153 175.325775
v -105.689354 118.719803 174.299469
v -107.777946 120.076286 175.335678
v -105.569473 118.782021 174.238220
v -105.454941 118.855736 174.179535
v -105.346642 118.940384 174.123856
v -105.245399 119.035324 174.071609
v -105.151978 119.139832 174.023178
v -105.067093 119.253113 173.978943
v -104.991386 119.374298 173.939240
v -104.925438 119.502480 173.904358
v -104.869751 119.636665 173.874588
v -104.824745 119.775848 173.850143
v -104.790764 119.918961 173.831207
v -104.768074 120.064919 173.817917
v -104.756836 120.212608 173.810394
v -104.757141 120.360901 173.808670
v -104.768982 120.508675 173.812790
v -104.792274 120.654808 173.822693
v -104.826843 120.798180 173.838318
v -104.872421 120.937698 173.859558
v -106.733238 121.915413 174.785660
v -106.857567 121.865158 174.848999
v -106.977455 121.802940 174.910248
v -107.091980 121.729225 174.968933
v -107.200279 121.644577 175.024612
v -107.301529 121.549637 175.076859
v -107.394951 121.445129 175.125290
v -107.479836 121.331848 175.169525
v -107.555542 121.210663 175.209229
v -107.621483 121.082481 175.244110
v -107.677177 120.948296 175.273880
v -107.722176 120.809113 175.298325
v -107.756157 120.666000 175.317261
v -107.778854 120.520042 175.330551
v -107.790092 120.372353 175.338074
v -107.789787 120.224060 175.339798
v -106.605408 121.953308 174.720718
v -106.215576 138.673874 174.313583
v -105.071335 121.322754 173.955017
v -105.156693 121.436676 173.996628
v -105.250542 121.541893 174.042633
v -105.352180 121.637596 174.092682
v -105.460823 121.723068 174.146393
v -105.575661 121.797646 174.203369
v -105.695801 121.860771 174.263168
v -105.820343 121.911964 174.325333
v -105.948326 121.950829 174.389389
v -106.078789 121.977074 174.454849
v -106.210739 121.990494 174.521225
v -106.343155 121.990997 174.587997
v -106.475052 121.978569 174.654663
v -104.928658 121.072311 173.886215
v -104.995132 121.200989 173.918121
v -104.414528 138.718842 177.884888
v -105.344673 118.455994 178.609116
v -105.488220 118.549217 178.680328
v -105.194496 118.377083 178.534378
v -105.624023 118.656052 178.747482
v -105.038826 118.313095 178.456680
v -105.751076 118.775681 178.810043
v -104.878838 118.264511 178.376602
v -105.868385 118.907204 178.867554
v -104.715759 118.231712 178.294769
v -105.975075 119.049606 178.919556
v -104.550827 118.214935 178.211807
v -106.070328 119.201813 178.965683
v -104.385300 118.214310 178.128342
v -106.153427 119.362656 179.005554
v -104.220436 118.229843 178.044998
v -106.223724 119.530922 179.038895
v -104.057495 118.261414 177.962433
v -106.280693 119.705330 179.065430
v -103.897705 118.308784 177.881256
v -106.323906 119.884544 179.084961
v -103.742287 118.371597 177.802078
v -106.353020 120.067207 179.097351
v -103.592430 118.449371 177.725525
v -103.449272 118.541519 177.652176
v -103.313896 118.647331 177.582565
v -103.187340 118.766006 177.517258
v -103.070564 118.896637 177.456711
v -102.964455 119.038239 177.401413
v -102.869827 119.189728 177.351791
v -102.787392 119.349945 177.308197
v -102.717781 119.517685 177.270981
v -102.661530 119.691658 177.240417
v -102.619049 119.870552 177.216751
v -102.590683 120.053001 177.200150
v -102.576637 120.237610 177.190735
v -102.577019 120.422974 177.188599
v -102.591820 120.607697 177.193741
v -102.620941 120.790359 177.206116
v -102.664146 120.969574 177.225647
v -102.721115 121.143974 177.252182
v -105.047142 122.366112 178.409836
v -105.202553 122.303299 178.488998
v -105.352409 122.225525 178.565552
v -105.495575 122.133385 178.638916
v -105.630943 122.027573 178.708511
v -105.757500 121.908897 178.773834
v -105.874275 121.778259 178.834366
v -105.980385 121.636665 178.889664
v -106.075012 121.485176 178.939285
v -106.157448 121.324951 178.982880
v -106.227058 121.157219 179.020096
v -106.283318 120.983238 179.050659
v -106.325790 120.804344 179.074326
v -106.354156 120.621902 179.090942
v -106.368210 120.437294 179.100342
v -106.367828 120.251923 179.102493
v -102.969765 121.625298 177.371521
v -103.076454 121.767700 177.423538
v -103.193771 121.899216 177.481033
v -103.320816 122.018845 177.543610
v -103.456627 122.125687 177.610748
v -103.600166 122.218910 177.681961
v -103.750343 122.297813 177.756699
v -103.906021 122.361801 177.834412
v -104.066002 122.410385 177.914474
v -104.229080 122.443192 177.996307
v -104.394012 122.459969 178.079269
v -104.559540 122.460594 178.162735
v -104.724403 122.445061 178.246078
v -104.887352 122.413490 178.328644
v -102.791420 121.312241 177.285522
v -102.874512 121.473091 177.325394
v -109.000511 220.506851 126.472389
v -123.258125 155.427170 120.406212
v -123.100273 156.405807 122.245186
v -119.498520 160.089691 121.356178
v -63.538708 155.016037 241.022400
v -65.476807 154.649582 241.763641
v -65.613091 154.012192 241.640579
v -56.810921 166.931534 243.747299
v -58.081432 172.184494 241.684174
v -60.926773 168.480774 242.809448
v -64.368279 152.763779 239.528717
v -64.278328 152.343216 235.788910
v -63.619656 150.318314 234.837067
v -60.794529 152.226425 238.354172
v -59.093201 152.101471 237.117279
v -61.061359 153.985657 236.737411
v -59.237614 153.053558 236.242294
v -59.206982 152.491241 236.592758
v -59.964958 154.478683 239.847855
v -58.277496 152.909195 239.229675
v -60.576439 152.324493 238.972870
v -58.472137 152.380753 238.879196
v -37.160557 254.013977 191.825516
v -44.392551 259.226685 173.151031
v -38.220978 255.815506 189.227432
v -47.176308 258.717377 174.785416
v -47.019997 258.173035 175.130722
v -45.133350 257.616760 170.948486
v -48.115658 258.117798 172.187332
v -47.841076 259.052856 173.049438
v -47.387238 259.075714 174.268631
v -61.678986 263.785767 138.470642
v -74.912048 247.323624 137.702118
v -75.849503 247.461014 142.289612
v -75.742706 246.348572 137.930603
v -76.051414 240.200714 140.266266
v -94.820969 237.593857 136.388504
v -14.994548 206.058563 238.079453
v -10.734341 207.421356 237.586105
v -21.656578 222.315948 225.459152
v -22.380552 223.733353 223.122757
v -18.065657 224.726746 222.081207
v -21.799875 221.587082 222.208267
v -17.936096 224.189133 221.714920
v -17.751396 223.565186 221.586288
v -60.758751 262.295532 138.873505
v -40.329060 253.485229 192.426315
v -14.343214 203.355835 236.237976
v -17.333153 222.436890 222.081207
v -104.718216 78.398216 123.018822
v -118.667358 103.109840 119.070091
v -110.887283 89.874474 122.867668
v -123.067848 149.777664 119.893875
v -99.183731 113.852577 171.079910
v -97.382690 113.897552 174.651215
v -106.373032 121.924408 175.499924
v -106.245201 121.962303 175.434982
v -106.114838 121.987564 175.368927
v -105.982948 121.999992 175.302261
v -105.850525 121.999489 175.235474
v -105.718582 121.986069 175.169113
v -105.588120 121.959824 175.103653
v -105.460136 121.920959 175.039597
v -105.335594 121.869766 174.977432
v -105.215454 121.806641 174.917633
v -105.100616 121.732063 174.860657
v -104.991966 121.646591 174.806946
v -104.890335 121.550888 174.756897
v -104.796478 121.445671 174.710892
v -104.711128 121.331749 174.669281
v -104.634926 121.209984 174.632385
v -104.568451 121.081306 174.600479
v -104.512215 120.946693 174.573807
v -104.466637 120.807175 174.552582
v -104.432068 120.663803 174.536957
v -104.408775 120.517670 174.527054
v -104.396927 120.369896 174.522934
v -104.396629 120.221596 174.524658
v -104.407867 120.073914 174.532181
v -104.430557 119.927956 174.545456
v -104.464539 119.784843 174.564407
v -104.509544 119.645660 174.588852
v -104.565231 119.511475 174.618622
v -104.631180 119.383293 174.653488
v -104.706886 119.262100 174.693207
v -104.791771 119.148827 174.737442
v -104.885193 119.044319 174.785858
v -104.986435 118.949379 174.838120
v -105.094734 118.864731 174.893799
v -105.209259 118.791016 174.952484
v -105.329147 118.728790 175.013733
v -105.453484 118.678543 175.077057
v -105.581314 118.640648 175.142014
v -105.711670 118.615387 175.208069
v -105.843559 118.602959 175.274734
v -105.975983 118.603462 175.341507
v -106.107925 118.616882 175.407883
v -106.238388 118.643127 175.473343
v -106.366379 118.681992 175.537399
v -106.490913 118.733177 175.599564
v -106.611061 118.796303 175.659363
v -106.725891 118.870888 175.716324
v -106.834541 118.956352 175.770050
v -106.936172 119.052063 175.820099
v -107.030029 119.157272 175.866104
v -107.115379 119.271194 175.907715
v -107.191582 119.392960 175.944611
v -107.258057 119.521637 175.976517
v -107.314293 119.656250 176.003174
v -107.359871 119.795776 176.024399
v -107.394440 119.939148 176.040039
v -107.417732 120.085274 176.049942
v -107.429581 120.233055 176.054047
v -107.429886 120.381348 176.052338
v -107.418648 120.529037 176.044815
v -107.395950 120.674995 176.031525
v -107.361969 120.818108 176.012589
v -107.316963 120.957283 175.988144
v -107.261276 121.091476 175.958374
v -107.195328 121.219658 175.923492
v -107.119629 121.340843 175.883789
v -107.034737 121.454124 175.839554
v -106.941322 121.558632 175.791122
v -106.840073 121.653572 175.738876
v -106.731773 121.738220 175.683197
v -106.617249 121.811935 175.624512
v -106.497360 121.874153 175.563263
v -106.328186 122.377510 175.471603
v -106.487976 122.330139 175.552780
v -106.165237 122.409081 175.389038
v -106.000374 122.424614 175.305695
v -105.834846 122.423996 175.222229
v -105.669914 122.407211 175.139267
v -105.506836 122.374413 175.057434
v -105.346855 122.325829 174.977356
v -105.191177 122.261841 174.899658
v -105.041000 122.182930 174.824921
v -104.897461 122.089706 174.753708
v -104.761650 121.982872 174.686554
v -104.634605 121.863243 174.623993
v -104.517288 121.731720 174.566483
v -104.410599 121.589317 174.514481
v -104.315346 121.437111 174.468353
v -104.232254 121.276268 174.428482
v -104.161949 121.108002 174.395142
v -104.104980 120.933594 174.368607
v -104.061775 120.754379 174.349075
v -104.032654 120.571716 174.336685
v -104.017853 120.387001 174.331543
v -104.017471 120.201630 174.333694
v -104.031517 120.017021 174.343094
v -104.059883 119.834579 174.359711
v -104.102356 119.655685 174.383377
v -104.158615 119.481705 174.413940
v -104.228226 119.313972 174.451157
v -104.310661 119.153748 174.494751
v -104.405289 119.002258 174.544373
v -104.511398 118.860664 174.599670
v -104.628174 118.730026 174.660202
v -104.754730 118.611351 174.725525
v -104.890106 118.505539 174.795120
v -105.033264 118.413399 174.868484
v -105.183121 118.335625 174.945038
v -105.338539 118.272812 175.024200
v -105.498322 118.225433 175.105377
v -105.661270 118.193863 175.187958
v -105.826134 118.178329 175.271301
v -105.991661 118.178955 175.354767
v -106.156593 118.195732 175.437729
v -106.319672 118.228539 175.519562
v -106.479652 118.277122 175.599625
v -106.635330 118.341110 175.677338
v -106.785507 118.420013 175.752075
v -106.929054 118.513237 175.823288
v -107.064857 118.620079 175.890427
v -107.191910 118.739708 175.953003
v -107.309219 118.871223 176.010498
v -107.415909 119.013626 176.062515
v -107.511162 119.165833 176.108643
v -107.594254 119.326683 176.148514
v -107.664558 119.494949 176.181854
v -107.721527 119.669350 176.208389
v -107.764740 119.848564 176.227921
v -107.793854 120.031227 176.240295
v -107.808662 120.215950 176.245438
v -107.809044 120.401314 176.243301
v -107.794991 120.585930 176.233887
v -107.766624 120.768372 176.217285
v -107.724152 120.947266 176.193619
v -107.667892 121.121239 176.163055
v -107.598282 121.288979 176.125839
v -107.515846 121.449196 176.082245
v -107.421219 121.600685 176.032608
v -107.315109 121.742287 175.977325
v -107.198334 121.872917 175.916779
v -107.071777 121.991592 175.851471
v -106.936401 122.097404 175.781860
v -106.793243 122.189552 175.708511
v -106.643387 122.267326 175.631958
v -117.547318 206.107712 120.384270
v -123.087524 153.636063 122.431519
v -123.197571 154.060425 120.765114
v -123.256584 156.058273 121.221542
v -122.786179 156.419800 122.431519
v -121.873253 156.272995 120.186844
v -120.725540 160.222534 123.414513
v -120.759201 155.787933 120.882263
v -62.680824 157.880325 242.322235
v -65.419632 155.298859 241.640579
v -65.807739 153.483734 241.290115
v -66.031105 153.144669 240.765594
v -56.841553 167.493851 243.396835
v -56.868103 166.282257 243.870361
v -59.209988 172.354202 242.055084
v -60.708687 168.578842 243.428146
v -61.150143 168.141708 242.284927
v -64.547882 152.921646 238.910004
v -66.249191 153.046600 240.146896
v -59.679867 170.499008 241.474152
v -63.149776 152.173508 235.417999
v -58.913597 151.943604 237.735977
v -60.925076 154.623047 236.860474
v -59.180435 153.702835 236.119232
v -59.107071 157.342972 241.147690
v -58.141209 153.546585 239.352737
v -37.334373 253.636230 191.308716
v -60.126125 260.331573 134.744690
v -37.554775 253.495544 190.699127
v -44.181622 258.868347 173.667831
v -41.215664 255.664505 190.345016
v -43.950340 257.522278 174.105698
v -46.942097 257.525574 175.251984
v -48.128036 257.465790 172.066071
v -45.055450 256.969299 171.069748
v -60.374599 259.682343 139.549820
v -61.747608 260.337128 134.703552
v -75.426933 246.915588 137.793640
v -62.922855 255.498322 140.555176
v -75.918091 246.821350 142.451172
v -75.533730 248.028030 142.152649
v -75.811295 245.708908 138.092178
v -76.122612 240.942352 143.172272
v -71.758232 242.707275 139.731750
v -105.680962 209.636383 121.332916
v -92.954201 227.268616 130.295288
v -15.101904 206.160080 237.432816
v -17.211672 223.054794 224.837173
v -21.471878 221.692001 225.330521
v -17.966581 224.315643 221.801117
v -17.539669 222.949875 221.714920
v -40.549465 253.344543 191.816711
v -14.549729 203.868820 235.871689
v -10.501249 205.846924 235.249710
v -115.290085 96.825516 119.148170
v -105.816521 80.441383 122.991913
v -105.326500 78.285599 119.378517
v -116.986320 104.695091 118.638641
v -117.270134 104.599907 123.128677
v -119.113190 150.135254 122.228264
v -106.872955 199.182755 118.850395
v -108.678467 198.426376 122.902306
v -120.340210 150.268097 124.286598
v -123.151703 153.690994 121.843178
v -123.236526 154.695908 120.239143
v -123.260368 155.767044 120.742912
v -123.247009 156.281021 121.809494
v -122.482353 156.338928 122.617851
v -122.176208 156.165115 120.013206
v -122.285294 156.215988 122.743256
v -120.982483 156.035889 120.733154
v -120.600700 155.479141 120.996674
v -122.903557 155.024338 119.653236
v -62.544537 158.517715 242.445297
v -62.875465 157.351883 241.971771
v -65.564041 156.250946 240.765594
v -56.955334 167.883621 242.872314
v -60.384670 167.468887 244.921844
v -57.004391 165.644867 243.747299
v -60.441853 166.819611 245.044907
v -60.529083 168.420975 244.046860
v -57.353024 167.943420 241.634903
v -61.344788 167.613251 241.934464
v -57.576393 167.604340 241.110397
v -66.428802 153.204468 239.528183
v -64.661659 153.311417 238.385498
v -58.970787 157.980362 241.270752
v -59.301716 156.814529 240.797226
v -58.084030 154.195862 239.229675
v -58.695507 152.041672 238.354691
v -59.142487 259.678131 139.581085
v -37.788212 253.613342 190.089523
v -44.025307 258.324005 174.013138
v -38.233356 255.163498 189.106171
v -41.228043 255.012497 190.223755
v -43.947411 257.676544 174.134399
v -48.050137 256.818329 172.187332
v -44.899139 256.424957 171.415054
v -62.816051 254.385880 136.196167
v -75.018845 248.436066 142.061127
v -63.437737 255.090271 140.646683
v -62.287251 255.685257 140.523026
v -75.729050 246.206421 142.612747
v -75.622253 245.093979 138.253738
v -55.534546 253.835388 141.160583
v -55.427742 252.722961 136.801575
v -84.146606 230.668900 134.854630
v -85.952118 229.912521 138.906540
v -105.996613 209.104599 121.092995
v -92.463913 227.614304 130.578293
v -105.190674 209.982071 121.615913
v -10.841696 207.522873 236.939468
v -21.342318 221.154388 224.964233
v -17.082111 222.517181 224.470886
v -21.593359 221.074097 222.574554
v -47.449459 255.797821 173.659027
v -17.163282 222.104309 222.629410
v -14.761457 204.484131 235.743057
v -107.102478 81.590286 119.337463
v -103.388893 78.696114 123.456985
v -103.105080 78.791298 118.966949
v -120.972282 153.819534 120.882263
v -107.895065 207.711349 124.984604
v -106.089561 208.467712 120.932693
v -106.297562 199.272354 119.956451
v -107.486465 208.880020 125.384827
v -122.773430 153.650040 122.617851
v -121.860504 153.503235 120.373184
v -123.174736 153.834167 121.250473
v -123.218643 154.354340 120.420166
v -123.249985 155.061829 120.234375
v -122.668289 155.702957 119.749695
v -122.447380 155.970688 119.864105
v -121.559158 156.286972 120.373184
v -121.255333 156.206100 120.559517
v -121.827721 155.611954 123.055008
v -122.209503 156.168701 122.791489
v -121.986221 155.920746 122.940598
v -122.901878 154.659683 119.677773
v -122.823883 155.380173 119.677773
v -62.487354 159.166992 242.322235
v -66.442673 158.445969 243.558594
v -63.098835 157.012802 241.447250
v -65.450256 155.861176 241.290115
v -57.134937 168.041489 242.253616
v -60.415306 168.031204 244.571365
v -57.199036 165.116409 243.396835
v -60.578140 166.182220 244.921844
v -60.730431 155.151505 237.210938
v -61.481075 166.975861 241.811401
v -57.771038 167.075897 240.759918
v -66.542580 153.594238 239.003677
v -64.692291 153.873734 238.035019
v -64.498825 155.160400 238.035019
v -59.044147 154.340225 236.242294
v -58.913605 158.629639 241.147690
v -55.208935 157.414719 240.034393
v -55.345219 156.777328 239.911331
v -59.525085 156.475449 240.272705
v -58.114662 154.758179 238.879196
v -62.180447 254.572830 136.164032
v -44.454773 255.948837 172.541443
v -40.782898 253.462341 191.207123
v -46.945023 257.371307 175.223297
v -38.155457 254.516037 189.227432
v -41.150143 254.365036 190.345016
v -43.958313 257.102264 174.027588
v -47.893826 256.273987 172.532639
v -44.688210 256.066620 171.931839
v -63.330933 253.977844 136.287689
v -74.276443 247.510574 137.669983
v -74.383240 248.623016 142.028992
v -63.753506 254.523270 140.783661
v -61.627686 255.622665 140.555161
v -75.311165 245.709839 142.749710
v -75.204369 244.597397 138.390701
v -55.896427 252.751434 140.654083
v -73.432892 245.531555 142.841232
v -73.326096 244.419113 138.482224
v -60.118408 249.503204 138.282593
v -91.273193 227.573273 131.101212
v -93.679131 226.964920 134.913208
v -84.436966 229.559036 135.351013
v -91.873619 227.721298 130.861282
v -94.269417 226.857941 134.630203
v -94.759705 226.512253 134.347198
v -93.269852 226.736832 130.055374
v -15.130405 206.015091 236.786179
v -17.027422 222.147781 223.922684
v -60.626694 254.823456 140.783661
v -47.229053 255.938507 174.268631
v -21.423487 220.741516 223.122757
v -10.685949 206.470871 235.378342
v -14.946157 205.108078 235.871689
v -106.436195 110.358635 119.425583
v -106.720009 110.263451 123.915619
v -100.665878 87.820068 123.822525
v -121.243454 153.625107 120.733154
v -120.751373 154.087265 120.996674
v -107.751167 207.066284 124.928314
v -107.802116 208.348236 125.144913
v -105.945663 207.822647 120.876396
v -107.501236 198.768112 122.657730
v -103.592041 203.020706 121.861725
v -106.996178 209.225708 125.667831
v -122.470474 153.757919 122.791489
v -122.164330 153.584106 120.186852
v -122.437180 153.754333 120.013214
v -122.660461 154.002289 119.864105
v -122.818962 154.311081 119.749695
v -121.744804 155.263351 123.126930
v -120.517784 155.130539 121.068596
v -62.517986 159.729309 241.971756
v -66.249207 159.732635 243.558594
v -66.306381 159.083359 243.681656
v -66.637314 157.917511 243.208130
v -66.860680 157.578445 242.683609
v -63.316925 156.914734 240.828552
v -63.569340 155.578354 240.671936
v -66.379745 155.443222 238.653198
v -57.892899 163.342896 242.097031
v -60.772785 165.653778 244.571365
v -59.873722 158.774002 238.160309
v -62.201488 163.990753 240.985123
v -66.573212 154.156555 238.653198
v -64.635109 154.523010 237.911957
v -64.304184 155.688843 238.385498
v -58.849506 154.868683 236.592758
v -58.408047 155.305817 237.735977
v -58.944241 159.191956 240.797226
v -55.539864 156.248886 239.560852
v -59.743176 156.377380 239.654007
v -59.995590 155.041000 239.497391
v -61.520882 254.510223 136.196167
v -60.330853 253.096085 136.586212
v -44.234371 256.089508 173.151031
v -40.993832 253.820694 190.690323
v -46.952999 256.951263 175.145172
v -37.999142 253.971695 189.572739
v -47.682892 255.915619 173.049438
v -73.723679 248.560410 142.061127
v -73.616882 247.447968 137.702118
v -63.822094 253.883606 140.945221
v -63.646702 253.410828 136.424652
v -61.044575 255.320023 140.646683
v -74.728058 245.407211 142.841232
v -74.621262 244.294769 138.482224
v -61.336895 252.593811 141.335281
v -74.068497 245.344604 142.873367
v -72.811211 244.827148 138.390717
v -73.961700 244.232162 138.514359
v -55.825230 252.009796 137.748077
v -90.754044 227.192795 131.261505
v -93.078705 226.816910 135.153122
v -85.640640 229.054794 138.052277
v -87.142487 225.810684 133.445740
v -95.075356 225.980469 134.107285
v -104.600388 210.089066 121.898911
v -10.870200 207.377899 236.292831
v -21.287630 220.784973 224.416031
v -15.075718 205.645691 236.237976
v -17.055925 222.002792 223.276047
v -10.815511 207.008484 235.744629
v -21.316132 220.639999 223.769394
v -92.554955 84.454842 119.753891
v -92.838768 84.359657 124.243927
v -100.052795 87.339516 119.341103
v -108.523819 102.984062 123.647285
v -105.578140 109.920853 120.222206
v -106.431328 104.656227 119.305008
v -108.439377 102.326202 123.638672
v -100.336609 87.244331 123.831139
v -121.546410 153.517227 120.559517
v -122.199303 153.952347 122.940598
v -121.978394 154.220078 123.055008
v -120.595779 154.410049 121.068596
v -107.392326 206.511276 124.984604
v -105.586823 207.267639 120.932693
v -95.168304 225.343582 133.946976
v -121.743126 154.898697 123.151466
v -120.516106 154.765884 121.093132
v -61.824127 161.502823 243.271561
v -63.465107 157.044983 240.318100
v -65.961731 156.310745 239.528183
v -63.683121 155.968124 240.147415
v -57.862267 162.780579 242.447495
v -57.422405 164.777344 242.872314
v -59.679077 159.302460 238.510773
v -60.010006 158.136612 238.037247
v -62.396130 163.462296 240.634659
v -61.538258 166.326584 241.934464
v -57.907322 166.438507 240.636856
v -66.516029 154.805832 238.530136
v -63.447475 159.311356 239.334854
v -66.185104 155.971664 239.003677
v -58.250378 160.965454 242.097031
v -58.055733 161.493912 242.447495
v -55.151756 158.063995 239.911331
v -55.182388 158.626312 239.560852
v -59.891354 156.507629 239.143555
v -55.763233 155.909805 239.036346
v -60.109367 155.430771 238.972870
v -58.228443 155.147949 238.354691
v -60.937771 254.207596 136.287689
v -60.519890 253.711014 136.424652
v -60.399441 252.456421 136.747787
v -44.060555 256.467224 173.667831
v -47.055237 256.316254 174.785416
v -43.959789 257.024536 174.013138
v -46.954472 256.873566 175.130722
v -73.033775 247.145340 137.793640
v -73.140572 248.257782 142.152649
v -63.715290 252.771164 136.586212
v -60.822014 253.001846 141.243759
v -72.918007 245.939590 142.749710
v -61.865696 251.294418 137.008408
v -90.395210 226.637787 131.317810
v -92.559555 226.436432 135.313431
v -93.362801 226.099945 129.895065
v -106.405899 209.332687 125.950829
v -60.437656 254.208527 140.945221
v -99.812630 86.838348 123.855652
v -99.528809 86.933533 119.365616
v -92.452591 85.427231 120.532646
v -100.382065 87.915260 119.332489
v -108.350571 103.623871 123.671799
v -105.767349 109.857391 123.215553
v -103.216629 105.514023 120.278053
v -107.087906 104.572517 119.261726
v -105.792412 104.481812 119.341698
v -108.110107 101.750465 123.647285
v -121.822800 154.542862 123.126930
v -106.873184 206.130798 125.144913
v -105.067673 206.887161 121.092995
v -92.465416 224.067688 134.913193
v -61.629482 162.031265 243.622040
v -62.047497 161.163742 242.747055
v -66.279839 160.294952 243.208130
v -66.393616 160.684723 242.683609
v -67.258377 157.638245 241.446198
v -67.078773 157.480377 242.064911
v -65.743645 156.408813 240.146896
v -63.862724 156.125992 239.528717
v -57.919449 162.131302 242.570557
v -61.436016 163.317932 243.622040
v -57.640491 164.679276 242.253616
v -60.996155 165.314697 244.046860
v -61.466648 163.880249 243.271561
v -58.822380 162.924942 239.460114
v -55.917229 158.736816 237.274414
v -56.111874 158.208359 236.923950
v -56.248158 157.570969 236.800888
v -60.067188 157.487335 238.160309
v -58.626137 155.207748 237.117279
v -60.507061 155.490570 237.735458
v -63.252827 159.839798 239.685318
v -58.627735 163.453384 239.810593
v -61.507622 165.764267 242.284927
v -57.964504 165.789230 240.759918
v -63.583763 158.673965 239.211792
v -64.080811 156.027924 238.910004
v -58.473747 160.626389 241.572510
v -56.274704 156.359375 237.274414
v -55.981319 155.811737 238.417633
v -60.715210 251.889404 136.884750
v -60.506245 253.568863 141.106796
v -63.633057 253.268661 141.106781
v -72.722687 247.761200 142.289612
v -72.615891 246.648758 137.930603
v -63.526253 252.156235 136.747787
v -61.230091 251.481369 136.976273
v -72.602234 246.506607 142.612747
v -72.495438 245.394165 138.253738
v -90.251305 225.992722 131.261505
v -92.200714 225.881424 135.369720
v -90.659904 224.824051 130.861282
v -93.218903 225.454880 129.838776
v -95.024406 224.698517 133.890686
v -103.999962 209.941040 122.138832
v -99.173714 86.663933 123.892342
v -98.889900 86.759125 119.402306
v -92.641800 85.363770 123.525993
v -107.302307 101.439667 119.181763
v -107.946007 104.148239 123.708488
v -108.240005 103.079247 119.157249
v -107.662193 104.243423 119.218452
v -106.715141 104.561035 123.795044
v -107.371719 104.477325 123.751762
v -105.268433 104.075829 119.366211
v -106.076233 104.386627 123.831726
v -100.750320 88.477928 123.831139
v -107.826294 101.845650 119.157249
v -100.466507 88.573112 119.341103
v -106.272751 205.982773 125.384827
v -104.467247 206.739151 121.332916
v -92.149765 224.599472 135.153122
v -105.192177 206.435455 125.950829
v -61.493198 162.668655 243.745102
v -62.265583 161.065674 242.128342
v -67.209320 159.876999 240.571213
v -63.496532 157.072601 240.209839
v -57.820095 164.837143 241.634903
v -61.214241 165.216629 243.428146
v -58.958668 162.287552 239.337051
v -55.693859 159.075882 237.798935
v -59.455708 159.641525 239.035294
v -60.036556 156.925018 238.510788
v -59.922779 156.535248 239.035294
v -62.532417 162.824905 240.511597
v -61.978119 164.329819 241.509644
v -61.406200 165.416824 242.752502
v -57.933876 165.226913 241.110397
v -63.640942 158.024689 239.334854
v -67.345612 159.239609 240.448151
v -58.691837 160.528320 240.953812
v -59.058018 159.581726 240.272705
v -60.288975 155.588638 238.354156
v -63.215176 252.772095 141.243759
v -72.426849 246.033829 138.092178
v -72.533646 247.146271 142.451187
v -61.972500 252.406860 141.367416
v -62.525261 251.357025 136.976273
v -90.344261 225.355835 131.101212
v -92.056816 225.236359 135.313431
v -91.150192 224.478363 130.578293
v -94.665565 224.143509 133.946976
v -92.860062 224.899872 129.895065
v -105.805466 209.184677 126.190742
v -98.517136 86.747643 123.935616
v -98.233322 86.842834 119.445580
v -97.165665 88.993958 119.558670
v -108.066757 103.719063 119.181763
v -108.155563 102.421394 119.148636
v -105.552246 103.980644 123.856247
v -104.939163 103.500092 119.374817
v -107.586128 101.344482 123.671799
v -105.682465 206.089767 125.667824
v -103.876961 206.846130 121.615913
v -104.876526 206.967239 126.190742
v -62.429382 161.209641 241.564102
v -62.631767 160.119080 241.447250
v -66.791313 160.744522 241.446198
v -67.402786 158.590332 240.571213
v -63.610310 157.462372 239.685333
v -67.372154 158.028015 240.921692
v -58.006676 163.732666 241.572510
v -61.325638 165.314545 243.044403
v -59.015850 161.638275 239.460114
v -58.871441 160.686188 240.335098
v -59.237621 159.739594 239.653992
v -55.475773 159.173950 238.417633
v -56.305336 156.921692 236.923950
v -62.589603 162.175629 240.634659
v -58.404366 163.792465 240.335098
v -67.014679 160.405441 240.921692
v -58.855633 160.672287 240.389557
v -55.296165 159.016083 239.036346
v -56.160927 155.969604 237.798935
v -63.108372 251.659653 136.884750
v -62.632065 252.469467 141.335281
v -103.071022 207.723602 122.138832
v -92.955704 223.722000 134.630203
v -103.480812 209.560562 122.299133
v -92.340912 224.519394 130.055374
v -94.146416 223.763031 134.107285
v -105.286324 208.804199 126.351051
v -97.942848 87.076736 123.978897
v -97.659035 87.171921 119.488861
v -97.081223 88.336098 119.550064
v -106.663399 101.265259 119.218452
v -105.222977 103.404900 123.864853
v -100.577072 89.117737 123.855652
v -103.386673 207.191818 121.898911
v -62.811371 160.276947 240.828552
v -66.573219 160.842590 242.064911
v -61.580425 164.270020 242.747055
v -58.186283 163.890533 240.953812
v -61.393845 165.374496 242.809448
v -58.985214 161.075958 239.810593
v -62.558971 161.613312 240.985123
v -57.832451 164.879471 241.577957
v -61.760029 164.427887 242.128342
v -63.029461 160.178879 240.209839
v -91.740486 224.371384 130.295288
v -93.545990 223.615005 134.347198
v -103.121971 209.005554 122.355431
v -97.538284 87.601097 124.015579
v -97.254471 87.696289 119.525551
v -97.494934 89.569695 119.550064
v -97.449478 88.898766 124.048706
v -100.293259 89.212929 119.365616
v -106.947212 101.170067 123.708488
v -97.778748 89.474510 124.040100
v -104.783585 207.604126 126.351051
v -102.978073 208.360489 122.299133
v -62.445190 161.223541 241.509644
v -104.927483 208.249191 126.407341
v -97.365036 88.240913 124.040100
v -98.018913 89.975677 119.525543
v -106.006821 101.348969 119.261726
v -106.290634 101.253777 123.751762
v -105.138535 102.747047 123.856247
v -104.854721 102.842232 119.366211
v -99.888695 89.737289 119.402306
v -100.172508 89.642105 123.892342
v -98.302734 89.880493 124.015579
v -105.432533 101.678055 119.305008
v -98.657829 90.150093 119.488861
v -105.716347 101.582870 123.795044
v -99.598221 89.971191 123.935616
v -105.311783 102.107231 123.831726
v -105.027969 102.202423 119.341698
v -98.941643 90.054901 123.978897
v -99.314407 90.066383 119.445580
v -70.954094 121.304855 205.225449
v -68.165962 149.767075 196.162979
v -70.954086 114.842537 184.929443
v -69.230003 136.074677 190.732574
v -35.806629 140.426636 176.783371
v -62.191936 142.773407 176.036148
v -41.780659 140.957977 176.614197
v -44.494434 113.254753 185.434982
v -64.905716 115.070175 184.856949
v -64.905716 121.289780 204.390671
v -63.217579 134.807083 187.233490
v -62.191936 148.993011 195.569870
v -68.165962 143.304749 175.866959
v -62.191936 149.235733 196.332169
v -35.806629 148.466614 202.034286
v -35.806629 146.888962 197.079391
v -41.780659 147.420303 196.910202
v -68.165962 151.344727 201.117874
v -62.952713 138.505417 189.495895
v -62.921982 138.636948 188.823837
v -62.912971 138.464203 187.963150
v -62.935680 137.976562 187.233490
v -62.961338 138.468506 189.684540
v -63.025047 137.984512 190.414200
v -62.986649 137.248260 186.745941
v -63.058121 136.390182 186.574738
v -41.780659 147.177582 196.147903
v -44.494434 119.474358 204.968704
v -63.103416 137.258636 190.901749
v -63.139214 135.532959 186.745941
v -63.184509 136.401413 191.072952
v -63.255978 135.543335 190.901749
v -63.281292 134.323090 187.963150
v -63.306950 134.815033 190.414200
v -63.329655 134.327393 189.684540
v -63.320644 134.154648 188.823837
v -68.909706 138.507904 187.064316
v -68.886993 138.995544 187.793976
v -68.896004 139.168289 188.654663
v -68.935364 138.999847 189.515366
v -68.999077 138.515854 190.245026
v -68.960670 137.779602 186.576767
v -69.077438 137.789978 190.732574
v -69.158531 136.932755 190.903778
v -69.032143 136.921524 186.405563
v -69.113235 136.064301 186.576767
v -70.954094 114.842529 184.929428
v -69.191605 135.338425 187.064316
v -69.280975 135.346375 190.245026
v -69.303680 134.858734 189.515366
v -69.255318 134.854431 187.793976
v -69.294670 134.685989 188.654663
v -35.806629 146.646240 196.317093
v -42.806297 132.991653 187.811508
v -42.870010 132.507660 188.541168
v -42.844700 133.727905 191.479767
v -42.895668 132.999603 190.992218
v -42.918377 132.511963 190.262558
v -42.909367 132.339218 189.401871
v -42.727932 133.717529 187.323959
v -42.646839 134.574753 187.152756
v -42.501690 136.648773 188.541168
v -42.524399 136.161133 187.811508
v -42.575371 135.432831 187.323959
v -42.773228 134.585983 191.650970
v -42.613770 136.169083 190.992218
v -42.550056 136.653076 190.262558
v -42.510700 136.821518 189.401871
v -42.692135 135.443207 191.479767
v -71.437370 108.088692 180.783066
v -36.527660 136.117432 188.710342
v -36.550369 135.629791 187.980682
v -36.601337 134.901489 187.493134
v -36.672810 134.043411 187.321930
v -36.753902 133.186188 187.493134
v -38.594753 118.184021 205.379562
v -36.639740 135.637741 191.161392
v -36.579517 136.095215 190.471710
v -36.718105 134.911865 191.648941
v -36.799198 134.054642 191.820145
v -36.870667 133.196564 191.648941
v -36.576027 136.121735 190.431732
v -36.536671 136.290176 189.571045
v -36.921638 132.468262 191.161392
v -36.944347 131.980621 190.431732
v -36.935337 131.807877 189.571045
v -36.895981 131.976318 188.710342
v -36.832268 132.460312 187.980682
v -38.594753 111.721703 185.083542
v -38.594753 110.144051 180.128647
v -38.520405 110.903038 179.886978
v -35.806629 140.183914 176.021072
v -35.806629 138.606262 171.066177
v -70.879738 113.781136 178.970566
v -68.165962 141.484375 170.149765
v -70.879730 113.781136 178.970566
v -39.383316 110.979790 179.862549
v -70.954094 113.022156 179.212234
v -38.594753 111.721695 185.083542
v -39.078030 105.210594 181.699478
v -39.078030 115.070946 212.667587
v -38.594753 120.004395 211.096756
v -71.437370 117.949043 211.751175
v -70.954094 122.882507 210.180344
v -92.119370 208.688690 190.485596
v -96.087135 206.359467 191.722580
v -95.812660 206.294113 191.490295
v -96.172043 206.354309 191.778000
v -96.810501 208.362732 193.521057
v -95.895607 209.969391 193.928757
v -96.786186 205.849426 188.568909
v -97.008537 205.561234 188.536087
v -96.847946 205.769363 188.559784
v -98.161804 201.332733 186.594757
v -93.324799 209.817108 188.743866
v -96.629532 206.165298 188.665131
v -96.673042 206.077545 188.638397
v -96.549248 206.487305 188.818192
v -96.955704 207.382278 189.679306
v -96.793518 207.277634 189.499268
v -96.223160 210.800079 191.386581
v -97.405411 208.723907 190.859726
v -101.055412 202.314102 189.233139
v -98.941673 206.014847 190.194229
v -98.951218 206.009308 190.170853
v -98.939911 206.016708 190.197098
v -98.728432 206.248520 190.529251
v -98.676666 206.330627 190.567322
v -100.727859 201.483414 191.775314
v -98.559380 206.516663 190.653549
v -98.521194 206.602936 190.637817
v -98.351860 207.061844 190.437958
v -98.338371 207.085526 190.443954
v -98.368805 206.984573 190.511383
v -98.372894 206.970993 190.520462
v -98.949722 205.717621 189.980850
v -98.866409 205.448059 189.748550
v -96.749245 207.218048 189.430023
v -96.634140 207.063110 189.249969
v -98.707031 205.233521 189.499252
v -96.550827 206.793549 189.017685
v -98.482460 205.088638 189.249969
v -98.207985 205.023285 189.017670
v -97.902321 205.041885 188.818192
v -97.586288 205.143234 188.665131
v -97.366119 205.271164 188.595627
v -97.281441 205.320374 188.568909
v -98.219109 207.190796 190.429611
v -97.018082 207.422516 189.748550
v -97.292564 207.487885 189.980850
v -97.914261 207.367935 190.333405
v -97.598228 207.469269 190.180328
v -97.513321 207.474442 190.124924
v -96.392807 206.340866 191.922073
v -96.480591 206.312714 191.964600
v -96.708832 206.239517 192.075134
v -95.650467 206.189484 191.310257
v -95.588089 206.149231 191.240997
v -97.013687 206.062393 192.171356
v -97.286583 205.821518 192.204178
v -95.428719 205.934708 190.991714
v -95.345398 205.665146 190.759415
v -97.508934 205.533340 192.171356
v -95.343826 205.358902 190.559937
v -95.424103 205.036880 190.406860
v -95.401802 205.126343 190.449387
v -97.552452 205.445587 192.144638
v -97.665596 205.217468 192.075134
v -96.956375 200.204315 188.336487
v -95.537247 204.808762 190.337372
v -97.745872 204.895447 191.922073
v -97.744293 204.589203 191.722580
v -95.580757 204.721008 190.310638
v -95.741348 204.512878 190.286942
v -97.660980 204.319641 191.490280
v -95.803108 204.432816 190.277817
v -96.076012 204.191956 190.310638
v -97.501610 204.105118 191.240997
v -97.277039 203.960236 190.991714
v -96.380859 204.014816 190.406860
v -96.296181 204.064026 190.380142
v -96.696892 203.913483 190.559937
v -97.002563 203.894882 190.759415
v -113.061440 121.238930 176.795013
v -109.474365 122.238548 176.922440
v -110.794510 121.721390 178.021317
v -109.661163 122.456688 174.841812
v -110.080879 122.406548 174.313995
v -110.550980 132.220123 178.367691
v -111.434113 131.874176 179.102798
v -108.729553 122.327522 177.859085
v -107.846420 122.673485 177.123978
v -113.510994 131.263367 179.274963
v -115.765999 130.785599 178.038727
v -115.446213 130.823792 178.440872
v -114.194496 131.401215 176.730606
v -112.785439 131.953201 175.557709
v -112.661301 131.968018 175.713821
v -112.741653 121.277130 177.197159
v -108.591240 122.584511 176.187317
v -67.343803 244.162369 199.782227
v -64.532944 241.405777 206.671204
v -69.693291 244.188599 198.205048
v -64.594276 244.067978 203.289368
v -68.806549 249.623734 201.075974
v -72.499031 249.185165 199.100677
v -75.905632 247.169144 199.675797
v -72.573540 240.408432 205.776947
v -65.610504 244.602921 211.388947
v -68.531006 242.077164 212.433563
v -66.040817 248.611435 208.476334
v -72.605659 248.836777 200.102615
v -66.057022 249.529343 204.583115
v -124.486664 201.970413 111.930145
v -90.542648 249.107788 135.565399
v -124.358841 202.257278 111.751534
v -124.483383 201.970963 111.942245
v -123.883194 201.971588 114.398323
v -124.596779 200.135223 115.970428
v -125.001236 199.092255 116.866661
v -124.958344 199.585190 115.835960
v -90.767746 246.520905 140.974396
v -122.847557 202.936523 112.139275
v -118.895309 198.164429 110.021461
v -84.661819 245.593079 134.129211
v -122.321526 201.778473 111.607315
v -121.648338 199.809799 110.693802
v -122.445480 201.789093 111.607239
v -84.886917 243.006195 139.538208
v -119.120407 195.577545 115.430458
v -124.561562 199.188583 116.052795
v -123.225655 201.882507 112.856934
v -124.475281 201.970184 111.938004
v -98.432785 90.914146 177.462601
v -98.336029 90.830643 177.530243
v -98.401169 90.905861 177.503677
v -104.458839 92.340187 169.481186
v -103.603256 95.313538 172.963196
v -102.441376 92.087250 172.377365
v -102.502167 92.215233 172.410233
v -94.872314 91.728004 183.831772
v -99.203171 93.839119 177.884476
v -99.414467 93.593330 178.177536
v -99.196053 93.860046 177.853455
v -99.875931 97.691032 169.555084
v -94.252762 88.489944 181.566574
v -96.589645 92.580406 173.914780
v -92.089470 94.991753 179.927444
v -105.253426 95.991211 170.909012
v -103.390526 95.473167 172.815002
v -99.327568 93.875290 177.754562
v -98.850105 91.982018 177.877197
v -98.351990 90.871239 177.545868
v -115.073593 111.305061 126.285774
v -120.451088 109.605240 127.639709
v -119.656502 105.954216 126.211884
v -122.359550 113.784431 124.839203
v -115.723770 109.068085 117.085197
v -121.946220 114.638649 123.157913
v -122.515831 116.400993 122.765137
v -121.350151 112.865822 123.563980
v -119.386780 113.281265 119.915604
v -116.752914 117.124794 122.184479
v -121.012398 116.971039 122.311447
v -121.455704 115.703125 123.317101
v -121.166222 158.884781 181.011093
v -120.736855 158.647247 181.497986
v -115.469536 162.849747 187.024750
v -122.636429 166.131546 178.940491
v -121.168930 158.302521 181.044617
v -122.293884 157.404984 179.864258
v -122.480904 160.536209 177.382233
v -116.687248 160.745346 177.209518
v -121.025780 158.383759 180.946335
v -116.766129 162.754913 176.996796
v -122.559784 162.545776 177.169510
v -103.241325 91.249542 172.947586
v -104.356125 95.187408 173.463730
v -121.932732 110.932495 123.421310
v -121.206955 109.016853 123.898888
v -120.788429 107.296555 123.401405
v -121.042488 107.195778 122.265839
v -121.279022 110.953911 123.730339
v -103.435440 95.633392 172.835709
v -98.287506 96.268127 174.077499
v -101.772934 95.166389 174.955048
v -101.459755 92.564316 174.026352
v -120.813248 111.415764 122.808548
v -116.662018 112.727966 121.763359
v -119.992599 108.839294 121.709663
v -120.545990 107.273605 122.962410
v -102.543938 92.453125 172.424652
v -103.451996 75.035660 125.107185
v -120.369980 106.606339 124.707039
v -104.265366 74.524734 119.184563
v -119.919456 105.068092 122.688004
v -119.862740 103.631020 118.815651
v -120.768806 106.355812 121.802925
v -120.028656 106.757767 122.223221
v -120.748772 106.366684 121.813683
v -119.999603 105.237648 122.744286
v -115.086700 109.348297 117.666527
v -114.273331 109.859222 123.589149
v -117.587059 108.014221 118.124992
v -116.681419 103.722961 118.370819
v -98.168716 77.777618 118.066673
v -97.355347 78.288544 123.989296
v -99.122177 90.661682 170.395477
v -103.704079 90.294006 171.889114
v -102.954353 88.617020 171.098145
v -120.058128 103.938538 122.401939
v -120.807854 105.615524 123.192902
v -120.049133 105.084106 122.759216
v -119.943680 105.078156 122.720299
v -120.017776 105.135330 122.764320
v -119.998283 105.168625 122.767944
v -116.225952 105.983200 121.699272
v -119.996979 105.100296 122.791367
v -60.127052 139.688110 240.072128
v -59.345341 147.431305 245.751007
v -51.519676 142.593307 245.563171
v -53.031895 142.703903 252.443649
v -52.719814 139.380112 250.240250
v -62.909904 136.424362 243.976456
v -59.569706 136.194565 246.165115
v -6.634149 139.535217 254.979874
v -7.170531 140.271027 255.347733
v 1.462478 144.104675 258.956635
v -8.682747 140.381622 262.228210
v -4.338194 134.421860 259.248627
v -7.834286 136.322021 259.656952
v -8.370668 137.057831 260.024811
v -8.109324 182.191406 265.710052
v -8.800383 185.531601 263.620667
v -7.203443 182.815811 258.750916
v -5.154303 189.514786 262.529968
v -2.233805 192.040543 261.485352
v -1.156244 188.843399 256.767609
v 2.014887 180.858292 261.692657
v -1.974762 94.730789 209.820999
v -7.306931 91.260422 213.320999
v -7.909307 94.101242 210.441360
v -1.415960 92.095467 212.492325
v -2.115955 143.477417 257.939911
v -7.261186 91.961998 214.470596
v -7.019457 137.985443 263.489166
v -0.947986 91.341934 216.204468
v -1.084911 138.614990 262.868805
v -6.879918 89.809990 215.934036
v -8.050501 142.847870 258.560272
v -1.325979 93.475464 214.753586
v -45.273010 78.072792 208.181259
v -44.522881 77.238815 206.525421
v -44.234539 78.003319 206.270996
v -44.651234 78.935219 207.355820
v -44.317554 78.674004 205.895599
v -94.597198 91.166214 176.826035
v -96.079720 87.235451 178.134171
v -96.829849 88.069427 179.790009
v -43.930187 78.810280 206.002441
v -43.040356 81.169579 205.217285
v -44.401646 79.281410 207.024475
v -44.652790 79.224464 207.011688
v -42.530190 81.793556 210.813217
v -42.578541 80.986221 212.125381
v -44.862320 81.143349 210.628937
v -42.878471 82.389954 213.085022
v -60.915829 140.317825 248.652420
v -41.894791 82.055061 213.506195
v -64.256027 140.547623 246.463760
v -61.473179 143.811371 242.559433
v -42.079468 84.407097 206.724609
v -42.132877 83.069786 212.807922
v -41.699078 82.022751 210.883072
v -42.905338 82.872810 212.771088
v -76.251724 246.744965 202.789413
v -77.258743 245.019791 202.887848
v -76.652588 244.657516 202.739807
v -75.427330 245.538986 202.542877
v -76.045273 244.270706 202.173508
v -86.141945 246.675049 141.017456
v -88.831451 250.609467 141.821777
v -89.838470 248.884293 141.920212
v -75.807182 244.152252 202.533356
v -73.562218 242.810547 201.985092
v -75.342117 245.414322 202.517395
v -75.374603 245.446869 202.460403
v -121.936661 109.611923 124.318092
v -122.686020 111.065468 123.166710
v -117.857185 110.901451 123.290970
v -122.615784 157.721191 182.020462
v -121.868210 155.080826 181.674744
v -120.098946 155.077438 180.518982
v -117.785904 158.249329 183.017853
v -119.211739 157.610657 183.139557
v -119.349174 158.051193 183.176788
v -119.059067 157.846878 183.338409
v -119.587997 158.310532 182.971481
v -120.517235 156.569611 180.711853
v -121.803215 167.212112 182.781052
v -122.797447 165.637238 182.052155
v -117.990028 165.320343 181.667145
v -125.963562 198.420441 115.537979
v -124.969330 199.995316 116.266869
v -125.782654 198.408508 115.523491
v -124.574539 199.537506 116.022430
v -121.156143 198.103546 115.152954
v -124.120102 198.298920 115.390335
v -124.516052 197.965363 116.159233
v -71.490578 248.875366 203.988113
v -73.015099 247.973160 204.245483
v -68.684837 243.878799 203.092484
v -73.646622 246.259354 204.267166
v -74.175644 247.549515 202.973297
v -88.283669 250.971680 139.685654
v -84.877068 252.987701 139.110535
v -82.071327 247.991135 138.214905
v -75.178200 246.945679 203.201248
v -74.666168 246.689270 202.763458
v -2.140081 137.840286 262.161133
v -4.436036 142.953644 257.892395
v -5.636173 139.740448 262.569458
v -38.156731 81.828667 214.438812
v -41.547634 81.945778 213.649155
v -41.275051 85.663101 209.080414
v -39.977707 82.773766 211.492508
v -42.165844 83.061378 212.806351
v -42.475189 82.449913 213.757492
v -38.925251 83.887726 212.960861
v -44.844204 64.026543 166.079590
v -41.055157 62.233459 166.340302
v -41.448650 77.762169 211.201263
v -37.659603 75.969093 211.461975
v -39.353573 65.658928 165.169495
v -35.958019 79.394554 210.291168
v -43.142620 67.452003 164.908783
v -39.747066 81.187630 210.030457
v -60.177940 147.416107 244.654663
v -55.094643 167.486145 250.939331
v -49.275330 166.025391 250.897339
v -54.358627 145.955353 244.612671
v -60.627518 145.432587 251.352692
v -55.544220 165.502625 257.637360
v -49.724907 164.041870 257.595367
v -54.808205 143.971832 251.310699
v -83.847816 246.125763 135.285156
v -58.140999 261.134735 132.084656
v -57.123970 260.649445 137.977875
v -82.830788 245.640503 141.178375
v -61.527237 267.165070 133.165588
v -87.234062 252.156097 136.366089
v -60.510208 266.679779 139.058807
v -86.217033 251.670837 142.259308
v -5.415649 179.876541 260.396179
v -34.087376 249.945908 206.362335
v 0.182266 182.028519 260.216431
v -28.489460 252.097885 206.182556
v -29.789967 255.956528 211.876373
v -1.118239 185.887161 265.910278
v -35.387882 253.804550 212.056152
v -6.716154 183.735184 266.090027
v 1.156819 182.853119 260.025269
v 0.832681 142.784088 257.441467
v -5.022691 142.915466 256.138672
v -4.698554 182.984497 258.722473
v -0.693945 142.356781 264.259583
v -0.369808 182.425812 266.843384
v -6.225180 182.557190 265.540588
v -6.549318 142.488159 262.956787
v -72.448601 247.695053 205.099899
v -68.270050 242.796249 204.501953
v -69.732796 248.257614 205.795700
v -72.968224 246.969910 204.788025
v -56.214802 268.195312 136.914749
v -73.356506 247.729355 203.928604
v -60.013916 267.408356 135.941391
v -54.752056 262.733948 135.621002
v -97.251549 210.497757 194.894699
v -97.992096 210.474182 192.399689
v -97.549789 211.250015 192.596207
v -102.386795 202.765640 190.447098
v -102.088554 202.013382 192.745590
v -98.342239 211.518768 193.318756
v -103.179245 203.034393 191.169647
v -19.617001 42.842999 142.132507
v -43.194786 64.596962 165.362625
v -18.851290 44.384460 141.605637
v -39.741787 78.564957 211.247635
v -76.047287 247.338699 202.171722
v -73.918793 243.548203 201.492279
v -74.336533 248.194748 202.755234
v -61.141800 262.393005 136.387115
v -63.270290 266.183502 137.066559
v -61.559536 267.039551 137.650070
v -33.620499 256.865662 210.287552
v -32.173954 252.322205 205.100586
v -33.636700 257.783569 206.394333
v -70.879158 247.379593 208.206039
v -70.895363 248.297501 204.312820
v -69.432617 242.836136 203.019073
v -71.818871 244.804001 209.834656
v -68.898369 247.329758 208.790039
v -67.820801 244.132614 204.072296
v -1.866441 186.787949 265.128876
v 1.054057 189.313705 264.084259
v 2.131618 186.116562 259.366516
v -35.603741 256.381439 210.998169
v -35.262547 254.787155 212.156525
v -34.445087 252.361725 208.577545
v -68.650536 246.286560 210.291229
v -68.991730 247.880859 209.132874
v -67.833076 243.861130 206.712250
v -57.770275 138.612625 249.161102
v -56.859825 141.050217 245.612976
v -59.651447 138.384293 248.521530
v -39.453465 82.506966 215.316116
v -38.543015 84.944565 211.767990
v -41.334637 82.278633 214.676544
v -3.494459 136.802490 261.100616
v -2.294322 140.015686 256.423553
v -3.806538 140.126282 263.304016
v -56.395885 142.848648 244.487366
v -57.596024 139.635452 249.164444
v -57.908104 142.959244 251.367844
v -5.888262 140.861938 263.618896
v -4.855455 143.124191 259.474548
v -5.815049 142.855591 263.760223
v -56.015648 145.484283 252.684723
v -56.088860 143.490631 252.543396
v -55.056053 145.752884 248.399033
v -4.071897 186.975983 264.365753
v -3.380837 183.635788 266.455139
v -2.474957 184.260193 259.496002
v -52.516323 172.177994 256.731934
v -51.825264 168.837799 258.821320
v -50.919384 169.462204 251.862183
v -5.196513 182.536224 266.688049
v -4.559230 180.707275 266.189209
v -4.276640 181.954071 261.979034
v -48.938274 168.311600 254.941284
v -49.220867 167.064804 259.151459
v -49.858150 168.893753 259.650299
v -63.679161 130.675476 238.919586
v -91.132454 93.958557 188.659088
v -49.026855 85.794472 211.845734
v -41.350021 94.797905 201.075195
v -56.002327 139.678909 228.149048
v -83.455620 102.961990 177.888550
vn -0.007942 -0.980751 -0.195100
vn -0.007941 -0.980750 -0.195104
vn 0.007916 0.980751 -0.195101
vn 0.006686 0.831441 -0.555573
vn 0.006686 0.831441 -0.555573
vn 0.004437 0.555540 -0.831478
vn 0.004429 0.555588 -0.831446
vn -0.007916 -0.980750 0.195105
vn -0.006686 -0.831441 0.555573
vn -0.006686 -0.831441 0.555573
vn -0.004438 -0.555556 0.831467
vn -0.004438 -0.555556 0.831467
vn 0.001640 0.195090 0.980784
vn 0.001640 0.195090 0.980784
vn 0.004545 0.555555 0.831467
vn 0.004545 0.555555 0.831467
vn 0.006757 0.831441 0.555572
vn 0.006757 0.831441 0.555572
vn 0.007941 0.980750 0.195104
vn -0.999967 0.008085 0.000067
vn -0.001514 -0.195091 0.980784
vn -0.001514 -0.195091 0.980784
vn 0.999967 -0.008085 -0.000067
vn -0.999967 0.008085 0.000066
vn -0.999967 0.008085 0.000067
vn 0.007942 0.980751 0.195100
vn 0.001504 0.195069 -0.980788
vn 0.001504 0.195069 -0.980788
vn -0.001650 -0.195068 -0.980788
vn -0.001650 -0.195068 -0.980788
vn -0.156924 0.453559 0.877302
vn -0.156924 0.453558 0.877303
vn -0.967333 -0.249670 -0.043952
vn -0.199110 0.855568 -0.477870
vn 0.967331 0.249676 0.043964
vn -0.967335 -0.249665 -0.043943
vn -0.066203 0.881505 -0.467510
vn -0.967333 -0.249670 -0.043951
vn -0.150333 0.695698 -0.702427
vn -0.150334 0.695700 -0.702426
vn -0.150335 0.695699 -0.702426
vn -0.150333 0.695697 -0.702428
vn -0.150332 0.695697 -0.702428
vn 0.967333 0.249669 0.043952
vn -0.150328 0.695697 -0.702429
vn -0.150333 0.695699 -0.702426
vn 0.001688 -0.980784 -0.195092
vn 0.001689 -0.980783 -0.195096
vn 0.001102 -0.980785 0.195089
vn 0.000351 -0.831465 0.555576
vn 0.000351 -0.831465 0.555576
vn -0.000454 -0.555577 0.831465
vn -0.000454 -0.555577 0.831465
vn 0.001102 -0.980786 0.195085
vn -0.001744 0.195094 0.980783
vn -0.001189 -0.195100 0.980783
vn -0.001744 0.195096 0.980783
vn 0.002059 -0.711672 -0.702509
vn 0.002059 -0.711672 -0.702509
vn -0.999998 -0.001421 -0.001494
vn 0.001102 -0.980783 0.195100
vn 0.000351 -0.831476 0.555561
vn 0.000353 -0.831465 0.555576
vn -0.000452 -0.555566 0.831472
vn -0.000452 -0.555566 0.831472
vn -0.001189 -0.195100 0.980783
vn -0.001189 -0.195100 0.980783
vn -0.001744 0.195096 0.980783
vn -0.001744 0.195096 0.980783
vn -0.002035 0.555574 0.831465
vn -0.002035 0.555574 0.831465
vn -0.002015 0.831465 0.555574
vn -0.002015 0.831465 0.555574
vn -0.001689 0.980783 0.195096
vn -0.999998 -0.001419 -0.001498
vn -0.999998 -0.001422 -0.001494
vn -0.999998 -0.001422 -0.001494
vn -0.999998 -0.001421 -0.001494
vn -0.999998 -0.001422 -0.001494
vn -0.999998 -0.001422 -0.001494
vn -0.001106 0.980788 -0.195074
vn -0.001102 0.980783 -0.195100
vn 0.999998 0.001422 0.001494
vn 0.999998 0.001422 0.001494
vn 0.000452 0.555566 -0.831472
vn 0.000452 0.555566 -0.831472
vn -0.002033 0.555569 0.831468
vn -0.002033 0.555569 0.831468
vn -0.002012 0.831465 0.555574
vn -0.002012 0.831465 0.555574
vn -0.001685 0.980785 0.195085
vn -0.001685 0.980786 0.195081
vn -0.001102 0.980786 -0.195085
vn -0.001102 0.980785 -0.195089
vn 0.001189 0.195098 -0.980783
vn 0.000454 0.555577 -0.831465
vn 0.000454 0.555577 -0.831465
vn 0.001189 0.195100 -0.980783
vn 0.999998 0.001422 0.001493
vn -0.000351 0.831465 -0.555576
vn -0.000351 0.831465 -0.555576
vn -0.999998 -0.001422 -0.001494
vn -0.999998 -0.001422 -0.001494
vn 0.001744 -0.195096 -0.980783
vn -0.999998 -0.001422 -0.001493
vn -0.999998 -0.001422 -0.001494
vn -0.999998 -0.001422 -0.001494
vn -0.999998 -0.001421 -0.001494
vn -0.999998 -0.001421 -0.001494
vn -0.999998 -0.001421 -0.001495
vn -0.999998 -0.001422 -0.001494
vn 0.001744 -0.195094 -0.980783
vn 0.002033 -0.555569 -0.831468
vn 0.002033 -0.555569 -0.831468
vn 0.002012 -0.831465 -0.555574
vn 0.002012 -0.831465 -0.555574
vn 0.001685 -0.980786 -0.195081
vn -0.999998 -0.001421 -0.001495
vn -0.965754 -0.183685 0.183247
vn -0.999998 -0.001422 -0.001494
vn 0.001189 0.195100 -0.980783
vn 0.001189 0.195100 -0.980783
vn -0.000351 0.831476 -0.555561
vn -0.999998 -0.001422 -0.001494
vn -0.001688 0.980784 0.195092
vn -0.000353 0.831465 -0.555576
vn 0.001287 0.134991 -0.990846
vn 0.001962 -0.877696 -0.479213
vn -0.999998 -0.001421 -0.001494
vn -0.999998 -0.001422 -0.001494
vn -0.999998 -0.001421 -0.001494
vn 0.001685 -0.980785 -0.195085
vn -0.999998 -0.001421 -0.001495
vn -0.001189 -0.195098 0.980783
vn -0.999998 -0.001421 -0.001494
vn 0.001965 -0.877694 -0.479218
vn -0.965754 -0.183684 0.183247
vn -0.999998 -0.001421 -0.001494
vn -0.002062 0.711672 0.702509
vn -0.002062 0.711672 0.702509
vn 0.001744 -0.195096 -0.980783
vn 0.001744 -0.195096 -0.980783
vn -0.999998 -0.001421 -0.001494
vn 0.002035 -0.555574 -0.831465
vn 0.002035 -0.555574 -0.831465
vn 0.002015 -0.831465 -0.555574
vn 0.002015 -0.831465 -0.555574
vn -0.999998 -0.001422 -0.001494
vn 0.001106 -0.980788 0.195074
vn 0.001290 0.135005 -0.990844
vn 0.624744 0.549456 -0.554790
vn 0.624750 0.549453 -0.554787
vn -0.001188 0.989010 -0.147842
vn -0.001999 0.490552 0.871409
vn -0.999998 -0.001422 -0.001493
vn -0.999998 -0.001422 -0.001494
vn -0.999998 -0.001421 -0.001494
vn -0.624651 0.547676 -0.556653
vn 0.965721 -0.180938 0.186132
vn 0.965720 -0.180939 0.186133
vn 0.965720 -0.180939 0.186133
vn -0.150332 0.695698 -0.702427
vn -0.002002 0.490549 0.871411
vn -0.999998 -0.001421 -0.001495
vn 0.965720 -0.180939 0.186133
vn 0.834549 0.387935 -0.391195
vn -0.999998 -0.001421 -0.001494
vn -0.999998 -0.001421 -0.001495
vn 0.000067 0.702510 -0.711674
vn 0.624743 0.549458 -0.554790
vn -0.001187 0.989011 -0.147841
vn -0.002000 0.490553 0.871409
vn -0.624656 0.547673 -0.556650
vn -0.150333 0.695698 -0.702427
vn -0.150336 0.695698 -0.702426
vn -0.150376 0.695693 -0.702423
vn -0.150345 0.695697 -0.702426
vn 0.000064 0.702510 -0.711674
vn 0.000064 0.702511 -0.711673
vn 0.000064 0.702511 -0.711673
vn -0.624649 0.547678 -0.556653
vn -0.150338 0.695698 -0.702426
vn -0.150334 0.695697 -0.702428
vn -0.150331 0.695698 -0.702428
vn -0.150322 0.695699 -0.702428
vn -0.150333 0.695699 -0.702427
vn 0.967333 0.249670 0.043952
vn -0.150328 0.695697 -0.702430
vn -0.150343 0.695701 -0.702423
vn 0.989089 0.101405 -0.106865
vn 0.156924 -0.453557 -0.877303
vn 0.967333 0.249670 0.043952
vn 0.156924 -0.453555 -0.877304
vn -0.150329 0.695695 -0.702431
vn -0.229088 0.927438 -0.295598
vn 0.967333 0.249669 0.043952
vn 0.156922 -0.453561 -0.877302
vn -0.150332 0.695698 -0.702427
vn -0.156927 0.453559 0.877302
vn -0.150357 0.695705 -0.702416
vn -0.149630 0.693264 -0.704980
vn -0.156916 0.453563 0.877302
vn -0.150179 0.695658 -0.702500
vn 0.997807 -0.045015 0.048530
vn 0.201986 -0.675764 -0.708904
vn -0.967333 -0.249670 -0.043952
vn 0.967333 0.249669 0.043952
vn 0.967327 0.249697 0.043938
vn 0.199100 -0.855540 0.477923
vn -0.199101 0.855538 -0.477925
vn 0.967334 0.249666 0.043947
vn -0.972741 -0.231666 -0.010239
vn -0.066213 0.881447 -0.467618
vn -0.150339 0.695700 -0.702424
vn -0.210064 0.878556 -0.428966
vn -0.229082 0.928448 -0.292412
vn -0.239897 0.836368 0.492887
vn -0.199101 0.855543 -0.477918
vn -0.199101 0.855543 -0.477918
vn 0.156927 -0.453560 -0.877301
vn -0.156905 0.453477 0.877348
vn -0.156923 0.453559 0.877302
vn 0.156921 -0.453560 -0.877302
vn 0.156937 -0.453558 -0.877300
vn 0.154647 -0.709710 0.687311
vn -0.156925 0.453558 0.877302
vn -0.967333 -0.249669 -0.043951
vn 0.207295 0.553139 -0.806887
vn 0.147292 -0.694632 0.704125
vn 0.997880 -0.012195 0.063929
vn 0.189072 -0.595039 -0.781141
vn -0.967333 -0.249670 -0.043952
vn 0.967333 0.249668 0.043952
vn 0.967333 0.249671 0.043952
vn 0.967344 0.249630 0.043934
vn 0.199100 -0.855540 0.477923
vn 0.967333 0.249670 0.043950
vn -0.199102 0.855541 -0.477921
vn 0.967333 0.249668 0.043952
vn -0.967333 -0.249668 -0.043953
vn -0.199103 0.855533 -0.477935
vn -0.967332 -0.249674 -0.043949
vn -0.193339 0.611938 0.766910
vn 0.255466 -0.948535 -0.187131
vn 0.156925 -0.453562 -0.877300
vn -0.967333 -0.249669 -0.043952
vn -0.156925 0.453560 0.877301
vn 0.156937 -0.453550 -0.877305
vn 0.156923 -0.453556 -0.877304
vn -0.156924 0.453560 0.877302
vn 0.156980 -0.453553 -0.877295
vn -0.156928 0.453563 0.877300
vn -0.156939 0.453539 0.877310
vn 0.156900 -0.453566 -0.877303
vn -0.156904 0.453580 0.877295
vn -0.695565 -0.178926 0.695827
vn 0.884511 -0.444141 -0.142755
vn -0.157029 0.453282 0.877426
vn -0.156963 0.453572 0.877289
vn 0.481044 0.561960 -0.672903
vn 0.218263 0.059259 -0.974089
vn -0.206920 -0.553999 0.806393
vn 0.976106 -0.027582 0.215537
vn -0.218090 -0.061044 0.974018
vn 0.980052 -0.198291 -0.013390
vn -0.967333 -0.249670 -0.043951
vn 0.967333 0.249669 0.043952
vn -0.967334 -0.249668 -0.043950
vn 0.156925 -0.453563 -0.877300
vn 0.967333 0.249669 0.043952
vn -0.967334 -0.249665 -0.043954
vn -0.199102 0.855545 -0.477914
vn -0.970942 -0.238293 -0.022073
vn 0.105010 0.275832 0.955452
vn -0.575003 0.747209 0.333243
vn 0.156917 -0.453523 -0.877322
vn 0.156930 -0.453507 -0.877328
vn 0.156888 -0.453499 -0.877340
vn 0.156923 -0.453560 -0.877302
vn -0.156925 0.453558 0.877302
vn -0.156732 0.453231 0.877506
vn 0.156925 -0.453563 -0.877300
vn -0.899511 -0.432385 0.062644
vn -0.763323 -0.619358 0.183668
vn 0.156926 -0.453560 -0.877301
vn -0.156885 0.453520 0.877329
vn -0.156924 0.453558 0.877303
vn 0.886024 -0.223752 -0.406076
vn -0.156929 0.453563 0.877299
vn -0.974392 -0.215955 -0.062644
vn -0.974392 -0.215955 -0.062644
vn 0.979877 -0.163067 -0.115106
vn -0.156925 0.453559 0.877302
vn 0.147288 -0.694631 0.704127
vn 0.147310 -0.694643 0.704110
vn 0.156901 -0.453552 -0.877310
vn -0.156926 0.453559 0.877302
vn -0.158174 0.453526 0.877095
vn -0.872133 0.479988 0.094848
vn 0.336645 0.894167 -0.295188
vn -0.846081 0.527180 0.078918
vn 0.218264 0.059260 -0.974089
vn 0.218262 0.059262 -0.974089
vn -0.479802 -0.562715 0.673159
vn 0.891710 0.442614 0.094578
vn 0.218254 0.059261 -0.974091
vn -0.064225 -0.283361 0.956860
vn -0.336937 -0.893355 0.297305
vn 0.939176 -0.341199 0.039126
vn -0.967333 -0.249670 -0.043950
vn -0.967326 -0.249701 -0.043936
vn 0.156925 -0.453563 -0.877300
vn 0.967333 0.249670 0.043949
vn -0.199098 0.855532 -0.477938
vn -0.867555 0.491137 0.078308
vn -0.156920 0.453556 0.877304
vn 0.336771 -0.291403 0.895360
vn -0.439624 -0.683684 -0.582501
vn 0.156925 -0.453561 -0.877301
vn 0.623499 -0.653898 -0.428563
vn 0.156924 -0.453557 -0.877303
vn 0.407761 -0.779304 0.475833
vn 0.156922 -0.453553 -0.877306
vn 0.161036 -0.864668 0.475833
vn 0.156929 -0.453554 -0.877304
vn -0.156923 0.453568 0.877297
vn 0.626660 -0.640849 0.443407
vn 0.626660 -0.640849 0.443407
vn 0.407760 -0.779304 0.475833
vn -0.156956 0.453612 0.877269
vn 0.156862 -0.453645 -0.877269
vn -0.899507 -0.432393 0.062647
vn -0.763330 -0.619351 0.183661
vn -0.575128 -0.764111 0.292167
vn -0.575128 -0.764111 0.292167
vn 0.156929 -0.453564 -0.877299
vn -0.156949 0.453580 0.877287
vn -0.407764 0.779304 -0.475830
vn -0.156921 0.453567 0.877299
vn -0.626660 0.640850 -0.443405
vn -0.626660 0.640850 -0.443405
vn 0.886024 -0.223753 -0.406075
vn 0.886023 -0.223751 -0.406077
vn -0.156915 0.453551 0.877308
vn -0.982875 0.015166 -0.183649
vn -0.982871 0.015196 -0.183665
vn -0.156924 0.453561 0.877301
vn 0.439615 0.683684 0.582507
vn -0.868116 0.490263 0.077568
vn 0.924373 -0.245303 0.292165
vn 0.924374 -0.245303 0.292165
vn 0.886032 -0.223797 -0.406033
vn 0.982869 -0.015217 0.183676
vn -0.275644 -0.208334 -0.938412
vn -0.815693 0.578016 0.023289
vn -0.342266 -0.380587 -0.859074
vn 0.218281 0.059262 -0.974085
vn -0.007900 -0.978754 0.204884
vn 0.218263 0.059260 -0.974089
vn 0.987282 0.002451 -0.158959
vn 0.941753 0.327969 -0.074418
vn 0.184021 -0.551975 -0.813302
vn 0.218244 0.059261 -0.974093
vn 0.218276 0.059258 -0.974086
vn -0.931034 0.300603 -0.206915
vn -0.275334 0.468237 0.839610
vn -0.199100 0.855540 -0.477923
vn -0.199098 0.855534 -0.477934
vn 0.967333 0.249669 0.043953
vn 0.886024 -0.223752 -0.406076
vn -0.156917 0.453554 0.877306
vn 0.156924 -0.453553 -0.877305
vn 0.053073 -0.368955 0.927931
vn 0.886023 -0.223753 -0.406076
vn 0.156693 -0.454588 -0.876811
vn 0.915143 -0.143257 -0.376817
vn 0.156922 -0.453568 -0.877298
vn -0.096634 -0.891096 0.443407
vn -0.096634 -0.891096 0.443407
vn 0.161035 -0.864668 0.475833
vn 0.156924 -0.453563 -0.877300
vn 0.156963 -0.453385 -0.877385
vn 0.802870 -0.458714 0.380764
vn 0.802870 -0.458714 0.380764
vn -0.156922 0.453556 0.877304
vn 0.156923 -0.453562 -0.877301
vn -0.156925 0.453561 0.877301
vn -0.347726 -0.856800 0.380762
vn -0.347726 -0.856800 0.380762
vn -0.156921 0.453559 0.877303
vn -0.161033 0.864668 -0.475833
vn -0.407779 0.779295 -0.475831
vn -0.802873 0.458712 -0.380761
vn 0.156927 -0.453560 -0.877301
vn -0.156961 0.453558 0.877296
vn 0.886023 -0.223749 -0.406079
vn -0.982871 0.015199 -0.183666
vn -0.924370 0.245311 -0.292169
vn -0.924370 0.245311 -0.292169
vn 0.156924 -0.453559 -0.877302
vn 0.982870 -0.015205 0.183669
vn -0.943742 0.291598 -0.155953
vn 0.967628 -0.024029 0.251234
vn -0.007898 -0.978753 0.204889
vn 0.218264 0.059258 -0.974089
vn -0.967856 -0.008379 0.251365
vn -0.967856 -0.008380 0.251365
vn -0.967856 -0.008381 0.251367
vn -0.185786 0.551233 0.813404
vn 0.858644 0.437425 -0.267188
vn 0.184006 -0.551980 -0.813302
vn 0.184021 -0.551974 -0.813302
vn 0.967629 -0.024028 0.251232
vn 0.967628 -0.024026 0.251235
vn 0.218258 0.059261 -0.974090
vn -0.936943 -0.318283 -0.144342
vn -0.199100 0.855540 -0.477923
vn 0.156986 -0.453298 -0.877426
vn 0.156876 -0.453636 -0.877271
vn 0.575128 0.764111 -0.292167
vn 0.575128 0.764111 -0.292167
vn 0.347709 0.856806 -0.380765
vn -0.156928 0.453565 0.877298
vn 0.156924 -0.453561 -0.877301
vn 0.096634 0.891096 -0.443407
vn -0.156930 0.453563 0.877299
vn -0.161035 0.864668 -0.475833
vn 0.156923 -0.453572 -0.877295
vn -0.802863 0.458723 -0.380767
vn 0.156937 -0.453536 -0.877312
vn -0.156935 0.453559 0.877300
vn 0.974407 0.215904 0.062575
vn 0.886004 -0.223765 -0.406111
vn 0.156926 -0.453554 -0.877304
vn 0.982870 -0.015205 0.183670
vn 0.064761 0.286407 -0.955917
vn 0.967629 -0.024028 0.251232
vn -0.008071 -0.997895 -0.064348
vn -0.008071 -0.997895 -0.064348
vn 0.218264 0.059258 -0.974089
vn 0.064748 0.286418 -0.955914
vn 0.007656 0.944337 0.328891
vn -0.967856 -0.008379 0.251364
vn -0.252197 0.941609 0.223088
vn 0.868635 0.412115 -0.275017
vn -0.252196 0.941617 0.223058
vn -0.872872 -0.436436 -0.218218
vn 0.184025 -0.551973 -0.813303
vn 0.184020 -0.551975 -0.813302
vn 0.269684 -0.559282 0.783884
vn 0.007661 0.944336 0.328892
vn -0.819413 -0.432008 -0.376737
vn 0.096652 0.891097 -0.443400
vn 0.156910 -0.453622 -0.877272
vn 0.156926 -0.453555 -0.877304
vn 0.763327 0.619354 -0.183664
vn 0.763326 0.619355 -0.183666
vn -0.156925 0.453562 0.877301
vn 0.347728 0.856800 -0.380762
vn -0.156904 0.453559 0.877306
vn 0.899506 0.432393 -0.062646
vn 0.974393 0.215950 0.062647
vn 0.156921 -0.453564 -0.877300
vn 0.064755 0.286409 -0.955917
vn 0.064763 0.286407 -0.955917
vn -0.004481 -0.547266 -0.836947
vn 0.007653 0.944340 0.328883
vn 0.064796 0.286371 -0.955925
vn 0.064770 0.286397 -0.955919
vn 0.008071 0.997895 0.064348
vn 0.008071 0.997895 0.064348
vn -0.999967 0.008085 0.000067
vn -0.999967 0.008085 0.000067
vn -0.252190 0.941628 0.223019
vn -0.252198 0.941618 0.223051
vn 0.248704 -0.943119 -0.220617
vn -0.195787 0.123746 -0.972808
vn -0.252203 0.941614 0.223060
vn -0.483769 0.861467 0.154412
vn 0.888378 0.446365 0.107436
vn 0.888378 0.446365 0.107436
vn 0.184021 -0.551975 -0.813302
vn 0.888379 0.446364 0.107434
vn 0.184020 -0.551975 -0.813302
vn 0.274179 -0.468321 -0.839941
vn 0.269684 -0.559282 0.783884
vn 0.353273 -0.413915 0.838971
vn 0.899510 0.432385 -0.062643
vn 0.974392 0.215955 0.062645
vn -0.892503 0.087498 0.442473
vn 0.064763 0.286407 -0.955917
vn 0.625027 0.045195 -0.779294
vn -0.004477 -0.547278 -0.836939
vn -0.229052 -0.935485 -0.269078
vn 0.245636 -0.345782 0.905593
vn 0.064762 0.286408 -0.955917
vn 0.005205 0.650235 -0.759715
vn -0.999967 0.008085 0.000067
vn -0.999967 0.008085 0.000067
vn -0.999967 0.008085 0.000067
vn 0.007916 0.980751 -0.195101
vn 0.006686 0.831441 -0.555573
vn 0.006686 0.831441 -0.555573
vn 0.004438 0.555556 -0.831467
vn 0.004438 0.555556 -0.831467
vn 0.001514 0.195091 -0.980784
vn 0.001514 0.195091 -0.980784
vn -0.999967 0.008085 0.000067
vn -0.999967 0.008085 0.000068
vn 0.352420 -0.125311 0.927414
vn -0.935842 -0.047190 0.349247
vn -0.252198 0.941616 0.223058
vn 0.248710 -0.943117 -0.220620
vn 0.248820 -0.943093 -0.220599
vn 0.482966 -0.862282 -0.152362
vn 0.482965 -0.862282 -0.152363
vn -0.174284 0.089399 -0.980629
vn -0.000004 0.990995 0.133896
vn -0.483748 0.861476 0.154425
vn 0.000003 0.990997 0.133885
vn 0.888379 0.446363 0.107433
vn 0.184021 -0.551975 -0.813302
vn -0.322059 0.886861 -0.331294
vn 0.184020 -0.551973 -0.813304
vn 0.184031 -0.551961 -0.813309
vn -0.937720 -0.137788 0.318899
vn 0.308254 -0.753328 0.580927
vn 0.308254 -0.753328 0.580927
vn -0.866633 0.429948 0.253163
vn 0.197469 -0.341565 0.918879
vn -0.892492 0.087486 0.442498
vn -0.892607 0.318788 -0.318788
vn 0.245631 -0.345787 0.905592
vn 0.007915 0.980750 -0.195105
vn -0.999967 0.008085 0.000067
vn -0.999967 0.008085 0.000067
vn -0.001640 -0.195090 -0.980784
vn -0.001640 -0.195090 -0.980784
vn -0.004553 -0.555539 -0.831478
vn 0.625018 0.045196 -0.779301
vn -0.999967 0.008085 0.000067
vn -0.624330 0.055293 -0.779201
vn 0.000459 0.064342 -0.997928
vn -0.229092 -0.935476 -0.269076
vn -0.229112 -0.935472 -0.269074
vn 0.245633 -0.345789 0.905591
vn 0.245632 -0.345788 0.905591
vn 0.005212 0.650214 -0.759733
vn -0.624342 0.055292 -0.779192
vn -0.999967 0.008085 0.000067
vn -0.006757 -0.831441 -0.555572
vn -0.006757 -0.831441 -0.555572
vn -0.007941 -0.980751 -0.195100
vn -0.999967 0.008085 0.000067
vn -0.007942 -0.980750 -0.195104
vn -0.007915 -0.980750 0.195105
vn -0.999967 0.008085 0.000067
vn -0.999967 0.008085 0.000063
vn 0.000011 0.990996 0.133890
vn -0.935841 -0.047196 0.349248
vn -0.483748 0.861477 0.154419
vn 0.248722 -0.943113 -0.220626
vn 0.935841 0.047186 -0.349248
vn -0.352414 0.125302 -0.927418
vn 0.482963 -0.862283 -0.152368
vn 0.482965 -0.862282 -0.152365
vn 0.102522 -0.371642 -0.922698
vn 0.482966 -0.862281 -0.152365
vn 0.135856 0.373852 -0.917485
vn -0.483752 0.861480 0.154391
vn -0.352417 0.125299 -0.927417
vn 0.946713 0.302845 -0.109630
vn 0.184017 -0.551963 -0.813311
vn -0.322062 0.886857 -0.331301
vn 0.248719 -0.943114 -0.220624
vn -0.935841 -0.047195 0.349247
vn -0.937720 -0.137787 0.318899
vn 0.946713 0.302845 -0.109630
vn -0.946713 -0.302845 0.109630
vn 0.259625 -0.919010 -0.296673
vn -0.998906 -0.036058 0.029777
vn -0.840119 0.502101 0.205172
vn 0.230673 -0.061165 0.971107
vn 0.867035 -0.429740 -0.252138
vn 0.867035 -0.429740 -0.252138
vn 0.867035 -0.429740 -0.252138
vn 0.867035 -0.429740 -0.252137
vn 0.867035 -0.429740 -0.252138
vn 0.867034 -0.429735 -0.252152
vn 0.867037 -0.429744 -0.252126
vn -0.892491 0.087486 0.442499
vn -0.892492 0.087485 0.442498
vn 0.245634 -0.345788 0.905591
vn 0.245632 -0.345787 0.905592
vn -0.004545 -0.555555 -0.831467
vn -0.004545 -0.555555 -0.831467
vn -0.004545 -0.555587 -0.831446
vn -0.007916 -0.980751 0.195101
vn -0.006686 -0.831441 0.555573
vn -0.006686 -0.831441 0.555573
vn -0.004438 -0.555556 0.831467
vn -0.004438 -0.555556 0.831467
vn -0.001514 -0.195091 0.980784
vn -0.001514 -0.195091 0.980784
vn -0.999967 0.008085 0.000066
vn -0.999967 0.008085 0.000067
vn -0.999967 0.008085 0.000068
vn 0.001640 0.195090 0.980784
vn 0.001640 0.195090 0.980784
vn 0.004545 0.555555 0.831467
vn 0.004545 0.555555 0.831467
vn 0.006757 0.831441 0.555572
vn 0.006757 0.831441 0.555572
vn 0.007941 0.980750 0.195104
vn -0.006757 -0.831441 -0.555572
vn -0.006757 -0.831441 -0.555572
vn 0.000459 0.064347 -0.997928
vn 0.625036 0.045191 -0.779287
vn -0.999967 0.008084 0.000071
vn -0.624352 0.055296 -0.779183
vn 0.000470 0.064348 -0.997927
vn -0.234937 -0.927596 -0.290465
vn 0.966793 -0.192082 -0.168570
vn 0.919796 -0.307726 0.243475
vn 0.000459 0.064342 -0.997928
vn 0.000459 0.064342 -0.997928
vn -0.624326 0.055296 -0.779205
vn -0.999967 0.008085 0.000066
vn -0.935841 -0.047184 0.349249
vn -0.483748 0.861476 0.154423
vn 0.248720 -0.943114 -0.220622
vn 0.935841 0.047185 -0.349248
vn 0.935841 0.047186 -0.349248
vn 0.935842 0.047176 -0.349248
vn -0.352418 0.125302 -0.927416
vn 0.935841 0.047186 -0.349248
vn -0.394255 0.832990 0.388189
vn 0.482959 -0.862284 -0.152372
vn 0.482967 -0.862281 -0.152360
vn -0.095156 -0.049036 -0.994254
vn -0.095150 -0.049051 -0.994254
vn -0.095161 -0.049030 -0.994254
vn -0.958043 -0.282470 0.048616
vn 0.482966 -0.862281 -0.152365
vn 0.839885 -0.503157 -0.203534
vn -0.004191 0.455518 -0.890217
vn -0.935841 -0.047185 0.349249
vn 0.946713 0.302845 -0.109630
vn 0.946712 0.302845 -0.109639
vn 0.352427 -0.125324 0.927410
vn -0.308255 0.753328 -0.580927
vn -0.308255 0.753328 -0.580927
vn 0.248720 -0.943114 -0.220622
vn -0.935841 -0.047188 0.349248
vn -0.946713 -0.302845 0.109630
vn 0.946713 0.302845 -0.109629
vn 0.946713 0.302845 -0.109630
vn -0.946714 -0.302844 0.109630
vn -0.946713 -0.302845 0.109632
vn 0.259632 -0.919013 -0.296658
vn 0.664295 -0.266660 -0.698287
vn -0.998906 -0.036058 0.029776
vn -0.998906 -0.036058 0.029777
vn -0.927154 -0.293073 0.233437
vn 0.237017 -0.059338 0.969692
vn 0.839885 -0.503158 -0.203534
vn 0.998887 0.036366 -0.030036
vn -0.483700 -0.848438 -0.214911
vn -0.483700 -0.848439 -0.214907
vn -0.321174 0.400474 -0.858177
vn -0.321148 0.400451 -0.858197
vn -0.321229 0.400523 -0.858134
vn -0.321239 0.400529 -0.858127
vn -0.321172 0.400470 -0.858180
vn -0.321116 0.400426 -0.858221
vn -0.321206 0.400503 -0.858151
vn -0.321198 0.400493 -0.858159
vn -0.321200 0.400497 -0.858157
vn -0.321203 0.400497 -0.858156
vn -0.321142 0.400439 -0.858205
vn -0.321218 0.400509 -0.858144
vn -0.321192 0.400490 -0.858163
vn -0.321165 0.400468 -0.858183
vn -0.321213 0.400513 -0.858144
vn -0.321125 0.400437 -0.858213
vn -0.321171 0.400467 -0.858181
vn -0.321321 0.400586 -0.858070
vn -0.321188 0.400485 -0.858166
vn -0.321212 0.400513 -0.858145
vn -0.321171 0.400487 -0.858172
vn -0.321188 0.400486 -0.858166
vn -0.321154 0.400487 -0.858178
vn -0.321253 0.400484 -0.858143
vn -0.321103 0.400487 -0.858197
vn -0.321236 0.400486 -0.858148
vn -0.321168 0.400486 -0.858174
vn -0.321215 0.400486 -0.858156
vn -0.321129 0.400484 -0.858189
vn -0.321266 0.400489 -0.858136
vn -0.321213 0.400487 -0.858157
vn -0.321099 0.400481 -0.858202
vn -0.321237 0.400489 -0.858147
vn -0.321183 0.400485 -0.858168
vn -0.321212 0.400488 -0.858156
vn -0.321185 0.400486 -0.858167
vn -0.321195 0.400486 -0.858164
vn -0.321165 0.400485 -0.858175
vn -0.321154 0.400485 -0.858180
vn -0.321169 0.400486 -0.858173
vn -0.321224 0.400489 -0.858151
vn -0.321236 0.400489 -0.858147
vn -0.321127 0.400480 -0.858192
vn -0.321215 0.400488 -0.858155
vn -0.321172 0.400484 -0.858173
vn -0.321221 0.400490 -0.858152
vn -0.321192 0.400487 -0.858164
vn -0.321095 0.400473 -0.858207
vn -0.321188 0.400486 -0.858166
vn -0.321195 0.400488 -0.858163
vn -0.321266 0.400499 -0.858131
vn -0.321304 0.400503 -0.858115
vn -0.320985 0.400451 -0.858258
vn -0.321264 0.400497 -0.858133
vn -0.321160 0.400486 -0.858177
vn -0.321172 0.400469 -0.858180
vn -0.321117 0.400418 -0.858225
vn -0.321222 0.400519 -0.858138
vn -0.321175 0.400472 -0.858177
vn -0.321227 0.400524 -0.858134
vn -0.321203 0.400500 -0.858154
vn -0.321171 0.400467 -0.858182
vn -0.321188 0.400485 -0.858167
vn -0.321200 0.400498 -0.858156
vn -0.321198 0.400495 -0.858158
vn -0.321182 0.400477 -0.858172
vn -0.321150 0.400439 -0.858202
vn -0.321208 0.400509 -0.858148
vn -0.321178 0.400473 -0.858176
vn -0.321234 0.400544 -0.858122
vn -0.321189 0.400485 -0.858166
vn -0.321189 0.400486 -0.858166
vn -0.321251 0.400491 -0.858140
vn -0.321104 0.400479 -0.858201
vn -0.321118 0.400420 -0.858223
vn -0.321271 0.400561 -0.858100
vn 0.483701 0.848438 0.214909
vn 0.483701 0.848438 0.214909
vn 0.321248 -0.400547 0.858115
vn 0.321134 -0.400432 0.858212
vn 0.321172 -0.400468 0.858181
vn 0.321214 -0.400510 0.858145
vn 0.321193 -0.400490 0.858162
vn 0.321149 -0.400449 0.858198
vn 0.321193 -0.400491 0.858162
vn 0.321250 -0.400541 0.858117
vn 0.321164 -0.400456 0.858189
vn 0.321207 -0.400503 0.858151
vn 0.321189 -0.400487 0.858165
vn 0.321152 -0.400454 0.858195
vn 0.321175 -0.400469 0.858179
vn 0.321166 -0.400466 0.858184
vn 0.321208 -0.400512 0.858146
vn 0.321152 -0.400455 0.858194
vn 0.321189 -0.400485 0.858166
vn 0.321197 -0.400496 0.858158
vn 0.321286 -0.400567 0.858092
vn 0.321182 -0.400486 0.858168
vn 0.321189 -0.400486 0.858166
vn 0.321120 -0.400490 0.858190
vn 0.321206 -0.400486 0.858159
vn 0.321186 -0.400486 0.858167
vn 0.321233 -0.400485 0.858150
vn 0.321154 -0.400485 0.858179
vn 0.321223 -0.400486 0.858153
vn 0.321175 -0.400485 0.858171
vn 0.321171 -0.400485 0.858173
vn 0.321191 -0.400487 0.858165
vn 0.321142 -0.400483 0.858185
vn 0.321243 -0.400491 0.858143
vn 0.321143 -0.400482 0.858185
vn 0.321318 -0.400498 0.858112
vn 0.321049 -0.400471 0.858225
vn 0.321184 -0.400485 0.858168
vn 0.321203 -0.400484 0.858162
vn 0.321190 -0.400485 0.858166
vn 0.321128 -0.400487 0.858188
vn 0.321186 -0.400486 0.858167
vn 0.321234 -0.400485 0.858149
vn 0.321153 -0.400485 0.858180
vn 0.321235 -0.400486 0.858148
vn 0.321174 -0.400484 0.858172
vn 0.321157 -0.400484 0.858179
vn 0.321207 -0.400487 0.858159
vn 0.321225 -0.400488 0.858151
vn 0.321187 -0.400485 0.858167
vn 0.321152 -0.400482 0.858182
vn 0.321169 -0.400483 0.858175
vn 0.321265 -0.400493 0.858134
vn 0.321046 -0.400469 0.858227
vn 0.321244 -0.400492 0.858142
vn 0.321309 -0.400500 0.858114
vn 0.321188 -0.400485 0.858167
vn 0.321194 -0.400490 0.858162
vn 0.321131 -0.400434 0.858212
vn 0.321194 -0.400491 0.858162
vn 0.321249 -0.400542 0.858118
vn 0.321150 -0.400449 0.858198
vn 0.321213 -0.400510 0.858146
vn 0.321135 -0.400432 0.858211
vn 0.321248 -0.400548 0.858115
vn 0.321173 -0.400468 0.858180
vn 0.321193 -0.400490 0.858162
vn 0.321193 -0.400490 0.858162
vn 0.321183 -0.400478 0.858172
vn 0.321172 -0.400465 0.858182
vn 0.321183 -0.400479 0.858171
vn 0.321201 -0.400502 0.858154
vn 0.321197 -0.400496 0.858158
vn 0.321188 -0.400485 0.858167
vn 0.321308 -0.400501 0.858114
vn 0.321242 -0.400493 0.858143
vn 0.321283 -0.400566 0.858094
vn 0.321175 -0.400474 0.858177
vn -0.940461 0.141411 0.309089
vn 0.240653 0.919202 0.311696
vn 0.245633 -0.345789 0.905591
vn -0.999967 0.008085 0.000067
vn -0.999967 0.008085 0.000068
vn -0.999967 0.008085 0.000066
vn -0.999967 0.008085 0.000068
vn 0.007942 0.980751 0.195100
vn 0.007915 0.980750 -0.195105
vn -0.999967 0.008085 0.000067
vn -0.999967 0.008085 0.000068
vn -0.007915 -0.980751 0.195101
vn -0.999967 0.008085 0.000067
vn -0.999967 0.008085 0.000067
vn -0.999967 0.008085 0.000067
vn -0.999967 0.008085 0.000067
vn -0.234937 -0.927596 -0.290465
vn 0.940461 -0.141412 -0.309090
vn 0.966793 -0.192082 -0.168570
vn 0.940461 -0.141411 -0.309089
vn 0.935841 0.047187 -0.349248
vn 0.935841 0.047186 -0.349248
vn 0.935841 0.047180 -0.349249
vn 0.117432 -0.976110 0.182811
vn 0.935841 0.047190 -0.349248
vn -0.018683 -0.982964 -0.182845
vn -0.352414 0.125305 -0.927417
vn 0.935841 0.047187 -0.349248
vn 0.935842 0.047191 -0.349247
vn 0.482969 -0.862278 -0.152369
vn -0.095150 -0.049051 -0.994254
vn 0.706704 0.689497 -0.158627
vn -0.095233 -0.048830 -0.994257
vn -0.095128 -0.049104 -0.994253
vn -0.095158 -0.049031 -0.994254
vn -0.958044 -0.282468 0.048614
vn 0.482965 -0.862282 -0.152365
vn 0.839885 -0.503157 -0.203534
vn 0.839885 -0.503155 -0.203538
vn 0.839885 -0.503151 -0.203550
vn -0.155624 -0.092186 -0.983505
vn 0.946713 0.302847 -0.109630
vn 0.946736 0.302701 -0.109828
vn 0.195322 -0.810500 -0.552212
vn 0.946713 0.302845 -0.109630
vn 0.946713 0.302845 -0.109630
vn 0.352418 -0.125302 0.927416
vn -0.110274 -0.015037 -0.993787
vn -0.946713 -0.302845 0.109630
vn 0.482971 -0.862279 -0.152363
vn -0.935841 -0.047187 0.349248
vn -0.935842 -0.047186 0.349248
vn -0.935841 -0.047186 0.349248
vn -0.946713 -0.302845 0.109630
vn -0.946714 -0.302844 0.109630
vn 0.946713 0.302845 -0.109632
vn -0.311349 0.773392 -0.552201
vn -0.256091 0.501372 -0.826465
vn 0.946713 0.302846 -0.109630
vn -0.946711 -0.302852 0.109629
vn -0.256091 0.501372 -0.826464
vn -0.311345 0.773383 -0.552217
vn -0.946713 -0.302846 0.109628
vn -0.518530 -0.645029 -0.561306
vn 0.093345 -0.583765 -0.806539
vn 0.664285 -0.266668 -0.698293
vn 0.946713 0.302845 -0.109630
vn -0.998906 -0.036059 0.029771
vn -0.038527 0.995445 -0.087208
vn -0.511260 0.055346 0.857642
vn -0.511260 0.055346 0.857642
vn -0.870950 -0.464697 0.159697
vn 0.421364 -0.873666 0.243228
vn 0.926817 0.294468 -0.233022
vn 0.926817 0.294468 -0.233023
vn 0.926817 0.294468 -0.233022
vn 0.926817 0.294468 -0.233022
vn 0.926817 0.294468 -0.233022
vn 0.926818 0.294468 -0.233018
vn 0.926818 0.294468 -0.233018
vn 0.839885 -0.503157 -0.203535
vn 0.839885 -0.503157 -0.203534
vn 0.998887 0.036366 -0.030036
vn 0.998887 0.036366 -0.030036
vn 0.998887 0.036366 -0.030037
vn 0.814169 -0.346069 -0.466224
vn 0.814169 -0.346069 -0.466225
vn -0.518731 -0.832546 -0.194386
vn -0.518731 -0.832546 -0.194386
vn -0.585837 -0.796006 -0.152213
vn -0.585850 -0.795998 -0.152208
vn -0.648450 -0.753427 -0.108902
vn -0.648475 -0.753408 -0.108890
vn -0.706125 -0.705118 -0.064779
vn -0.706100 -0.705142 -0.064791
vn -0.758430 -0.651442 -0.020153
vn -0.758429 -0.651444 -0.020154
vn -0.845388 -0.529648 0.069232
vn -0.805025 -0.592727 0.024687
vn -0.805025 -0.592727 0.024687
vn -0.845388 -0.529648 0.069232
vn -0.879392 -0.462412 0.113334
vn -0.879387 -0.462422 0.113330
vn -0.906670 -0.391724 0.156532
vn -0.906670 -0.391724 0.156532
vn -0.940384 -0.241924 0.239063
vn -0.927047 -0.318069 0.198536
vn -0.927052 -0.318050 0.198542
vn -0.940383 -0.241944 0.239048
vn -0.946555 -0.164031 0.277718
vn -0.946555 -0.164031 0.277718
vn -0.945524 -0.084760 0.314325
vn -0.945524 -0.084760 0.314325
vn -0.937302 -0.004973 0.348482
vn -0.937302 -0.004973 0.348482
vn -0.921936 0.074938 0.380024
vn -0.921942 0.074900 0.380017
vn -0.899564 0.154220 0.408658
vn -0.899564 0.154220 0.408658
vn -0.870339 0.232360 0.434187
vn -0.870325 0.232403 0.434192
vn -0.834487 0.308746 0.456406
vn -0.834505 0.308702 0.456403
vn -0.792294 0.382745 0.475159
vn -0.792294 0.382745 0.475159
vn -0.744061 0.453865 0.490285
vn -0.744088 0.453821 0.490286
vn -0.690168 0.521509 0.501694
vn -0.690137 0.521552 0.501691
vn -0.631064 0.585157 0.509264
vn -0.631098 0.585116 0.509269
vn -0.567066 0.644426 0.512983
vn -0.567029 0.644465 0.512975
vn -0.498788 0.698765 0.512775
vn -0.498827 0.698729 0.512785
vn -0.426811 0.747714 0.508680
vn -0.426811 0.747714 0.508680
vn -0.351511 0.791024 0.500720
vn -0.351468 0.791052 0.500706
vn -0.273419 0.828376 0.488913
vn -0.273461 0.828353 0.488928
vn -0.193443 0.859325 0.473434
vn -0.193401 0.859344 0.473416
vn -0.029530 0.901505 0.431760
vn -0.111906 0.883782 0.454320
vn -0.111947 0.883767 0.454338
vn -0.029486 0.901509 0.431755
vn 0.135322 0.916291 0.376961
vn 0.053125 0.912374 0.405897
vn 0.053088 0.912367 0.405916
vn 0.135361 0.916288 0.376953
vn 0.216489 0.913236 0.345157
vn 0.216458 0.913236 0.345176
vn 0.296009 0.903232 0.310727
vn 0.296009 0.903232 0.310727
vn 0.373341 0.886338 0.273899
vn 0.373341 0.886338 0.273900
vn 0.447686 0.862741 0.235062
vn 0.447686 0.862741 0.235062
vn 0.518729 0.832547 0.194383
vn 0.518729 0.832547 0.194383
vn 0.585910 0.795962 0.152166
vn 0.585899 0.795968 0.152176
vn 0.648399 0.753465 0.108948
vn 0.648399 0.753465 0.108948
vn 0.706170 0.705076 0.064742
vn 0.706167 0.705079 0.064746
vn 0.758430 0.651442 0.020153
vn 0.758430 0.651442 0.020153
vn 0.804995 0.592770 -0.024656
vn 0.804995 0.592770 -0.024656
vn 0.845411 0.529607 -0.069259
vn 0.845411 0.529607 -0.069259
vn 0.879375 0.462451 -0.113312
vn 0.879371 0.462459 -0.113305
vn 0.906666 0.391728 -0.156542
vn 0.906656 0.391764 -0.156512
vn 0.927054 0.318039 -0.198548
vn 0.927064 0.317986 -0.198591
vn 0.940380 0.241966 -0.239036
vn 0.940380 0.241966 -0.239036
vn 0.946557 0.163990 -0.277737
vn 0.946557 0.163990 -0.277737
vn 0.945527 0.084812 -0.314302
vn 0.945527 0.084812 -0.314302
vn 0.937295 0.004929 -0.348501
vn 0.937295 0.004929 -0.348501
vn 0.921944 -0.074903 -0.380011
vn 0.921944 -0.074903 -0.380011
vn 0.899566 -0.154223 -0.408652
vn 0.899566 -0.154223 -0.408652
vn 0.870325 -0.232403 -0.434192
vn 0.870325 -0.232403 -0.434192
vn 0.834508 -0.308706 -0.456395
vn 0.834508 -0.308706 -0.456395
vn 0.792297 -0.382749 -0.475151
vn 0.792297 -0.382749 -0.475151
vn 0.744063 -0.453862 -0.490285
vn 0.744031 -0.453898 -0.490301
vn 0.690169 -0.521508 -0.501694
vn 0.690206 -0.521472 -0.501680
vn 0.631021 -0.585199 -0.509268
vn 0.631021 -0.585199 -0.509268
vn 0.567141 -0.644368 -0.512972
vn 0.567117 -0.644385 -0.512978
vn 0.426807 -0.747709 -0.508692
vn 0.498783 -0.698759 -0.512788
vn 0.498829 -0.698731 -0.512781
vn 0.426789 -0.747722 -0.508687
vn 0.351439 -0.791062 -0.500711
vn 0.351397 -0.791090 -0.500697
vn 0.273542 -0.828323 -0.488934
vn 0.273493 -0.828339 -0.488934
vn 0.193398 -0.859341 -0.473424
vn 0.111820 -0.883804 -0.454298
vn 0.193446 -0.859329 -0.473426
vn 0.111861 -0.883789 -0.454317
vn 0.029528 -0.901502 -0.431767
vn 0.029488 -0.901512 -0.431748
vn -0.053036 -0.912366 -0.405926
vn -0.135322 -0.916291 -0.376961
vn -0.053036 -0.912366 -0.405926
vn -0.135322 -0.916291 -0.376961
vn -0.216456 -0.913238 -0.345171
vn -0.216491 -0.913233 -0.345163
vn -0.296108 -0.903213 -0.310688
vn -0.296093 -0.903216 -0.310691
vn -0.373246 -0.886363 -0.273949
vn -0.373264 -0.886357 -0.273944
vn -0.447762 -0.862712 -0.235026
vn -0.447762 -0.862712 -0.235026
vn -0.518745 -0.832540 -0.194375
vn -0.518744 -0.832540 -0.194374
vn -0.585834 -0.796008 -0.152216
vn -0.585843 -0.796003 -0.152211
vn -0.648465 -0.753415 -0.108899
vn -0.648446 -0.753430 -0.108911
vn -0.706160 -0.705086 -0.064751
vn -0.706160 -0.705086 -0.064751
vn -0.758455 -0.651414 -0.020131
vn -0.758456 -0.651413 -0.020130
vn -0.804984 -0.592784 0.024645
vn -0.804984 -0.592784 0.024645
vn -0.845393 -0.529639 0.069237
vn -0.845393 -0.529639 0.069237
vn -0.879387 -0.462424 0.113328
vn -0.879387 -0.462424 0.113328
vn -0.906659 -0.391756 0.156517
vn -0.906672 -0.391717 0.156537
vn -0.927058 -0.318024 0.198557
vn -0.927049 -0.318062 0.198539
vn -0.940380 -0.241962 0.239041
vn -0.940382 -0.241945 0.239049
vn -0.946556 -0.163982 0.277742
vn -0.946555 -0.164004 0.277734
vn -0.945524 -0.084770 0.314323
vn -0.945525 -0.084794 0.314313
vn -0.937298 -0.004956 0.348493
vn -0.937303 -0.004993 0.348480
vn -0.921944 0.074893 0.380013
vn -0.921932 0.074952 0.380031
vn -0.899557 0.154248 0.408662
vn -0.899567 0.154213 0.408652
vn -0.870349 0.232342 0.434177
vn -0.870336 0.232375 0.434185
vn -0.834480 0.308758 0.456412
vn -0.834496 0.308725 0.456405
vn -0.792291 0.382756 0.475155
vn -0.792311 0.382722 0.475149
vn -0.744061 0.453863 0.490287
vn -0.744061 0.453863 0.490287
vn -0.690195 0.521482 0.501685
vn -0.690169 0.521514 0.501688
vn -0.631029 0.585189 0.509270
vn -0.631058 0.585159 0.509269
vn -0.567095 0.644404 0.512978
vn -0.567064 0.644433 0.512977
vn -0.498822 0.698738 0.512779
vn -0.498855 0.698712 0.512782
vn -0.426756 0.747748 0.508678
vn -0.426756 0.747748 0.508678
vn -0.351436 0.791067 0.500704
vn -0.351436 0.791067 0.500704
vn -0.273562 0.828311 0.488942
vn -0.273516 0.828333 0.488931
vn -0.193426 0.859333 0.473427
vn -0.193426 0.859333 0.473427
vn -0.111836 0.883799 0.454304
vn -0.111875 0.883788 0.454316
vn -0.029487 0.901513 0.431747
vn -0.029523 0.901505 0.431760
vn 0.053062 0.912367 0.405919
vn 0.053101 0.912372 0.405904
vn 0.135330 0.916290 0.376960
vn 0.135330 0.916290 0.376960
vn 0.216478 0.913236 0.345163
vn 0.216470 0.913237 0.345166
vn 0.296011 0.903230 0.310728
vn 0.296045 0.903225 0.310711
vn 0.373288 0.886352 0.273929
vn 0.373288 0.886352 0.273929
vn 0.447735 0.862723 0.235038
vn 0.447735 0.862723 0.235038
vn 0.585852 0.795997 0.152205
vn 0.518745 0.832540 0.194375
vn 0.518745 0.832539 0.194375
vn 0.585843 0.796003 0.152211
vn 0.648446 0.753429 0.108912
vn 0.648446 0.753429 0.108912
vn 0.706123 0.705120 0.064781
vn 0.706126 0.705117 0.064778
vn 0.758485 0.651381 0.020101
vn 0.758455 0.651414 0.020131
vn 0.804983 0.592785 -0.024647
vn 0.804983 0.592785 -0.024647
vn 0.845392 0.529639 -0.069237
vn 0.845410 0.529608 -0.069261
vn 0.879387 0.462424 -0.113328
vn 0.879387 0.462424 -0.113328
vn 0.906659 0.391755 -0.156514
vn 0.906663 0.391744 -0.156521
vn 0.927054 0.318038 -0.198550
vn 0.927057 0.318024 -0.198558
vn 0.940382 0.241945 -0.239050
vn 0.946556 0.163982 -0.277742
vn 0.940380 0.241962 -0.239040
vn 0.946555 0.164016 -0.277729
vn 0.945523 0.084764 -0.314327
vn 0.937299 0.004956 -0.348491
vn 0.945525 0.084793 -0.314312
vn 0.937303 0.004992 -0.348479
vn 0.921937 -0.074929 -0.380024
vn 0.921938 -0.074923 -0.380022
vn 0.899560 -0.154235 -0.408660
vn 0.899560 -0.154235 -0.408660
vn 0.870342 -0.232359 -0.434183
vn 0.870349 -0.232342 -0.434176
vn 0.834491 -0.308736 -0.456406
vn 0.834497 -0.308726 -0.456403
vn 0.792295 -0.382750 -0.475153
vn 0.744061 -0.453863 -0.490288
vn 0.792291 -0.382756 -0.475155
vn 0.744061 -0.453863 -0.490288
vn 0.690196 -0.521481 -0.501683
vn 0.690195 -0.521483 -0.501683
vn 0.631025 -0.585194 -0.509270
vn 0.630995 -0.585222 -0.509275
vn 0.567117 -0.644385 -0.512978
vn 0.567135 -0.644370 -0.512977
vn 0.498857 -0.698714 -0.512778
vn 0.498774 -0.698771 -0.512780
vn 0.426719 -0.747768 -0.508678
vn 0.426809 -0.747716 -0.508680
vn 0.351448 -0.791060 -0.500708
vn 0.351435 -0.791066 -0.500707
vn 0.273453 -0.828358 -0.488923
vn 0.193428 -0.859336 -0.473421
vn 0.273554 -0.828318 -0.488934
vn 0.193436 -0.859333 -0.473423
vn 0.111941 -0.883774 -0.454327
vn 0.111840 -0.883797 -0.454307
vn 0.029485 -0.901511 -0.431751
vn 0.029485 -0.901511 -0.431751
vn -0.053134 -0.912373 -0.405897
vn -0.053062 -0.912368 -0.405917
vn -0.135258 -0.916291 -0.376984
vn -0.135331 -0.916289 -0.376961
vn -0.216548 -0.913230 -0.345136
vn -0.296032 -0.903229 -0.310712
vn -0.216442 -0.913241 -0.345173
vn -0.295967 -0.903239 -0.310746
vn -0.373287 -0.886352 -0.273927
vn -0.373301 -0.886349 -0.273921
vn -0.447735 -0.862723 -0.235037
vn -0.447735 -0.862723 -0.235037
vn -0.940459 0.141407 0.309095
vn -0.940460 0.141412 0.309092
vn 0.240668 0.919198 0.311696
vn 0.234937 0.927596 0.290465
vn 0.234937 0.927596 0.290465
vn 0.966793 -0.192082 -0.168569
vn -0.999967 0.008085 0.000067
vn -0.999967 0.008085 0.000066
vn -0.999967 0.008085 0.000067
vn -0.999967 0.008085 0.000067
vn -0.940461 0.141411 0.309090
vn -0.331731 -0.580007 -0.744007
vn 0.940466 -0.141401 -0.309078
vn 0.940460 -0.141410 -0.309092
vn 0.940459 -0.141407 -0.309096
vn 0.940459 -0.141413 -0.309095
vn 0.935841 0.047186 -0.349248
vn 0.352419 -0.125302 0.927416
vn 0.935842 0.047184 -0.349248
vn -0.332275 -0.212100 -0.919025
vn -0.332275 -0.212100 -0.919025
vn 0.935841 0.047184 -0.349249
vn 0.235650 -0.820641 0.520593
vn 0.117427 -0.976118 0.182771
vn 0.235650 -0.820648 0.520583
vn -0.151894 -0.840217 -0.520542
vn -0.151920 -0.840190 -0.520578
vn -0.018656 -0.982973 -0.182803
vn -0.352422 0.125295 -0.927416
vn -0.352446 0.125296 -0.927407
vn 0.935841 0.047186 -0.349248
vn 0.235651 -0.820640 0.520594
vn 0.117417 -0.976119 0.182770
vn 0.482934 -0.862294 -0.152392
vn 0.706704 0.689493 -0.158647
vn -0.095136 -0.049085 -0.994253
vn -0.955919 -0.075690 -0.283706
vn -0.935889 -0.047167 0.349123
vn 0.023733 -0.247209 -0.968672
vn -0.141336 0.432014 0.890723
vn -0.858636 -0.501316 0.106900
vn -0.858636 -0.501316 0.106900
vn 0.482857 -0.862337 -0.152397
vn 0.839886 -0.503156 -0.203535
vn 0.839885 -0.503157 -0.203534
vn 0.839884 -0.503161 -0.203528
vn 0.228074 0.305316 -0.924535
vn 0.228067 0.305313 -0.924537
vn -0.085465 -0.091551 -0.992126
vn -0.998906 -0.036058 0.029777
vn 0.946714 0.302844 -0.109631
vn 0.082448 -0.556926 -0.826460
vn 0.946713 0.302847 -0.109627
vn 0.082445 -0.556916 -0.826467
vn 0.195320 -0.810490 -0.552228
vn 0.278455 -0.940671 -0.193907
vn 0.278455 -0.940671 -0.193907
vn 0.946711 0.302853 -0.109626
vn -0.110275 -0.015024 -0.993788
vn -0.946713 -0.302846 0.109633
vn -0.946713 -0.302846 0.109630
vn -0.935841 -0.047186 0.349248
vn -0.935841 -0.047187 0.349248
vn -0.351925 0.177603 -0.919025
vn -0.351925 0.177603 -0.919025
vn -0.935841 -0.047187 0.349248
vn -0.946713 -0.302845 0.109631
vn -0.946721 -0.302807 0.109673
vn 0.082448 -0.556926 -0.826460
vn -0.946713 -0.302845 0.109630
vn 0.946713 0.302845 -0.109630
vn -0.319200 0.927634 -0.193925
vn -0.161845 0.153023 -0.974880
vn -0.161856 0.153065 -0.974871
vn -0.946714 -0.302844 0.109630
vn -0.946713 -0.302844 0.109631
vn -0.319196 0.927640 -0.193904
vn -0.518534 -0.645027 -0.561304
vn 0.093345 -0.583765 -0.806539
vn 0.946712 0.302851 -0.109623
vn 0.946713 0.302846 -0.109629
vn 0.511261 -0.055345 -0.857641
vn 0.511261 -0.055345 -0.857641
vn -0.038547 0.995443 -0.087224
vn -0.858562 -0.077634 -0.506798
vn -0.858562 -0.077634 -0.506798
vn 0.038527 -0.995445 0.087208
vn -0.093344 -0.062615 -0.993663
vn 0.490591 -0.840675 0.229315
vn 0.870358 0.465755 -0.159842
vn 0.998887 0.036366 -0.030036
vn 0.270456 -0.954665 -0.124371
vn 0.270456 -0.954665 -0.124371
vn -0.450293 -0.011238 -0.892810
vn -0.450274 -0.011240 -0.892819
vn -0.450223 -0.011247 -0.892845
vn -0.450288 -0.011238 -0.892813
vn -0.450238 -0.011245 -0.892838
vn -0.450255 -0.011245 -0.892829
vn -0.450269 -0.011242 -0.892822
vn -0.450246 -0.011247 -0.892834
vn -0.450280 -0.011241 -0.892817
vn -0.450286 -0.011237 -0.892814
vn -0.450255 -0.011243 -0.892829
vn -0.450242 -0.011249 -0.892836
vn -0.450286 -0.011241 -0.892814
vn -0.450239 -0.011249 -0.892837
vn -0.450119 -0.011250 -0.892898
vn -0.450247 -0.011247 -0.892833
vn -0.450431 -0.011236 -0.892741
vn -0.450249 -0.011246 -0.892832
vn -0.450276 -0.011242 -0.892819
vn -0.450261 -0.011242 -0.892826
vn -0.450277 -0.011237 -0.892818
vn -0.450060 -0.011249 -0.892928
vn -0.450290 -0.011292 -0.892811
vn -0.450251 -0.011228 -0.892831
vn -0.450251 -0.011228 -0.892832
vn -0.450239 -0.011209 -0.892838
vn -0.450267 -0.011251 -0.892823
vn -0.450263 -0.011245 -0.892825
vn -0.450254 -0.011233 -0.892830
vn -0.450293 -0.011285 -0.892810
vn -0.450248 -0.011228 -0.892833
vn -0.450242 -0.011219 -0.892836
vn -0.450249 -0.011227 -0.892833
vn -0.450305 -0.011293 -0.892803
vn -0.450238 -0.011217 -0.892838
vn -0.450320 -0.011308 -0.892796
vn -0.450202 -0.011181 -0.892857
vn -0.450286 -0.011269 -0.892813
vn -0.450285 -0.011269 -0.892814
vn -0.450137 -0.011118 -0.892890
vn -0.450290 -0.011265 -0.892811
vn -0.450282 -0.011259 -0.892815
vn -0.450265 -0.011247 -0.892824
vn -0.450248 -0.011234 -0.892833
vn -0.450212 -0.011209 -0.892851
vn -0.450270 -0.011249 -0.892822
vn -0.450263 -0.011245 -0.892825
vn -0.450250 -0.011236 -0.892832
vn -0.450330 -0.011287 -0.892791
vn -0.450218 -0.011217 -0.892848
vn -0.450254 -0.011239 -0.892830
vn -0.450239 -0.011230 -0.892837
vn -0.450307 -0.011270 -0.892803
vn -0.450219 -0.011219 -0.892848
vn -0.450371 -0.011308 -0.892770
vn -0.450145 -0.011176 -0.892886
vn -0.450261 -0.011243 -0.892826
vn -0.450252 -0.011237 -0.892831
vn -0.450247 -0.011241 -0.892833
vn -0.450269 -0.011243 -0.892822
vn -0.450235 -0.011241 -0.892839
vn -0.450245 -0.011241 -0.892834
vn -0.450271 -0.011243 -0.892821
vn -0.450299 -0.011244 -0.892807
vn -0.450267 -0.011243 -0.892823
vn -0.450276 -0.011243 -0.892819
vn -0.450245 -0.011243 -0.892834
vn -0.450266 -0.011243 -0.892824
vn -0.450262 -0.011243 -0.892826
vn -0.450219 -0.011243 -0.892847
vn -0.450247 -0.011243 -0.892833
vn -0.450260 -0.011242 -0.892827
vn -0.450262 -0.011243 -0.892826
vn -0.450133 -0.011231 -0.892891
vn -0.450292 -0.011245 -0.892811
vn -0.450255 -0.011242 -0.892829
vn -0.270455 0.954665 0.124373
vn -0.270455 0.954665 0.124372
vn 0.450237 0.011250 0.892838
vn 0.450242 0.011248 0.892836
vn 0.450319 0.011231 0.892797
vn 0.450251 0.011246 0.892831
vn 0.450230 0.011249 0.892842
vn 0.450287 0.011235 0.892813
vn 0.450294 0.011237 0.892810
vn 0.450278 0.011238 0.892818
vn 0.450207 0.011251 0.892853
vn 0.450246 0.011249 0.892834
vn 0.450306 0.011237 0.892803
vn 0.450245 0.011249 0.892834
vn 0.450180 0.011253 0.892867
vn 0.450286 0.011233 0.892814
vn 0.450328 0.011237 0.892792
vn 0.450238 0.011254 0.892838
vn 0.450276 0.011242 0.892819
vn 0.450261 0.011243 0.892826
vn 0.450244 0.011251 0.892834
vn 0.450201 0.011249 0.892856
vn 0.450283 0.011283 0.892815
vn 0.450405 0.011232 0.892754
vn 0.450260 0.011243 0.892827
vn 0.450242 0.011210 0.892836
vn 0.450278 0.011270 0.892817
vn 0.450234 0.011200 0.892840
vn 0.450290 0.011284 0.892811
vn 0.450268 0.011253 0.892823
vn 0.450240 0.011215 0.892837
vn 0.450272 0.011257 0.892820
vn 0.450257 0.011238 0.892828
vn 0.450274 0.011260 0.892819
vn 0.450227 0.011205 0.892844
vn 0.450256 0.011238 0.892829
vn 0.450290 0.011272 0.892811
vn 0.450236 0.011216 0.892839
vn 0.450241 0.011222 0.892837
vn 0.450333 0.011311 0.892789
vn 0.450267 0.011249 0.892823
vn 0.450246 0.011231 0.892834
vn 0.450248 0.011232 0.892833
vn 0.450260 0.011243 0.892826
vn 0.450275 0.011255 0.892819
vn 0.450244 0.011230 0.892835
vn 0.450278 0.011256 0.892817
vn 0.450245 0.011231 0.892835
vn 0.450271 0.011250 0.892821
vn 0.450231 0.011222 0.892841
vn 0.450276 0.011253 0.892819
vn 0.450255 0.011239 0.892829
vn 0.450263 0.011244 0.892825
vn 0.450231 0.011223 0.892842
vn 0.450342 0.011296 0.892784
vn 0.450179 0.011191 0.892868
vn 0.450334 0.011289 0.892789
vn 0.450259 0.011242 0.892827
vn 0.450260 0.011243 0.892826
vn 0.450305 0.011247 0.892804
vn 0.450174 0.011235 0.892870
vn 0.450338 0.011249 0.892788
vn 0.450224 0.011240 0.892845
vn 0.450252 0.011242 0.892831
vn 0.450238 0.011241 0.892838
vn 0.450302 0.011244 0.892805
vn 0.450237 0.011242 0.892838
vn 0.450278 0.011243 0.892817
vn 0.450245 0.011242 0.892834
vn 0.450245 0.011242 0.892834
vn 0.450285 0.011242 0.892814
vn 0.450260 0.011243 0.892827
vn 0.450222 0.011244 0.892846
vn 0.450314 0.011240 0.892800
vn 0.450260 0.011242 0.892827
vn 0.450311 0.011248 0.892801
vn 0.450184 0.011234 0.892865
vn 0.450320 0.011248 0.892796
vn -0.699517 -0.578405 -0.419671
vn 0.600000 0.000000 -0.800000
vn 0.998887 0.036365 -0.030036
vn 0.998887 0.036366 -0.030039
vn -0.511266 0.055346 0.857639
vn -0.038530 0.995444 -0.087213
vn 0.998887 0.036366 -0.030036
vn 0.321196 -0.400476 0.858168
vn 0.321195 -0.400504 0.858155
vn 0.321197 -0.400480 0.858166
vn 0.321182 -0.400453 0.858184
vn 0.321191 -0.400503 0.858157
vn 0.321179 -0.400465 0.858179
vn 0.321179 -0.400463 0.858180
vn 0.321156 -0.400542 0.858152
vn 0.321157 -0.400550 0.858148
vn 0.321179 -0.400466 0.858179
vn 0.321179 -0.400466 0.858179
vn 0.321202 -0.400452 0.858177
vn 0.321202 -0.400411 0.858196
vn 0.321200 -0.400485 0.858162
vn 0.321204 -0.400505 0.858151
vn 0.321183 -0.400491 0.858166
vn 0.321183 -0.400495 0.858164
vn 0.321198 -0.400465 0.858172
vn 0.321206 -0.400492 0.858157
vn 0.321173 -0.400534 0.858150
vn 0.321180 -0.400497 0.858164
vn 0.321232 -0.400531 0.858129
vn 0.321210 -0.400478 0.858162
vn 0.321190 -0.400507 0.858156
vn 0.321188 -0.400494 0.858162
vn 0.321176 -0.400470 0.858178
vn 0.321200 -0.400474 0.858168
vn 0.321200 -0.400472 0.858168
vn 0.321158 -0.400458 0.858190
vn 0.321164 -0.400468 0.858184
vn 0.321203 -0.400501 0.858154
vn 0.321205 -0.400458 0.858173
vn 0.321194 -0.400500 0.858157
vn 0.321170 -0.400470 0.858180
vn 0.321187 -0.400537 0.858143
vn 0.321200 -0.400429 0.858189
vn 0.321186 -0.400481 0.858169
vn 0.321214 -0.400509 0.858146
vn 0.321183 -0.400458 0.858181
vn 0.321165 -0.400543 0.858148
vn 0.321175 -0.400477 0.858175
vn 0.321188 -0.400488 0.858165
vn 0.321208 -0.400470 0.858166
vn 0.321204 -0.400485 0.858160
vn 0.321199 -0.400495 0.858158
vn 0.321187 -0.400488 0.858166
vn 0.321172 -0.400516 0.858158
vn 0.321197 -0.400454 0.858178
vn 0.321196 -0.400480 0.858166
vn 0.321234 -0.400500 0.858143
vn 0.321207 -0.400443 0.858179
vn 0.321176 -0.400506 0.858161
vn 0.321186 -0.400485 0.858167
vn 0.321171 -0.400479 0.858176
vn 0.321190 -0.400488 0.858165
vn 0.321183 -0.400500 0.858162
vn 0.321186 -0.400485 0.858167
vn 0.321137 -0.400471 0.858192
vn 0.321199 -0.400483 0.858163
vn 0.321204 -0.400476 0.858164
vn 0.321152 -0.400469 0.858188
vn 0.321252 -0.400489 0.858141
vn 0.321189 -0.400501 0.858159
vn 0.321208 -0.400478 0.858163
vn 0.321166 -0.400479 0.858178
vn 0.321255 -0.400488 0.858140
vn 0.321143 -0.400527 0.858164
vn 0.321189 -0.400479 0.858169
vn 0.321127 -0.400490 0.858187
vn 0.321251 -0.400449 0.858160
vn 0.321200 -0.400495 0.858158
vn 0.321176 -0.400491 0.858168
vn 0.321217 -0.400475 0.858160
vn 0.321134 -0.400521 0.858170
vn 0.321186 -0.400481 0.858169
vn 0.321227 -0.400474 0.858157
vn 0.321175 -0.400499 0.858165
vn 0.321213 -0.400473 0.858163
vn 0.321186 -0.400490 0.858165
vn 0.321197 -0.400496 0.858158
vn 0.321213 -0.400487 0.858157
vn 0.321153 -0.400497 0.858174
vn 0.321154 -0.400497 0.858174
vn 0.321152 -0.400501 0.858173
vn 0.321199 -0.400469 0.858170
vn 0.321225 -0.400487 0.858152
vn 0.321202 -0.400498 0.858155
vn 0.321168 -0.400499 0.858168
vn 0.321153 -0.400483 0.858180
vn 0.321130 -0.400502 0.858181
vn 0.321218 -0.400481 0.858157
vn 0.321238 -0.400482 0.858149
vn 0.321256 -0.400432 0.858166
vn 0.321221 -0.400465 0.858164
vn 0.321173 -0.400500 0.858165
vn 0.321145 -0.400497 0.858177
vn 0.321125 -0.400531 0.858169
vn 0.321183 -0.400469 0.858176
vn 0.321222 -0.400481 0.858155
vn 0.321214 -0.400480 0.858159
vn 0.321224 -0.400450 0.858169
vn 0.321192 -0.400491 0.858162
vn 0.321191 -0.400482 0.858167
vn 0.321188 -0.400481 0.858169
vn 0.321201 -0.400467 0.858170
vn 0.321202 -0.400466 0.858170
vn 0.321168 -0.400474 0.858180
vn 0.321186 -0.400481 0.858169
vn 0.321147 -0.400522 0.858165
vn 0.321157 -0.400503 0.858170
vn 0.321195 -0.400468 0.858172
vn 0.321209 -0.400476 0.858163
vn 0.321209 -0.400459 0.858171
vn 0.321206 -0.400465 0.858169
vn 0.321167 -0.400465 0.858184
vn 0.321167 -0.400464 0.858184
vn 0.321199 -0.400473 0.858168
vn 0.321201 -0.400468 0.858170
vn 0.321179 -0.400500 0.858163
vn 0.321229 -0.400509 0.858140
vn 0.321178 -0.400467 0.858179
vn 0.321153 -0.400484 0.858180
vn 0.321182 -0.400513 0.858156
vn 0.321170 -0.400505 0.858164
vn 0.321173 -0.400522 0.858155
vn 0.321216 -0.400529 0.858136
vn 0.321178 -0.400480 0.858173
vn 0.321176 -0.400473 0.858177
vn 0.321188 -0.400519 0.858151
vn 0.321194 -0.400489 0.858162
vn 0.321198 -0.400496 0.858158
vn 0.321188 -0.400472 0.858173
vn 0.321192 -0.400482 0.858166
vn 0.321192 -0.400491 0.858162
vn 0.321162 -0.400432 0.858201
vn 0.321199 -0.400529 0.858142
vn 0.321188 -0.400506 0.858157
vn 0.321192 -0.400458 0.858178
vn 0.321200 -0.400478 0.858165
vn 0.321192 -0.400451 0.858181
vn 0.321178 -0.400426 0.858198
vn 0.321195 -0.400473 0.858170
vn 0.321192 -0.400508 0.858155
vn 0.321212 -0.400534 0.858135
vn -0.940461 0.141411 0.309089
vn 0.270775 -0.237986 0.932761
vn 0.270775 -0.237986 0.932761
vn 0.171536 -0.587600 0.790760
vn -0.940460 0.141412 0.309093
vn 0.940461 -0.141411 -0.309089
vn 0.059216 0.963608 -0.260679
vn -0.940461 0.141411 0.309089
vn -0.940461 0.141408 0.309091
vn -0.450817 0.368731 -0.812897
vn -0.331737 -0.580080 -0.743947
vn 0.940464 -0.141406 -0.309083
vn -0.293444 -0.796692 -0.528368
vn 0.940461 -0.141411 -0.309090
vn -0.336749 -0.511182 -0.790755
vn -0.336749 -0.511182 -0.790755
vn 0.940461 -0.141411 -0.309089
vn 0.270774 -0.237986 0.932762
vn 0.940463 -0.141409 -0.309085
vn 0.171537 -0.587611 0.790752
vn 0.935841 0.047187 -0.349248
vn 0.000001 -0.990996 -0.133894
vn -0.262045 -0.569473 -0.779123
vn -0.262045 -0.569473 -0.779123
vn 0.935845 0.047481 -0.349198
vn 0.317992 -0.540243 0.779114
vn -0.935841 -0.047184 0.349248
vn -0.935841 -0.047191 0.349248
vn -0.935841 -0.047192 0.349248
vn -0.935842 -0.047173 0.349248
vn -0.352419 0.125301 -0.927416
vn -0.935841 -0.047185 0.349249
vn 0.935841 0.047186 -0.349248
vn 0.317994 -0.540232 0.779121
vn 0.317994 -0.540232 0.779121
vn 0.235650 -0.820648 0.520583
vn -0.018664 -0.982973 -0.182799
vn 0.117419 -0.976118 0.182774
vn 0.482957 -0.862286 -0.152366
vn 0.706707 0.689491 -0.158644
vn -0.935806 -0.047199 0.349342
vn -0.935842 -0.047187 0.349246
vn 0.023734 -0.247210 -0.968671
vn -0.141342 0.432023 0.890718
vn -0.023734 0.247210 0.968671
vn 0.023733 -0.247211 -0.968671
vn -0.105562 -0.964148 0.243466
vn -0.554558 -0.022547 0.831839
vn 0.352434 0.879014 0.321129
vn 0.228073 0.305316 -0.924535
vn 0.228067 0.305319 -0.924535
vn -0.042971 -0.218585 -0.974871
vn -0.042971 -0.218584 -0.974871
vn 0.195317 -0.810491 -0.552227
vn 0.195317 -0.810491 -0.552227
vn 0.946714 0.302845 -0.109628
vn -0.042971 -0.218585 -0.974871
vn -0.042971 -0.218585 -0.974871
vn 0.082448 -0.556926 -0.826460
vn -0.946713 -0.302845 0.109630
vn 0.319197 -0.927635 0.193924
vn 0.319199 -0.927638 0.193904
vn 0.946714 0.302841 -0.109632
vn 0.093345 -0.583765 -0.806539
vn -0.518520 -0.645030 -0.561314
vn -0.946715 -0.302844 0.109622
vn 0.256091 -0.501372 0.826464
vn -0.946714 -0.302844 0.109631
vn 0.161857 -0.153065 0.974871
vn 0.161857 -0.153065 0.974871
vn -0.935841 -0.047187 0.349248
vn -0.935841 -0.047185 0.349250
vn -0.935842 -0.047184 0.349248
vn -0.317996 0.540243 -0.779112
vn -0.317996 0.540243 -0.779112
vn -0.935841 -0.047187 0.349248
vn -0.946713 -0.302846 0.109629
vn -0.278455 0.940671 0.193907
vn -0.161861 0.153077 -0.974868
vn -0.946713 -0.302845 0.109629
vn -0.278455 0.940671 0.193907
vn -0.518519 -0.645028 -0.561318
vn 0.093344 -0.583765 -0.806539
vn 0.946713 0.302846 -0.109629
vn -0.082447 0.556926 0.826460
vn -0.195317 0.810491 0.552227
vn -0.195317 0.810491 0.552227
vn 0.038547 -0.995443 0.087224
vn -0.136548 -0.083308 -0.987124
vn 0.870358 0.465755 -0.159841
vn 0.870358 0.465756 -0.159840
vn 0.870358 0.465755 -0.159841
vn 0.998887 0.036366 -0.030034
vn 0.850951 0.297470 -0.432890
vn 0.850952 0.297469 -0.432889
vn 0.233062 -0.966737 -0.105360
vn 0.233062 -0.966737 -0.105360
vn 0.157078 -0.985324 -0.066808
vn 0.157085 -0.985323 -0.066810
vn 0.079877 -0.996419 -0.027734
vn 0.079873 -0.996419 -0.027733
vn 0.002032 -0.999931 0.011568
vn 0.002031 -0.999931 0.011568
vn -0.075764 -0.995834 0.050749
vn -0.075755 -0.995834 0.050746
vn -0.153038 -0.984152 0.089572
vn -0.153038 -0.984152 0.089572
vn -0.229120 -0.964986 0.127699
vn -0.229120 -0.964986 0.127699
vn -0.303471 -0.938470 0.164860
vn -0.303471 -0.938470 0.164860
vn -0.444638 -0.864301 0.235117
vn -0.375496 -0.904820 0.200759
vn -0.375496 -0.904820 0.200759
vn -0.444638 -0.864301 0.235117
vn -0.510476 -0.817150 0.267732
vn -0.510498 -0.817135 0.267737
vn -0.572379 -0.763817 0.298272
vn -0.572356 -0.763836 0.298267
vn -0.629935 -0.704659 0.326553
vn -0.682679 -0.640157 0.352347
vn -0.629912 -0.704682 0.326549
vn -0.682661 -0.640184 0.352331
vn -0.730247 -0.570765 0.375455
vn -0.730247 -0.570765 0.375455
vn -0.772239 -0.497056 0.395704
vn -0.772239 -0.497056 0.395704
vn -0.808389 -0.419492 0.412957
vn -0.808370 -0.419530 0.412957
vn -0.838326 -0.338878 0.427049
vn -0.838344 -0.338837 0.427048
vn -0.861940 -0.255548 0.437898
vn -0.861940 -0.255548 0.437898
vn -0.878980 -0.170287 0.445418
vn -0.878980 -0.170287 0.445418
vn -0.889312 -0.083838 0.449550
vn -0.889320 -0.083793 0.449543
vn -0.889678 0.090498 0.447530
vn -0.892897 0.003443 0.450249
vn -0.892893 0.003398 0.450257
vn -0.889679 0.090493 0.447530
vn -0.879693 0.176900 0.441415
vn -0.879690 0.176944 0.441403
vn -0.862991 0.262108 0.431910
vn -0.862997 0.262065 0.431923
vn -0.839754 0.345154 0.419145
vn -0.839754 0.345154 0.419145
vn -0.810108 0.425642 0.403181
vn -0.810108 0.425642 0.403181
vn -0.774303 0.502868 0.384160
vn -0.774289 0.502902 0.384144
vn -0.732576 0.576325 0.362190
vn -0.732580 0.576318 0.362193
vn -0.685306 0.645342 0.337476
vn -0.685322 0.645317 0.337491
vn -0.632837 0.709425 0.310215
vn -0.632819 0.709448 0.310199
vn -0.575516 0.768157 0.280562
vn -0.575534 0.768139 0.280577
vn -0.513823 0.821031 0.248784
vn -0.513823 0.821031 0.248784
vn -0.379233 0.907660 0.179822
vn -0.448234 0.867645 0.215125
vn -0.448218 0.867656 0.215112
vn -0.379208 0.907671 0.179816
vn -0.307300 0.940788 0.143128
vn -0.307325 0.940776 0.143148
vn -0.233053 0.966740 0.105355
vn -0.233062 0.966737 0.105362
vn -0.157085 0.985323 0.066810
vn -0.157085 0.985323 0.066810
vn -0.079877 0.996419 0.027734
vn -0.079877 0.996419 0.027734
vn -0.002031 0.999931 -0.011568
vn -0.002031 0.999931 -0.011568
vn 0.075759 0.995834 -0.050747
vn 0.075759 0.995834 -0.050747
vn 0.153038 0.984152 -0.089572
vn 0.153038 0.984152 -0.089572
vn 0.229109 0.964989 -0.127693
vn 0.229109 0.964989 -0.127693
vn 0.303447 0.938482 -0.164839
vn 0.303484 0.938465 -0.164867
vn 0.444712 0.864255 -0.235145
vn 0.375484 0.904828 -0.200744
vn 0.375484 0.904828 -0.200743
vn 0.444654 0.864290 -0.235130
vn 0.510476 0.817150 -0.267732
vn 0.572409 0.763792 -0.298279
vn 0.510431 0.817190 -0.267695
vn 0.572356 0.763836 -0.298267
vn 0.629933 0.704659 -0.326559
vn 0.682684 0.640157 -0.352336
vn 0.629895 0.704708 -0.326526
vn 0.682684 0.640157 -0.352336
vn 0.730235 0.570789 -0.375443
vn 0.730247 0.570765 -0.375455
vn 0.772239 0.497056 -0.395704
vn 0.772239 0.497056 -0.395704
vn 0.808373 0.419529 -0.412950
vn 0.808386 0.419491 -0.412964
vn 0.838332 0.338862 -0.427051
vn 0.861922 0.255592 -0.437908
vn 0.838342 0.338820 -0.427065
vn 0.861950 0.255505 -0.437903
vn 0.878973 0.170332 -0.445415
vn 0.878975 0.170296 -0.445423
vn 0.889316 0.083792 -0.449550
vn 0.889316 0.083788 -0.449551
vn 0.892893 -0.003398 -0.450257
vn 0.892896 -0.003351 -0.450250
vn 0.889679 -0.090493 -0.447530
vn 0.889679 -0.090493 -0.447530
vn 0.879683 -0.176989 -0.441399
vn 0.879683 -0.176989 -0.441399
vn 0.863001 -0.262065 -0.431915
vn 0.863001 -0.262065 -0.431915
vn 0.839743 -0.345171 -0.419152
vn 0.839767 -0.345114 -0.419152
vn 0.810087 -0.425680 -0.403183
vn 0.810116 -0.425622 -0.403185
vn 0.774306 -0.502868 -0.384153
vn 0.774285 -0.502902 -0.384151
vn 0.732580 -0.576318 -0.362193
vn 0.732602 -0.576288 -0.362197
vn 0.685325 -0.645317 -0.337486
vn 0.685301 -0.645344 -0.337481
vn 0.632816 -0.709448 -0.310205
vn 0.632840 -0.709425 -0.310210
vn 0.575516 -0.768158 -0.280562
vn 0.575516 -0.768158 -0.280562
vn 0.513823 -0.821031 -0.248784
vn 0.448236 -0.867645 -0.215121
vn 0.513823 -0.821031 -0.248784
vn 0.448236 -0.867645 -0.215121
vn 0.379197 -0.907679 -0.179800
vn 0.379197 -0.907679 -0.179800
vn 0.307342 -0.940771 -0.143147
vn 0.307342 -0.940771 -0.143147
vn 0.233095 -0.966727 -0.105378
vn 0.233068 -0.966736 -0.105366
vn 0.157057 -0.985328 -0.066796
vn 0.157057 -0.985328 -0.066796
vn 0.079865 -0.996420 -0.027728
vn 0.079865 -0.996420 -0.027728
vn 0.002048 -0.999931 0.011557
vn 0.002086 -0.999931 0.011541
vn -0.075768 -0.995833 0.050752
vn -0.075806 -0.995829 0.050768
vn -0.153036 -0.984153 0.089569
vn -0.152999 -0.984160 0.089553
vn -0.229140 -0.964980 0.127707
vn -0.229131 -0.964983 0.127703
vn -0.303449 -0.938479 0.164849
vn -0.303461 -0.938475 0.164854
vn -0.375487 -0.904824 0.200757
vn -0.375518 -0.904808 0.200770
vn -0.444665 -0.864283 0.235134
vn -0.444665 -0.864283 0.235134
vn -0.510489 -0.817142 0.267732
vn -0.510447 -0.817174 0.267715
vn -0.572349 -0.763844 0.298259
vn -0.572367 -0.763828 0.298266
vn -0.629923 -0.704672 0.326549
vn -0.629921 -0.704674 0.326548
vn -0.682689 -0.640146 0.352347
vn -0.682672 -0.640168 0.352340
vn -0.730238 -0.570778 0.375454
vn -0.730238 -0.570778 0.375454
vn -0.772248 -0.497037 0.395712
vn -0.772257 -0.497019 0.395715
vn -0.808356 -0.419568 0.412945
vn -0.808356 -0.419568 0.412945
vn -0.838350 -0.338813 0.427054
vn -0.838345 -0.338826 0.427053
vn -0.861944 -0.255523 0.437905
vn -0.861944 -0.255523 0.437905
vn -0.878975 -0.170308 0.445418
vn -0.878969 -0.170344 0.445418
vn -0.889320 -0.083772 0.449546
vn -0.889320 -0.083775 0.449546
vn -0.892895 0.003351 0.450253
vn -0.892896 0.003388 0.450251
vn -0.889676 0.090513 0.447530
vn -0.889678 0.090476 0.447534
vn -0.879689 0.176934 0.441408
vn -0.879684 0.176976 0.441402
vn -0.862999 0.262069 0.431917
vn -0.863006 0.262034 0.431924
vn -0.839751 0.345156 0.419148
vn -0.839746 0.345175 0.419144
vn -0.810106 0.425641 0.403185
vn -0.810100 0.425657 0.403181
vn -0.774283 0.502911 0.384145
vn -0.774291 0.502893 0.384151
vn -0.732613 0.576268 0.362207
vn -0.732613 0.576268 0.362207
vn -0.685310 0.645333 0.337484
vn -0.685296 0.645353 0.337474
vn -0.632805 0.709463 0.310194
vn -0.632838 0.709424 0.310215
vn -0.575527 0.768147 0.280570
vn -0.575512 0.768161 0.280561
vn -0.513814 0.821038 0.248780
vn -0.513828 0.821027 0.248789
vn -0.448251 0.867634 0.215133
vn -0.448211 0.867660 0.215109
vn -0.379215 0.907669 0.179813
vn -0.379215 0.907669 0.179813
vn -0.307304 0.940786 0.143130
vn -0.307313 0.940782 0.143136
vn -0.233069 0.966735 0.105363
vn -0.233110 0.966723 0.105387
vn -0.157052 0.985329 0.066793
vn -0.157062 0.985327 0.066799
vn -0.079865 0.996420 0.027728
vn -0.079865 0.996420 0.027728
vn 0.075768 0.995833 -0.050752
vn -0.002049 0.999931 -0.011559
vn -0.002049 0.999931 -0.011559
vn 0.075768 0.995833 -0.050752
vn 0.153000 0.984160 -0.089551
vn 0.153035 0.984153 -0.089571
vn 0.229123 0.964985 -0.127698
vn 0.229140 0.964980 -0.127707
vn 0.303471 0.938470 -0.164860
vn 0.303450 0.938479 -0.164847
vn 0.375517 0.904808 -0.200772
vn 0.375488 0.904824 -0.200755
vn 0.444651 0.864292 -0.235127
vn 0.444651 0.864292 -0.235127
vn 0.510503 0.817130 -0.267742
vn 0.572351 0.763844 -0.298258
vn 0.510464 0.817162 -0.267719
vn 0.572333 0.763859 -0.298251
vn 0.629938 0.704655 -0.326556
vn 0.682689 0.640146 -0.352347
vn 0.629939 0.704654 -0.326557
vn 0.682672 0.640168 -0.352340
vn 0.730238 0.570778 -0.375454
vn 0.730238 0.570778 -0.375454
vn 0.772257 0.497019 -0.395716
vn 0.808370 0.419538 -0.412949
vn 0.772235 0.497065 -0.395702
vn 0.808356 0.419568 -0.412945
vn 0.838346 0.338826 -0.427052
vn 0.861936 0.255557 -0.437901
vn 0.838350 0.338813 -0.427055
vn 0.861936 0.255557 -0.437901
vn 0.878980 0.170272 -0.445423
vn 0.878975 0.170309 -0.445418
vn 0.889318 0.083808 -0.449545
vn 0.889317 0.083811 -0.449544
vn 0.892895 -0.003351 -0.450252
vn 0.892895 -0.003388 -0.450253
vn 0.889676 -0.090513 -0.447531
vn 0.889673 -0.090546 -0.447531
vn 0.879683 -0.176976 -0.441404
vn 0.879689 -0.176941 -0.441406
vn 0.863006 -0.262034 -0.431924
vn 0.863006 -0.262034 -0.431924
vn 0.839745 -0.345175 -0.419145
vn 0.839740 -0.345188 -0.419143
vn 0.810106 -0.425641 -0.403184
vn 0.774291 -0.502893 -0.384151
vn 0.810099 -0.425657 -0.403182
vn 0.774283 -0.502911 -0.384145
vn 0.732597 -0.576293 -0.362199
vn 0.732613 -0.576268 -0.362205
vn 0.685328 -0.645312 -0.337489
vn 0.685295 -0.645353 -0.337476
vn 0.632804 -0.709463 -0.310197
vn 0.632840 -0.709424 -0.310212
vn 0.575527 -0.768147 -0.280569
vn 0.513843 -0.821015 -0.248797
vn 0.575511 -0.768161 -0.280562
vn 0.513814 -0.821038 -0.248779
vn 0.448253 -0.867634 -0.215130
vn 0.379215 -0.907669 -0.179813
vn 0.448196 -0.867669 -0.215105
vn 0.379215 -0.907669 -0.179813
vn 0.307314 -0.940782 -0.143136
vn 0.307324 -0.940778 -0.143141
vn -0.699519 -0.578401 -0.419673
vn -0.554557 -0.022547 0.831840
vn -0.554559 -0.022545 0.831839
vn -0.511275 0.055345 0.857633
vn 0.998887 0.036369 -0.030036
vn 0.998887 0.036374 -0.030043
vn -0.511253 0.055348 0.857646
vn 0.226904 -0.953825 0.196807
vn -0.038530 0.995444 -0.087214
vn 0.511260 -0.055346 -0.857642
vn 0.998887 0.036366 -0.030038
vn -0.940460 0.141409 0.309093
vn 0.328789 0.147836 0.932761
vn -0.940455 0.141403 0.309110
vn 0.171536 -0.587600 0.790760
vn 0.046176 -0.847766 0.528356
vn 0.940457 -0.141415 -0.309099
vn 0.940461 -0.141411 -0.309089
vn 0.059257 0.963626 -0.260602
vn -0.027870 0.305134 -0.951901
vn -0.940464 0.141373 0.309099
vn -0.940461 0.141411 0.309088
vn -0.940461 0.141417 0.309086
vn -0.086204 -0.978848 0.185541
vn -0.086204 -0.978848 0.185541
vn -0.450815 0.368730 -0.812899
vn -0.245633 0.345789 -0.905591
vn -0.245633 0.345789 -0.905591
vn -0.027867 0.305135 -0.951901
vn -0.205465 -0.960916 -0.185538
vn 0.940459 -0.141414 -0.309095
vn -0.293444 -0.796693 -0.528366
vn -0.205465 -0.960915 -0.185543
vn 0.940459 -0.141406 -0.309098
vn -0.328788 -0.147836 -0.932761
vn -0.328787 -0.147838 -0.932761
vn 0.940464 -0.141405 -0.309083
vn 0.940462 -0.141414 -0.309085
vn 0.328787 0.147837 0.932761
vn 0.171526 -0.587624 0.790744
vn 0.270773 -0.237987 0.932761
vn 0.046186 -0.847757 0.528371
vn 0.935842 0.047191 -0.349247
vn 0.000006 -0.990995 -0.133896
vn 0.935841 0.047186 -0.349248
vn 0.935841 0.047176 -0.349250
vn -0.018667 -0.982972 -0.182803
vn 0.318001 -0.540222 0.779125
vn 0.935841 0.047187 -0.349248
vn -0.935841 -0.047194 0.349247
vn -0.935841 -0.047185 0.349248
vn -0.935841 -0.047187 0.349248
vn -0.935842 -0.047188 0.349248
vn -0.000005 -0.990994 -0.133910
vn 0.351924 -0.177603 0.919025
vn 0.351924 -0.177603 0.919025
vn 0.935841 0.047187 -0.349248
vn -0.935841 -0.047186 0.349248
vn -0.935841 -0.047193 0.349248
vn -0.935841 -0.047140 0.349255
vn -0.935841 -0.047186 0.349249
vn 0.706704 0.689495 -0.158640
vn 0.706700 0.689498 -0.158643
vn 0.023740 -0.247216 -0.968670
vn 0.023731 -0.247218 -0.968669
vn -0.023735 0.247211 0.968671
vn -0.023655 0.247195 0.968677
vn -0.023738 0.247203 0.968673
vn 0.023883 -0.247239 -0.968660
vn 0.023738 -0.247203 -0.968673
vn -0.105538 -0.964149 0.243473
vn 0.414654 -0.801926 -0.430090
vn 0.352435 0.879014 0.321131
vn 0.401225 0.168082 -0.900426
vn 0.401225 0.168082 -0.900426
vn 0.278455 -0.940671 -0.193907
vn 0.946713 0.302846 -0.109629
vn -0.161857 0.153065 -0.974871
vn -0.161857 0.153065 -0.974871
vn -0.946713 -0.302848 0.109627
vn -0.946713 -0.302846 0.109635
vn 0.311349 -0.773392 0.552202
vn 0.311345 -0.773383 0.552216
vn 0.946713 0.302848 -0.109628
vn -0.946713 -0.302845 0.109630
vn 0.256089 -0.501368 0.826468
vn 0.042971 0.218584 0.974871
vn 0.042971 0.218584 0.974871
vn 0.256094 -0.501387 0.826455
vn 0.946713 0.302846 -0.109629
vn -0.935841 -0.047198 0.349247
vn 0.858635 0.501318 -0.106897
vn -0.235654 0.820648 -0.520581
vn -0.935842 -0.047186 0.349248
vn -0.235660 0.820640 -0.520590
vn -0.946713 -0.302846 0.109628
vn 0.946714 0.302842 -0.109632
vn 0.946713 0.302848 -0.109627
vn -0.082448 0.556926 0.826460
vn 0.870358 0.465755 -0.159841
vn 0.870358 0.465756 -0.159841
vn 0.870357 0.465756 -0.159843
vn 0.870358 0.465755 -0.159844
vn -0.689630 0.723611 -0.028251
vn 0.870358 0.465756 -0.159841
vn -0.281780 -0.138967 0.949362
vn 0.038529 -0.995444 0.087214
vn 0.450239 0.011254 0.892837
vn 0.450248 0.011263 0.892833
vn 0.450272 0.011234 0.892821
vn 0.450254 0.011256 0.892829
vn 0.450220 0.011280 0.892846
vn 0.450299 0.011234 0.892807
vn 0.450289 0.011244 0.892812
vn 0.450281 0.011203 0.892816
vn 0.450290 0.011195 0.892812
vn 0.450242 0.011261 0.892836
vn 0.450256 0.011249 0.892829
vn 0.450232 0.011273 0.892841
vn 0.450263 0.011241 0.892825
vn 0.450278 0.011239 0.892818
vn 0.450248 0.011259 0.892833
vn 0.450269 0.011213 0.892823
vn 0.450242 0.011246 0.892836
vn 0.450247 0.011259 0.892833
vn 0.450286 0.011237 0.892814
vn 0.450275 0.011213 0.892820
vn 0.450265 0.011227 0.892825
vn 0.450245 0.011258 0.892834
vn 0.450242 0.011260 0.892836
vn 0.450252 0.011277 0.892831
vn 0.450266 0.011251 0.892823
vn 0.450285 0.011242 0.892814
vn 0.450239 0.011258 0.892837
vn 0.450259 0.011224 0.892828
vn 0.450260 0.011222 0.892827
vn 0.450248 0.011237 0.892833
vn 0.450292 0.011227 0.892811
vn 0.450256 0.011295 0.892828
vn 0.450275 0.011242 0.892819
vn 0.450336 0.011238 0.892788
vn 0.450261 0.011247 0.892826
vn 0.450276 0.011271 0.892818
vn 0.450276 0.011271 0.892818
vn 0.450234 0.011223 0.892840
vn 0.450194 0.011224 0.892860
vn 0.450266 0.011168 0.892825
vn 0.450244 0.011275 0.892834
vn 0.450285 0.011246 0.892814
vn 0.450259 0.011245 0.892827
vn 0.450242 0.011261 0.892836
vn 0.450244 0.011240 0.892835
vn 0.450265 0.011248 0.892824
vn 0.450296 0.011253 0.892809
vn 0.450260 0.011302 0.892826
vn 0.450232 0.011218 0.892841
vn 0.450254 0.011223 0.892830
vn 0.450264 0.011216 0.892825
vn 0.450264 0.011216 0.892825
vn 0.450272 0.011264 0.892820
vn 0.450297 0.011273 0.892807
vn 0.450264 0.011214 0.892825
vn 0.450253 0.011257 0.892830
vn 0.450203 0.011193 0.892856
vn 0.450256 0.011219 0.892829
vn 0.450263 0.011237 0.892825
vn 0.450255 0.011280 0.892829
vn 0.450272 0.011238 0.892821
vn 0.450279 0.011243 0.892817
vn 0.450261 0.011224 0.892827
vn 0.450262 0.011214 0.892826
vn 0.450224 0.011228 0.892845
vn 0.450315 0.011296 0.892798
vn 0.450260 0.011246 0.892827
vn 0.450261 0.011212 0.892826
vn 0.450222 0.011225 0.892846
vn 0.450252 0.011225 0.892831
vn 0.450253 0.011240 0.892830
vn 0.450263 0.011262 0.892825
vn 0.450248 0.011228 0.892833
vn 0.450278 0.011294 0.892817
vn 0.450273 0.011256 0.892820
vn 0.450257 0.011238 0.892828
vn 0.450249 0.011216 0.892833
vn 0.450269 0.011249 0.892822
vn 0.450275 0.011277 0.892819
vn 0.450269 0.011242 0.892822
vn 0.450289 0.011310 0.892811
vn 0.450245 0.011232 0.892834
vn 0.450232 0.011190 0.892841
vn 0.450231 0.011223 0.892842
vn 0.450230 0.011216 0.892842
vn 0.450289 0.011259 0.892812
vn 0.450296 0.011278 0.892808
vn 0.450219 0.011199 0.892848
vn 0.450280 0.011308 0.892816
vn 0.450269 0.011214 0.892822
vn 0.450226 0.011212 0.892844
vn 0.450248 0.011232 0.892833
vn 0.450266 0.011284 0.892823
vn 0.450263 0.011201 0.892826
vn 0.450275 0.011277 0.892819
vn 0.450257 0.011264 0.892828
vn 0.450268 0.011289 0.892822
vn 0.450232 0.011229 0.892841
vn 0.450281 0.011257 0.892816
vn 0.450277 0.011212 0.892819
vn 0.450271 0.011225 0.892821
vn 0.450263 0.011236 0.892825
vn 0.450294 0.011250 0.892809
vn 0.450254 0.011263 0.892829
vn 0.450275 0.011226 0.892819
vn 0.450250 0.011258 0.892832
vn 0.450258 0.011246 0.892828
vn 0.450250 0.011243 0.892832
vn 0.450308 0.011264 0.892802
vn 0.450239 0.011257 0.892837
vn 0.450257 0.011234 0.892828
vn 0.450227 0.011236 0.892843
vn 0.450246 0.011240 0.892834
vn 0.450269 0.011201 0.892823
vn 0.450253 0.011218 0.892830
vn 0.450224 0.011234 0.892845
vn 0.450240 0.011236 0.892837
vn 0.450276 0.011235 0.892819
vn 0.450238 0.011269 0.892838
vn 0.450284 0.011260 0.892815
vn 0.450324 0.011262 0.892794
vn 0.450245 0.011227 0.892834
vn 0.450203 0.011230 0.892856
vn 0.450255 0.011242 0.892829
vn 0.450284 0.011220 0.892815
vn 0.450232 0.011275 0.892840
vn 0.450282 0.011244 0.892815
vn 0.450246 0.011244 0.892834
vn 0.450245 0.011244 0.892834
vn 0.450255 0.011260 0.892829
vn 0.450280 0.011248 0.892817
vn 0.450279 0.011251 0.892817
vn 0.450278 0.011252 0.892818
vn 0.450270 0.011252 0.892821
vn 0.450258 0.011257 0.892828
vn 0.450309 0.011255 0.892802
vn 0.450275 0.011267 0.892819
vn 0.450240 0.011267 0.892837
vn 0.450297 0.011240 0.892808
vn 0.450297 0.011229 0.892808
vn 0.450224 0.011249 0.892845
vn 0.450240 0.011244 0.892837
vn 0.450247 0.011233 0.892833
vn 0.450265 0.011230 0.892825
vn -0.541102 -0.749670 -0.381055
vn -0.541102 -0.749670 -0.381055
vn -0.554558 -0.022546 0.831840
vn -0.511260 0.055346 0.857642
vn 0.218145 0.973606 0.067107
vn 0.998887 0.036376 -0.030034
vn 0.998887 0.036367 -0.030043
vn 0.998891 0.036293 -0.029980
vn 0.998890 0.036305 -0.030022
vn -0.511253 0.055348 0.857646
vn 0.004621 -0.997733 0.067133
vn 0.226868 -0.953838 0.196782
vn 0.858562 0.077634 0.506798
vn 0.858562 0.077634 0.506798
vn -0.511260 0.055345 0.857642
vn 0.511309 -0.055302 -0.857616
vn 0.511253 -0.055344 -0.857646
vn 0.511264 -0.055345 -0.857640
vn -0.940462 0.141416 0.309083
vn -0.940460 0.141409 0.309092
vn 0.328788 0.147840 0.932760
vn -0.940464 0.141405 0.309081
vn -0.940465 0.141439 0.309064
vn 0.046176 -0.847766 0.528357
vn 0.940460 -0.141412 -0.309091
vn -0.336750 -0.511182 -0.790754
vn 0.940461 -0.141415 -0.309087
vn -0.328789 -0.147836 -0.932761
vn -0.328789 -0.147836 -0.932761
vn -0.450818 0.368731 -0.812896
vn -0.245633 0.345789 -0.905591
vn 0.940461 -0.141411 -0.309090
vn -0.027870 0.305134 -0.951901
vn -0.940460 0.141423 0.309087
vn -0.086201 -0.978848 0.185540
vn -0.940459 0.141410 0.309095
vn 0.046173 -0.847766 0.528358
vn -0.205465 -0.960916 -0.185538
vn -0.940460 0.141410 0.309092
vn -0.940462 0.141399 0.309093
vn -0.205465 -0.960916 -0.185536
vn -0.450820 0.368730 -0.812896
vn -0.245634 0.345787 -0.905591
vn -0.086202 -0.978848 0.185541
vn 0.940460 -0.141413 -0.309092
vn -0.270774 0.237986 -0.932761
vn 0.940461 -0.141407 -0.309089
vn 0.940460 -0.141408 -0.309093
vn 0.940454 -0.141397 -0.309117
vn 0.328787 0.147838 0.932761
vn 0.940467 -0.141420 -0.309066
vn 0.046186 -0.847750 0.528382
vn 0.935841 0.047180 -0.349249
vn 0.000002 -0.990995 -0.133897
vn -0.000007 -0.990996 -0.133891
vn 0.935842 0.047141 -0.349254
vn 0.935841 0.047192 -0.349247
vn -0.151914 -0.840196 -0.520570
vn -0.151920 -0.840190 -0.520578
vn -0.935841 -0.047185 0.349248
vn 0.351925 -0.177603 0.919024
vn 0.351925 -0.177603 0.919024
vn 0.935841 0.047204 -0.349247
vn 0.935841 0.047186 -0.349248
vn -0.262048 -0.569484 -0.779114
vn -0.332277 -0.212100 -0.919024
vn 0.000010 -0.990996 -0.133888
vn -0.935841 -0.047187 0.349248
vn 0.332277 0.212100 0.919024
vn 0.332277 0.212100 0.919024
vn 0.935841 0.047185 -0.349248
vn -0.935841 -0.047185 0.349248
vn 0.023735 -0.247211 -0.968671
vn 0.629991 -0.748647 0.206493
vn 0.629991 -0.748646 0.206493
vn -0.023725 0.247167 0.968682
vn -0.023707 0.247208 0.968672
vn -0.023763 0.247217 0.968669
vn 0.994356 -0.094384 0.048449
vn -0.023731 0.247218 0.968669
vn 0.879094 -0.456242 0.137973
vn 0.879094 -0.456242 0.137973
vn 0.023721 -0.247207 -0.968672
vn 0.994356 -0.094382 0.048449
vn 0.385007 -0.493066 0.780164
vn 0.512035 -0.829199 0.224164
vn 0.414651 -0.801917 -0.430110
vn 0.541102 0.749670 0.381055
vn 0.541102 0.749670 0.381055
vn 0.401224 0.168085 -0.900426
vn 0.401234 0.168081 -0.900422
vn 0.401219 0.168087 -0.900428
vn -0.946713 -0.302844 0.109631
vn 0.278455 -0.940671 -0.193907
vn 0.946713 0.302845 -0.109630
vn -0.256091 0.501372 -0.826464
vn -0.256091 0.501372 -0.826464
vn -0.946713 -0.302846 0.109629
vn 0.946717 0.302831 -0.109640
vn -0.946716 -0.302824 0.109663
vn 0.946714 0.302844 -0.109631
vn -0.082448 0.556926 0.826460
vn -0.082448 0.556926 0.826460
vn -0.023731 0.247212 0.968671
vn -0.935841 -0.047185 0.349248
vn -0.117440 0.976109 -0.182808
vn -0.117443 0.976108 -0.182812
vn -0.946713 -0.302844 0.109631
vn 0.946713 0.302849 -0.109625
vn 0.042971 0.218584 0.974871
vn 0.042971 0.218585 0.974871
vn 0.870358 0.465755 -0.159842
vn -0.281781 -0.138968 0.949362
vn 0.870359 0.465755 -0.159838
vn 0.220779 -0.975301 -0.006719
vn -0.159679 -0.098018 -0.982291
vn -0.689631 0.723609 -0.028252
vn -0.281780 -0.138967 0.949362
vn -0.281781 -0.138968 0.949361
vn 0.511260 -0.055345 -0.857642
vn 0.038529 -0.995444 0.087213
vn -0.401224 -0.168082 0.900426
vn 0.401225 0.168082 -0.900426
vn 0.266593 -0.961892 -0.060766
vn -0.401224 -0.168083 0.900426
vn -0.511252 0.055355 0.857647
vn 0.218001 0.973637 0.067125
vn 0.998886 0.036406 -0.030024
vn 0.998887 0.036392 -0.030012
vn 0.998890 0.036348 -0.029958
vn 0.746572 -0.465736 0.475100
vn 0.610952 -0.678446 0.407980
vn 0.433682 -0.844939 0.313046
vn 0.226828 -0.953852 0.196764
vn -0.511256 0.055347 0.857644
vn -0.217996 -0.973639 -0.067122
vn -0.217996 -0.973639 -0.067122
vn 0.004581 -0.997735 0.067116
vn 0.511261 -0.055345 -0.857642
vn -0.511260 0.055345 0.857642
vn 0.511259 -0.055346 -0.857643
vn -0.511267 0.055349 0.857638
vn 0.511264 -0.055342 -0.857640
vn -0.604446 -0.732557 -0.313057
vn -0.604446 -0.732557 -0.313057
vn -0.741971 -0.532008 -0.407979
vn -0.741971 -0.532008 -0.407979
vn 0.511443 -0.055346 -0.857533
vn 0.511280 -0.055342 -0.857631
vn -0.940461 0.141411 0.309089
vn 0.270774 -0.237987 0.932761
vn 0.171532 -0.587610 0.790754
vn -0.940463 0.141414 0.309082
vn 0.336750 0.511179 0.790756
vn -0.940460 0.141409 0.309092
vn -0.940449 0.141438 0.309114
vn -0.940460 0.141408 0.309093
vn 0.940460 -0.141412 -0.309091
vn -0.293444 -0.796693 -0.528366
vn -0.336746 -0.511199 -0.790745
vn 0.940461 -0.141416 -0.309086
vn -0.270776 0.237988 -0.932761
vn -0.270776 0.237988 -0.932761
vn -0.940461 0.141411 0.309089
vn -0.245631 0.345787 -0.905592
vn 0.940459 -0.141409 -0.309096
vn -0.940461 0.141408 0.309090
vn -0.205464 -0.960916 -0.185539
vn -0.086204 -0.978849 0.185536
vn 0.046188 -0.847750 0.528381
vn -0.940422 0.141379 0.309223
vn 0.171538 -0.587600 0.790760
vn 0.171524 -0.587624 0.790745
vn -0.293447 -0.796685 -0.528377
vn -0.293447 -0.796685 -0.528377
vn -0.940461 0.141415 0.309086
vn -0.940460 0.141410 0.309092
vn -0.086204 -0.978849 0.185537
vn -0.270774 0.237987 -0.932761
vn 0.940461 -0.141409 -0.309091
vn 0.940461 -0.141411 -0.309089
vn 0.270774 -0.237986 0.932762
vn 0.270774 -0.237986 0.932761
vn 0.940463 -0.141414 -0.309082
vn 0.171532 -0.587610 0.790753
vn 0.336749 0.511197 0.790745
vn 0.940470 -0.141402 -0.309066
vn 0.940461 -0.141408 -0.309091
vn 0.940461 -0.141418 -0.309087
vn 0.023729 -0.247211 -0.968671
vn 0.000010 -0.990995 -0.133898
vn 0.858635 0.501316 -0.106899
vn 0.935841 0.047203 -0.349246
vn 0.018656 0.982973 0.182802
vn 0.935842 0.047181 -0.349249
vn -0.262047 -0.569485 -0.779114
vn -0.935841 -0.047195 0.349247
vn -0.935841 -0.047187 0.349248
vn 0.332275 0.212100 0.919025
vn 0.332275 0.212100 0.919025
vn -0.351927 0.177669 -0.919011
vn 0.935841 0.047185 -0.349248
vn -0.332277 -0.212099 -0.919025
vn -0.935841 -0.047187 0.349248
vn 0.262048 0.569484 0.779114
vn 0.262048 0.569484 0.779114
vn 0.935841 0.047193 -0.349247
vn 0.023738 -0.247211 -0.968671
vn 0.023760 -0.247252 -0.968660
vn 0.284993 -0.927066 0.243574
vn 0.284993 -0.927066 0.243574
vn -0.023738 0.247234 0.968665
vn 0.630004 -0.748636 0.206492
vn 0.284978 -0.927070 0.243576
vn -0.023736 0.247209 0.968671
vn -0.023724 0.247207 0.968672
vn 0.958235 0.281849 -0.048452
vn -0.023736 0.247205 0.968672
vn 0.023723 -0.247207 -0.968672
vn 0.958234 0.281850 -0.048453
vn 0.385015 -0.493080 0.780150
vn -0.023734 0.247210 0.968671
vn 0.512037 -0.829197 0.224168
vn 0.023735 -0.247211 -0.968671
vn 0.414656 -0.801922 -0.430095
vn 0.401224 0.168082 -0.900426
vn -0.401224 -0.168082 0.900426
vn 0.915919 -0.062286 0.396502
vn 0.782668 -0.573605 0.241678
vn 0.401226 0.168077 -0.900426
vn 0.401206 0.168082 -0.900434
vn 0.540979 -0.836744 0.084863
vn 0.540979 -0.836744 0.084863
vn 0.401302 0.168011 -0.900405
vn 0.540980 -0.836743 0.084864
vn 0.319197 -0.927635 0.193925
vn 0.946713 0.302844 -0.109631
vn -0.311347 0.773392 -0.552202
vn -0.946713 -0.302845 0.109631
vn -0.946714 -0.302844 0.109632
vn -0.195317 0.810491 0.552227
vn -0.023734 0.247211 0.968671
vn -0.935841 -0.047182 0.349249
vn -0.935841 -0.047186 0.349248
vn 0.018657 0.982972 0.182807
vn -0.946714 -0.302844 0.109632
vn 0.946713 0.302846 -0.109629
vn 0.161857 -0.153065 0.974871
vn 0.161857 -0.153065 0.974871
vn -0.946713 -0.302845 0.109630
vn -0.159680 -0.098019 -0.982290
vn 0.220777 -0.975301 -0.006720
vn -0.159678 -0.098016 -0.982291
vn -0.159679 -0.098018 -0.982291
vn -0.472303 0.881365 -0.011170
vn -0.472303 0.881365 -0.011170
vn -0.063070 -0.021152 0.997785
vn 0.511274 -0.055354 -0.857633
vn 0.511257 -0.055347 -0.857644
vn -0.401240 -0.168079 0.900420
vn -0.401223 -0.168088 0.900426
vn 0.401213 0.168085 -0.900431
vn 0.266602 -0.961890 -0.060757
vn 0.827761 -0.394846 -0.398633
vn -0.401239 -0.168073 0.900421
vn -0.401228 -0.168070 0.900427
vn -0.511261 0.055346 0.857642
vn -0.004582 0.997735 -0.067117
vn 0.217997 0.973639 0.067121
vn 0.425738 0.883186 0.196797
vn 0.604446 0.732558 0.313055
vn 0.741970 0.532010 0.407976
vn 0.828939 0.295192 0.475101
vn 0.859415 0.038252 0.509846
vn 0.831318 -0.221281 0.509848
vn 0.746572 -0.465736 0.475100
vn 0.610951 -0.678449 0.407978
vn 0.433685 -0.844937 0.313049
vn -0.425746 -0.883180 -0.196809
vn -0.425727 -0.883193 -0.196791
vn 0.511252 -0.055353 -0.857647
vn 0.511267 -0.055341 -0.857638
vn 0.511254 -0.055349 -0.857646
vn -0.511254 0.055344 0.857646
vn -0.511355 0.055307 0.857588
vn 0.511348 -0.055309 -0.857592
vn -0.511269 0.055349 0.857636
vn -0.425766 -0.883167 -0.196823
vn -0.828940 -0.295188 -0.475103
vn -0.828940 -0.295188 -0.475103
vn 0.511249 -0.055344 -0.857648
vn 0.859412 0.038262 0.509850
vn 0.511259 -0.055347 -0.857643
vn 0.831319 -0.221293 0.509841
vn -0.940462 0.141414 0.309085
vn 0.328787 0.147836 0.932761
vn 0.270774 -0.237989 0.932761
vn 0.171538 -0.587599 0.790760
vn 0.046182 -0.847756 0.528372
vn -0.940459 0.141410 0.309096
vn 0.336751 0.511182 0.790754
vn -0.940461 0.141411 0.309088
vn 0.293445 0.796694 0.528364
vn -0.205464 -0.960915 -0.185543
vn 0.940463 -0.141411 -0.309084
vn -0.293444 -0.796685 -0.528378
vn -0.940461 0.141411 0.309089
vn 0.940461 -0.141411 -0.309090
vn -0.171533 0.587599 -0.790761
vn -0.171529 0.587625 -0.790743
vn -0.940461 0.141415 0.309087
vn 0.940478 -0.141429 -0.309028
vn -0.171536 0.587600 -0.790761
vn 0.940460 -0.141410 -0.309092
vn -0.940462 0.141412 0.309085
vn 0.270776 -0.237988 0.932761
vn 0.940462 -0.141411 -0.309087
vn -0.940455 0.141425 0.309102
vn -0.336750 -0.511197 -0.790745
vn -0.336750 -0.511197 -0.790745
vn -0.940460 0.141411 0.309091
vn -0.940467 0.141418 0.309068
vn -0.940458 0.141406 0.309100
vn 0.940464 -0.141418 -0.309075
vn 0.940460 -0.141411 -0.309091
vn 0.940460 -0.141406 -0.309095
vn 0.328787 0.147836 0.932761
vn 0.940461 -0.141408 -0.309090
vn 0.940459 -0.141410 -0.309096
vn 0.046184 -0.847756 0.528371
vn 0.171529 -0.587625 0.790743
vn 0.336755 0.511181 0.790753
vn 0.940460 -0.141412 -0.309091
vn 0.023730 -0.247211 -0.968671
vn -0.023735 0.247209 0.968671
vn 0.858636 0.501316 -0.106899
vn 0.023735 -0.247210 -0.968671
vn 0.935842 0.047161 -0.349251
vn 0.935841 0.047181 -0.349249
vn 0.151915 0.840186 0.520586
vn -0.351924 0.177573 -0.919031
vn -0.935841 -0.047186 0.349248
vn -0.935841 -0.047186 0.349248
vn 0.262042 0.569485 0.779115
vn 0.935841 0.047187 -0.349248
vn -0.351928 0.177591 -0.919026
vn -0.935841 -0.047185 0.349249
vn 0.151926 0.840175 0.520599
vn 0.151913 0.840189 0.520581
vn 0.284993 -0.927066 0.243573
vn 0.629994 -0.748645 0.206492
vn 0.023741 -0.247220 -0.968668
vn -0.103406 -0.964354 0.243575
vn -0.103406 -0.964354 0.243575
vn -0.023733 0.247203 0.968673
vn 0.879093 -0.456244 0.137975
vn -0.023733 0.247209 0.968671
vn -0.103383 -0.964357 0.243573
vn -0.023738 0.247212 0.968671
vn 0.776233 0.615162 -0.137975
vn 0.776233 0.615162 -0.137975
vn -0.023727 0.247234 0.968665
vn 0.023737 -0.247213 -0.968670
vn 0.924809 -0.362575 0.115189
vn -0.023732 0.247206 0.968672
vn -0.023739 0.247214 0.968670
vn 0.512037 -0.829197 0.224168
vn 0.023707 -0.247155 -0.968686
vn 0.023739 -0.247215 -0.968670
vn 0.414659 -0.801923 -0.430091
vn 0.401216 0.168101 -0.900427
vn 0.401244 0.168084 -0.900417
vn -0.401221 -0.168089 0.900426
vn -0.401233 -0.168082 0.900422
vn 0.915918 -0.062292 0.396502
vn 0.827761 -0.394845 -0.398634
vn 0.782670 -0.573602 0.241679
vn 0.905198 -0.223144 0.361695
vn 0.216952 -0.972487 -0.084860
vn -0.401233 -0.168082 0.900422
vn 0.782670 -0.573602 0.241679
vn 0.782670 -0.573602 0.241679
vn 0.401219 0.168087 -0.900427
vn 0.540979 -0.836744 0.084863
vn 0.319199 -0.927639 0.193903
vn 0.946713 0.302846 -0.109629
vn 0.946713 0.302848 -0.109626
vn -0.311348 0.773382 -0.552216
vn -0.946713 -0.302847 0.109628
vn -0.195317 0.810491 0.552228
vn -0.023768 0.247207 0.968671
vn -0.023733 0.247211 0.968671
vn -0.935842 -0.047183 0.349248
vn -0.935842 -0.047186 0.349248
vn -0.117445 0.976109 -0.182806
vn 0.946714 0.302843 -0.109633
vn 0.256091 -0.501372 0.826465
vn -0.946713 -0.302846 0.109629
vn -0.946713 -0.302845 0.109630
vn 0.472303 -0.881365 0.011170
vn 0.472304 -0.881365 0.011170
vn 0.063071 0.021152 -0.997785
vn -0.063071 -0.021152 0.997785
vn 0.419959 0.906389 0.045760
vn 0.063071 0.021152 -0.997785
vn -0.063070 -0.021152 0.997785
vn -0.063081 -0.021149 0.997784
vn 0.511261 -0.055346 -0.857642
vn -0.433680 0.844940 -0.313046
vn -0.433680 0.844940 -0.313046
vn -0.610951 0.678449 -0.407978
vn -0.610951 0.678449 -0.407978
vn 0.511258 -0.055347 -0.857643
vn -0.401216 -0.168084 0.900429
vn 0.889919 0.161289 0.426649
vn 0.905197 -0.223148 0.361695
vn 0.401230 0.168081 -0.900424
vn 0.889921 0.161284 0.426648
vn 0.326481 -0.604845 0.726342
vn 0.739070 -0.640112 0.209837
vn 0.827761 -0.394847 -0.398631
vn -0.401224 -0.168083 0.900426
vn -0.511267 0.055340 0.857638
vn -0.226866 0.953838 -0.196786
vn -0.226866 0.953838 -0.196786
vn -0.004621 0.997733 -0.067133
vn 0.511254 -0.055342 -0.857646
vn 0.425752 0.883176 0.196813
vn 0.604447 0.732557 0.313056
vn 0.741971 0.532008 0.407979
vn 0.828939 0.295188 0.475105
vn 0.511258 -0.055347 -0.857643
vn -0.511239 0.055355 0.857654
vn 0.511237 -0.055355 -0.857655
vn -0.859414 -0.038261 -0.509847
vn -0.859414 -0.038261 -0.509847
vn 0.511252 -0.055344 -0.857647
vn -0.940457 0.141393 0.309110
vn 0.336749 0.511197 0.790745
vn 0.328788 0.147840 0.932760
vn -0.940446 0.141408 0.309136
vn -0.940464 0.141415 0.309079
vn 0.046179 -0.847766 0.528356
vn -0.086203 -0.978848 0.185541
vn -0.940460 0.141410 0.309094
vn -0.940461 0.141409 0.309089
vn -0.940461 0.141414 0.309087
vn -0.940462 0.141410 0.309087
vn 0.293445 0.796693 0.528366
vn 0.940461 -0.141409 -0.309091
vn 0.940462 -0.141415 -0.309085
vn -0.046173 0.847766 -0.528358
vn -0.940460 0.141407 0.309092
vn 0.940459 -0.141409 -0.309096
vn 0.940453 -0.141401 -0.309117
vn -0.171536 0.587599 -0.790761
vn -0.940463 0.141413 0.309081
vn -0.940461 0.141411 0.309089
vn 0.270776 -0.237986 0.932761
vn 0.940485 -0.141430 -0.309007
vn -0.328788 -0.147836 -0.932761
vn -0.328788 -0.147836 -0.932761
vn -0.940448 0.141388 0.309139
vn -0.171527 0.587624 -0.790744
vn -0.171527 0.587624 -0.790744
vn -0.270775 0.237986 -0.932761
vn -0.270775 0.237986 -0.932761
vn 0.940460 -0.141410 -0.309092
vn 0.940465 -0.141426 -0.309071
vn 0.940465 -0.141426 -0.309070
vn 0.336750 0.511184 0.790753
vn 0.328788 0.147838 0.932761
vn 0.940462 -0.141410 -0.309087
vn 0.940462 -0.141410 -0.309087
vn -0.086203 -0.978848 0.185541
vn 0.046186 -0.847750 0.528382
vn 0.940459 -0.141412 -0.309095
vn 0.293448 0.796691 0.528366
vn 0.940469 -0.141380 -0.309078
vn 0.023737 -0.247213 -0.968670
vn -0.103405 -0.964354 0.243575
vn 0.023710 -0.247210 -0.968672
vn 0.023734 -0.247225 -0.968667
vn 0.018648 0.982977 0.182782
vn -0.117435 0.976113 -0.182791
vn 0.935841 0.047195 -0.349247
vn 0.151917 0.840179 0.520597
vn -0.935842 -0.047186 0.349248
vn -0.351923 0.177614 -0.919023
vn -0.935842 -0.047216 0.349243
vn 0.262042 0.569484 0.779116
vn 0.935841 0.047192 -0.349248
vn 0.935841 0.047157 -0.349254
vn -0.351936 0.177537 -0.919033
vn -0.935841 -0.047181 0.349249
vn 0.879096 -0.456238 0.137973
vn 0.023726 -0.247196 -0.968675
vn 0.023730 -0.247204 -0.968673
vn -0.476058 -0.854827 0.206493
vn -0.476058 -0.854827 0.206493
vn -0.023734 0.247211 0.968671
vn 0.994356 -0.094383 0.048451
vn 0.994356 -0.094383 0.048451
vn -0.476073 -0.854819 0.206490
vn -0.023730 0.247208 0.968672
vn 0.476058 0.854827 -0.206493
vn 0.476058 0.854827 -0.206493
vn 0.023730 -0.247208 -0.968672
vn 0.924810 -0.362572 0.115189
vn -0.023736 0.247223 0.968668
vn -0.023761 0.247253 0.968660
vn -0.284993 0.927066 -0.243574
vn -0.284993 0.927066 -0.243574
vn 0.512039 -0.829196 0.224163
vn 0.023734 -0.247212 -0.968671
vn -0.629987 0.748650 -0.206494
vn 0.401234 0.168065 -0.900425
vn -0.475874 -0.801697 -0.361699
vn -0.140141 -0.960182 -0.241684
vn -0.401226 -0.168078 0.900426
vn -0.140127 -0.960186 -0.241676
vn 0.216937 -0.972489 -0.084870
vn 0.739070 -0.640112 0.209838
vn 0.326483 -0.604846 0.726340
vn 0.827761 -0.394844 -0.398635
vn -0.401209 -0.168084 0.900433
vn 0.905197 -0.223148 0.361695
vn 0.905197 -0.223148 0.361695
vn 0.401216 0.168090 -0.900429
vn 0.216956 -0.972486 -0.084861
vn 0.216937 -0.972489 -0.084867
vn 0.311348 -0.773382 0.552217
vn 0.946713 0.302844 -0.109631
vn -0.319199 0.927638 -0.193904
vn -0.946714 -0.302843 0.109634
vn 0.311347 -0.773393 0.552201
vn -0.278455 0.940671 0.193907
vn -0.776229 -0.615168 0.137973
vn -0.023735 0.247203 0.968673
vn 0.018653 0.982972 0.182808
vn -0.935841 -0.047179 0.349249
vn 0.946713 0.302845 -0.109630
vn -0.278455 0.940671 0.193908
vn 0.256091 -0.501372 0.826464
vn -0.946713 -0.302848 0.109626
vn -0.063071 -0.021152 0.997785
vn 0.063071 0.021152 -0.997785
vn 0.986723 -0.151255 0.059164
vn 0.063048 0.021129 -0.997787
vn 0.063068 0.021153 -0.997785
vn -0.063002 -0.021168 0.997789
vn -0.063072 -0.021160 0.997785
vn 0.419964 0.906386 0.045762
vn 0.725919 0.381752 -0.572108
vn 0.063071 0.021200 -0.997784
vn 0.063072 0.021152 -0.997785
vn -0.063323 -0.021287 0.997766
vn -0.063069 -0.021153 0.997785
vn 0.865793 0.496131 0.065245
vn 0.511253 -0.055342 -0.857646
vn -0.511258 0.055347 0.857643
vn -0.746572 0.465736 -0.475100
vn -0.746572 0.465736 -0.475100
vn 0.511271 -0.055340 -0.857636
vn -0.401232 -0.168080 0.900423
vn 0.739155 0.521173 0.426648
vn 0.739152 0.521177 0.426648
vn 0.401218 0.168084 -0.900429
vn -0.401227 -0.168080 0.900425
vn 0.739070 -0.640112 0.209838
vn 0.739070 -0.640112 0.209837
vn -0.401228 -0.168078 0.900425
vn -0.401264 -0.168078 0.900409
vn 0.511261 -0.055344 -0.857642
vn 0.511271 -0.055346 -0.857635
vn -0.511272 0.055340 0.857635
vn -0.831316 0.221293 -0.509846
vn -0.831316 0.221293 -0.509846
vn -0.940459 0.141400 0.309102
vn -0.940460 0.141404 0.309096
vn 0.336753 0.511181 0.790754
vn -0.940462 0.141410 0.309087
vn -0.940461 0.141400 0.309093
vn -0.086203 -0.978848 0.185542
vn -0.205466 -0.960915 -0.185545
vn -0.940462 0.141408 0.309089
vn -0.940465 0.141390 0.309087
vn -0.940457 0.141384 0.309115
vn -0.940463 0.141410 0.309084
vn 0.205466 0.960915 0.185542
vn 0.205466 0.960915 0.185542
vn 0.940461 -0.141411 -0.309089
vn -0.336750 -0.511182 -0.790754
vn 0.940461 -0.141412 -0.309090
vn -0.046188 0.847750 -0.528381
vn -0.940461 0.141409 0.309091
vn 0.940458 -0.141408 -0.309098
vn -0.171536 0.587600 -0.790760
vn -0.171536 0.587600 -0.790760
vn -0.270775 0.237986 -0.932761
vn -0.270774 0.237986 -0.932761
vn 0.940461 -0.141411 -0.309090
vn -0.046175 0.847766 -0.528357
vn -0.046175 0.847766 -0.528357
vn -0.940465 0.141415 0.309074
vn 0.171533 -0.587598 0.790762
vn -0.940459 0.141407 0.309097
vn 0.328789 0.147836 0.932761
vn 0.328789 0.147836 0.932761
vn 0.940458 -0.141408 -0.309100
vn -0.940452 0.141401 0.309121
vn -0.940471 0.141423 0.309053
vn -0.046186 0.847750 -0.528381
vn -0.046186 0.847750 -0.528381
vn 0.940461 -0.141393 -0.309099
vn 0.940462 -0.141417 -0.309084
vn -0.171533 0.587599 -0.790761
vn 0.940460 -0.141408 -0.309093
vn 0.336752 0.511197 0.790744
vn 0.940470 -0.141402 -0.309066
vn 0.940461 -0.141410 -0.309089
vn -0.205467 -0.960914 -0.185546
vn -0.086204 -0.978849 0.185536
vn 0.940461 -0.141430 -0.309080
vn 0.940463 -0.141410 -0.309083
vn 0.293447 0.796686 0.528376
vn 0.205465 0.960916 0.185538
vn 0.023719 -0.247210 -0.968671
vn -0.476056 -0.854829 0.206490
vn -0.958236 -0.281845 0.048450
vn -0.958236 -0.281845 0.048450
vn 0.023733 -0.247200 -0.968674
vn -0.994356 0.094382 -0.048450
vn -0.994356 0.094382 -0.048450
vn -0.235660 0.820641 -0.520589
vn -0.235638 0.820669 -0.520554
vn 0.935841 0.047191 -0.349248
vn -0.935842 -0.047186 0.349248
vn -0.351924 0.177588 -0.919028
vn -0.935842 -0.047184 0.349248
vn 0.935841 0.047186 -0.349248
vn 0.023729 -0.247203 -0.968673
vn -0.023736 0.247216 0.968670
vn 0.023736 -0.247215 -0.968670
vn -0.776233 -0.615162 0.137975
vn -0.776233 -0.615162 0.137975
vn -0.023727 0.247199 0.968674
vn 0.958236 0.281844 -0.048450
vn 0.103406 0.964354 -0.243575
vn 0.103406 0.964354 -0.243575
vn -0.023732 0.247199 0.968674
vn -0.629994 0.748644 -0.206494
vn -0.629994 0.748644 -0.206494
vn -0.023727 0.247197 0.968675
vn -0.629991 0.748646 -0.206494
vn 0.023747 -0.247232 -0.968665
vn 0.023722 -0.247159 -0.968685
vn 0.401213 0.168100 -0.900428
vn -0.739154 -0.521174 -0.426648
vn -0.475868 -0.801702 -0.361695
vn -0.401221 -0.168088 0.900427
vn 0.401226 0.168081 -0.900426
vn 0.889919 0.161289 0.426649
vn 0.889919 0.161289 0.426649
vn 0.401233 0.168076 -0.900424
vn -0.140143 -0.960181 -0.241686
vn 0.946714 0.302842 -0.109634
vn -0.319197 0.927635 -0.193924
vn -0.946713 -0.302844 0.109631
vn -0.776236 -0.615160 0.137973
vn -0.023733 0.247225 0.968668
vn -0.063077 -0.021171 0.997784
vn 0.063079 0.021177 -0.997784
vn 0.986723 -0.151255 0.059164
vn 0.725925 0.381756 -0.572097
vn 0.063071 0.021152 -0.997785
vn 0.865796 0.496126 0.065244
vn 0.609915 0.790534 0.055311
vn -0.063074 -0.021151 0.997785
vn 0.963225 -0.262942 0.055311
vn 0.989857 0.126203 0.065244
vn 0.879177 0.471960 0.065579
vn 0.647125 0.355328 0.674516
vn 0.725919 0.381751 -0.572108
vn 0.063070 0.021142 -0.997785
vn 0.127301 -0.991779 -0.012980
vn 0.127301 -0.991779 -0.012980
vn 0.063067 0.021151 -0.997785
vn -0.261195 -0.964578 -0.036959
vn -0.063089 -0.021162 0.997784
vn 0.865793 0.496131 0.065244
vn 0.609921 0.790530 0.055312
vn 0.989856 0.126204 0.065244
vn -0.511259 0.055347 0.857643
vn -0.401220 -0.168084 0.900428
vn 0.475872 0.801699 0.361697
vn 0.475871 0.801699 0.361697
vn 0.401230 0.168080 -0.900424
vn -0.401199 -0.168115 0.900431
vn -0.401223 -0.168083 0.900427
vn -0.401230 -0.168077 0.900425
vn -0.940460 0.141408 0.309093
vn -0.171529 0.587625 -0.790743
vn -0.046183 0.847749 -0.528383
vn -0.940463 0.141412 0.309083
vn -0.940466 0.141401 0.309077
vn 0.293446 0.796692 0.528367
vn -0.940461 0.141411 0.309089
vn -0.940461 0.141411 0.309088
vn -0.940453 0.141454 0.309093
vn -0.205465 -0.960916 -0.185538
vn -0.205455 -0.960925 -0.185503
vn -0.940467 0.141413 0.309070
vn 0.086205 0.978849 -0.185537
vn 0.086205 0.978849 -0.185537
vn -0.940460 0.141410 0.309091
vn -0.328789 -0.147836 -0.932761
vn -0.328789 -0.147836 -0.932761
vn -0.336747 -0.511198 -0.790746
vn 0.940462 -0.141413 -0.309085
vn 0.086202 0.978848 -0.185540
vn 0.086203 0.978849 -0.185536
vn -0.940460 0.141405 0.309095
vn -0.940461 0.141415 0.309086
vn 0.940462 -0.141412 -0.309086
vn 0.940473 -0.141425 -0.309047
vn 0.940458 -0.141406 -0.309100
vn -0.046175 0.847766 -0.528357
vn -0.046175 0.847766 -0.528357
vn -0.328788 -0.147836 -0.932761
vn 0.940462 -0.141414 -0.309084
vn 0.940462 -0.141425 -0.309079
vn 0.086203 0.978848 -0.185541
vn -0.940475 0.141427 0.309039
vn 0.171529 -0.587625 0.790743
vn 0.046172 -0.847766 0.528358
vn -0.940462 0.141420 0.309081
vn 0.336748 0.511184 0.790754
vn 0.336749 0.511196 0.790746
vn 0.940461 -0.141411 -0.309090
vn -0.171532 0.587611 -0.790753
vn -0.940458 0.141407 0.309100
vn -0.270774 0.237987 -0.932761
vn -0.940454 0.141331 0.309148
vn 0.940459 -0.141410 -0.309096
vn -0.046178 0.847766 -0.528356
vn -0.270776 0.237986 -0.932761
vn -0.270776 0.237986 -0.932761
vn 0.293446 0.796692 0.528367
vn 0.940461 -0.141409 -0.309090
vn 0.940462 -0.141407 -0.309089
vn -0.205461 -0.960924 -0.185501
vn 0.940467 -0.141413 -0.309070
vn 0.205464 0.960916 0.185537
vn 0.023736 -0.247224 -0.968668
vn -0.879096 0.456238 -0.137974
vn -0.879096 0.456238 -0.137974
vn -0.317994 0.540232 -0.779120
vn -0.317994 0.540232 -0.779120
vn -0.023742 0.247227 0.968667
vn 0.023742 -0.247223 -0.968668
vn 0.023730 -0.247202 -0.968673
vn -0.958235 -0.281849 0.048452
vn -0.958235 -0.281849 0.048452
vn -0.023730 0.247202 0.968673
vn 0.958238 0.281839 -0.048447
vn -0.284993 0.927065 -0.243575
vn -0.284993 0.927065 -0.243575
vn -0.023742 0.247224 0.968667
vn -0.879094 0.456242 -0.137973
vn -0.879096 0.456239 -0.137973
vn 0.023730 -0.247204 -0.968673
vn 0.401242 0.168058 -0.900423
vn -0.889919 -0.161289 -0.426650
vn -0.739155 -0.521173 -0.426649
vn -0.401228 -0.168077 0.900426
vn 0.401198 0.168103 -0.900434
vn 0.401188 0.168128 -0.900434
vn 0.739155 0.521173 0.426649
vn 0.739155 0.521173 0.426649
vn 0.401231 0.168077 -0.900424
vn -0.140126 -0.960186 -0.241675
vn -0.063067 -0.021142 0.997785
vn 0.261195 0.964578 0.036960
vn 0.063067 0.021142 -0.997785
vn 0.261187 0.964580 0.036958
vn 0.647129 0.355330 0.674511
vn 0.879177 0.471961 0.065578
vn 0.063070 0.021152 -0.997785
vn 0.063091 0.021163 -0.997783
vn 0.063073 0.021160 -0.997785
vn -0.063064 -0.021153 0.997785
vn 0.789952 -0.612054 0.036957
vn 0.963226 -0.262940 0.055311
vn 0.989856 0.126204 0.065244
vn 0.879177 0.471961 0.065577
vn -0.063070 -0.021152 0.997785
vn 0.496419 -0.867986 0.012977
vn 0.063071 0.021154 -0.997785
vn -0.063077 -0.021152 0.997784
vn -0.261187 -0.964580 -0.036959
vn 0.063059 0.021150 -0.997786
vn -0.609921 -0.790530 -0.055311
vn -0.609915 -0.790534 -0.055312
vn 0.989857 0.126203 0.065244
vn -0.063066 -0.021149 0.997785
vn 0.609921 0.790530 0.055311
vn 0.865796 0.496126 0.065245
vn -0.401220 -0.168084 0.900428
vn 0.140144 0.960181 0.241686
vn 0.140125 0.960187 0.241675
vn 0.401224 0.168083 -0.900426
vn -0.401219 -0.168089 0.900427
vn -0.782666 0.573607 -0.241678
vn -0.401294 -0.168021 0.900406
vn -0.401238 -0.168075 0.900421
vn -0.401217 -0.168088 0.900428
vn -0.940461 0.141411 0.309090
vn 0.086203 0.978849 -0.185536
vn -0.940459 0.141410 0.309097
vn 0.293447 0.796686 0.528376
vn -0.940461 0.141400 0.309093
vn -0.940462 0.141410 0.309087
vn -0.293447 -0.796685 -0.528377
vn -0.293447 -0.796685 -0.528377
vn -0.940462 0.141417 0.309082
vn -0.293442 -0.796692 -0.528368
vn 0.940462 -0.141413 -0.309085
vn 0.205463 0.960916 0.185539
vn 0.205464 0.960916 0.185542
vn -0.940463 0.141413 0.309083
vn 0.270776 -0.237988 0.932761
vn 0.270776 -0.237988 0.932761
vn 0.940461 -0.141411 -0.309088
vn 0.940460 -0.141409 -0.309094
vn 0.940462 -0.141411 -0.309088
vn 0.086203 0.978848 -0.185541
vn 0.086203 0.978848 -0.185541
vn 0.940461 -0.141405 -0.309092
vn -0.328788 -0.147838 -0.932761
vn -0.336752 -0.511197 -0.790744
vn 0.940461 -0.141408 -0.309091
vn 0.940461 -0.141410 -0.309091
vn 0.086203 0.978848 -0.185541
vn -0.940465 0.141414 0.309076
vn 0.046188 -0.847750 0.528381
vn -0.940462 0.141413 0.309087
vn 0.293440 0.796700 0.528357
vn 0.940463 -0.141417 -0.309079
vn -0.270774 0.237989 -0.932761
vn -0.171529 0.587625 -0.790743
vn -0.940462 0.141414 0.309085
vn -0.328788 -0.147838 -0.932761
vn -0.328788 -0.147840 -0.932760
vn -0.940461 0.141409 0.309091
vn 0.940463 -0.141412 -0.309084
vn 0.086202 0.978848 -0.185541
vn 0.293447 0.796685 0.528377
vn 0.940462 -0.141412 -0.309085
vn 0.940461 -0.141409 -0.309090
vn 0.940453 -0.141438 -0.309102
vn -0.205466 -0.960915 -0.185541
vn 0.940461 -0.141410 -0.309090
vn 0.776229 0.615168 -0.137973
vn 0.023730 -0.247202 -0.968673
vn -0.023741 0.247223 0.968668
vn 0.023742 -0.247223 -0.968668
vn -0.994356 0.094384 -0.048449
vn -0.994356 0.094384 -0.048449
vn -0.023737 0.247214 0.968670
vn 0.103405 0.964354 -0.243575
vn 0.103405 0.964354 -0.243575
vn -0.023730 0.247203 0.968673
vn 0.023729 -0.247203 -0.968673
vn -0.905197 0.223150 -0.361695
vn -0.889919 -0.161289 -0.426650
vn 0.401225 0.168082 -0.900426
vn -0.540980 0.836743 -0.084865
vn -0.540980 0.836743 -0.084865
vn -0.782671 0.573600 -0.241680
vn 0.401220 0.168086 -0.900427
vn -0.401220 -0.168086 0.900427
vn 0.475868 0.801702 0.361696
vn 0.475868 0.801702 0.361696
vn 0.401219 0.168087 -0.900428
vn -0.475872 -0.801699 -0.361697
vn -0.063074 -0.021159 0.997785
vn -0.127301 0.991779 0.012980
vn -0.127301 0.991779 0.012980
vn 0.063074 0.021159 -0.997785
vn 0.063071 0.021152 -0.997785
vn 0.063067 0.021148 -0.997785
vn 0.063073 0.021153 -0.997785
vn 0.063067 0.021141 -0.997785
vn 0.609915 0.790534 0.055312
vn 0.496411 -0.867991 0.012977
vn 0.789947 -0.612060 0.036957
vn 0.063071 0.021150 -0.997785
vn 0.063072 0.021160 -0.997785
vn -0.063118 -0.021183 0.997781
vn -0.063083 -0.021154 0.997784
vn -0.063061 -0.021152 0.997786
vn -0.865793 -0.496130 -0.065244
vn 0.963225 -0.262942 0.055311
vn -0.063068 -0.021151 0.997785
vn -0.216955 0.972486 0.084859
vn -0.216936 0.972489 0.084871
vn 0.401221 0.168084 -0.900427
vn -0.905197 0.223148 -0.361695
vn -0.401195 -0.168109 0.900434
vn -0.782670 0.573602 -0.241679
vn -0.540979 0.836744 -0.084863
vn 0.205462 0.960918 0.185534
vn -0.940458 0.141410 0.309098
vn 0.205466 0.960915 0.185542
vn 0.205466 0.960915 0.185542
vn -0.940459 0.141418 0.309093
vn -0.940461 0.141401 0.309092
vn -0.940446 0.141408 0.309136
vn -0.940455 0.141425 0.309102
vn -0.336749 -0.511197 -0.790745
vn -0.336749 -0.511197 -0.790745
vn -0.293447 -0.796685 -0.528377
vn 0.940458 -0.141412 -0.309097
vn 0.205465 0.960915 0.185544
vn -0.940461 0.141412 0.309089
vn 0.328789 0.147836 0.932761
vn 0.940461 -0.141410 -0.309089
vn 0.940464 -0.141405 -0.309083
vn 0.940462 -0.141412 -0.309087
vn 0.940461 -0.141406 -0.309091
vn 0.205465 0.960916 0.185537
vn -0.336750 -0.511182 -0.790755
vn -0.293446 -0.796692 -0.528367
vn -0.293447 -0.796685 -0.528377
vn -0.940461 0.141408 0.309089
vn 0.328789 0.147834 0.932761
vn -0.086203 -0.978849 0.185536
vn 0.940458 -0.141378 -0.309113
vn -0.940460 0.141399 0.309098
vn 0.293448 0.796686 0.528375
vn 0.940461 -0.141408 -0.309089
vn -0.046184 0.847756 -0.528372
vn 0.205461 0.960918 0.185531
vn 0.205465 0.960916 0.185538
vn 0.940462 -0.141405 -0.309088
vn 0.940461 -0.141411 -0.309090
vn 0.776236 0.615160 -0.137973
vn -0.023730 0.247204 0.968673
vn 0.023736 -0.247215 -0.968670
vn 0.476056 0.854828 -0.206492
vn 0.476056 0.854828 -0.206492
vn 0.401230 0.168078 -0.900425
vn 0.401238 0.168074 -0.900422
vn -0.216956 0.972486 0.084858
vn 0.401228 0.168079 -0.900425
vn -0.401231 -0.168077 0.900424
vn 0.140147 0.960181 0.241684
vn 0.401227 0.168080 -0.900425
vn -0.401227 -0.168080 0.900425
vn -0.475871 -0.801699 -0.361697
vn -0.063066 -0.021144 0.997785
vn -0.496419 0.867986 -0.012978
vn -0.496411 0.867991 -0.012976
vn 0.063071 0.021154 -0.997785
vn 0.062958 0.021091 -0.997793
vn 0.063069 0.021151 -0.997785
vn -0.989856 -0.126203 -0.065244
vn 0.063068 0.021151 -0.997785
vn 0.261187 0.964580 0.036959
vn 0.261195 0.964578 0.036959
vn -0.063069 -0.021151 0.997785
vn -0.865796 -0.496126 -0.065245
vn 0.963226 -0.262940 0.055311
vn -0.063072 -0.021153 0.997785
vn -0.540980 0.836743 -0.084863
vn -0.401209 -0.168096 0.900431
vn -0.905198 0.223144 -0.361696
vn -0.782668 0.573605 -0.241678
vn -0.940461 0.141411 0.309090
vn 0.086204 0.978849 -0.185538
vn -0.940460 0.141411 0.309091
vn -0.046186 0.847750 -0.528382
vn -0.940459 0.141412 0.309093
vn -0.205464 -0.960916 -0.185542
vn 0.940449 -0.141377 -0.309140
vn 0.293464 0.796625 0.528458
vn -0.940459 0.141412 0.309096
vn 0.336746 0.511199 0.790745
vn 0.293444 0.796684 0.528379
vn 0.940462 -0.141412 -0.309085
vn -0.940462 0.141408 0.309089
vn 0.336750 0.511182 0.790754
vn -0.086202 -0.978848 0.185541
vn 0.940464 -0.141422 -0.309076
vn -0.940463 0.141409 0.309084
vn -0.970248 -0.239889 0.032743
vn -0.940469 0.141500 0.309023
vn 0.205488 0.960895 0.185624
vn 0.205488 0.960895 0.185623
vn 0.401233 0.168076 -0.900424
vn -0.216935 0.972490 0.084872
vn -0.401231 -0.168077 0.900424
vn -0.739152 -0.521177 -0.426649
vn 0.140126 0.960186 0.241679
vn -0.401224 -0.168083 0.900426
vn 0.401220 0.168086 -0.900428
vn -0.401220 -0.168087 0.900427
vn -0.739155 -0.521173 -0.426649
vn -0.063077 -0.021160 0.997784
vn -0.789948 0.612060 -0.036956
vn -0.789952 0.612054 -0.036958
vn -0.865793 -0.496130 -0.065245
vn 0.063090 0.021162 -0.997783
vn -0.963225 0.262943 -0.055311
vn -0.989856 -0.126205 -0.065244
vn 0.063066 0.021150 -0.997785
vn -0.127301 0.991779 0.012980
vn -0.127301 0.991779 0.012980
vn -0.063063 -0.021148 0.997785
vn -0.063079 -0.021160 0.997784
vn -0.989856 -0.126203 -0.065244
vn 0.789947 -0.612060 0.036956
vn -0.063072 -0.021153 0.997785
vn -0.905198 0.223138 -0.361698
vn 0.086205 0.978849 -0.185537
vn -0.940461 0.141413 0.309088
vn -0.205463 -0.960916 -0.185539
vn -0.940439 0.141405 0.309158
vn 0.293444 0.796693 0.528366
vn 0.401221 0.168085 -0.900427
vn -0.401230 -0.168077 0.900425
vn -0.889919 -0.161288 -0.426651
vn -0.889920 -0.161284 -0.426650
vn -0.063067 -0.021148 0.997785
vn -0.963225 0.262940 -0.055311
vn -0.865796 -0.496126 -0.065244
vn -0.609920 -0.790530 -0.055312
vn 0.063061 0.021147 -0.997786
vn 0.063073 0.021153 -0.997785
vn -0.496411 0.867991 -0.012976
vn -0.063066 -0.021149 0.997785
vn -0.063090 -0.021163 0.997783
vn -0.989856 -0.126205 -0.065244
vn 0.789952 -0.612054 0.036958
vn -0.609915 -0.790534 -0.055311
vn -0.261195 -0.964578 -0.036959
vn 0.063059 0.021146 -0.997786
vn 0.063076 0.021155 -0.997784
vn -0.496419 0.867986 -0.012978
vn -0.063066 -0.021149 0.997785
vn -0.063082 -0.021159 0.997784
vn -0.963225 0.262942 -0.055311
vn 0.496411 -0.867991 0.012977
vn -0.261187 -0.964580 -0.036959
vn 0.063068 0.021151 -0.997785
vn 0.063066 0.021150 -0.997785
vn -0.789952 0.612054 -0.036958
vn -0.063076 -0.021155 0.997784
vn -0.063059 -0.021145 0.997786
vn -0.963225 0.262940 -0.055311
vn 0.496419 -0.867986 0.012977
vn 0.127301 -0.991779 -0.012980
vn 0.127301 -0.991779 -0.012980
vn 0.063077 0.021155 -0.997784
vn 0.063072 0.021153 -0.997785
vn -0.789948 0.612060 -0.036956
vn -0.063077 -0.021155 0.997784
vn -0.063062 -0.021147 0.997786
vn 0.999998 0.001421 0.001494
vn 0.999998 0.001422 0.001494
vn 0.999998 0.001421 0.001494
vn 0.999998 0.001421 0.001494
vn 0.999998 0.001422 0.001494
vn 0.999998 0.001421 0.001494
vn 0.999998 0.001421 0.001494
vn 0.999998 0.001421 0.001494
vn 0.999998 0.001421 0.001494
vn 0.999998 0.001421 0.001494
vn 0.999998 0.001422 0.001494
vn 0.999998 0.001421 0.001494
vn 0.999998 0.001421 0.001494
vn 0.999998 0.001421 0.001494
vn 0.999998 0.001421 0.001494
vn 0.999998 0.001421 0.001494
vn 0.999998 0.001421 0.001494
vn 0.999998 0.001421 0.001494
vn 0.999998 0.001421 0.001494
vn 0.999998 0.001422 0.001494
vn 0.999998 0.001421 0.001494
vn 0.999998 0.001422 0.001494
vn 0.999998 0.001421 0.001494
vn 0.999998 0.001421 0.001494
vn 0.999998 0.001421 0.001494
vn 0.999998 0.001421 0.001494
vn 0.999998 0.001421 0.001494
vn 0.999998 0.001421 0.001494
vn 0.999998 0.001421 0.001494
vn 0.999998 0.001421 0.001494
vn 0.999998 0.001421 0.001494
vn 0.999998 0.001421 0.001494
vn 0.999998 0.001421 0.001494
vn 0.999998 0.001421 0.001494
vn 0.999998 0.001421 0.001494
vn -0.999998 -0.001422 -0.001494
vn -0.999998 -0.001422 -0.001494
vn -0.999998 -0.001422 -0.001494
vn -0.999998 -0.001421 -0.001494
vn -0.999998 -0.001421 -0.001494
vn -0.150333 0.695698 -0.702427
vn -0.150333 0.695698 -0.702427
vn 0.999967 -0.008085 -0.000067
vn 0.999967 -0.008085 -0.000067
vn 0.999967 -0.008085 -0.000067
vn 0.999967 -0.008085 -0.000067
vn 0.999967 -0.008085 -0.000067
vn 0.999967 -0.008085 -0.000067
vn 0.999967 -0.008085 -0.000067
vn 0.999967 -0.008085 -0.000067
vn 0.999967 -0.008085 -0.000067
vn 0.999967 -0.008085 -0.000067
vn 0.999967 -0.008085 -0.000067
vn 0.999967 -0.008085 -0.000067
vn 0.999967 -0.008085 -0.000067
vn 0.999967 -0.008085 -0.000067
vn 0.999967 -0.008085 -0.000067
vn 0.999967 -0.008085 -0.000067
vn 0.999967 -0.008085 -0.000067
vn 0.999967 -0.008085 -0.000067
vn 0.999967 -0.008085 -0.000067
vn 0.999967 -0.008085 -0.000067
vn 0.999967 -0.008085 -0.000067
vn 0.999967 -0.008085 -0.000067
vn 0.999967 -0.008085 -0.000067
vn 0.999967 -0.008085 -0.000067
vn 0.999967 -0.008085 -0.000067
vn 0.999967 -0.008085 -0.000067
vn 0.999967 -0.008085 -0.000067
vn 0.999967 -0.008085 -0.000067
vn 0.999967 -0.008085 -0.000067
vn 0.999967 -0.008085 -0.000067
vn 0.999967 -0.008085 -0.000067
vn 0.999967 -0.008085 -0.000067
vn 0.999967 -0.008085 -0.000067
vn 0.999967 -0.008085 -0.000067
vn 0.999967 -0.008085 -0.000067
vn 0.999967 -0.008085 -0.000067
vn 0.999967 -0.008085 -0.000067
vn -0.999967 0.008085 0.000067
vn -0.999967 0.008085 0.000067
vn -0.998906 -0.036058 0.029776
vn -0.998906 -0.036058 0.029776
vn -0.995672 0.088557 -0.028197
vn -0.995672 0.088557 -0.028196
vn 0.075745 0.948818 0.306605
vn -0.000000 0.303395 0.952865
vn 0.000000 0.303395 0.952865
vn 0.995672 -0.088557 0.028197
vn 0.995672 -0.088557 0.028196
vn 0.092938 0.948741 -0.302082
vn 0.092949 0.948739 -0.302085
vn 0.092938 0.948741 -0.302082
vn 0.092938 0.948741 -0.302082
vn 0.092938 0.948741 -0.302082
vn 0.092938 0.948741 -0.302082
vn 0.092938 0.948741 -0.302082
vn 0.995672 -0.088557 0.028197
vn 0.995672 -0.088554 0.028198
vn 0.995672 -0.088556 0.028197
vn 0.995672 -0.088558 0.028196
vn 0.995672 -0.088557 0.028196
vn 0.995672 -0.088556 0.028195
vn 0.995672 -0.088556 0.028198
vn 0.995672 -0.088558 0.028196
vn 0.995672 -0.088557 0.028197
vn -0.000000 -0.303395 -0.952865
vn -0.000000 -0.303395 -0.952865
vn 0.995671 -0.088565 0.028187
vn 0.995672 -0.088559 0.028196
vn 0.995672 -0.088550 0.028202
vn 0.995672 -0.088559 0.028194
vn 0.995672 -0.088555 0.028199
vn 0.995673 -0.088534 0.028216
vn 0.995672 -0.088559 0.028195
vn 0.995672 -0.088554 0.028199
vn 0.995672 -0.088563 0.028192
vn 0.995672 -0.088557 0.028197
vn -0.995672 0.088557 -0.028197
vn -0.995673 0.088546 -0.028183
vn -0.995672 0.088557 -0.028197
vn -0.995672 0.088559 -0.028201
vn -0.995672 0.088558 -0.028199
vn -0.995672 0.088552 -0.028199
vn -0.995672 0.088553 -0.028189
vn -0.995672 0.088558 -0.028200
vn -0.995672 0.088558 -0.028196
vn -0.995672 0.088559 -0.028195
vn -0.995671 0.088560 -0.028206
vn -0.995672 0.088557 -0.028197
vn -0.912644 0.202464 0.355090
vn -0.995672 0.088557 -0.028199
vn -0.995672 0.088554 -0.028188
vn -0.995672 0.088558 -0.028202
vn -0.995672 0.088557 -0.028200
vn -0.995672 0.088557 -0.028197
vn -0.995672 0.088556 -0.028193
vn 0.092937 0.948741 -0.302083
vn 0.092938 0.948741 -0.302082
vn -0.995672 0.088557 -0.028197
vn -0.995672 0.088561 -0.028194
vn -0.995674 0.088533 -0.028216
vn -0.995672 0.088556 -0.028198
vn -0.995672 0.088558 -0.028196
vn -0.995672 0.088556 -0.028197
vn -0.995672 0.088557 -0.028197
vn -0.995672 0.088551 -0.028201
vn -0.995672 0.088559 -0.028196
vn -0.995672 0.088558 -0.028196
vn -0.995672 0.088560 -0.028196
vn -0.995672 0.088555 -0.028198
vn -0.995672 0.088558 -0.028195
vn -0.995672 0.088557 -0.028197
vn -0.995672 0.088558 -0.028199
vn -0.995672 0.088557 -0.028197
vn -0.995672 0.088559 -0.028194
vn -0.995673 0.088540 -0.028217
vn -0.327043 0.900466 -0.286712
vn -0.995672 0.088557 -0.028197
vn 0.995672 -0.088558 0.028196
vn 0.995672 -0.088556 0.028197
vn 0.995672 -0.088558 0.028196
vn 0.995672 -0.088559 0.028196
vn 0.995672 -0.088557 0.028197
vn 0.995672 -0.088557 0.028197
vn 0.995672 -0.088558 0.028200
vn 0.995673 -0.088538 0.028220
vn 0.995672 -0.088559 0.028194
vn 0.995672 -0.088555 0.028199
vn 0.995673 -0.088552 0.028189
vn 0.995672 -0.088557 0.028197
vn 0.995672 -0.088559 0.028195
vn 0.995672 -0.088557 0.028196
vn 0.995672 -0.088556 0.028197
vn 0.995672 -0.088556 0.028197
vn 0.995673 -0.088538 0.028213
vn 0.995672 -0.088559 0.028195
vn 0.995672 -0.088556 0.028196
vn 0.995672 -0.088557 0.028197
vn 0.995672 -0.088557 0.028197
vn 0.000000 -0.303395 -0.952865
vn 0.000001 -0.303395 -0.952865
vn -0.000011 -0.303405 -0.952862
vn 0.000000 -0.303395 -0.952865
vn 0.092938 0.948741 -0.302082
vn 0.092939 0.948739 -0.302086
vn -0.685937 -0.158997 -0.710078
vn -0.936329 0.000000 -0.351123
vn 0.995672 -0.088557 0.028197
vn 0.995672 -0.088556 0.028197
vn 0.995672 -0.088551 0.028201
vn 0.000000 -0.316228 -0.948683
vn 0.949809 -0.175391 -0.259039
vn -0.000000 -0.303403 -0.952862
vn -0.000010 -0.303396 -0.952865
vn 0.000001 -0.303395 -0.952865
vn 0.000000 -0.303395 -0.952865
vn 0.995672 -0.088557 0.028197
vn 1.000000 -0.000000 0.000000
vn 0.995672 -0.088558 0.028197
vn 0.995672 -0.088557 0.028197
vn 0.995672 -0.088557 0.028197
vn -0.000000 0.303396 0.952865
vn -0.000000 0.303395 0.952865
vn -0.995672 0.088557 -0.028197
vn -0.995672 0.088557 -0.028197
vn -0.995672 0.088557 -0.028197
vn -0.025867 -0.555460 -0.831141
vn -0.025867 -0.555460 -0.831141
vn -0.058059 -0.829589 -0.555347
vn -0.058059 -0.829589 -0.555348
vn -0.058059 -0.829589 -0.555348
vn -0.058059 -0.829590 -0.555346
vn -0.058061 -0.829572 -0.555373
vn -0.081411 -0.977417 -0.195006
vn -0.992562 0.119746 -0.021958
vn -0.081411 -0.977417 -0.195006
vn -0.089265 -0.826814 0.555348
vn -0.089265 -0.826813 0.555348
vn -0.072571 -0.551311 0.831137
vn -0.072571 -0.551312 0.831137
vn -0.072571 -0.551311 0.831137
vn -0.072571 -0.551311 0.831137
vn -0.044829 -0.191874 0.980395
vn -0.044829 -0.191875 0.980395
vn 0.025867 0.555460 0.831141
vn 0.025867 0.555460 0.831141
vn 0.072571 0.551311 -0.831137
vn 0.072571 0.551311 -0.831137
vn 0.044829 0.191875 -0.980395
vn 0.044829 0.191874 -0.980395
vn 0.044829 0.191875 -0.980395
vn 0.044829 0.191874 -0.980395
vn -0.995672 0.088557 -0.028197
vn -0.995672 0.088557 -0.028197
vn 0.092938 0.948741 -0.302082
vn 0.092938 0.948741 -0.302082
vn -0.995672 0.088557 -0.028197
vn -0.995672 0.088557 -0.028197
vn 0.995672 -0.088557 0.028197
vn 0.995672 -0.088557 0.028197
vn 0.092938 0.948740 -0.302086
vn 0.092938 0.948740 -0.302086
vn -0.000000 0.303395 0.952865
vn -0.000000 0.303395 0.952865
vn -0.995672 0.088557 -0.028197
vn -0.995672 0.088557 -0.028197
vn 0.092938 0.948740 -0.302086
vn 0.092938 0.948740 -0.302086
vn 0.995672 -0.088557 0.028197
vn 0.995672 -0.088557 0.028197
vn 0.092938 0.948741 -0.302082
vn 0.092938 0.948741 -0.302082
vn -0.092938 -0.948741 0.302082
vn -0.092938 -0.948741 0.302082
vn 0.010262 -0.196774 -0.980395
vn 0.010262 -0.196774 -0.980395
vn 0.010262 -0.196774 -0.980395
vn 0.010262 -0.196774 -0.980395
vn -0.025867 -0.555460 -0.831141
vn -0.025867 -0.555460 -0.831141
vn -0.081411 -0.977417 -0.195009
vn -0.081411 -0.977417 -0.195009
vn -0.092369 -0.976442 0.195010
vn -0.092369 -0.976442 0.195010
vn -0.092369 -0.976443 0.195007
vn -0.092369 -0.976443 0.195007
vn -0.089265 -0.826814 0.555348
vn -0.089265 -0.826814 0.555348
vn -0.044829 -0.191874 0.980395
vn -0.044829 -0.191874 0.980395
vn -0.010262 0.196774 0.980395
vn -0.010262 0.196774 0.980395
vn -0.010262 0.196774 0.980395
vn -0.010262 0.196774 0.980395
vn 0.025867 0.555460 0.831141
vn 0.025867 0.555460 0.831141
vn 0.058059 0.829589 0.555348
vn 0.058059 0.829589 0.555348
vn 0.058059 0.829589 0.555348
vn 0.058059 0.829589 0.555348
vn 0.081411 0.977417 0.195009
vn 0.081411 0.977417 0.195009
vn 0.081411 0.977417 0.195006
vn 0.081411 0.977417 0.195006
vn 0.092369 0.976443 -0.195007
vn 0.092369 0.976443 -0.195007
vn 0.092369 0.976442 -0.195010
vn 0.092369 0.976442 -0.195010
vn 0.089265 0.826814 -0.555347
vn 0.089265 0.826814 -0.555347
vn 0.089265 0.826814 -0.555348
vn 0.089265 0.826814 -0.555348
vn 0.072571 0.551311 -0.831137
vn 0.072571 0.551311 -0.831137
vn 0.502249 -0.470142 0.725749
vn 0.502253 -0.470156 0.725738
vn 0.502259 -0.470173 0.725723
vn 0.502261 -0.470164 0.725727
vn 0.448650 -0.435128 0.780626
vn -0.502269 0.470169 -0.725719
vn -0.502258 0.470169 -0.725726
vn 0.157007 -0.358223 0.920340
vn -0.502251 0.470163 -0.725735
vn -0.502273 0.470183 -0.725706
vn -0.502257 0.470165 -0.725729
vn -0.502258 0.470168 -0.725726
vn -0.502260 0.470168 -0.725725
vn -0.867030 0.429726 0.252179
vn -0.866789 0.429098 0.254069
vn -0.867038 0.429750 0.252111
vn -0.867051 0.429788 0.252000
vn -0.867035 0.429738 0.252141
vn -0.867035 0.429740 0.252138
vn -0.867029 0.429765 0.252118
vn -0.867036 0.429734 0.252143
vn -0.867034 0.429741 0.252139
vn -0.867036 0.429740 0.252137
vn -0.867034 0.429743 0.252137
vn -0.822245 0.524372 -0.221239
vn -0.867037 0.429732 0.252144
vn -0.867056 0.429679 0.252172
vn -0.867034 0.429745 0.252135
vn -0.502245 0.470165 -0.725738
vn -0.502261 0.470171 -0.725722
vn -0.502260 0.470172 -0.725722
vn -0.502273 0.470194 -0.725699
vn -0.502257 0.470169 -0.725727
vn -0.502284 0.470156 -0.725716
vn -0.502246 0.470154 -0.725744
vn -0.502256 0.470165 -0.725730
vn -0.502256 0.470169 -0.725727
vn -0.502263 0.470166 -0.725724
vn -0.502233 0.470176 -0.725739
vn -0.502262 0.470169 -0.725724
vn -0.502285 0.470165 -0.725710
vn -0.502247 0.470170 -0.725733
vn -0.502223 0.470172 -0.725748
vn -0.502298 0.470186 -0.725688
vn -0.502330 0.470126 -0.725704
vn -0.502229 0.470183 -0.725737
vn -0.502239 0.470169 -0.725739
vn -0.502249 0.470175 -0.725728
vn 0.214163 -0.946896 0.239836
vn -0.502271 0.470172 -0.725715
vn 0.502248 -0.470179 0.725726
vn 0.502332 -0.470137 0.725695
vn 0.502247 -0.470176 0.725729
vn 0.502262 -0.470174 0.725720
vn 0.502287 -0.470226 0.725669
vn 0.502242 -0.470178 0.725731
vn 0.502283 -0.470169 0.725709
vn 0.502261 -0.470176 0.725719
vn 0.502254 -0.470166 0.725730
vn 0.502260 -0.470171 0.725723
vn 0.502683 -0.470459 0.725243
vn 0.502243 -0.470152 0.725747
vn 0.502273 -0.470183 0.725706
vn -0.381450 -0.317379 0.868197
vn 0.502012 -0.470001 0.726005
vn 0.502362 -0.470244 0.725605
vn 0.502257 -0.470169 0.725727
vn 0.502214 -0.470168 0.725757
vn 0.502245 -0.470158 0.725742
vn 0.502253 -0.470166 0.725731
vn 0.502432 -0.470168 0.725606
vn 0.502262 -0.470169 0.725723
vn 0.502257 -0.470169 0.725726
vn 0.502300 -0.470149 0.725710
vn 0.502285 -0.470168 0.725708
vn 0.502247 -0.470170 0.725733
vn 0.502283 -0.470157 0.725716
vn 0.502256 -0.470169 0.725727
vn 0.502268 -0.470168 0.725720
vn 0.551308 -0.743366 0.378770
vn 0.502271 -0.470167 0.725718
vn 0.502263 -0.470166 0.725724
vn 0.502223 -0.470179 0.725743
vn 0.483702 0.848436 0.214914
vn 0.483702 0.848436 0.214914
vn -0.483704 -0.848436 -0.214913
vn -0.483704 -0.848436 -0.214912
vn 0.227986 -0.737568 -0.635623
vn 0.436085 -0.586999 -0.682101
vn 0.866907 -0.429883 -0.252333
vn 0.435868 -0.587220 -0.682049
vn 0.436093 -0.586995 -0.682099
vn 0.436047 -0.587040 -0.682090
vn 0.227929 -0.737593 -0.635613
vn 0.004289 -0.837894 -0.545816
vn -0.239232 -0.861903 -0.447093
vn 0.009798 -0.842992 -0.537837
vn 0.009860 -0.842976 -0.537862
vn -0.219666 -0.881105 -0.418808
vn -0.219671 -0.881106 -0.418804
vn -0.442753 -0.850542 -0.283811
vn 0.502183 -0.470276 0.725709
vn -0.219790 -0.881110 -0.418733
vn -0.508235 -0.839509 -0.192151
vn -0.608449 -0.788504 -0.089727
vn -0.746681 -0.659100 0.089751
vn -0.726344 -0.677074 0.118301
vn -0.745402 -0.007805 -0.666569
vn -0.627714 -0.769403 -0.118295
vn -0.746700 -0.659073 0.089788
vn -0.834128 -0.484678 0.263284
vn -0.834123 -0.484697 0.263263
vn -0.864704 -0.277251 0.418830
vn -0.864707 -0.277278 0.418807
vn -0.756494 0.183892 0.627615
vn -0.836358 -0.050958 0.545810
vn -0.836348 -0.050929 0.545828
vn -0.745452 0.173706 0.643527
vn -0.830810 -0.056114 0.553721
vn -0.502327 0.470195 -0.725661
vn -0.719545 0.242360 0.650782
vn -0.614462 0.396451 0.682102
vn 0.502164 -0.470106 0.725832
vn -0.659369 0.340600 0.670242
vn -0.450172 0.600159 0.661176
vn 0.502315 -0.470262 0.725626
vn -0.614554 0.396325 0.682093
vn -0.351707 0.655626 0.668174
vn -0.004343 0.837882 0.545834
vn 0.010003 0.824178 0.566243
vn -0.247531 0.755537 0.606541
vn 0.219684 0.881108 0.418793
vn 0.219688 0.881108 0.418791
vn 0.428618 0.864272 0.263289
vn -0.502271 0.470149 -0.725730
vn 0.532862 0.824026 0.192455
vn 0.746706 0.659065 -0.089798
vn 0.608401 0.788533 0.089797
vn 0.746703 0.659069 -0.089791
vn 0.864705 0.277280 -0.418809
vn 0.864756 0.277206 -0.418754
vn 0.864707 0.277256 -0.418821
vn 0.751010 -0.178831 -0.635613
vn 0.836354 0.050941 -0.545819
vn 0.833177 0.031032 -0.552134
vn 0.836207 0.049938 -0.546135
vn 0.750984 -0.178895 -0.635626
vn 0.751026 -0.178780 -0.635608
vn 0.578408 -0.450002 -0.680398
vn 0.628519 -0.409647 -0.661175
vn 0.614515 -0.396369 -0.682102
vn 0.729801 -0.151062 -0.666761
vn 0.716774 -0.243090 -0.653561
vn 0.716774 -0.243090 -0.653561
vn -0.228048 0.737536 0.635637
vn -0.228048 0.737536 0.635637
vn 0.834127 0.484684 -0.263275
vn 0.834127 0.484684 -0.263275
vn 0.270457 -0.954665 -0.124373
vn 0.270457 -0.954665 -0.124372
vn 0.270455 -0.954665 -0.124375
vn 0.620676 0.074148 0.780553
vn 0.620675 0.074148 0.780554
vn 0.110664 -0.097502 0.989064
vn -0.270467 0.954657 0.124409
vn -0.270455 0.954664 0.124385
vn -0.270452 0.954666 0.124371
vn 0.679756 -0.365460 0.635901
vn -0.620681 -0.074150 -0.780549
vn -0.620681 -0.074151 -0.780549
vn 0.106936 -0.099529 0.989272
vn 0.735940 0.288299 -0.612597
vn 0.735941 0.288300 -0.612596
vn -0.338208 -0.216604 0.915805
vn -0.344505 -0.216600 0.913455
vn 0.270455 -0.954665 -0.124378
vn 0.270455 -0.954665 -0.124377
vn -0.270415 0.954670 0.124423
vn -0.270450 0.954667 0.124369
vn -0.270449 0.954668 0.124366
vn 0.270464 -0.954660 -0.124389
vn 0.270454 -0.954665 -0.124377
vn -0.735936 -0.288298 0.612603
vn -0.735939 -0.288298 0.612599
vn 0.735938 0.288299 -0.612600
vn 0.735954 0.288301 -0.612580
vn -0.757719 -0.200007 0.621176
vn 0.270459 -0.954664 -0.124372
vn 0.297277 -0.838432 -0.456791
vn 0.611701 -0.616168 -0.496145
vn 0.529190 0.327193 -0.782881
vn 0.402115 0.375484 -0.835054
vn -0.437865 -0.898590 -0.028476
vn 0.162138 -0.615862 -0.770990
vn 0.657572 -0.545368 0.519781
vn 0.100830 -0.977764 0.183880
vn -0.198880 0.562015 0.802861
vn -0.858359 0.038631 0.511593
vn -0.201691 0.061958 -0.977488
vn -0.434379 0.721587 0.539098
vn -0.644304 0.560586 0.520208
vn 0.979921 0.164921 0.112055
vn 0.976532 0.184979 0.110305
vn 0.967667 0.246369 0.054059
vn -0.240816 0.944445 0.223675
vn -0.325456 0.903316 0.279461
vn -0.462313 0.851642 0.246928
vn -0.219154 0.955486 0.197528
vn 0.745591 0.336023 -0.575485
vn 0.745591 0.336023 -0.575485
vn -0.840119 0.502097 0.205181
vn -0.840111 0.502194 0.204975
vn -0.840119 0.502101 0.205171
vn -0.840119 0.502102 0.205169
vn -0.840119 0.502100 0.205173
vn -0.840122 0.502097 0.205167
vn -0.840119 0.502101 0.205171
vn 0.037511 0.431152 -0.901499
vn 0.037516 0.431149 -0.901500
vn 0.037518 0.431148 -0.901501
vn 0.037526 0.431155 -0.901497
vn 0.037515 0.431147 -0.901501
vn 0.037494 0.431144 -0.901504
vn -0.037518 -0.431148 0.901501
vn -0.037516 -0.431149 0.901500
vn -0.541106 -0.749668 -0.381054
vn -0.541104 -0.749670 -0.381052
vn -0.541103 -0.749672 -0.381050
vn -0.541103 -0.749672 -0.381051
vn 0.429882 -0.062380 -0.900728
vn -0.085358 -0.996125 0.021172
vn -0.063045 -0.996064 0.062311
vn -0.085411 -0.996122 0.021133
vn -0.084955 -0.996174 0.020481
vn -0.085422 -0.996121 0.021128
vn -0.872486 -0.074478 -0.482929
vn -0.872442 -0.074484 -0.483009
vn -0.872495 -0.074250 -0.482948
vn -0.848844 -0.053591 -0.525920
vn 0.442846 -0.607755 -0.659183
vn 0.442358 -0.607740 -0.659524
vn 0.442340 -0.607764 -0.659513
vn 0.840119 -0.502101 -0.205171
vn 0.840119 -0.502101 -0.205171
vn 0.541104 0.749671 0.381053
vn 0.541104 0.749671 0.381052
vn -0.741310 -0.474251 0.474917
vn -0.741305 -0.474207 0.474968
vn -0.547333 -0.045368 -0.835684
vn -0.776578 -0.371997 0.508472
vn -0.275391 0.825050 0.493409
vn -0.275382 0.825055 0.493405
vn -0.146332 0.893529 0.424491
vn 0.806819 -0.382054 -0.450642
vn 0.800070 0.002715 -0.599901
vn 0.863598 -0.167446 0.475564
vn -0.325188 0.826650 0.459242
vn -0.171771 0.886175 0.430335
vn -0.702272 0.632437 -0.326860
vn -0.167733 0.889755 0.424502
vn -0.275384 0.825054 0.493406
vn 0.317529 -0.792532 -0.520643
vn 0.461984 -0.384645 -0.799136
vn -0.317684 0.284582 -0.904483
vn -0.780470 -0.367620 0.505690
vn -0.758907 -0.464489 0.456410
vn -0.735300 -0.364089 0.571641
vn -0.741330 -0.474137 0.474998
vn -0.741332 -0.474128 0.475004
vn -0.741314 -0.474245 0.474916
vn -0.741333 -0.474129 0.475002
vn 0.547760 0.045571 0.835393
vn 0.547508 0.045481 0.835564
vn -0.744330 -0.138949 -0.653197
vn -0.908046 -0.219740 -0.356604
vn -0.742165 -0.474119 0.473711
vn -0.749975 -0.140049 -0.646470
vn -0.600138 -0.251392 0.759366
vn -0.782969 -0.290576 0.550022
vn -0.740930 -0.475359 0.474401
vn -0.599984 -0.251352 0.759501
vn -0.782907 -0.290722 0.550034
vn 0.317685 -0.284582 0.904483
vn -0.934865 -0.285808 0.210572
vn 0.754661 -0.647793 0.104171
vn -0.846504 -0.360841 -0.391439
vn -0.846504 -0.360841 -0.391439
vn -0.797356 -0.376185 -0.471921
vn -0.797349 -0.376187 -0.471930
vn -0.797349 -0.376187 -0.471930
vn 0.973123 0.198353 -0.116994
vn -0.044379 0.530224 -0.846695
vn 0.000935 0.621219 0.783636
vn -0.044378 0.530224 -0.846695
vn 0.047839 0.571025 0.819538
vn 0.021652 0.580082 0.814270
vn 0.428223 -0.062511 -0.901508
vn 0.428226 -0.062513 -0.901507
vn -0.874605 -0.074226 -0.479121
vn -0.874605 -0.074226 -0.479120
vn 0.000935 0.621219 0.783636
vn 0.000934 0.621219 0.783636
vn -0.739065 0.042159 0.672313
vn -0.739065 0.042159 0.672314
vn -0.739093 0.042145 0.672284
vn -0.739063 0.042159 0.672315
vn -0.998906 -0.036058 0.029778
vn -0.000936 -0.621220 -0.783636
vn 0.546685 -0.830062 0.110150
vn 0.546691 -0.830059 0.110141
vn 0.546690 -0.830059 0.110141
vn 0.546690 -0.830060 0.110140
vn 0.991396 0.025320 -0.128425
vn 0.479779 0.874568 -0.070305
vn -0.042659 0.441690 -0.896153
vn -0.998906 -0.036057 0.029776
vn 0.547720 0.045552 0.835421
vn -0.783540 -0.290618 0.549186
vn -0.025797 -0.106233 -0.994007
vn -0.025797 -0.106233 -0.994007
vn -0.927155 -0.293072 0.233438
vn -0.927155 -0.293072 0.233437
vn -0.927155 -0.293071 0.233438
vn -0.927156 -0.293067 0.233440
vn -0.198646 0.912755 0.356956
vn -0.198653 0.912753 0.356957
vn -0.198647 0.912755 0.356956
vn 0.317683 -0.284580 0.904484
vn -0.198647 0.912755 0.356956
vn -0.317685 0.284581 -0.904483
vn -0.198648 0.912755 0.356956
vn -0.198642 0.912757 0.356954
vn 0.689905 -0.585004 -0.426382
vn 0.689906 -0.585004 -0.426381
vn 0.689905 -0.585004 -0.426381
vn 0.689904 -0.585006 -0.426381
vn 0.689901 -0.585009 -0.426381
vn 0.689905 -0.585004 -0.426381
vn 0.547764 0.045575 0.835391
vn 0.547763 0.045574 0.835392
vn -0.782905 -0.290570 0.550116
vn -0.782905 -0.290569 0.550118
vn 0.428220 -0.062511 -0.901510
vn -0.874601 -0.074234 -0.479126
vn -0.874608 -0.074228 -0.479114
vn -0.874604 -0.074227 -0.479122
vn -0.874605 -0.074227 -0.479121
vn -0.046802 0.995861 -0.077907
vn -0.870950 -0.464697 0.159698
vn -0.870950 -0.464697 0.159698
vn -0.870950 -0.464697 0.159698
vn -0.471929 0.881555 -0.012011
vn -0.472302 0.881366 -0.011170
vn -0.870951 -0.464696 0.159697
vn -0.870950 -0.464697 0.159697
vn -0.472303 0.881365 -0.011170
vn -0.472303 0.881365 -0.011170
vn -0.135560 -0.085156 -0.987103
vn -0.135561 -0.085155 -0.987103
vn -0.135562 -0.085155 -0.987103
vn -0.135562 -0.085156 -0.987103
vn -0.472304 0.881365 -0.011171
vn -0.075653 0.934474 -0.347902
vn -0.812650 -0.202780 -0.546334
vn -0.812649 -0.202801 -0.546327
vn -0.812649 -0.202800 -0.546327
vn 0.564721 -0.268506 -0.780381
vn 0.578812 -0.254499 -0.774730
vn 0.870950 0.464697 -0.159698
vn 0.870950 0.464697 -0.159698
vn 0.135562 0.085155 0.987103
vn 0.135562 0.085155 0.987103
vn 0.472303 -0.881365 0.011170
vn 0.472303 -0.881365 0.011170
vn 0.317685 -0.284583 0.904483
vn -0.870950 -0.464696 0.159698
vn -0.870950 -0.464695 0.159698
vn -0.317734 0.284578 -0.904467
vn -0.317679 0.284583 -0.904485
vn -0.317674 0.284590 -0.904484
vn -0.317745 0.284481 -0.904494
vn -0.317684 0.284581 -0.904483
vn -0.317683 0.284578 -0.904485
vn -0.317686 0.284599 -0.904477
vn 0.019139 0.955629 0.293952
vn 0.019140 0.955629 0.293951
vn -0.075643 0.934489 -0.347862
vn -0.812669 -0.202783 -0.546305
vn 0.578769 -0.254525 -0.774754
vn 0.564452 -0.267726 -0.780844
vn 0.374863 -0.838493 -0.395484
vn 0.374863 -0.838493 -0.395484
vn 0.315316 0.540326 -0.780143
vn 0.524882 0.845068 0.101777
vn 0.975242 -0.051067 0.215163
vn -0.876638 0.338952 -0.341493
vn 0.269225 -0.824653 -0.497459
vn -0.685023 0.105631 0.720823
vn -0.544305 -0.231137 0.806417
vn -0.220613 -0.553227 0.803287
vn 0.532189 -0.712541 -0.457232
vn 0.562336 -0.741823 -0.365344
vn 0.125542 0.515335 -0.847743
vn -0.370105 0.923996 -0.096195
vn 0.363928 -0.190524 0.911733
vn 0.567597 -0.362323 -0.739294
vn -0.439622 -0.683683 -0.582503
vn -0.975242 0.051068 -0.215163
vn -0.206943 -0.553999 0.806387
vn -0.206921 -0.553998 0.806393
vn -0.811707 -0.362928 -0.457619
vn -0.811707 -0.362928 -0.457619
vn -0.945698 -0.288875 -0.149022
vn -0.263678 0.471754 0.841381
vn -0.025053 0.406669 0.913232
vn -0.657572 0.545368 -0.519781
vn -0.172649 -0.978789 -0.110295
vn 0.178259 -0.464298 -0.867555
vn 0.382325 0.162129 0.909693
vn 0.934628 0.354614 -0.026842
vn -0.684452 0.517808 -0.513226
vn -0.690741 0.485559 -0.535826
vn 0.002059 -0.711672 -0.702509
vn 0.002058 -0.711671 -0.702510
vn 0.989091 0.104925 -0.103392
vn -0.989091 -0.104925 0.103392
vn -0.989091 -0.104925 0.103392
vn 0.147293 -0.694632 0.704125
vn 0.147291 -0.694632 0.704125
vn 0.989091 0.104925 -0.103392
vn -0.989091 -0.104926 0.103392
vn -0.989091 -0.104925 0.103392
vn 0.175208 -0.532217 -0.828279
vn 0.175207 -0.532220 -0.828278
vn 0.190418 -0.841331 0.505868
vn 0.190418 -0.841330 0.505870
vn -0.147293 0.694631 -0.704125
vn -0.147293 0.694631 -0.704125
vn 0.989091 0.104925 -0.103392
vn 0.989091 0.104925 -0.103391
vn -0.002060 0.711674 0.702507
vn -0.002060 0.711674 0.702507
vn 0.863597 -0.167449 0.475565
vn 0.863596 -0.167451 0.475564
vn 0.375048 -0.416986 -0.827926
vn 0.375066 -0.416984 -0.827919
vn -0.863597 0.167448 -0.475564
vn 0.375065 -0.416986 -0.827918
vn 0.375054 -0.417004 -0.827914
vn 0.375066 -0.416985 -0.827919
vn 0.863597 -0.167450 0.475563
vn -0.202007 0.749281 0.630691
vn -0.202021 0.749284 0.630683
vn -0.202021 0.749284 0.630683
vn -0.202021 0.749285 0.630683
vn -0.202025 0.749278 0.630689
vn 0.958915 0.219375 0.179881
vn 0.958944 0.219216 0.179916
vn 0.171267 -0.862324 0.476513
vn 0.171777 -0.862077 0.476777
vn -0.336937 -0.893355 0.297306
vn -0.336937 -0.893355 0.297306
vn 0.269225 -0.824651 -0.497462
vn -0.479803 -0.562713 0.673159
vn -0.479801 -0.562715 0.673159
vn -0.479796 -0.562715 0.673163
vn -0.479800 -0.562715 0.673160
vn -0.269225 0.824652 0.497459
vn -0.835051 0.057451 -0.547165
vn -0.835050 0.057451 -0.547166
vn 0.959823 0.272177 0.068260
vn 0.959823 0.272177 0.068260
vn 0.959823 0.272176 0.068260
vn 0.959823 0.272178 0.068260
vn 0.174944 -0.529816 -0.829873
vn 0.174722 -0.530017 -0.829791
vn 0.984547 0.130621 0.116646
vn 0.984547 0.130621 0.116646
vn 0.191206 -0.843651 0.501690
vn 0.190486 -0.843707 0.501870
vn 0.269225 -0.824653 -0.497460
vn 0.269225 -0.824653 -0.497460
vn 0.201698 -0.061962 0.977486
vn 0.201682 -0.061959 0.977489
vn -0.503514 -0.862585 0.049205
vn -0.503510 -0.862587 0.049215
vn -0.201690 0.061958 -0.977488
vn -0.503509 -0.862587 0.049215
vn -0.503534 -0.862572 0.049220
vn -0.503507 -0.862588 0.049215
vn 0.201691 -0.061960 0.977488
vn 0.806033 0.577496 -0.129650
vn 0.806022 0.577500 -0.129705
vn 0.806020 0.577502 -0.129704
vn 0.806022 0.577499 -0.129705
vn 0.806029 0.577489 -0.129707
vn 0.443972 -0.443138 0.778792
vn 0.443967 -0.443128 0.778801
vn -0.753518 0.285158 0.592365
vn -0.753489 0.285151 0.592405
vn -0.840119 0.502101 0.205172
vn -0.840119 0.502101 0.205172
vn -0.000935 -0.621217 -0.783638
vn -0.927154 -0.293074 0.233438
vn -0.927154 -0.293073 0.233437
vn 0.374677 -0.726770 0.575693
vn 0.374680 -0.726770 0.575692
vn 0.374684 -0.726768 0.575691
vn 0.374679 -0.726770 0.575692
vn 0.000936 0.621217 0.783638
vn 0.000934 0.621226 0.783631
vn 0.374681 -0.726774 0.575685
vn 0.042561 0.782903 -0.620687
vn 0.042564 0.782902 -0.620688
vn 0.042570 0.782901 -0.620688
vn 0.042562 0.782902 -0.620688
vn 0.546398 0.045201 0.836305
vn 0.546267 0.045022 0.836401
vn -0.785346 -0.290414 0.546709
vn -0.785101 -0.290768 0.546874
vn -0.600111 -0.251398 0.759385
vn -0.784937 -0.291103 0.546930
vn 0.042654 -0.441693 0.896152
vn -0.866636 0.429944 0.253161
vn -0.866635 0.429945 0.253161
vn -0.042637 0.441681 -0.896159
vn -0.042664 0.441691 -0.896152
vn -0.042651 0.441700 -0.896148
vn -0.042658 0.441689 -0.896154
vn 0.497118 0.787435 0.364444
vn 0.497118 0.787435 0.364444
vn -0.093942 -0.894768 -0.436537
vn -0.093977 -0.894766 -0.436535
vn -0.093942 -0.894768 -0.436537
vn 0.430205 -0.062360 -0.900575
vn -0.873074 -0.074411 -0.481877
vn -0.093942 -0.894768 -0.436537
vn -0.093942 -0.894768 -0.436537
vn 0.201687 -0.061960 0.977488
vn 0.201692 -0.061955 0.977488
vn -0.483749 0.861476 0.154421
vn -0.483749 0.861477 0.154420
vn -0.483750 0.861476 0.154420
vn -0.201691 0.061958 -0.977488
vn -0.483752 0.861474 0.154420
vn -0.426448 -0.903991 0.030691
vn -0.426449 -0.903991 0.030691
vn -0.426450 -0.903991 0.030687
vn -0.426450 -0.903990 0.030691
vn 0.443971 -0.443130 0.778797
vn -0.753488 0.285149 0.592407
vn -0.753487 0.285143 0.592411
vn 0.851651 0.504003 -0.143778
vn 0.851651 0.504003 -0.143778
vn 0.439622 0.683682 0.582505
vn -0.206921 -0.553998 0.806393
vn -0.206923 -0.553997 0.806393
vn -0.439622 -0.683684 -0.582502
vn -0.439606 -0.683692 -0.582505
vn -0.439623 -0.683682 -0.582504
vn -0.206918 -0.553998 0.806394
vn -0.874023 0.475040 0.102083
vn -0.874023 0.475040 0.102082
vn 0.836983 -0.076537 -0.541851
vn 0.836982 -0.076535 -0.541852
vn 0.836982 -0.076535 -0.541852
vn 0.836983 -0.076536 -0.541850
vn 0.174936 -0.529944 -0.829793
vn 0.174772 -0.530258 -0.829627
vn 0.191020 -0.843095 0.502695
vn -0.425396 -0.856367 0.292702
vn -0.425395 -0.856367 0.292702
vn 0.902154 -0.426925 0.062071
vn 0.902154 -0.426925 0.062072
vn -0.071803 -0.290468 -0.954187
vn -0.071803 -0.290469 -0.954187
vn -0.902154 0.426926 -0.062072
vn -0.902154 0.426925 -0.062072
vn 0.425395 0.856367 -0.292702
vn 0.425395 0.856367 -0.292702
vn 0.071803 0.290469 0.954187
vn 0.071803 0.290469 0.954187
vn 0.064224 0.283362 -0.956860
vn 0.064224 0.283362 -0.956860
vn -0.969886 0.243460 0.006997
vn -0.969886 0.243460 0.006997
vn -0.064224 -0.283362 0.956860
vn -0.064224 -0.283362 0.956860
vn 0.234940 0.927596 0.290463
vn 0.234940 0.927596 0.290463
vn 0.969886 -0.243460 -0.006997
vn 0.969886 -0.243460 -0.006997
vn -0.234940 -0.927596 -0.290463
vn -0.234940 -0.927596 -0.290463
vn 0.483748 -0.861476 -0.154424
vn 0.483749 -0.861477 -0.154419
vn -0.169505 0.080877 -0.982205
vn -0.169505 0.080877 -0.982205
vn -0.483748 0.861477 0.154419
vn -0.483748 0.861476 0.154424
vn 0.169505 -0.080877 0.982205
vn 0.169505 -0.080877 0.982205
vn 0.858636 0.501315 -0.106898
vn 0.858636 0.501315 -0.106898
vn -0.858635 -0.501316 0.106901
vn -0.858635 -0.501316 0.106901
vn 0.185789 -0.551232 -0.813404
vn 0.185785 -0.551233 -0.813404
vn 0.932986 0.358664 -0.029962
vn 0.932986 0.358663 -0.029963
vn -0.185785 0.551234 0.813404
vn -0.185789 0.551232 0.813404
vn -0.932986 -0.358664 0.029963
vn -0.932986 -0.358663 0.029962
vn -0.308254 0.753326 -0.580929
vn -0.308254 0.753326 -0.580929
vn 0.308252 -0.753329 0.580927
vn 0.308252 -0.753329 0.580927
vn 0.218085 0.061044 -0.974019
vn 0.218085 0.061044 -0.974019
vn 0.975895 -0.021896 0.217138
vn 0.975895 -0.021896 0.217138
vn -0.218085 -0.061044 0.974019
vn -0.218085 -0.061044 0.974019
vn 0.008073 0.997895 0.064348
vn 0.008073 0.997895 0.064348
vn -0.975895 0.021896 -0.217138
vn -0.975895 0.021896 -0.217138
vn -0.008073 -0.997895 -0.064348
vn -0.008073 -0.997895 -0.064348
vn -0.185245 -0.273227 0.943944
vn -0.185250 -0.273231 0.943943
vn -0.252198 0.941616 0.223058
vn -0.252194 0.941617 0.223059
vn -0.252197 0.941616 0.223058
vn 0.185248 0.273227 -0.943944
vn -0.638688 -0.696545 -0.326959
vn -0.638689 -0.696544 -0.326959
vn -0.638688 -0.696545 -0.326959
vn -0.753490 0.285151 0.592403
vn 0.949778 0.196739 0.243342
vn 0.949778 0.196739 0.243342
vn 0.866634 -0.429946 -0.253164
vn 0.866633 -0.429947 -0.253164
vn 0.866633 -0.429947 -0.253164
vn -0.502259 0.470166 -0.725727
vn -0.502256 0.470168 -0.725728
vn -0.502257 0.470169 -0.725726
vn 0.483700 0.848437 0.214917
vn -0.483700 -0.848437 -0.214917
vn -0.716774 0.243090 0.653562
vn -0.716774 0.243090 0.653562
vn -0.425395 -0.856367 0.292702
vn -0.663710 0.075331 -0.744187
vn -0.663710 0.075330 -0.744187
vn 0.425395 0.856367 -0.292702
vn 0.866850 -0.292634 0.403654
vn 0.866849 -0.292635 0.403655
vn -0.902154 0.426925 -0.062072
vn -0.902154 0.426925 -0.062071
vn -0.185246 -0.273223 0.943945
vn -0.855377 -0.428025 -0.291762
vn 0.185246 0.273223 -0.943945
vn -0.855377 -0.428025 -0.291762
vn 0.978883 0.033179 0.201711
vn 0.978883 0.033178 0.201711
vn -0.483747 0.861477 0.154420
vn -0.483747 0.861477 0.154420
vn 0.967667 0.246369 0.054060
vn -0.252197 0.941617 0.223055
vn -0.252197 0.941617 0.223056
vn -0.967667 -0.246369 -0.054059
vn 0.146515 -0.723498 0.674599
vn 0.146515 -0.723498 0.674599
vn -0.004051 0.229482 -0.973305
vn -0.004051 0.229482 -0.973305
vn -0.657572 0.545368 -0.519782
vn -0.185785 0.551233 0.813404
vn -0.185786 0.551233 0.813404
vn 0.657572 -0.545368 0.519781
vn 0.730124 0.631441 -0.261152
vn 0.730124 0.631441 -0.261152
vn -0.495570 -0.832763 -0.246812
vn -0.495571 -0.832763 -0.246811
vn 0.967667 0.246369 0.054059
vn -0.185787 0.551233 0.813404
vn -0.185786 0.551229 0.813406
vn -0.967668 -0.246368 -0.054060
vn -0.078427 0.497597 -0.863855
vn -0.078427 0.497596 -0.863856
vn 0.170597 -0.797148 0.579182
vn 0.170597 -0.797148 0.579182
vn -0.269224 0.824653 0.497460
vn 0.940586 0.114166 0.319788
vn 0.940586 0.114166 0.319788
vn 0.269224 -0.824652 -0.497461
vn -0.770654 0.125314 -0.624811
vn -0.770654 0.125314 -0.624811
vn -0.206920 -0.553999 0.806393
vn -0.206919 -0.553999 0.806393
vn 0.975242 -0.051068 0.215164
vn 0.078020 -0.830949 -0.550851
vn -0.975242 0.051067 -0.215163
vn 0.078020 -0.830949 -0.550850
vn -0.206920 -0.554000 0.806392
vn -0.206920 -0.554000 0.806392
vn 0.053248 0.998572 -0.004348
vn 0.053248 0.998572 -0.004348
vn 0.975242 -0.051066 0.215163
vn -0.218089 -0.061038 0.974018
vn -0.218089 -0.061038 0.974018
vn -0.975242 0.051066 -0.215163
vn 0.036606 0.996828 0.070671
vn 0.036606 0.996828 0.070671
vn 0.056921 -0.882219 -0.467387
vn 0.056921 -0.882219 -0.467385
vn 0.945698 0.288875 0.149022
vn -0.275334 0.468236 0.839611
vn -0.275334 0.468236 0.839611
vn -0.945698 -0.288874 -0.149022
vn -0.172765 0.835047 -0.522349
vn -0.172765 0.835047 -0.522349
vn 0.298539 -0.953256 -0.046669
vn 0.298539 -0.953256 -0.046669
vn 0.945697 0.288875 0.149023
vn 0.318641 -0.914470 -0.249423
vn -0.945697 -0.288875 -0.149024
vn 0.318641 -0.914471 -0.249423
vn -0.263503 0.949759 -0.168888
vn -0.263503 0.949760 -0.168888
vn -0.064226 -0.283360 0.956861
vn -0.064226 -0.283360 0.956861
vn -0.479802 -0.562715 0.673159
vn 0.835050 -0.057452 0.547166
vn 0.835050 -0.057452 0.547166
vn 0.479802 0.562715 -0.673159
vn -0.779060 0.626138 -0.031876
vn -0.779060 0.626138 -0.031876
vn 0.154888 -0.809514 -0.566300
vn 0.154888 -0.809514 -0.566300
f 1//1 2//1 3//1
f 2//2 4//2 3//2
f 5//3 6//3 7//3
f 5//4 7//4 8//4
f 9//5 5//5 8//5
f 8//6 10//6 9//6
f 8//7 11//7 10//7
f 12//8 1//8 13//8
f 14//9 12//9 13//9
f 14//10 13//10 15//10
f 15//11 16//11 17//11
f 15//12 17//12 14//12
f 18//13 19//13 20//13
f 18//14 20//14 21//14
f 22//15 23//15 20//15
f 19//16 22//16 20//16
f 23//17 22//17 24//17
f 25//18 23//18 24//18
f 26//19 25//19 24//19
f 27//20 24//20 22//20
f 16//21 18//21 21//21
f 16//22 21//22 17//22
f 28//23 17//23 21//23
f 27//24 19//24 18//24
f 27//25 22//25 19//25
f 26//26 24//26 29//26
f 11//27 30//27 10//27
f 11//28 31//28 30//28
f 32//29 33//29 30//29
f 31//30 32//30 30//30
f 34//31 35//31 36//31
f 34//32 36//32 37//32
f 35//33 34//33 38//33
f 37//34 39//34 34//34
f 37//35 36//35 39//35
f 35//36 38//36 40//36
f 34//37 41//37 38//37
f 35//38 40//38 42//38
f 43//39 44//39 35//39
f 35//40 45//40 43//40
f 43//41 46//41 44//41
f 45//42 35//42 42//42
f 45//43 47//43 43//43
f 46//44 43//44 48//44
f 49//45 44//45 46//45
f 50//46 45//46 42//46
f 51//47 52//47 53//47
f 52//48 54//48 53//48
f 55//49 56//49 57//49
f 58//50 55//50 57//50
f 58//51 57//51 59//51
f 60//52 61//52 58//52
f 59//53 60//53 58//53
f 56//54 62//54 57//54
f 63//55 64//55 65//55
f 63//56 65//56 61//56
f 63//57 66//57 64//57
f 67//58 68//58 69//58
f 70//59 68//59 67//59
f 67//60 69//60 71//60
f 72//61 51//61 73//61
f 74//62 72//62 73//62
f 74//63 73//63 75//63
f 75//64 76//64 77//64
f 75//65 77//65 74//65
f 76//66 78//66 79//66
f 76//67 79//67 77//67
f 78//68 80//68 81//68
f 78//69 81//69 79//69
f 80//70 82//70 83//70
f 80//71 83//71 81//71
f 84//72 83//72 82//72
f 84//73 82//73 85//73
f 86//74 84//74 85//74
f 87//75 76//75 75//75
f 57//76 78//76 76//76
f 62//77 80//77 78//77
f 88//78 82//78 80//78
f 89//79 85//79 82//79
f 88//80 89//80 82//80
f 90//81 86//81 91//81
f 90//82 91//82 92//82
f 93//83 68//83 94//83
f 94//84 68//84 90//84
f 95//85 93//85 94//85
f 96//86 95//86 94//86
f 97//87 98//87 64//87
f 66//88 97//88 64//88
f 98//89 97//89 99//89
f 100//90 98//90 99//90
f 101//91 100//91 99//91
f 101//92 99//92 71//92
f 102//93 101//93 71//93
f 102//94 71//94 103//94
f 104//95 105//95 106//95
f 107//96 106//96 108//96
f 107//97 104//97 106//97
f 104//98 109//98 105//98
f 105//99 68//99 106//99
f 102//100 103//100 107//100
f 108//101 102//101 107//101
f 107//102 96//102 104//102
f 104//103 92//103 109//103
f 109//104 110//104 105//104
f 69//105 107//105 103//105
f 95//106 111//106 112//106
f 96//107 111//107 95//107
f 69//108 96//108 107//108
f 69//109 111//109 96//109
f 104//110 96//110 92//110
f 109//111 92//111 91//111
f 109//112 113//112 110//112
f 113//113 89//113 114//113
f 113//114 114//114 110//114
f 115//115 114//115 89//115
f 115//116 89//116 88//116
f 56//117 115//117 88//117
f 69//118 103//118 71//118
f 116//119 111//119 69//119
f 112//120 111//120 117//120
f 112//121 118//121 93//121
f 95//122 112//122 93//122
f 90//123 92//123 96//123
f 109//124 91//124 113//124
f 86//125 85//125 91//125
f 94//126 90//126 96//126
f 67//127 119//127 70//127
f 68//128 120//128 69//128
f 67//129 97//129 66//129
f 67//130 99//130 97//130
f 113//131 85//131 89//131
f 56//132 88//132 62//132
f 76//133 59//133 57//133
f 60//134 63//134 61//134
f 67//135 71//135 99//135
f 120//136 116//136 69//136
f 44//137 111//137 116//137
f 117//138 111//138 87//138
f 121//139 122//139 87//139
f 121//140 87//140 111//140
f 117//141 123//141 118//141
f 112//142 117//142 118//142
f 113//143 91//143 85//143
f 124//144 125//144 123//144
f 117//145 124//145 123//145
f 125//146 124//146 54//146
f 52//147 125//147 54//147
f 54//148 124//148 87//148
f 51//149 53//149 73//149
f 119//150 126//150 70//150
f 70//151 126//151 122//151
f 122//152 126//152 127//152
f 122//153 128//153 87//153
f 111//154 129//154 121//154
f 87//155 75//155 73//155
f 57//156 62//156 78//156
f 62//157 88//157 80//157
f 67//158 87//158 119//158
f 120//159 68//159 130//159
f 130//160 68//160 131//160
f 68//161 121//161 131//161
f 36//162 116//162 120//162
f 111//163 44//163 129//163
f 117//164 87//164 124//164
f 131//165 121//165 132//165
f 131//166 120//166 130//166
f 53//167 54//167 87//167
f 73//168 53//168 87//168
f 119//169 127//169 126//169
f 127//170 128//170 122//170
f 128//171 133//171 87//171
f 121//172 129//172 132//172
f 119//173 87//173 134//173
f 36//174 120//174 50//174
f 44//175 135//175 129//175
f 132//176 50//176 131//176
f 50//177 120//177 131//177
f 119//178 134//178 127//178
f 127//179 133//179 128//179
f 134//180 133//180 127//180
f 134//181 87//181 133//181
f 129//182 135//182 132//182
f 136//183 36//183 50//183
f 137//184 135//184 44//184
f 50//185 132//185 135//185
f 50//186 42//186 136//186
f 36//187 136//187 138//187
f 137//188 44//188 139//188
f 140//189 135//189 137//189
f 141//190 50//190 135//190
f 42//191 142//191 136//191
f 36//192 138//192 143//192
f 142//193 138//193 136//193
f 45//194 144//194 47//194
f 43//195 47//195 145//195
f 146//196 46//196 48//196
f 147//197 48//197 43//197
f 148//198 44//198 49//198
f 146//199 49//199 46//199
f 139//200 44//200 148//200
f 137//201 139//201 149//201
f 150//202 140//202 137//202
f 45//203 135//203 140//203
f 141//204 135//204 151//204
f 45//205 50//205 141//205
f 42//206 40//206 142//206
f 152//207 36//207 143//207
f 143//208 138//208 153//208
f 154//209 138//209 142//209
f 39//210 41//210 34//210
f 39//211 36//211 152//211
f 40//212 38//212 155//212
f 41//213 156//213 38//213
f 45//214 140//214 144//214
f 47//215 144//215 157//215
f 145//216 47//216 157//216
f 43//217 145//217 147//217
f 146//218 48//218 158//218
f 146//219 158//219 150//219
f 159//220 48//220 147//220
f 148//221 49//221 160//221
f 146//222 161//222 49//222
f 162//223 139//223 148//223
f 163//224 149//224 139//224
f 149//225 164//225 137//225
f 150//226 137//226 165//226
f 140//227 150//227 166//227
f 45//228 167//228 135//228
f 151//229 168//229 141//229
f 151//230 135//230 169//230
f 168//231 45//231 141//231
f 40//232 155//232 142//232
f 152//233 143//233 170//233
f 153//234 138//234 171//234
f 143//235 153//235 170//235
f 154//236 142//236 172//236
f 171//237 138//237 154//237
f 39//238 170//238 41//238
f 39//239 152//239 170//239
f 155//240 38//240 156//240
f 170//241 156//241 41//241
f 140//242 166//242 144//242
f 144//243 173//243 157//243
f 157//244 147//244 145//244
f 158//245 48//245 174//245
f 166//246 150//246 158//246
f 150//247 175//247 146//247
f 159//248 147//248 176//248
f 159//249 177//249 48//249
f 160//250 49//250 178//250
f 162//251 148//251 160//251
f 146//252 179//252 161//252
f 161//253 180//253 49//253
f 163//254 139//254 162//254
f 149//255 163//255 162//255
f 164//256 149//256 162//256
f 164//257 181//257 137//257
f 150//258 165//258 182//258
f 183//259 165//259 137//259
f 184//260 167//260 45//260
f 167//261 185//261 135//261
f 186//262 168//262 151//262
f 135//263 187//263 169//263
f 169//264 186//264 151//264
f 45//265 168//265 188//265
f 142//266 155//266 189//266
f 153//267 171//267 170//267
f 142//268 190//268 172//268
f 172//269 190//269 154//269
f 170//270 171//270 154//270
f 155//271 156//271 191//271
f 170//272 191//272 156//272
f 144//273 166//273 192//273
f 157//274 173//274 193//274
f 192//275 173//275 144//275
f 157//276 194//276 147//276
f 158//277 174//277 195//277
f 174//278 48//278 196//278
f 166//279 158//279 197//279
f 150//280 198//280 175//280
f 146//281 175//281 199//281
f 200//282 176//282 147//282
f 179//283 159//283 176//283
f 201//284 177//284 159//284
f 202//285 48//285 177//285
f 160//286 178//286 203//286
f 178//287 49//287 204//287
f 162//288 160//288 205//288
f 206//289 179//289 146//289
f 179//290 176//290 200//290
f 161//291 179//291 200//291
f 161//292 207//292 180//292
f 180//293 207//293 49//293
f 164//294 162//294 208//294
f 164//295 183//295 181//295
f 183//296 137//296 181//296
f 150//297 182//297 209//297
f 182//298 165//298 210//298
f 183//299 205//299 165//299
f 211//300 184//300 45//300
f 167//301 184//301 212//301
f 185//302 213//302 135//302
f 167//303 214//303 185//303
f 186//304 212//304 168//304
f 215//305 169//305 187//305
f 187//306 135//306 216//306
f 217//307 186//307 169//307
f 212//308 188//308 168//308
f 45//309 188//309 211//309
f 142//310 189//310 190//310
f 189//311 155//311 191//311
f 190//312 218//312 154//312
f 170//313 154//313 219//313
f 170//314 219//314 191//314
f 166//315 197//315 192//315
f 157//316 193//316 220//316
f 193//317 173//317 221//317
f 192//318 221//318 173//318
f 194//319 197//319 147//319
f 192//320 194//320 157//320
f 158//321 195//321 222//321
f 174//322 175//322 195//322
f 196//323 48//323 223//323
f 196//324 224//324 174//324
f 197//325 158//325 225//325
f 150//326 209//326 198//326
f 195//327 175//327 198//327
f 222//328 195//328 198//328
f 174//329 199//329 175//329
f 146//330 199//330 224//330
f 226//331 200//331 147//331
f 179//332 206//332 159//332
f 206//333 201//333 159//333
f 177//334 201//334 227//334
f 202//335 177//335 227//335
f 223//336 48//336 202//336
f 228//337 160//337 203//337
f 178//338 229//338 203//338
f 230//339 204//339 49//339
f 229//340 178//340 204//340
f 231//341 229//341 204//341
f 160//342 232//342 205//342
f 208//343 162//343 205//343
f 201//344 206//344 146//344
f 226//345 161//345 200//345
f 226//346 207//346 161//346
f 207//347 230//347 49//347
f 208//348 205//348 164//348
f 183//349 164//349 205//349
f 182//350 233//350 234//350
f 182//351 234//351 209//351
f 205//352 210//352 165//352
f 210//353 233//353 182//353
f 184//354 211//354 188//354
f 186//355 167//355 212//355
f 212//356 184//356 188//356
f 235//357 135//357 213//357
f 236//358 213//358 185//358
f 167//359 237//359 214//359
f 185//360 214//360 238//360
f 239//361 169//361 215//361
f 215//362 187//362 240//362
f 216//363 135//363 235//363
f 187//364 216//364 241//364
f 186//365 217//365 242//365
f 243//366 217//366 169//366
f 218//367 190//367 189//367
f 219//368 189//368 191//368
f 219//369 154//369 218//369
f 194//370 192//370 197//370
f 220//371 193//371 244//371
f 244//372 157//372 220//372
f 193//373 221//373 244//373
f 221//374 192//374 244//374
f 147//375 197//375 245//375
f 244//376 192//376 157//376
f 158//377 222//377 234//377
f 196//378 246//378 224//378
f 223//379 246//379 196//379
f 174//380 224//380 199//380
f 225//381 158//381 247//381
f 245//382 197//382 225//382
f 198//383 234//383 222//383
f 198//384 209//384 234//384
f 224//385 246//385 146//385
f 248//386 226//386 147//386
f 227//387 201//387 146//387
f 202//388 227//388 246//388
f 202//389 246//389 223//389
f 249//390 160//390 228//390
f 203//391 250//391 228//391
f 203//392 229//392 251//392
f 204//393 230//393 231//393
f 229//394 231//394 147//394
f 232//395 160//395 252//395
f 205//396 232//396 210//396
f 248//397 207//397 226//397
f 253//398 207//398 248//398
f 253//399 230//399 207//399
f 158//400 234//400 233//400
f 254//401 233//401 210//401
f 186//402 242//402 167//402
f 213//403 236//403 235//403
f 236//404 185//404 255//404
f 167//405 187//405 237//405
f 214//406 237//406 256//406
f 214//407 255//407 238//407
f 255//408 185//408 238//408
f 243//409 169//409 239//409
f 239//410 215//410 257//410
f 215//411 240//411 258//411
f 187//412 259//412 240//412
f 235//413 260//413 216//413
f 216//414 260//414 241//414
f 187//415 241//415 261//415
f 217//416 243//416 242//416
f 219//417 218//417 189//417
f 147//418 245//418 250//418
f 247//419 158//419 262//419
f 225//420 247//420 263//420
f 225//421 263//421 264//421
f 249//422 245//422 225//422
f 246//423 227//423 146//423
f 253//424 248//424 147//424
f 228//425 250//425 249//425
f 264//426 160//426 249//426
f 203//427 251//427 250//427
f 251//428 229//428 147//428
f 230//429 253//429 231//429
f 231//430 253//430 147//430
f 252//431 160//431 265//431
f 252//432 254//432 232//432
f 210//433 232//433 254//433
f 158//434 233//434 266//434
f 254//435 266//435 233//435
f 167//436 242//436 267//436
f 236//437 260//437 235//437
f 27//438 236//438 255//438
f 268//439 236//439 27//439
f 187//440 261//440 237//440
f 187//441 167//441 269//441
f 260//442 256//442 237//442
f 256//443 255//443 214//443
f 239//444 270//444 243//444
f 215//445 271//445 257//445
f 257//446 272//446 239//446
f 258//447 240//447 273//447
f 215//448 258//448 274//448
f 187//449 275//449 259//449
f 259//450 276//450 240//450
f 241//451 260//451 261//451
f 242//452 243//452 275//452
f 249//453 250//453 245//453
f 147//454 250//454 251//454
f 158//455 277//455 262//455
f 265//456 247//456 262//456
f 265//457 263//457 247//457
f 263//458 160//458 264//458
f 249//459 225//459 264//459
f 265//460 160//460 263//460
f 252//461 265//461 277//461
f 254//462 252//462 266//462
f 158//463 266//463 277//463
f 167//464 267//464 278//464
f 267//465 242//465 187//465
f 27//466 279//466 268//466
f 260//467 237//467 261//467
f 167//468 278//468 269//468
f 269//469 280//469 187//469
f 260//470 281//470 282//470
f 260//471 282//471 256//471
f 283//472 256//472 31//472
f 255//473 256//473 283//473
f 239//474 284//474 270//474
f 285//475 243//475 270//475
f 271//476 215//476 286//476
f 287//477 257//477 271//477
f 272//478 284//478 239//478
f 272//479 257//479 288//479
f 273//480 240//480 276//480
f 258//481 273//481 276//481
f 289//482 215//482 274//482
f 274//483 258//483 290//483
f 275//484 291//484 259//484
f 242//485 275//485 187//485
f 259//486 292//486 276//486
f 243//487 293//487 275//487
f 265//488 262//488 277//488
f 252//489 277//489 266//489
f 294//490 278//490 267//490
f 295//491 267//491 187//491
f 281//492 268//492 279//492
f 27//493 296//493 279//493
f 297//494 269//494 278//494
f 280//495 269//495 298//495
f 280//496 295//496 187//496
f 299//497 282//497 281//497
f 300//498 282//498 301//498
f 256//499 282//499 300//499
f 255//500 283//500 302//500
f 303//501 26//501 304//501
f 303//502 304//502 305//502
f 306//503 303//503 305//503
f 302//504 307//504 306//504
f 305//505 302//505 306//505
f 283//506 308//506 307//506
f 302//507 283//507 307//507
f 256//508 32//508 31//508
f 283//509 31//509 309//509
f 284//510 310//510 270//510
f 285//511 270//511 310//511
f 311//512 243//512 285//512
f 286//513 215//513 312//513
f 271//514 286//514 313//514
f 287//515 314//515 315//515
f 287//516 271//516 314//516
f 316//517 257//517 287//517
f 284//518 272//518 317//518
f 257//519 316//519 288//519
f 272//520 288//520 317//520
f 276//521 290//521 258//521
f 289//522 291//522 215//522
f 274//523 290//523 289//523
f 275//524 318//524 291//524
f 259//525 291//525 289//525
f 292//526 259//526 289//526
f 319//527 276//527 292//527
f 320//528 276//528 319//528
f 293//529 243//529 321//529
f 275//530 293//530 322//530
f 278//531 294//531 323//531
f 267//532 324//532 294//532
f 295//533 325//533 267//533
f 26//534 29//534 304//534
f 255//535 305//535 304//535
f 255//536 302//536 305//536
f 309//537 326//537 308//537
f 283//538 309//538 308//538
f 32//539 327//539 33//539
f 281//540 279//540 328//540
f 255//541 304//541 29//541
f 329//542 296//542 27//542
f 296//543 329//543 279//543
f 297//544 278//544 330//544
f 297//545 298//545 269//545
f 331//546 280//546 298//546
f 295//547 280//547 331//547
f 299//548 281//548 332//548
f 282//549 299//549 333//549
f 256//550 300//550 334//550
f 335//551 327//551 334//551
f 335//552 334//552 300//552
f 336//553 335//553 300//553
f 301//554 282//554 337//554
f 336//555 300//555 301//555
f 338//556 336//556 301//556
f 256//557 334//557 32//557
f 309//558 31//558 11//558
f 284//559 317//559 310//559
f 311//560 285//560 310//560
f 311//561 316//561 243//561
f 312//562 215//562 339//562
f 312//563 340//563 286//563
f 313//564 286//564 341//564
f 342//565 271//565 313//565
f 314//566 271//566 343//566
f 315//567 314//567 344//567
f 287//568 315//568 345//568
f 346//569 316//569 287//569
f 288//570 316//570 347//570
f 317//571 288//571 347//571
f 290//572 276//572 348//572
f 215//573 291//573 349//573
f 290//574 350//574 289//574
f 275//575 351//575 318//575
f 351//576 291//576 318//576
f 292//577 289//577 350//577
f 276//578 320//578 352//578
f 292//579 353//579 319//579
f 320//580 319//580 354//580
f 293//581 321//581 355//581
f 243//582 316//582 321//582
f 322//583 293//583 212//583
f 356//584 322//584 346//584
f 357//585 322//585 356//585
f 358//586 356//586 346//586
f 275//587 359//587 358//587
f 275//588 358//588 346//588
f 275//589 322//589 359//589
f 359//590 322//590 357//590
f 330//591 278//591 323//591
f 323//592 294//592 324//592
f 324//593 267//593 325//593
f 325//594 295//594 331//594
f 309//595 360//595 361//595
f 309//596 361//596 326//596
f 32//597 334//597 327//597
f 338//598 301//598 337//598
f 362//599 338//599 337//599
f 362//600 337//600 363//600
f 363//601 364//601 365//601
f 363//602 365//602 362//602
f 364//603 366//603 28//603
f 364//604 28//604 365//604
f 337//605 282//605 363//605
f 364//606 363//606 282//606
f 366//607 364//607 282//607
f 366//608 367//608 368//608
f 366//609 368//609 28//609
f 369//610 370//610 368//610
f 367//611 369//611 368//611
f 370//612 369//612 371//612
f 372//613 370//613 371//613
f 6//614 372//614 371//614
f 2//615 361//615 360//615
f 2//616 360//616 4//616
f 279//617 333//617 328//617
f 332//618 281//618 328//618
f 16//619 27//619 18//619
f 27//620 333//620 329//620
f 279//621 329//621 333//621
f 373//622 297//622 330//622
f 374//623 298//623 297//623
f 298//624 325//624 331//624
f 333//625 299//625 332//625
f 333//626 332//626 328//626
f 27//627 282//627 333//627
f 309//628 11//628 360//628
f 310//629 317//629 311//629
f 347//630 316//630 311//630
f 349//631 339//631 215//631
f 339//632 375//632 312//632
f 340//633 376//633 286//633
f 312//634 377//634 340//634
f 378//635 313//635 341//635
f 379//636 341//636 286//636
f 313//637 378//637 342//637
f 378//638 271//638 342//638
f 343//639 271//639 378//639
f 314//640 343//640 380//640
f 381//641 344//641 314//641
f 315//642 344//642 382//642
f 345//643 315//643 382//643
f 287//644 345//644 275//644
f 346//645 287//645 383//645
f 321//646 316//646 346//646
f 347//647 311//647 317//647
f 348//648 276//648 384//648
f 290//649 348//649 385//649
f 291//650 339//650 349//650
f 290//651 386//651 387//651
f 290//652 387//652 350//652
f 388//653 351//653 275//653
f 389//654 291//654 351//654
f 292//655 350//655 390//655
f 352//656 320//656 391//656
f 276//657 352//657 392//657
f 292//658 393//658 353//658
f 319//659 353//659 394//659
f 354//660 319//660 395//660
f 386//661 320//661 354//661
f 355//662 321//662 396//662
f 293//663 355//663 397//663
f 212//664 293//664 398//664
f 322//665 212//665 399//665
f 275//666 346//666 400//666
f 322//667 401//667 346//667
f 356//668 402//668 403//668
f 357//669 356//669 403//669
f 404//670 356//670 405//670
f 406//671 405//671 356//671
f 407//672 356//672 404//672
f 408//673 406//673 356//673
f 409//674 356//674 407//674
f 410//675 408//675 356//675
f 411//676 356//676 409//676
f 412//677 410//677 356//677
f 413//678 356//678 411//678
f 414//679 412//679 356//679
f 415//680 356//680 413//680
f 416//681 414//681 356//681
f 417//682 356//682 415//682
f 418//683 416//683 356//683
f 419//684 356//684 417//684
f 420//685 418//685 356//685
f 421//686 356//686 419//686
f 422//687 420//687 356//687
f 423//688 402//688 356//688
f 423//689 356//689 421//689
f 424//690 402//690 423//690
f 425//691 402//691 424//691
f 426//692 402//692 425//692
f 427//693 402//693 426//693
f 428//694 402//694 427//694
f 429//695 402//695 428//695
f 430//696 402//696 429//696
f 431//697 402//697 430//697
f 432//698 402//698 431//698
f 433//699 402//699 432//699
f 434//700 402//700 433//700
f 435//701 402//701 434//701
f 436//702 402//702 435//702
f 437//703 402//703 436//703
f 438//704 402//704 437//704
f 358//705 439//705 440//705
f 358//706 440//706 441//706
f 358//707 441//707 442//707
f 358//708 442//708 443//708
f 358//709 443//709 444//709
f 358//710 444//710 445//710
f 358//711 445//711 446//711
f 358//712 446//712 447//712
f 358//713 447//713 448//713
f 358//714 448//714 449//714
f 358//715 449//715 450//715
f 358//716 450//716 451//716
f 358//717 451//717 452//717
f 358//718 422//718 356//718
f 358//719 452//719 453//719
f 358//720 453//720 454//720
f 358//721 454//721 455//721
f 358//722 455//722 456//722
f 358//723 456//723 422//723
f 358//724 457//724 439//724
f 603//725 458//725 459//725
f 603//726 459//726 460//726
f 603//727 460//727 461//727
f 603//728 461//728 462//728
f 603//729 462//729 463//729
f 603//730 463//730 464//730
f 603//731 464//731 465//731
f 603//732 465//732 466//732
f 603//733 466//733 467//733
f 603//734 467//734 468//734
f 603//735 468//735 469//735
f 603//736 469//736 470//736
f 603//737 470//737 471//737
f 603//738 471//738 472//738
f 603//739 472//739 457//739
f 603//740 457//740 358//740
f 603//741 402//741 473//741
f 473//742 402//742 474//742
f 474//743 402//743 438//743
f 603//744 473//744 475//744
f 603//745 475//745 458//745
f 603//746 358//746 604//746
f 358//747 359//747 604//747
f 357//748 476//748 477//748
f 477//749 478//749 357//749
f 357//750 479//750 476//750
f 478//751 480//751 357//751
f 357//752 481//752 479//752
f 480//753 482//753 357//753
f 357//754 483//754 481//754
f 482//755 484//755 357//755
f 357//756 485//756 483//756
f 484//757 486//757 357//757
f 357//758 487//758 485//758
f 486//759 488//759 357//759
f 357//760 489//760 487//760
f 488//761 490//761 357//761
f 357//762 491//762 489//762
f 490//763 492//763 357//763
f 403//764 493//764 357//764
f 357//765 493//765 491//765
f 492//766 494//766 357//766
f 403//767 495//767 493//767
f 403//768 496//768 495//768
f 403//769 497//769 496//769
f 403//770 498//770 497//770
f 403//771 499//771 498//771
f 403//772 500//772 499//772
f 403//773 501//773 500//773
f 403//774 502//774 501//774
f 403//775 503//775 502//775
f 403//776 504//776 503//776
f 403//777 505//777 504//777
f 403//778 506//778 505//778
f 403//779 507//779 506//779
f 403//780 508//780 507//780
f 403//781 509//781 508//781
f 403//782 510//782 509//782
f 511//783 359//783 512//783
f 512//784 359//784 513//784
f 513//785 359//785 514//785
f 514//786 359//786 515//786
f 515//787 359//787 516//787
f 516//788 359//788 517//788
f 517//789 359//789 518//789
f 518//790 359//790 519//790
f 519//791 359//791 520//791
f 520//792 359//792 521//792
f 521//793 359//793 522//793
f 522//794 359//794 523//794
f 494//795 359//795 357//795
f 523//796 359//796 524//796
f 524//797 359//797 525//797
f 525//798 359//798 526//798
f 526//799 359//799 527//799
f 527//800 359//800 528//800
f 528//801 359//801 494//801
f 511//802 604//802 359//802
f 529//803 604//803 530//803
f 530//804 604//804 531//804
f 531//805 604//805 532//805
f 532//806 604//806 533//806
f 533//807 604//807 534//807
f 534//808 604//808 535//808
f 535//809 604//809 536//809
f 536//810 604//810 537//810
f 537//811 604//811 538//811
f 538//812 604//812 539//812
f 539//813 604//813 540//813
f 540//814 604//814 541//814
f 541//815 604//815 542//815
f 542//816 604//816 543//816
f 543//817 604//817 544//817
f 544//818 604//818 511//818
f 403//819 604//819 545//819
f 403//820 545//820 546//820
f 403//821 546//821 510//821
f 545//822 604//822 547//822
f 547//823 604//823 529//823
f 330//824 323//824 548//824
f 324//825 374//825 323//825
f 324//826 325//826 549//826
f 27//827 366//827 282//827
f 27//828 367//828 366//828
f 16//829 369//829 367//829
f 15//830 371//830 369//830
f 6//831 371//831 550//831
f 6//832 550//832 7//832
f 4//833 8//833 7//833
f 360//834 8//834 4//834
f 1//835 3//835 13//835
f 13//836 371//836 15//836
f 16//837 15//837 369//837
f 360//838 11//838 8//838
f 27//839 16//839 367//839
f 373//840 330//840 551//840
f 297//841 373//841 552//841
f 325//842 298//842 374//842
f 297//843 553//843 374//843
f 554//844 375//844 339//844
f 312//845 375//845 555//845
f 376//846 556//846 286//846
f 376//847 340//847 557//847
f 312//848 558//848 377//848
f 340//849 377//849 559//849
f 378//850 341//850 380//850
f 379//851 560//851 341//851
f 561//852 379//852 286//852
f 343//853 378//853 562//853
f 314//854 380//854 563//854
f 343//855 564//855 380//855
f 314//856 565//856 381//856
f 344//857 381//857 566//857
f 344//858 566//858 382//858
f 567//859 345//859 382//859
f 345//860 568//860 275//860
f 275//861 569//861 287//861
f 346//862 383//862 570//862
f 383//863 287//863 571//863
f 321//864 346//864 398//864
f 276//865 572//865 384//865
f 348//866 384//866 573//866
f 385//867 348//867 574//867
f 290//868 575//868 386//868
f 290//869 385//869 575//869
f 339//870 291//870 576//870
f 387//871 386//871 577//871
f 578//872 350//872 387//872
f 579//873 388//873 275//873
f 579//874 351//874 388//874
f 389//875 351//875 580//875
f 389//876 576//876 291//876
f 390//877 350//877 581//877
f 292//878 390//878 582//878
f 391//879 320//879 583//879
f 352//880 391//880 394//880
f 393//881 392//881 352//881
f 276//882 392//882 584//882
f 292//883 585//883 393//883
f 353//884 393//884 352//884
f 352//885 394//885 353//885
f 319//886 394//886 586//886
f 587//887 395//887 319//887
f 395//888 587//888 354//888
f 386//889 354//889 577//889
f 320//890 386//890 588//890
f 321//891 589//891 396//891
f 355//892 396//892 590//892
f 355//893 590//893 591//893
f 355//894 591//894 397//894
f 212//895 398//895 592//895
f 592//896 399//896 212//896
f 593//897 399//897 594//897
f 595//898 399//898 593//898
f 596//899 593//899 594//899
f 322//900 597//900 596//900
f 322//901 596//901 594//901
f 322//902 399//902 597//902
f 597//903 399//903 595//903
f 400//904 346//904 598//904
f 275//905 400//905 599//905
f 322//906 600//906 601//906
f 322//907 601//907 401//907
f 346//908 401//908 602//908
f 402//909 603//909 403//909
f 603//910 604//910 403//910
f 605//911 439//911 606//911
f 439//912 457//912 606//912
f 606//913 472//913 607//913
f 457//914 472//914 606//914
f 607//915 471//915 608//915
f 472//916 471//916 607//916
f 608//917 470//917 609//917
f 471//918 470//918 608//918
f 609//919 469//919 610//919
f 470//920 469//920 609//920
f 611//921 468//921 612//921
f 610//922 468//922 611//922
f 469//923 468//923 610//923
f 468//924 467//924 612//924
f 612//925 466//925 613//925
f 467//926 466//926 612//926
f 613//927 465//927 614//927
f 466//928 465//928 613//928
f 615//929 464//929 616//929
f 614//930 464//930 615//930
f 465//931 464//931 614//931
f 464//932 463//932 616//932
f 616//933 462//933 617//933
f 463//934 462//934 616//934
f 462//935 461//935 617//935
f 617//936 461//936 618//936
f 461//937 460//937 618//937
f 618//938 460//938 619//938
f 460//939 459//939 619//939
f 619//940 459//940 620//940
f 459//941 458//941 620//941
f 620//942 458//942 621//942
f 458//943 475//943 621//943
f 621//944 475//944 622//944
f 475//945 473//945 622//945
f 622//946 473//946 623//946
f 623//947 474//947 624//947
f 473//948 474//948 623//948
f 624//949 438//949 625//949
f 474//950 438//950 624//950
f 625//951 437//951 626//951
f 438//952 437//952 625//952
f 626//953 436//953 627//953
f 437//954 436//954 626//954
f 627//955 435//955 628//955
f 436//956 435//956 627//956
f 628//957 434//957 629//957
f 435//958 434//958 628//958
f 629//959 433//959 630//959
f 434//960 433//960 629//960
f 630//961 432//961 631//961
f 433//962 432//962 630//962
f 631//963 431//963 632//963
f 432//964 431//964 631//964
f 632//965 430//965 633//965
f 431//966 430//966 632//966
f 634//967 429//967 635//967
f 633//968 429//968 634//968
f 430//969 429//969 633//969
f 429//970 428//970 635//970
f 636//971 427//971 637//971
f 635//972 427//972 636//972
f 428//973 427//973 635//973
f 427//974 426//974 637//974
f 637//975 425//975 638//975
f 426//976 425//976 637//976
f 638//977 424//977 639//977
f 425//978 424//978 638//978
f 639//979 423//979 640//979
f 424//980 423//980 639//980
f 640//981 421//981 641//981
f 423//982 421//982 640//982
f 641//983 419//983 642//983
f 421//984 419//984 641//984
f 419//985 417//985 642//985
f 642//986 417//986 643//986
f 643//987 415//987 644//987
f 417//988 415//988 643//988
f 644//989 413//989 645//989
f 415//990 413//990 644//990
f 645//991 411//991 646//991
f 413//992 411//992 645//992
f 646//993 409//993 647//993
f 411//994 409//994 646//994
f 647//995 407//995 648//995
f 409//996 407//996 647//996
f 648//997 404//997 649//997
f 407//998 404//998 648//998
f 649//999 405//999 650//999
f 404//1000 405//1000 649//1000
f 650//1001 406//1001 651//1001
f 405//1002 406//1002 650//1002
f 406//1003 408//1003 651//1003
f 651//1004 408//1004 652//1004
f 408//1005 410//1005 652//1005
f 652//1006 410//1006 653//1006
f 410//1007 412//1007 653//1007
f 653//1008 412//1008 654//1008
f 412//1009 414//1009 654//1009
f 654//1010 414//1010 655//1010
f 414//1011 416//1011 655//1011
f 655//1012 416//1012 656//1012
f 416//1013 418//1013 656//1013
f 656//1014 418//1014 657//1014
f 418//1015 420//1015 657//1015
f 657//1016 420//1016 658//1016
f 420//1017 422//1017 658//1017
f 658//1018 422//1018 659//1018
f 422//1019 456//1019 659//1019
f 659//1020 456//1020 660//1020
f 456//1021 455//1021 660//1021
f 660//1022 455//1022 661//1022
f 455//1023 454//1023 661//1023
f 661//1024 454//1024 662//1024
f 454//1025 453//1025 662//1025
f 662//1026 453//1026 663//1026
f 453//1027 452//1027 663//1027
f 663//1028 452//1028 664//1028
f 665//1029 451//1029 666//1029
f 664//1030 451//1030 665//1030
f 452//1031 451//1031 664//1031
f 451//1032 450//1032 666//1032
f 666//1033 450//1033 667//1033
f 450//1034 449//1034 667//1034
f 449//1035 448//1035 667//1035
f 667//1036 448//1036 668//1036
f 448//1037 447//1037 668//1037
f 669//1038 447//1038 670//1038
f 668//1039 447//1039 669//1039
f 447//1040 446//1040 670//1040
f 670//1041 446//1041 671//1041
f 446//1042 445//1042 671//1042
f 445//1043 444//1043 671//1043
f 672//1044 444//1044 673//1044
f 671//1045 444//1045 672//1045
f 444//1046 443//1046 673//1046
f 443//1047 442//1047 673//1047
f 673//1048 442//1048 674//1048
f 442//1049 441//1049 674//1049
f 674//1050 441//1050 675//1050
f 441//1051 440//1051 675//1051
f 675//1052 440//1052 676//1052
f 440//1053 439//1053 676//1053
f 676//1054 439//1054 605//1054
f 511//1055 677//1055 544//1055
f 678//1056 677//1056 511//1056
f 544//1057 679//1057 543//1057
f 677//1058 679//1058 544//1058
f 543//1059 680//1059 542//1059
f 679//1060 680//1060 543//1060
f 542//1061 681//1061 541//1061
f 680//1062 681//1062 542//1062
f 541//1063 682//1063 540//1063
f 681//1064 682//1064 541//1064
f 540//1065 683//1065 539//1065
f 682//1066 683//1066 540//1066
f 539//1067 684//1067 538//1067
f 683//1068 684//1068 539//1068
f 538//1069 685//1069 537//1069
f 684//1070 685//1070 538//1070
f 537//1071 686//1071 536//1071
f 685//1072 686//1072 537//1072
f 536//1073 687//1073 535//1073
f 686//1074 687//1074 536//1074
f 535//1075 688//1075 534//1075
f 687//1076 688//1076 535//1076
f 534//1077 689//1077 533//1077
f 688//1078 689//1078 534//1078
f 689//1079 690//1079 533//1079
f 533//1080 690//1080 532//1080
f 690//1081 691//1081 532//1081
f 532//1082 691//1082 531//1082
f 691//1083 692//1083 531//1083
f 531//1084 692//1084 530//1084
f 692//1085 693//1085 530//1085
f 530//1086 693//1086 529//1086
f 693//1087 694//1087 529//1087
f 529//1088 694//1088 547//1088
f 694//1089 695//1089 547//1089
f 547//1090 695//1090 545//1090
f 545//1091 696//1091 546//1091
f 695//1092 696//1092 545//1092
f 546//1093 697//1093 510//1093
f 696//1094 697//1094 546//1094
f 510//1095 698//1095 509//1095
f 697//1096 698//1096 510//1096
f 509//1097 699//1097 508//1097
f 698//1098 699//1098 509//1098
f 508//1099 700//1099 507//1099
f 699//1100 700//1100 508//1100
f 507//1101 701//1101 506//1101
f 700//1102 701//1102 507//1102
f 506//1103 702//1103 505//1103
f 701//1104 702//1104 506//1104
f 505//1105 703//1105 504//1105
f 702//1106 703//1106 505//1106
f 504//1107 704//1107 503//1107
f 703//1108 704//1108 504//1108
f 503//1109 705//1109 502//1109
f 704//1110 705//1110 503//1110
f 502//1111 706//1111 501//1111
f 705//1112 706//1112 502//1112
f 501//1113 707//1113 500//1113
f 706//1114 707//1114 501//1114
f 500//1115 708//1115 499//1115
f 707//1116 708//1116 500//1116
f 499//1117 709//1117 498//1117
f 708//1118 709//1118 499//1118
f 498//1119 710//1119 497//1119
f 709//1120 710//1120 498//1120
f 497//1121 711//1121 496//1121
f 710//1122 711//1122 497//1122
f 496//1123 712//1123 495//1123
f 711//1124 712//1124 496//1124
f 495//1125 713//1125 493//1125
f 712//1126 713//1126 495//1126
f 491//1127 714//1127 489//1127
f 493//1128 714//1128 491//1128
f 713//1129 714//1129 493//1129
f 714//1130 715//1130 489//1130
f 489//1131 716//1131 487//1131
f 715//1132 716//1132 489//1132
f 487//1133 717//1133 485//1133
f 716//1134 717//1134 487//1134
f 485//1135 718//1135 483//1135
f 717//1136 718//1136 485//1136
f 483//1137 719//1137 481//1137
f 718//1138 719//1138 483//1138
f 481//1139 720//1139 479//1139
f 719//1140 720//1140 481//1140
f 479//1141 721//1141 476//1141
f 720//1142 721//1142 479//1142
f 476//1143 722//1143 477//1143
f 721//1144 722//1144 476//1144
f 722//1145 723//1145 477//1145
f 477//1146 723//1146 478//1146
f 723//1147 724//1147 478//1147
f 480//1148 724//1148 482//1148
f 478//1149 724//1149 480//1149
f 724//1150 725//1150 482//1150
f 725//1151 726//1151 482//1151
f 484//1152 726//1152 486//1152
f 482//1153 726//1153 484//1153
f 726//1154 727//1154 486//1154
f 727//1155 728//1155 486//1155
f 486//1156 728//1156 488//1156
f 728//1157 729//1157 488//1157
f 488//1158 729//1158 490//1158
f 729//1159 730//1159 490//1159
f 490//1160 730//1160 492//1160
f 730//1161 731//1161 492//1161
f 492//1162 731//1162 494//1162
f 731//1163 732//1163 494//1163
f 528//1164 732//1164 527//1164
f 494//1165 732//1165 528//1165
f 732//1166 733//1166 527//1166
f 733//1167 734//1167 527//1167
f 527//1168 734//1168 526//1168
f 734//1169 735//1169 526//1169
f 526//1170 735//1170 525//1170
f 525//1171 736//1171 524//1171
f 735//1172 736//1172 525//1172
f 524//1173 737//1173 523//1173
f 736//1174 737//1174 524//1174
f 523//1175 738//1175 522//1175
f 737//1176 738//1176 523//1176
f 522//1177 739//1177 521//1177
f 738//1178 739//1178 522//1178
f 739//1179 740//1179 521//1179
f 520//1180 740//1180 519//1180
f 521//1181 740//1181 520//1181
f 740//1182 741//1182 519//1182
f 741//1183 742//1183 519//1183
f 519//1184 742//1184 518//1184
f 742//1185 743//1185 518//1185
f 518//1186 743//1186 517//1186
f 743//1187 744//1187 517//1187
f 517//1188 744//1188 516//1188
f 744//1189 745//1189 516//1189
f 516//1190 745//1190 515//1190
f 745//1191 746//1191 515//1191
f 514//1192 746//1192 513//1192
f 515//1193 746//1193 514//1193
f 746//1194 747//1194 513//1194
f 747//1195 748//1195 513//1195
f 513//1196 748//1196 512//1196
f 748//1197 678//1197 512//1197
f 512//1198 678//1198 511//1198
f 548//1199 323//1199 749//1199
f 330//1200 548//1200 750//1200
f 549//1201 374//1201 324//1201
f 323//1202 751//1202 752//1202
f 374//1203 751//1203 323//1203
f 549//1204 325//1204 374//1204
f 13//1205 550//1205 371//1205
f 3//1206 550//1206 13//1206
f 3//1207 7//1207 550//1207
f 4//1208 7//1208 3//1208
f 551//1209 330//1209 753//1209
f 373//1210 551//1210 754//1210
f 297//1211 552//1211 755//1211
f 373//1212 756//1212 552//1212
f 374//1213 553//1213 757//1213
f 297//1214 758//1214 553//1214
f 554//1215 759//1215 375//1215
f 339//1216 576//1216 554//1216
f 312//1217 555//1217 558//1217
f 760//1218 375//1218 580//1218
f 760//1219 555//1219 375//1219
f 286//1220 556//1220 561//1220
f 556//1221 376//1221 761//1221
f 340//1222 762//1222 557//1222
f 376//1223 557//1223 761//1223
f 377//1224 558//1224 763//1224
f 377//1225 763//1225 559//1225
f 340//1226 559//1226 762//1226
f 380//1227 341//1227 563//1227
f 378//1228 380//1228 564//1228
f 764//1229 341//1229 560//1229
f 560//1230 379//1230 765//1230
f 379//1231 561//1231 766//1231
f 378//1232 579//1232 562//1232
f 562//1233 564//1233 343//1233
f 314//1234 563//1234 565//1234
f 563//1235 381//1235 565//1235
f 381//1236 767//1236 566//1236
f 382//1237 566//1237 768//1237
f 345//1238 567//1238 568//1238
f 769//1239 567//1239 382//1239
f 770//1240 567//1240 769//1240
f 579//1241 275//1241 568//1241
f 275//1242 599//1242 569//1242
f 287//1243 569//1243 571//1243
f 346//1244 570//1244 598//1244
f 771//1245 570//1245 383//1245
f 383//1246 571//1246 772//1246
f 398//1247 346//1247 594//1247
f 398//1248 589//1248 321//1248
f 276//1249 584//1249 572//1249
f 390//1250 384//1250 572//1250
f 573//1251 384//1251 773//1251
f 581//1252 348//1252 573//1252
f 348//1253 581//1253 574//1253
f 774//1254 385//1254 574//1254
f 774//1255 575//1255 385//1255
f 575//1256 775//1256 386//1256
f 387//1257 577//1257 776//1257
f 578//1258 777//1258 350//1258
f 778//1259 578//1259 387//1259
f 779//1260 351//1260 579//1260
f 580//1261 351//1261 760//1261
f 580//1262 759//1262 389//1262
f 580//1263 375//1263 759//1263
f 780//1264 576//1264 389//1264
f 581//1265 350//1265 574//1265
f 390//1266 581//1266 781//1266
f 582//1267 390//1267 572//1267
f 292//1268 582//1268 782//1268
f 583//1269 320//1269 783//1269
f 583//1270 394//1270 391//1270
f 585//1271 392//1271 393//1271
f 585//1272 584//1272 392//1272
f 292//1273 782//1273 585//1273
f 319//1274 586//1274 784//1274
f 583//1275 586//1275 394//1275
f 319//1276 785//1276 587//1276
f 587//1277 577//1277 354//1277
f 588//1278 386//1278 786//1278
f 783//1279 320//1279 588//1279
f 787//1280 396//1280 589//1280
f 787//1281 589//1281 788//1281
f 590//1282 396//1282 787//1282
f 591//1283 590//1283 787//1283
f 788//1284 591//1284 787//1284
f 589//1285 397//1285 591//1285
f 398//1286 594//1286 592//1286
f 592//1287 789//1287 399//1287
f 399//1288 790//1288 594//1288
f 322//1289 594//1289 791//1289
f 593//1290 991//1290 992//1290
f 595//1291 593//1291 992//1291
f 792//1292 793//1292 593//1292
f 794//1293 593//1293 793//1293
f 795//1294 792//1294 593//1294
f 796//1295 593//1295 794//1295
f 797//1296 795//1296 593//1296
f 798//1297 593//1297 796//1297
f 799//1298 797//1298 593//1298
f 800//1299 593//1299 798//1299
f 801//1300 799//1300 593//1300
f 802//1301 593//1301 800//1301
f 803//1302 801//1302 593//1302
f 804//1303 593//1303 802//1303
f 805//1304 803//1304 593//1304
f 806//1305 593//1305 804//1305
f 807//1306 805//1306 593//1306
f 808//1307 593//1307 806//1307
f 809//1308 807//1308 593//1308
f 810//1309 593//1309 808//1309
f 811//1310 809//1310 593//1310
f 812//1311 991//1311 593//1311
f 812//1312 593//1312 810//1312
f 813//1313 811//1313 593//1313
f 814//1314 991//1314 812//1314
f 815//1315 991//1315 814//1315
f 816//1316 991//1316 815//1316
f 817//1317 991//1317 816//1317
f 818//1318 991//1318 817//1318
f 819//1319 991//1319 818//1319
f 820//1320 991//1320 819//1320
f 821//1321 991//1321 820//1321
f 822//1322 991//1322 821//1322
f 823//1323 991//1323 822//1323
f 824//1324 991//1324 823//1324
f 825//1325 991//1325 824//1325
f 826//1326 991//1326 825//1326
f 827//1327 991//1327 826//1327
f 828//1328 991//1328 827//1328
f 829//1329 991//1329 828//1329
f 830//1330 991//1330 829//1330
f 831//1331 991//1331 830//1331
f 596//1332 832//1332 833//1332
f 596//1333 833//1333 834//1333
f 596//1334 834//1334 835//1334
f 596//1335 835//1335 836//1335
f 596//1336 836//1336 837//1336
f 596//1337 837//1337 838//1337
f 596//1338 838//1338 839//1338
f 596//1339 839//1339 840//1339
f 596//1340 840//1340 841//1340
f 596//1341 841//1341 842//1341
f 596//1342 842//1342 843//1342
f 596//1343 843//1343 844//1343
f 596//1344 844//1344 845//1344
f 596//1345 845//1345 846//1345
f 596//1346 846//1346 847//1346
f 596//1347 847//1347 813//1347
f 596//1348 813//1348 593//1348
f 596//1349 848//1349 832//1349
f 849//1350 850//1350 851//1350
f 849//1351 851//1351 852//1351
f 849//1352 852//1352 853//1352
f 849//1353 853//1353 854//1353
f 849//1354 854//1354 855//1354
f 849//1355 855//1355 856//1355
f 849//1356 856//1356 857//1356
f 849//1357 857//1357 858//1357
f 849//1358 858//1358 859//1358
f 849//1359 859//1359 860//1359
f 849//1360 860//1360 861//1360
f 849//1361 861//1361 862//1361
f 849//1362 862//1362 848//1362
f 849//1363 848//1363 596//1363
f 849//1364 991//1364 831//1364
f 849//1365 831//1365 863//1365
f 849//1366 863//1366 864//1366
f 849//1367 864//1367 850//1367
f 849//1368 596//1368 865//1368
f 596//1369 597//1369 865//1369
f 866//1370 867//1370 595//1370
f 595//1371 868//1371 866//1371
f 867//1372 869//1372 595//1372
f 595//1373 870//1373 868//1373
f 869//1374 871//1374 595//1374
f 595//1375 872//1375 870//1375
f 871//1376 873//1376 595//1376
f 595//1377 874//1377 872//1377
f 873//1378 875//1378 595//1378
f 595//1379 876//1379 874//1379
f 875//1380 877//1380 595//1380
f 595//1381 878//1381 876//1381
f 877//1382 879//1382 595//1382
f 595//1383 880//1383 878//1383
f 879//1384 881//1384 595//1384
f 595//1385 882//1385 880//1385
f 881//1386 883//1386 595//1386
f 992//1387 884//1387 595//1387
f 595//1388 884//1388 882//1388
f 883//1389 885//1389 595//1389
f 992//1390 886//1390 884//1390
f 885//1391 887//1391 595//1391
f 992//1392 888//1392 886//1392
f 992//1393 889//1393 888//1393
f 992//1394 890//1394 889//1394
f 992//1395 891//1395 890//1395
f 992//1396 892//1396 891//1396
f 992//1397 893//1397 892//1397
f 992//1398 894//1398 893//1398
f 992//1399 895//1399 894//1399
f 992//1400 896//1400 895//1400
f 992//1401 897//1401 896//1401
f 992//1402 898//1402 897//1402
f 992//1403 899//1403 898//1403
f 992//1404 900//1404 899//1404
f 992//1405 901//1405 900//1405
f 992//1406 902//1406 901//1406
f 992//1407 903//1407 902//1407
f 992//1408 904//1408 903//1408
f 992//1409 905//1409 904//1409
f 906//1410 597//1410 907//1410
f 907//1411 597//1411 908//1411
f 908//1412 597//1412 909//1412
f 909//1413 597//1413 910//1413
f 910//1414 597//1414 911//1414
f 911//1415 597//1415 912//1415
f 912//1416 597//1416 913//1416
f 913//1417 597//1417 914//1417
f 914//1418 597//1418 915//1418
f 915//1419 597//1419 916//1419
f 916//1420 597//1420 917//1420
f 917//1421 597//1421 918//1421
f 918//1422 597//1422 919//1422
f 919//1423 597//1423 920//1423
f 920//1424 597//1424 921//1424
f 921//1425 597//1425 887//1425
f 887//1426 597//1426 595//1426
f 922//1427 865//1427 923//1427
f 923//1428 865//1428 924//1428
f 924//1429 865//1429 925//1429
f 925//1430 865//1430 926//1430
f 926//1431 865//1431 927//1431
f 927//1432 865//1432 928//1432
f 928//1433 865//1433 929//1433
f 929//1434 865//1434 930//1434
f 930//1435 865//1435 931//1435
f 931//1436 865//1436 932//1436
f 932//1437 865//1437 933//1437
f 933//1438 865//1438 934//1438
f 906//1439 865//1439 597//1439
f 934//1440 865//1440 935//1440
f 935//1441 865//1441 906//1441
f 992//1442 865//1442 905//1442
f 905//1443 865//1443 936//1443
f 936//1444 865//1444 937//1444
f 937//1445 865//1445 922//1445
f 400//1446 598//1446 771//1446
f 599//1447 400//1447 938//1447
f 322//1448 791//1448 600//1448
f 601//1449 600//1449 939//1449
f 401//1450 601//1450 940//1450
f 941//1451 602//1451 401//1451
f 346//1452 602//1452 594//1452
f 722//1453 650//1453 723//1453
f 721//1454 649//1454 722//1454
f 722//1455 649//1455 650//1455
f 723//1456 651//1456 724//1456
f 650//1457 651//1457 723//1457
f 720//1458 648//1458 721//1458
f 721//1459 648//1459 649//1459
f 724//1460 652//1460 725//1460
f 651//1461 652//1461 724//1461
f 719//1462 647//1462 720//1462
f 720//1463 647//1463 648//1463
f 725//1464 653//1464 726//1464
f 652//1465 653//1465 725//1465
f 718//1466 646//1466 719//1466
f 719//1467 646//1467 647//1467
f 726//1468 654//1468 727//1468
f 653//1469 654//1469 726//1469
f 717//1470 645//1470 718//1470
f 718//1471 645//1471 646//1471
f 727//1472 655//1472 728//1472
f 654//1473 655//1473 727//1473
f 716//1474 644//1474 717//1474
f 717//1475 644//1475 645//1475
f 655//1476 656//1476 728//1476
f 716//1477 643//1477 644//1477
f 715//1478 643//1478 716//1478
f 656//1479 657//1479 728//1479
f 728//1480 657//1480 729//1480
f 715//1481 642//1481 643//1481
f 714//1482 642//1482 715//1482
f 729//1483 658//1483 730//1483
f 657//1484 658//1484 729//1484
f 713//1485 641//1485 714//1485
f 714//1486 641//1486 642//1486
f 658//1487 659//1487 730//1487
f 730//1488 659//1488 731//1488
f 712//1489 640//1489 713//1489
f 713//1490 640//1490 641//1490
f 659//1491 660//1491 731//1491
f 731//1492 660//1492 732//1492
f 712//1493 639//1493 640//1493
f 711//1494 639//1494 712//1494
f 732//1495 661//1495 733//1495
f 660//1496 661//1496 732//1496
f 710//1497 638//1497 711//1497
f 711//1498 638//1498 639//1498
f 661//1499 662//1499 733//1499
f 733//1500 662//1500 734//1500
f 709//1501 637//1501 710//1501
f 710//1502 637//1502 638//1502
f 662//1503 663//1503 734//1503
f 734//1504 663//1504 735//1504
f 708//1505 636//1505 709//1505
f 709//1506 636//1506 637//1506
f 735//1507 664//1507 736//1507
f 663//1508 664//1508 735//1508
f 708//1509 635//1509 636//1509
f 707//1510 635//1510 708//1510
f 736//1511 665//1511 737//1511
f 664//1512 665//1512 736//1512
f 707//1513 634//1513 635//1513
f 706//1514 634//1514 707//1514
f 737//1515 666//1515 738//1515
f 665//1516 666//1516 737//1516
f 705//1517 633//1517 706//1517
f 706//1518 633//1518 634//1518
f 666//1519 667//1519 738//1519
f 738//1520 667//1520 739//1520
f 705//1521 632//1521 633//1521
f 667//1522 668//1522 739//1522
f 668//1523 740//1523 739//1523
f 705//1524 704//1524 632//1524
f 704//1525 631//1525 632//1525
f 668//1526 669//1526 740//1526
f 669//1527 741//1527 740//1527
f 704//1528 703//1528 631//1528
f 703//1529 630//1529 631//1529
f 669//1530 670//1530 741//1530
f 670//1531 742//1531 741//1531
f 703//1532 702//1532 630//1532
f 702//1533 629//1533 630//1533
f 670//1534 671//1534 742//1534
f 671//1535 743//1535 742//1535
f 702//1536 701//1536 629//1536
f 701//1537 628//1537 629//1537
f 671//1538 672//1538 743//1538
f 672//1539 744//1539 743//1539
f 673//1540 744//1540 672//1540
f 701//1541 700//1541 628//1541
f 628//1542 700//1542 627//1542
f 673//1543 745//1543 744//1543
f 674//1544 745//1544 673//1544
f 627//1545 699//1545 626//1545
f 700//1546 699//1546 627//1546
f 674//1547 746//1547 745//1547
f 675//1548 746//1548 674//1548
f 626//1549 698//1549 625//1549
f 699//1550 698//1550 626//1550
f 675//1551 747//1551 746//1551
f 676//1552 747//1552 675//1552
f 625//1553 697//1553 624//1553
f 698//1554 697//1554 625//1554
f 676//1555 748//1555 747//1555
f 605//1556 748//1556 676//1556
f 624//1557 696//1557 623//1557
f 697//1558 696//1558 624//1558
f 606//1559 678//1559 605//1559
f 605//1560 678//1560 748//1560
f 623//1561 695//1561 622//1561
f 696//1562 695//1562 623//1562
f 607//1563 677//1563 606//1563
f 606//1564 677//1564 678//1564
f 622//1565 694//1565 621//1565
f 695//1566 694//1566 622//1566
f 608//1567 679//1567 607//1567
f 607//1568 679//1568 677//1568
f 621//1569 693//1569 620//1569
f 694//1570 693//1570 621//1570
f 693//1571 692//1571 620//1571
f 609//1572 680//1572 608//1572
f 608//1573 680//1573 679//1573
f 609//1574 681//1574 680//1574
f 610//1575 681//1575 609//1575
f 620//1576 691//1576 619//1576
f 692//1577 691//1577 620//1577
f 610//1578 682//1578 681//1578
f 611//1579 682//1579 610//1579
f 691//1580 690//1580 619//1580
f 619//1581 690//1581 618//1581
f 611//1582 683//1582 682//1582
f 612//1583 683//1583 611//1583
f 618//1584 689//1584 617//1584
f 690//1585 689//1585 618//1585
f 612//1586 684//1586 683//1586
f 613//1587 684//1587 612//1587
f 617//1588 688//1588 616//1588
f 689//1589 688//1589 617//1589
f 613//1590 685//1590 684//1590
f 614//1591 685//1591 613//1591
f 688//1592 687//1592 616//1592
f 616//1593 687//1593 615//1593
f 614//1594 686//1594 685//1594
f 687//1595 686//1595 615//1595
f 615//1596 686//1596 614//1596
f 749//1597 323//1597 942//1597
f 749//1598 943//1598 944//1598
f 749//1599 944//1599 548//1599
f 944//1600 750//1600 548//1600
f 330//1601 750//1601 753//1601
f 374//1602 945//1602 751//1602
f 751//1603 946//1603 752//1603
f 947//1604 323//1604 752//1604
f 551//1605 753//1605 948//1605
f 949//1606 754//1606 551//1606
f 373//1607 754//1607 950//1607
f 297//1608 755//1608 951//1608
f 952//1609 755//1609 552//1609
f 373//1610 953//1610 756//1610
f 552//1611 756//1611 954//1611
f 552//1612 954//1612 955//1612
f 757//1613 956//1613 374//1613
f 957//1614 757//1614 553//1614
f 297//1615 958//1615 758//1615
f 553//1616 758//1616 959//1616
f 554//1617 960//1617 759//1617
f 341//1618 554//1618 576//1618
f 763//1619 558//1619 555//1619
f 760//1620 763//1620 555//1620
f 561//1621 556//1621 961//1621
f 761//1622 962//1622 556//1622
f 963//1623 557//1623 762//1623
f 964//1624 761//1624 557//1624
f 559//1625 763//1625 351//1625
f 762//1626 559//1626 351//1626
f 563//1627 341//1627 767//1627
f 564//1628 579//1628 378//1628
f 965//1629 341//1629 764//1629
f 966//1630 764//1630 560//1630
f 765//1631 966//1631 560//1631
f 379//1632 967//1632 765//1632
f 561//1633 968//1633 766//1633
f 379//1634 766//1634 967//1634
f 562//1635 579//1635 568//1635
f 969//1636 564//1636 562//1636
f 563//1637 767//1637 381//1637
f 767//1638 768//1638 566//1638
f 382//1639 768//1639 970//1639
f 567//1640 969//1640 568//1640
f 567//1641 770//1641 971//1641
f 769//1642 382//1642 972//1642
f 973//1643 770//1643 769//1643
f 974//1644 569//1644 599//1644
f 772//1645 571//1645 569//1645
f 771//1646 598//1646 570//1646
f 771//1647 383//1647 772//1647
f 782//1648 582//1648 572//1648
f 782//1649 572//1649 584//1649
f 384//1650 390//1650 975//1650
f 976//1651 384//1651 975//1651
f 773//1652 384//1652 976//1652
f 977//1653 573//1653 773//1653
f 977//1654 781//1654 573//1654
f 781//1655 581//1655 573//1655
f 574//1656 350//1656 774//1656
f 978//1657 575//1657 774//1657
f 978//1658 775//1658 575//1658
f 775//1659 979//1659 386//1659
f 785//1660 776//1660 577//1660
f 776//1661 319//1661 387//1661
f 978//1662 350//1662 777//1662
f 777//1663 578//1663 979//1663
f 980//1664 778//1664 387//1664
f 981//1665 578//1665 778//1665
f 981//1666 778//1666 982//1666
f 779//1667 983//1667 351//1667
f 564//1668 779//1668 579//1668
f 760//1669 351//1669 763//1669
f 389//1670 759//1670 960//1670
f 780//1671 389//1671 960//1671
f 984//1672 576//1672 780//1672
f 390//1673 781//1673 975//1673
f 783//1674 784//1674 583//1674
f 782//1675 584//1675 585//1675
f 319//1676 784//1676 985//1676
f 583//1677 784//1677 586//1677
f 319//1678 776//1678 785//1678
f 587//1679 785//1679 577//1679
f 786//1680 386//1680 986//1680
f 985//1681 588//1681 786//1681
f 783//1682 588//1682 985//1682
f 783//1683 985//1683 784//1683
f 589//1684 591//1684 788//1684
f 594//1685 789//1685 592//1685
f 399//1686 789//1686 987//1686
f 594//1687 790//1687 988//1687
f 399//1688 989//1688 790//1688
f 791//1689 594//1689 990//1689
f 849//1690 865//1690 991//1690
f 991//1691 865//1691 992//1691
f 993//1692 832//1692 994//1692
f 832//1693 848//1693 994//1693
f 994//1694 862//1694 995//1694
f 848//1695 862//1695 994//1695
f 995//1696 861//1696 996//1696
f 862//1697 861//1697 995//1697
f 996//1698 860//1698 997//1698
f 861//1699 860//1699 996//1699
f 997//1700 859//1700 998//1700
f 860//1701 859//1701 997//1701
f 998//1702 858//1702 999//1702
f 859//1703 858//1703 998//1703
f 999//1704 857//1704 1000//1704
f 858//1705 857//1705 999//1705
f 1000//1706 856//1706 1001//1706
f 857//1707 856//1707 1000//1707
f 1002//1708 855//1708 1003//1708
f 1001//1709 855//1709 1002//1709
f 856//1710 855//1710 1001//1710
f 855//1711 854//1711 1003//1711
f 1003//1712 853//1712 1004//1712
f 854//1713 853//1713 1003//1713
f 1004//1714 852//1714 1005//1714
f 853//1715 852//1715 1004//1715
f 852//1716 851//1716 1005//1716
f 1006//1717 851//1717 1007//1717
f 1005//1718 851//1718 1006//1718
f 851//1719 850//1719 1007//1719
f 850//1720 864//1720 1007//1720
f 1007//1721 864//1721 1008//1721
f 864//1722 863//1722 1008//1722
f 1008//1723 863//1723 1009//1723
f 863//1724 831//1724 1009//1724
f 1009//1725 831//1725 1010//1725
f 831//1726 830//1726 1010//1726
f 1010//1727 830//1727 1011//1727
f 1011//1728 829//1728 1012//1728
f 830//1729 829//1729 1011//1729
f 1012//1730 828//1730 1013//1730
f 829//1731 828//1731 1012//1731
f 1013//1732 827//1732 1014//1732
f 828//1733 827//1733 1013//1733
f 1015//1734 826//1734 1016//1734
f 1014//1735 826//1735 1015//1735
f 827//1736 826//1736 1014//1736
f 826//1737 825//1737 1016//1737
f 1016//1738 824//1738 1017//1738
f 825//1739 824//1739 1016//1739
f 1017//1740 823//1740 1018//1740
f 824//1741 823//1741 1017//1741
f 1018//1742 822//1742 1019//1742
f 823//1743 822//1743 1018//1743
f 1019//1744 821//1744 1020//1744
f 822//1745 821//1745 1019//1745
f 1020//1746 820//1746 1021//1746
f 821//1747 820//1747 1020//1747
f 1021//1748 819//1748 1022//1748
f 820//1749 819//1749 1021//1749
f 1022//1750 818//1750 1023//1750
f 819//1751 818//1751 1022//1751
f 1023//1752 817//1752 1024//1752
f 818//1753 817//1753 1023//1753
f 1024//1754 816//1754 1025//1754
f 817//1755 816//1755 1024//1755
f 1025//1756 815//1756 1026//1756
f 816//1757 815//1757 1025//1757
f 1027//1758 814//1758 1028//1758
f 1026//1759 814//1759 1027//1759
f 815//1760 814//1760 1026//1760
f 814//1761 812//1761 1028//1761
f 1028//1762 810//1762 1029//1762
f 812//1763 810//1763 1028//1763
f 1029//1764 808//1764 1030//1764
f 810//1765 808//1765 1029//1765
f 808//1766 806//1766 1030//1766
f 1030//1767 806//1767 1031//1767
f 1031//1768 804//1768 1032//1768
f 806//1769 804//1769 1031//1769
f 1032//1770 802//1770 1033//1770
f 804//1771 802//1771 1032//1771
f 1033//1772 800//1772 1034//1772
f 802//1773 800//1773 1033//1773
f 1034//1774 798//1774 1035//1774
f 800//1775 798//1775 1034//1775
f 1035//1776 796//1776 1036//1776
f 798//1777 796//1777 1035//1777
f 1036//1778 794//1778 1037//1778
f 796//1779 794//1779 1036//1779
f 1038//1780 793//1780 1039//1780
f 1037//1781 793//1781 1038//1781
f 794//1782 793//1782 1037//1782
f 793//1783 792//1783 1039//1783
f 792//1784 795//1784 1039//1784
f 1040//1785 795//1785 1041//1785
f 1039//1786 795//1786 1040//1786
f 795//1787 797//1787 1041//1787
f 797//1788 799//1788 1041//1788
f 1042//1789 799//1789 1043//1789
f 1041//1790 799//1790 1042//1790
f 799//1791 801//1791 1043//1791
f 801//1792 803//1792 1043//1792
f 1043//1793 803//1793 1044//1793
f 803//1794 805//1794 1044//1794
f 1044//1795 805//1795 1045//1795
f 805//1796 807//1796 1045//1796
f 1045//1797 807//1797 1046//1797
f 807//1798 809//1798 1046//1798
f 1047//1799 809//1799 1048//1799
f 1046//1800 809//1800 1047//1800
f 809//1801 811//1801 1048//1801
f 811//1802 813//1802 1048//1802
f 1048//1803 813//1803 1049//1803
f 813//1804 847//1804 1049//1804
f 1049//1805 847//1805 1050//1805
f 847//1806 846//1806 1050//1806
f 1050//1807 846//1807 1051//1807
f 846//1808 845//1808 1051//1808
f 1051//1809 845//1809 1052//1809
f 1052//1810 844//1810 1053//1810
f 845//1811 844//1811 1052//1811
f 1053//1812 843//1812 1054//1812
f 844//1813 843//1813 1053//1813
f 1054//1814 842//1814 1055//1814
f 843//1815 842//1815 1054//1815
f 842//1816 841//1816 1055//1816
f 1055//1817 841//1817 1056//1817
f 841//1818 840//1818 1056//1818
f 1056//1819 840//1819 1057//1819
f 840//1820 839//1820 1057//1820
f 1057//1821 839//1821 1058//1821
f 839//1822 838//1822 1058//1822
f 1058//1823 838//1823 1059//1823
f 838//1824 837//1824 1059//1824
f 1059//1825 837//1825 1060//1825
f 837//1826 836//1826 1060//1826
f 1060//1827 836//1827 1061//1827
f 836//1828 835//1828 1061//1828
f 1062//1829 835//1829 1063//1829
f 1061//1830 835//1830 1062//1830
f 835//1831 834//1831 1063//1831
f 834//1832 833//1832 1063//1832
f 1063//1833 833//1833 1064//1833
f 833//1834 832//1834 1064//1834
f 1064//1835 832//1835 993//1835
f 906//1836 1065//1836 935//1836
f 1066//1837 1065//1837 906//1837
f 935//1838 1067//1838 934//1838
f 1065//1839 1067//1839 935//1839
f 934//1840 1068//1840 933//1840
f 1067//1841 1068//1841 934//1841
f 933//1842 1069//1842 932//1842
f 1068//1843 1069//1843 933//1843
f 932//1844 1070//1844 931//1844
f 1069//1845 1070//1845 932//1845
f 931//1846 1071//1846 930//1846
f 1070//1847 1071//1847 931//1847
f 930//1848 1072//1848 929//1848
f 1071//1849 1072//1849 930//1849
f 929//1850 1073//1850 928//1850
f 1072//1851 1073//1851 929//1851
f 928//1852 1074//1852 927//1852
f 1073//1853 1074//1853 928//1853
f 927//1854 1075//1854 926//1854
f 1074//1855 1075//1855 927//1855
f 926//1856 1076//1856 925//1856
f 1075//1857 1076//1857 926//1857
f 925//1858 1077//1858 924//1858
f 1076//1859 1077//1859 925//1859
f 1077//1860 1078//1860 924//1860
f 924//1861 1078//1861 923//1861
f 1078//1862 1079//1862 923//1862
f 923//1863 1079//1863 922//1863
f 1079//1864 1080//1864 922//1864
f 922//1865 1080//1865 937//1865
f 1080//1866 1081//1866 937//1866
f 937//1867 1081//1867 936//1867
f 1081//1868 1082//1868 936//1868
f 936//1869 1082//1869 905//1869
f 1082//1870 1083//1870 905//1870
f 905//1871 1083//1871 904//1871
f 904//1872 1084//1872 903//1872
f 1083//1873 1084//1873 904//1873
f 903//1874 1085//1874 902//1874
f 1084//1875 1085//1875 903//1875
f 902//1876 1086//1876 901//1876
f 1085//1877 1086//1877 902//1877
f 901//1878 1087//1878 900//1878
f 1086//1879 1087//1879 901//1879
f 900//1880 1088//1880 899//1880
f 1087//1881 1088//1881 900//1881
f 899//1882 1089//1882 898//1882
f 1088//1883 1089//1883 899//1883
f 898//1884 1090//1884 897//1884
f 1089//1885 1090//1885 898//1885
f 897//1886 1091//1886 896//1886
f 1090//1887 1091//1887 897//1887
f 896//1888 1092//1888 895//1888
f 1091//1889 1092//1889 896//1889
f 895//1890 1093//1890 894//1890
f 1092//1891 1093//1891 895//1891
f 894//1892 1094//1892 893//1892
f 1093//1893 1094//1893 894//1893
f 893//1894 1095//1894 892//1894
f 1094//1895 1095//1895 893//1895
f 892//1896 1096//1896 891//1896
f 1095//1897 1096//1897 892//1897
f 891//1898 1097//1898 890//1898
f 1096//1899 1097//1899 891//1899
f 890//1900 1098//1900 889//1900
f 1097//1901 1098//1901 890//1901
f 889//1902 1099//1902 888//1902
f 1098//1903 1099//1903 889//1903
f 888//1904 1100//1904 886//1904
f 1099//1905 1100//1905 888//1905
f 886//1906 1101//1906 884//1906
f 1100//1907 1101//1907 886//1907
f 884//1908 1102//1908 882//1908
f 1101//1909 1102//1909 884//1909
f 1102//1910 1103//1910 882//1910
f 882//1911 1103//1911 880//1911
f 880//1912 1104//1912 878//1912
f 1103//1913 1104//1913 880//1913
f 876//1914 1105//1914 874//1914
f 878//1915 1105//1915 876//1915
f 1104//1916 1105//1916 878//1916
f 1105//1917 1106//1917 874//1917
f 874//1918 1107//1918 872//1918
f 1106//1919 1107//1919 874//1919
f 872//1920 1108//1920 870//1920
f 1107//1921 1108//1921 872//1921
f 870//1922 1109//1922 868//1922
f 1108//1923 1109//1923 870//1923
f 868//1924 1110//1924 866//1924
f 1109//1925 1110//1925 868//1925
f 866//1926 1110//1926 867//1926
f 1110//1927 1111//1927 867//1927
f 1111//1928 1112//1928 867//1928
f 869//1929 1112//1929 871//1929
f 867//1930 1112//1930 869//1930
f 1112//1931 1113//1931 871//1931
f 1113//1932 1114//1932 871//1932
f 873//1933 1114//1933 875//1933
f 871//1934 1114//1934 873//1934
f 1114//1935 1115//1935 875//1935
f 1115//1936 1116//1936 875//1936
f 875//1937 1116//1937 877//1937
f 1116//1938 1117//1938 877//1938
f 879//1939 1117//1939 881//1939
f 877//1940 1117//1940 879//1940
f 1117//1941 1118//1941 881//1941
f 1118//1942 1119//1942 881//1942
f 883//1943 1119//1943 885//1943
f 881//1944 1119//1944 883//1944
f 1119//1945 1120//1945 885//1945
f 1120//1946 1121//1946 885//1946
f 885//1947 1121//1947 887//1947
f 1121//1948 1122//1948 887//1948
f 887//1949 1122//1949 921//1949
f 1122//1950 1123//1950 921//1950
f 921//1951 1123//1951 920//1951
f 920//1952 1124//1952 919//1952
f 1123//1953 1124//1953 920//1953
f 919//1954 1125//1954 918//1954
f 1124//1955 1125//1955 919//1955
f 918//1956 1126//1956 917//1956
f 1125//1957 1126//1957 918//1957
f 917//1958 1127//1958 916//1958
f 1126//1959 1127//1959 917//1959
f 1127//1960 1128//1960 916//1960
f 915//1961 1128//1961 914//1961
f 916//1962 1128//1962 915//1962
f 1128//1963 1129//1963 914//1963
f 1129//1964 1130//1964 914//1964
f 914//1965 1130//1965 913//1965
f 1130//1966 1131//1966 913//1966
f 913//1967 1131//1967 912//1967
f 1131//1968 1132//1968 912//1968
f 912//1969 1132//1969 911//1969
f 1132//1970 1133//1970 911//1970
f 910//1971 1133//1971 909//1971
f 911//1972 1133//1972 910//1972
f 1133//1973 1134//1973 909//1973
f 1134//1974 1135//1974 909//1974
f 908//1975 1135//1975 907//1975
f 909//1976 1135//1976 908//1976
f 1135//1977 1136//1977 907//1977
f 1136//1978 1066//1978 907//1978
f 907//1979 1066//1979 906//1979
f 1137//1980 400//1980 771//1980
f 938//1981 400//1981 1137//1981
f 974//1982 599//1982 938//1982
f 1138//1983 600//1983 791//1983
f 600//1984 1139//1984 939//1984
f 601//1985 939//1985 1140//1985
f 401//1986 940//1986 1141//1986
f 1142//1987 940//1987 601//1987
f 1143//1988 941//1988 401//1988
f 602//1989 941//1989 1144//1989
f 602//1990 990//1990 594//1990
f 942//1991 323//1991 1145//1991
f 942//1992 943//1992 749//1992
f 1146//1993 944//1993 943//1993
f 944//1994 1147//1994 750//1994
f 753//1995 750//1995 1148//1995
f 751//1996 945//1996 1149//1996
f 374//1997 1150//1997 945//1997
f 752//1998 946//1998 1151//1998
f 373//1999 946//1999 751//1999
f 323//2000 947//2000 1152//2000
f 1153//2001 947//2001 752//2001
f 551//2002 948//2002 1154//2002
f 753//2003 1148//2003 1155//2003
f 948//2004 753//2004 1155//2004
f 551//2005 1156//2005 949//2005
f 754//2006 949//2006 1157//2006
f 754//2007 1157//2007 950//2007
f 950//2008 1157//2008 373//2008
f 755//2009 1158//2009 951//2009
f 297//2010 951//2010 958//2010
f 955//2011 952//2011 552//2011
f 755//2012 952//2012 1158//2012
f 373//2013 1159//2013 953//2013
f 953//2014 1160//2014 756//2014
f 756//2015 1160//2015 954//2015
f 1160//2016 955//2016 954//2016
f 374//2017 956//2017 1161//2017
f 1162//2018 956//2018 757//2018
f 553//2019 959//2019 957//2019
f 1162//2020 757//2020 957//2020
f 959//2021 758//2021 958//2021
f 554//2022 1163//2022 960//2022
f 341//2023 576//2023 1164//2023
f 554//2024 341//2024 1165//2024
f 556//2025 1166//2025 961//2025
f 561//2026 961//2026 968//2026
f 761//2027 1167//2027 962//2027
f 962//2028 1168//2028 556//2028
f 968//2029 963//2029 762//2029
f 964//2030 557//2030 963//2030
f 1169//2031 761//2031 964//2031
f 766//2032 762//2032 351//2032
f 341//2033 768//2033 767//2033
f 764//2034 966//2034 1170//2034
f 764//2035 1170//2035 965//2035
f 1171//2036 341//2036 965//2036
f 1172//2037 966//2037 765//2037
f 1172//2038 765//2038 967//2038
f 762//2039 766//2039 968//2039
f 983//2040 967//2040 766//2040
f 568//2041 969//2041 562//2041
f 564//2042 969//2042 779//2042
f 970//2043 768//2043 1173//2043
f 382//2044 970//2044 1174//2044
f 567//2045 1175//2045 969//2045
f 971//2046 770//2046 1176//2046
f 567//2047 971//2047 1177//2047
f 769//2048 972//2048 1178//2048
f 382//2049 1174//2049 972//2049
f 973//2050 1179//2050 770//2050
f 1180//2051 973//2051 769//2051
f 772//2052 569//2052 974//2052
f 772//2053 1181//2053 771//2053
f 772//2054 1182//2054 1181//2054
f 1183//2055 976//2055 975//2055
f 773//2056 976//2056 1184//2056
f 1185//2057 773//2057 1184//2057
f 977//2058 773//2058 1185//2058
f 975//2059 781//2059 977//2059
f 774//2060 350//2060 978//2060
f 775//2061 978//2061 777//2061
f 979//2062 775//2062 777//2062
f 979//2063 1186//2063 386//2063
f 387//2064 319//2064 980//2064
f 578//2065 1186//2065 979//2065
f 980//2066 1187//2066 982//2066
f 778//2067 980//2067 982//2067
f 578//2068 981//2068 1186//2068
f 981//2069 982//2069 386//2069
f 351//2070 983//2070 766//2070
f 969//2071 983//2071 779//2071
f 960//2072 1163//2072 780//2072
f 1188//2073 576//2073 984//2073
f 1163//2074 984//2074 780//2074
f 1189//2075 319//2075 985//2075
f 986//2076 1190//2076 786//2076
f 986//2077 386//2077 1187//2077
f 1189//2078 985//2078 786//2078
f 594//2079 1191//2079 789//2079
f 399//2080 987//2080 1192//2080
f 987//2081 789//2081 1193//2081
f 594//2082 988//2082 1191//2082
f 1194//2083 988//2083 790//2083
f 399//2084 1192//2084 989//2084
f 1195//2085 790//2085 989//2085
f 1196//2086 791//2086 990//2086
f 1110//2087 1038//2087 1111//2087
f 1109//2088 1037//2088 1110//2088
f 1110//2089 1037//2089 1038//2089
f 1111//2090 1039//2090 1112//2090
f 1038//2091 1039//2091 1111//2091
f 1108//2092 1036//2092 1109//2092
f 1109//2093 1036//2093 1037//2093
f 1112//2094 1040//2094 1113//2094
f 1039//2095 1040//2095 1112//2095
f 1107//2096 1035//2096 1108//2096
f 1108//2097 1035//2097 1036//2097
f 1113//2098 1041//2098 1114//2098
f 1040//2099 1041//2099 1113//2099
f 1106//2100 1034//2100 1107//2100
f 1107//2101 1034//2101 1035//2101
f 1114//2102 1042//2102 1115//2102
f 1041//2103 1042//2103 1114//2103
f 1105//2104 1033//2104 1106//2104
f 1106//2105 1033//2105 1034//2105
f 1115//2106 1043//2106 1116//2106
f 1042//2107 1043//2107 1115//2107
f 1104//2108 1032//2108 1105//2108
f 1105//2109 1032//2109 1033//2109
f 1116//2110 1044//2110 1117//2110
f 1043//2111 1044//2111 1116//2111
f 1103//2112 1031//2112 1104//2112
f 1104//2113 1031//2113 1032//2113
f 1044//2114 1045//2114 1117//2114
f 1117//2115 1045//2115 1118//2115
f 1103//2116 1030//2116 1031//2116
f 1102//2117 1030//2117 1103//2117
f 1045//2118 1046//2118 1118//2118
f 1118//2119 1046//2119 1119//2119
f 1102//2120 1029//2120 1030//2120
f 1101//2121 1029//2121 1102//2121
f 1119//2122 1047//2122 1120//2122
f 1046//2123 1047//2123 1119//2123
f 1100//2124 1028//2124 1101//2124
f 1101//2125 1028//2125 1029//2125
f 1047//2126 1048//2126 1120//2126
f 1120//2127 1048//2127 1121//2127
f 1100//2128 1027//2128 1028//2128
f 1099//2129 1027//2129 1100//2129
f 1048//2130 1049//2130 1121//2130
f 1121//2131 1049//2131 1122//2131
f 1099//2132 1026//2132 1027//2132
f 1098//2133 1026//2133 1099//2133
f 1049//2134 1050//2134 1122//2134
f 1097//2135 1025//2135 1098//2135
f 1098//2136 1025//2136 1026//2136
f 1050//2137 1051//2137 1122//2137
f 1122//2138 1051//2138 1123//2138
f 1096//2139 1024//2139 1097//2139
f 1097//2140 1024//2140 1025//2140
f 1051//2141 1052//2141 1123//2141
f 1123//2142 1052//2142 1124//2142
f 1096//2143 1023//2143 1024//2143
f 1095//2144 1023//2144 1096//2144
f 1124//2145 1053//2145 1125//2145
f 1052//2146 1053//2146 1124//2146
f 1095//2147 1022//2147 1023//2147
f 1094//2148 1022//2148 1095//2148
f 1053//2149 1054//2149 1125//2149
f 1125//2150 1054//2150 1126//2150
f 1093//2151 1021//2151 1094//2151
f 1094//2152 1021//2152 1022//2152
f 1126//2153 1055//2153 1127//2153
f 1054//2154 1055//2154 1126//2154
f 1093//2155 1020//2155 1021//2155
f 1055//2156 1056//2156 1127//2156
f 1056//2157 1128//2157 1127//2157
f 1093//2158 1092//2158 1020//2158
f 1092//2159 1019//2159 1020//2159
f 1056//2160 1057//2160 1128//2160
f 1057//2161 1129//2161 1128//2161
f 1092//2162 1091//2162 1019//2162
f 1091//2163 1018//2163 1019//2163
f 1057//2164 1058//2164 1129//2164
f 1058//2165 1130//2165 1129//2165
f 1091//2166 1090//2166 1018//2166
f 1090//2167 1017//2167 1018//2167
f 1058//2168 1059//2168 1130//2168
f 1059//2169 1131//2169 1130//2169
f 1090//2170 1089//2170 1017//2170
f 1089//2171 1016//2171 1017//2171
f 1059//2172 1060//2172 1131//2172
f 1060//2173 1132//2173 1131//2173
f 1061//2174 1132//2174 1060//2174
f 1089//2175 1088//2175 1016//2175
f 1016//2176 1088//2176 1015//2176
f 1061//2177 1133//2177 1132//2177
f 1062//2178 1133//2178 1061//2178
f 1015//2179 1087//2179 1014//2179
f 1088//2180 1087//2180 1015//2180
f 1062//2181 1134//2181 1133//2181
f 1063//2182 1134//2182 1062//2182
f 1087//2183 1086//2183 1014//2183
f 1063//2184 1135//2184 1134//2184
f 1064//2185 1135//2185 1063//2185
f 1014//2186 1085//2186 1013//2186
f 1086//2187 1085//2187 1014//2187
f 1064//2188 1136//2188 1135//2188
f 993//2189 1136//2189 1064//2189
f 1013//2190 1084//2190 1012//2190
f 1085//2191 1084//2191 1013//2191
f 1012//2192 1083//2192 1011//2192
f 1084//2193 1083//2193 1012//2193
f 994//2194 1066//2194 993//2194
f 993//2195 1066//2195 1136//2195
f 1011//2196 1082//2196 1010//2196
f 1083//2197 1082//2197 1011//2197
f 995//2198 1065//2198 994//2198
f 994//2199 1065//2199 1066//2199
f 1010//2200 1081//2200 1009//2200
f 1082//2201 1081//2201 1010//2201
f 995//2202 1067//2202 1065//2202
f 996//2203 1067//2203 995//2203
f 1009//2204 1080//2204 1008//2204
f 1081//2205 1080//2205 1009//2205
f 996//2206 1068//2206 1067//2206
f 997//2207 1068//2207 996//2207
f 997//2208 1069//2208 1068//2208
f 998//2209 1069//2209 997//2209
f 1008//2210 1079//2210 1007//2210
f 1080//2211 1079//2211 1008//2211
f 1079//2212 1078//2212 1007//2212
f 1007//2213 1078//2213 1006//2213
f 998//2214 1070//2214 1069//2214
f 999//2215 1070//2215 998//2215
f 1006//2216 1077//2216 1005//2216
f 1078//2217 1077//2217 1006//2217
f 999//2218 1071//2218 1070//2218
f 1000//2219 1071//2219 999//2219
f 1005//2220 1076//2220 1004//2220
f 1077//2221 1076//2221 1005//2221
f 1000//2222 1072//2222 1071//2222
f 1001//2223 1072//2223 1000//2223
f 1001//2224 1073//2224 1072//2224
f 1002//2225 1073//2225 1001//2225
f 1076//2226 1075//2226 1004//2226
f 1004//2227 1075//2227 1003//2227
f 1002//2228 1074//2228 1073//2228
f 1075//2229 1074//2229 1003//2229
f 1003//2230 1074//2230 1002//2230
f 1137//2231 1197//2231 1198//2231
f 771//2232 1197//2232 1137//2232
f 1137//2233 974//2233 938//2233
f 1138//2234 791//2234 1199//2234
f 1200//2235 600//2235 1138//2235
f 1139//2236 600//2236 1200//2236
f 939//2237 1139//2237 1201//2237
f 1140//2238 939//2238 1202//2238
f 601//2239 1140//2239 1203//2239
f 401//2240 1141//2240 1204//2240
f 1142//2241 1141//2241 940//2241
f 1205//2242 1142//2242 601//2242
f 1199//2243 1196//2243 941//2243
f 1199//2244 941//2244 1143//2244
f 1143//2245 401//2245 1206//2245
f 602//2246 1144//2246 1207//2246
f 941//2247 1208//2247 1144//2247
f 990//2248 602//2248 1209//2248
f 1145//2249 323//2249 1210//2249
f 942//2250 1145//2250 1211//2250
f 942//2251 1146//2251 943//2251
f 944//2252 1146//2252 1212//2252
f 944//2253 1148//2253 1147//2253
f 750//2254 1147//2254 1148//2254
f 1149//2255 1213//2255 751//2255
f 1214//2256 1149//2256 945//2256
f 374//2257 1215//2257 1150//2257
f 1214//2258 945//2258 1150//2258
f 1214//2259 1150//2259 1216//2259
f 752//2260 1151//2260 1156//2260
f 1156//2261 1151//2261 946//2261
f 373//2262 751//2262 1159//2262
f 373//2263 1157//2263 946//2263
f 1152//2264 1217//2264 323//2264
f 1218//2265 1152//2265 947//2265
f 752//2266 1219//2266 1153//2266
f 1220//2267 947//2267 1153//2267
f 1221//2268 1154//2268 948//2268
f 551//2269 1154//2269 1222//2269
f 1221//2270 1155//2270 1148//2270
f 1221//2271 948//2271 1155//2271
f 551//2272 752//2272 1156//2272
f 949//2273 1156//2273 1157//2273
f 1158//2274 958//2274 951//2274
f 1158//2275 952//2275 955//2275
f 1159//2276 1160//2276 953//2276
f 1158//2277 955//2277 1160//2277
f 374//2278 1161//2278 1223//2278
f 1161//2279 956//2279 1224//2279
f 1225//2280 956//2280 1162//2280
f 959//2281 1162//2281 957//2281
f 1226//2282 959//2282 958//2282
f 554//2283 1165//2283 1163//2283
f 341//2284 1164//2284 1173//2284
f 1164//2285 576//2285 1227//2285
f 1165//2286 341//2286 1228//2286
f 556//2287 1229//2287 1166//2287
f 961//2288 1166//2288 963//2288
f 961//2289 963//2289 968//2289
f 1169//2290 1167//2290 761//2290
f 1230//2291 1167//2291 1231//2291
f 962//2292 1167//2292 1230//2292
f 556//2293 1168//2293 1232//2293
f 1230//2294 1168//2294 962//2294
f 964//2295 963//2295 1166//2295
f 964//2296 1229//2296 1169//2296
f 341//2297 1173//2297 768//2297
f 1172//2298 1170//2298 966//2298
f 965//2299 1170//2299 1233//2299
f 965//2300 1233//2300 1171//2300
f 1234//2301 341//2301 1171//2301
f 1172//2302 967//2302 983//2302
f 970//2303 1173//2303 1235//2303
f 1174//2304 970//2304 1236//2304
f 1174//2305 1236//2305 1177//2305
f 1175//2306 567//2306 1237//2306
f 969//2307 1175//2307 1238//2307
f 1176//2308 770//2308 1239//2308
f 971//2309 1176//2309 972//2309
f 567//2310 1177//2310 1236//2310
f 971//2311 972//2311 1174//2311
f 1177//2312 971//2312 1174//2312
f 769//2313 1178//2313 1240//2313
f 1176//2314 1178//2314 972//2314
f 770//2315 1179//2315 1241//2315
f 973//2316 1180//2316 1179//2316
f 769//2317 1242//2317 1180//2317
f 1243//2318 772//2318 974//2318
f 1243//2319 974//2319 1244//2319
f 771//2320 1181//2320 1245//2320
f 772//2321 1246//2321 1182//2321
f 1181//2322 1182//2322 1247//2322
f 975//2323 977//2323 1183//2323
f 1183//2324 1248//2324 976//2324
f 1184//2325 976//2325 1248//2325
f 1249//2326 1185//2326 1184//2326
f 1249//2327 1184//2327 1250//2327
f 1183//2328 977//2328 1185//2328
f 1186//2329 981//2329 386//2329
f 980//2330 319//2330 1251//2330
f 982//2331 1187//2331 386//2331
f 1251//2332 986//2332 1187//2332
f 980//2333 1251//2333 1187//2333
f 969//2334 1172//2334 983//2334
f 1252//2335 576//2335 1188//2335
f 1165//2336 1188//2336 984//2336
f 1163//2337 1165//2337 984//2337
f 1251//2338 319//2338 1189//2338
f 1190//2339 986//2339 1253//2339
f 1189//2340 786//2340 1190//2340
f 1254//2341 1189//2341 1190//2341
f 1191//2342 1255//2342 789//2342
f 1256//2343 1192//2343 987//2343
f 1255//2344 1193//2344 789//2344
f 1193//2345 1257//2345 987//2345
f 988//2346 1194//2346 1191//2346
f 1194//2347 790//2347 1195//2347
f 1256//2348 989//2348 1192//2348
f 1256//2349 1195//2349 989//2349
f 1258//2350 1196//2350 990//2350
f 1196//2351 1199//2351 791//2351
f 1259//2352 1137//2352 1198//2352
f 771//2353 1260//2353 1197//2353
f 1197//2354 1261//2354 1198//2354
f 974//2355 1137//2355 1262//2355
f 1263//2356 1138//2356 1199//2356
f 1264//2357 1200//2357 1138//2357
f 1139//2358 1200//2358 1265//2358
f 1201//2359 1139//2359 1266//2359
f 939//2360 1201//2360 1267//2360
f 939//2361 1268//2361 1202//2361
f 1269//2362 1140//2362 1202//2362
f 1205//2363 1203//2363 1140//2363
f 1205//2364 601//2364 1203//2364
f 401//2365 1204//2365 1206//2365
f 1270//2366 1271//2366 1204//2366
f 1270//2367 1204//2367 1141//2367
f 1270//2368 1141//2368 1142//2368
f 602//2369 1142//2369 1205//2369
f 1199//2370 1143//2370 1272//2370
f 941//2371 1196//2371 1208//2371
f 1143//2372 1206//2372 1273//2372
f 602//2373 1207//2373 1271//2373
f 1144//2374 1274//2374 1273//2374
f 1207//2375 1144//2375 1273//2375
f 1272//2376 1144//2376 1208//2376
f 1272//2377 1274//2377 1144//2377
f 990//2378 1209//2378 1275//2378
f 1209//2379 602//2379 1276//2379
f 1210//2380 323//2380 1277//2380
f 1210//2381 1278//2381 1145//2381
f 1278//2382 1211//2382 1145//2382
f 942//2383 1211//2383 1279//2383
f 1280//2384 1146//2384 942//2384
f 1221//2385 944//2385 1212//2385
f 1212//2386 1146//2386 1280//2386
f 1221//2387 1148//2387 944//2387
f 1213//2388 1281//2388 751//2388
f 1213//2389 1149//2389 1217//2389
f 1214//2390 1282//2390 1149//2390
f 374//2391 1283//2391 1215//2391
f 1216//2392 1150//2392 1215//2392
f 1216//2393 1215//2393 1284//2393
f 1216//2394 323//2394 1214//2394
f 1157//2395 1156//2395 946//2395
f 1159//2396 751//2396 1285//2396
f 1217//2397 1282//2397 323//2397
f 1152//2398 1213//2398 1217//2398
f 1218//2399 1281//2399 1152//2399
f 1220//2400 1218//2400 947//2400
f 752//2401 1286//2401 1219//2401
f 1153//2402 1219//2402 1287//2402
f 1153//2403 1287//2403 1220//2403
f 1222//2404 1154//2404 1221//2404
f 1222//2405 1221//2405 1288//2405
f 551//2406 1222//2406 1289//2406
f 752//2407 551//2407 1290//2407
f 1158//2408 1226//2408 958//2408
f 1159//2409 1291//2409 1160//2409
f 1162//2410 1158//2410 1160//2410
f 1223//2411 1292//2411 374//2411
f 1293//2412 1223//2412 1161//2412
f 1293//2413 1161//2413 1294//2413
f 956//2414 1295//2414 1224//2414
f 1161//2415 1224//2415 1294//2415
f 956//2416 1225//2416 1296//2416
f 1162//2417 1296//2417 1225//2417
f 959//2418 1158//2418 1162//2418
f 959//2419 1226//2419 1158//2419
f 1297//2420 1173//2420 1164//2420
f 1227//2421 576//2421 1172//2421
f 1227//2422 1242//2422 1164//2422
f 1228//2423 341//2423 1298//2423
f 1165//2424 1228//2424 1299//2424
f 556//2425 1232//2425 1229//2425
f 964//2426 1166//2426 1229//2426
f 1300//2427 1167//2427 1169//2427
f 1300//2428 1231//2428 1167//2428
f 1301//2429 1231//2429 1302//2429
f 1230//2430 1231//2430 1301//2430
f 1300//2431 1232//2431 1168//2431
f 1230//2432 1303//2432 1168//2432
f 1169//2433 1229//2433 1232//2433
f 1172//2434 1233//2434 1170//2434
f 1304//2435 1234//2435 1171//2435
f 1233//2436 1304//2436 1171//2436
f 1305//2437 341//2437 1234//2437
f 1235//2438 1173//2438 1297//2438
f 970//2439 1235//2439 1306//2439
f 1307//2440 1308//2440 1236//2440
f 970//2441 1307//2441 1236//2441
f 567//2442 1309//2442 1237//2442
f 1235//2443 1175//2443 1237//2443
f 1235//2444 1238//2444 1175//2444
f 969//2445 1238//2445 1310//2445
f 1239//2446 770//2446 1311//2446
f 1176//2447 1239//2447 1240//2447
f 567//2448 1236//2448 1308//2448
f 769//2449 1240//2449 1312//2449
f 1176//2450 1240//2450 1178//2450
f 1179//2451 1313//2451 1241//2451
f 770//2452 1241//2452 1314//2452
f 1179//2453 1180//2453 1313//2453
f 1242//2454 769//2454 1315//2454
f 1180//2455 1242//2455 1316//2455
f 772//2456 1243//2456 1317//2456
f 1244//2457 974//2457 1318//2457
f 1244//2458 1319//2458 1243//2458
f 1262//2459 1245//2459 1181//2459
f 771//2460 1245//2460 1260//2460
f 772//2461 1320//2461 1246//2461
f 1246//2462 1321//2462 1322//2462
f 1182//2463 1246//2463 1322//2463
f 1247//2464 1182//2464 1323//2464
f 1181//2465 1247//2465 1262//2465
f 1324//2466 1248//2466 1183//2466
f 1184//2467 1248//2467 1250//2467
f 1250//2468 1325//2468 1249//2468
f 1324//2469 1185//2469 1249//2469
f 1183//2470 1185//2470 1324//2470
f 1253//2471 986//2471 1251//2471
f 969//2472 1326//2472 1172//2472
f 1172//2473 576//2473 1252//2473
f 1252//2474 1188//2474 1327//2474
f 1165//2475 1299//2475 1188//2475
f 1251//2476 1189//2476 1328//2476
f 1253//2477 1329//2477 1190//2477
f 1329//2478 1330//2478 1254//2478
f 1329//2479 1254//2479 1190//2479
f 1328//2480 1189//2480 1254//2480
f 1191//2481 1257//2481 1255//2481
f 1257//2482 1256//2482 987//2482
f 1255//2483 1257//2483 1193//2483
f 1194//2484 1257//2484 1191//2484
f 1331//2485 1194//2485 1195//2485
f 1331//2486 1195//2486 1332//2486
f 1195//2487 1256//2487 1333//2487
f 1334//2488 1258//2488 990//2488
f 1335//2489 1196//2489 1258//2489
f 1259//2490 1198//2490 1336//2490
f 1337//2491 1137//2491 1259//2491
f 1197//2492 1260//2492 1338//2492
f 1261//2493 1339//2493 1198//2493
f 1261//2494 1197//2494 1340//2494
f 974//2495 1262//2495 1341//2495
f 1262//2496 1137//2496 1337//2496
f 1342//2497 1263//2497 1199//2497
f 1263//2498 1264//2498 1138//2498
f 1264//2499 1343//2499 1200//2499
f 1343//2500 1265//2500 1200//2500
f 1344//2501 1139//2501 1265//2501
f 1139//2502 1345//2502 1266//2502
f 1266//2503 1346//2503 1201//2503
f 1201//2504 1209//2504 1267//2504
f 1267//2505 1276//2505 939//2505
f 939//2506 1276//2506 1268//2506
f 1268//2507 1269//2507 1202//2507
f 1269//2508 1205//2508 1140//2508
f 1207//2509 1206//2509 1204//2509
f 1271//2510 1207//2510 1204//2510
f 602//2511 1271//2511 1270//2511
f 602//2512 1270//2512 1142//2512
f 602//2513 1205//2513 1269//2513
f 1143//2514 1274//2514 1272//2514
f 1199//2515 1272//2515 1347//2515
f 1208//2516 1196//2516 1348//2516
f 1143//2517 1273//2517 1274//2517
f 1207//2518 1273//2518 1206//2518
f 1348//2519 1272//2519 1208//2519
f 1348//2520 1347//2520 1272//2520
f 990//2521 1275//2521 1346//2521
f 1201//2522 1275//2522 1209//2522
f 602//2523 1268//2523 1276//2523
f 1267//2524 1209//2524 1276//2524
f 1277//2525 323//2525 1349//2525
f 1277//2526 1350//2526 1210//2526
f 1210//2527 1351//2527 1278//2527
f 1278//2528 1352//2528 1211//2528
f 1279//2529 1211//2529 1353//2529
f 942//2530 1279//2530 1354//2530
f 1280//2531 942//2531 1355//2531
f 1221//2532 1212//2532 1356//2532
f 1355//2533 1212//2533 1280//2533
f 1152//2534 1281//2534 1213//2534
f 1281//2535 1218//2535 751//2535
f 1149//2536 1282//2536 1217//2536
f 1214//2537 323//2537 1282//2537
f 374//2538 1357//2538 1283//2538
f 1358//2539 1215//2539 1283//2539
f 1358//2540 1284//2540 1215//2540
f 1284//2541 323//2541 1216//2541
f 1285//2542 751//2542 1359//2542
f 1159//2543 1285//2543 1291//2543
f 1218//2544 1220//2544 751//2544
f 752//2545 1360//2545 1286//2545
f 1287//2546 1219//2546 1286//2546
f 1287//2547 751//2547 1220//2547
f 1221//2548 1361//2548 1288//2548
f 1361//2549 1289//2549 1222//2549
f 1288//2550 1361//2550 1222//2550
f 551//2551 1289//2551 1362//2551
f 752//2552 1290//2552 1363//2552
f 1290//2553 551//2553 1362//2553
f 1160//2554 1291//2554 1364//2554
f 1162//2555 1160//2555 1365//2555
f 1292//2556 1366//2556 374//2556
f 1293//2557 1292//2557 1223//2557
f 1367//2558 1293//2558 1294//2558
f 956//2559 1368//2559 1295//2559
f 1367//2560 1224//2560 1295//2560
f 1224//2561 1367//2561 1294//2561
f 1369//2562 956//2562 1296//2562
f 1162//2563 1365//2563 1296//2563
f 1297//2564 1164//2564 1370//2564
f 1172//2565 1241//2565 1227//2565
f 1227//2566 1241//2566 1242//2566
f 1371//2567 1164//2567 1242//2567
f 1298//2568 341//2568 1305//2568
f 1228//2569 1298//2569 1372//2569
f 1228//2570 1373//2570 1299//2570
f 1169//2571 1232//2571 1300//2571
f 1374//2572 1231//2572 1300//2572
f 1374//2573 1302//2573 1231//2573
f 1302//2574 1375//2574 1301//2574
f 1301//2575 1303//2575 1230//2575
f 1300//2576 1168//2576 1303//2576
f 1172//2577 1304//2577 1233//2577
f 1234//2578 1304//2578 1376//2578
f 1305//2579 1234//2579 1376//2579
f 1235//2580 1297//2580 1238//2580
f 1306//2581 1235//2581 1237//2581
f 970//2582 1306//2582 1307//2582
f 1307//2583 1377//2583 1308//2583
f 1378//2584 1377//2584 1307//2584
f 567//2585 1379//2585 1309//2585
f 1237//2586 1309//2586 1380//2586
f 969//2587 1310//2587 1381//2587
f 1297//2588 1310//2588 1238//2588
f 1311//2589 770//2589 1382//2589
f 1311//2590 1312//2590 1240//2590
f 1239//2591 1311//2591 1240//2591
f 1377//2592 567//2592 1308//2592
f 769//2593 1312//2593 1383//2593
f 1241//2594 1313//2594 1242//2594
f 1314//2595 1241//2595 1384//2595
f 1385//2596 770//2596 1314//2596
f 1180//2597 1316//2597 1313//2597
f 1242//2598 1315//2598 1386//2598
f 769//2599 1387//2599 1315//2599
f 1242//2600 1388//2600 1316//2600
f 1317//2601 1243//2601 1389//2601
f 772//2602 1317//2602 1320//2602
f 1244//2603 1318//2603 1390//2603
f 974//2604 1321//2604 1318//2604
f 1244//2605 1391//2605 1319//2605
f 1392//2606 1243//2606 1319//2606
f 1262//2607 1337//2607 1245//2607
f 1337//2608 1260//2608 1245//2608
f 1246//2609 1320//2609 1321//2609
f 974//2610 1322//2610 1321//2610
f 1322//2611 1323//2611 1182//2611
f 1322//2612 1393//2612 1323//2612
f 1323//2613 1394//2613 1247//2613
f 1247//2614 1341//2614 1262//2614
f 1324//2615 1395//2615 1248//2615
f 1250//2616 1248//2616 1395//2616
f 1250//2617 1395//2617 1325//2617
f 1325//2618 1396//2618 1249//2618
f 1324//2619 1249//2619 1397//2619
f 1253//2620 1251//2620 1328//2620
f 969//2621 1381//2621 1326//2621
f 1172//2622 1326//2622 1241//2622
f 1172//2623 1252//2623 1376//2623
f 1327//2624 1188//2624 1299//2624
f 1298//2625 1252//2625 1327//2625
f 1398//2626 1329//2626 1253//2626
f 1330//2627 1329//2627 1399//2627
f 1254//2628 1330//2628 1400//2628
f 1254//2629 1400//2629 1328//2629
f 1256//2630 1401//2630 1402//2630
f 1257//2631 1401//2631 1256//2631
f 1194//2632 1403//2632 1257//2632
f 1332//2633 1195//2633 1404//2633
f 1405//2634 1331//2634 1332//2634
f 1194//2635 1331//2635 1406//2635
f 1407//2636 1195//2636 1333//2636
f 1333//2637 1256//2637 1408//2637
f 1409//2638 1334//2638 990//2638
f 1258//2639 1334//2639 1342//2639
f 1258//2640 1342//2640 1410//2640
f 1258//2641 1410//2641 1411//2641
f 1335//2642 1258//2642 1411//2642
f 1412//2643 1196//2643 1335//2643
f 1336//2644 1198//2644 1413//2644
f 1336//2645 1260//2645 1259//2645
f 1259//2646 1260//2646 1337//2646
f 1338//2647 1414//2647 1197//2647
f 1336//2648 1338//2648 1260//2648
f 1244//2649 1198//2649 1339//2649
f 1340//2650 1339//2650 1261//2650
f 1197//2651 1392//2651 1340//2651
f 974//2652 1341//2652 1415//2652
f 1410//2653 1342//2653 1199//2653
f 1409//2654 1263//2654 1342//2654
f 1334//2655 1409//2655 1342//2655
f 1263//2656 1409//2656 1264//2656
f 1343//2657 1264//2657 990//2657
f 1343//2658 1344//2658 1265//2658
f 1344//2659 1345//2659 1139//2659
f 1266//2660 1345//2660 1346//2660
f 1201//2661 1346//2661 1275//2661
f 602//2662 1269//2662 1268//2662
f 1199//2663 1347//2663 1416//2663
f 1348//2664 1196//2664 1417//2664
f 1417//2665 1416//2665 1347//2665
f 1417//2666 1347//2666 1348//2666
f 990//2667 1346//2667 1345//2667
f 1349//2668 323//2668 1418//2668
f 1350//2669 1277//2669 1349//2669
f 1210//2670 1350//2670 1351//2670
f 1350//2671 1278//2671 1351//2671
f 1278//2672 1353//2672 1352//2672
f 1211//2673 1352//2673 1353//2673
f 1354//2674 1279//2674 1353//2674
f 942//2675 1354//2675 1419//2675
f 942//2676 1419//2676 1355//2676
f 1356//2677 1212//2677 1420//2677
f 1221//2678 1356//2678 1361//2678
f 1355//2679 1421//2679 1212//2679
f 374//2680 1422//2680 1357//2680
f 1283//2681 1357//2681 1423//2681
f 1283//2682 1423//2682 1358//2682
f 1358//2683 323//2683 1284//2683
f 1359//2684 751//2684 1424//2684
f 1285//2685 1359//2685 1425//2685
f 1285//2686 1364//2686 1291//2686
f 752//2687 1426//2687 1360//2687
f 1360//2688 1427//2688 1286//2688
f 1287//2689 1286//2689 1428//2689
f 1428//2690 751//2690 1287//2690
f 1429//2691 1289//2691 1361//2691
f 1429//2692 1362//2692 1289//2692
f 752//2693 1363//2693 1430//2693
f 1356//2694 1431//2694 1363//2694
f 1356//2695 1363//2695 1290//2695
f 1429//2696 1290//2696 1362//2696
f 1356//2697 1290//2697 1429//2697
f 1365//2698 1160//2698 1364//2698
f 374//2699 1366//2699 1432//2699
f 374//2700 1432//2700 1433//2700
f 1366//2701 1292//2701 1434//2701
f 1434//2702 1292//2702 1293//2702
f 1367//2703 1435//2703 1293//2703
f 956//2704 1436//2704 1368//2704
f 1437//2705 1295//2705 1368//2705
f 1437//2706 1367//2706 1295//2706
f 1436//2707 956//2707 1369//2707
f 1296//2708 1438//2708 1369//2708
f 1296//2709 1365//2709 1439//2709
f 1370//2710 1164//2710 1440//2710
f 1370//2711 1310//2711 1297//2711
f 1371//2712 1441//2712 1164//2712
f 1442//2713 1371//2713 1242//2713
f 1298//2714 1305//2714 1376//2714
f 1372//2715 1298//2715 1327//2715
f 1228//2716 1372//2716 1443//2716
f 1228//2717 1375//2717 1373//2717
f 1444//2718 1299//2718 1373//2718
f 1300//2719 1445//2719 1374//2719
f 1446//2720 1302//2720 1374//2720
f 1302//2721 1373//2721 1375//2721
f 1375//2722 1445//2722 1301//2722
f 1301//2723 1445//2723 1303//2723
f 1300//2724 1303//2724 1445//2724
f 1172//2725 1376//2725 1304//2725
f 1237//2726 1380//2726 1306//2726
f 1307//2727 1306//2727 1380//2727
f 1307//2728 1380//2728 1378//2728
f 1447//2729 1448//2729 1377//2729
f 1378//2730 1447//2730 1377//2730
f 567//2731 1377//2731 1379//2731
f 1379//2732 1449//2732 1380//2732
f 1309//2733 1379//2733 1380//2733
f 1370//2734 1381//2734 1310//2734
f 1382//2735 770//2735 1385//2735
f 1383//2736 1312//2736 1311//2736
f 1383//2737 1311//2737 1382//2737
f 769//2738 1383//2738 1387//2738
f 1313//2739 1388//2739 1242//2739
f 1384//2740 1241//2740 1450//2740
f 1314//2741 1384//2741 1451//2741
f 1315//2742 1387//2742 1385//2742
f 1315//2743 1385//2743 1314//2743
f 1316//2744 1388//2744 1313//2744
f 1242//2745 1386//2745 1452//2745
f 1386//2746 1315//2746 1314//2746
f 1389//2747 1243//2747 1453//2747
f 1317//2748 1389//2748 1390//2748
f 1317//2749 1318//2749 1320//2749
f 1244//2750 1390//2750 1454//2750
f 1317//2751 1390//2751 1318//2751
f 1320//2752 1318//2752 1321//2752
f 1391//2753 1392//2753 1319//2753
f 1244//2754 1339//2754 1391//2754
f 1197//2755 1243//2755 1392//2755
f 974//2756 1393//2756 1322//2756
f 1415//2757 1455//2757 1323//2757
f 1415//2758 1323//2758 1393//2758
f 1394//2759 1323//2759 1455//2759
f 1247//2760 1394//2760 1456//2760
f 1247//2761 1456//2761 1341//2761
f 1399//2762 1395//2762 1324//2762
f 1325//2763 1395//2763 1399//2763
f 1325//2764 1400//2764 1396//2764
f 1397//2765 1249//2765 1396//2765
f 1399//2766 1324//2766 1397//2766
f 1253//2767 1328//2767 1400//2767
f 1326//2768 1381//2768 1440//2768
f 1326//2769 1457//2769 1241//2769
f 1298//2770 1376//2770 1252//2770
f 1327//2771 1299//2771 1444//2771
f 1398//2772 1399//2772 1329//2772
f 1253//2773 1400//2773 1398//2773
f 1397//2774 1330//2774 1399//2774
f 1330//2775 1396//2775 1400//2775
f 1402//2776 1458//2776 1256//2776
f 1459//2777 1401//2777 1257//2777
f 1402//2778 1401//2778 1460//2778
f 1403//2779 1194//2779 1461//2779
f 1403//2780 1459//2780 1257//2780
f 1332//2781 1404//2781 1462//2781
f 1404//2782 1195//2782 1407//2782
f 1405//2783 1332//2783 1463//2783
f 1464//2784 1331//2784 1405//2784
f 1194//2785 1406//2785 1465//2785
f 1331//2786 1466//2786 1406//2786
f 1407//2787 1333//2787 1467//2787
f 1458//2788 1408//2788 1256//2788
f 1333//2789 1408//2789 1461//2789
f 1264//2790 1409//2790 990//2790
f 1411//2791 1410//2791 1199//2791
f 1335//2792 1468//2792 1412//2792
f 1335//2793 1411//2793 1468//2793
f 1417//2794 1196//2794 1412//2794
f 1469//2795 1413//2795 1198//2795
f 1336//2796 1413//2796 1338//2796
f 1413//2797 1414//2797 1338//2797
f 1414//2798 1470//2798 1197//2798
f 1198//2799 1244//2799 1471//2799
f 1391//2800 1339//2800 1340//2800
f 1391//2801 1340//2801 1392//2801
f 1415//2802 1341//2802 1456//2802
f 974//2803 1415//2803 1393//2803
f 1344//2804 1343//2804 990//2804
f 1345//2805 1344//2805 990//2805
f 1416//2806 1468//2806 1199//2806
f 1417//2807 1468//2807 1416//2807
f 1412//2808 1468//2808 1417//2808
f 1418//2809 323//2809 1472//2809
f 1349//2810 1418//2810 1473//2810
f 1474//2811 1350//2811 1349//2811
f 1278//2812 1350//2812 1475//2812
f 1476//2813 1353//2813 1278//2813
f 1354//2814 1353//2814 1477//2814
f 1476//2815 1419//2815 1354//2815
f 1421//2816 1355//2816 1419//2816
f 1420//2817 1212//2817 1478//2817
f 1356//2818 1420//2818 1431//2818
f 1361//2819 1356//2819 1429//2819
f 1479//2820 1478//2820 1212//2820
f 1479//2821 1212//2821 1421//2821
f 1480//2822 1422//2822 374//2822
f 1481//2823 1357//2823 1422//2823
f 1357//2824 1482//2824 1423//2824
f 1423//2825 1483//2825 1358//2825
f 1484//2826 323//2826 1358//2826
f 1424//2827 751//2827 1485//2827
f 1424//2828 1486//2828 1487//2828
f 1359//2829 1424//2829 1487//2829
f 1425//2830 1487//2830 1488//2830
f 1359//2831 1487//2831 1425//2831
f 1285//2832 1425//2832 1489//2832
f 1490//2833 1364//2833 1285//2833
f 1490//2834 1285//2834 1491//2834
f 752//2835 1492//2835 1426//2835
f 1360//2836 1426//2836 1493//2836
f 1360//2837 1494//2837 1427//2837
f 1495//2838 1286//2838 1427//2838
f 1428//2839 1286//2839 1495//2839
f 1493//2840 751//2840 1428//2840
f 752//2841 1430//2841 1492//2841
f 1430//2842 1363//2842 1496//2842
f 1363//2843 1431//2843 1420//2843
f 1497//2844 1363//2844 1420//2844
f 1365//2845 1364//2845 1490//2845
f 1432//2846 1366//2846 1498//2846
f 1418//2847 1433//2847 1432//2847
f 374//2848 1433//2848 1480//2848
f 1366//2849 1434//2849 1435//2849
f 1293//2850 1435//2850 1434//2850
f 1367//2851 1499//2851 1435//2851
f 1436//2852 1500//2852 1368//2852
f 1500//2853 1437//2853 1368//2853
f 1367//2854 1437//2854 1500//2854
f 1369//2855 1438//2855 1436//2855
f 1296//2856 1439//2856 1438//2856
f 1365//2857 1438//2857 1439//2857
f 1441//2858 1440//2858 1164//2858
f 1370//2859 1440//2859 1381//2859
f 1457//2860 1326//2860 1441//2860
f 1457//2861 1441//2861 1371//2861
f 1501//2862 1442//2862 1242//2862
f 1457//2863 1371//2863 1442//2863
f 1502//2864 1457//2864 1442//2864
f 1372//2865 1327//2865 1444//2865
f 1443//2866 1372//2866 1444//2866
f 1228//2867 1443//2867 1375//2867
f 1444//2868 1373//2868 1446//2868
f 1374//2869 1445//2869 1446//2869
f 1446//2870 1373//2870 1302//2870
f 1375//2871 1443//2871 1445//2871
f 1378//2872 1380//2872 1449//2872
f 1377//2873 1448//2873 1503//2873
f 1378//2874 1449//2874 1447//2874
f 1504//2875 1448//2875 1447//2875
f 1504//2876 1447//2876 1505//2876
f 1377//2877 1503//2877 1379//2877
f 1379//2878 1506//2878 1449//2878
f 1385//2879 1387//2879 1383//2879
f 1385//2880 1383//2880 1382//2880
f 1502//2881 1450//2881 1241//2881
f 1507//2882 1384//2882 1450//2882
f 1501//2883 1507//2883 1450//2883
f 1508//2884 1451//2884 1384//2884
f 1386//2885 1314//2885 1451//2885
f 1386//2886 1509//2886 1452//2886
f 1242//2887 1452//2887 1507//2887
f 1453//2888 1243//2888 1510//2888
f 1454//2889 1389//2889 1453//2889
f 1389//2890 1454//2890 1390//2890
f 1244//2891 1454//2891 1511//2891
f 1243//2892 1197//2892 1512//2892
f 1415//2893 1513//2893 1455//2893
f 1514//2894 1513//2894 1415//2894
f 1455//2895 1515//2895 1394//2895
f 1515//2896 1456//2896 1394//2896
f 1325//2897 1399//2897 1398//2897
f 1398//2898 1400//2898 1325//2898
f 1330//2899 1397//2899 1396//2899
f 1326//2900 1440//2900 1441//2900
f 1457//2901 1502//2901 1241//2901
f 1458//2902 1402//2902 1516//2902
f 1401//2903 1459//2903 1517//2903
f 1518//2904 1402//2904 1460//2904
f 1401//2905 1331//2905 1460//2905
f 1194//2906 1519//2906 1461//2906
f 1408//2907 1403//2907 1461//2907
f 1459//2908 1403//2908 1408//2908
f 1332//2909 1462//2909 1520//2909
f 1462//2910 1404//2910 1521//2910
f 1404//2911 1407//2911 1521//2911
f 1463//2912 1464//2912 1405//2912
f 1463//2913 1332//2913 1402//2913
f 1460//2914 1331//2914 1464//2914
f 1194//2915 1465//2915 1522//2915
f 1406//2916 1523//2916 1524//2916
f 1465//2917 1406//2917 1524//2917
f 1331//2918 1525//2918 1466//2918
f 1406//2919 1466//2919 1526//2919
f 1467//2920 1333//2920 1527//2920
f 1407//2921 1467//2921 1528//2921
f 1459//2922 1408//2922 1458//2922
f 1333//2923 1461//2923 1529//2923
f 1468//2924 1411//2924 1199//2924
f 1530//2925 1469//2925 1198//2925
f 1414//2926 1413//2926 1469//2926
f 1470//2927 1414//2927 1469//2927
f 1470//2928 1531//2928 1197//2928
f 1471//2929 1244//2929 1532//2929
f 1198//2930 1471//2930 1533//2930
f 1415//2931 1456//2931 1514//2931
f 1472//2932 323//2932 1534//2932
f 1418//2933 1472//2933 1433//2933
f 1432//2934 1473//2934 1418//2934
f 1349//2935 1473//2935 1535//2935
f 1475//2936 1350//2936 1474//2936
f 1349//2937 1475//2937 1474//2937
f 1476//2938 1278//2938 1475//2938
f 1476//2939 1475//2939 1536//2939
f 1476//2940 1477//2940 1353//2940
f 1476//2941 1354//2941 1477//2941
f 1476//2942 1537//2942 1419//2942
f 1421//2943 1419//2943 1537//2943
f 1479//2944 1497//2944 1420//2944
f 1479//2945 1420//2945 1478//2945
f 1479//2946 1421//2946 1537//2946
f 1481//2947 1422//2947 1480//2947
f 1481//2948 1480//2948 1534//2948
f 1481//2949 1484//2949 1357//2949
f 1357//2950 1538//2950 1482//2950
f 1423//2951 1482//2951 1539//2951
f 1423//2952 1539//2952 1483//2952
f 1484//2953 1358//2953 1483//2953
f 1481//2954 323//2954 1484//2954
f 1485//2955 751//2955 1493//2955
f 1424//2956 1485//2956 1540//2956
f 1488//2957 1487//2957 1486//2957
f 1541//2958 1486//2958 1424//2958
f 1541//2959 1424//2959 1542//2959
f 1425//2960 1488//2960 1489//2960
f 1285//2961 1489//2961 1543//2961
f 1285//2962 1544//2962 1491//2962
f 1365//2963 1490//2963 1491//2963
f 1426//2964 1492//2964 1545//2964
f 1426//2965 1485//2965 1493//2965
f 1493//2966 1546//2966 1360//2966
f 1360//2967 1547//2967 1494//2967
f 1427//2968 1494//2968 1548//2968
f 1427//2969 1548//2969 1495//2969
f 1493//2970 1428//2970 1495//2970
f 1536//2971 1492//2971 1430//2971
f 1363//2972 1549//2972 1496//2972
f 1550//2973 1430//2973 1496//2973
f 1537//2974 1363//2974 1497//2974
f 1366//2975 1551//2975 1498//2975
f 1432//2976 1498//2976 1473//2976
f 1472//2977 1480//2977 1433//2977
f 1534//2978 1480//2978 1472//2978
f 1435//2979 1552//2979 1366//2979
f 1435//2980 1499//2980 1486//2980
f 1367//2981 1500//2981 1499//2981
f 1544//2982 1500//2982 1436//2982
f 1438//2983 1544//2983 1436//2983
f 1365//2984 1553//2984 1438//2984
f 1242//2985 1507//2985 1501//2985
f 1450//2986 1502//2986 1442//2986
f 1450//2987 1442//2987 1501//2987
f 1444//2988 1446//2988 1445//2988
f 1444//2989 1445//2989 1443//2989
f 1448//2990 1554//2990 1503//2990
f 1447//2991 1449//2991 1506//2991
f 1505//2992 1447//2992 1506//2992
f 1504//2993 1505//2993 1555//2993
f 1556//2994 1504//2994 1555//2994
f 1448//2995 1504//2995 1554//2995
f 1379//2996 1503//2996 1506//2996
f 1507//2997 1452//2997 1557//2997
f 1507//2998 1557//2998 1384//2998
f 1508//2999 1384//2999 1557//2999
f 1451//3000 1508//3000 1509//3000
f 1451//3001 1509//3001 1386//3001
f 1509//3002 1558//3002 1452//3002
f 1510//3003 1243//3003 1559//3003
f 1510//3004 1511//3004 1453//3004
f 1511//3005 1454//3005 1453//3005
f 1244//3006 1511//3006 1560//3006
f 1512//3007 1197//3007 1561//3007
f 1243//3008 1512//3008 1559//3008
f 1562//3009 1563//3009 1513//3009
f 1514//3010 1562//3010 1513//3010
f 1455//3011 1513//3011 1515//3011
f 1515//3012 1564//3012 1456//3012
f 1402//3013 1565//3013 1516//3013
f 1517//3014 1458//3014 1516//3014
f 1517//3015 1566//3015 1401//3015
f 1517//3016 1459//3016 1458//3016
f 1463//3017 1402//3017 1518//3017
f 1464//3018 1518//3018 1460//3018
f 1331//3019 1401//3019 1567//3019
f 1461//3020 1519//3020 1529//3020
f 1194//3021 1528//3021 1519//3021
f 1332//3022 1520//3022 1524//3022
f 1520//3023 1462//3023 1568//3023
f 1462//3024 1521//3024 1568//3024
f 1407//3025 1569//3025 1521//3025
f 1463//3026 1518//3026 1464//3026
f 1402//3027 1332//3027 1570//3027
f 1522//3028 1465//3028 1524//3028
f 1194//3029 1522//3029 1568//3029
f 1332//3030 1524//3030 1523//3030
f 1406//3031 1526//3031 1523//3031
f 1331//3032 1571//3032 1525//3032
f 1466//3033 1525//3033 1570//3033
f 1466//3034 1570//3034 1526//3034
f 1527//3035 1333//3035 1529//3035
f 1467//3036 1527//3036 1572//3036
f 1528//3037 1467//3037 1572//3037
f 1407//3038 1528//3038 1569//3038
f 1573//3039 1530//3039 1198//3039
f 1530//3040 1531//3040 1469//3040
f 1469//3041 1531//3041 1470//3041
f 1531//3042 1574//3042 1197//3042
f 1244//3043 1560//3043 1532//3043
f 1471//3044 1532//3044 1512//3044
f 1533//3045 1471//3045 1575//3045
f 1533//3046 1573//3046 1198//3046
f 1514//3047 1456//3047 1564//3047
f 1534//3048 323//3048 1481//3048
f 1498//3049 1535//3049 1473//3049
f 1349//3050 1535//3050 1576//3050
f 1349//3051 1577//3051 1475//3051
f 1536//3052 1475//3052 1578//3052
f 1476//3053 1536//3053 1579//3053
f 1580//3054 1537//3054 1476//3054
f 1580//3055 1476//3055 1581//3055
f 1497//3056 1479//3056 1537//3056
f 1582//3057 1357//3057 1484//3057
f 1357//3058 1582//3058 1538//3058
f 1538//3059 1583//3059 1482//3059
f 1482//3060 1583//3060 1539//3060
f 1484//3061 1483//3061 1539//3061
f 1540//3062 1426//3062 1545//3062
f 1485//3063 1426//3063 1540//3063
f 1424//3064 1540//3064 1584//3064
f 1499//3065 1488//3065 1486//3065
f 1424//3066 1585//3066 1542//3066
f 1541//3067 1542//3067 1586//3067
f 1587//3068 1541//3068 1586//3068
f 1587//3069 1486//3069 1541//3069
f 1489//3070 1488//3070 1588//3070
f 1543//3071 1489//3071 1499//3071
f 1544//3072 1285//3072 1543//3072
f 1553//3073 1491//3073 1544//3073
f 1365//3074 1491//3074 1553//3074
f 1492//3075 1589//3075 1545//3075
f 1493//3076 1590//3076 1546//3076
f 1547//3077 1360//3077 1546//3077
f 1548//3078 1494//3078 1547//3078
f 1493//3079 1495//3079 1548//3079
f 1536//3080 1430//3080 1550//3080
f 1536//3081 1591//3081 1492//3081
f 1363//3082 1580//3082 1549//3082
f 1579//3083 1496//3083 1549//3083
f 1550//3084 1496//3084 1579//3084
f 1363//3085 1537//3085 1580//3085
f 1366//3086 1592//3086 1551//3086
f 1498//3087 1551//3087 1535//3087
f 1435//3088 1593//3088 1552//3088
f 1366//3089 1552//3089 1592//3089
f 1435//3090 1486//3090 1587//3090
f 1500//3091 1594//3091 1499//3091
f 1544//3092 1594//3092 1500//3092
f 1438//3093 1553//3093 1544//3093
f 1503//3094 1554//3094 1506//3094
f 1505//3095 1506//3095 1595//3095
f 1504//3096 1556//3096 1596//3096
f 1555//3097 1505//3097 1595//3097
f 1508//3098 1556//3098 1555//3098
f 1508//3099 1555//3099 1509//3099
f 1504//3100 1596//3100 1554//3100
f 1557//3101 1452//3101 1558//3101
f 1557//3102 1558//3102 1596//3102
f 1556//3103 1508//3103 1557//3103
f 1509//3104 1555//3104 1558//3104
f 1559//3105 1560//3105 1510//3105
f 1510//3106 1560//3106 1511//3106
f 1561//3107 1197//3107 1597//3107
f 1561//3108 1598//3108 1471//3108
f 1512//3109 1561//3109 1471//3109
f 1532//3110 1559//3110 1512//3110
f 1513//3111 1563//3111 1599//3111
f 1514//3112 1564//3112 1562//3112
f 1600//3113 1563//3113 1562//3113
f 1600//3114 1562//3114 1601//3114
f 1513//3115 1599//3115 1515//3115
f 1515//3116 1602//3116 1564//3116
f 1402//3117 1603//3117 1565//3117
f 1517//3118 1516//3118 1565//3118
f 1566//3119 1517//3119 1565//3119
f 1566//3120 1604//3120 1401//3120
f 1331//3121 1567//3121 1571//3121
f 1567//3122 1401//3122 1605//3122
f 1519//3123 1606//3123 1529//3123
f 1194//3124 1569//3124 1528//3124
f 1519//3125 1528//3125 1572//3125
f 1522//3126 1524//3126 1520//3126
f 1520//3127 1568//3127 1522//3127
f 1194//3128 1568//3128 1521//3128
f 1194//3129 1521//3129 1569//3129
f 1402//3130 1570//3130 1607//3130
f 1332//3131 1526//3131 1570//3131
f 1332//3132 1523//3132 1526//3132
f 1570//3133 1525//3133 1571//3133
f 1608//3134 1527//3134 1529//3134
f 1572//3135 1527//3135 1608//3135
f 1574//3136 1530//3136 1573//3136
f 1574//3137 1531//3137 1530//3137
f 1574//3138 1609//3138 1197//3138
f 1559//3139 1532//3139 1560//3139
f 1575//3140 1471//3140 1598//3140
f 1533//3141 1575//3141 1597//3141
f 1574//3142 1573//3142 1533//3142
f 1551//3143 1576//3143 1535//3143
f 1577//3144 1349//3144 1576//3144
f 1610//3145 1611//3145 1475//3145
f 1610//3146 1475//3146 1577//3146
f 1578//3147 1475//3147 1611//3147
f 1536//3148 1578//3148 1591//3148
f 1579//3149 1536//3149 1550//3149
f 1476//3150 1579//3150 1581//3150
f 1579//3151 1549//3151 1580//3151
f 1581//3152 1579//3152 1580//3152
f 1582//3153 1484//3153 1612//3153
f 1582//3154 1613//3154 1538//3154
f 1538//3155 1614//3155 1583//3155
f 1484//3156 1539//3156 1583//3156
f 1540//3157 1545//3157 1584//3157
f 1424//3158 1584//3158 1615//3158
f 1488//3159 1499//3159 1588//3159
f 1585//3160 1424//3160 1615//3160
f 1586//3161 1542//3161 1585//3161
f 1587//3162 1586//3162 1593//3162
f 1489//3163 1588//3163 1499//3163
f 1499//3164 1594//3164 1543//3164
f 1594//3165 1544//3165 1543//3165
f 1492//3166 1616//3166 1589//3166
f 1584//3167 1545//3167 1589//3167
f 1590//3168 1613//3168 1546//3168
f 1493//3169 1617//3169 1590//3169
f 1546//3170 1618//3170 1547//3170
f 1538//3171 1548//3171 1547//3171
f 1617//3172 1493//3172 1548//3172
f 1619//3173 1492//3173 1591//3173
f 1592//3174 1576//3174 1551//3174
f 1593//3175 1586//3175 1552//3175
f 1435//3176 1587//3176 1593//3176
f 1552//3177 1585//3177 1592//3177
f 1554//3178 1595//3178 1506//3178
f 1556//3179 1557//3179 1596//3179
f 1555//3180 1595//3180 1558//3180
f 1558//3181 1595//3181 1554//3181
f 1558//3182 1554//3182 1596//3182
f 1620//3183 1561//3183 1597//3183
f 1597//3184 1197//3184 1609//3184
f 1561//3185 1621//3185 1598//3185
f 1563//3186 1622//3186 1599//3186
f 1562//3187 1564//3187 1602//3187
f 1621//3188 1600//3188 1601//3188
f 1563//3189 1600//3189 1622//3189
f 1601//3190 1562//3190 1602//3190
f 1515//3191 1599//3191 1602//3191
f 1402//3192 1623//3192 1603//3192
f 1604//3193 1565//3193 1603//3193
f 1604//3194 1566//3194 1565//3194
f 1624//3195 1401//3195 1604//3195
f 1571//3196 1567//3196 1625//3196
f 1605//3197 1401//3197 1624//3197
f 1626//3198 1567//3198 1605//3198
f 1606//3199 1627//3199 1529//3199
f 1606//3200 1519//3200 1628//3200
f 1519//3201 1572//3201 1628//3201
f 1402//3202 1607//3202 1629//3202
f 1607//3203 1570//3203 1571//3203
f 1608//3204 1529//3204 1627//3204
f 1628//3205 1572//3205 1608//3205
f 1609//3206 1574//3206 1533//3206
f 1598//3207 1630//3207 1575//3207
f 1597//3208 1575//3208 1631//3208
f 1533//3209 1597//3209 1609//3209
f 1577//3210 1576//3210 1632//3210
f 1610//3211 1578//3211 1611//3211
f 1610//3212 1577//3212 1632//3212
f 1619//3213 1591//3213 1578//3213
f 1612//3214 1484//3214 1583//3214
f 1612//3215 1613//3215 1582//3215
f 1613//3216 1617//3216 1538//3216
f 1538//3217 1547//3217 1614//3217
f 1612//3218 1583//3218 1614//3218
f 1616//3219 1615//3219 1584//3219
f 1585//3220 1615//3220 1616//3220
f 1552//3221 1586//3221 1585//3221
f 1492//3222 1632//3222 1616//3222
f 1589//3223 1616//3223 1584//3223
f 1613//3224 1618//3224 1546//3224
f 1613//3225 1590//3225 1617//3225
f 1618//3226 1612//3226 1547//3226
f 1548//3227 1538//3227 1617//3227
f 1632//3228 1492//3228 1619//3228
f 1592//3229 1632//3229 1576//3229
f 1585//3230 1632//3230 1592//3230
f 1620//3231 1597//3231 1631//3231
f 1561//3232 1620//3232 1621//3232
f 1598//3233 1621//3233 1630//3233
f 1633//3234 1599//3234 1622//3234
f 1621//3235 1620//3235 1600//3235
f 1621//3236 1601//3236 1633//3236
f 1600//3237 1631//3237 1622//3237
f 1601//3238 1602//3238 1633//3238
f 1633//3239 1602//3239 1599//3239
f 1402//3240 1634//3240 1623//3240
f 1603//3241 1623//3241 1624//3241
f 1603//3242 1624//3242 1604//3242
f 1626//3243 1625//3243 1567//3243
f 1571//3244 1625//3244 1635//3244
f 1623//3245 1605//3245 1624//3245
f 1634//3246 1626//3246 1605//3246
f 1606//3247 1636//3247 1627//3247
f 1606//3248 1628//3248 1637//3248
f 1636//3249 1606//3249 1637//3249
f 1629//3250 1607//3250 1638//3250
f 1402//3251 1629//3251 1626//3251
f 1607//3252 1571//3252 1639//3252
f 1608//3253 1627//3253 1640//3253
f 1628//3254 1608//3254 1641//3254
f 1631//3255 1575//3255 1630//3255
f 1610//3256 1619//3256 1578//3256
f 1619//3257 1610//3257 1632//3257
f 1618//3258 1613//3258 1612//3258
f 1612//3259 1614//3259 1547//3259
f 1585//3260 1616//3260 1632//3260
f 1600//3261 1620//3261 1631//3261
f 1621//3262 1633//3262 1630//3262
f 1622//3263 1630//3263 1633//3263
f 1631//3264 1630//3264 1622//3264
f 1402//3265 1626//3265 1634//3265
f 1623//3266 1634//3266 1605//3266
f 1626//3267 1629//3267 1625//3267
f 1635//3268 1625//3268 1642//3268
f 1571//3269 1635//3269 1639//3269
f 1636//3270 1640//3270 1627//3270
f 1643//3271 1636//3271 1637//3271
f 1637//3272 1628//3272 1641//3272
f 1638//3273 1642//3273 1629//3273
f 1638//3274 1607//3274 1639//3274
f 1641//3275 1608//3275 1640//3275
f 1625//3276 1629//3276 1642//3276
f 1644//3277 1635//3277 1642//3277
f 1639//3278 1635//3278 1644//3278
f 1636//3279 1643//3279 1640//3279
f 1643//3280 1637//3280 1645//3280
f 1637//3281 1641//3281 1646//3281
f 1638//3282 1647//3282 1642//3282
f 1638//3283 1639//3283 1648//3283
f 1640//3284 1646//3284 1641//3284
f 1644//3285 1642//3285 1649//3285
f 1639//3286 1644//3286 1648//3286
f 1643//3287 1650//3287 1640//3287
f 1645//3288 1648//3288 1643//3288
f 1645//3289 1637//3289 1646//3289
f 1647//3290 1649//3290 1642//3290
f 1647//3291 1638//3291 1648//3291
f 1640//3292 1650//3292 1646//3292
f 1644//3293 1649//3293 1646//3293
f 1650//3294 1644//3294 1646//3294
f 1648//3295 1644//3295 1650//3295
f 1648//3296 1650//3296 1643//3296
f 1645//3297 1647//3297 1648//3297
f 1645//3298 1646//3298 1649//3298
f 1647//3299 1645//3299 1649//3299
f 72//3300 74//3300 122//3300
f 61//3301 70//3301 58//3301
f 79//3302 55//3302 77//3302
f 51//3303 72//3303 122//3303
f 65//3304 70//3304 61//3304
f 56//3305 55//3305 79//3305
f 81//3306 56//3306 79//3306
f 52//3307 51//3307 122//3307
f 64//3308 70//3308 65//3308
f 115//3309 56//3309 81//3309
f 83//3310 115//3310 81//3310
f 125//3311 52//3311 122//3311
f 98//3312 70//3312 64//3312
f 114//3313 115//3313 83//3313
f 84//3314 114//3314 83//3314
f 123//3315 125//3315 122//3315
f 100//3316 70//3316 98//3316
f 110//3317 114//3317 84//3317
f 86//3318 110//3318 84//3318
f 105//3319 110//3319 86//3319
f 90//3320 105//3320 86//3320
f 121//3321 93//3321 118//3321
f 121//3322 118//3322 123//3322
f 121//3323 123//3323 122//3323
f 68//3324 100//3324 101//3324
f 68//3325 101//3325 102//3325
f 68//3326 102//3326 108//3326
f 68//3327 108//3327 106//3327
f 68//3328 70//3328 100//3328
f 70//3329 122//3329 74//3329
f 70//3330 74//3330 77//3330
f 70//3331 77//3331 58//3331
f 58//3332 77//3332 55//3332
f 121//3333 68//3333 93//3333
f 68//3334 105//3334 90//3334
f 67//3335 66//3335 63//3335
f 67//3336 63//3336 60//3336
f 59//3337 67//3337 60//3337
f 87//3338 67//3338 59//3338
f 87//3339 59//3339 76//3339
f 35//3340 116//3340 36//3340
f 35//3341 44//3341 116//3341
f 20//3342 23//3342 268//3342
f 25//3343 268//3343 23//3343
f 26//3344 268//3344 25//3344
f 21//3345 20//3345 268//3345
f 303//3346 268//3346 26//3346
f 236//3347 303//3347 306//3347
f 236//3348 268//3348 303//3348
f 307//3349 236//3349 306//3349
f 308//3350 236//3350 307//3350
f 326//3351 236//3351 308//3351
f 370//3352 12//3352 14//3352
f 368//3353 14//3353 17//3353
f 368//3354 370//3354 14//3354
f 372//3355 1//3355 12//3355
f 372//3356 12//3356 370//3356
f 6//3357 2//3357 1//3357
f 6//3358 1//3358 372//3358
f 28//3359 368//3359 17//3359
f 5//3360 361//3360 2//3360
f 5//3361 2//3361 6//3361
f 9//3362 326//3362 361//3362
f 9//3363 361//3363 5//3363
f 10//3364 326//3364 9//3364
f 281//3365 335//3365 336//3365
f 281//3366 336//3366 338//3366
f 281//3367 338//3367 362//3367
f 281//3368 362//3368 365//3368
f 281//3369 365//3369 28//3369
f 281//3370 28//3370 268//3370
f 260//3371 335//3371 281//3371
f 260//3372 327//3372 335//3372
f 260//3373 10//3373 30//3373
f 260//3374 30//3374 33//3374
f 260//3375 33//3375 327//3375
f 260//3376 236//3376 326//3376
f 260//3377 326//3377 10//3377
f 28//3378 21//3378 268//3378
f 27//3379 29//3379 24//3379
f 255//3380 29//3380 27//3380
f 398//3381 397//3381 589//3381
f 293//3382 397//3382 398//3382
f 1651//3383 1652//3383 1653//3383
f 1653//3384 1652//3384 1654//3384
f 1655//3385 1656//3385 1657//3385
f 1656//3386 1658//3386 1657//3386
f 1656//3387 1659//3387 1658//3387
f 1660//3388 1659//3388 1656//3388
f 1660//3389 1656//3389 1661//3389
f 1662//3390 1656//3390 1663//3390
f 1663//3391 1664//3391 1662//3391
f 1664//3392 1663//3392 1652//3392
f 1665//3393 1666//3393 1667//3393
f 1665//3394 1667//3394 1664//3394
f 1665//3395 1664//3395 1668//3395
f 1664//3396 1652//3396 1668//3396
f 1662//3397 1669//3397 1656//3397
f 1656//3398 1669//3398 1670//3398
f 1670//3399 1671//3399 1656//3399
f 1671//3400 1672//3400 1656//3400
f 1662//3401 1673//3401 1669//3401
f 1662//3402 1674//3402 1673//3402
f 1672//3403 1675//3403 1656//3403
f 1675//3404 1676//3404 1656//3404
f 1662//3405 1660//3405 1674//3405
f 1660//3406 1662//3406 1677//3406
f 1660//3407 1677//3407 1678//3407
f 1674//3408 1660//3408 1679//3408
f 1676//3409 1680//3409 1656//3409
f 1661//3410 1656//3410 1680//3410
f 1679//3411 1660//3411 1681//3411
f 1681//3412 1660//3412 1682//3412
f 1660//3413 1661//3413 1683//3413
f 1682//3414 1660//3414 1684//3414
f 1660//3415 1685//3415 1684//3415
f 1660//3416 1683//3416 1686//3416
f 1660//3417 1686//3417 1685//3417
f 1687//3418 1652//3418 1663//3418
f 1652//3419 1687//3419 1688//3419
f 1689//3420 1652//3420 1688//3420
f 1690//3421 1652//3421 1689//3421
f 1691//3422 1652//3422 1690//3422
f 1692//3423 1687//3423 1663//3423
f 1693//3424 1652//3424 1691//3424
f 1694//3425 1652//3425 1693//3425
f 1695//3426 1692//3426 1663//3426
f 1696//3427 1695//3427 1663//3427
f 1654//3428 1652//3428 1694//3428
f 1653//3429 1696//3429 1663//3429
f 1697//3430 1653//3430 1663//3430
f 1653//3431 1698//3431 1696//3431
f 1653//3432 1654//3432 1699//3432
f 1653//3433 1699//3433 1700//3433
f 1653//3434 1701//3434 1698//3434
f 1653//3435 1700//3435 1702//3435
f 1653//3436 1702//3436 1701//3436
f 1677//3437 1655//3437 1657//3437
f 1703//3438 1655//3438 1677//3438
f 1678//3439 1657//3439 1658//3439
f 1657//3440 1678//3440 1704//3440
f 1704//3441 1678//3441 1705//3441
f 1678//3442 1706//3442 1707//3442
f 1678//3443 1707//3443 1708//3443
f 1678//3444 1708//3444 1709//3444
f 1678//3445 1709//3445 1705//3445
f 1657//3446 1704//3446 1710//3446
f 1710//3447 1711//3447 1657//3447
f 1712//3448 1657//3448 1713//3448
f 1714//3449 1713//3449 1657//3449
f 1711//3450 1714//3450 1657//3450
f 1678//3451 1715//3451 1706//3451
f 1678//3452 1677//3452 1716//3452
f 1716//3453 1677//3453 1717//3453
f 1717//3454 1677//3454 1718//3454
f 1678//3455 1719//3455 1715//3455
f 1678//3456 1716//3456 1719//3456
f 1697//3457 1651//3457 1653//3457
f 1651//3458 1697//3458 1720//3458
f 1721//3459 1722//3459 1655//3459
f 1722//3460 1723//3460 1655//3460
f 1723//3461 1724//3461 1655//3461
f 1724//3462 1725//3462 1655//3462
f 1666//3463 1726//3463 1703//3463
f 1703//3464 1726//3464 1727//3464
f 1703//3465 1727//3465 1728//3465
f 1727//3466 1726//3466 1729//3466
f 1729//3467 1726//3467 1730//3467
f 1730//3468 1726//3468 1731//3468
f 1703//3469 1728//3469 1732//3469
f 1703//3470 1732//3470 1733//3470
f 1731//3471 1726//3471 1734//3471
f 1734//3472 1726//3472 1735//3472
f 1726//3473 1736//3473 1735//3473
f 1726//3474 1737//3474 1736//3474
f 1726//3475 1738//3475 1737//3475
f 1726//3476 1655//3476 1738//3476
f 1739//3477 1740//3477 1741//3477
f 1742//3478 1739//3478 1741//3478
f 1742//3479 1741//3479 1743//3479
f 1744//3480 1745//3480 1746//3480
f 1746//3481 1745//3481 1747//3481
f 1747//3482 1745//3482 1741//3482
f 1741//3483 1745//3483 1743//3483
f 1742//3484 1743//3484 1745//3484
f 1655//3485 1742//3485 1745//3485
f 1748//3486 1745//3486 1744//3486
f 1742//3487 1749//3487 1739//3487
f 1726//3488 1749//3488 1742//3488
f 1726//3489 1742//3489 1655//3489
f 1738//3490 1655//3490 1725//3490
f 1747//3491 1744//3491 1746//3491
f 1750//3492 1741//3492 1740//3492
f 1748//3493 1744//3493 1747//3493
f 1750//3494 1747//3494 1741//3494
f 1748//3495 1747//3495 1750//3495
f 1720//3496 1748//3496 1750//3496
f 1751//3497 1750//3497 1740//3497
f 1749//3498 1740//3498 1739//3498
f 1751//3499 1740//3499 1749//3499
f 1751//3500 1749//3500 1726//3500
f 1752//3501 1751//3501 1726//3501
f 1753//3502 1751//3502 1752//3502
f 1754//3503 1753//3503 1752//3503
f 1720//3504 1697//3504 1748//3504
f 1753//3505 1754//3505 1720//3505
f 1720//3506 1754//3506 1651//3506
f 1693//3507 1691//3507 1674//3507
f 1693//3508 1674//3508 1679//3508
f 1673//3509 1674//3509 1690//3509
f 1674//3510 1691//3510 1690//3510
f 1732//3511 1716//3511 1717//3511
f 1728//3512 1727//3512 1716//3512
f 1732//3513 1728//3513 1716//3513
f 1670//3514 1690//3514 1689//3514
f 1673//3515 1670//3515 1669//3515
f 1670//3516 1673//3516 1690//3516
f 1672//3517 1671//3517 1687//3517
f 1671//3518 1688//3518 1687//3518
f 1692//3519 1675//3519 1672//3519
f 1687//3520 1692//3520 1672//3520
f 1714//3521 1723//3521 1722//3521
f 1713//3522 1714//3522 1722//3522
f 1711//3523 1724//3523 1723//3523
f 1714//3524 1711//3524 1723//3524
f 1698//3525 1661//3525 1680//3525
f 1696//3526 1698//3526 1680//3526
f 1706//3527 1731//3527 1734//3527
f 1707//3528 1706//3528 1734//3528
f 1694//3529 1681//3529 1682//3529
f 1654//3530 1694//3530 1682//3530
f 1715//3531 1730//3531 1731//3531
f 1706//3532 1715//3532 1731//3532
f 1712//3533 1677//3533 1657//3533
f 1718//3534 1677//3534 1712//3534
f 1656//3535 1745//3535 1663//3535
f 1655//3536 1745//3536 1656//3536
f 1748//3537 1663//3537 1745//3537
f 1697//3538 1663//3538 1748//3538
f 1666//3539 1752//3539 1726//3539
f 1665//3540 1752//3540 1666//3540
f 1667//3541 1677//3541 1662//3541
f 1667//3542 1662//3542 1664//3542
f 1754//3543 1752//3543 1665//3543
f 1668//3544 1754//3544 1665//3544
f 1651//3545 1668//3545 1652//3545
f 1754//3546 1668//3546 1651//3546
f 1703//3547 1677//3547 1667//3547
f 1666//3548 1703//3548 1667//3548
f 1703//3549 1733//3549 1721//3549
f 1703//3550 1721//3550 1655//3550
f 1678//3551 1659//3551 1660//3551
f 1678//3552 1658//3552 1659//3552
f 1750//3553 1751//3553 1753//3553
f 1750//3554 1753//3554 1720//3554
f 1693//3555 1679//3555 1681//3555
f 1694//3556 1693//3556 1681//3556
f 1719//3557 1729//3557 1730//3557
f 1715//3558 1719//3558 1730//3558
f 1719//3559 1716//3559 1727//3559
f 1719//3560 1727//3560 1729//3560
f 1732//3561 1717//3561 1718//3561
f 1733//3562 1732//3562 1718//3562
f 1670//3563 1689//3563 1688//3563
f 1671//3564 1670//3564 1688//3564
f 1733//3565 1718//3565 1712//3565
f 1721//3566 1733//3566 1712//3566
f 1721//3567 1712//3567 1713//3567
f 1722//3568 1721//3568 1713//3568
f 1692//3569 1695//3569 1676//3569
f 1692//3570 1676//3570 1675//3570
f 1695//3571 1696//3571 1680//3571
f 1695//3572 1680//3572 1676//3572
f 1711//3573 1710//3573 1725//3573
f 1711//3574 1725//3574 1724//3574
f 1704//3575 1738//3575 1725//3575
f 1710//3576 1704//3576 1725//3576
f 1683//3577 1661//3577 1698//3577
f 1683//3578 1698//3578 1701//3578
f 1737//3579 1738//3579 1704//3579
f 1737//3580 1704//3580 1705//3580
f 1683//3581 1701//3581 1702//3581
f 1686//3582 1683//3582 1702//3582
f 1736//3583 1737//3583 1705//3583
f 1736//3584 1705//3584 1709//3584
f 1685//3585 1686//3585 1702//3585
f 1685//3586 1702//3586 1700//3586
f 1735//3587 1736//3587 1709//3587
f 1735//3588 1709//3588 1708//3588
f 1684//3589 1700//3589 1699//3589
f 1684//3590 1685//3590 1700//3590
f 1734//3591 1708//3591 1707//3591
f 1734//3592 1735//3592 1708//3592
f 1654//3593 1682//3593 1684//3593
f 1699//3594 1654//3594 1684//3594
f 1755//3595 1756//3595 1757//3595
f 1755//3596 1758//3596 1756//3596
f 1755//3597 1759//3597 1758//3597
f 1755//3598 1760//3598 1759//3598
f 1761//3599 1762//3599 1763//3599
f 1761//3600 1764//3600 1762//3600
f 1765//3601 1764//3601 1761//3601
f 1766//3602 1761//3602 1767//3602
f 1765//3603 1761//3603 1766//3603
f 1765//3604 1766//3604 1768//3604
f 1769//3605 1765//3605 1770//3605
f 1771//3606 1765//3606 1769//3606
f 1771//3607 1769//3607 1772//3607
f 1773//3608 1774//3608 1775//3608
f 1773//3609 1776//3609 1774//3609
f 1773//3610 1777//3610 1776//3610
f 1773//3611 1778//3611 1777//3611
f 1773//3612 1759//3612 1778//3612
f 1779//3613 1759//3613 1773//3613
f 1778//3614 1759//3614 1780//3614
f 1759//3615 1781//3615 1780//3615
f 1759//3616 1760//3616 1771//3616
f 1759//3617 1771//3617 1772//3617
f 1759//3618 1772//3618 1782//3618
f 1782//3619 1772//3619 1783//3619
f 1759//3620 1782//3620 1784//3620
f 1759//3621 1784//3621 1785//3621
f 1759//3622 1785//3622 1781//3622
f 1775//3623 1786//3623 1773//3623
f 1786//3624 1787//3624 1773//3624
f 1770//3625 1765//3625 1788//3625
f 1788//3626 1765//3626 1789//3626
f 1787//3627 1764//3627 1773//3627
f 1764//3628 1787//3628 1790//3628
f 1765//3629 1791//3629 1789//3629
f 1765//3630 1768//3630 1791//3630
f 1790//3631 1792//3631 1764//3631
f 1792//3632 1793//3632 1764//3632
f 1793//3633 1794//3633 1764//3633
f 1794//3634 1795//3634 1764//3634
f 1795//3635 1796//3635 1764//3635
f 1762//3636 1764//3636 1797//3636
f 1796//3637 1797//3637 1764//3637
f 1772//3638 1798//3638 1783//3638
f 1772//3639 1769//3639 1799//3639
f 1772//3640 1799//3640 1800//3640
f 1772//3641 1801//3641 1798//3641
f 1772//3642 1800//3642 1802//3642
f 1802//3643 1800//3643 1803//3643
f 1772//3644 1802//3644 1801//3644
f 1759//3645 1804//3645 1758//3645
f 1759//3646 1805//3646 1804//3646
f 1759//3647 1806//3647 1805//3647
f 1755//3648 1757//3648 1807//3648
f 1755//3649 1807//3649 1808//3649
f 1759//3650 1809//3650 1806//3650
f 1759//3651 1810//3651 1809//3651
f 1755//3652 1808//3652 1811//3652
f 1755//3653 1811//3653 1812//3653
f 1759//3654 1779//3654 1810//3654
f 1810//3655 1779//3655 1813//3655
f 1755//3656 1812//3656 1814//3656
f 1755//3657 1814//3657 1815//3657
f 1815//3658 1814//3658 1816//3658
f 1813//3659 1779//3659 1817//3659
f 1817//3660 1779//3660 1818//3660
f 1819//3661 1755//3661 1815//3661
f 1819//3662 1815//3662 1820//3662
f 1818//3663 1779//3663 1821//3663
f 1821//3664 1779//3664 1822//3664
f 1819//3665 1820//3665 1823//3665
f 1819//3666 1823//3666 1824//3666
f 1822//3667 1779//3667 1819//3667
f 1822//3668 1819//3668 1825//3668
f 1819//3669 1824//3669 1826//3669
f 1826//3670 1827//3670 1819//3670
f 1825//3671 1819//3671 1828//3671
f 1829//3672 1828//3672 1819//3672
f 1827//3673 1830//3673 1819//3673
f 1830//3674 1827//3674 1831//3674
f 1830//3675 1832//3675 1819//3675
f 1833//3676 1829//3676 1819//3676
f 1832//3677 1833//3677 1819//3677
f 1765//3678 1760//3678 1755//3678
f 1765//3679 1771//3679 1760//3679
f 1773//3680 1819//3680 1779//3680
f 1773//3681 1764//3681 1819//3681
f 1801//3682 1809//3682 1798//3682
f 1810//3683 1785//3683 1809//3683
f 1783//3684 1784//3684 1782//3684
f 1809//3685 1785//3685 1784//3685
f 1809//3686 1783//3686 1798//3686
f 1809//3687 1784//3687 1783//3687
f 1801//3688 1806//3688 1809//3688
f 1802//3689 1806//3689 1801//3689
f 1803//3690 1806//3690 1802//3690
f 1803//3691 1804//3691 1805//3691
f 1803//3692 1805//3692 1806//3692
f 1803//3693 1758//3693 1804//3693
f 1800//3694 1758//3694 1803//3694
f 1800//3695 1799//3695 1807//3695
f 1756//3696 1807//3696 1757//3696
f 1800//3697 1756//3697 1758//3697
f 1800//3698 1807//3698 1756//3698
f 1799//3699 1808//3699 1807//3699
f 1811//3700 1770//3700 1788//3700
f 1811//3701 1808//3701 1799//3701
f 1770//3702 1799//3702 1769//3702
f 1799//3703 1770//3703 1811//3703
f 1811//3704 1788//3704 1789//3704
f 1812//3705 1789//3705 1791//3705
f 1812//3706 1811//3706 1789//3706
f 1791//3707 1814//3707 1812//3707
f 1768//3708 1814//3708 1791//3708
f 1767//3709 1816//3709 1766//3709
f 1768//3710 1816//3710 1814//3710
f 1766//3711 1816//3711 1768//3711
f 1763//3712 1820//3712 1815//3712
f 1767//3713 1815//3713 1816//3713
f 1763//3714 1767//3714 1761//3714
f 1763//3715 1815//3715 1767//3715
f 1824//3716 1763//3716 1762//3716
f 1820//3717 1824//3717 1823//3717
f 1820//3718 1763//3718 1824//3718
f 1797//3719 1831//3719 1762//3719
f 1826//3720 1831//3720 1827//3720
f 1824//3721 1762//3721 1826//3721
f 1762//3722 1831//3722 1826//3722
f 1832//3723 1795//3723 1794//3723
f 1830//3724 1796//3724 1832//3724
f 1832//3725 1796//3725 1795//3725
f 1832//3726 1794//3726 1833//3726
f 1833//3727 1794//3727 1793//3727
f 1793//3728 1829//3728 1833//3728
f 1790//3729 1793//3729 1792//3729
f 1793//3730 1790//3730 1829//3730
f 1787//3731 1828//3731 1790//3731
f 1829//3732 1790//3732 1828//3732
f 1825//3733 1828//3733 1787//3733
f 1822//3734 1786//3734 1821//3734
f 1786//3735 1775//3735 1774//3735
f 1821//3736 1786//3736 1774//3736
f 1818//3737 1777//3737 1817//3737
f 1821//3738 1774//3738 1818//3738
f 1818//3739 1776//3739 1777//3739
f 1818//3740 1774//3740 1776//3740
f 1817//3741 1777//3741 1813//3741
f 1813//3742 1777//3742 1778//3742
f 1785//3743 1810//3743 1781//3743
f 1778//3744 1810//3744 1813//3744
f 1781//3745 1810//3745 1780//3745
f 1810//3746 1778//3746 1780//3746
f 1764//3747 1765//3747 1755//3747
f 1819//3748 1764//3748 1755//3748
f 1831//3749 1797//3749 1796//3749
f 1831//3750 1796//3750 1830//3750
f 1822//3751 1825//3751 1787//3751
f 1822//3752 1787//3752 1786//3752
f 1834//3753 1835//3753 1836//3753
f 1834//3754 1837//3754 1835//3754
f 1834//3755 1838//3755 1837//3755
f 1839//3756 1840//3756 1841//3756
f 1839//3757 1841//3757 1842//3757
f 1840//3758 1843//3758 1841//3758
f 1843//3759 1844//3759 1845//3759
f 1840//3760 1844//3760 1843//3760
f 1840//3761 1846//3761 1844//3761
f 1847//3762 1844//3762 1846//3762
f 1844//3763 1838//3763 1834//3763
f 1844//3764 1847//3764 1838//3764
f 1843//3765 1836//3765 1841//3765
f 1842//3766 1848//3766 1839//3766
f 1842//3767 1837//3767 1848//3767
f 1843//3768 1849//3768 1836//3768
f 1843//3769 1845//3769 1849//3769
f 1850//3770 1842//3770 1841//3770
f 1835//3771 1850//3771 1841//3771
f 1847//3772 1846//3772 1848//3772
f 1848//3773 1846//3773 1839//3773
f 1839//3774 1846//3774 1840//3774
f 1834//3775 1836//3775 1849//3775
f 1836//3776 1835//3776 1841//3776
f 1834//3777 1849//3777 1845//3777
f 1834//3778 1845//3778 1844//3778
f 1837//3779 1838//3779 1848//3779
f 1838//3780 1847//3780 1848//3780
f 1837//3781 1842//3781 1850//3781
f 1837//3782 1850//3782 1835//3782
f 1851//3783 1852//3783 1853//3783
f 1851//3784 1854//3784 1852//3784
f 1855//3785 1851//3785 1853//3785
f 1856//3786 1855//3786 1853//3786
f 1857//3787 1853//3787 1852//3787
f 1858//3788 1857//3788 1852//3788
f 1859//3789 1860//3789 1852//3789
f 1852//3790 1860//3790 1858//3790
f 1861//3791 1860//3791 1859//3791
f 1857//3792 1858//3792 1860//3792
f 1857//3793 1856//3793 1853//3793
f 1860//3794 1862//3794 1857//3794
f 1860//3795 1861//3795 1862//3795
f 1859//3796 1852//3796 1854//3796
f 1861//3797 1859//3797 1854//3797
f 1861//3798 1854//3798 1863//3798
f 1863//3799 1856//3799 1861//3799
f 1856//3800 1862//3800 1861//3800
f 1856//3801 1857//3801 1862//3801
f 1856//3802 1863//3802 1855//3802
f 1851//3803 1855//3803 1863//3803
f 1854//3804 1851//3804 1863//3804
f 1864//3805 1865//3805 1866//3805
f 1867//3806 1865//3806 1864//3806
f 1868//3807 1865//3807 1867//3807
f 1869//3808 1865//3808 1868//3808
f 1870//3809 1865//3809 1869//3809
f 1870//3810 1869//3810 1871//3810
f 1870//3811 1872//3811 1865//3811
f 1866//3812 1865//3812 1873//3812
f 1874//3813 1873//3813 1865//3813
f 1874//3814 1865//3814 1875//3814
f 1873//3815 1874//3815 1876//3815
f 1877//3816 1876//3816 1874//3816
f 1878//3817 1873//3817 1876//3817
f 1872//3818 1870//3818 1879//3818
f 1879//3819 1870//3819 1880//3819
f 1877//3820 1874//3820 1881//3820
f 1874//3821 1880//3821 1870//3821
f 1871//3822 1881//3822 1870//3822
f 1874//3823 1870//3823 1881//3823
f 1869//3824 1881//3824 1871//3824
f 1878//3825 1876//3825 1882//3825
f 1864//3826 1883//3826 1867//3826
f 1876//3827 1868//3827 1882//3827
f 1867//3828 1883//3828 1882//3828
f 1867//3829 1882//3829 1868//3829
f 1877//3830 1881//3830 1869//3830
f 1876//3831 1869//3831 1868//3831
f 1877//3832 1869//3832 1876//3832
f 1878//3833 1882//3833 1873//3833
f 1864//3834 1866//3834 1883//3834
f 1866//3835 1873//3835 1882//3835
f 1883//3836 1866//3836 1882//3836
f 1875//3837 1880//3837 1874//3837
f 1879//3838 1880//3838 1875//3838
f 1875//3839 1865//3839 1872//3839
f 1875//3840 1872//3840 1879//3840
f 1884//3841 1885//3841 1886//3841
f 1887//3842 1885//3842 1884//3842
f 1888//3843 1889//3843 1890//3843
f 1887//3844 1889//3844 1888//3844
f 1891//3845 1892//3845 1893//3845
f 1891//3846 1894//3846 1892//3846
f 1891//3847 1895//3847 1894//3847
f 1896//3848 1897//3848 1898//3848
f 1898//3849 1897//3849 1895//3849
f 1896//3850 1898//3850 1891//3850
f 1891//3851 1898//3851 1895//3851
f 1888//3852 1895//3852 1899//3852
f 1895//3853 1888//3853 1900//3853
f 1894//3854 1895//3854 1900//3854
f 1894//3855 1900//3855 1901//3855
f 1897//3856 1896//3856 1887//3856
f 1895//3857 1897//3857 1887//3857
f 1899//3858 1895//3858 1887//3858
f 1887//3859 1888//3859 1899//3859
f 1896//3860 1891//3860 1893//3860
f 1902//3861 1896//3861 1893//3861
f 1887//3862 1884//3862 1889//3862
f 1903//3863 1896//3863 1902//3863
f 1885//3864 1896//3864 1903//3864
f 1887//3865 1896//3865 1885//3865
f 1900//3866 1888//3866 1890//3866
f 1889//3867 1900//3867 1890//3867
f 1902//3868 1893//3868 1892//3868
f 1885//3869 1892//3869 1894//3869
f 1902//3870 1885//3870 1903//3870
f 1892//3871 1885//3871 1902//3871
f 1894//3872 1901//3872 1885//3872
f 1889//3873 1901//3873 1900//3873
f 1886//3874 1889//3874 1884//3874
f 1885//3875 1901//3875 1886//3875
f 1889//3876 1886//3876 1901//3876
f 1904//3877 1905//3877 1906//3877
f 1906//3878 1905//3878 1907//3878
f 1904//3879 1906//3879 1908//3879
f 1906//3880 1907//3880 1909//3880
f 1909//3881 1907//3881 1910//3881
f 1906//3882 1909//3882 1911//3882
f 1908//3883 1906//3883 1911//3883
f 1908//3884 1911//3884 1912//3884
f 1913//3885 1904//3885 1908//3885
f 1908//3886 1912//3886 1913//3886
f 1914//3887 1915//3887 1913//3887
f 1912//3888 1914//3888 1913//3888
f 1907//3889 1905//3889 1913//3889
f 1913//3890 1905//3890 1904//3890
f 1915//3891 1911//3891 1909//3891
f 1910//3892 1915//3892 1909//3892
f 1912//3893 1915//3893 1914//3893
f 1912//3894 1911//3894 1915//3894
f 1915//3895 1907//3895 1913//3895
f 1910//3896 1907//3896 1915//3896
f 1916//3897 1917//3897 1918//3897
f 1916//3898 1918//3898 1919//3898
f 1919//3899 1920//3899 1916//3899
f 1921//3900 1920//3900 1919//3900
f 1921//3901 1919//3901 1922//3901
f 1921//3902 1922//3902 1923//3902
f 1921//3903 1924//3903 1920//3903
f 1917//3904 1923//3904 1918//3904
f 1921//3905 1923//3905 1924//3905
f 1924//3906 1923//3906 1917//3906
f 1918//3907 1923//3907 1925//3907
f 1925//3908 1919//3908 1918//3908
f 1926//3909 1919//3909 1925//3909
f 1922//3910 1919//3910 1926//3910
f 1916//3911 1920//3911 1924//3911
f 1924//3912 1917//3912 1916//3912
f 1926//3913 1925//3913 1923//3913
f 1922//3914 1926//3914 1923//3914
f 1927//3915 1928//3915 1929//3915
f 1927//3916 1929//3916 1930//3916
f 1927//3917 1930//3917 1931//3917
f 1932//3918 1927//3918 1931//3918
f 1928//3919 1933//3919 1929//3919
f 1934//3920 1933//3920 1928//3920
f 1935//3921 1933//3921 1934//3921
f 1935//3922 1936//3922 1937//3922
f 1935//3923 1934//3923 1936//3923
f 1938//3924 1939//3924 1940//3924
f 1935//3925 1939//3925 1938//3925
f 1935//3926 1938//3926 1933//3926
f 1939//3927 1941//3927 1940//3927
f 1935//3928 1937//3928 1939//3928
f 1942//3929 1927//3929 1932//3929
f 1939//3930 1937//3930 1942//3930
f 1942//3931 1932//3931 1941//3931
f 1942//3932 1941//3932 1939//3932
f 1934//3933 1928//3933 1942//3933
f 1928//3934 1927//3934 1942//3934
f 1942//3935 1937//3935 1934//3935
f 1937//3936 1936//3936 1934//3936
f 1929//3937 1933//3937 1930//3937
f 1941//3938 1931//3938 1940//3938
f 1933//3939 1931//3939 1930//3939
f 1940//3940 1933//3940 1938//3940
f 1940//3941 1931//3941 1933//3941
f 1931//3942 1941//3942 1932//3942
f 1943//3943 1944//3943 1945//3943
f 1945//3944 1946//3944 1947//3944
f 1945//3945 1944//3945 1946//3945
f 1948//3946 1949//3946 1950//3946
f 1949//3947 1948//3947 1944//3947
f 1944//3948 1948//3948 1951//3948
f 1944//3949 1951//3949 1946//3949
f 1952//3950 1949//3950 1944//3950
f 1952//3951 1944//3951 1953//3951
f 1954//3952 1952//3952 1955//3952
f 1952//3953 1945//3953 1955//3953
f 1952//3954 1956//3954 1945//3954
f 1947//3955 1955//3955 1945//3955
f 1952//3956 1954//3956 1949//3956
f 1946//3957 1955//3957 1947//3957
f 1955//3958 1946//3958 1951//3958
f 1954//3959 1951//3959 1949//3959
f 1955//3960 1951//3960 1954//3960
f 1948//3961 1950//3961 1951//3961
f 1950//3962 1949//3962 1951//3962
f 1953//3963 1957//3963 1956//3963
f 1953//3964 1956//3964 1952//3964
f 1944//3965 1943//3965 1957//3965
f 1953//3966 1944//3966 1957//3966
f 1945//3967 1957//3967 1943//3967
f 1945//3968 1956//3968 1957//3968
f 1958//3969 1959//3969 1960//3969
f 1960//3970 1959//3970 1961//3970
f 1959//3971 1962//3971 1961//3971
f 1963//3972 1964//3972 1961//3972
f 1962//3973 1963//3973 1961//3973
f 1962//3974 1965//3974 1963//3974
f 1962//3975 1966//3975 1965//3975
f 1962//3976 1967//3976 1966//3976
f 1964//3977 1967//3977 1961//3977
f 1966//3978 1967//3978 1964//3978
f 1958//3979 1967//3979 1962//3979
f 1958//3980 1962//3980 1959//3980
f 1968//3981 1964//3981 1963//3981
f 1964//3982 1968//3982 1966//3982
f 1966//3983 1968//3983 1965//3983
f 1965//3984 1968//3984 1963//3984
f 1967//3985 1960//3985 1961//3985
f 1967//3986 1958//3986 1960//3986
f 1969//3987 1970//3987 1971//3987
f 1971//3988 1970//3988 1972//3988
f 1973//3989 1971//3989 1972//3989
f 1969//3990 1974//3990 1970//3990
f 1969//3991 1975//3991 1974//3991
f 1972//3992 1970//3992 1974//3992
f 1972//3993 1974//3993 1975//3993
f 1972//3994 1975//3994 1973//3994
f 1969//3995 1971//3995 1975//3995
f 1975//3996 1971//3996 1973//3996
f 1976//3997 1977//3997 1978//3997
f 1978//3998 1977//3998 1979//3998
f 1978//3999 1979//3999 1980//3999
f 1976//4000 1978//4000 1980//4000
f 1976//4001 1980//4001 1981//4001
f 1977//4002 1982//4002 1979//4002
f 1979//4003 1982//4003 1981//4003
f 1979//4004 1981//4004 1980//4004
f 1976//4005 1981//4005 1977//4005
f 1981//4006 1982//4006 1977//4006
f 1983//4007 1984//4007 1985//4007
f 1986//4008 1984//4008 1983//4008
f 1986//4009 1983//4009 1987//4009
f 1986//4010 1987//4010 1988//4010
f 1985//4011 1989//4011 1983//4011
f 1985//4012 1988//4012 1989//4012
f 1987//4013 1983//4013 1989//4013
f 1987//4014 1989//4014 1988//4014
f 1984//4015 1988//4015 1985//4015
f 1988//4016 1984//4016 1986//4016
f 1990//4017 1991//4017 1992//4017
f 1990//4018 1993//4018 1991//4018
f 1994//4019 1993//4019 1990//4019
f 1995//4020 1992//4020 1991//4020
f 1996//4021 1992//4021 1995//4021
f 1996//4022 1997//4022 1998//4022
f 1996//4023 1999//4023 1997//4023
f 1998//4024 1997//4024 1994//4024
f 1999//4025 1996//4025 1995//4025
f 1996//4026 2000//4026 1992//4026
f 1999//4027 1995//4027 1997//4027
f 1995//4028 2001//4028 1997//4028
f 1993//4029 2001//4029 1995//4029
f 1993//4030 1995//4030 1991//4030
f 1992//4031 1994//4031 1990//4031
f 1992//4032 2000//4032 1994//4032
f 1994//4033 1997//4033 2001//4033
f 1993//4034 1994//4034 2001//4034
f 1998//4035 2000//4035 1996//4035
f 1998//4036 1994//4036 2000//4036
f 2002//4037 2003//4037 2004//4037
f 2002//4038 2004//4038 2005//4038
f 2003//4039 2006//4039 2004//4039
f 2007//4040 2006//4040 2003//4040
f 2008//4041 2009//4041 2007//4041
f 2008//4042 2007//4042 2003//4042
f 2007//4043 2010//4043 2006//4043
f 2007//4044 2011//4044 2010//4044
f 2012//4045 2010//4045 2011//4045
f 2012//4046 2011//4046 2013//4046
f 2011//4047 2007//4047 2009//4047
f 2002//4048 2005//4048 2009//4048
f 2013//4049 2011//4049 2009//4049
f 2005//4050 2013//4050 2009//4050
f 2005//4051 2004//4051 2006//4051
f 2005//4052 2006//4052 2013//4052
f 2010//4053 2012//4053 2013//4053
f 2010//4054 2013//4054 2006//4054
f 2009//4055 2003//4055 2002//4055
f 2008//4056 2003//4056 2009//4056
f 2014//4057 2015//4057 2016//4057
f 2017//4058 2016//4058 2015//4058
f 2018//4059 2016//4059 2017//4059
f 2018//4060 2017//4060 2019//4060
f 2020//4061 2016//4061 2018//4061
f 2018//4062 2021//4062 2020//4062
f 2016//4063 2020//4063 2021//4063
f 2022//4064 2016//4064 2021//4064
f 2018//4065 2022//4065 2021//4065
f 2018//4066 2019//4066 2023//4066
f 2018//4067 2023//4067 2022//4067
f 2023//4068 2024//4068 2022//4068
f 2017//4069 2025//4069 2019//4069
f 2019//4070 2025//4070 2023//4070
f 2025//4071 2017//4071 2014//4071
f 2017//4072 2015//4072 2014//4072
f 2014//4073 2023//4073 2025//4073
f 2024//4074 2023//4074 2014//4074
f 2022//4075 2024//4075 2014//4075
f 2022//4076 2014//4076 2016//4076
f 2026//4077 2027//4077 2028//4077
f 2026//4078 2028//4078 2029//4078
f 2027//4079 2030//4079 2028//4079
f 2031//4080 2030//4080 2027//4080
f 2032//4081 2031//4081 2033//4081
f 2033//4082 2031//4082 2027//4082
f 2031//4083 2034//4083 2030//4083
f 2031//4084 2035//4084 2034//4084
f 2036//4085 2034//4085 2035//4085
f 2036//4086 2035//4086 2037//4086
f 2035//4087 2031//4087 2032//4087
f 2026//4088 2029//4088 2032//4088
f 2037//4089 2035//4089 2032//4089
f 2029//4090 2037//4090 2032//4090
f 2029//4091 2028//4091 2037//4091
f 2037//4092 2028//4092 2030//4092
f 2034//4093 2036//4093 2037//4093
f 2030//4094 2034//4094 2037//4094
f 2026//4095 2032//4095 2033//4095
f 2027//4096 2026//4096 2033//4096
f 2038//4097 2039//4097 2040//4097
f 2041//4098 2039//4098 2038//4098
f 2042//4099 2041//4099 2038//4099
f 2038//4100 2043//4100 2042//4100
f 2040//4101 2044//4101 2038//4101
f 2038//4102 2045//4102 2043//4102
f 2038//4103 2044//4103 2045//4103
f 2046//4104 2047//4104 2044//4104
f 2048//4105 2046//4105 2044//4105
f 2044//4106 2047//4106 2045//4106
f 2044//4107 2049//4107 2048//4107
f 2044//4108 2040//4108 2039//4108
f 2049//4109 2039//4109 2041//4109
f 2044//4110 2039//4110 2049//4110
f 2043//4111 2041//4111 2042//4111
f 2049//4112 2041//4112 2043//4112
f 2049//4113 2046//4113 2048//4113
f 2043//4114 2045//4114 2049//4114
f 2047//4115 2046//4115 2045//4115
f 2049//4116 2045//4116 2046//4116
f 2050//4117 2051//4117 2052//4117
f 2051//4118 2050//4118 2053//4118
f 2050//4119 2054//4119 2053//4119
f 2053//4120 2054//4120 2055//4120
f 2055//4121 2054//4121 2056//4121
f 2054//4122 2057//4122 2056//4122
f 2058//4123 2056//4123 2057//4123
f 2057//4124 2054//4124 2052//4124
f 2054//4125 2050//4125 2052//4125
f 2057//4126 2059//4126 2058//4126
f 2055//4127 2051//4127 2053//4127
f 2059//4128 2051//4128 2055//4128
f 2055//4129 2056//4129 2059//4129
f 2058//4130 2059//4130 2056//4130
f 2059//4131 2052//4131 2051//4131
f 2057//4132 2052//4132 2059//4132
f 2060//4133 2061//4133 2062//4133
f 2062//4134 2061//4134 2063//4134
f 2060//4135 2064//4135 2061//4135
f 2065//4136 2064//4136 2060//4136
f 2066//4137 2065//4137 2060//4137
f 2065//4138 2066//4138 2067//4138
f 2065//4139 2068//4139 2064//4139
f 2065//4140 2069//4140 2068//4140
f 2065//4141 2067//4141 2062//4141
f 2069//4142 2062//4142 2063//4142
f 2065//4143 2062//4143 2069//4143
f 2064//4144 2068//4144 2069//4144
f 2069//4145 2063//4145 2061//4145
f 2069//4146 2061//4146 2064//4146
f 2060//4147 2062//4147 2067//4147
f 2060//4148 2067//4148 2066//4148
f 2070//4149 2071//4149 2072//4149
f 2072//4150 2073//4150 2070//4150
f 2072//4151 2074//4151 2073//4151
f 2075//4152 2076//4152 2077//4152
f 2078//4153 2075//4153 2077//4153
f 2077//4154 2074//4154 2078//4154
f 2072//4155 2078//4155 2074//4155
f 2075//4156 2072//4156 2071//4156
f 2078//4157 2072//4157 2075//4157
f 2079//4158 2076//4158 2075//4158
f 2070//4159 2075//4159 2071//4159
f 2070//4160 2073//4160 2079//4160
f 2070//4161 2079//4161 2075//4161
f 2074//4162 2077//4162 2073//4162
f 2077//4163 2079//4163 2073//4163
f 2076//4164 2079//4164 2077//4164
f 2080//4165 2081//4165 2082//4165
f 2081//4166 2083//4166 2082//4166
f 2083//4167 2081//4167 2084//4167
f 2085//4168 2083//4168 2084//4168
f 2080//4169 2084//4169 2081//4169
f 2080//4170 2086//4170 2084//4170
f 2087//4171 2086//4171 2080//4171
f 2082//4172 2087//4172 2080//4172
f 2084//4173 2086//4173 2087//4173
f 2084//4174 2087//4174 2085//4174
f 2087//4175 2082//4175 2083//4175
f 2087//4176 2083//4176 2085//4176
f 2088//4177 2089//4177 2090//4177
f 2088//4178 2090//4178 2091//4178
f 2092//4179 2089//4179 2088//4179
f 2092//4180 2093//4180 2089//4180
f 2094//4181 2092//4181 2095//4181
f 2093//4182 2092//4182 2094//4182
f 2094//4183 2089//4183 2093//4183
f 2094//4184 2090//4184 2089//4184
f 2090//4185 2095//4185 2091//4185
f 2094//4186 2095//4186 2090//4186
f 2088//4187 2095//4187 2092//4187
f 2091//4188 2095//4188 2088//4188
f 2096//4189 2097//4189 2098//4189
f 2096//4190 2098//4190 2099//4190
f 2096//4191 2100//4191 2097//4191
f 2101//4192 2100//4192 2096//4192
f 2102//4193 2101//4193 2103//4193
f 2100//4194 2101//4194 2102//4194
f 2102//4195 2103//4195 2098//4195
f 2098//4196 2103//4196 2099//4196
f 2102//4197 2097//4197 2100//4197
f 2102//4198 2098//4198 2097//4198
f 2103//4199 2101//4199 2096//4199
f 2099//4200 2103//4200 2096//4200
f 2104//4201 2105//4201 2106//4201
f 2106//4202 2105//4202 2107//4202
f 2108//4203 2106//4203 2107//4203
f 2108//4204 2109//4204 2106//4204
f 2110//4205 2109//4205 2108//4205
f 2110//4206 2111//4206 2109//4206
f 2111//4207 2105//4207 2104//4207
f 2111//4208 2110//4208 2105//4208
f 2108//4209 2107//4209 2105//4209
f 2108//4210 2105//4210 2110//4210
f 2106//4211 2109//4211 2111//4211
f 2106//4212 2111//4212 2104//4212
f 2112//4213 2113//4213 2114//4213
f 2115//4214 2112//4214 2114//4214
f 2116//4215 2113//4215 2112//4215
f 2116//4216 2112//4216 2117//4216
f 2117//4217 2118//4217 2119//4217
f 2117//4218 2119//4218 2116//4218
f 2117//4219 2112//4219 2115//4219
f 2117//4220 2115//4220 2118//4220
f 2119//4221 2118//4221 2115//4221
f 2114//4222 2119//4222 2115//4222
f 2114//4223 2116//4223 2119//4223
f 2113//4224 2116//4224 2114//4224
f 2120//4225 2121//4225 2122//4225
f 2120//4226 2123//4226 2121//4226
f 2124//4227 2120//4227 2122//4227
f 2124//4228 2125//4228 2120//4228
f 2124//4229 2126//4229 2125//4229
f 2126//4230 2124//4230 2127//4230
f 2126//4231 2127//4231 2125//4231
f 2127//4232 2121//4232 2123//4232
f 2127//4233 2123//4233 2125//4233
f 2125//4234 2123//4234 2120//4234
f 2121//4235 2124//4235 2122//4235
f 2121//4236 2127//4236 2124//4236
f 2128//4237 2129//4237 2130//4237
f 2128//4238 2131//4238 2129//4238
f 2128//4239 2132//4239 2131//4239
f 2133//4240 2130//4240 2129//4240
f 2133//4241 2129//4241 2134//4241
f 2129//4242 2131//4242 2134//4242
f 2130//4243 2133//4243 2128//4243
f 2134//4244 2131//4244 2132//4244
f 2134//4245 2128//4245 2133//4245
f 2134//4246 2132//4246 2128//4246
f 188//4247 2135//4247 168//4247
f 2136//4248 2135//4248 188//4248
f 2136//4249 2137//4249 2135//4249
f 2137//4250 2136//4250 2138//4250
f 168//4251 2135//4251 2137//4251
f 168//4252 2137//4252 2138//4252
f 168//4253 2138//4253 188//4253
f 2138//4254 2136//4254 188//4254
f 2139//4255 2140//4255 2141//4255
f 2140//4256 2139//4256 2142//4256
f 2142//4257 2143//4257 2144//4257
f 2139//4258 2143//4258 2142//4258
f 2140//4259 2142//4259 2141//4259
f 2141//4260 2142//4260 2144//4260
f 2143//4261 2139//4261 2141//4261
f 2144//4262 2143//4262 2141//4262
f 2145//4263 2146//4263 2147//4263
f 2147//4264 2148//4264 2145//4264
f 2147//4265 2149//4265 2148//4265
f 2148//4266 2149//4266 2150//4266
f 2145//4267 2148//4267 2150//4267
f 2146//4268 2145//4268 2150//4268
f 2150//4269 2149//4269 2147//4269
f 2150//4270 2147//4270 2146//4270
f 2151//4271 2152//4271 2153//4271
f 2151//4272 2154//4272 2152//4272
f 2152//4273 2154//4273 2155//4273
f 2155//4274 2154//4274 2156//4274
f 2153//4275 2155//4275 2156//4275
f 2152//4276 2155//4276 2153//4276
f 2153//4277 2154//4277 2151//4277
f 2153//4278 2156//4278 2154//4278
f 2157//4279 2158//4279 2159//4279
f 2160//4280 2158//4280 2157//4280
f 2161//4281 2160//4281 2157//4281
f 2160//4282 2161//4282 2162//4282
f 2162//4283 2157//4283 2159//4283
f 2162//4284 2161//4284 2157//4284
f 2159//4285 2158//4285 2160//4285
f 2159//4286 2160//4286 2162//4286
f 2163//4287 2164//4287 2165//4287
f 2166//4288 2164//4288 2163//4288
f 2166//4289 2167//4289 2164//4289
f 2167//4290 2166//4290 2168//4290
f 2167//4291 2165//4291 2164//4291
f 2167//4292 2168//4292 2165//4292
f 2163//4293 2168//4293 2166//4293
f 2165//4294 2168//4294 2163//4294
f 2169//4295 2170//4295 2171//4295
f 2170//4296 2169//4296 2172//4296
f 2172//4297 2173//4297 2174//4297
f 2169//4298 2173//4298 2172//4298
f 2173//4299 2169//4299 2171//4299
f 2174//4300 2173//4300 2171//4300
f 2171//4301 2172//4301 2174//4301
f 2170//4302 2172//4302 2171//4302
f 2175//4303 2176//4303 2177//4303
f 2177//4304 2178//4304 2175//4304
f 2175//4305 2178//4305 2179//4305
f 2180//4306 2179//4306 2178//4306
f 2177//4307 2176//4307 2180//4307
f 2177//4308 2180//4308 2178//4308
f 2176//4309 2175//4309 2179//4309
f 2176//4310 2179//4310 2180//4310
f 2181//4311 2182//4311 2183//4311
f 2184//4312 2182//4312 2181//4312
f 2184//4313 2185//4313 2182//4313
f 2185//4314 2184//4314 2186//4314
f 2183//4315 2186//4315 2184//4315
f 2181//4316 2183//4316 2184//4316
f 2185//4317 2183//4317 2182//4317
f 2186//4318 2183//4318 2185//4318
f 2187//4319 2188//4319 2189//4319
f 2190//4320 2189//4320 2188//4320
f 2191//4321 2192//4321 2190//4321
f 2190//4322 2188//4322 2191//4322
f 2189//4323 2190//4323 2192//4323
f 2189//4324 2192//4324 2187//4324
f 2192//4325 2188//4325 2187//4325
f 2192//4326 2191//4326 2188//4326
f 2193//4327 2194//4327 2195//4327
f 2195//4328 2196//4328 2197//4328
f 2195//4329 2197//4329 2193//4329
f 2198//4330 2197//4330 2196//4330
f 2193//4331 2197//4331 2198//4331
f 2193//4332 2198//4332 2194//4332
f 2198//4333 2195//4333 2194//4333
f 2196//4334 2195//4334 2198//4334
